solid OpenSCAD_Model
  facet normal 0.9238795325113195 0.3826834323650109 0
    outer loop
      vertex 318.3174682452694 49.715 10.556940610501083
      vertex 318.19259271713867 50.016476193621855 0.5999999999999996
      vertex 318.19259271713867 50.016476193621855 10.556940610501083
    endloop
  endfacet
  facet normal 0.7933533402911966 0.6087614290087708 0
    outer loop
      vertex 318.5161165235168 49.45611652351682 10.556940610501083
      vertex 318.3174682452694 49.715 0.5999999999999996
      vertex 318.3174682452694 49.715 10.556940610501083
    endloop
  endfacet
  facet normal 0.9914448613738007 0.13052619222012565 0
    outer loop
      vertex 318.19259271713867 50.016476193621855 10.556940610501083
      vertex 318.15 50.34 0.5999999999999996
      vertex 318.15 50.34 10.556940610501083
    endloop
  endfacet
  facet normal 0.3826834323650852 0.9238795325112886 0
    outer loop
      vertex 318.775 49.25746824526946 10.556940610501083
      vertex 319.07647619362183 49.13259271713867 10.556940610501083
      vertex 318.775 49.25746824526946 0.5999999999999996
    endloop
  endfacet
  facet normal 0.6087614290087475 0.7933533402912145 0
    outer loop
      vertex 318.5161165235168 49.45611652351682 10.556940610501083
      vertex 318.775 49.25746824526946 10.556940610501083
      vertex 318.5161165235168 49.45611652351682 0.5999999999999996
    endloop
  endfacet
  facet normal 0.13052619222006143 0.9914448613738092 0
    outer loop
      vertex 319.07647619362183 49.13259271713867 10.556940610501083
      vertex 319.4 49.09 10.556940610501083
      vertex 319.07647619362183 49.13259271713867 0.5999999999999996
    endloop
  endfacet
  facet normal -0.13052619222006143 0.9914448613738092 0
    outer loop
      vertex 319.4 49.09 10.556940610501083
      vertex 319.7235238063781 49.13259271713867 10.556940610501083
      vertex 319.4 49.09 0.5999999999999996
    endloop
  endfacet
  facet normal 0.9914448613738007 -0.13052619222012565 0
    outer loop
      vertex 318.15 50.34 10.556940610501083
      vertex 318.19259271713867 50.66352380637815 0.5999999999999996
      vertex 318.19259271713867 50.66352380637815 10.556940610501083
    endloop
  endfacet
  facet normal 0.9238795325113195 -0.3826834323650109 0
    outer loop
      vertex 318.19259271713867 50.66352380637815 10.556940610501083
      vertex 318.3174682452694 50.965 0.5999999999999996
      vertex 318.3174682452694 50.965 10.556940610501083
    endloop
  endfacet
  facet normal 0.7933533402911966 -0.6087614290087708 0
    outer loop
      vertex 318.3174682452694 50.965 10.556940610501083
      vertex 318.5161165235168 51.22388347648319 0.5999999999999996
      vertex 318.5161165235168 51.22388347648319 10.556940610501083
    endloop
  endfacet
  facet normal 0.6087614290087475 -0.7933533402912145 0
    outer loop
      vertex 318.5161165235168 51.22388347648319 10.556940610501083
      vertex 318.775 51.42253175473055 0.5999999999999996
      vertex 318.775 51.42253175473055 10.556940610501083
    endloop
  endfacet
  facet normal 0.3826834323650852 -0.9238795325112886 0
    outer loop
      vertex 318.775 51.42253175473055 10.556940610501083
      vertex 319.07647619362183 51.547407282861336 0.5999999999999996
      vertex 319.07647619362183 51.547407282861336 10.556940610501083
    endloop
  endfacet
  facet normal 0.13052619222006143 -0.9914448613738092 0
    outer loop
      vertex 319.07647619362183 51.547407282861336 10.556940610501083
      vertex 319.4 51.59 0.5999999999999996
      vertex 319.4 51.59 10.556940610501083
    endloop
  endfacet
  facet normal -0.13052619222006143 -0.9914448613738092 0
    outer loop
      vertex 319.4 51.59 10.556940610501083
      vertex 319.7235238063781 51.547407282861336 0.5999999999999996
      vertex 319.7235238063781 51.547407282861336 10.556940610501083
    endloop
  endfacet
  facet normal -0.3826834323650852 0.9238795325112886 0
    outer loop
      vertex 319.7235238063781 49.13259271713867 10.556940610501083
      vertex 320.025 49.25746824526946 10.556940610501083
      vertex 319.7235238063781 49.13259271713867 0.5999999999999996
    endloop
  endfacet
  facet normal -0.6087614290087475 0.7933533402912145 0
    outer loop
      vertex 320.025 49.25746824526946 10.556940610501083
      vertex 320.28388347648314 49.45611652351682 10.556940610501083
      vertex 320.025 49.25746824526946 0.5999999999999996
    endloop
  endfacet
  facet normal -0.7933533402911966 0.6087614290087708 0
    outer loop
      vertex 320.28388347648314 49.45611652351682 10.556940610501083
      vertex 320.48253175473053 49.715 10.556940610501083
      vertex 320.28388347648314 49.45611652351682 0.5999999999999996
    endloop
  endfacet
  facet normal -0.9238795325113195 0.3826834323650109 0
    outer loop
      vertex 320.48253175473053 49.715 10.556940610501083
      vertex 320.6074072828613 50.016476193621855 10.556940610501083
      vertex 320.48253175473053 49.715 0.5999999999999996
    endloop
  endfacet
  facet normal -0.9914448613738007 0.13052619222012565 0
    outer loop
      vertex 320.6074072828613 50.016476193621855 10.556940610501083
      vertex 320.65 50.34 10.556940610501083
      vertex 320.6074072828613 50.016476193621855 0.5999999999999996
    endloop
  endfacet
  facet normal -0.9914448613738007 -0.13052619222012565 0
    outer loop
      vertex 320.65 50.34 10.556940610501083
      vertex 320.6074072828613 50.66352380637815 10.556940610501083
      vertex 320.65 50.34 0.5999999999999996
    endloop
  endfacet
  facet normal -0.3826834323650852 -0.9238795325112886 0
    outer loop
      vertex 319.7235238063781 51.547407282861336 10.556940610501083
      vertex 320.025 51.42253175473055 0.5999999999999996
      vertex 320.025 51.42253175473055 10.556940610501083
    endloop
  endfacet
  facet normal -0.7933533402911966 -0.6087614290087708 0
    outer loop
      vertex 320.48253175473053 50.965 10.556940610501083
      vertex 320.28388347648314 51.22388347648319 10.556940610501083
      vertex 320.48253175473053 50.965 0.5999999999999996
    endloop
  endfacet
  facet normal -0.6087614290087475 -0.7933533402912145 0
    outer loop
      vertex 320.28388347648314 51.22388347648319 10.556940610501083
      vertex 320.025 51.42253175473055 10.556940610501083
      vertex 320.28388347648314 51.22388347648319 0.5999999999999996
    endloop
  endfacet
  facet normal -0.9238795325113195 -0.3826834323650109 0
    outer loop
      vertex 320.6074072828613 50.66352380637815 10.556940610501083
      vertex 320.48253175473053 50.965 10.556940610501083
      vertex 320.6074072828613 50.66352380637815 0.5999999999999996
    endloop
  endfacet
  facet normal 0.7933533402911966 0.6087614290087708 0
    outer loop
      vertex 318.5161165235168 49.45611652351682 10.556940610501083
      vertex 318.5161165235168 49.45611652351682 0.5999999999999996
      vertex 318.3174682452694 49.715 0.5999999999999996
    endloop
  endfacet
  facet normal 0.9238795325113195 0.3826834323650109 0
    outer loop
      vertex 318.3174682452694 49.715 10.556940610501083
      vertex 318.3174682452694 49.715 0.5999999999999996
      vertex 318.19259271713867 50.016476193621855 0.5999999999999996
    endloop
  endfacet
  facet normal 0.9914448613738007 0.13052619222012565 0
    outer loop
      vertex 318.19259271713867 50.016476193621855 10.556940610501083
      vertex 318.19259271713867 50.016476193621855 0.5999999999999996
      vertex 318.15 50.34 0.5999999999999996
    endloop
  endfacet
  facet normal 0.9914448613738007 -0.13052619222012565 0
    outer loop
      vertex 318.15 50.34 10.556940610501083
      vertex 318.15 50.34 0.5999999999999996
      vertex 318.19259271713867 50.66352380637815 0.5999999999999996
    endloop
  endfacet
  facet normal 0.6087614290087475 0.7933533402912145 0
    outer loop
      vertex 318.775 49.25746824526946 10.556940610501083
      vertex 318.775 49.25746824526946 0.5999999999999996
      vertex 318.5161165235168 49.45611652351682 0.5999999999999996
    endloop
  endfacet
  facet normal 0.3826834323650852 0.9238795325112886 0
    outer loop
      vertex 319.07647619362183 49.13259271713867 10.556940610501083
      vertex 319.07647619362183 49.13259271713867 0.5999999999999996
      vertex 318.775 49.25746824526946 0.5999999999999996
    endloop
  endfacet
  facet normal 0.13052619222006143 0.9914448613738092 0
    outer loop
      vertex 319.4 49.09 10.556940610501083
      vertex 319.4 49.09 0.5999999999999996
      vertex 319.07647619362183 49.13259271713867 0.5999999999999996
    endloop
  endfacet
  facet normal -0.13052619222006143 0.9914448613738092 0
    outer loop
      vertex 319.7235238063781 49.13259271713867 10.556940610501083
      vertex 319.7235238063781 49.13259271713867 0.5999999999999996
      vertex 319.4 49.09 0.5999999999999996
    endloop
  endfacet
  facet normal 0.9238795325113195 -0.3826834323650109 0
    outer loop
      vertex 318.19259271713867 50.66352380637815 10.556940610501083
      vertex 318.19259271713867 50.66352380637815 0.5999999999999996
      vertex 318.3174682452694 50.965 0.5999999999999996
    endloop
  endfacet
  facet normal 0.7933533402911966 -0.6087614290087708 0
    outer loop
      vertex 318.3174682452694 50.965 10.556940610501083
      vertex 318.3174682452694 50.965 0.5999999999999996
      vertex 318.5161165235168 51.22388347648319 0.5999999999999996
    endloop
  endfacet
  facet normal 0.6087614290087475 -0.7933533402912145 0
    outer loop
      vertex 318.5161165235168 51.22388347648319 10.556940610501083
      vertex 318.5161165235168 51.22388347648319 0.5999999999999996
      vertex 318.775 51.42253175473055 0.5999999999999996
    endloop
  endfacet
  facet normal 0.3826834323650852 -0.9238795325112886 0
    outer loop
      vertex 318.775 51.42253175473055 10.556940610501083
      vertex 318.775 51.42253175473055 0.5999999999999996
      vertex 319.07647619362183 51.547407282861336 0.5999999999999996
    endloop
  endfacet
  facet normal 0.13052619222006143 -0.9914448613738092 0
    outer loop
      vertex 319.07647619362183 51.547407282861336 10.556940610501083
      vertex 319.07647619362183 51.547407282861336 0.5999999999999996
      vertex 319.4 51.59 0.5999999999999996
    endloop
  endfacet
  facet normal -0.13052619222006143 -0.9914448613738092 0
    outer loop
      vertex 319.4 51.59 10.556940610501083
      vertex 319.4 51.59 0.5999999999999996
      vertex 319.7235238063781 51.547407282861336 0.5999999999999996
    endloop
  endfacet
  facet normal -0.3826834323650852 0.9238795325112886 0
    outer loop
      vertex 320.025 49.25746824526946 10.556940610501083
      vertex 320.025 49.25746824526946 0.5999999999999996
      vertex 319.7235238063781 49.13259271713867 0.5999999999999996
    endloop
  endfacet
  facet normal -0.6087614290087475 0.7933533402912145 0
    outer loop
      vertex 320.28388347648314 49.45611652351682 10.556940610501083
      vertex 320.28388347648314 49.45611652351682 0.5999999999999996
      vertex 320.025 49.25746824526946 0.5999999999999996
    endloop
  endfacet
  facet normal -0.7933533402911966 0.6087614290087708 0
    outer loop
      vertex 320.48253175473053 49.715 10.556940610501083
      vertex 320.48253175473053 49.715 0.5999999999999996
      vertex 320.28388347648314 49.45611652351682 0.5999999999999996
    endloop
  endfacet
  facet normal -0.9238795325113195 0.3826834323650109 0
    outer loop
      vertex 320.6074072828613 50.016476193621855 10.556940610501083
      vertex 320.6074072828613 50.016476193621855 0.5999999999999996
      vertex 320.48253175473053 49.715 0.5999999999999996
    endloop
  endfacet
  facet normal -0.9914448613738007 0.13052619222012565 0
    outer loop
      vertex 320.65 50.34 10.556940610501083
      vertex 320.65 50.34 0.5999999999999996
      vertex 320.6074072828613 50.016476193621855 0.5999999999999996
    endloop
  endfacet
  facet normal -0.3826834323650852 -0.9238795325112886 0
    outer loop
      vertex 319.7235238063781 51.547407282861336 10.556940610501083
      vertex 319.7235238063781 51.547407282861336 0.5999999999999996
      vertex 320.025 51.42253175473055 0.5999999999999996
    endloop
  endfacet
  facet normal -0.6087614290087475 -0.7933533402912145 0
    outer loop
      vertex 320.025 51.42253175473055 10.556940610501083
      vertex 320.025 51.42253175473055 0.5999999999999996
      vertex 320.28388347648314 51.22388347648319 0.5999999999999996
    endloop
  endfacet
  facet normal -0.7933533402911966 -0.6087614290087708 0
    outer loop
      vertex 320.28388347648314 51.22388347648319 10.556940610501083
      vertex 320.28388347648314 51.22388347648319 0.5999999999999996
      vertex 320.48253175473053 50.965 0.5999999999999996
    endloop
  endfacet
  facet normal -0.9914448613738007 -0.13052619222012565 0
    outer loop
      vertex 320.6074072828613 50.66352380637815 10.556940610501083
      vertex 320.6074072828613 50.66352380637815 0.5999999999999996
      vertex 320.65 50.34 0.5999999999999996
    endloop
  endfacet
  facet normal -0.9238795325113195 -0.3826834323650109 0
    outer loop
      vertex 320.48253175473053 50.965 10.556940610501083
      vertex 320.48253175473053 50.965 0.5999999999999996
      vertex 320.6074072828613 50.66352380637815 0.5999999999999996
    endloop
  endfacet
  facet normal 0 0 1
    outer loop
      vertex 318.3174682452694 49.715 0.5999999999999996
      vertex 318.19259271713867 50.66352380637815 0.5999999999999996
      vertex 318.19259271713867 50.016476193621855 0.5999999999999996
    endloop
  endfacet
  facet normal 0 0 1
    outer loop
      vertex 318.19259271713867 50.016476193621855 0.5999999999999996
      vertex 318.19259271713867 50.66352380637815 0.5999999999999996
      vertex 318.15 50.34 0.5999999999999996
    endloop
  endfacet
  facet normal 0 0 1
    outer loop
      vertex 318.3174682452694 49.715 0.5999999999999996
      vertex 318.3174682452694 50.965 0.5999999999999996
      vertex 318.19259271713867 50.66352380637815 0.5999999999999996
    endloop
  endfacet
  facet normal 0 0 1
    outer loop
      vertex 318.5161165235168 49.45611652351682 0.5999999999999996
      vertex 318.3174682452694 50.965 0.5999999999999996
      vertex 318.3174682452694 49.715 0.5999999999999996
    endloop
  endfacet
  facet normal 0 0 1
    outer loop
      vertex 318.5161165235168 49.45611652351682 0.5999999999999996
      vertex 318.775 49.25746824526946 0.5999999999999996
      vertex 318.5161165235168 51.22388347648319 0.5999999999999996
    endloop
  endfacet
  facet normal 0 0 1
    outer loop
      vertex 318.775 49.25746824526946 0.5999999999999996
      vertex 319.07647619362183 49.13259271713867 0.5999999999999996
      vertex 318.775 51.42253175473055 0.5999999999999996
    endloop
  endfacet
  facet normal 0 0 1
    outer loop
      vertex 319.07647619362183 49.13259271713867 0.5999999999999996
      vertex 319.4 49.09 0.5999999999999996
      vertex 319.07647619362183 51.547407282861336 0.5999999999999996
    endloop
  endfacet
  facet normal 0 0 1
    outer loop
      vertex 319.4 49.09 0.5999999999999996
      vertex 319.7235238063781 49.13259271713867 0.5999999999999996
      vertex 319.4 51.59 0.5999999999999996
    endloop
  endfacet
  facet normal 0 0 1
    outer loop
      vertex 318.5161165235168 49.45611652351682 0.5999999999999996
      vertex 318.5161165235168 51.22388347648319 0.5999999999999996
      vertex 318.3174682452694 50.965 0.5999999999999996
    endloop
  endfacet
  facet normal 0 0 1
    outer loop
      vertex 318.775 49.25746824526946 0.5999999999999996
      vertex 318.775 51.42253175473055 0.5999999999999996
      vertex 318.5161165235168 51.22388347648319 0.5999999999999996
    endloop
  endfacet
  facet normal 0 0 1
    outer loop
      vertex 319.07647619362183 49.13259271713867 0.5999999999999996
      vertex 319.07647619362183 51.547407282861336 0.5999999999999996
      vertex 318.775 51.42253175473055 0.5999999999999996
    endloop
  endfacet
  facet normal 0 0 1
    outer loop
      vertex 319.4 49.09 0.5999999999999996
      vertex 319.4 51.59 0.5999999999999996
      vertex 319.07647619362183 51.547407282861336 0.5999999999999996
    endloop
  endfacet
  facet normal 0 0 1
    outer loop
      vertex 319.7235238063781 49.13259271713867 0.5999999999999996
      vertex 319.7235238063781 51.547407282861336 0.5999999999999996
      vertex 319.4 51.59 0.5999999999999996
    endloop
  endfacet
  facet normal 0 0 1
    outer loop
      vertex 319.7235238063781 49.13259271713867 0.5999999999999996
      vertex 320.025 49.25746824526946 0.5999999999999996
      vertex 319.7235238063781 51.547407282861336 0.5999999999999996
    endloop
  endfacet
  facet normal 0 0 1
    outer loop
      vertex 320.025 49.25746824526946 0.5999999999999996
      vertex 320.28388347648314 49.45611652351682 0.5999999999999996
      vertex 320.025 51.42253175473055 0.5999999999999996
    endloop
  endfacet
  facet normal 0 0 1
    outer loop
      vertex 320.28388347648314 49.45611652351682 0.5999999999999996
      vertex 320.48253175473053 49.715 0.5999999999999996
      vertex 320.28388347648314 51.22388347648319 0.5999999999999996
    endloop
  endfacet
  facet normal 0 0 1
    outer loop
      vertex 320.48253175473053 49.715 0.5999999999999996
      vertex 320.6074072828613 50.016476193621855 0.5999999999999996
      vertex 320.48253175473053 50.965 0.5999999999999996
    endloop
  endfacet
  facet normal 0 0 1
    outer loop
      vertex 320.6074072828613 50.016476193621855 0.5999999999999996
      vertex 320.65 50.34 0.5999999999999996
      vertex 320.6074072828613 50.66352380637815 0.5999999999999996
    endloop
  endfacet
  facet normal 0 0 1
    outer loop
      vertex 319.7235238063781 51.547407282861336 0.5999999999999996
      vertex 320.025 49.25746824526946 0.5999999999999996
      vertex 320.025 51.42253175473055 0.5999999999999996
    endloop
  endfacet
  facet normal 0 0 1
    outer loop
      vertex 320.28388347648314 49.45611652351682 0.5999999999999996
      vertex 320.28388347648314 51.22388347648319 0.5999999999999996
      vertex 320.025 51.42253175473055 0.5999999999999996
    endloop
  endfacet
  facet normal 0 0 1
    outer loop
      vertex 320.48253175473053 49.715 0.5999999999999996
      vertex 320.48253175473053 50.965 0.5999999999999996
      vertex 320.28388347648314 51.22388347648319 0.5999999999999996
    endloop
  endfacet
  facet normal 0 0 1
    outer loop
      vertex 320.6074072828613 50.016476193621855 0.5999999999999996
      vertex 320.6074072828613 50.66352380637815 0.5999999999999996
      vertex 320.48253175473053 50.965 0.5999999999999996
    endloop
  endfacet
  facet normal 0.7933533402911886 0.6087614290087814 0
    outer loop
      vertex 318.5161165235168 109.47611652351682 10.556940610501083
      vertex 318.3174682452694 109.735 0.5999999999999996
      vertex 318.3174682452694 109.735 10.556940610501083
    endloop
  endfacet
  facet normal 0.13052619222004003 0.9914448613738119 0
    outer loop
      vertex 319.07647619362183 109.15259271713866 10.556940610501083
      vertex 319.4 109.11 10.556940610501083
      vertex 319.07647619362183 109.15259271713866 0.5999999999999996
    endloop
  endfacet
  facet normal 0.6087614290087751 0.7933533402911934 0
    outer loop
      vertex 318.5161165235168 109.47611652351682 10.556940610501083
      vertex 318.775 109.27746824526945 10.556940610501083
      vertex 318.5161165235168 109.47611652351682 0.5999999999999996
    endloop
  endfacet
  facet normal 0.3826834323650852 0.9238795325112886 0
    outer loop
      vertex 319.07647619362183 109.15259271713866 10.556940610501083
      vertex 318.775 109.27746824526945 0.5999999999999996
      vertex 318.775 109.27746824526945 10.556940610501083
    endloop
  endfacet
  facet normal -0.13052619222004003 0.9914448613738119 0
    outer loop
      vertex 319.4 109.11 10.556940610501083
      vertex 319.7235238063781 109.15259271713866 10.556940610501083
      vertex 319.4 109.11 0.5999999999999996
    endloop
  endfacet
  facet normal 0.9238795325113195 0.3826834323650109 0
    outer loop
      vertex 318.3174682452694 109.735 10.556940610501083
      vertex 318.19259271713867 110.03647619362185 0.5999999999999996
      vertex 318.19259271713867 110.03647619362185 10.556940610501083
    endloop
  endfacet
  facet normal 0.9914448613738007 0.13052619222012565 0
    outer loop
      vertex 318.19259271713867 110.03647619362185 10.556940610501083
      vertex 318.15 110.36 0.5999999999999996
      vertex 318.15 110.36 10.556940610501083
    endloop
  endfacet
  facet normal 0.9914448613738007 -0.13052619222012565 0
    outer loop
      vertex 318.15 110.36 10.556940610501083
      vertex 318.19259271713867 110.68352380637815 0.5999999999999996
      vertex 318.19259271713867 110.68352380637815 10.556940610501083
    endloop
  endfacet
  facet normal 0.9238795325113195 -0.3826834323650109 0
    outer loop
      vertex 318.19259271713867 110.68352380637815 10.556940610501083
      vertex 318.3174682452694 110.985 0.5999999999999996
      vertex 318.3174682452694 110.985 10.556940610501083
    endloop
  endfacet
  facet normal 0.7933533402911886 -0.6087614290087814 0
    outer loop
      vertex 318.3174682452694 110.985 10.556940610501083
      vertex 318.5161165235168 111.24388347648318 0.5999999999999996
      vertex 318.5161165235168 111.24388347648318 10.556940610501083
    endloop
  endfacet
  facet normal 0.6087614290087751 -0.7933533402911934 0
    outer loop
      vertex 318.5161165235168 111.24388347648318 10.556940610501083
      vertex 318.775 111.44253175473055 0.5999999999999996
      vertex 318.775 111.44253175473055 10.556940610501083
    endloop
  endfacet
  facet normal 0.3826834323650852 -0.9238795325112886 0
    outer loop
      vertex 318.775 111.44253175473055 10.556940610501083
      vertex 319.07647619362183 111.56740728286134 0.5999999999999996
      vertex 319.07647619362183 111.56740728286134 10.556940610501083
    endloop
  endfacet
  facet normal 0.13052619222004003 -0.9914448613738119 0
    outer loop
      vertex 319.07647619362183 111.56740728286134 10.556940610501083
      vertex 319.4 111.61 0.5999999999999996
      vertex 319.4 111.61 10.556940610501083
    endloop
  endfacet
  facet normal -0.13052619222004003 -0.9914448613738119 0
    outer loop
      vertex 319.4 111.61 10.556940610501083
      vertex 319.7235238063781 111.56740728286134 0.5999999999999996
      vertex 319.7235238063781 111.56740728286134 10.556940610501083
    endloop
  endfacet
  facet normal -0.3826834323650852 0.9238795325112886 0
    outer loop
      vertex 319.7235238063781 109.15259271713866 10.556940610501083
      vertex 320.025 109.27746824526945 10.556940610501083
      vertex 319.7235238063781 109.15259271713866 0.5999999999999996
    endloop
  endfacet
  facet normal -0.6087614290087751 0.7933533402911934 0
    outer loop
      vertex 320.025 109.27746824526945 10.556940610501083
      vertex 320.28388347648314 109.47611652351682 10.556940610501083
      vertex 320.025 109.27746824526945 0.5999999999999996
    endloop
  endfacet
  facet normal -0.7933533402911886 0.6087614290087814 0
    outer loop
      vertex 320.28388347648314 109.47611652351682 10.556940610501083
      vertex 320.48253175473053 109.735 10.556940610501083
      vertex 320.28388347648314 109.47611652351682 0.5999999999999996
    endloop
  endfacet
  facet normal -0.9238795325113195 0.3826834323650109 0
    outer loop
      vertex 320.48253175473053 109.735 10.556940610501083
      vertex 320.6074072828613 110.03647619362185 10.556940610501083
      vertex 320.48253175473053 109.735 0.5999999999999996
    endloop
  endfacet
  facet normal -0.9914448613738007 0.13052619222012565 0
    outer loop
      vertex 320.6074072828613 110.03647619362185 10.556940610501083
      vertex 320.65 110.36 10.556940610501083
      vertex 320.6074072828613 110.03647619362185 0.5999999999999996
    endloop
  endfacet
  facet normal -0.9914448613738007 -0.13052619222012565 0
    outer loop
      vertex 320.65 110.36 10.556940610501083
      vertex 320.6074072828613 110.68352380637815 10.556940610501083
      vertex 320.65 110.36 0.5999999999999996
    endloop
  endfacet
  facet normal -0.7933533402911886 -0.6087614290087814 0
    outer loop
      vertex 320.48253175473053 110.985 10.556940610501083
      vertex 320.28388347648314 111.24388347648318 10.556940610501083
      vertex 320.48253175473053 110.985 0.5999999999999996
    endloop
  endfacet
  facet normal -0.3826834323650852 -0.9238795325112886 0
    outer loop
      vertex 319.7235238063781 111.56740728286134 10.556940610501083
      vertex 320.025 111.44253175473055 0.5999999999999996
      vertex 320.025 111.44253175473055 10.556940610501083
    endloop
  endfacet
  facet normal -0.6087614290087751 -0.7933533402911934 0
    outer loop
      vertex 320.28388347648314 111.24388347648318 10.556940610501083
      vertex 320.025 111.44253175473055 10.556940610501083
      vertex 320.28388347648314 111.24388347648318 0.5999999999999996
    endloop
  endfacet
  facet normal -0.9238795325113195 -0.3826834323650109 0
    outer loop
      vertex 320.6074072828613 110.68352380637815 10.556940610501083
      vertex 320.48253175473053 110.985 10.556940610501083
      vertex 320.6074072828613 110.68352380637815 0.5999999999999996
    endloop
  endfacet
  facet normal 0.7933533402911886 0.6087614290087814 0
    outer loop
      vertex 318.5161165235168 109.47611652351682 10.556940610501083
      vertex 318.5161165235168 109.47611652351682 0.5999999999999996
      vertex 318.3174682452694 109.735 0.5999999999999996
    endloop
  endfacet
  facet normal 0.3826834323650852 0.9238795325112886 0
    outer loop
      vertex 319.07647619362183 109.15259271713866 10.556940610501083
      vertex 319.07647619362183 109.15259271713866 0.5999999999999996
      vertex 318.775 109.27746824526945 0.5999999999999996
    endloop
  endfacet
  facet normal 0.6087614290087751 0.7933533402911934 0
    outer loop
      vertex 318.775 109.27746824526945 10.556940610501083
      vertex 318.775 109.27746824526945 0.5999999999999996
      vertex 318.5161165235168 109.47611652351682 0.5999999999999996
    endloop
  endfacet
  facet normal 0.13052619222004003 0.9914448613738119 0
    outer loop
      vertex 319.4 109.11 10.556940610501083
      vertex 319.4 109.11 0.5999999999999996
      vertex 319.07647619362183 109.15259271713866 0.5999999999999996
    endloop
  endfacet
  facet normal -0.13052619222004003 0.9914448613738119 0
    outer loop
      vertex 319.7235238063781 109.15259271713866 10.556940610501083
      vertex 319.7235238063781 109.15259271713866 0.5999999999999996
      vertex 319.4 109.11 0.5999999999999996
    endloop
  endfacet
  facet normal 0.9238795325113195 0.3826834323650109 0
    outer loop
      vertex 318.3174682452694 109.735 10.556940610501083
      vertex 318.3174682452694 109.735 0.5999999999999996
      vertex 318.19259271713867 110.03647619362185 0.5999999999999996
    endloop
  endfacet
  facet normal 0.9914448613738007 0.13052619222012565 0
    outer loop
      vertex 318.19259271713867 110.03647619362185 10.556940610501083
      vertex 318.19259271713867 110.03647619362185 0.5999999999999996
      vertex 318.15 110.36 0.5999999999999996
    endloop
  endfacet
  facet normal 0.9914448613738007 -0.13052619222012565 0
    outer loop
      vertex 318.15 110.36 10.556940610501083
      vertex 318.15 110.36 0.5999999999999996
      vertex 318.19259271713867 110.68352380637815 0.5999999999999996
    endloop
  endfacet
  facet normal 0.9238795325113195 -0.3826834323650109 0
    outer loop
      vertex 318.19259271713867 110.68352380637815 10.556940610501083
      vertex 318.19259271713867 110.68352380637815 0.5999999999999996
      vertex 318.3174682452694 110.985 0.5999999999999996
    endloop
  endfacet
  facet normal 0.7933533402911886 -0.6087614290087814 0
    outer loop
      vertex 318.3174682452694 110.985 10.556940610501083
      vertex 318.3174682452694 110.985 0.5999999999999996
      vertex 318.5161165235168 111.24388347648318 0.5999999999999996
    endloop
  endfacet
  facet normal 0.6087614290087751 -0.7933533402911934 0
    outer loop
      vertex 318.5161165235168 111.24388347648318 10.556940610501083
      vertex 318.5161165235168 111.24388347648318 0.5999999999999996
      vertex 318.775 111.44253175473055 0.5999999999999996
    endloop
  endfacet
  facet normal 0.3826834323650852 -0.9238795325112886 0
    outer loop
      vertex 318.775 111.44253175473055 10.556940610501083
      vertex 318.775 111.44253175473055 0.5999999999999996
      vertex 319.07647619362183 111.56740728286134 0.5999999999999996
    endloop
  endfacet
  facet normal 0.13052619222004003 -0.9914448613738119 0
    outer loop
      vertex 319.07647619362183 111.56740728286134 10.556940610501083
      vertex 319.07647619362183 111.56740728286134 0.5999999999999996
      vertex 319.4 111.61 0.5999999999999996
    endloop
  endfacet
  facet normal -0.13052619222004003 -0.9914448613738119 0
    outer loop
      vertex 319.4 111.61 10.556940610501083
      vertex 319.4 111.61 0.5999999999999996
      vertex 319.7235238063781 111.56740728286134 0.5999999999999996
    endloop
  endfacet
  facet normal -0.3826834323650852 0.9238795325112886 0
    outer loop
      vertex 320.025 109.27746824526945 10.556940610501083
      vertex 320.025 109.27746824526945 0.5999999999999996
      vertex 319.7235238063781 109.15259271713866 0.5999999999999996
    endloop
  endfacet
  facet normal -0.6087614290087751 0.7933533402911934 0
    outer loop
      vertex 320.28388347648314 109.47611652351682 10.556940610501083
      vertex 320.28388347648314 109.47611652351682 0.5999999999999996
      vertex 320.025 109.27746824526945 0.5999999999999996
    endloop
  endfacet
  facet normal -0.7933533402911886 0.6087614290087814 0
    outer loop
      vertex 320.48253175473053 109.735 10.556940610501083
      vertex 320.48253175473053 109.735 0.5999999999999996
      vertex 320.28388347648314 109.47611652351682 0.5999999999999996
    endloop
  endfacet
  facet normal -0.9238795325113195 0.3826834323650109 0
    outer loop
      vertex 320.6074072828613 110.03647619362185 10.556940610501083
      vertex 320.6074072828613 110.03647619362185 0.5999999999999996
      vertex 320.48253175473053 109.735 0.5999999999999996
    endloop
  endfacet
  facet normal -0.9914448613738007 0.13052619222012565 0
    outer loop
      vertex 320.65 110.36 10.556940610501083
      vertex 320.65 110.36 0.5999999999999996
      vertex 320.6074072828613 110.03647619362185 0.5999999999999996
    endloop
  endfacet
  facet normal -0.9914448613738007 -0.13052619222012565 0
    outer loop
      vertex 320.6074072828613 110.68352380637815 10.556940610501083
      vertex 320.6074072828613 110.68352380637815 0.5999999999999996
      vertex 320.65 110.36 0.5999999999999996
    endloop
  endfacet
  facet normal -0.7933533402911886 -0.6087614290087814 0
    outer loop
      vertex 320.28388347648314 111.24388347648318 10.556940610501083
      vertex 320.28388347648314 111.24388347648318 0.5999999999999996
      vertex 320.48253175473053 110.985 0.5999999999999996
    endloop
  endfacet
  facet normal -0.6087614290087751 -0.7933533402911934 0
    outer loop
      vertex 320.025 111.44253175473055 10.556940610501083
      vertex 320.025 111.44253175473055 0.5999999999999996
      vertex 320.28388347648314 111.24388347648318 0.5999999999999996
    endloop
  endfacet
  facet normal -0.3826834323650852 -0.9238795325112886 0
    outer loop
      vertex 319.7235238063781 111.56740728286134 10.556940610501083
      vertex 319.7235238063781 111.56740728286134 0.5999999999999996
      vertex 320.025 111.44253175473055 0.5999999999999996
    endloop
  endfacet
  facet normal -0.9238795325113195 -0.3826834323650109 0
    outer loop
      vertex 320.48253175473053 110.985 10.556940610501083
      vertex 320.48253175473053 110.985 0.5999999999999996
      vertex 320.6074072828613 110.68352380637815 0.5999999999999996
    endloop
  endfacet
  facet normal 0 0 1
    outer loop
      vertex 318.3174682452694 109.735 0.5999999999999996
      vertex 318.19259271713867 110.68352380637815 0.5999999999999996
      vertex 318.19259271713867 110.03647619362185 0.5999999999999996
    endloop
  endfacet
  facet normal 0 0 1
    outer loop
      vertex 318.5161165235168 109.47611652351682 0.5999999999999996
      vertex 318.3174682452694 110.985 0.5999999999999996
      vertex 318.3174682452694 109.735 0.5999999999999996
    endloop
  endfacet
  facet normal 0 0 1
    outer loop
      vertex 318.19259271713867 110.03647619362185 0.5999999999999996
      vertex 318.19259271713867 110.68352380637815 0.5999999999999996
      vertex 318.15 110.36 0.5999999999999996
    endloop
  endfacet
  facet normal 0 0 1
    outer loop
      vertex 318.3174682452694 109.735 0.5999999999999996
      vertex 318.3174682452694 110.985 0.5999999999999996
      vertex 318.19259271713867 110.68352380637815 0.5999999999999996
    endloop
  endfacet
  facet normal 0 0 1
    outer loop
      vertex 318.5161165235168 109.47611652351682 0.5999999999999996
      vertex 318.5161165235168 111.24388347648318 0.5999999999999996
      vertex 318.3174682452694 110.985 0.5999999999999996
    endloop
  endfacet
  facet normal 0 0 1
    outer loop
      vertex 319.07647619362183 109.15259271713866 0.5999999999999996
      vertex 318.775 111.44253175473055 0.5999999999999996
      vertex 318.775 109.27746824526945 0.5999999999999996
    endloop
  endfacet
  facet normal 0 0 1
    outer loop
      vertex 318.5161165235168 109.47611652351682 0.5999999999999996
      vertex 318.775 109.27746824526945 0.5999999999999996
      vertex 318.5161165235168 111.24388347648318 0.5999999999999996
    endloop
  endfacet
  facet normal 0 0 1
    outer loop
      vertex 319.07647619362183 109.15259271713866 0.5999999999999996
      vertex 319.4 109.11 0.5999999999999996
      vertex 319.07647619362183 111.56740728286134 0.5999999999999996
    endloop
  endfacet
  facet normal 0 0 1
    outer loop
      vertex 318.775 109.27746824526945 0.5999999999999996
      vertex 318.775 111.44253175473055 0.5999999999999996
      vertex 318.5161165235168 111.24388347648318 0.5999999999999996
    endloop
  endfacet
  facet normal 0 0 1
    outer loop
      vertex 319.4 109.11 0.5999999999999996
      vertex 319.7235238063781 109.15259271713866 0.5999999999999996
      vertex 319.4 111.61 0.5999999999999996
    endloop
  endfacet
  facet normal 0 0 1
    outer loop
      vertex 319.07647619362183 109.15259271713866 0.5999999999999996
      vertex 319.07647619362183 111.56740728286134 0.5999999999999996
      vertex 318.775 111.44253175473055 0.5999999999999996
    endloop
  endfacet
  facet normal 0 0 1
    outer loop
      vertex 319.4 109.11 0.5999999999999996
      vertex 319.4 111.61 0.5999999999999996
      vertex 319.07647619362183 111.56740728286134 0.5999999999999996
    endloop
  endfacet
  facet normal 0 0 1
    outer loop
      vertex 319.7235238063781 109.15259271713866 0.5999999999999996
      vertex 319.7235238063781 111.56740728286134 0.5999999999999996
      vertex 319.4 111.61 0.5999999999999996
    endloop
  endfacet
  facet normal 0 0 1
    outer loop
      vertex 319.7235238063781 109.15259271713866 0.5999999999999996
      vertex 320.025 109.27746824526945 0.5999999999999996
      vertex 319.7235238063781 111.56740728286134 0.5999999999999996
    endloop
  endfacet
  facet normal 0 0 1
    outer loop
      vertex 320.025 109.27746824526945 0.5999999999999996
      vertex 320.28388347648314 109.47611652351682 0.5999999999999996
      vertex 320.025 111.44253175473055 0.5999999999999996
    endloop
  endfacet
  facet normal 0 0 1
    outer loop
      vertex 320.28388347648314 109.47611652351682 0.5999999999999996
      vertex 320.48253175473053 109.735 0.5999999999999996
      vertex 320.28388347648314 111.24388347648318 0.5999999999999996
    endloop
  endfacet
  facet normal 0 0 1
    outer loop
      vertex 320.48253175473053 109.735 0.5999999999999996
      vertex 320.48253175473053 110.985 0.5999999999999996
      vertex 320.28388347648314 111.24388347648318 0.5999999999999996
    endloop
  endfacet
  facet normal 0 0 1
    outer loop
      vertex 320.48253175473053 109.735 0.5999999999999996
      vertex 320.6074072828613 110.03647619362185 0.5999999999999996
      vertex 320.48253175473053 110.985 0.5999999999999996
    endloop
  endfacet
  facet normal 0 0 1
    outer loop
      vertex 320.6074072828613 110.03647619362185 0.5999999999999996
      vertex 320.65 110.36 0.5999999999999996
      vertex 320.6074072828613 110.68352380637815 0.5999999999999996
    endloop
  endfacet
  facet normal 0 0 1
    outer loop
      vertex 320.6074072828613 110.03647619362185 0.5999999999999996
      vertex 320.6074072828613 110.68352380637815 0.5999999999999996
      vertex 320.48253175473053 110.985 0.5999999999999996
    endloop
  endfacet
  facet normal 0 0 1
    outer loop
      vertex 319.7235238063781 111.56740728286134 0.5999999999999996
      vertex 320.025 109.27746824526945 0.5999999999999996
      vertex 320.025 111.44253175473055 0.5999999999999996
    endloop
  endfacet
  facet normal 0 0 1
    outer loop
      vertex 320.28388347648314 109.47611652351682 0.5999999999999996
      vertex 320.28388347648314 111.24388347648318 0.5999999999999996
      vertex 320.025 111.44253175473055 0.5999999999999996
    endloop
  endfacet
  facet normal 0 1 0
    outer loop
      vertex 314.99500305205584 56.3 10.556940610501083
      vertex 322.5972535211268 56.3 10.556940610501083
      vertex 314.99500305205584 56.3 4.206825512806512
    endloop
  endfacet
  facet normal 0 -1 0
    outer loop
      vertex 314.99500305205584 64.3 10.556940610501083
      vertex 314.99500305205584 64.3 4.206825512806512
      vertex 322.5972535211268 64.3 10.556940610501083
    endloop
  endfacet
  facet normal -0.6410720883556024 0 0.7674806691581142
    outer loop
      vertex 322.5972535211268 56.3 10.556940610501083
      vertex 322.5972535211268 64.3 10.556940610501083
      vertex 314.99500305205584 56.3 4.206825512806512
    endloop
  endfacet
  facet normal -0.6410720883556024 0 0.7674806691581142
    outer loop
      vertex 322.5972535211268 64.3 10.556940610501083
      vertex 314.99500305205584 64.3 4.206825512806512
      vertex 314.99500305205584 56.3 4.206825512806512
    endloop
  endfacet
  facet normal 0 1 0
    outer loop
      vertex 314.99500305205584 95.3 10.556940610501083
      vertex 322.5972535211268 95.3 10.556940610501083
      vertex 314.99500305205584 95.3 4.206825512806512
    endloop
  endfacet
  facet normal -0.6410720883556024 0 0.7674806691581143
    outer loop
      vertex 322.5972535211268 95.3 10.556940610501083
      vertex 322.5972535211268 104.3 10.556940610501083
      vertex 314.99500305205584 95.3 4.206825512806512
    endloop
  endfacet
  facet normal 0 -1 0
    outer loop
      vertex 314.99500305205584 104.3 10.556940610501083
      vertex 314.99500305205584 104.3 4.206825512806512
      vertex 322.5972535211268 104.3 10.556940610501083
    endloop
  endfacet
  facet normal -0.6410720883556024 0 0.7674806691581143
    outer loop
      vertex 322.5972535211268 104.3 10.556940610501083
      vertex 314.99500305205584 104.3 4.206825512806512
      vertex 314.99500305205584 95.3 4.206825512806512
    endloop
  endfacet
  facet normal 0 0 1
    outer loop
      vertex 306.99500301480293 19.89199646562338 10.556940610501083
      vertex 167 19.89199646562338 10.556940610501083
      vertex 167 17 10.556940610501083
    endloop
  endfacet
  facet normal 0 1 0
    outer loop
      vertex 306.99500301480293 19.89199646562338 10.556940610501083
      vertex 167 19.89199646562338 0
      vertex 167 19.89199646562338 10.556940610501083
    endloop
  endfacet
  facet normal 0 -1 0
    outer loop
      vertex 322.49181585758924 17 0
      vertex 167 17 10.556940610501083
      vertex 167 17 0
    endloop
  endfacet
  facet normal 0 0 -1
    outer loop
      vertex 306.99500301480293 19.89199646562338 0
      vertex 167 17 0
      vertex 167 19.89199646562338 0
    endloop
  endfacet
  facet normal 0 0 1
    outer loop
      vertex 306.99500301480293 140.0340000912547 10.556940610501083
      vertex 167 143.25 10.556940610501083
      vertex 167 140.0340000912547 10.556940610501083
    endloop
  endfacet
  facet normal 0 1 0
    outer loop
      vertex 322.49181596934795 143.25 10.556940610501083
      vertex 167 143.25 0
      vertex 167 143.25 10.556940610501083
    endloop
  endfacet
  facet normal 0 -1 0
    outer loop
      vertex 306.99500301480293 140.0340000912547 0
      vertex 167 140.0340000912547 10.556940610501083
      vertex 167 140.0340000912547 0
    endloop
  endfacet
  facet normal 0 0 -1
    outer loop
      vertex 306.99500301480293 140.0340000912547 0
      vertex 167 140.0340000912547 0
      vertex 167 143.25 0
    endloop
  endfacet
  facet normal 0 0 1
    outer loop
      vertex 306.99500301480293 19.89199646562338 10.556940610501083
      vertex 167 17 10.556940610501083
      vertex 322.49181585758924 17 10.556940610501083
    endloop
  endfacet
  facet normal 0 -1 0
    outer loop
      vertex 322.49181585758924 17 10.556940610501083
      vertex 167 17 10.556940610501083
      vertex 322.49181585758924 17 0
    endloop
  endfacet
  facet normal 0 0 1
    outer loop
      vertex 306.99500301480293 19.89199646562338 10.556940610501083
      vertex 322.49181585758924 17 10.556940610501083
      vertex 308.03921262174845 19.960437573492527 10.556940610501083
    endloop
  endfacet
  facet normal 0 0 1
    outer loop
      vertex 308.03921262174845 19.960437573492527 10.556940610501083
      vertex 322.49181585758924 17 10.556940610501083
      vertex 309.06555542349815 20.16458985209465 10.556940610501083
    endloop
  endfacet
  facet normal 0 0 1
    outer loop
      vertex 309.06555542349815 20.16458985209465 10.556940610501083
      vertex 322.49181585758924 17 10.556940610501083
      vertex 310.0564705133438 20.50096020847559 10.556940610501083
    endloop
  endfacet
  facet normal 0 0 1
    outer loop
      vertex 310.0564705133438 20.50096020847559 10.556940610501083
      vertex 322.49181585758924 17 10.556940610501083
      vertex 310.9950030297041 20.963793218135834 10.556940610501083
    endloop
  endfacet
  facet normal 0 0 1
    outer loop
      vertex 310.9950030297041 20.963793218135834 10.556940610501083
      vertex 322.49181585758924 17 10.556940610501083
      vertex 311.86509450525045 21.54516974836588 10.556940610501083
    endloop
  endfacet
  facet normal 0 0 1
    outer loop
      vertex 311.86509450525045 21.54516974836588 10.556940610501083
      vertex 322.49181585758924 17 10.556940610501083
      vertex 312.6518573015928 22.235142208635807 10.556940610501083
    endloop
  endfacet
  facet normal 0 0 1
    outer loop
      vertex 312.6518573015928 22.235142208635807 10.556940610501083
      vertex 322.49181585758924 17 10.556940610501083
      vertex 313.34182976186275 23.02190500497818 10.556940610501083
    endloop
  endfacet
  facet normal 0 0 1
    outer loop
      vertex 313.34182976186275 23.02190500497818 10.556940610501083
      vertex 322.49181585758924 17 10.556940610501083
      vertex 322.7936139255762 17.0197808817029 10.556940610501083
    endloop
  endfacet
  facet normal 0 0 1
    outer loop
      vertex 313.34182976186275 23.02190500497818 10.556940610501083
      vertex 322.7936139255762 17.0197808817029 10.556940610501083
      vertex 323.0822040140629 17.07718501985073 10.556940610501083
    endloop
  endfacet
  facet normal 0 0 1
    outer loop
      vertex 313.34182976186275 23.02190500497818 10.556940610501083
      vertex 324.75 19.258184015750885 10.556940610501083
      vertex 313.9232062920928 23.89199648052454 10.556940610501083
    endloop
  endfacet
  facet normal 0 0 1
    outer loop
      vertex 313.9232062920928 23.89199648052454 10.556940610501083
      vertex 324.75 19.258184015750885 10.556940610501083
      vertex 314.38603930175304 24.830528996884823 10.556940610501083
    endloop
  endfacet
  facet normal 0 0 1
    outer loop
      vertex 314.38603930175304 24.830528996884823 10.556940610501083
      vertex 324.75 19.258184015750885 10.556940610501083
      vertex 314.722409658134 25.82144408673048 10.556940610501083
    endloop
  endfacet
  facet normal 0 0 1
    outer loop
      vertex 324.75 19.258184015750885 10.556940610501083
      vertex 314.9265619367361 26.847786888480186 10.556940610501083
      vertex 314.722409658134 25.82144408673048 10.556940610501083
    endloop
  endfacet
  facet normal 0 0 1
    outer loop
      vertex 324.75 19.258184015750885 10.556940610501083
      vertex 314.99500305205584 27.8919964954257 10.556940610501083
      vertex 314.9265619367361 26.847786888480186 10.556940610501083
    endloop
  endfacet
  facet normal 0 0 1
    outer loop
      vertex 313.34182976186275 23.02190500497818 10.556940610501083
      vertex 323.0822040140629 17.07718501985073 10.556940610501083
      vertex 323.3608323484659 17.171766594052315 10.556940610501083
    endloop
  endfacet
  facet normal 0 0 1
    outer loop
      vertex 313.34182976186275 23.02190500497818 10.556940610501083
      vertex 323.3608323484659 17.171766594052315 10.556940610501083
      vertex 323.6247318610549 17.301907442510128 10.556940610501083
    endloop
  endfacet
  facet normal 0 0 1
    outer loop
      vertex 313.34182976186275 23.02190500497818 10.556940610501083
      vertex 323.6247318610549 17.301907442510128 10.556940610501083
      vertex 323.86938667297363 17.465380549430847 10.556940610501083
    endloop
  endfacet
  facet normal 0 0 1
    outer loop
      vertex 313.34182976186275 23.02190500497818 10.556940610501083
      vertex 323.86938667297363 17.465380549430847 10.556940610501083
      vertex 324.0906109511852 17.659389033913612 10.556940610501083
    endloop
  endfacet
  facet normal 0 0 1
    outer loop
      vertex 313.34182976186275 23.02190500497818 10.556940610501083
      vertex 324.0906109511852 17.659389033913612 10.556940610501083
      vertex 324.284619435668 17.880613312125206 10.556940610501083
    endloop
  endfacet
  facet normal 0 0 1
    outer loop
      vertex 313.34182976186275 23.02190500497818 10.556940610501083
      vertex 324.284619435668 17.880613312125206 10.556940610501083
      vertex 324.4480925425887 18.12526812404394 10.556940610501083
    endloop
  endfacet
  facet normal 0 0 1
    outer loop
      vertex 313.34182976186275 23.02190500497818 10.556940610501083
      vertex 324.4480925425887 18.12526812404394 10.556940610501083
      vertex 324.5782333910465 18.38916763663292 10.556940610501083
    endloop
  endfacet
  facet normal 0 0 1
    outer loop
      vertex 313.34182976186275 23.02190500497818 10.556940610501083
      vertex 324.5782333910465 18.38916763663292 10.556940610501083
      vertex 324.6728149726987 18.667795978486538 10.556940610501083
    endloop
  endfacet
  facet normal 0 0 1
    outer loop
      vertex 313.34182976186275 23.02190500497818 10.556940610501083
      vertex 324.6728149726987 18.667795978486538 10.556940610501083
      vertex 324.7302191108465 18.956386104226112 10.556940610501083
    endloop
  endfacet
  facet normal 0 0 1
    outer loop
      vertex 313.34182976186275 23.02190500497818 10.556940610501083
      vertex 324.7302191108465 18.956386104226112 10.556940610501083
      vertex 324.75 19.258184015750885 10.556940610501083
    endloop
  endfacet
  facet normal 0 0 1
    outer loop
      vertex 324.75 19.258184015750885 10.556940610501083
      vertex 319.7235238063781 49.13259271713867 10.556940610501083
      vertex 314.99500305205584 27.8919964954257 10.556940610501083
    endloop
  endfacet
  facet normal 0 0 1
    outer loop
      vertex 324.75 19.258184015750885 10.556940610501083
      vertex 320.025 49.25746824526946 10.556940610501083
      vertex 319.7235238063781 49.13259271713867 10.556940610501083
    endloop
  endfacet
  facet normal 0 0 1
    outer loop
      vertex 324.75 19.258184015750885 10.556940610501083
      vertex 320.28388347648314 49.45611652351682 10.556940610501083
      vertex 320.025 49.25746824526946 10.556940610501083
    endloop
  endfacet
  facet normal 0 0 1
    outer loop
      vertex 324.75 19.258184015750885 10.556940610501083
      vertex 320.48253175473053 49.715 10.556940610501083
      vertex 320.28388347648314 49.45611652351682 10.556940610501083
    endloop
  endfacet
  facet normal 0 0 1
    outer loop
      vertex 324.75 19.258184015750885 10.556940610501083
      vertex 320.6074072828613 50.016476193621855 10.556940610501083
      vertex 320.48253175473053 49.715 10.556940610501083
    endloop
  endfacet
  facet normal 0 0 1
    outer loop
      vertex 324.75 19.258184015750885 10.556940610501083
      vertex 320.65 50.34 10.556940610501083
      vertex 320.6074072828613 50.016476193621855 10.556940610501083
    endloop
  endfacet
  facet normal 0 0 1
    outer loop
      vertex 324.75 19.258184015750885 10.556940610501083
      vertex 320.6074072828613 50.66352380637815 10.556940610501083
      vertex 320.65 50.34 10.556940610501083
    endloop
  endfacet
  facet normal 0 0 1
    outer loop
      vertex 314.99500305205584 27.8919964954257 10.556940610501083
      vertex 318.5161165235168 49.45611652351682 10.556940610501083
      vertex 318.3174682452694 49.715 10.556940610501083
    endloop
  endfacet
  facet normal 0 0 1
    outer loop
      vertex 314.99500305205584 27.8919964954257 10.556940610501083
      vertex 318.3174682452694 49.715 10.556940610501083
      vertex 318.19259271713867 50.016476193621855 10.556940610501083
    endloop
  endfacet
  facet normal 0 0 1
    outer loop
      vertex 314.99500305205584 27.8919964954257 10.556940610501083
      vertex 318.19259271713867 50.016476193621855 10.556940610501083
      vertex 318.15 50.34 10.556940610501083
    endloop
  endfacet
  facet normal 0 0 1
    outer loop
      vertex 314.99500305205584 27.8919964954257 10.556940610501083
      vertex 319.07647619362183 49.13259271713867 10.556940610501083
      vertex 318.775 49.25746824526946 10.556940610501083
    endloop
  endfacet
  facet normal 0 0 1
    outer loop
      vertex 314.99500305205584 27.8919964954257 10.556940610501083
      vertex 319.4 49.09 10.556940610501083
      vertex 319.07647619362183 49.13259271713867 10.556940610501083
    endloop
  endfacet
  facet normal 0 0 1
    outer loop
      vertex 314.99500305205584 27.8919964954257 10.556940610501083
      vertex 318.775 49.25746824526946 10.556940610501083
      vertex 318.5161165235168 49.45611652351682 10.556940610501083
    endloop
  endfacet
  facet normal 0 0 1
    outer loop
      vertex 314.99500305205584 27.8919964954257 10.556940610501083
      vertex 319.7235238063781 49.13259271713867 10.556940610501083
      vertex 319.4 49.09 10.556940610501083
    endloop
  endfacet
  facet normal 0 0 1
    outer loop
      vertex 314.99500305205584 27.8919964954257 10.556940610501083
      vertex 318.15 50.34 10.556940610501083
      vertex 314.99500305205584 56.3 10.556940610501083
    endloop
  endfacet
  facet normal 0 0 1
    outer loop
      vertex 324.75 19.258184015750885 10.556940610501083
      vertex 322.5972535211268 56.3 10.556940610501083
      vertex 320.6074072828613 50.66352380637815 10.556940610501083
    endloop
  endfacet
  facet normal -0.06540312383024467 0.9978589235925315 0
    outer loop
      vertex 306.99500301480293 19.89199646562338 10.556940610501083
      vertex 308.03921262174845 19.960437573492527 10.556940610501083
      vertex 306.99500301480293 19.89199646562338 0
    endloop
  endfacet
  facet normal -0.19509032400446322 0.980785280007726 0
    outer loop
      vertex 308.03921262174845 19.960437573492527 10.556940610501083
      vertex 309.06555542349815 20.16458985209465 10.556940610501083
      vertex 308.03921262174845 19.960437573492527 0
    endloop
  endfacet
  facet normal -0.3214394729814849 0.9469301268886661 0
    outer loop
      vertex 309.06555542349815 20.16458985209465 10.556940610501083
      vertex 310.0564705133438 20.50096020847559 10.556940610501083
      vertex 309.06555542349815 20.16458985209465 0
    endloop
  endfacet
  facet normal -0.4422886840968993 0.8968727445517748 0
    outer loop
      vertex 310.0564705133438 20.50096020847559 10.556940610501083
      vertex 310.9950030297041 20.963793218135834 10.556940610501083
      vertex 310.0564705133438 20.50096020847559 0
    endloop
  endfacet
  facet normal -0.5555702285498041 0.8314696152891687 0
    outer loop
      vertex 310.9950030297041 20.963793218135834 10.556940610501083
      vertex 311.86509450525045 21.54516974836588 10.556940610501083
      vertex 310.9950030297041 20.963793218135834 0
    endloop
  endfacet
  facet normal -0.6593458182975112 0.7518398046748959 0
    outer loop
      vertex 311.86509450525045 21.54516974836588 10.556940610501083
      vertex 312.6518573015928 22.235142208635807 10.556940610501083
      vertex 311.86509450525045 21.54516974836588 0
    endloop
  endfacet
  facet normal -0.7518398046748959 0.6593458182975112 0
    outer loop
      vertex 312.6518573015928 22.235142208635807 10.556940610501083
      vertex 313.34182976186275 23.02190500497818 10.556940610501083
      vertex 312.6518573015928 22.235142208635807 0
    endloop
  endfacet
  facet normal -0.8314696152891687 0.5555702285498041 0
    outer loop
      vertex 313.34182976186275 23.02190500497818 10.556940610501083
      vertex 313.9232062920928 23.89199648052454 10.556940610501083
      vertex 313.34182976186275 23.02190500497818 0
    endloop
  endfacet
  facet normal -0.8968727445517748 0.4422886840968993 0
    outer loop
      vertex 313.9232062920928 23.89199648052454 10.556940610501083
      vertex 314.38603930175304 24.830528996884823 10.556940610501083
      vertex 313.9232062920928 23.89199648052454 0
    endloop
  endfacet
  facet normal -0.9469301268886661 0.3214394729814849 0
    outer loop
      vertex 314.38603930175304 24.830528996884823 10.556940610501083
      vertex 314.722409658134 25.82144408673048 10.556940610501083
      vertex 314.38603930175304 24.830528996884823 0
    endloop
  endfacet
  facet normal -0.980785280007726 0.19509032400446322 0
    outer loop
      vertex 314.722409658134 25.82144408673048 10.556940610501083
      vertex 314.9265619367361 26.847786888480186 10.556940610501083
      vertex 314.722409658134 25.82144408673048 0
    endloop
  endfacet
  facet normal 0.06540310044311162 -0.9978589251254047 0
    outer loop
      vertex 322.49181585758924 17 10.556940610501083
      vertex 322.49181585758924 17 0
      vertex 322.7936139255762 17.0197808817029 10.556940610501083
    endloop
  endfacet
  facet normal 0.19509032346974878 -0.9807852801140874 0
    outer loop
      vertex 322.7936139255762 17.0197808817029 10.556940610501083
      vertex 322.7936139255762 17.0197808817029 0
      vertex 323.0822040140629 17.07718501985073 10.556940610501083
    endloop
  endfacet
  facet normal 0.32143946362241366 -0.9469301300656428 0
    outer loop
      vertex 323.0822040140629 17.07718501985073 10.556940610501083
      vertex 323.0822040140629 17.07718501985073 0
      vertex 323.3608323484659 17.171766594052315 10.556940610501083
    endloop
  endfacet
  facet normal 0.4422887199964958 -0.8968727268480524 0
    outer loop
      vertex 323.3608323484659 17.171766594052315 10.556940610501083
      vertex 323.3608323484659 17.171766594052315 0
      vertex 323.6247318610549 17.301907442510128 10.556940610501083
    endloop
  endfacet
  facet normal 0.5555702046662585 -0.8314696312476431 0
    outer loop
      vertex 323.6247318610549 17.301907442510128 10.556940610501083
      vertex 323.6247318610549 17.301907442510128 0
      vertex 323.86938667297363 17.465380549430847 10.556940610501083
    endloop
  endfacet
  facet normal 0.6593458140408605 -0.7518398084078781 0
    outer loop
      vertex 323.86938667297363 17.465380549430847 10.556940610501083
      vertex 323.86938667297363 17.465380549430847 0
      vertex 324.0906109511852 17.659389033913612 10.556940610501083
    endloop
  endfacet
  facet normal 0.7518398084078781 -0.6593458140408605 0
    outer loop
      vertex 324.0906109511852 17.659389033913612 10.556940610501083
      vertex 324.0906109511852 17.659389033913612 0
      vertex 324.284619435668 17.880613312125206 10.556940610501083
    endloop
  endfacet
  facet normal 0.8314696312476431 -0.5555702046662585 0
    outer loop
      vertex 324.284619435668 17.880613312125206 10.556940610501083
      vertex 324.284619435668 17.880613312125206 0
      vertex 324.4480925425887 18.12526812404394 10.556940610501083
    endloop
  endfacet
  facet normal 0.8968727268480524 -0.4422887199964958 0
    outer loop
      vertex 324.4480925425887 18.12526812404394 10.556940610501083
      vertex 324.4480925425887 18.12526812404394 0
      vertex 324.5782333910465 18.38916763663292 10.556940610501083
    endloop
  endfacet
  facet normal 0.9469301249746461 -0.3214394786200054 0
    outer loop
      vertex 324.5782333910465 18.38916763663292 10.556940610501083
      vertex 324.5782333910465 18.38916763663292 0
      vertex 324.6728149726987 18.667795978486538 10.556940610501083
    endloop
  endfacet
  facet normal 0.9807852849327222 -0.19509029924483365 0
    outer loop
      vertex 324.6728149726987 18.667795978486538 10.556940610501083
      vertex 324.6728149726987 18.667795978486538 0
      vertex 324.7302191108465 18.956386104226112 10.556940610501083
    endloop
  endfacet
  facet normal 0.997858921304797 -0.06540315873432288 0
    outer loop
      vertex 324.7302191108465 18.956386104226112 10.556940610501083
      vertex 324.7302191108465 18.956386104226112 0
      vertex 324.75 19.258184015750885 10.556940610501083
    endloop
  endfacet
  facet normal -0.9978589231278673 0.065403130919651 0
    outer loop
      vertex 314.9265619367361 26.847786888480186 10.556940610501083
      vertex 314.99500305205584 27.8919964954257 10.556940610501083
      vertex 314.9265619367361 26.847786888480186 0
    endloop
  endfacet
  facet normal -1 0 0
    outer loop
      vertex 314.99500305205584 27.8919964954257 10.556940610501083
      vertex 314.99500305205584 56.3 10.556940610501083
      vertex 314.99500305205584 27.8919964954257 0
    endloop
  endfacet
  facet normal 0 0 1
    outer loop
      vertex 318.15 50.34 10.556940610501083
      vertex 318.19259271713867 50.66352380637815 10.556940610501083
      vertex 314.99500305205584 56.3 10.556940610501083
    endloop
  endfacet
  facet normal 0 0 1
    outer loop
      vertex 318.19259271713867 50.66352380637815 10.556940610501083
      vertex 318.3174682452694 50.965 10.556940610501083
      vertex 314.99500305205584 56.3 10.556940610501083
    endloop
  endfacet
  facet normal 0 0 1
    outer loop
      vertex 318.3174682452694 50.965 10.556940610501083
      vertex 318.5161165235168 51.22388347648319 10.556940610501083
      vertex 314.99500305205584 56.3 10.556940610501083
    endloop
  endfacet
  facet normal 0 0 1
    outer loop
      vertex 318.5161165235168 51.22388347648319 10.556940610501083
      vertex 318.775 51.42253175473055 10.556940610501083
      vertex 314.99500305205584 56.3 10.556940610501083
    endloop
  endfacet
  facet normal 0 0 1
    outer loop
      vertex 318.775 51.42253175473055 10.556940610501083
      vertex 322.5972535211268 56.3 10.556940610501083
      vertex 314.99500305205584 56.3 10.556940610501083
    endloop
  endfacet
  facet normal 0 0 1
    outer loop
      vertex 318.775 51.42253175473055 10.556940610501083
      vertex 319.07647619362183 51.547407282861336 10.556940610501083
      vertex 322.5972535211268 56.3 10.556940610501083
    endloop
  endfacet
  facet normal 0 0 1
    outer loop
      vertex 319.07647619362183 51.547407282861336 10.556940610501083
      vertex 319.4 51.59 10.556940610501083
      vertex 322.5972535211268 56.3 10.556940610501083
    endloop
  endfacet
  facet normal 0 0 1
    outer loop
      vertex 320.28388347648314 51.22388347648319 10.556940610501083
      vertex 322.5972535211268 56.3 10.556940610501083
      vertex 320.025 51.42253175473055 10.556940610501083
    endloop
  endfacet
  facet normal 0 0 1
    outer loop
      vertex 319.4 51.59 10.556940610501083
      vertex 319.7235238063781 51.547407282861336 10.556940610501083
      vertex 322.5972535211268 56.3 10.556940610501083
    endloop
  endfacet
  facet normal 0 0 1
    outer loop
      vertex 319.7235238063781 51.547407282861336 10.556940610501083
      vertex 320.025 51.42253175473055 10.556940610501083
      vertex 322.5972535211268 56.3 10.556940610501083
    endloop
  endfacet
  facet normal 0 0 1
    outer loop
      vertex 320.6074072828613 50.66352380637815 10.556940610501083
      vertex 322.5972535211268 56.3 10.556940610501083
      vertex 320.48253175473053 50.965 10.556940610501083
    endloop
  endfacet
  facet normal 0 0 1
    outer loop
      vertex 320.48253175473053 50.965 10.556940610501083
      vertex 322.5972535211268 56.3 10.556940610501083
      vertex 320.28388347648314 51.22388347648319 10.556940610501083
    endloop
  endfacet
  facet normal 0 0 1
    outer loop
      vertex 324.75 19.258184015750885 10.556940610501083
      vertex 324.75 140.99181596934795 10.556940610501083
      vertex 322.5972535211268 56.3 10.556940610501083
    endloop
  endfacet
  facet normal 0 0 1
    outer loop
      vertex 314.99500305205584 64.3 10.556940610501083
      vertex 322.5972535211268 64.3 10.556940610501083
      vertex 322.5972535211268 95.3 10.556940610501083
    endloop
  endfacet
  facet normal 1 0 0
    outer loop
      vertex 324.75 19.258184015750885 10.556940610501083
      vertex 324.75 19.258184015750885 0
      vertex 324.75 140.99181596934795 10.556940610501083
    endloop
  endfacet
  facet normal -1 0 0
    outer loop
      vertex 314.99500305205584 64.3 10.556940610501083
      vertex 314.99500305205584 95.3 4.206825512806512
      vertex 314.99500305205584 64.3 4.206825512806512
    endloop
  endfacet
  facet normal 0 1 0
    outer loop
      vertex 306.99500301480293 19.89199646562338 10.556940610501083
      vertex 306.99500301480293 19.89199646562338 0
      vertex 167 19.89199646562338 0
    endloop
  endfacet
  facet normal 0 0 -1
    outer loop
      vertex 306.99500301480293 19.89199646562338 0
      vertex 322.49181585758924 17 0
      vertex 167 17 0
    endloop
  endfacet
  facet normal -0.06540312383024467 0.9978589235925315 0
    outer loop
      vertex 308.03921262174845 19.960437573492527 10.556940610501083
      vertex 308.03921262174845 19.960437573492527 0
      vertex 306.99500301480293 19.89199646562338 0
    endloop
  endfacet
  facet normal -0.19509032400446322 0.980785280007726 0
    outer loop
      vertex 309.06555542349815 20.16458985209465 10.556940610501083
      vertex 309.06555542349815 20.16458985209465 0
      vertex 308.03921262174845 19.960437573492527 0
    endloop
  endfacet
  facet normal -0.3214394729814849 0.9469301268886661 0
    outer loop
      vertex 310.0564705133438 20.50096020847559 10.556940610501083
      vertex 310.0564705133438 20.50096020847559 0
      vertex 309.06555542349815 20.16458985209465 0
    endloop
  endfacet
  facet normal -0.4422886840968993 0.8968727445517748 0
    outer loop
      vertex 310.9950030297041 20.963793218135834 10.556940610501083
      vertex 310.9950030297041 20.963793218135834 0
      vertex 310.0564705133438 20.50096020847559 0
    endloop
  endfacet
  facet normal -0.5555702285498041 0.8314696152891687 0
    outer loop
      vertex 311.86509450525045 21.54516974836588 10.556940610501083
      vertex 311.86509450525045 21.54516974836588 0
      vertex 310.9950030297041 20.963793218135834 0
    endloop
  endfacet
  facet normal -0.6593458182975112 0.7518398046748959 0
    outer loop
      vertex 312.6518573015928 22.235142208635807 10.556940610501083
      vertex 312.6518573015928 22.235142208635807 0
      vertex 311.86509450525045 21.54516974836588 0
    endloop
  endfacet
  facet normal -0.7518398046748959 0.6593458182975112 0
    outer loop
      vertex 313.34182976186275 23.02190500497818 10.556940610501083
      vertex 313.34182976186275 23.02190500497818 0
      vertex 312.6518573015928 22.235142208635807 0
    endloop
  endfacet
  facet normal -0.8314696152891687 0.5555702285498041 0
    outer loop
      vertex 313.9232062920928 23.89199648052454 10.556940610501083
      vertex 313.9232062920928 23.89199648052454 0
      vertex 313.34182976186275 23.02190500497818 0
    endloop
  endfacet
  facet normal -0.8968727445517748 0.4422886840968993 0
    outer loop
      vertex 314.38603930175304 24.830528996884823 10.556940610501083
      vertex 314.38603930175304 24.830528996884823 0
      vertex 313.9232062920928 23.89199648052454 0
    endloop
  endfacet
  facet normal -0.9469301268886661 0.3214394729814849 0
    outer loop
      vertex 314.722409658134 25.82144408673048 10.556940610501083
      vertex 314.722409658134 25.82144408673048 0
      vertex 314.38603930175304 24.830528996884823 0
    endloop
  endfacet
  facet normal -0.980785280007726 0.19509032400446322 0
    outer loop
      vertex 314.9265619367361 26.847786888480186 10.556940610501083
      vertex 314.9265619367361 26.847786888480186 0
      vertex 314.722409658134 25.82144408673048 0
    endloop
  endfacet
  facet normal 0.06540310044311162 -0.9978589251254047 0
    outer loop
      vertex 322.7936139255762 17.0197808817029 10.556940610501083
      vertex 322.49181585758924 17 0
      vertex 322.7936139255762 17.0197808817029 0
    endloop
  endfacet
  facet normal 0.19509032346974878 -0.9807852801140874 0
    outer loop
      vertex 323.0822040140629 17.07718501985073 10.556940610501083
      vertex 322.7936139255762 17.0197808817029 0
      vertex 323.0822040140629 17.07718501985073 0
    endloop
  endfacet
  facet normal 0.32143946362241366 -0.9469301300656428 0
    outer loop
      vertex 323.3608323484659 17.171766594052315 10.556940610501083
      vertex 323.0822040140629 17.07718501985073 0
      vertex 323.3608323484659 17.171766594052315 0
    endloop
  endfacet
  facet normal 0.4422887199964958 -0.8968727268480524 0
    outer loop
      vertex 323.6247318610549 17.301907442510128 10.556940610501083
      vertex 323.3608323484659 17.171766594052315 0
      vertex 323.6247318610549 17.301907442510128 0
    endloop
  endfacet
  facet normal 0.5555702046662585 -0.8314696312476431 0
    outer loop
      vertex 323.86938667297363 17.465380549430847 10.556940610501083
      vertex 323.6247318610549 17.301907442510128 0
      vertex 323.86938667297363 17.465380549430847 0
    endloop
  endfacet
  facet normal 0.6593458140408605 -0.7518398084078781 0
    outer loop
      vertex 324.0906109511852 17.659389033913612 10.556940610501083
      vertex 323.86938667297363 17.465380549430847 0
      vertex 324.0906109511852 17.659389033913612 0
    endloop
  endfacet
  facet normal 0.7518398084078781 -0.6593458140408605 0
    outer loop
      vertex 324.284619435668 17.880613312125206 10.556940610501083
      vertex 324.0906109511852 17.659389033913612 0
      vertex 324.284619435668 17.880613312125206 0
    endloop
  endfacet
  facet normal 0.8314696312476431 -0.5555702046662585 0
    outer loop
      vertex 324.4480925425887 18.12526812404394 10.556940610501083
      vertex 324.284619435668 17.880613312125206 0
      vertex 324.4480925425887 18.12526812404394 0
    endloop
  endfacet
  facet normal 0.8968727268480524 -0.4422887199964958 0
    outer loop
      vertex 324.5782333910465 18.38916763663292 10.556940610501083
      vertex 324.4480925425887 18.12526812404394 0
      vertex 324.5782333910465 18.38916763663292 0
    endloop
  endfacet
  facet normal 0.9469301249746461 -0.3214394786200054 0
    outer loop
      vertex 324.6728149726987 18.667795978486538 10.556940610501083
      vertex 324.5782333910465 18.38916763663292 0
      vertex 324.6728149726987 18.667795978486538 0
    endloop
  endfacet
  facet normal 0.9807852849327222 -0.19509029924483365 0
    outer loop
      vertex 324.7302191108465 18.956386104226112 10.556940610501083
      vertex 324.6728149726987 18.667795978486538 0
      vertex 324.7302191108465 18.956386104226112 0
    endloop
  endfacet
  facet normal 0.997858921304797 -0.06540315873432288 0
    outer loop
      vertex 324.75 19.258184015750885 10.556940610501083
      vertex 324.7302191108465 18.956386104226112 0
      vertex 324.75 19.258184015750885 0
    endloop
  endfacet
  facet normal -0.9978589231278673 0.065403130919651 0
    outer loop
      vertex 314.99500305205584 27.8919964954257 10.556940610501083
      vertex 314.99500305205584 27.8919964954257 0
      vertex 314.9265619367361 26.847786888480186 0
    endloop
  endfacet
  facet normal -1 0 0
    outer loop
      vertex 314.99500305205584 56.3 10.556940610501083
      vertex 314.99500305205584 56.3 4.206825512806512
      vertex 314.99500305205584 27.8919964954257 0
    endloop
  endfacet
  facet normal 0 0 -1
    outer loop
      vertex 306.99500301480293 19.89199646562338 0
      vertex 308.03921262174845 19.960437573492527 0
      vertex 322.49181585758924 17 0
    endloop
  endfacet
  facet normal 0 0 -1
    outer loop
      vertex 308.03921262174845 19.960437573492527 0
      vertex 309.06555542349815 20.16458985209465 0
      vertex 322.49181585758924 17 0
    endloop
  endfacet
  facet normal 0 0 -1
    outer loop
      vertex 309.06555542349815 20.16458985209465 0
      vertex 310.0564705133438 20.50096020847559 0
      vertex 322.49181585758924 17 0
    endloop
  endfacet
  facet normal 0 0 -1
    outer loop
      vertex 310.0564705133438 20.50096020847559 0
      vertex 310.9950030297041 20.963793218135834 0
      vertex 322.49181585758924 17 0
    endloop
  endfacet
  facet normal 0 0 -1
    outer loop
      vertex 310.9950030297041 20.963793218135834 0
      vertex 311.86509450525045 21.54516974836588 0
      vertex 322.49181585758924 17 0
    endloop
  endfacet
  facet normal 0 0 -1
    outer loop
      vertex 311.86509450525045 21.54516974836588 0
      vertex 312.6518573015928 22.235142208635807 0
      vertex 322.49181585758924 17 0
    endloop
  endfacet
  facet normal 0 0 -1
    outer loop
      vertex 312.6518573015928 22.235142208635807 0
      vertex 313.34182976186275 23.02190500497818 0
      vertex 322.49181585758924 17 0
    endloop
  endfacet
  facet normal 0 0 -1
    outer loop
      vertex 313.34182976186275 23.02190500497818 0
      vertex 322.7936139255762 17.0197808817029 0
      vertex 322.49181585758924 17 0
    endloop
  endfacet
  facet normal 0 0 -1
    outer loop
      vertex 313.34182976186275 23.02190500497818 0
      vertex 323.0822040140629 17.07718501985073 0
      vertex 322.7936139255762 17.0197808817029 0
    endloop
  endfacet
  facet normal 0 0 -1
    outer loop
      vertex 313.34182976186275 23.02190500497818 0
      vertex 313.9232062920928 23.89199648052454 0
      vertex 324.75 19.258184015750885 0
    endloop
  endfacet
  facet normal 0 0 -1
    outer loop
      vertex 313.9232062920928 23.89199648052454 0
      vertex 314.38603930175304 24.830528996884823 0
      vertex 324.75 19.258184015750885 0
    endloop
  endfacet
  facet normal 0 0 -1
    outer loop
      vertex 314.38603930175304 24.830528996884823 0
      vertex 314.722409658134 25.82144408673048 0
      vertex 324.75 19.258184015750885 0
    endloop
  endfacet
  facet normal 0 0 -1
    outer loop
      vertex 324.75 19.258184015750885 0
      vertex 314.722409658134 25.82144408673048 0
      vertex 314.9265619367361 26.847786888480186 0
    endloop
  endfacet
  facet normal 0 0 -1
    outer loop
      vertex 324.75 19.258184015750885 0
      vertex 314.9265619367361 26.847786888480186 0
      vertex 314.99500305205584 27.8919964954257 0
    endloop
  endfacet
  facet normal 0 0 -1
    outer loop
      vertex 313.34182976186275 23.02190500497818 0
      vertex 323.3608323484659 17.171766594052315 0
      vertex 323.0822040140629 17.07718501985073 0
    endloop
  endfacet
  facet normal 0 0 -1
    outer loop
      vertex 313.34182976186275 23.02190500497818 0
      vertex 323.6247318610549 17.301907442510128 0
      vertex 323.3608323484659 17.171766594052315 0
    endloop
  endfacet
  facet normal 0 0 -1
    outer loop
      vertex 313.34182976186275 23.02190500497818 0
      vertex 323.86938667297363 17.465380549430847 0
      vertex 323.6247318610549 17.301907442510128 0
    endloop
  endfacet
  facet normal 0 0 -1
    outer loop
      vertex 313.34182976186275 23.02190500497818 0
      vertex 324.0906109511852 17.659389033913612 0
      vertex 323.86938667297363 17.465380549430847 0
    endloop
  endfacet
  facet normal 0 0 -1
    outer loop
      vertex 313.34182976186275 23.02190500497818 0
      vertex 324.284619435668 17.880613312125206 0
      vertex 324.0906109511852 17.659389033913612 0
    endloop
  endfacet
  facet normal 0 0 -1
    outer loop
      vertex 313.34182976186275 23.02190500497818 0
      vertex 324.4480925425887 18.12526812404394 0
      vertex 324.284619435668 17.880613312125206 0
    endloop
  endfacet
  facet normal 0 0 -1
    outer loop
      vertex 313.34182976186275 23.02190500497818 0
      vertex 324.5782333910465 18.38916763663292 0
      vertex 324.4480925425887 18.12526812404394 0
    endloop
  endfacet
  facet normal 0 0 -1
    outer loop
      vertex 313.34182976186275 23.02190500497818 0
      vertex 324.6728149726987 18.667795978486538 0
      vertex 324.5782333910465 18.38916763663292 0
    endloop
  endfacet
  facet normal 0 0 -1
    outer loop
      vertex 313.34182976186275 23.02190500497818 0
      vertex 324.7302191108465 18.956386104226112 0
      vertex 324.6728149726987 18.667795978486538 0
    endloop
  endfacet
  facet normal 0 0 -1
    outer loop
      vertex 313.34182976186275 23.02190500497818 0
      vertex 324.75 19.258184015750885 0
      vertex 324.7302191108465 18.956386104226112 0
    endloop
  endfacet
  facet normal -1 0 0
    outer loop
      vertex 314.99500305205584 27.8919964954257 0
      vertex 314.99500305205584 56.3 4.206825512806512
      vertex 314.99500305205584 64.3 4.206825512806512
    endloop
  endfacet
  facet normal -1 0 0
    outer loop
      vertex 314.99500305205584 27.8919964954257 0
      vertex 314.99500305205584 64.3 4.206825512806512
      vertex 314.99500305205584 95.3 4.206825512806512
    endloop
  endfacet
  facet normal -1 0 0
    outer loop
      vertex 314.99500305205584 27.8919964954257 0
      vertex 314.99500305205584 95.3 4.206825512806512
      vertex 314.99500305205584 104.3 4.206825512806512
    endloop
  endfacet
  facet normal 0 0 -1
    outer loop
      vertex 324.75 19.258184015750885 0
      vertex 314.99500305205584 27.8919964954257 0
      vertex 314.99500305205584 132.0340000540018 0
    endloop
  endfacet
  facet normal 0 0 1
    outer loop
      vertex 306.99500301480293 140.0340000912547 10.556940610501083
      vertex 322.49181596934795 143.25 10.556940610501083
      vertex 167 143.25 10.556940610501083
    endloop
  endfacet
  facet normal 0 -1 0
    outer loop
      vertex 306.99500301480293 140.0340000912547 10.556940610501083
      vertex 167 140.0340000912547 10.556940610501083
      vertex 306.99500301480293 140.0340000912547 0
    endloop
  endfacet
  facet normal 0 0 1
    outer loop
      vertex 314.99500305205584 64.3 10.556940610501083
      vertex 322.5972535211268 95.3 10.556940610501083
      vertex 314.99500305205584 95.3 10.556940610501083
    endloop
  endfacet
  facet normal 0 0 1
    outer loop
      vertex 322.5972535211268 56.3 10.556940610501083
      vertex 324.75 140.99181596934795 10.556940610501083
      vertex 322.5972535211268 64.3 10.556940610501083
    endloop
  endfacet
  facet normal -1 0 0
    outer loop
      vertex 314.99500305205584 64.3 10.556940610501083
      vertex 314.99500305205584 95.3 10.556940610501083
      vertex 314.99500305205584 95.3 4.206825512806512
    endloop
  endfacet
  facet normal 0 0 1
    outer loop
      vertex 322.5972535211268 64.3 10.556940610501083
      vertex 324.75 140.99181596934795 10.556940610501083
      vertex 322.5972535211268 95.3 10.556940610501083
    endloop
  endfacet
  facet normal 0 0 1
    outer loop
      vertex 314.99500305205584 104.3 10.556940610501083
      vertex 318.775 109.27746824526945 10.556940610501083
      vertex 318.5161165235168 109.47611652351682 10.556940610501083
    endloop
  endfacet
  facet normal 0 0 1
    outer loop
      vertex 314.99500305205584 104.3 10.556940610501083
      vertex 319.07647619362183 109.15259271713866 10.556940610501083
      vertex 318.775 109.27746824526945 10.556940610501083
    endloop
  endfacet
  facet normal 0 0 1
    outer loop
      vertex 314.99500305205584 104.3 10.556940610501083
      vertex 319.4 109.11 10.556940610501083
      vertex 319.07647619362183 109.15259271713866 10.556940610501083
    endloop
  endfacet
  facet normal 0 0 1
    outer loop
      vertex 314.99500305205584 104.3 10.556940610501083
      vertex 319.7235238063781 109.15259271713866 10.556940610501083
      vertex 319.4 109.11 10.556940610501083
    endloop
  endfacet
  facet normal 0 0 1
    outer loop
      vertex 314.99500305205584 104.3 10.556940610501083
      vertex 320.025 109.27746824526945 10.556940610501083
      vertex 319.7235238063781 109.15259271713866 10.556940610501083
    endloop
  endfacet
  facet normal 0 0 1
    outer loop
      vertex 314.99500305205584 104.3 10.556940610501083
      vertex 320.28388347648314 109.47611652351682 10.556940610501083
      vertex 320.025 109.27746824526945 10.556940610501083
    endloop
  endfacet
  facet normal 0 0 1
    outer loop
      vertex 314.99500305205584 104.3 10.556940610501083
      vertex 322.5972535211268 104.3 10.556940610501083
      vertex 320.28388347648314 109.47611652351682 10.556940610501083
    endloop
  endfacet
  facet normal 0 0 1
    outer loop
      vertex 314.99500305205584 104.3 10.556940610501083
      vertex 318.5161165235168 109.47611652351682 10.556940610501083
      vertex 318.3174682452694 109.735 10.556940610501083
    endloop
  endfacet
  facet normal 0 0 1
    outer loop
      vertex 314.99500305205584 104.3 10.556940610501083
      vertex 318.3174682452694 109.735 10.556940610501083
      vertex 318.19259271713867 110.03647619362185 10.556940610501083
    endloop
  endfacet
  facet normal 0 0 1
    outer loop
      vertex 314.99500305205584 104.3 10.556940610501083
      vertex 318.19259271713867 110.03647619362185 10.556940610501083
      vertex 318.15 110.36 10.556940610501083
    endloop
  endfacet
  facet normal 0 0 1
    outer loop
      vertex 322.5972535211268 104.3 10.556940610501083
      vertex 320.48253175473053 109.735 10.556940610501083
      vertex 320.28388347648314 109.47611652351682 10.556940610501083
    endloop
  endfacet
  facet normal 0 0 1
    outer loop
      vertex 322.5972535211268 104.3 10.556940610501083
      vertex 320.6074072828613 110.03647619362185 10.556940610501083
      vertex 320.48253175473053 109.735 10.556940610501083
    endloop
  endfacet
  facet normal 0 0 1
    outer loop
      vertex 322.5972535211268 104.3 10.556940610501083
      vertex 320.65 110.36 10.556940610501083
      vertex 320.6074072828613 110.03647619362185 10.556940610501083
    endloop
  endfacet
  facet normal 0 0 1
    outer loop
      vertex 314.99500305205584 104.3 10.556940610501083
      vertex 318.15 110.36 10.556940610501083
      vertex 314.99500305205584 132.0340000540018 10.556940610501083
    endloop
  endfacet
  facet normal 0 0 1
    outer loop
      vertex 318.15 110.36 10.556940610501083
      vertex 318.19259271713867 110.68352380637815 10.556940610501083
      vertex 314.99500305205584 132.0340000540018 10.556940610501083
    endloop
  endfacet
  facet normal 0 0 1
    outer loop
      vertex 318.19259271713867 110.68352380637815 10.556940610501083
      vertex 318.3174682452694 110.985 10.556940610501083
      vertex 314.99500305205584 132.0340000540018 10.556940610501083
    endloop
  endfacet
  facet normal 0 0 1
    outer loop
      vertex 318.3174682452694 110.985 10.556940610501083
      vertex 318.5161165235168 111.24388347648318 10.556940610501083
      vertex 314.99500305205584 132.0340000540018 10.556940610501083
    endloop
  endfacet
  facet normal 0 0 1
    outer loop
      vertex 318.5161165235168 111.24388347648318 10.556940610501083
      vertex 318.775 111.44253175473055 10.556940610501083
      vertex 314.99500305205584 132.0340000540018 10.556940610501083
    endloop
  endfacet
  facet normal 0 0 1
    outer loop
      vertex 318.775 111.44253175473055 10.556940610501083
      vertex 319.07647619362183 111.56740728286134 10.556940610501083
      vertex 314.99500305205584 132.0340000540018 10.556940610501083
    endloop
  endfacet
  facet normal 0 0 1
    outer loop
      vertex 319.07647619362183 111.56740728286134 10.556940610501083
      vertex 319.4 111.61 10.556940610501083
      vertex 314.99500305205584 132.0340000540018 10.556940610501083
    endloop
  endfacet
  facet normal 0 0 1
    outer loop
      vertex 319.4 111.61 10.556940610501083
      vertex 319.7235238063781 111.56740728286134 10.556940610501083
      vertex 314.99500305205584 132.0340000540018 10.556940610501083
    endloop
  endfacet
  facet normal 0 0 1
    outer loop
      vertex 322.5972535211268 95.3 10.556940610501083
      vertex 324.75 140.99181596934795 10.556940610501083
      vertex 322.5972535211268 104.3 10.556940610501083
    endloop
  endfacet
  facet normal 0 0 1
    outer loop
      vertex 322.5972535211268 104.3 10.556940610501083
      vertex 324.75 140.99181596934795 10.556940610501083
      vertex 320.65 110.36 10.556940610501083
    endloop
  endfacet
  facet normal 0 0 1
    outer loop
      vertex 319.7235238063781 111.56740728286134 10.556940610501083
      vertex 320.025 111.44253175473055 10.556940610501083
      vertex 324.75 140.99181596934795 10.556940610501083
    endloop
  endfacet
  facet normal 0 0 1
    outer loop
      vertex 320.6074072828613 110.68352380637815 10.556940610501083
      vertex 324.75 140.99181596934795 10.556940610501083
      vertex 320.48253175473053 110.985 10.556940610501083
    endloop
  endfacet
  facet normal 0 0 1
    outer loop
      vertex 320.65 110.36 10.556940610501083
      vertex 324.75 140.99181596934795 10.556940610501083
      vertex 320.6074072828613 110.68352380637815 10.556940610501083
    endloop
  endfacet
  facet normal 0 0 1
    outer loop
      vertex 320.28388347648314 111.24388347648318 10.556940610501083
      vertex 324.75 140.99181596934795 10.556940610501083
      vertex 320.025 111.44253175473055 10.556940610501083
    endloop
  endfacet
  facet normal 0 0 1
    outer loop
      vertex 320.48253175473053 110.985 10.556940610501083
      vertex 324.75 140.99181596934795 10.556940610501083
      vertex 320.28388347648314 111.24388347648318 10.556940610501083
    endloop
  endfacet
  facet normal -1 0 0
    outer loop
      vertex 314.99500305205584 104.3 10.556940610501083
      vertex 314.99500305205584 132.0340000540018 10.556940610501083
      vertex 314.99500305205584 104.3 4.206825512806512
    endloop
  endfacet
  facet normal 0 0 1
    outer loop
      vertex 306.99500301480293 140.0340000912547 10.556940610501083
      vertex 308.03921262174845 139.96555897593498 10.556940610501083
      vertex 322.49181596934795 143.25 10.556940610501083
    endloop
  endfacet
  facet normal 0 0 1
    outer loop
      vertex 308.03921262174845 139.96555897593498 10.556940610501083
      vertex 309.06555542349815 139.76140669733286 10.556940610501083
      vertex 322.49181596934795 143.25 10.556940610501083
    endloop
  endfacet
  facet normal 0 0 1
    outer loop
      vertex 309.06555542349815 139.76140669733286 10.556940610501083
      vertex 310.0564705133438 139.42503634095192 10.556940610501083
      vertex 322.49181596934795 143.25 10.556940610501083
    endloop
  endfacet
  facet normal 0 0 1
    outer loop
      vertex 310.9950030297041 138.96220333129168 10.556940610501083
      vertex 322.49181596934795 143.25 10.556940610501083
      vertex 310.0564705133438 139.42503634095192 10.556940610501083
    endloop
  endfacet
  facet normal 0 0 1
    outer loop
      vertex 319.7235238063781 111.56740728286134 10.556940610501083
      vertex 324.75 140.99181596934795 10.556940610501083
      vertex 314.99500305205584 132.0340000540018 10.556940610501083
    endloop
  endfacet
  facet normal 0 0 1
    outer loop
      vertex 313.9232062920928 136.03400006890297 10.556940610501083
      vertex 324.75 140.99181596934795 10.556940610501083
      vertex 313.34182976186275 136.90409154444933 10.556940610501083
    endloop
  endfacet
  facet normal 0 0 1
    outer loop
      vertex 313.34182976186275 136.90409154444933 10.556940610501083
      vertex 322.49181596934795 143.25 10.556940610501083
      vertex 312.6518573015928 137.6908543407917 10.556940610501083
    endloop
  endfacet
  facet normal 0 0 1
    outer loop
      vertex 314.99500305205584 132.0340000540018 10.556940610501083
      vertex 324.75 140.99181596934795 10.556940610501083
      vertex 314.9265619367361 133.07820966094732 10.556940610501083
    endloop
  endfacet
  facet normal 0 0 1
    outer loop
      vertex 314.722409658134 134.10455246269703 10.556940610501083
      vertex 314.9265619367361 133.07820966094732 10.556940610501083
      vertex 324.75 140.99181596934795 10.556940610501083
    endloop
  endfacet
  facet normal 0 0 1
    outer loop
      vertex 314.722409658134 134.10455246269703 10.556940610501083
      vertex 324.75 140.99181596934795 10.556940610501083
      vertex 314.38603930175304 135.0954675525427 10.556940610501083
    endloop
  endfacet
  facet normal 0 0 1
    outer loop
      vertex 314.38603930175304 135.0954675525427 10.556940610501083
      vertex 324.75 140.99181596934795 10.556940610501083
      vertex 313.9232062920928 136.03400006890297 10.556940610501083
    endloop
  endfacet
  facet normal 0 0 1
    outer loop
      vertex 310.9950030297041 138.96220333129168 10.556940610501083
      vertex 311.86509450525045 138.38082680106163 10.556940610501083
      vertex 322.49181596934795 143.25 10.556940610501083
    endloop
  endfacet
  facet normal 0 0 1
    outer loop
      vertex 311.86509450525045 138.38082680106163 10.556940610501083
      vertex 312.6518573015928 137.6908543407917 10.556940610501083
      vertex 322.49181596934795 143.25 10.556940610501083
    endloop
  endfacet
  facet normal 0 0 1
    outer loop
      vertex 313.34182976186275 136.90409154444933 10.556940610501083
      vertex 322.7936138808727 143.23021911084652 10.556940610501083
      vertex 322.49181596934795 143.25 10.556940610501083
    endloop
  endfacet
  facet normal 0 0 1
    outer loop
      vertex 313.34182976186275 136.90409154444933 10.556940610501083
      vertex 323.0822040066123 143.1728149726987 10.556940610501083
      vertex 322.7936138808727 143.23021911084652 10.556940610501083
    endloop
  endfacet
  facet normal 0 0 1
    outer loop
      vertex 313.34182976186275 136.90409154444933 10.556940610501083
      vertex 324.75 140.99181596934795 10.556940610501083
      vertex 324.7302191108465 141.29361388087273 10.556940610501083
    endloop
  endfacet
  facet normal 0 0 1
    outer loop
      vertex 313.34182976186275 136.90409154444933 10.556940610501083
      vertex 324.7302191108465 141.29361388087273 10.556940610501083
      vertex 324.6728149726987 141.5822040066123 10.556940610501083
    endloop
  endfacet
  facet normal 0 0 1
    outer loop
      vertex 313.34182976186275 136.90409154444933 10.556940610501083
      vertex 324.6728149726987 141.5822040066123 10.556940610501083
      vertex 324.5782333910465 141.86083234846592 10.556940610501083
    endloop
  endfacet
  facet normal 0 0 1
    outer loop
      vertex 313.34182976186275 136.90409154444933 10.556940610501083
      vertex 324.0906109511852 142.59061095118523 10.556940610501083
      vertex 323.86938667297363 142.784619435668 10.556940610501083
    endloop
  endfacet
  facet normal 0 0 1
    outer loop
      vertex 313.34182976186275 136.90409154444933 10.556940610501083
      vertex 323.6247318610549 142.9480925425887 10.556940610501083
      vertex 323.3608323484659 143.07823339104652 10.556940610501083
    endloop
  endfacet
  facet normal 0 0 1
    outer loop
      vertex 313.34182976186275 136.90409154444933 10.556940610501083
      vertex 323.3608323484659 143.07823339104652 10.556940610501083
      vertex 323.0822040066123 143.1728149726987 10.556940610501083
    endloop
  endfacet
  facet normal 0 0 1
    outer loop
      vertex 313.34182976186275 136.90409154444933 10.556940610501083
      vertex 323.86938667297363 142.784619435668 10.556940610501083
      vertex 323.6247318610549 142.9480925425887 10.556940610501083
    endloop
  endfacet
  facet normal 0 0 1
    outer loop
      vertex 313.34182976186275 136.90409154444933 10.556940610501083
      vertex 324.4480925425887 142.1247318610549 10.556940610501083
      vertex 324.284619435668 142.36938667297363 10.556940610501083
    endloop
  endfacet
  facet normal 0 0 1
    outer loop
      vertex 313.34182976186275 136.90409154444933 10.556940610501083
      vertex 324.284619435668 142.36938667297363 10.556940610501083
      vertex 324.0906109511852 142.59061095118523 10.556940610501083
    endloop
  endfacet
  facet normal 0 0 1
    outer loop
      vertex 313.34182976186275 136.90409154444933 10.556940610501083
      vertex 324.5782333910465 141.86083234846592 10.556940610501083
      vertex 324.4480925425887 142.1247318610549 10.556940610501083
    endloop
  endfacet
  facet normal -0.980785280007726 -0.19509032400446322 0
    outer loop
      vertex 314.722409658134 134.10455246269703 10.556940610501083
      vertex 314.9265619367361 133.07820966094732 0
      vertex 314.9265619367361 133.07820966094732 10.556940610501083
    endloop
  endfacet
  facet normal -0.9469301268886661 -0.3214394729814849 0
    outer loop
      vertex 314.722409658134 134.10455246269703 10.556940610501083
      vertex 314.38603930175304 135.0954675525427 10.556940610501083
      vertex 314.722409658134 134.10455246269703 0
    endloop
  endfacet
  facet normal -0.065403130919651 -0.9978589231278673 0
    outer loop
      vertex 306.99500301480293 140.0340000912547 10.556940610501083
      vertex 308.03921262174845 139.96555897593498 0
      vertex 308.03921262174845 139.96555897593498 10.556940610501083
    endloop
  endfacet
  facet normal -0.19509032400446322 -0.980785280007726 0
    outer loop
      vertex 308.03921262174845 139.96555897593498 10.556940610501083
      vertex 309.06555542349815 139.76140669733286 0
      vertex 309.06555542349815 139.76140669733286 10.556940610501083
    endloop
  endfacet
  facet normal -0.3214394729814849 -0.9469301268886661 0
    outer loop
      vertex 309.06555542349815 139.76140669733286 10.556940610501083
      vertex 310.0564705133438 139.42503634095192 0
      vertex 310.0564705133438 139.42503634095192 10.556940610501083
    endloop
  endfacet
  facet normal -0.4422886840968993 -0.8968727445517748 0
    outer loop
      vertex 310.9950030297041 138.96220333129168 10.556940610501083
      vertex 310.0564705133438 139.42503634095192 10.556940610501083
      vertex 310.9950030297041 138.96220333129168 0
    endloop
  endfacet
  facet normal -0.6593458182975112 -0.7518398046748959 0
    outer loop
      vertex 311.86509450525045 138.38082680106163 10.556940610501083
      vertex 312.6518573015928 137.6908543407917 0
      vertex 312.6518573015928 137.6908543407917 10.556940610501083
    endloop
  endfacet
  facet normal -0.5555702285498041 -0.8314696152891687 0
    outer loop
      vertex 310.9950030297041 138.96220333129168 10.556940610501083
      vertex 311.86509450525045 138.38082680106163 0
      vertex 311.86509450525045 138.38082680106163 10.556940610501083
    endloop
  endfacet
  facet normal -0.7518398046748959 -0.6593458182975112 0
    outer loop
      vertex 313.34182976186275 136.90409154444933 10.556940610501083
      vertex 312.6518573015928 137.6908543407917 10.556940610501083
      vertex 313.34182976186275 136.90409154444933 0
    endloop
  endfacet
  facet normal -0.8968727445517748 -0.4422886840968993 0
    outer loop
      vertex 314.38603930175304 135.0954675525427 10.556940610501083
      vertex 313.9232062920928 136.03400006890297 10.556940610501083
      vertex 314.38603930175304 135.0954675525427 0
    endloop
  endfacet
  facet normal -0.8314696152891687 -0.5555702285498041 0
    outer loop
      vertex 313.9232062920928 136.03400006890297 10.556940610501083
      vertex 313.34182976186275 136.90409154444933 10.556940610501083
      vertex 313.9232062920928 136.03400006890297 0
    endloop
  endfacet
  facet normal -0.9978589231278673 -0.065403130919651 0
    outer loop
      vertex 314.99500305205584 132.0340000540018 10.556940610501083
      vertex 314.9265619367361 133.07820966094732 10.556940610501083
      vertex 314.99500305205584 132.0340000540018 0
    endloop
  endfacet
  facet normal 0.997858921304797 0.06540315873432288 0
    outer loop
      vertex 324.75 140.99181596934795 10.556940610501083
      vertex 324.75 140.99181596934795 0
      vertex 324.7302191108465 141.29361388087273 10.556940610501083
    endloop
  endfacet
  facet normal 0.06540315873432288 0.997858921304797 0
    outer loop
      vertex 322.49181596934795 143.25 10.556940610501083
      vertex 322.7936138808727 143.23021911084652 10.556940610501083
      vertex 322.7936138808727 143.23021911084652 0
    endloop
  endfacet
  facet normal 0.19509029924483365 0.9807852849327222 0
    outer loop
      vertex 322.7936138808727 143.23021911084652 10.556940610501083
      vertex 323.0822040066123 143.1728149726987 10.556940610501083
      vertex 323.0822040066123 143.1728149726987 0
    endloop
  endfacet
  facet normal 0.3214394786200054 0.9469301249746461 0
    outer loop
      vertex 323.0822040066123 143.1728149726987 10.556940610501083
      vertex 323.3608323484659 143.07823339104652 10.556940610501083
      vertex 323.3608323484659 143.07823339104652 0
    endloop
  endfacet
  facet normal 0.9807852849327222 0.19509029924483365 0
    outer loop
      vertex 324.7302191108465 141.29361388087273 10.556940610501083
      vertex 324.7302191108465 141.29361388087273 0
      vertex 324.6728149726987 141.5822040066123 10.556940610501083
    endloop
  endfacet
  facet normal 0.9469301249746461 0.3214394786200054 0
    outer loop
      vertex 324.6728149726987 141.5822040066123 10.556940610501083
      vertex 324.6728149726987 141.5822040066123 0
      vertex 324.5782333910465 141.86083234846592 10.556940610501083
    endloop
  endfacet
  facet normal 0.8314696312476431 0.5555702046662585 0
    outer loop
      vertex 324.4480925425887 142.1247318610549 10.556940610501083
      vertex 324.4480925425887 142.1247318610549 0
      vertex 324.284619435668 142.36938667297363 10.556940610501083
    endloop
  endfacet
  facet normal 0.8968727268480524 0.4422887199964958 0
    outer loop
      vertex 324.5782333910465 141.86083234846592 10.556940610501083
      vertex 324.5782333910465 141.86083234846592 0
      vertex 324.4480925425887 142.1247318610549 10.556940610501083
    endloop
  endfacet
  facet normal 0.6593458140408605 0.7518398084078781 0
    outer loop
      vertex 324.0906109511852 142.59061095118523 10.556940610501083
      vertex 324.0906109511852 142.59061095118523 0
      vertex 323.86938667297363 142.784619435668 10.556940610501083
    endloop
  endfacet
  facet normal 0.4422887199964958 0.8968727268480524 0
    outer loop
      vertex 323.3608323484659 143.07823339104652 10.556940610501083
      vertex 323.6247318610549 142.9480925425887 10.556940610501083
      vertex 323.6247318610549 142.9480925425887 0
    endloop
  endfacet
  facet normal 0.5555702046662585 0.8314696312476431 0
    outer loop
      vertex 323.6247318610549 142.9480925425887 10.556940610501083
      vertex 323.86938667297363 142.784619435668 10.556940610501083
      vertex 323.86938667297363 142.784619435668 0
    endloop
  endfacet
  facet normal 0.7518398084078781 0.6593458140408605 0
    outer loop
      vertex 324.0906109511852 142.59061095118523 10.556940610501083
      vertex 324.284619435668 142.36938667297363 10.556940610501083
      vertex 324.284619435668 142.36938667297363 0
    endloop
  endfacet
  facet normal 0 1 0
    outer loop
      vertex 322.49181596934795 143.25 10.556940610501083
      vertex 322.49181596934795 143.25 0
      vertex 167 143.25 0
    endloop
  endfacet
  facet normal 0 0 -1
    outer loop
      vertex 306.99500301480293 140.0340000912547 0
      vertex 167 143.25 0
      vertex 322.49181596934795 143.25 0
    endloop
  endfacet
  facet normal 1 0 0
    outer loop
      vertex 324.75 19.258184015750885 0
      vertex 324.75 140.99181596934795 0
      vertex 324.75 140.99181596934795 10.556940610501083
    endloop
  endfacet
  facet normal -1 0 0
    outer loop
      vertex 314.99500305205584 27.8919964954257 0
      vertex 314.99500305205584 104.3 4.206825512806512
      vertex 314.99500305205584 132.0340000540018 0
    endloop
  endfacet
  facet normal 0 0 -1
    outer loop
      vertex 324.75 19.258184015750885 0
      vertex 314.99500305205584 132.0340000540018 0
      vertex 324.75 140.99181596934795 0
    endloop
  endfacet
  facet normal -1 0 0
    outer loop
      vertex 314.99500305205584 132.0340000540018 10.556940610501083
      vertex 314.99500305205584 132.0340000540018 0
      vertex 314.99500305205584 104.3 4.206825512806512
    endloop
  endfacet
  facet normal -0.980785280007726 -0.19509032400446322 0
    outer loop
      vertex 314.722409658134 134.10455246269703 10.556940610501083
      vertex 314.722409658134 134.10455246269703 0
      vertex 314.9265619367361 133.07820966094732 0
    endloop
  endfacet
  facet normal -0.9469301268886661 -0.3214394729814849 0
    outer loop
      vertex 314.38603930175304 135.0954675525427 10.556940610501083
      vertex 314.38603930175304 135.0954675525427 0
      vertex 314.722409658134 134.10455246269703 0
    endloop
  endfacet
  facet normal -0.065403130919651 -0.9978589231278673 0
    outer loop
      vertex 306.99500301480293 140.0340000912547 10.556940610501083
      vertex 306.99500301480293 140.0340000912547 0
      vertex 308.03921262174845 139.96555897593498 0
    endloop
  endfacet
  facet normal -0.19509032400446322 -0.980785280007726 0
    outer loop
      vertex 308.03921262174845 139.96555897593498 10.556940610501083
      vertex 308.03921262174845 139.96555897593498 0
      vertex 309.06555542349815 139.76140669733286 0
    endloop
  endfacet
  facet normal -0.3214394729814849 -0.9469301268886661 0
    outer loop
      vertex 309.06555542349815 139.76140669733286 10.556940610501083
      vertex 309.06555542349815 139.76140669733286 0
      vertex 310.0564705133438 139.42503634095192 0
    endloop
  endfacet
  facet normal -0.4422886840968993 -0.8968727445517748 0
    outer loop
      vertex 310.0564705133438 139.42503634095192 10.556940610501083
      vertex 310.0564705133438 139.42503634095192 0
      vertex 310.9950030297041 138.96220333129168 0
    endloop
  endfacet
  facet normal -0.6593458182975112 -0.7518398046748959 0
    outer loop
      vertex 311.86509450525045 138.38082680106163 10.556940610501083
      vertex 311.86509450525045 138.38082680106163 0
      vertex 312.6518573015928 137.6908543407917 0
    endloop
  endfacet
  facet normal -0.5555702285498041 -0.8314696152891687 0
    outer loop
      vertex 310.9950030297041 138.96220333129168 10.556940610501083
      vertex 310.9950030297041 138.96220333129168 0
      vertex 311.86509450525045 138.38082680106163 0
    endloop
  endfacet
  facet normal -0.8314696152891687 -0.5555702285498041 0
    outer loop
      vertex 313.34182976186275 136.90409154444933 10.556940610501083
      vertex 313.34182976186275 136.90409154444933 0
      vertex 313.9232062920928 136.03400006890297 0
    endloop
  endfacet
  facet normal -0.8968727445517748 -0.4422886840968993 0
    outer loop
      vertex 313.9232062920928 136.03400006890297 10.556940610501083
      vertex 313.9232062920928 136.03400006890297 0
      vertex 314.38603930175304 135.0954675525427 0
    endloop
  endfacet
  facet normal -0.7518398046748959 -0.6593458182975112 0
    outer loop
      vertex 312.6518573015928 137.6908543407917 10.556940610501083
      vertex 312.6518573015928 137.6908543407917 0
      vertex 313.34182976186275 136.90409154444933 0
    endloop
  endfacet
  facet normal -0.9978589231278673 -0.065403130919651 0
    outer loop
      vertex 314.9265619367361 133.07820966094732 10.556940610501083
      vertex 314.9265619367361 133.07820966094732 0
      vertex 314.99500305205584 132.0340000540018 0
    endloop
  endfacet
  facet normal 0.997858921304797 0.06540315873432288 0
    outer loop
      vertex 324.7302191108465 141.29361388087273 10.556940610501083
      vertex 324.75 140.99181596934795 0
      vertex 324.7302191108465 141.29361388087273 0
    endloop
  endfacet
  facet normal 0.06540315873432288 0.997858921304797 0
    outer loop
      vertex 322.49181596934795 143.25 10.556940610501083
      vertex 322.7936138808727 143.23021911084652 0
      vertex 322.49181596934795 143.25 0
    endloop
  endfacet
  facet normal 0.19509029924483365 0.9807852849327222 0
    outer loop
      vertex 322.7936138808727 143.23021911084652 10.556940610501083
      vertex 323.0822040066123 143.1728149726987 0
      vertex 322.7936138808727 143.23021911084652 0
    endloop
  endfacet
  facet normal 0.3214394786200054 0.9469301249746461 0
    outer loop
      vertex 323.0822040066123 143.1728149726987 10.556940610501083
      vertex 323.3608323484659 143.07823339104652 0
      vertex 323.0822040066123 143.1728149726987 0
    endloop
  endfacet
  facet normal 0.4422887199964958 0.8968727268480524 0
    outer loop
      vertex 323.3608323484659 143.07823339104652 10.556940610501083
      vertex 323.6247318610549 142.9480925425887 0
      vertex 323.3608323484659 143.07823339104652 0
    endloop
  endfacet
  facet normal 0.9807852849327222 0.19509029924483365 0
    outer loop
      vertex 324.6728149726987 141.5822040066123 10.556940610501083
      vertex 324.7302191108465 141.29361388087273 0
      vertex 324.6728149726987 141.5822040066123 0
    endloop
  endfacet
  facet normal 0.9469301249746461 0.3214394786200054 0
    outer loop
      vertex 324.5782333910465 141.86083234846592 10.556940610501083
      vertex 324.6728149726987 141.5822040066123 0
      vertex 324.5782333910465 141.86083234846592 0
    endloop
  endfacet
  facet normal 0.8968727268480524 0.4422887199964958 0
    outer loop
      vertex 324.4480925425887 142.1247318610549 10.556940610501083
      vertex 324.5782333910465 141.86083234846592 0
      vertex 324.4480925425887 142.1247318610549 0
    endloop
  endfacet
  facet normal 0.6593458140408605 0.7518398084078781 0
    outer loop
      vertex 323.86938667297363 142.784619435668 10.556940610501083
      vertex 324.0906109511852 142.59061095118523 0
      vertex 323.86938667297363 142.784619435668 0
    endloop
  endfacet
  facet normal 0.5555702046662585 0.8314696312476431 0
    outer loop
      vertex 323.6247318610549 142.9480925425887 10.556940610501083
      vertex 323.86938667297363 142.784619435668 0
      vertex 323.6247318610549 142.9480925425887 0
    endloop
  endfacet
  facet normal 0.8314696312476431 0.5555702046662585 0
    outer loop
      vertex 324.284619435668 142.36938667297363 10.556940610501083
      vertex 324.4480925425887 142.1247318610549 0
      vertex 324.284619435668 142.36938667297363 0
    endloop
  endfacet
  facet normal 0.7518398084078781 0.6593458140408605 0
    outer loop
      vertex 324.0906109511852 142.59061095118523 10.556940610501083
      vertex 324.284619435668 142.36938667297363 0
      vertex 324.0906109511852 142.59061095118523 0
    endloop
  endfacet
  facet normal 0 0 -1
    outer loop
      vertex 306.99500301480293 140.0340000912547 0
      vertex 322.49181596934795 143.25 0
      vertex 308.03921262174845 139.96555897593498 0
    endloop
  endfacet
  facet normal 0 0 -1
    outer loop
      vertex 308.03921262174845 139.96555897593498 0
      vertex 322.49181596934795 143.25 0
      vertex 309.06555542349815 139.76140669733286 0
    endloop
  endfacet
  facet normal 0 0 -1
    outer loop
      vertex 309.06555542349815 139.76140669733286 0
      vertex 322.49181596934795 143.25 0
      vertex 310.0564705133438 139.42503634095192 0
    endloop
  endfacet
  facet normal 0 0 -1
    outer loop
      vertex 310.9950030297041 138.96220333129168 0
      vertex 310.0564705133438 139.42503634095192 0
      vertex 322.49181596934795 143.25 0
    endloop
  endfacet
  facet normal 0 0 -1
    outer loop
      vertex 313.9232062920928 136.03400006890297 0
      vertex 313.34182976186275 136.90409154444933 0
      vertex 324.75 140.99181596934795 0
    endloop
  endfacet
  facet normal 0 0 -1
    outer loop
      vertex 313.34182976186275 136.90409154444933 0
      vertex 312.6518573015928 137.6908543407917 0
      vertex 322.49181596934795 143.25 0
    endloop
  endfacet
  facet normal 0 0 -1
    outer loop
      vertex 314.99500305205584 132.0340000540018 0
      vertex 314.9265619367361 133.07820966094732 0
      vertex 324.75 140.99181596934795 0
    endloop
  endfacet
  facet normal 0 0 -1
    outer loop
      vertex 314.722409658134 134.10455246269703 0
      vertex 324.75 140.99181596934795 0
      vertex 314.9265619367361 133.07820966094732 0
    endloop
  endfacet
  facet normal 0 0 -1
    outer loop
      vertex 314.722409658134 134.10455246269703 0
      vertex 314.38603930175304 135.0954675525427 0
      vertex 324.75 140.99181596934795 0
    endloop
  endfacet
  facet normal 0 0 -1
    outer loop
      vertex 314.38603930175304 135.0954675525427 0
      vertex 313.9232062920928 136.03400006890297 0
      vertex 324.75 140.99181596934795 0
    endloop
  endfacet
  facet normal 0 0 -1
    outer loop
      vertex 310.9950030297041 138.96220333129168 0
      vertex 322.49181596934795 143.25 0
      vertex 311.86509450525045 138.38082680106163 0
    endloop
  endfacet
  facet normal 0 0 -1
    outer loop
      vertex 311.86509450525045 138.38082680106163 0
      vertex 322.49181596934795 143.25 0
      vertex 312.6518573015928 137.6908543407917 0
    endloop
  endfacet
  facet normal 0 0 -1
    outer loop
      vertex 313.34182976186275 136.90409154444933 0
      vertex 322.49181596934795 143.25 0
      vertex 322.7936138808727 143.23021911084652 0
    endloop
  endfacet
  facet normal 0 0 -1
    outer loop
      vertex 313.34182976186275 136.90409154444933 0
      vertex 322.7936138808727 143.23021911084652 0
      vertex 323.0822040066123 143.1728149726987 0
    endloop
  endfacet
  facet normal 0 0 -1
    outer loop
      vertex 313.34182976186275 136.90409154444933 0
      vertex 324.7302191108465 141.29361388087273 0
      vertex 324.75 140.99181596934795 0
    endloop
  endfacet
  facet normal 0 0 -1
    outer loop
      vertex 313.34182976186275 136.90409154444933 0
      vertex 324.6728149726987 141.5822040066123 0
      vertex 324.7302191108465 141.29361388087273 0
    endloop
  endfacet
  facet normal 0 0 -1
    outer loop
      vertex 313.34182976186275 136.90409154444933 0
      vertex 324.5782333910465 141.86083234846592 0
      vertex 324.6728149726987 141.5822040066123 0
    endloop
  endfacet
  facet normal 0 0 -1
    outer loop
      vertex 313.34182976186275 136.90409154444933 0
      vertex 323.86938667297363 142.784619435668 0
      vertex 324.0906109511852 142.59061095118523 0
    endloop
  endfacet
  facet normal 0 0 -1
    outer loop
      vertex 313.34182976186275 136.90409154444933 0
      vertex 323.3608323484659 143.07823339104652 0
      vertex 323.6247318610549 142.9480925425887 0
    endloop
  endfacet
  facet normal 0 0 -1
    outer loop
      vertex 313.34182976186275 136.90409154444933 0
      vertex 323.0822040066123 143.1728149726987 0
      vertex 323.3608323484659 143.07823339104652 0
    endloop
  endfacet
  facet normal 0 0 -1
    outer loop
      vertex 313.34182976186275 136.90409154444933 0
      vertex 323.6247318610549 142.9480925425887 0
      vertex 323.86938667297363 142.784619435668 0
    endloop
  endfacet
  facet normal 0 0 -1
    outer loop
      vertex 313.34182976186275 136.90409154444933 0
      vertex 324.284619435668 142.36938667297363 0
      vertex 324.4480925425887 142.1247318610549 0
    endloop
  endfacet
  facet normal 0 0 -1
    outer loop
      vertex 313.34182976186275 136.90409154444933 0
      vertex 324.0906109511852 142.59061095118523 0
      vertex 324.284619435668 142.36938667297363 0
    endloop
  endfacet
  facet normal 0 0 -1
    outer loop
      vertex 313.34182976186275 136.90409154444933 0
      vertex 324.4480925425887 142.1247318610549 0
      vertex 324.5782333910465 141.86083234846592 0
    endloop
  endfacet
  facet normal -1 0 0
    outer loop
      vertex 167 19.89199646562338 0
      vertex 167 17 10.556940610501083
      vertex 167 19.89199646562338 10.556940610501083
    endloop
  endfacet
  facet normal -1 0 0
    outer loop
      vertex 167 19.89199646562338 0
      vertex 167 17 0
      vertex 167 17 10.556940610501083
    endloop
  endfacet
  facet normal -1 0 0
    outer loop
      vertex 167 143.25 10.556940610501083
      vertex 167 143.25 0
      vertex 167 140.0340000912547 10.556940610501083
    endloop
  endfacet
  facet normal -1 0 0
    outer loop
      vertex 167 140.0340000912547 10.556940610501083
      vertex 167 143.25 0
      vertex 167 140.0340000912547 0
    endloop
  endfacet
endsolid OpenSCAD_Model
