solid OpenSCAD_Model
  facet normal 0.7933533402912362 0.6087614290087195 0
    outer loop
      vertex 13.517468245269447 49.715 10.556940610501083
      vertex 13.71611652351681 49.45611652351682 10.556940610501083
      vertex 13.517468245269447 49.715 0.5999999999999996
    endloop
  endfacet
  facet normal 0.9238795325112867 0.38268343236508984 0
    outer loop
      vertex 13.517468245269447 49.715 10.556940610501083
      vertex 13.392592717138658 50.016476193621855 0.5999999999999996
      vertex 13.392592717138658 50.016476193621855 10.556940610501083
    endloop
  endfacet
  facet normal 0.9914448613738105 0.1305261922200507 0
    outer loop
      vertex 13.392592717138658 50.016476193621855 10.556940610501083
      vertex 13.349999999999994 50.34 0.5999999999999996
      vertex 13.349999999999994 50.34 10.556940610501083
    endloop
  endfacet
  facet normal 0.9914448613738105 -0.1305261922200507 0
    outer loop
      vertex 13.349999999999994 50.34 10.556940610501083
      vertex 13.392592717138658 50.66352380637815 0.5999999999999996
      vertex 13.392592717138658 50.66352380637815 10.556940610501083
    endloop
  endfacet
  facet normal 0.9238795325112867 -0.38268343236508984 0
    outer loop
      vertex 13.392592717138658 50.66352380637815 10.556940610501083
      vertex 13.517468245269447 50.965 0.5999999999999996
      vertex 13.517468245269447 50.965 10.556940610501083
    endloop
  endfacet
  facet normal 0.608761429008716 0.7933533402912387 0
    outer loop
      vertex 13.974999999999994 49.25746824526946 10.556940610501083
      vertex 13.71611652351681 49.45611652351682 0.5999999999999996
      vertex 13.71611652351681 49.45611652351682 10.556940610501083
    endloop
  endfacet
  facet normal 0.38268343236508906 0.9238795325112871 0
    outer loop
      vertex 13.974999999999994 49.25746824526946 10.556940610501083
      vertex 14.276476193621843 49.13259271713867 10.556940610501083
      vertex 13.974999999999994 49.25746824526946 0.5999999999999996
    endloop
  endfacet
  facet normal 0.13052619222006004 0.9914448613738094 0
    outer loop
      vertex 14.276476193621843 49.13259271713867 10.556940610501083
      vertex 14.599999999999994 49.09 10.556940610501083
      vertex 14.276476193621843 49.13259271713867 0.5999999999999996
    endloop
  endfacet
  facet normal -0.13052619222006004 0.9914448613738094 0
    outer loop
      vertex 14.599999999999994 49.09 10.556940610501083
      vertex 14.923523806378146 49.13259271713867 10.556940610501083
      vertex 14.599999999999994 49.09 0.5999999999999996
    endloop
  endfacet
  facet normal -0.38268343236508906 0.9238795325112871 0
    outer loop
      vertex 14.923523806378146 49.13259271713867 10.556940610501083
      vertex 15.224999999999994 49.25746824526946 10.556940610501083
      vertex 14.923523806378146 49.13259271713867 0.5999999999999996
    endloop
  endfacet
  facet normal -0.608761429008716 0.7933533402912387 0
    outer loop
      vertex 15.224999999999994 49.25746824526946 10.556940610501083
      vertex 15.483883476483179 49.45611652351682 10.556940610501083
      vertex 15.224999999999994 49.25746824526946 0.5999999999999996
    endloop
  endfacet
  facet normal -0.7933533402912362 0.6087614290087195 0
    outer loop
      vertex 15.483883476483179 49.45611652351682 10.556940610501083
      vertex 15.682531754730542 49.715 10.556940610501083
      vertex 15.483883476483179 49.45611652351682 0.5999999999999996
    endloop
  endfacet
  facet normal -0.9238795325112867 0.38268343236508984 0
    outer loop
      vertex 15.682531754730542 49.715 10.556940610501083
      vertex 15.80740728286133 50.016476193621855 10.556940610501083
      vertex 15.682531754730542 49.715 0.5999999999999996
    endloop
  endfacet
  facet normal -0.9914448613738105 0.1305261922200507 0
    outer loop
      vertex 15.80740728286133 50.016476193621855 10.556940610501083
      vertex 15.849999999999994 50.34 10.556940610501083
      vertex 15.80740728286133 50.016476193621855 0.5999999999999996
    endloop
  endfacet
  facet normal -0.9914448613738105 -0.1305261922200507 0
    outer loop
      vertex 15.849999999999994 50.34 10.556940610501083
      vertex 15.80740728286133 50.66352380637815 10.556940610501083
      vertex 15.849999999999994 50.34 0.5999999999999996
    endloop
  endfacet
  facet normal 0.7933533402912362 -0.6087614290087195 0
    outer loop
      vertex 13.517468245269447 50.965 10.556940610501083
      vertex 13.71611652351681 51.22388347648319 0.5999999999999996
      vertex 13.71611652351681 51.22388347648319 10.556940610501083
    endloop
  endfacet
  facet normal 0.608761429008716 -0.7933533402912387 0
    outer loop
      vertex 13.71611652351681 51.22388347648319 10.556940610501083
      vertex 13.974999999999994 51.42253175473055 0.5999999999999996
      vertex 13.974999999999994 51.42253175473055 10.556940610501083
    endloop
  endfacet
  facet normal 0.38268343236508906 -0.9238795325112871 0
    outer loop
      vertex 13.974999999999994 51.42253175473055 10.556940610501083
      vertex 14.276476193621843 51.547407282861336 0.5999999999999996
      vertex 14.276476193621843 51.547407282861336 10.556940610501083
    endloop
  endfacet
  facet normal 0.13052619222006004 -0.9914448613738094 0
    outer loop
      vertex 14.276476193621843 51.547407282861336 10.556940610501083
      vertex 14.599999999999994 51.59 0.5999999999999996
      vertex 14.599999999999994 51.59 10.556940610501083
    endloop
  endfacet
  facet normal -0.13052619222006004 -0.9914448613738094 0
    outer loop
      vertex 14.599999999999994 51.59 10.556940610501083
      vertex 14.923523806378146 51.547407282861336 0.5999999999999996
      vertex 14.923523806378146 51.547407282861336 10.556940610501083
    endloop
  endfacet
  facet normal -0.38268343236508906 -0.9238795325112871 0
    outer loop
      vertex 15.224999999999994 51.42253175473055 10.556940610501083
      vertex 14.923523806378146 51.547407282861336 10.556940610501083
      vertex 15.224999999999994 51.42253175473055 0.5999999999999996
    endloop
  endfacet
  facet normal -0.608761429008716 -0.7933533402912387 0
    outer loop
      vertex 15.483883476483179 51.22388347648319 10.556940610501083
      vertex 15.224999999999994 51.42253175473055 10.556940610501083
      vertex 15.483883476483179 51.22388347648319 0.5999999999999996
    endloop
  endfacet
  facet normal -0.9238795325112867 -0.38268343236508984 0
    outer loop
      vertex 15.80740728286133 50.66352380637815 10.556940610501083
      vertex 15.682531754730542 50.965 10.556940610501083
      vertex 15.80740728286133 50.66352380637815 0.5999999999999996
    endloop
  endfacet
  facet normal -0.7933533402912362 -0.6087614290087195 0
    outer loop
      vertex 15.682531754730542 50.965 10.556940610501083
      vertex 15.483883476483179 51.22388347648319 10.556940610501083
      vertex 15.682531754730542 50.965 0.5999999999999996
    endloop
  endfacet
  facet normal 0.9238795325112867 0.38268343236508984 0
    outer loop
      vertex 13.517468245269447 49.715 10.556940610501083
      vertex 13.517468245269447 49.715 0.5999999999999996
      vertex 13.392592717138658 50.016476193621855 0.5999999999999996
    endloop
  endfacet
  facet normal 0.9914448613738105 0.1305261922200507 0
    outer loop
      vertex 13.392592717138658 50.016476193621855 10.556940610501083
      vertex 13.392592717138658 50.016476193621855 0.5999999999999996
      vertex 13.349999999999994 50.34 0.5999999999999996
    endloop
  endfacet
  facet normal 0.9914448613738105 -0.1305261922200507 0
    outer loop
      vertex 13.349999999999994 50.34 10.556940610501083
      vertex 13.349999999999994 50.34 0.5999999999999996
      vertex 13.392592717138658 50.66352380637815 0.5999999999999996
    endloop
  endfacet
  facet normal 0.9238795325112867 -0.38268343236508984 0
    outer loop
      vertex 13.392592717138658 50.66352380637815 10.556940610501083
      vertex 13.392592717138658 50.66352380637815 0.5999999999999996
      vertex 13.517468245269447 50.965 0.5999999999999996
    endloop
  endfacet
  facet normal 0.7933533402912362 -0.6087614290087195 0
    outer loop
      vertex 13.517468245269447 50.965 10.556940610501083
      vertex 13.517468245269447 50.965 0.5999999999999996
      vertex 13.71611652351681 51.22388347648319 0.5999999999999996
    endloop
  endfacet
  facet normal 0.7933533402912362 0.6087614290087195 0
    outer loop
      vertex 13.71611652351681 49.45611652351682 10.556940610501083
      vertex 13.71611652351681 49.45611652351682 0.5999999999999996
      vertex 13.517468245269447 49.715 0.5999999999999996
    endloop
  endfacet
  facet normal 0.608761429008716 0.7933533402912387 0
    outer loop
      vertex 13.974999999999994 49.25746824526946 10.556940610501083
      vertex 13.974999999999994 49.25746824526946 0.5999999999999996
      vertex 13.71611652351681 49.45611652351682 0.5999999999999996
    endloop
  endfacet
  facet normal 0.38268343236508906 0.9238795325112871 0
    outer loop
      vertex 14.276476193621843 49.13259271713867 10.556940610501083
      vertex 14.276476193621843 49.13259271713867 0.5999999999999996
      vertex 13.974999999999994 49.25746824526946 0.5999999999999996
    endloop
  endfacet
  facet normal 0.13052619222006004 0.9914448613738094 0
    outer loop
      vertex 14.599999999999994 49.09 10.556940610501083
      vertex 14.599999999999994 49.09 0.5999999999999996
      vertex 14.276476193621843 49.13259271713867 0.5999999999999996
    endloop
  endfacet
  facet normal -0.13052619222006004 0.9914448613738094 0
    outer loop
      vertex 14.923523806378146 49.13259271713867 10.556940610501083
      vertex 14.923523806378146 49.13259271713867 0.5999999999999996
      vertex 14.599999999999994 49.09 0.5999999999999996
    endloop
  endfacet
  facet normal -0.38268343236508906 0.9238795325112871 0
    outer loop
      vertex 15.224999999999994 49.25746824526946 10.556940610501083
      vertex 15.224999999999994 49.25746824526946 0.5999999999999996
      vertex 14.923523806378146 49.13259271713867 0.5999999999999996
    endloop
  endfacet
  facet normal -0.608761429008716 0.7933533402912387 0
    outer loop
      vertex 15.483883476483179 49.45611652351682 10.556940610501083
      vertex 15.483883476483179 49.45611652351682 0.5999999999999996
      vertex 15.224999999999994 49.25746824526946 0.5999999999999996
    endloop
  endfacet
  facet normal -0.7933533402912362 0.6087614290087195 0
    outer loop
      vertex 15.682531754730542 49.715 10.556940610501083
      vertex 15.682531754730542 49.715 0.5999999999999996
      vertex 15.483883476483179 49.45611652351682 0.5999999999999996
    endloop
  endfacet
  facet normal -0.9238795325112867 0.38268343236508984 0
    outer loop
      vertex 15.80740728286133 50.016476193621855 10.556940610501083
      vertex 15.80740728286133 50.016476193621855 0.5999999999999996
      vertex 15.682531754730542 49.715 0.5999999999999996
    endloop
  endfacet
  facet normal -0.9914448613738105 0.1305261922200507 0
    outer loop
      vertex 15.849999999999994 50.34 10.556940610501083
      vertex 15.849999999999994 50.34 0.5999999999999996
      vertex 15.80740728286133 50.016476193621855 0.5999999999999996
    endloop
  endfacet
  facet normal 0.608761429008716 -0.7933533402912387 0
    outer loop
      vertex 13.71611652351681 51.22388347648319 10.556940610501083
      vertex 13.71611652351681 51.22388347648319 0.5999999999999996
      vertex 13.974999999999994 51.42253175473055 0.5999999999999996
    endloop
  endfacet
  facet normal 0.38268343236508906 -0.9238795325112871 0
    outer loop
      vertex 13.974999999999994 51.42253175473055 10.556940610501083
      vertex 13.974999999999994 51.42253175473055 0.5999999999999996
      vertex 14.276476193621843 51.547407282861336 0.5999999999999996
    endloop
  endfacet
  facet normal 0.13052619222006004 -0.9914448613738094 0
    outer loop
      vertex 14.276476193621843 51.547407282861336 10.556940610501083
      vertex 14.276476193621843 51.547407282861336 0.5999999999999996
      vertex 14.599999999999994 51.59 0.5999999999999996
    endloop
  endfacet
  facet normal -0.13052619222006004 -0.9914448613738094 0
    outer loop
      vertex 14.599999999999994 51.59 10.556940610501083
      vertex 14.599999999999994 51.59 0.5999999999999996
      vertex 14.923523806378146 51.547407282861336 0.5999999999999996
    endloop
  endfacet
  facet normal -0.38268343236508906 -0.9238795325112871 0
    outer loop
      vertex 14.923523806378146 51.547407282861336 10.556940610501083
      vertex 14.923523806378146 51.547407282861336 0.5999999999999996
      vertex 15.224999999999994 51.42253175473055 0.5999999999999996
    endloop
  endfacet
  facet normal -0.608761429008716 -0.7933533402912387 0
    outer loop
      vertex 15.224999999999994 51.42253175473055 10.556940610501083
      vertex 15.224999999999994 51.42253175473055 0.5999999999999996
      vertex 15.483883476483179 51.22388347648319 0.5999999999999996
    endloop
  endfacet
  facet normal -0.9238795325112867 -0.38268343236508984 0
    outer loop
      vertex 15.682531754730542 50.965 10.556940610501083
      vertex 15.682531754730542 50.965 0.5999999999999996
      vertex 15.80740728286133 50.66352380637815 0.5999999999999996
    endloop
  endfacet
  facet normal -0.9914448613738105 -0.1305261922200507 0
    outer loop
      vertex 15.80740728286133 50.66352380637815 10.556940610501083
      vertex 15.80740728286133 50.66352380637815 0.5999999999999996
      vertex 15.849999999999994 50.34 0.5999999999999996
    endloop
  endfacet
  facet normal -0.7933533402912362 -0.6087614290087195 0
    outer loop
      vertex 15.483883476483179 51.22388347648319 10.556940610501083
      vertex 15.483883476483179 51.22388347648319 0.5999999999999996
      vertex 15.682531754730542 50.965 0.5999999999999996
    endloop
  endfacet
  facet normal 0 0 1
    outer loop
      vertex 13.517468245269447 49.715 0.5999999999999996
      vertex 13.392592717138658 50.66352380637815 0.5999999999999996
      vertex 13.392592717138658 50.016476193621855 0.5999999999999996
    endloop
  endfacet
  facet normal 0 0 1
    outer loop
      vertex 13.517468245269447 49.715 0.5999999999999996
      vertex 13.71611652351681 49.45611652351682 0.5999999999999996
      vertex 13.517468245269447 50.965 0.5999999999999996
    endloop
  endfacet
  facet normal 0 0 1
    outer loop
      vertex 13.392592717138658 50.016476193621855 0.5999999999999996
      vertex 13.392592717138658 50.66352380637815 0.5999999999999996
      vertex 13.349999999999994 50.34 0.5999999999999996
    endloop
  endfacet
  facet normal 0 0 1
    outer loop
      vertex 13.517468245269447 49.715 0.5999999999999996
      vertex 13.517468245269447 50.965 0.5999999999999996
      vertex 13.392592717138658 50.66352380637815 0.5999999999999996
    endloop
  endfacet
  facet normal 0 0 1
    outer loop
      vertex 13.974999999999994 49.25746824526946 0.5999999999999996
      vertex 13.71611652351681 51.22388347648319 0.5999999999999996
      vertex 13.71611652351681 49.45611652351682 0.5999999999999996
    endloop
  endfacet
  facet normal 0 0 1
    outer loop
      vertex 13.974999999999994 49.25746824526946 0.5999999999999996
      vertex 14.276476193621843 49.13259271713867 0.5999999999999996
      vertex 13.974999999999994 51.42253175473055 0.5999999999999996
    endloop
  endfacet
  facet normal 0 0 1
    outer loop
      vertex 14.276476193621843 49.13259271713867 0.5999999999999996
      vertex 14.599999999999994 49.09 0.5999999999999996
      vertex 14.276476193621843 51.547407282861336 0.5999999999999996
    endloop
  endfacet
  facet normal 0 0 1
    outer loop
      vertex 14.599999999999994 49.09 0.5999999999999996
      vertex 14.923523806378146 49.13259271713867 0.5999999999999996
      vertex 14.599999999999994 51.59 0.5999999999999996
    endloop
  endfacet
  facet normal 0 0 1
    outer loop
      vertex 14.923523806378146 49.13259271713867 0.5999999999999996
      vertex 15.224999999999994 49.25746824526946 0.5999999999999996
      vertex 14.923523806378146 51.547407282861336 0.5999999999999996
    endloop
  endfacet
  facet normal 0 0 1
    outer loop
      vertex 15.224999999999994 49.25746824526946 0.5999999999999996
      vertex 15.483883476483179 49.45611652351682 0.5999999999999996
      vertex 15.224999999999994 51.42253175473055 0.5999999999999996
    endloop
  endfacet
  facet normal 0 0 1
    outer loop
      vertex 15.483883476483179 49.45611652351682 0.5999999999999996
      vertex 15.682531754730542 49.715 0.5999999999999996
      vertex 15.483883476483179 51.22388347648319 0.5999999999999996
    endloop
  endfacet
  facet normal 0 0 1
    outer loop
      vertex 15.682531754730542 49.715 0.5999999999999996
      vertex 15.80740728286133 50.016476193621855 0.5999999999999996
      vertex 15.682531754730542 50.965 0.5999999999999996
    endloop
  endfacet
  facet normal 0 0 1
    outer loop
      vertex 15.80740728286133 50.016476193621855 0.5999999999999996
      vertex 15.849999999999994 50.34 0.5999999999999996
      vertex 15.80740728286133 50.66352380637815 0.5999999999999996
    endloop
  endfacet
  facet normal 0 0 1
    outer loop
      vertex 13.517468245269447 50.965 0.5999999999999996
      vertex 13.71611652351681 49.45611652351682 0.5999999999999996
      vertex 13.71611652351681 51.22388347648319 0.5999999999999996
    endloop
  endfacet
  facet normal 0 0 1
    outer loop
      vertex 13.974999999999994 49.25746824526946 0.5999999999999996
      vertex 13.974999999999994 51.42253175473055 0.5999999999999996
      vertex 13.71611652351681 51.22388347648319 0.5999999999999996
    endloop
  endfacet
  facet normal 0 0 1
    outer loop
      vertex 14.276476193621843 49.13259271713867 0.5999999999999996
      vertex 14.276476193621843 51.547407282861336 0.5999999999999996
      vertex 13.974999999999994 51.42253175473055 0.5999999999999996
    endloop
  endfacet
  facet normal 0 0 1
    outer loop
      vertex 14.599999999999994 49.09 0.5999999999999996
      vertex 14.599999999999994 51.59 0.5999999999999996
      vertex 14.276476193621843 51.547407282861336 0.5999999999999996
    endloop
  endfacet
  facet normal 0 0 1
    outer loop
      vertex 14.923523806378146 49.13259271713867 0.5999999999999996
      vertex 14.923523806378146 51.547407282861336 0.5999999999999996
      vertex 14.599999999999994 51.59 0.5999999999999996
    endloop
  endfacet
  facet normal 0 0 1
    outer loop
      vertex 15.224999999999994 49.25746824526946 0.5999999999999996
      vertex 15.224999999999994 51.42253175473055 0.5999999999999996
      vertex 14.923523806378146 51.547407282861336 0.5999999999999996
    endloop
  endfacet
  facet normal 0 0 1
    outer loop
      vertex 15.483883476483179 49.45611652351682 0.5999999999999996
      vertex 15.483883476483179 51.22388347648319 0.5999999999999996
      vertex 15.224999999999994 51.42253175473055 0.5999999999999996
    endloop
  endfacet
  facet normal 0 0 1
    outer loop
      vertex 15.682531754730542 49.715 0.5999999999999996
      vertex 15.682531754730542 50.965 0.5999999999999996
      vertex 15.483883476483179 51.22388347648319 0.5999999999999996
    endloop
  endfacet
  facet normal 0 0 1
    outer loop
      vertex 15.80740728286133 50.016476193621855 0.5999999999999996
      vertex 15.80740728286133 50.66352380637815 0.5999999999999996
      vertex 15.682531754730542 50.965 0.5999999999999996
    endloop
  endfacet
  facet normal 0.7933533402912281 0.60876142900873 0
    outer loop
      vertex 13.517468245269447 109.735 10.556940610501083
      vertex 13.71611652351681 109.47611652351682 10.556940610501083
      vertex 13.517468245269447 109.735 0.5999999999999996
    endloop
  endfacet
  facet normal 0.9238795325112867 0.38268343236508984 0
    outer loop
      vertex 13.517468245269447 109.735 10.556940610501083
      vertex 13.392592717138658 110.03647619362185 0.5999999999999996
      vertex 13.392592717138658 110.03647619362185 10.556940610501083
    endloop
  endfacet
  facet normal 0.9914448613738105 0.1305261922200507 0
    outer loop
      vertex 13.392592717138658 110.03647619362185 10.556940610501083
      vertex 13.349999999999994 110.36 0.5999999999999996
      vertex 13.349999999999994 110.36 10.556940610501083
    endloop
  endfacet
  facet normal 0.9914448613738105 -0.1305261922200507 0
    outer loop
      vertex 13.349999999999994 110.36 10.556940610501083
      vertex 13.392592717138658 110.68352380637815 0.5999999999999996
      vertex 13.392592717138658 110.68352380637815 10.556940610501083
    endloop
  endfacet
  facet normal 0.9238795325112867 -0.38268343236508984 0
    outer loop
      vertex 13.392592717138658 110.68352380637815 10.556940610501083
      vertex 13.517468245269447 110.985 0.5999999999999996
      vertex 13.517468245269447 110.985 10.556940610501083
    endloop
  endfacet
  facet normal 0.6087614290087435 0.7933533402912177 0
    outer loop
      vertex 13.974999999999994 109.27746824526945 10.556940610501083
      vertex 13.71611652351681 109.47611652351682 0.5999999999999996
      vertex 13.71611652351681 109.47611652351682 10.556940610501083
    endloop
  endfacet
  facet normal 0.38268343236508906 0.9238795325112871 0
    outer loop
      vertex 14.276476193621843 109.15259271713866 10.556940610501083
      vertex 13.974999999999994 109.27746824526945 0.5999999999999996
      vertex 13.974999999999994 109.27746824526945 10.556940610501083
    endloop
  endfacet
  facet normal 0.1305261922200386 0.991444861373812 0
    outer loop
      vertex 14.276476193621843 109.15259271713866 10.556940610501083
      vertex 14.599999999999994 109.11 10.556940610501083
      vertex 14.276476193621843 109.15259271713866 0.5999999999999996
    endloop
  endfacet
  facet normal -0.1305261922200386 0.991444861373812 0
    outer loop
      vertex 14.599999999999994 109.11 10.556940610501083
      vertex 14.923523806378146 109.15259271713866 10.556940610501083
      vertex 14.599999999999994 109.11 0.5999999999999996
    endloop
  endfacet
  facet normal -0.38268343236508906 0.9238795325112871 0
    outer loop
      vertex 14.923523806378146 109.15259271713866 10.556940610501083
      vertex 15.224999999999994 109.27746824526945 10.556940610501083
      vertex 14.923523806378146 109.15259271713866 0.5999999999999996
    endloop
  endfacet
  facet normal -0.6087614290087435 0.7933533402912177 0
    outer loop
      vertex 15.224999999999994 109.27746824526945 10.556940610501083
      vertex 15.483883476483179 109.47611652351682 10.556940610501083
      vertex 15.224999999999994 109.27746824526945 0.5999999999999996
    endloop
  endfacet
  facet normal -0.7933533402912281 0.60876142900873 0
    outer loop
      vertex 15.483883476483179 109.47611652351682 10.556940610501083
      vertex 15.682531754730542 109.735 10.556940610501083
      vertex 15.483883476483179 109.47611652351682 0.5999999999999996
    endloop
  endfacet
  facet normal 0.7933533402912281 -0.60876142900873 0
    outer loop
      vertex 13.517468245269447 110.985 10.556940610501083
      vertex 13.71611652351681 111.24388347648318 0.5999999999999996
      vertex 13.71611652351681 111.24388347648318 10.556940610501083
    endloop
  endfacet
  facet normal 0.6087614290087435 -0.7933533402912177 0
    outer loop
      vertex 13.71611652351681 111.24388347648318 10.556940610501083
      vertex 13.974999999999994 111.44253175473055 0.5999999999999996
      vertex 13.974999999999994 111.44253175473055 10.556940610501083
    endloop
  endfacet
  facet normal 0.38268343236508906 -0.9238795325112871 0
    outer loop
      vertex 13.974999999999994 111.44253175473055 10.556940610501083
      vertex 14.276476193621843 111.56740728286134 0.5999999999999996
      vertex 14.276476193621843 111.56740728286134 10.556940610501083
    endloop
  endfacet
  facet normal 0.1305261922200386 -0.991444861373812 0
    outer loop
      vertex 14.276476193621843 111.56740728286134 10.556940610501083
      vertex 14.599999999999994 111.61 0.5999999999999996
      vertex 14.599999999999994 111.61 10.556940610501083
    endloop
  endfacet
  facet normal -0.1305261922200386 -0.991444861373812 0
    outer loop
      vertex 14.599999999999994 111.61 10.556940610501083
      vertex 14.923523806378146 111.56740728286134 0.5999999999999996
      vertex 14.923523806378146 111.56740728286134 10.556940610501083
    endloop
  endfacet
  facet normal -0.9238795325112867 0.38268343236508984 0
    outer loop
      vertex 15.682531754730542 109.735 10.556940610501083
      vertex 15.80740728286133 110.03647619362185 10.556940610501083
      vertex 15.682531754730542 109.735 0.5999999999999996
    endloop
  endfacet
  facet normal -0.9914448613738105 0.1305261922200507 0
    outer loop
      vertex 15.80740728286133 110.03647619362185 10.556940610501083
      vertex 15.849999999999994 110.36 10.556940610501083
      vertex 15.80740728286133 110.03647619362185 0.5999999999999996
    endloop
  endfacet
  facet normal -0.9914448613738105 -0.1305261922200507 0
    outer loop
      vertex 15.849999999999994 110.36 10.556940610501083
      vertex 15.80740728286133 110.68352380637815 10.556940610501083
      vertex 15.849999999999994 110.36 0.5999999999999996
    endloop
  endfacet
  facet normal -0.38268343236508906 -0.9238795325112871 0
    outer loop
      vertex 14.923523806378146 111.56740728286134 10.556940610501083
      vertex 15.224999999999994 111.44253175473055 0.5999999999999996
      vertex 15.224999999999994 111.44253175473055 10.556940610501083
    endloop
  endfacet
  facet normal -0.6087614290087435 -0.7933533402912177 0
    outer loop
      vertex 15.483883476483179 111.24388347648318 10.556940610501083
      vertex 15.224999999999994 111.44253175473055 10.556940610501083
      vertex 15.483883476483179 111.24388347648318 0.5999999999999996
    endloop
  endfacet
  facet normal -0.9238795325112867 -0.38268343236508984 0
    outer loop
      vertex 15.80740728286133 110.68352380637815 10.556940610501083
      vertex 15.682531754730542 110.985 10.556940610501083
      vertex 15.80740728286133 110.68352380637815 0.5999999999999996
    endloop
  endfacet
  facet normal -0.7933533402912281 -0.60876142900873 0
    outer loop
      vertex 15.682531754730542 110.985 10.556940610501083
      vertex 15.483883476483179 111.24388347648318 10.556940610501083
      vertex 15.682531754730542 110.985 0.5999999999999996
    endloop
  endfacet
  facet normal 0.9238795325112867 0.38268343236508984 0
    outer loop
      vertex 13.517468245269447 109.735 10.556940610501083
      vertex 13.517468245269447 109.735 0.5999999999999996
      vertex 13.392592717138658 110.03647619362185 0.5999999999999996
    endloop
  endfacet
  facet normal 0.9914448613738105 0.1305261922200507 0
    outer loop
      vertex 13.392592717138658 110.03647619362185 10.556940610501083
      vertex 13.392592717138658 110.03647619362185 0.5999999999999996
      vertex 13.349999999999994 110.36 0.5999999999999996
    endloop
  endfacet
  facet normal 0.9914448613738105 -0.1305261922200507 0
    outer loop
      vertex 13.349999999999994 110.36 10.556940610501083
      vertex 13.349999999999994 110.36 0.5999999999999996
      vertex 13.392592717138658 110.68352380637815 0.5999999999999996
    endloop
  endfacet
  facet normal 0.9238795325112867 -0.38268343236508984 0
    outer loop
      vertex 13.392592717138658 110.68352380637815 10.556940610501083
      vertex 13.392592717138658 110.68352380637815 0.5999999999999996
      vertex 13.517468245269447 110.985 0.5999999999999996
    endloop
  endfacet
  facet normal 0.7933533402912281 -0.60876142900873 0
    outer loop
      vertex 13.517468245269447 110.985 10.556940610501083
      vertex 13.517468245269447 110.985 0.5999999999999996
      vertex 13.71611652351681 111.24388347648318 0.5999999999999996
    endloop
  endfacet
  facet normal 0.38268343236508906 0.9238795325112871 0
    outer loop
      vertex 14.276476193621843 109.15259271713866 10.556940610501083
      vertex 14.276476193621843 109.15259271713866 0.5999999999999996
      vertex 13.974999999999994 109.27746824526945 0.5999999999999996
    endloop
  endfacet
  facet normal 0.6087614290087435 0.7933533402912177 0
    outer loop
      vertex 13.974999999999994 109.27746824526945 10.556940610501083
      vertex 13.974999999999994 109.27746824526945 0.5999999999999996
      vertex 13.71611652351681 109.47611652351682 0.5999999999999996
    endloop
  endfacet
  facet normal 0.7933533402912281 0.60876142900873 0
    outer loop
      vertex 13.71611652351681 109.47611652351682 10.556940610501083
      vertex 13.71611652351681 109.47611652351682 0.5999999999999996
      vertex 13.517468245269447 109.735 0.5999999999999996
    endloop
  endfacet
  facet normal 0.1305261922200386 0.991444861373812 0
    outer loop
      vertex 14.599999999999994 109.11 10.556940610501083
      vertex 14.599999999999994 109.11 0.5999999999999996
      vertex 14.276476193621843 109.15259271713866 0.5999999999999996
    endloop
  endfacet
  facet normal -0.1305261922200386 0.991444861373812 0
    outer loop
      vertex 14.923523806378146 109.15259271713866 10.556940610501083
      vertex 14.923523806378146 109.15259271713866 0.5999999999999996
      vertex 14.599999999999994 109.11 0.5999999999999996
    endloop
  endfacet
  facet normal -0.38268343236508906 0.9238795325112871 0
    outer loop
      vertex 15.224999999999994 109.27746824526945 10.556940610501083
      vertex 15.224999999999994 109.27746824526945 0.5999999999999996
      vertex 14.923523806378146 109.15259271713866 0.5999999999999996
    endloop
  endfacet
  facet normal -0.6087614290087435 0.7933533402912177 0
    outer loop
      vertex 15.483883476483179 109.47611652351682 10.556940610501083
      vertex 15.483883476483179 109.47611652351682 0.5999999999999996
      vertex 15.224999999999994 109.27746824526945 0.5999999999999996
    endloop
  endfacet
  facet normal -0.7933533402912281 0.60876142900873 0
    outer loop
      vertex 15.682531754730542 109.735 10.556940610501083
      vertex 15.682531754730542 109.735 0.5999999999999996
      vertex 15.483883476483179 109.47611652351682 0.5999999999999996
    endloop
  endfacet
  facet normal 0.6087614290087435 -0.7933533402912177 0
    outer loop
      vertex 13.71611652351681 111.24388347648318 10.556940610501083
      vertex 13.71611652351681 111.24388347648318 0.5999999999999996
      vertex 13.974999999999994 111.44253175473055 0.5999999999999996
    endloop
  endfacet
  facet normal 0.38268343236508906 -0.9238795325112871 0
    outer loop
      vertex 13.974999999999994 111.44253175473055 10.556940610501083
      vertex 13.974999999999994 111.44253175473055 0.5999999999999996
      vertex 14.276476193621843 111.56740728286134 0.5999999999999996
    endloop
  endfacet
  facet normal 0.1305261922200386 -0.991444861373812 0
    outer loop
      vertex 14.276476193621843 111.56740728286134 10.556940610501083
      vertex 14.276476193621843 111.56740728286134 0.5999999999999996
      vertex 14.599999999999994 111.61 0.5999999999999996
    endloop
  endfacet
  facet normal -0.1305261922200386 -0.991444861373812 0
    outer loop
      vertex 14.599999999999994 111.61 10.556940610501083
      vertex 14.599999999999994 111.61 0.5999999999999996
      vertex 14.923523806378146 111.56740728286134 0.5999999999999996
    endloop
  endfacet
  facet normal -0.9238795325112867 0.38268343236508984 0
    outer loop
      vertex 15.80740728286133 110.03647619362185 10.556940610501083
      vertex 15.80740728286133 110.03647619362185 0.5999999999999996
      vertex 15.682531754730542 109.735 0.5999999999999996
    endloop
  endfacet
  facet normal -0.9914448613738105 0.1305261922200507 0
    outer loop
      vertex 15.849999999999994 110.36 10.556940610501083
      vertex 15.849999999999994 110.36 0.5999999999999996
      vertex 15.80740728286133 110.03647619362185 0.5999999999999996
    endloop
  endfacet
  facet normal -0.9914448613738105 -0.1305261922200507 0
    outer loop
      vertex 15.80740728286133 110.68352380637815 10.556940610501083
      vertex 15.80740728286133 110.68352380637815 0.5999999999999996
      vertex 15.849999999999994 110.36 0.5999999999999996
    endloop
  endfacet
  facet normal -0.38268343236508906 -0.9238795325112871 0
    outer loop
      vertex 14.923523806378146 111.56740728286134 10.556940610501083
      vertex 14.923523806378146 111.56740728286134 0.5999999999999996
      vertex 15.224999999999994 111.44253175473055 0.5999999999999996
    endloop
  endfacet
  facet normal -0.6087614290087435 -0.7933533402912177 0
    outer loop
      vertex 15.224999999999994 111.44253175473055 10.556940610501083
      vertex 15.224999999999994 111.44253175473055 0.5999999999999996
      vertex 15.483883476483179 111.24388347648318 0.5999999999999996
    endloop
  endfacet
  facet normal -0.9238795325112867 -0.38268343236508984 0
    outer loop
      vertex 15.682531754730542 110.985 10.556940610501083
      vertex 15.682531754730542 110.985 0.5999999999999996
      vertex 15.80740728286133 110.68352380637815 0.5999999999999996
    endloop
  endfacet
  facet normal -0.7933533402912281 -0.60876142900873 0
    outer loop
      vertex 15.483883476483179 111.24388347648318 10.556940610501083
      vertex 15.483883476483179 111.24388347648318 0.5999999999999996
      vertex 15.682531754730542 110.985 0.5999999999999996
    endloop
  endfacet
  facet normal 0 0 1
    outer loop
      vertex 13.517468245269447 109.735 0.5999999999999996
      vertex 13.392592717138658 110.68352380637815 0.5999999999999996
      vertex 13.392592717138658 110.03647619362185 0.5999999999999996
    endloop
  endfacet
  facet normal 0 0 1
    outer loop
      vertex 13.517468245269447 109.735 0.5999999999999996
      vertex 13.71611652351681 109.47611652351682 0.5999999999999996
      vertex 13.517468245269447 110.985 0.5999999999999996
    endloop
  endfacet
  facet normal 0 0 1
    outer loop
      vertex 13.392592717138658 110.03647619362185 0.5999999999999996
      vertex 13.392592717138658 110.68352380637815 0.5999999999999996
      vertex 13.349999999999994 110.36 0.5999999999999996
    endloop
  endfacet
  facet normal 0 0 1
    outer loop
      vertex 13.517468245269447 109.735 0.5999999999999996
      vertex 13.517468245269447 110.985 0.5999999999999996
      vertex 13.392592717138658 110.68352380637815 0.5999999999999996
    endloop
  endfacet
  facet normal 0 0 1
    outer loop
      vertex 13.974999999999994 109.27746824526945 0.5999999999999996
      vertex 13.71611652351681 111.24388347648318 0.5999999999999996
      vertex 13.71611652351681 109.47611652351682 0.5999999999999996
    endloop
  endfacet
  facet normal 0 0 1
    outer loop
      vertex 14.276476193621843 109.15259271713866 0.5999999999999996
      vertex 13.974999999999994 111.44253175473055 0.5999999999999996
      vertex 13.974999999999994 109.27746824526945 0.5999999999999996
    endloop
  endfacet
  facet normal 0 0 1
    outer loop
      vertex 13.517468245269447 110.985 0.5999999999999996
      vertex 13.71611652351681 109.47611652351682 0.5999999999999996
      vertex 13.71611652351681 111.24388347648318 0.5999999999999996
    endloop
  endfacet
  facet normal 0 0 1
    outer loop
      vertex 13.974999999999994 109.27746824526945 0.5999999999999996
      vertex 13.974999999999994 111.44253175473055 0.5999999999999996
      vertex 13.71611652351681 111.24388347648318 0.5999999999999996
    endloop
  endfacet
  facet normal 0 0 1
    outer loop
      vertex 14.276476193621843 109.15259271713866 0.5999999999999996
      vertex 14.599999999999994 109.11 0.5999999999999996
      vertex 14.276476193621843 111.56740728286134 0.5999999999999996
    endloop
  endfacet
  facet normal 0 0 1
    outer loop
      vertex 14.599999999999994 109.11 0.5999999999999996
      vertex 14.923523806378146 109.15259271713866 0.5999999999999996
      vertex 14.599999999999994 111.61 0.5999999999999996
    endloop
  endfacet
  facet normal 0 0 1
    outer loop
      vertex 14.276476193621843 109.15259271713866 0.5999999999999996
      vertex 14.276476193621843 111.56740728286134 0.5999999999999996
      vertex 13.974999999999994 111.44253175473055 0.5999999999999996
    endloop
  endfacet
  facet normal 0 0 1
    outer loop
      vertex 14.599999999999994 109.11 0.5999999999999996
      vertex 14.599999999999994 111.61 0.5999999999999996
      vertex 14.276476193621843 111.56740728286134 0.5999999999999996
    endloop
  endfacet
  facet normal 0 0 1
    outer loop
      vertex 14.923523806378146 109.15259271713866 0.5999999999999996
      vertex 14.923523806378146 111.56740728286134 0.5999999999999996
      vertex 14.599999999999994 111.61 0.5999999999999996
    endloop
  endfacet
  facet normal 0 0 1
    outer loop
      vertex 14.923523806378146 109.15259271713866 0.5999999999999996
      vertex 15.224999999999994 109.27746824526945 0.5999999999999996
      vertex 14.923523806378146 111.56740728286134 0.5999999999999996
    endloop
  endfacet
  facet normal 0 0 1
    outer loop
      vertex 15.224999999999994 109.27746824526945 0.5999999999999996
      vertex 15.483883476483179 109.47611652351682 0.5999999999999996
      vertex 15.224999999999994 111.44253175473055 0.5999999999999996
    endloop
  endfacet
  facet normal 0 0 1
    outer loop
      vertex 15.483883476483179 109.47611652351682 0.5999999999999996
      vertex 15.682531754730542 109.735 0.5999999999999996
      vertex 15.483883476483179 111.24388347648318 0.5999999999999996
    endloop
  endfacet
  facet normal 0 0 1
    outer loop
      vertex 15.682531754730542 109.735 0.5999999999999996
      vertex 15.80740728286133 110.03647619362185 0.5999999999999996
      vertex 15.682531754730542 110.985 0.5999999999999996
    endloop
  endfacet
  facet normal 0 0 1
    outer loop
      vertex 15.682531754730542 109.735 0.5999999999999996
      vertex 15.682531754730542 110.985 0.5999999999999996
      vertex 15.483883476483179 111.24388347648318 0.5999999999999996
    endloop
  endfacet
  facet normal 0 0 1
    outer loop
      vertex 15.80740728286133 110.03647619362185 0.5999999999999996
      vertex 15.80740728286133 110.68352380637815 0.5999999999999996
      vertex 15.682531754730542 110.985 0.5999999999999996
    endloop
  endfacet
  facet normal 0 0 1
    outer loop
      vertex 15.80740728286133 110.03647619362185 0.5999999999999996
      vertex 15.849999999999994 110.36 0.5999999999999996
      vertex 15.80740728286133 110.68352380637815 0.5999999999999996
    endloop
  endfacet
  facet normal 0 0 1
    outer loop
      vertex 15.224999999999994 109.27746824526945 0.5999999999999996
      vertex 15.224999999999994 111.44253175473055 0.5999999999999996
      vertex 14.923523806378146 111.56740728286134 0.5999999999999996
    endloop
  endfacet
  facet normal 0 0 1
    outer loop
      vertex 15.483883476483179 109.47611652351682 0.5999999999999996
      vertex 15.483883476483179 111.24388347648318 0.5999999999999996
      vertex 15.224999999999994 111.44253175473055 0.5999999999999996
    endloop
  endfacet
  facet normal 0 1 0
    outer loop
      vertex 12.692746478873243 56.3 10.556940610501083
      vertex 20.294996954500675 56.3 10.556940610501083
      vertex 20.294996954500675 56.3 4.206825507329935
    endloop
  endfacet
  facet normal 0.6410720883556017 0 0.7674806691581149
    outer loop
      vertex 12.692746478873243 56.3 10.556940610501083
      vertex 20.294996954500675 64.3 4.206825507329935
      vertex 12.692746478873243 64.3 10.556940610501083
    endloop
  endfacet
  facet normal 0 -1 0
    outer loop
      vertex 12.692746478873243 64.3 10.556940610501083
      vertex 20.294996954500675 64.3 4.206825507329935
      vertex 20.294996954500675 64.3 10.556940610501083
    endloop
  endfacet
  facet normal 0.6410720883556017 0 0.7674806691581149
    outer loop
      vertex 12.692746478873243 56.3 10.556940610501083
      vertex 20.294996954500675 56.3 4.206825507329935
      vertex 20.294996954500675 64.3 4.206825507329935
    endloop
  endfacet
  facet normal 0 1 0
    outer loop
      vertex 12.692746478873243 95.3 10.556940610501083
      vertex 20.294996954500675 95.3 10.556940610501083
      vertex 20.294996954500675 95.3 4.206825507329935
    endloop
  endfacet
  facet normal 0.6410720883556018 0 0.7674806691581149
    outer loop
      vertex 12.692746478873243 95.3 10.556940610501083
      vertex 20.294996954500675 104.3 4.206825507329935
      vertex 12.692746478873243 104.3 10.556940610501083
    endloop
  endfacet
  facet normal 0 -1 0
    outer loop
      vertex 12.692746478873243 104.3 10.556940610501083
      vertex 20.294996954500675 104.3 4.206825507329935
      vertex 17.414459055473092 104.3 10.556940610501083
    endloop
  endfacet
  facet normal 0 -1 0
    outer loop
      vertex 17.414459055473092 104.3 10.556940610501083
      vertex 20.294996954500675 104.3 4.206825507329935
      vertex 20.294996954500675 104.3 10.556940610501083
    endloop
  endfacet
  facet normal 0.6410720883556018 0 0.7674806691581149
    outer loop
      vertex 12.692746478873243 95.3 10.556940610501083
      vertex 20.294996954500675 95.3 4.206825507329935
      vertex 20.294996954500675 104.3 4.206825507329935
    endloop
  endfacet
  facet normal 0 0 1
    outer loop
      vertex 9.580613315105438 17.465380549430847 10.556940610501083
      vertex 21.948170237243176 23.02190500497818 10.556940610501083
      vertex 9.359389036893845 17.659389033913612 10.556940610501083
    endloop
  endfacet
  facet normal 0 0 1
    outer loop
      vertex 9.00190744549036 18.12526812404394 10.556940610501083
      vertex 21.948170237243176 23.02190500497818 10.556940610501083
      vertex 8.871766597032547 18.38916763663292 10.556940610501083
    endloop
  endfacet
  facet normal 0 0 1
    outer loop
      vertex 9.16538055241108 17.880613312125206 10.556940610501083
      vertex 9.359389036893845 17.659389033913612 10.556940610501083
      vertex 21.948170237243176 23.02190500497818 10.556940610501083
    endloop
  endfacet
  facet normal 0 0 1
    outer loop
      vertex 9.16538055241108 17.880613312125206 10.556940610501083
      vertex 21.948170237243176 23.02190500497818 10.556940610501083
      vertex 9.00190744549036 18.12526812404394 10.556940610501083
    endloop
  endfacet
  facet normal 0 0 1
    outer loop
      vertex 8.871766597032547 18.38916763663292 10.556940610501083
      vertex 21.948170237243176 23.02190500497818 10.556940610501083
      vertex 8.777185022830963 18.667795971035957 10.556940610501083
    endloop
  endfacet
  facet normal 0 0 1
    outer loop
      vertex 8.777185022830963 18.667795971035957 10.556940610501083
      vertex 21.948170237243176 23.02190500497818 10.556940610501083
      vertex 8.719780884683132 18.95638605952263 10.556940610501083
    endloop
  endfacet
  facet normal 0 0 1
    outer loop
      vertex 8.719780884683132 18.95638605952263 10.556940610501083
      vertex 21.948170237243176 23.02190500497818 10.556940610501083
      vertex 8.700000002980232 19.258184134960175 10.556940610501083
    endloop
  endfacet
  facet normal 0 0 1
    outer loop
      vertex 9.825268127024174 17.301907442510128 10.556940610501083
      vertex 10.089167639613152 17.171766594052315 10.556940610501083
      vertex 21.948170237243176 23.02190500497818 10.556940610501083
    endloop
  endfacet
  facet normal 0 0 1
    outer loop
      vertex 9.580613315105438 17.465380549430847 10.556940610501083
      vertex 9.825268127024174 17.301907442510128 10.556940610501083
      vertex 21.948170237243176 23.02190500497818 10.556940610501083
    endloop
  endfacet
  facet normal 0 0 1
    outer loop
      vertex 10.089167639613152 17.171766594052315 10.556940610501083
      vertex 10.36779597401619 17.07718501985073 10.556940610501083
      vertex 21.948170237243176 23.02190500497818 10.556940610501083
    endloop
  endfacet
  facet normal 0 0 1
    outer loop
      vertex 10.36779597401619 17.07718501985073 10.556940610501083
      vertex 10.656386062502861 17.0197808817029 10.556940610501083
      vertex 21.948170237243176 23.02190500497818 10.556940610501083
    endloop
  endfacet
  facet normal 0 0 1
    outer loop
      vertex 10.656386062502861 17.0197808817029 10.556940610501083
      vertex 10.958184145390987 17 10.556940610501083
      vertex 21.948170237243176 23.02190500497818 10.556940610501083
    endloop
  endfacet
  facet normal 0 0 1
    outer loop
      vertex 10.958184145390987 17 10.556940610501083
      vertex 22.638142697513103 22.235142208635807 10.556940610501083
      vertex 21.948170237243176 23.02190500497818 10.556940610501083
    endloop
  endfacet
  facet normal 0 0 1
    outer loop
      vertex 8.700000002980232 19.258184134960175 10.556940610501083
      vertex 21.948170237243176 23.02190500497818 10.556940610501083
      vertex 21.36679370701313 23.89199648052454 10.556940610501083
    endloop
  endfacet
  facet normal 0 0 1
    outer loop
      vertex 8.700000002980232 19.258184134960175 10.556940610501083
      vertex 21.36679370701313 23.89199648052454 10.556940610501083
      vertex 20.903960697352886 24.830528996884823 10.556940610501083
    endloop
  endfacet
  facet normal 0 0 1
    outer loop
      vertex 8.700000002980232 19.258184134960175 10.556940610501083
      vertex 20.903960697352886 24.830528996884823 10.556940610501083
      vertex 20.567590340971947 25.82144408673048 10.556940610501083
    endloop
  endfacet
  facet normal 0 0 1
    outer loop
      vertex 8.700000002980232 19.258184134960175 10.556940610501083
      vertex 20.567590340971947 25.82144408673048 10.556940610501083
      vertex 20.363438062369823 26.847786888480186 10.556940610501083
    endloop
  endfacet
  facet normal 0 0 1
    outer loop
      vertex 8.700000002980232 19.258184134960175 10.556940610501083
      vertex 20.363438062369823 26.847786888480186 10.556940610501083
      vertex 20.294996954500675 27.8919964954257 10.556940610501083
    endloop
  endfacet
  facet normal 0 0 1
    outer loop
      vertex 8.700000002980232 19.258184134960175 10.556940610501083
      vertex 20.294996954500675 27.8919964954257 10.556940610501083
      vertex 14.599999999999994 49.09 10.556940610501083
    endloop
  endfacet
  facet normal 0 0 1
    outer loop
      vertex 10.958184145390987 17 10.556940610501083
      vertex 24.294996969401836 20.963793218135834 10.556940610501083
      vertex 23.424905493855476 21.54516974836588 10.556940610501083
    endloop
  endfacet
  facet normal 0 0 1
    outer loop
      vertex 10.958184145390987 17 10.556940610501083
      vertex 23.424905493855476 21.54516974836588 10.556940610501083
      vertex 22.638142697513103 22.235142208635807 10.556940610501083
    endloop
  endfacet
  facet normal 0 0 1
    outer loop
      vertex 10.958184145390987 17 10.556940610501083
      vertex 25.23352948576212 20.50096020847559 10.556940610501083
      vertex 24.294996969401836 20.963793218135834 10.556940610501083
    endloop
  endfacet
  facet normal 0 0 1
    outer loop
      vertex 10.958184145390987 17 10.556940610501083
      vertex 26.224444575607777 20.16458985209465 10.556940610501083
      vertex 25.23352948576212 20.50096020847559 10.556940610501083
    endloop
  endfacet
  facet normal 0 0 1
    outer loop
      vertex 10.958184145390987 17 10.556940610501083
      vertex 28.294996991753578 19.89199646562338 10.556940610501083
      vertex 27.250787377357483 19.960437573492527 10.556940610501083
    endloop
  endfacet
  facet normal 0 0 1
    outer loop
      vertex 10.958184145390987 17 10.556940610501083
      vertex 27.250787377357483 19.960437573492527 10.556940610501083
      vertex 26.224444575607777 20.16458985209465 10.556940610501083
    endloop
  endfacet
  facet normal 0 0 1
    outer loop
      vertex 8.700000002980232 19.258184134960175 10.556940610501083
      vertex 13.517468245269447 49.715 10.556940610501083
      vertex 13.392592717138658 50.016476193621855 10.556940610501083
    endloop
  endfacet
  facet normal 0 0 1
    outer loop
      vertex 8.700000002980232 19.258184134960175 10.556940610501083
      vertex 13.71611652351681 49.45611652351682 10.556940610501083
      vertex 13.517468245269447 49.715 10.556940610501083
    endloop
  endfacet
  facet normal 0 0 1
    outer loop
      vertex 8.700000002980232 19.258184134960175 10.556940610501083
      vertex 13.974999999999994 49.25746824526946 10.556940610501083
      vertex 13.71611652351681 49.45611652351682 10.556940610501083
    endloop
  endfacet
  facet normal 0 0 1
    outer loop
      vertex 8.700000002980232 19.258184134960175 10.556940610501083
      vertex 14.276476193621843 49.13259271713867 10.556940610501083
      vertex 13.974999999999994 49.25746824526946 10.556940610501083
    endloop
  endfacet
  facet normal 0 0 1
    outer loop
      vertex 8.700000002980232 19.258184134960175 10.556940610501083
      vertex 13.392592717138658 50.016476193621855 10.556940610501083
      vertex 13.349999999999994 50.34 10.556940610501083
    endloop
  endfacet
  facet normal 0 0 1
    outer loop
      vertex 8.700000002980232 19.258184134960175 10.556940610501083
      vertex 14.599999999999994 49.09 10.556940610501083
      vertex 14.276476193621843 49.13259271713867 10.556940610501083
    endloop
  endfacet
  facet normal 0 0 1
    outer loop
      vertex 8.700000002980232 19.258184134960175 10.556940610501083
      vertex 13.349999999999994 50.34 10.556940610501083
      vertex 12.692746478873243 56.3 10.556940610501083
    endloop
  endfacet
  facet normal 0 0 1
    outer loop
      vertex 20.294996954500675 27.8919964954257 10.556940610501083
      vertex 14.923523806378146 49.13259271713867 10.556940610501083
      vertex 14.599999999999994 49.09 10.556940610501083
    endloop
  endfacet
  facet normal 0 0 1
    outer loop
      vertex 20.294996954500675 27.8919964954257 10.556940610501083
      vertex 15.224999999999994 49.25746824526946 10.556940610501083
      vertex 14.923523806378146 49.13259271713867 10.556940610501083
    endloop
  endfacet
  facet normal 0 0 1
    outer loop
      vertex 20.294996954500675 27.8919964954257 10.556940610501083
      vertex 15.483883476483179 49.45611652351682 10.556940610501083
      vertex 15.224999999999994 49.25746824526946 10.556940610501083
    endloop
  endfacet
  facet normal 0 0 1
    outer loop
      vertex 20.294996954500675 27.8919964954257 10.556940610501083
      vertex 15.682531754730542 49.715 10.556940610501083
      vertex 15.483883476483179 49.45611652351682 10.556940610501083
    endloop
  endfacet
  facet normal 0 0 1
    outer loop
      vertex 20.294996954500675 27.8919964954257 10.556940610501083
      vertex 15.80740728286133 50.016476193621855 10.556940610501083
      vertex 15.682531754730542 49.715 10.556940610501083
    endloop
  endfacet
  facet normal 0 0 1
    outer loop
      vertex 20.294996954500675 27.8919964954257 10.556940610501083
      vertex 15.849999999999994 50.34 10.556940610501083
      vertex 15.80740728286133 50.016476193621855 10.556940610501083
    endloop
  endfacet
  facet normal 0 0 1
    outer loop
      vertex 20.294996954500675 27.8919964954257 10.556940610501083
      vertex 15.80740728286133 50.66352380637815 10.556940610501083
      vertex 15.849999999999994 50.34 10.556940610501083
    endloop
  endfacet
  facet normal 0 0 1
    outer loop
      vertex 20.294996954500675 27.8919964954257 10.556940610501083
      vertex 20.294996954500675 56.3 10.556940610501083
      vertex 15.80740728286133 50.66352380637815 10.556940610501083
    endloop
  endfacet
  facet normal 1 0 0
    outer loop
      vertex 20.294996954500675 27.8919964954257 10.556940610501083
      vertex 20.294996954500675 56.3 4.206825507329935
      vertex 20.294996954500675 56.3 10.556940610501083
    endloop
  endfacet
  facet normal -0.7518398084078781 -0.6593458140408605 0
    outer loop
      vertex 9.16538055241108 17.880613312125206 10.556940610501083
      vertex 9.16538055241108 17.880613312125206 0
      vertex 9.359389036893845 17.659389033913612 10.556940610501083
    endloop
  endfacet
  facet normal -0.5555702046662585 -0.8314696312476431 0
    outer loop
      vertex 9.580613315105438 17.465380549430847 10.556940610501083
      vertex 9.580613315105438 17.465380549430847 0
      vertex 9.825268127024174 17.301907442510128 10.556940610501083
    endloop
  endfacet
  facet normal -0.4422887199964958 -0.8968727268480524 0
    outer loop
      vertex 9.825268127024174 17.301907442510128 10.556940610501083
      vertex 9.825268127024174 17.301907442510128 0
      vertex 10.089167639613152 17.171766594052315 10.556940610501083
    endloop
  endfacet
  facet normal -0.6593458140408605 -0.7518398084078781 0
    outer loop
      vertex 9.580613315105438 17.465380549430847 10.556940610501083
      vertex 9.359389036893845 17.659389033913612 10.556940610501083
      vertex 9.359389036893845 17.659389033913612 0
    endloop
  endfacet
  facet normal -0.8968727268480524 -0.4422887199964958 0
    outer loop
      vertex 9.00190744549036 18.12526812404394 10.556940610501083
      vertex 8.871766597032547 18.38916763663292 10.556940610501083
      vertex 8.871766597032547 18.38916763663292 0
    endloop
  endfacet
  facet normal -0.8314696312476431 -0.5555702046662585 0
    outer loop
      vertex 9.16538055241108 17.880613312125206 10.556940610501083
      vertex 9.00190744549036 18.12526812404394 10.556940610501083
      vertex 9.00190744549036 18.12526812404394 0
    endloop
  endfacet
  facet normal -0.9469301300656428 -0.32143946362241366 0
    outer loop
      vertex 8.871766597032547 18.38916763663292 10.556940610501083
      vertex 8.777185022830963 18.667795971035957 10.556940610501083
      vertex 8.777185022830963 18.667795971035957 0
    endloop
  endfacet
  facet normal -0.9807852801140874 -0.19509032346974878 0
    outer loop
      vertex 8.777185022830963 18.667795971035957 10.556940610501083
      vertex 8.719780884683132 18.95638605952263 10.556940610501083
      vertex 8.719780884683132 18.95638605952263 0
    endloop
  endfacet
  facet normal -0.32143946362241366 -0.9469301300656428 0
    outer loop
      vertex 10.089167639613152 17.171766594052315 10.556940610501083
      vertex 10.089167639613152 17.171766594052315 0
      vertex 10.36779597401619 17.07718501985073 10.556940610501083
    endloop
  endfacet
  facet normal -0.19509032346974878 -0.9807852801140874 0
    outer loop
      vertex 10.36779597401619 17.07718501985073 10.556940610501083
      vertex 10.36779597401619 17.07718501985073 0
      vertex 10.656386062502861 17.0197808817029 10.556940610501083
    endloop
  endfacet
  facet normal -0.0654030972276727 -0.9978589253361557 0
    outer loop
      vertex 10.656386062502861 17.0197808817029 10.556940610501083
      vertex 10.656386062502861 17.0197808817029 0
      vertex 10.958184145390987 17 10.556940610501083
    endloop
  endfacet
  facet normal -0.9978589252307802 -0.06540309883539212 0
    outer loop
      vertex 8.719780884683132 18.95638605952263 10.556940610501083
      vertex 8.700000002980232 19.258184134960175 10.556940610501083
      vertex 8.700000002980232 19.258184134960175 0
    endloop
  endfacet
  facet normal 0.8968727445517748 0.4422886840968993 0
    outer loop
      vertex 20.903960697352886 24.830528996884823 10.556940610501083
      vertex 21.36679370701313 23.89199648052454 10.556940610501083
      vertex 20.903960697352886 24.830528996884823 0
    endloop
  endfacet
  facet normal 0.7518398046748959 0.6593458182975112 0
    outer loop
      vertex 22.638142697513103 22.235142208635807 10.556940610501083
      vertex 21.948170237243176 23.02190500497818 0
      vertex 21.948170237243176 23.02190500497818 10.556940610501083
    endloop
  endfacet
  facet normal 0.6593458182975112 0.7518398046748959 0
    outer loop
      vertex 23.424905493855476 21.54516974836588 10.556940610501083
      vertex 22.638142697513103 22.235142208635807 0
      vertex 22.638142697513103 22.235142208635807 10.556940610501083
    endloop
  endfacet
  facet normal 0.8314696152891687 0.5555702285498041 0
    outer loop
      vertex 21.948170237243176 23.02190500497818 10.556940610501083
      vertex 21.36679370701313 23.89199648052454 0
      vertex 21.36679370701313 23.89199648052454 10.556940610501083
    endloop
  endfacet
  facet normal 0.4422886840968993 0.8968727445517748 0
    outer loop
      vertex 25.23352948576212 20.50096020847559 10.556940610501083
      vertex 24.294996969401836 20.963793218135834 0
      vertex 24.294996969401836 20.963793218135834 10.556940610501083
    endloop
  endfacet
  facet normal 0.3214394729814849 0.9469301268886661 0
    outer loop
      vertex 25.23352948576212 20.50096020847559 10.556940610501083
      vertex 26.224444575607777 20.16458985209465 10.556940610501083
      vertex 25.23352948576212 20.50096020847559 0
    endloop
  endfacet
  facet normal 0.19509032400446322 0.980785280007726 0
    outer loop
      vertex 26.224444575607777 20.16458985209465 10.556940610501083
      vertex 27.250787377357483 19.960437573492527 10.556940610501083
      vertex 26.224444575607777 20.16458985209465 0
    endloop
  endfacet
  facet normal 0.06540312336558049 0.9978589236229872 0
    outer loop
      vertex 28.294996991753578 19.89199646562338 10.556940610501083
      vertex 27.250787377357483 19.960437573492527 0
      vertex 27.250787377357483 19.960437573492527 10.556940610501083
    endloop
  endfacet
  facet normal 0.5555702285498041 0.8314696152891687 0
    outer loop
      vertex 23.424905493855476 21.54516974836588 10.556940610501083
      vertex 24.294996969401836 20.963793218135834 10.556940610501083
      vertex 23.424905493855476 21.54516974836588 0
    endloop
  endfacet
  facet normal 0.9469301268886661 0.3214394729814849 0
    outer loop
      vertex 20.903960697352886 24.830528996884823 10.556940610501083
      vertex 20.567590340971947 25.82144408673048 0
      vertex 20.567590340971947 25.82144408673048 10.556940610501083
    endloop
  endfacet
  facet normal 0.980785280007726 0.19509032400446322 0
    outer loop
      vertex 20.567590340971947 25.82144408673048 10.556940610501083
      vertex 20.363438062369823 26.847786888480186 0
      vertex 20.363438062369823 26.847786888480186 10.556940610501083
    endloop
  endfacet
  facet normal 0.9978589235925315 0.06540312383024467 0
    outer loop
      vertex 20.363438062369823 26.847786888480186 10.556940610501083
      vertex 20.294996954500675 27.8919964954257 0
      vertex 20.294996954500675 27.8919964954257 10.556940610501083
    endloop
  endfacet
  facet normal 0 0 1
    outer loop
      vertex 13.349999999999994 50.34 10.556940610501083
      vertex 13.392592717138658 50.66352380637815 10.556940610501083
      vertex 12.692746478873243 56.3 10.556940610501083
    endloop
  endfacet
  facet normal 0 0 1
    outer loop
      vertex 13.392592717138658 50.66352380637815 10.556940610501083
      vertex 13.517468245269447 50.965 10.556940610501083
      vertex 12.692746478873243 56.3 10.556940610501083
    endloop
  endfacet
  facet normal 0 0 1
    outer loop
      vertex 13.517468245269447 50.965 10.556940610501083
      vertex 13.71611652351681 51.22388347648319 10.556940610501083
      vertex 12.692746478873243 56.3 10.556940610501083
    endloop
  endfacet
  facet normal 0 0 1
    outer loop
      vertex 13.71611652351681 51.22388347648319 10.556940610501083
      vertex 13.974999999999994 51.42253175473055 10.556940610501083
      vertex 12.692746478873243 56.3 10.556940610501083
    endloop
  endfacet
  facet normal 0 0 1
    outer loop
      vertex 13.974999999999994 51.42253175473055 10.556940610501083
      vertex 20.294996954500675 56.3 10.556940610501083
      vertex 12.692746478873243 56.3 10.556940610501083
    endloop
  endfacet
  facet normal 0 0 1
    outer loop
      vertex 13.974999999999994 51.42253175473055 10.556940610501083
      vertex 14.276476193621843 51.547407282861336 10.556940610501083
      vertex 20.294996954500675 56.3 10.556940610501083
    endloop
  endfacet
  facet normal 0 0 1
    outer loop
      vertex 14.276476193621843 51.547407282861336 10.556940610501083
      vertex 14.599999999999994 51.59 10.556940610501083
      vertex 20.294996954500675 56.3 10.556940610501083
    endloop
  endfacet
  facet normal 0 0 1
    outer loop
      vertex 14.599999999999994 51.59 10.556940610501083
      vertex 14.923523806378146 51.547407282861336 10.556940610501083
      vertex 20.294996954500675 56.3 10.556940610501083
    endloop
  endfacet
  facet normal 0 0 1
    outer loop
      vertex 15.483883476483179 51.22388347648319 10.556940610501083
      vertex 20.294996954500675 56.3 10.556940610501083
      vertex 15.224999999999994 51.42253175473055 10.556940610501083
    endloop
  endfacet
  facet normal 0 0 1
    outer loop
      vertex 15.80740728286133 50.66352380637815 10.556940610501083
      vertex 20.294996954500675 56.3 10.556940610501083
      vertex 15.682531754730542 50.965 10.556940610501083
    endloop
  endfacet
  facet normal 0 0 1
    outer loop
      vertex 15.682531754730542 50.965 10.556940610501083
      vertex 20.294996954500675 56.3 10.556940610501083
      vertex 15.483883476483179 51.22388347648319 10.556940610501083
    endloop
  endfacet
  facet normal 0 0 1
    outer loop
      vertex 15.224999999999994 51.42253175473055 10.556940610501083
      vertex 20.294996954500675 56.3 10.556940610501083
      vertex 14.923523806378146 51.547407282861336 10.556940610501083
    endloop
  endfacet
  facet normal 0 0 1
    outer loop
      vertex 8.700000002980232 19.258184134960175 10.556940610501083
      vertex 12.692746478873243 56.3 10.556940610501083
      vertex 8.700000002980232 140.99181585013866 10.556940610501083
    endloop
  endfacet
  facet normal 0 0 1
    outer loop
      vertex 12.692746478873243 64.3 10.556940610501083
      vertex 20.294996954500675 64.3 10.556940610501083
      vertex 20.294996954500675 95.3 10.556940610501083
    endloop
  endfacet
  facet normal 1 0 0
    outer loop
      vertex 20.294996954500675 64.3 10.556940610501083
      vertex 20.294996954500675 64.3 4.206825507329935
      vertex 20.294996954500675 95.3 10.556940610501083
    endloop
  endfacet
  facet normal 0 0 1
    outer loop
      vertex 10.958184145390987 17 10.556940610501083
      vertex 167 17 10.556940610501083
      vertex 28.294996991753578 19.89199646562338 10.556940610501083
    endloop
  endfacet
  facet normal 0 1 0
    outer loop
      vertex 28.294996991753578 19.89199646562338 10.556940610501083
      vertex 167 19.89199646562338 10.556940610501083
      vertex 28.294996991753578 19.89199646562338 0
    endloop
  endfacet
  facet normal -0.7518398084078781 -0.6593458140408605 0
    outer loop
      vertex 9.359389036893845 17.659389033913612 10.556940610501083
      vertex 9.16538055241108 17.880613312125206 0
      vertex 9.359389036893845 17.659389033913612 0
    endloop
  endfacet
  facet normal -0.8314696312476431 -0.5555702046662585 0
    outer loop
      vertex 9.16538055241108 17.880613312125206 10.556940610501083
      vertex 9.00190744549036 18.12526812404394 0
      vertex 9.16538055241108 17.880613312125206 0
    endloop
  endfacet
  facet normal -0.5555702046662585 -0.8314696312476431 0
    outer loop
      vertex 9.825268127024174 17.301907442510128 10.556940610501083
      vertex 9.580613315105438 17.465380549430847 0
      vertex 9.825268127024174 17.301907442510128 0
    endloop
  endfacet
  facet normal -0.6593458140408605 -0.7518398084078781 0
    outer loop
      vertex 9.580613315105438 17.465380549430847 10.556940610501083
      vertex 9.359389036893845 17.659389033913612 0
      vertex 9.580613315105438 17.465380549430847 0
    endloop
  endfacet
  facet normal -0.8968727268480524 -0.4422887199964958 0
    outer loop
      vertex 9.00190744549036 18.12526812404394 10.556940610501083
      vertex 8.871766597032547 18.38916763663292 0
      vertex 9.00190744549036 18.12526812404394 0
    endloop
  endfacet
  facet normal -0.9469301300656428 -0.32143946362241366 0
    outer loop
      vertex 8.871766597032547 18.38916763663292 10.556940610501083
      vertex 8.777185022830963 18.667795971035957 0
      vertex 8.871766597032547 18.38916763663292 0
    endloop
  endfacet
  facet normal -0.9807852801140874 -0.19509032346974878 0
    outer loop
      vertex 8.777185022830963 18.667795971035957 10.556940610501083
      vertex 8.719780884683132 18.95638605952263 0
      vertex 8.777185022830963 18.667795971035957 0
    endloop
  endfacet
  facet normal -0.4422887199964958 -0.8968727268480524 0
    outer loop
      vertex 10.089167639613152 17.171766594052315 10.556940610501083
      vertex 9.825268127024174 17.301907442510128 0
      vertex 10.089167639613152 17.171766594052315 0
    endloop
  endfacet
  facet normal -0.32143946362241366 -0.9469301300656428 0
    outer loop
      vertex 10.36779597401619 17.07718501985073 10.556940610501083
      vertex 10.089167639613152 17.171766594052315 0
      vertex 10.36779597401619 17.07718501985073 0
    endloop
  endfacet
  facet normal -0.19509032346974878 -0.9807852801140874 0
    outer loop
      vertex 10.656386062502861 17.0197808817029 10.556940610501083
      vertex 10.36779597401619 17.07718501985073 0
      vertex 10.656386062502861 17.0197808817029 0
    endloop
  endfacet
  facet normal -0.0654030972276727 -0.9978589253361557 0
    outer loop
      vertex 10.958184145390987 17 10.556940610501083
      vertex 10.656386062502861 17.0197808817029 0
      vertex 10.958184145390987 17 0
    endloop
  endfacet
  facet normal -0.9978589252307802 -0.06540309883539212 0
    outer loop
      vertex 8.719780884683132 18.95638605952263 10.556940610501083
      vertex 8.700000002980232 19.258184134960175 0
      vertex 8.719780884683132 18.95638605952263 0
    endloop
  endfacet
  facet normal 0.6593458182975112 0.7518398046748959 0
    outer loop
      vertex 23.424905493855476 21.54516974836588 10.556940610501083
      vertex 23.424905493855476 21.54516974836588 0
      vertex 22.638142697513103 22.235142208635807 0
    endloop
  endfacet
  facet normal 0.7518398046748959 0.6593458182975112 0
    outer loop
      vertex 22.638142697513103 22.235142208635807 10.556940610501083
      vertex 22.638142697513103 22.235142208635807 0
      vertex 21.948170237243176 23.02190500497818 0
    endloop
  endfacet
  facet normal 0.8314696152891687 0.5555702285498041 0
    outer loop
      vertex 21.948170237243176 23.02190500497818 10.556940610501083
      vertex 21.948170237243176 23.02190500497818 0
      vertex 21.36679370701313 23.89199648052454 0
    endloop
  endfacet
  facet normal 0.8968727445517748 0.4422886840968993 0
    outer loop
      vertex 21.36679370701313 23.89199648052454 10.556940610501083
      vertex 21.36679370701313 23.89199648052454 0
      vertex 20.903960697352886 24.830528996884823 0
    endloop
  endfacet
  facet normal 0.4422886840968993 0.8968727445517748 0
    outer loop
      vertex 25.23352948576212 20.50096020847559 10.556940610501083
      vertex 25.23352948576212 20.50096020847559 0
      vertex 24.294996969401836 20.963793218135834 0
    endloop
  endfacet
  facet normal 0.3214394729814849 0.9469301268886661 0
    outer loop
      vertex 26.224444575607777 20.16458985209465 10.556940610501083
      vertex 26.224444575607777 20.16458985209465 0
      vertex 25.23352948576212 20.50096020847559 0
    endloop
  endfacet
  facet normal 0.19509032400446322 0.980785280007726 0
    outer loop
      vertex 27.250787377357483 19.960437573492527 10.556940610501083
      vertex 27.250787377357483 19.960437573492527 0
      vertex 26.224444575607777 20.16458985209465 0
    endloop
  endfacet
  facet normal 0.06540312336558049 0.9978589236229872 0
    outer loop
      vertex 28.294996991753578 19.89199646562338 10.556940610501083
      vertex 28.294996991753578 19.89199646562338 0
      vertex 27.250787377357483 19.960437573492527 0
    endloop
  endfacet
  facet normal 0.5555702285498041 0.8314696152891687 0
    outer loop
      vertex 24.294996969401836 20.963793218135834 10.556940610501083
      vertex 24.294996969401836 20.963793218135834 0
      vertex 23.424905493855476 21.54516974836588 0
    endloop
  endfacet
  facet normal 0.9469301268886661 0.3214394729814849 0
    outer loop
      vertex 20.903960697352886 24.830528996884823 10.556940610501083
      vertex 20.903960697352886 24.830528996884823 0
      vertex 20.567590340971947 25.82144408673048 0
    endloop
  endfacet
  facet normal 0.980785280007726 0.19509032400446322 0
    outer loop
      vertex 20.567590340971947 25.82144408673048 10.556940610501083
      vertex 20.567590340971947 25.82144408673048 0
      vertex 20.363438062369823 26.847786888480186 0
    endloop
  endfacet
  facet normal 0.9978589235925315 0.06540312383024467 0
    outer loop
      vertex 20.363438062369823 26.847786888480186 10.556940610501083
      vertex 20.363438062369823 26.847786888480186 0
      vertex 20.294996954500675 27.8919964954257 0
    endloop
  endfacet
  facet normal 1 0 0
    outer loop
      vertex 20.294996954500675 27.8919964954257 10.556940610501083
      vertex 20.294996954500675 27.8919964954257 0
      vertex 20.294996954500675 56.3 4.206825507329935
    endloop
  endfacet
  facet normal 0 0 -1
    outer loop
      vertex 9.580613315105438 17.465380549430847 0
      vertex 9.359389036893845 17.659389033913612 0
      vertex 21.948170237243176 23.02190500497818 0
    endloop
  endfacet
  facet normal 0 0 -1
    outer loop
      vertex 9.00190744549036 18.12526812404394 0
      vertex 8.871766597032547 18.38916763663292 0
      vertex 21.948170237243176 23.02190500497818 0
    endloop
  endfacet
  facet normal 0 0 -1
    outer loop
      vertex 9.16538055241108 17.880613312125206 0
      vertex 21.948170237243176 23.02190500497818 0
      vertex 9.359389036893845 17.659389033913612 0
    endloop
  endfacet
  facet normal 0 0 -1
    outer loop
      vertex 9.16538055241108 17.880613312125206 0
      vertex 9.00190744549036 18.12526812404394 0
      vertex 21.948170237243176 23.02190500497818 0
    endloop
  endfacet
  facet normal 0 0 -1
    outer loop
      vertex 8.871766597032547 18.38916763663292 0
      vertex 8.777185022830963 18.667795971035957 0
      vertex 21.948170237243176 23.02190500497818 0
    endloop
  endfacet
  facet normal 0 0 -1
    outer loop
      vertex 8.777185022830963 18.667795971035957 0
      vertex 8.719780884683132 18.95638605952263 0
      vertex 21.948170237243176 23.02190500497818 0
    endloop
  endfacet
  facet normal 0 0 -1
    outer loop
      vertex 8.719780884683132 18.95638605952263 0
      vertex 8.700000002980232 19.258184134960175 0
      vertex 21.948170237243176 23.02190500497818 0
    endloop
  endfacet
  facet normal 0 0 -1
    outer loop
      vertex 9.825268127024174 17.301907442510128 0
      vertex 21.948170237243176 23.02190500497818 0
      vertex 10.089167639613152 17.171766594052315 0
    endloop
  endfacet
  facet normal 0 0 -1
    outer loop
      vertex 9.580613315105438 17.465380549430847 0
      vertex 21.948170237243176 23.02190500497818 0
      vertex 9.825268127024174 17.301907442510128 0
    endloop
  endfacet
  facet normal 0 0 -1
    outer loop
      vertex 10.089167639613152 17.171766594052315 0
      vertex 21.948170237243176 23.02190500497818 0
      vertex 10.36779597401619 17.07718501985073 0
    endloop
  endfacet
  facet normal 0 0 -1
    outer loop
      vertex 10.36779597401619 17.07718501985073 0
      vertex 21.948170237243176 23.02190500497818 0
      vertex 10.656386062502861 17.0197808817029 0
    endloop
  endfacet
  facet normal 0 0 -1
    outer loop
      vertex 10.656386062502861 17.0197808817029 0
      vertex 21.948170237243176 23.02190500497818 0
      vertex 10.958184145390987 17 0
    endloop
  endfacet
  facet normal 0 0 -1
    outer loop
      vertex 10.958184145390987 17 0
      vertex 21.948170237243176 23.02190500497818 0
      vertex 22.638142697513103 22.235142208635807 0
    endloop
  endfacet
  facet normal 0 0 -1
    outer loop
      vertex 8.700000002980232 19.258184134960175 0
      vertex 21.36679370701313 23.89199648052454 0
      vertex 21.948170237243176 23.02190500497818 0
    endloop
  endfacet
  facet normal 0 0 -1
    outer loop
      vertex 8.700000002980232 19.258184134960175 0
      vertex 20.903960697352886 24.830528996884823 0
      vertex 21.36679370701313 23.89199648052454 0
    endloop
  endfacet
  facet normal 0 0 -1
    outer loop
      vertex 8.700000002980232 19.258184134960175 0
      vertex 20.567590340971947 25.82144408673048 0
      vertex 20.903960697352886 24.830528996884823 0
    endloop
  endfacet
  facet normal 0 0 -1
    outer loop
      vertex 8.700000002980232 19.258184134960175 0
      vertex 20.363438062369823 26.847786888480186 0
      vertex 20.567590340971947 25.82144408673048 0
    endloop
  endfacet
  facet normal 0 0 -1
    outer loop
      vertex 8.700000002980232 19.258184134960175 0
      vertex 20.294996954500675 27.8919964954257 0
      vertex 20.363438062369823 26.847786888480186 0
    endloop
  endfacet
  facet normal 0 0 -1
    outer loop
      vertex 10.958184145390987 17 0
      vertex 23.424905493855476 21.54516974836588 0
      vertex 24.294996969401836 20.963793218135834 0
    endloop
  endfacet
  facet normal 0 0 -1
    outer loop
      vertex 10.958184145390987 17 0
      vertex 22.638142697513103 22.235142208635807 0
      vertex 23.424905493855476 21.54516974836588 0
    endloop
  endfacet
  facet normal 0 0 -1
    outer loop
      vertex 10.958184145390987 17 0
      vertex 24.294996969401836 20.963793218135834 0
      vertex 25.23352948576212 20.50096020847559 0
    endloop
  endfacet
  facet normal 0 0 -1
    outer loop
      vertex 10.958184145390987 17 0
      vertex 25.23352948576212 20.50096020847559 0
      vertex 26.224444575607777 20.16458985209465 0
    endloop
  endfacet
  facet normal 0 0 -1
    outer loop
      vertex 10.958184145390987 17 0
      vertex 27.250787377357483 19.960437573492527 0
      vertex 28.294996991753578 19.89199646562338 0
    endloop
  endfacet
  facet normal 0 0 -1
    outer loop
      vertex 10.958184145390987 17 0
      vertex 26.224444575607777 20.16458985209465 0
      vertex 27.250787377357483 19.960437573492527 0
    endloop
  endfacet
  facet normal -1 0 0
    outer loop
      vertex 8.700000002980232 19.258184134960175 10.556940610501083
      vertex 8.700000002980232 140.99181585013866 0
      vertex 8.700000002980232 19.258184134960175 0
    endloop
  endfacet
  facet normal 0 0 -1
    outer loop
      vertex 8.700000002980232 19.258184134960175 0
      vertex 20.294996954500675 132.0340000540018 0
      vertex 20.294996954500675 27.8919964954257 0
    endloop
  endfacet
  facet normal 1 0 0
    outer loop
      vertex 20.294996954500675 27.8919964954257 0
      vertex 20.294996954500675 132.0340000540018 0
      vertex 20.294996954500675 56.3 4.206825507329935
    endloop
  endfacet
  facet normal 0 -1 0
    outer loop
      vertex 10.958184145390987 17 10.556940610501083
      vertex 10.958184145390987 17 0
      vertex 167 17 0
    endloop
  endfacet
  facet normal 0 0 -1
    outer loop
      vertex 10.958184145390987 17 0
      vertex 28.294996991753578 19.89199646562338 0
      vertex 167 19.89199646562338 0
    endloop
  endfacet
  facet normal 0 0 1
    outer loop
      vertex 12.692746478873243 56.3 10.556940610501083
      vertex 12.692746478873243 64.3 10.556940610501083
      vertex 8.700000002980232 140.99181585013866 10.556940610501083
    endloop
  endfacet
  facet normal 0 0 1
    outer loop
      vertex 12.692746478873243 64.3 10.556940610501083
      vertex 20.294996954500675 95.3 10.556940610501083
      vertex 12.692746478873243 95.3 10.556940610501083
    endloop
  endfacet
  facet normal 0 0 1
    outer loop
      vertex 12.692746478873243 64.3 10.556940610501083
      vertex 12.692746478873243 95.3 10.556940610501083
      vertex 8.700000002980232 140.99181585013866 10.556940610501083
    endloop
  endfacet
  facet normal 0 0 1
    outer loop
      vertex 12.692746478873243 104.3 10.556940610501083
      vertex 13.974999999999994 109.27746824526945 10.556940610501083
      vertex 13.71611652351681 109.47611652351682 10.556940610501083
    endloop
  endfacet
  facet normal 0 0 1
    outer loop
      vertex 12.692746478873243 104.3 10.556940610501083
      vertex 13.71611652351681 109.47611652351682 10.556940610501083
      vertex 13.517468245269447 109.735 10.556940610501083
    endloop
  endfacet
  facet normal 0 0 1
    outer loop
      vertex 12.692746478873243 104.3 10.556940610501083
      vertex 13.392592717138658 110.03647619362185 10.556940610501083
      vertex 13.349999999999994 110.36 10.556940610501083
    endloop
  endfacet
  facet normal 0 0 1
    outer loop
      vertex 12.692746478873243 104.3 10.556940610501083
      vertex 13.517468245269447 109.735 10.556940610501083
      vertex 13.392592717138658 110.03647619362185 10.556940610501083
    endloop
  endfacet
  facet normal 0 0 1
    outer loop
      vertex 12.692746478873243 104.3 10.556940610501083
      vertex 14.276476193621843 109.15259271713866 10.556940610501083
      vertex 13.974999999999994 109.27746824526945 10.556940610501083
    endloop
  endfacet
  facet normal 0 0 1
    outer loop
      vertex 12.692746478873243 104.3 10.556940610501083
      vertex 14.599999999999994 109.11 10.556940610501083
      vertex 14.276476193621843 109.15259271713866 10.556940610501083
    endloop
  endfacet
  facet normal 0 0 1
    outer loop
      vertex 12.692746478873243 104.3 10.556940610501083
      vertex 14.923523806378146 109.15259271713866 10.556940610501083
      vertex 14.599999999999994 109.11 10.556940610501083
    endloop
  endfacet
  facet normal 0 0 1
    outer loop
      vertex 12.692746478873243 104.3 10.556940610501083
      vertex 17.414459055473092 104.3 10.556940610501083
      vertex 14.923523806378146 109.15259271713866 10.556940610501083
    endloop
  endfacet
  facet normal 0 0 1
    outer loop
      vertex 17.414459055473092 104.3 10.556940610501083
      vertex 15.224999999999994 109.27746824526945 10.556940610501083
      vertex 14.923523806378146 109.15259271713866 10.556940610501083
    endloop
  endfacet
  facet normal 0 0 1
    outer loop
      vertex 17.414459055473092 104.3 10.556940610501083
      vertex 15.483883476483179 109.47611652351682 10.556940610501083
      vertex 15.224999999999994 109.27746824526945 10.556940610501083
    endloop
  endfacet
  facet normal 0 0 1
    outer loop
      vertex 17.414459055473092 104.3 10.556940610501083
      vertex 15.682531754730542 109.735 10.556940610501083
      vertex 15.483883476483179 109.47611652351682 10.556940610501083
    endloop
  endfacet
  facet normal 0 0 1
    outer loop
      vertex 17.414459055473092 104.3 10.556940610501083
      vertex 15.80740728286133 110.03647619362185 10.556940610501083
      vertex 15.682531754730542 109.735 10.556940610501083
    endloop
  endfacet
  facet normal 0 0 1
    outer loop
      vertex 17.414459055473092 104.3 10.556940610501083
      vertex 15.849999999999994 110.36 10.556940610501083
      vertex 15.80740728286133 110.03647619362185 10.556940610501083
    endloop
  endfacet
  facet normal 0 0 1
    outer loop
      vertex 17.414459055473092 104.3 10.556940610501083
      vertex 15.80740728286133 110.68352380637815 10.556940610501083
      vertex 15.849999999999994 110.36 10.556940610501083
    endloop
  endfacet
  facet normal 1 0 0
    outer loop
      vertex 20.294996954500675 64.3 4.206825507329935
      vertex 20.294996954500675 95.3 4.206825507329935
      vertex 20.294996954500675 95.3 10.556940610501083
    endloop
  endfacet
  facet normal -1 0 0
    outer loop
      vertex 8.700000002980232 19.258184134960175 10.556940610501083
      vertex 8.700000002980232 140.99181585013866 10.556940610501083
      vertex 8.700000002980232 140.99181585013866 0
    endloop
  endfacet
  facet normal 0 0 1
    outer loop
      vertex 12.692746478873243 95.3 10.556940610501083
      vertex 12.692746478873243 104.3 10.556940610501083
      vertex 8.700000002980232 140.99181585013866 10.556940610501083
    endloop
  endfacet
  facet normal 0 0 1
    outer loop
      vertex 12.692746478873243 104.3 10.556940610501083
      vertex 13.349999999999994 110.36 10.556940610501083
      vertex 8.700000002980232 140.99181585013866 10.556940610501083
    endloop
  endfacet
  facet normal 0 0 1
    outer loop
      vertex 13.392592717138658 110.68352380637815 10.556940610501083
      vertex 13.517468245269447 110.985 10.556940610501083
      vertex 20.363438062369823 133.07820966094732 10.556940610501083
    endloop
  endfacet
  facet normal 0 0 1
    outer loop
      vertex 13.517468245269447 110.985 10.556940610501083
      vertex 13.71611652351681 111.24388347648318 10.556940610501083
      vertex 20.363438062369823 133.07820966094732 10.556940610501083
    endloop
  endfacet
  facet normal 0 0 1
    outer loop
      vertex 13.71611652351681 111.24388347648318 10.556940610501083
      vertex 13.974999999999994 111.44253175473055 10.556940610501083
      vertex 20.363438062369823 133.07820966094732 10.556940610501083
    endloop
  endfacet
  facet normal 0 0 1
    outer loop
      vertex 17.414459055473092 104.3 10.556940610501083
      vertex 20.363438062369823 133.07820966094732 10.556940610501083
      vertex 15.80740728286133 110.68352380637815 10.556940610501083
    endloop
  endfacet
  facet normal 0 0 1
    outer loop
      vertex 15.483883476483179 111.24388347648318 10.556940610501083
      vertex 20.363438062369823 133.07820966094732 10.556940610501083
      vertex 15.224999999999994 111.44253175473055 10.556940610501083
    endloop
  endfacet
  facet normal 0 0 1
    outer loop
      vertex 15.80740728286133 110.68352380637815 10.556940610501083
      vertex 20.363438062369823 133.07820966094732 10.556940610501083
      vertex 15.682531754730542 110.985 10.556940610501083
    endloop
  endfacet
  facet normal 0 0 1
    outer loop
      vertex 15.682531754730542 110.985 10.556940610501083
      vertex 20.363438062369823 133.07820966094732 10.556940610501083
      vertex 15.483883476483179 111.24388347648318 10.556940610501083
    endloop
  endfacet
  facet normal 0 0 1
    outer loop
      vertex 13.974999999999994 111.44253175473055 10.556940610501083
      vertex 14.276476193621843 111.56740728286134 10.556940610501083
      vertex 20.363438062369823 133.07820966094732 10.556940610501083
    endloop
  endfacet
  facet normal 0 0 1
    outer loop
      vertex 14.276476193621843 111.56740728286134 10.556940610501083
      vertex 14.599999999999994 111.61 10.556940610501083
      vertex 20.363438062369823 133.07820966094732 10.556940610501083
    endloop
  endfacet
  facet normal 0 0 1
    outer loop
      vertex 14.599999999999994 111.61 10.556940610501083
      vertex 14.923523806378146 111.56740728286134 10.556940610501083
      vertex 20.363438062369823 133.07820966094732 10.556940610501083
    endloop
  endfacet
  facet normal 0 0 1
    outer loop
      vertex 14.923523806378146 111.56740728286134 10.556940610501083
      vertex 15.224999999999994 111.44253175473055 10.556940610501083
      vertex 20.363438062369823 133.07820966094732 10.556940610501083
    endloop
  endfacet
  facet normal 0 0 1
    outer loop
      vertex 13.349999999999994 110.36 10.556940610501083
      vertex 13.392592717138658 110.68352380637815 10.556940610501083
      vertex 8.700000002980232 140.99181585013866 10.556940610501083
    endloop
  endfacet
  facet normal 0 0 1
    outer loop
      vertex 17.414459055473092 104.3 10.556940610501083
      vertex 20.294996954500675 104.3 10.556940610501083
      vertex 20.294996954500675 132.0340000540018 10.556940610501083
    endloop
  endfacet
  facet normal 0 0 1
    outer loop
      vertex 17.414459055473092 104.3 10.556940610501083
      vertex 20.294996954500675 132.0340000540018 10.556940610501083
      vertex 20.363438062369823 133.07820966094732 10.556940610501083
    endloop
  endfacet
  facet normal 0 0 1
    outer loop
      vertex 13.392592717138658 110.68352380637815 10.556940610501083
      vertex 20.363438062369823 133.07820966094732 10.556940610501083
      vertex 8.700000002980232 140.99181585013866 10.556940610501083
    endloop
  endfacet
  facet normal 0 0 1
    outer loop
      vertex 20.363438062369823 133.07820966094732 10.556940610501083
      vertex 8.719780884683132 141.2936139255762 10.556940610501083
      vertex 8.700000002980232 140.99181585013866 10.556940610501083
    endloop
  endfacet
  facet normal 0 0 1
    outer loop
      vertex 20.363438062369823 133.07820966094732 10.556940610501083
      vertex 8.777185022830963 141.58220401406288 10.556940610501083
      vertex 8.719780884683132 141.2936139255762 10.556940610501083
    endloop
  endfacet
  facet normal 0 0 1
    outer loop
      vertex 20.363438062369823 133.07820966094732 10.556940610501083
      vertex 8.871766597032547 141.86083234846592 10.556940610501083
      vertex 8.777185022830963 141.58220401406288 10.556940610501083
    endloop
  endfacet
  facet normal 0 0 1
    outer loop
      vertex 20.363438062369823 133.07820966094732 10.556940610501083
      vertex 9.00190744549036 142.1247318610549 10.556940610501083
      vertex 8.871766597032547 141.86083234846592 10.556940610501083
    endloop
  endfacet
  facet normal 0 0 1
    outer loop
      vertex 20.363438062369823 133.07820966094732 10.556940610501083
      vertex 9.16538055241108 142.36938667297363 10.556940610501083
      vertex 9.00190744549036 142.1247318610549 10.556940610501083
    endloop
  endfacet
  facet normal 0 0 1
    outer loop
      vertex 20.363438062369823 133.07820966094732 10.556940610501083
      vertex 9.359389036893845 142.59061095118523 10.556940610501083
      vertex 9.16538055241108 142.36938667297363 10.556940610501083
    endloop
  endfacet
  facet normal 0 0 1
    outer loop
      vertex 20.363438062369823 133.07820966094732 10.556940610501083
      vertex 9.580613315105438 142.784619435668 10.556940610501083
      vertex 9.359389036893845 142.59061095118523 10.556940610501083
    endloop
  endfacet
  facet normal 0 0 1
    outer loop
      vertex 20.363438062369823 133.07820966094732 10.556940610501083
      vertex 9.825268127024174 142.9480925425887 10.556940610501083
      vertex 9.580613315105438 142.784619435668 10.556940610501083
    endloop
  endfacet
  facet normal 0 0 1
    outer loop
      vertex 20.363438062369823 133.07820966094732 10.556940610501083
      vertex 10.089167639613152 143.07823339104652 10.556940610501083
      vertex 9.825268127024174 142.9480925425887 10.556940610501083
    endloop
  endfacet
  facet normal 0 0 1
    outer loop
      vertex 20.363438062369823 133.07820966094732 10.556940610501083
      vertex 10.36779598146677 143.1728149726987 10.556940610501083
      vertex 10.089167639613152 143.07823339104652 10.556940610501083
    endloop
  endfacet
  facet normal 0 0 1
    outer loop
      vertex 20.363438062369823 133.07820966094732 10.556940610501083
      vertex 20.567590340971947 134.10455246269703 10.556940610501083
      vertex 10.958184033632278 143.25 10.556940610501083
    endloop
  endfacet
  facet normal 0 0 1
    outer loop
      vertex 20.567590340971947 134.10455246269703 10.556940610501083
      vertex 20.903960697352886 135.0954675525427 10.556940610501083
      vertex 10.958184033632278 143.25 10.556940610501083
    endloop
  endfacet
  facet normal 0 0 1
    outer loop
      vertex 20.903960697352886 135.0954675525427 10.556940610501083
      vertex 21.36679370701313 136.03400006890297 10.556940610501083
      vertex 10.958184033632278 143.25 10.556940610501083
    endloop
  endfacet
  facet normal 0 0 1
    outer loop
      vertex 10.958184033632278 143.25 10.556940610501083
      vertex 21.36679370701313 136.03400006890297 10.556940610501083
      vertex 21.948170237243176 136.90409154444933 10.556940610501083
    endloop
  endfacet
  facet normal 0 0 1
    outer loop
      vertex 10.958184033632278 143.25 10.556940610501083
      vertex 21.948170237243176 136.90409154444933 10.556940610501083
      vertex 22.638142697513103 137.6908543407917 10.556940610501083
    endloop
  endfacet
  facet normal 0 0 1
    outer loop
      vertex 20.363438062369823 133.07820966094732 10.556940610501083
      vertex 10.656386107206345 143.23021911084652 10.556940610501083
      vertex 10.36779598146677 143.1728149726987 10.556940610501083
    endloop
  endfacet
  facet normal 0 0 1
    outer loop
      vertex 20.363438062369823 133.07820966094732 10.556940610501083
      vertex 10.958184033632278 143.25 10.556940610501083
      vertex 10.656386107206345 143.23021911084652 10.556940610501083
    endloop
  endfacet
  facet normal 0 0 1
    outer loop
      vertex 10.958184033632278 143.25 10.556940610501083
      vertex 22.638142697513103 137.6908543407917 10.556940610501083
      vertex 23.424905493855476 138.38082680106163 10.556940610501083
    endloop
  endfacet
  facet normal 0 0 1
    outer loop
      vertex 10.958184033632278 143.25 10.556940610501083
      vertex 23.424905493855476 138.38082680106163 10.556940610501083
      vertex 24.294996969401836 138.96220333129168 10.556940610501083
    endloop
  endfacet
  facet normal 0 0 1
    outer loop
      vertex 10.958184033632278 143.25 10.556940610501083
      vertex 24.294996969401836 138.96220333129168 10.556940610501083
      vertex 25.23352948576212 139.42503634095192 10.556940610501083
    endloop
  endfacet
  facet normal 0 0 1
    outer loop
      vertex 10.958184033632278 143.25 10.556940610501083
      vertex 25.23352948576212 139.42503634095192 10.556940610501083
      vertex 26.224444575607777 139.76140669733286 10.556940610501083
    endloop
  endfacet
  facet normal 0 0 1
    outer loop
      vertex 10.958184033632278 143.25 10.556940610501083
      vertex 26.224444575607777 139.76140669733286 10.556940610501083
      vertex 27.250787377357483 139.96555897593498 10.556940610501083
    endloop
  endfacet
  facet normal 0 0 1
    outer loop
      vertex 10.958184033632278 143.25 10.556940610501083
      vertex 27.250787377357483 139.96555897593498 10.556940610501083
      vertex 28.294996991753578 140.0340000912547 10.556940610501083
    endloop
  endfacet
  facet normal 1 0 0
    outer loop
      vertex 20.294996954500675 104.3 10.556940610501083
      vertex 20.294996954500675 132.0340000540018 0
      vertex 20.294996954500675 132.0340000540018 10.556940610501083
    endloop
  endfacet
  facet normal -0.9978589252307802 0.06540309883539212 0
    outer loop
      vertex 8.700000002980232 140.99181585013866 10.556940610501083
      vertex 8.719780884683132 141.2936139255762 10.556940610501083
      vertex 8.719780884683132 141.2936139255762 0
    endloop
  endfacet
  facet normal -0.9807852801140874 0.19509032346974878 0
    outer loop
      vertex 8.719780884683132 141.2936139255762 10.556940610501083
      vertex 8.777185022830963 141.58220401406288 10.556940610501083
      vertex 8.777185022830963 141.58220401406288 0
    endloop
  endfacet
  facet normal -0.9469301300656428 0.32143946362241366 0
    outer loop
      vertex 8.777185022830963 141.58220401406288 10.556940610501083
      vertex 8.871766597032547 141.86083234846592 10.556940610501083
      vertex 8.871766597032547 141.86083234846592 0
    endloop
  endfacet
  facet normal -0.8968727268480524 0.4422887199964958 0
    outer loop
      vertex 8.871766597032547 141.86083234846592 10.556940610501083
      vertex 9.00190744549036 142.1247318610549 10.556940610501083
      vertex 9.00190744549036 142.1247318610549 0
    endloop
  endfacet
  facet normal -0.8314696312476431 0.5555702046662585 0
    outer loop
      vertex 9.00190744549036 142.1247318610549 10.556940610501083
      vertex 9.16538055241108 142.36938667297363 10.556940610501083
      vertex 9.16538055241108 142.36938667297363 0
    endloop
  endfacet
  facet normal -0.7518398084078781 0.6593458140408605 0
    outer loop
      vertex 9.16538055241108 142.36938667297363 10.556940610501083
      vertex 9.359389036893845 142.59061095118523 10.556940610501083
      vertex 9.359389036893845 142.59061095118523 0
    endloop
  endfacet
  facet normal -0.6593458140408605 0.7518398084078781 0
    outer loop
      vertex 9.359389036893845 142.59061095118523 10.556940610501083
      vertex 9.580613315105438 142.784619435668 10.556940610501083
      vertex 9.580613315105438 142.784619435668 0
    endloop
  endfacet
  facet normal -0.5555702046662585 0.8314696312476431 0
    outer loop
      vertex 9.580613315105438 142.784619435668 10.556940610501083
      vertex 9.825268127024174 142.9480925425887 10.556940610501083
      vertex 9.825268127024174 142.9480925425887 0
    endloop
  endfacet
  facet normal -0.4422887199964958 0.8968727268480524 0
    outer loop
      vertex 9.825268127024174 142.9480925425887 10.556940610501083
      vertex 10.089167639613152 143.07823339104652 10.556940610501083
      vertex 10.089167639613152 143.07823339104652 0
    endloop
  endfacet
  facet normal -0.3214394786200054 0.9469301249746461 0
    outer loop
      vertex 10.089167639613152 143.07823339104652 10.556940610501083
      vertex 10.36779598146677 143.1728149726987 10.556940610501083
      vertex 10.36779598146677 143.1728149726987 0
    endloop
  endfacet
  facet normal -0.19509029924483365 0.9807852849327222 0
    outer loop
      vertex 10.36779598146677 143.1728149726987 10.556940610501083
      vertex 10.656386107206345 143.23021911084652 10.556940610501083
      vertex 10.656386107206345 143.23021911084652 0
    endloop
  endfacet
  facet normal -0.06540315551887946 0.9978589215155484 0
    outer loop
      vertex 10.656386107206345 143.23021911084652 10.556940610501083
      vertex 10.958184033632278 143.25 10.556940610501083
      vertex 10.958184033632278 143.25 0
    endloop
  endfacet
  facet normal 0.9978589235925315 -0.06540312383024467 0
    outer loop
      vertex 20.294996954500675 132.0340000540018 10.556940610501083
      vertex 20.363438062369823 133.07820966094732 0
      vertex 20.363438062369823 133.07820966094732 10.556940610501083
    endloop
  endfacet
  facet normal 0.980785280007726 -0.19509032400446322 0
    outer loop
      vertex 20.363438062369823 133.07820966094732 10.556940610501083
      vertex 20.567590340971947 134.10455246269703 0
      vertex 20.567590340971947 134.10455246269703 10.556940610501083
    endloop
  endfacet
  facet normal 0.9469301268886661 -0.3214394729814849 0
    outer loop
      vertex 20.567590340971947 134.10455246269703 10.556940610501083
      vertex 20.903960697352886 135.0954675525427 0
      vertex 20.903960697352886 135.0954675525427 10.556940610501083
    endloop
  endfacet
  facet normal 0.8968727445517748 -0.4422886840968993 0
    outer loop
      vertex 20.903960697352886 135.0954675525427 10.556940610501083
      vertex 21.36679370701313 136.03400006890297 0
      vertex 21.36679370701313 136.03400006890297 10.556940610501083
    endloop
  endfacet
  facet normal 0.8314696152891687 -0.5555702285498041 0
    outer loop
      vertex 21.36679370701313 136.03400006890297 10.556940610501083
      vertex 21.948170237243176 136.90409154444933 0
      vertex 21.948170237243176 136.90409154444933 10.556940610501083
    endloop
  endfacet
  facet normal 0.7518398046748959 -0.6593458182975112 0
    outer loop
      vertex 21.948170237243176 136.90409154444933 10.556940610501083
      vertex 22.638142697513103 137.6908543407917 0
      vertex 22.638142697513103 137.6908543407917 10.556940610501083
    endloop
  endfacet
  facet normal 0.6593458182975112 -0.7518398046748959 0
    outer loop
      vertex 22.638142697513103 137.6908543407917 10.556940610501083
      vertex 23.424905493855476 138.38082680106163 0
      vertex 23.424905493855476 138.38082680106163 10.556940610501083
    endloop
  endfacet
  facet normal 0.5555702285498041 -0.8314696152891687 0
    outer loop
      vertex 23.424905493855476 138.38082680106163 10.556940610501083
      vertex 24.294996969401836 138.96220333129168 0
      vertex 24.294996969401836 138.96220333129168 10.556940610501083
    endloop
  endfacet
  facet normal 0.4422886840968993 -0.8968727445517748 0
    outer loop
      vertex 24.294996969401836 138.96220333129168 10.556940610501083
      vertex 25.23352948576212 139.42503634095192 0
      vertex 25.23352948576212 139.42503634095192 10.556940610501083
    endloop
  endfacet
  facet normal 0.3214394729814849 -0.9469301268886661 0
    outer loop
      vertex 25.23352948576212 139.42503634095192 10.556940610501083
      vertex 26.224444575607777 139.76140669733286 0
      vertex 26.224444575607777 139.76140669733286 10.556940610501083
    endloop
  endfacet
  facet normal 0.19509032400446322 -0.980785280007726 0
    outer loop
      vertex 26.224444575607777 139.76140669733286 10.556940610501083
      vertex 27.250787377357483 139.96555897593498 0
      vertex 27.250787377357483 139.96555897593498 10.556940610501083
    endloop
  endfacet
  facet normal 0.06540313045498676 -0.997858923158323 0
    outer loop
      vertex 27.250787377357483 139.96555897593498 10.556940610501083
      vertex 28.294996991753578 140.0340000912547 0
      vertex 28.294996991753578 140.0340000912547 10.556940610501083
    endloop
  endfacet
  facet normal 0 0 1
    outer loop
      vertex 10.958184033632278 143.25 10.556940610501083
      vertex 28.294996991753578 140.0340000912547 10.556940610501083
      vertex 167 140.0340000912547 10.556940610501083
    endloop
  endfacet
  facet normal 0 1 0
    outer loop
      vertex 10.958184033632278 143.25 10.556940610501083
      vertex 167 143.25 10.556940610501083
      vertex 10.958184033632278 143.25 0
    endloop
  endfacet
  facet normal 1 0 0
    outer loop
      vertex 20.294996954500675 56.3 4.206825507329935
      vertex 20.294996954500675 132.0340000540018 0
      vertex 20.294996954500675 64.3 4.206825507329935
    endloop
  endfacet
  facet normal 1 0 0
    outer loop
      vertex 20.294996954500675 64.3 4.206825507329935
      vertex 20.294996954500675 132.0340000540018 0
      vertex 20.294996954500675 95.3 4.206825507329935
    endloop
  endfacet
  facet normal 1 0 0
    outer loop
      vertex 20.294996954500675 95.3 4.206825507329935
      vertex 20.294996954500675 132.0340000540018 0
      vertex 20.294996954500675 104.3 4.206825507329935
    endloop
  endfacet
  facet normal 0 0 -1
    outer loop
      vertex 8.700000002980232 19.258184134960175 0
      vertex 20.363438062369823 133.07820966094732 0
      vertex 20.294996954500675 132.0340000540018 0
    endloop
  endfacet
  facet normal 0 0 -1
    outer loop
      vertex 8.700000002980232 19.258184134960175 0
      vertex 8.700000002980232 140.99181585013866 0
      vertex 20.363438062369823 133.07820966094732 0
    endloop
  endfacet
  facet normal 1 0 0
    outer loop
      vertex 20.294996954500675 104.3 10.556940610501083
      vertex 20.294996954500675 104.3 4.206825507329935
      vertex 20.294996954500675 132.0340000540018 0
    endloop
  endfacet
  facet normal -0.9978589252307802 0.06540309883539212 0
    outer loop
      vertex 8.700000002980232 140.99181585013866 10.556940610501083
      vertex 8.719780884683132 141.2936139255762 0
      vertex 8.700000002980232 140.99181585013866 0
    endloop
  endfacet
  facet normal -0.9807852801140874 0.19509032346974878 0
    outer loop
      vertex 8.719780884683132 141.2936139255762 10.556940610501083
      vertex 8.777185022830963 141.58220401406288 0
      vertex 8.719780884683132 141.2936139255762 0
    endloop
  endfacet
  facet normal -0.9469301300656428 0.32143946362241366 0
    outer loop
      vertex 8.777185022830963 141.58220401406288 10.556940610501083
      vertex 8.871766597032547 141.86083234846592 0
      vertex 8.777185022830963 141.58220401406288 0
    endloop
  endfacet
  facet normal -0.8968727268480524 0.4422887199964958 0
    outer loop
      vertex 8.871766597032547 141.86083234846592 10.556940610501083
      vertex 9.00190744549036 142.1247318610549 0
      vertex 8.871766597032547 141.86083234846592 0
    endloop
  endfacet
  facet normal -0.8314696312476431 0.5555702046662585 0
    outer loop
      vertex 9.00190744549036 142.1247318610549 10.556940610501083
      vertex 9.16538055241108 142.36938667297363 0
      vertex 9.00190744549036 142.1247318610549 0
    endloop
  endfacet
  facet normal -0.7518398084078781 0.6593458140408605 0
    outer loop
      vertex 9.16538055241108 142.36938667297363 10.556940610501083
      vertex 9.359389036893845 142.59061095118523 0
      vertex 9.16538055241108 142.36938667297363 0
    endloop
  endfacet
  facet normal -0.6593458140408605 0.7518398084078781 0
    outer loop
      vertex 9.359389036893845 142.59061095118523 10.556940610501083
      vertex 9.580613315105438 142.784619435668 0
      vertex 9.359389036893845 142.59061095118523 0
    endloop
  endfacet
  facet normal -0.5555702046662585 0.8314696312476431 0
    outer loop
      vertex 9.580613315105438 142.784619435668 10.556940610501083
      vertex 9.825268127024174 142.9480925425887 0
      vertex 9.580613315105438 142.784619435668 0
    endloop
  endfacet
  facet normal -0.4422887199964958 0.8968727268480524 0
    outer loop
      vertex 9.825268127024174 142.9480925425887 10.556940610501083
      vertex 10.089167639613152 143.07823339104652 0
      vertex 9.825268127024174 142.9480925425887 0
    endloop
  endfacet
  facet normal -0.3214394786200054 0.9469301249746461 0
    outer loop
      vertex 10.089167639613152 143.07823339104652 10.556940610501083
      vertex 10.36779598146677 143.1728149726987 0
      vertex 10.089167639613152 143.07823339104652 0
    endloop
  endfacet
  facet normal -0.19509029924483365 0.9807852849327222 0
    outer loop
      vertex 10.36779598146677 143.1728149726987 10.556940610501083
      vertex 10.656386107206345 143.23021911084652 0
      vertex 10.36779598146677 143.1728149726987 0
    endloop
  endfacet
  facet normal -0.06540315551887946 0.9978589215155484 0
    outer loop
      vertex 10.656386107206345 143.23021911084652 10.556940610501083
      vertex 10.958184033632278 143.25 0
      vertex 10.656386107206345 143.23021911084652 0
    endloop
  endfacet
  facet normal 0.9978589235925315 -0.06540312383024467 0
    outer loop
      vertex 20.294996954500675 132.0340000540018 10.556940610501083
      vertex 20.294996954500675 132.0340000540018 0
      vertex 20.363438062369823 133.07820966094732 0
    endloop
  endfacet
  facet normal 0.980785280007726 -0.19509032400446322 0
    outer loop
      vertex 20.363438062369823 133.07820966094732 10.556940610501083
      vertex 20.363438062369823 133.07820966094732 0
      vertex 20.567590340971947 134.10455246269703 0
    endloop
  endfacet
  facet normal 0.9469301268886661 -0.3214394729814849 0
    outer loop
      vertex 20.567590340971947 134.10455246269703 10.556940610501083
      vertex 20.567590340971947 134.10455246269703 0
      vertex 20.903960697352886 135.0954675525427 0
    endloop
  endfacet
  facet normal 0.8968727445517748 -0.4422886840968993 0
    outer loop
      vertex 20.903960697352886 135.0954675525427 10.556940610501083
      vertex 20.903960697352886 135.0954675525427 0
      vertex 21.36679370701313 136.03400006890297 0
    endloop
  endfacet
  facet normal 0.8314696152891687 -0.5555702285498041 0
    outer loop
      vertex 21.36679370701313 136.03400006890297 10.556940610501083
      vertex 21.36679370701313 136.03400006890297 0
      vertex 21.948170237243176 136.90409154444933 0
    endloop
  endfacet
  facet normal 0.7518398046748959 -0.6593458182975112 0
    outer loop
      vertex 21.948170237243176 136.90409154444933 10.556940610501083
      vertex 21.948170237243176 136.90409154444933 0
      vertex 22.638142697513103 137.6908543407917 0
    endloop
  endfacet
  facet normal 0.6593458182975112 -0.7518398046748959 0
    outer loop
      vertex 22.638142697513103 137.6908543407917 10.556940610501083
      vertex 22.638142697513103 137.6908543407917 0
      vertex 23.424905493855476 138.38082680106163 0
    endloop
  endfacet
  facet normal 0.5555702285498041 -0.8314696152891687 0
    outer loop
      vertex 23.424905493855476 138.38082680106163 10.556940610501083
      vertex 23.424905493855476 138.38082680106163 0
      vertex 24.294996969401836 138.96220333129168 0
    endloop
  endfacet
  facet normal 0.4422886840968993 -0.8968727445517748 0
    outer loop
      vertex 24.294996969401836 138.96220333129168 10.556940610501083
      vertex 24.294996969401836 138.96220333129168 0
      vertex 25.23352948576212 139.42503634095192 0
    endloop
  endfacet
  facet normal 0.3214394729814849 -0.9469301268886661 0
    outer loop
      vertex 25.23352948576212 139.42503634095192 10.556940610501083
      vertex 25.23352948576212 139.42503634095192 0
      vertex 26.224444575607777 139.76140669733286 0
    endloop
  endfacet
  facet normal 0.19509032400446322 -0.980785280007726 0
    outer loop
      vertex 26.224444575607777 139.76140669733286 10.556940610501083
      vertex 26.224444575607777 139.76140669733286 0
      vertex 27.250787377357483 139.96555897593498 0
    endloop
  endfacet
  facet normal 0.06540313045498676 -0.997858923158323 0
    outer loop
      vertex 27.250787377357483 139.96555897593498 10.556940610501083
      vertex 27.250787377357483 139.96555897593498 0
      vertex 28.294996991753578 140.0340000912547 0
    endloop
  endfacet
  facet normal 0 0 -1
    outer loop
      vertex 20.363438062369823 133.07820966094732 0
      vertex 8.700000002980232 140.99181585013866 0
      vertex 8.719780884683132 141.2936139255762 0
    endloop
  endfacet
  facet normal 0 0 -1
    outer loop
      vertex 20.363438062369823 133.07820966094732 0
      vertex 8.719780884683132 141.2936139255762 0
      vertex 8.777185022830963 141.58220401406288 0
    endloop
  endfacet
  facet normal 0 0 -1
    outer loop
      vertex 20.363438062369823 133.07820966094732 0
      vertex 8.777185022830963 141.58220401406288 0
      vertex 8.871766597032547 141.86083234846592 0
    endloop
  endfacet
  facet normal 0 0 -1
    outer loop
      vertex 20.363438062369823 133.07820966094732 0
      vertex 8.871766597032547 141.86083234846592 0
      vertex 9.00190744549036 142.1247318610549 0
    endloop
  endfacet
  facet normal 0 0 -1
    outer loop
      vertex 20.363438062369823 133.07820966094732 0
      vertex 9.00190744549036 142.1247318610549 0
      vertex 9.16538055241108 142.36938667297363 0
    endloop
  endfacet
  facet normal 0 0 -1
    outer loop
      vertex 20.363438062369823 133.07820966094732 0
      vertex 9.16538055241108 142.36938667297363 0
      vertex 9.359389036893845 142.59061095118523 0
    endloop
  endfacet
  facet normal 0 0 -1
    outer loop
      vertex 20.363438062369823 133.07820966094732 0
      vertex 9.359389036893845 142.59061095118523 0
      vertex 9.580613315105438 142.784619435668 0
    endloop
  endfacet
  facet normal 0 0 -1
    outer loop
      vertex 20.363438062369823 133.07820966094732 0
      vertex 9.580613315105438 142.784619435668 0
      vertex 9.825268127024174 142.9480925425887 0
    endloop
  endfacet
  facet normal 0 0 -1
    outer loop
      vertex 20.363438062369823 133.07820966094732 0
      vertex 9.825268127024174 142.9480925425887 0
      vertex 10.089167639613152 143.07823339104652 0
    endloop
  endfacet
  facet normal 0 0 -1
    outer loop
      vertex 20.363438062369823 133.07820966094732 0
      vertex 10.089167639613152 143.07823339104652 0
      vertex 10.36779598146677 143.1728149726987 0
    endloop
  endfacet
  facet normal 0 0 -1
    outer loop
      vertex 20.363438062369823 133.07820966094732 0
      vertex 10.958184033632278 143.25 0
      vertex 20.567590340971947 134.10455246269703 0
    endloop
  endfacet
  facet normal 0 0 -1
    outer loop
      vertex 20.567590340971947 134.10455246269703 0
      vertex 10.958184033632278 143.25 0
      vertex 20.903960697352886 135.0954675525427 0
    endloop
  endfacet
  facet normal 0 0 -1
    outer loop
      vertex 20.903960697352886 135.0954675525427 0
      vertex 10.958184033632278 143.25 0
      vertex 21.36679370701313 136.03400006890297 0
    endloop
  endfacet
  facet normal 0 0 -1
    outer loop
      vertex 10.958184033632278 143.25 0
      vertex 21.948170237243176 136.90409154444933 0
      vertex 21.36679370701313 136.03400006890297 0
    endloop
  endfacet
  facet normal 0 0 -1
    outer loop
      vertex 10.958184033632278 143.25 0
      vertex 22.638142697513103 137.6908543407917 0
      vertex 21.948170237243176 136.90409154444933 0
    endloop
  endfacet
  facet normal 0 0 -1
    outer loop
      vertex 20.363438062369823 133.07820966094732 0
      vertex 10.36779598146677 143.1728149726987 0
      vertex 10.656386107206345 143.23021911084652 0
    endloop
  endfacet
  facet normal 0 0 -1
    outer loop
      vertex 20.363438062369823 133.07820966094732 0
      vertex 10.656386107206345 143.23021911084652 0
      vertex 10.958184033632278 143.25 0
    endloop
  endfacet
  facet normal 0 0 -1
    outer loop
      vertex 10.958184033632278 143.25 0
      vertex 23.424905493855476 138.38082680106163 0
      vertex 22.638142697513103 137.6908543407917 0
    endloop
  endfacet
  facet normal 0 0 -1
    outer loop
      vertex 10.958184033632278 143.25 0
      vertex 24.294996969401836 138.96220333129168 0
      vertex 23.424905493855476 138.38082680106163 0
    endloop
  endfacet
  facet normal 0 0 -1
    outer loop
      vertex 10.958184033632278 143.25 0
      vertex 25.23352948576212 139.42503634095192 0
      vertex 24.294996969401836 138.96220333129168 0
    endloop
  endfacet
  facet normal 0 0 -1
    outer loop
      vertex 10.958184033632278 143.25 0
      vertex 26.224444575607777 139.76140669733286 0
      vertex 25.23352948576212 139.42503634095192 0
    endloop
  endfacet
  facet normal 0 0 -1
    outer loop
      vertex 10.958184033632278 143.25 0
      vertex 27.250787377357483 139.96555897593498 0
      vertex 26.224444575607777 139.76140669733286 0
    endloop
  endfacet
  facet normal 0 0 -1
    outer loop
      vertex 10.958184033632278 143.25 0
      vertex 28.294996991753578 140.0340000912547 0
      vertex 27.250787377357483 139.96555897593498 0
    endloop
  endfacet
  facet normal 0 -1 0
    outer loop
      vertex 28.294996991753578 140.0340000912547 10.556940610501083
      vertex 28.294996991753578 140.0340000912547 0
      vertex 167 140.0340000912547 0
    endloop
  endfacet
  facet normal 0 0 -1
    outer loop
      vertex 10.958184033632278 143.25 0
      vertex 167 143.25 0
      vertex 28.294996991753578 140.0340000912547 0
    endloop
  endfacet
  facet normal 0 0 1
    outer loop
      vertex 28.294996991753578 19.89199646562338 10.556940610501083
      vertex 167 17 10.556940610501083
      vertex 167 19.89199646562338 10.556940610501083
    endloop
  endfacet
  facet normal 0 -1 0
    outer loop
      vertex 10.958184145390987 17 10.556940610501083
      vertex 167 17 0
      vertex 167 17 10.556940610501083
    endloop
  endfacet
  facet normal 0 1 0
    outer loop
      vertex 28.294996991753578 19.89199646562338 0
      vertex 167 19.89199646562338 10.556940610501083
      vertex 167 19.89199646562338 0
    endloop
  endfacet
  facet normal 0 0 -1
    outer loop
      vertex 10.958184145390987 17 0
      vertex 167 19.89199646562338 0
      vertex 167 17 0
    endloop
  endfacet
  facet normal 0 0 1
    outer loop
      vertex 10.958184033632278 143.25 10.556940610501083
      vertex 167 140.0340000912547 10.556940610501083
      vertex 167 143.25 10.556940610501083
    endloop
  endfacet
  facet normal 0 -1 0
    outer loop
      vertex 28.294996991753578 140.0340000912547 10.556940610501083
      vertex 167 140.0340000912547 0
      vertex 167 140.0340000912547 10.556940610501083
    endloop
  endfacet
  facet normal 0 1 0
    outer loop
      vertex 10.958184033632278 143.25 0
      vertex 167 143.25 10.556940610501083
      vertex 167 143.25 0
    endloop
  endfacet
  facet normal 0 0 -1
    outer loop
      vertex 28.294996991753578 140.0340000912547 0
      vertex 167 143.25 0
      vertex 167 140.0340000912547 0
    endloop
  endfacet
  facet normal 1 0 0
    outer loop
      vertex 167 19.89199646562338 10.556940610501083
      vertex 167 17 10.556940610501083
      vertex 167 17 0
    endloop
  endfacet
  facet normal 1 0 0
    outer loop
      vertex 167 19.89199646562338 10.556940610501083
      vertex 167 17 0
      vertex 167 19.89199646562338 0
    endloop
  endfacet
  facet normal 1 0 0
    outer loop
      vertex 167 140.0340000912547 10.556940610501083
      vertex 167 140.0340000912547 0
      vertex 167 143.25 10.556940610501083
    endloop
  endfacet
  facet normal 1 0 0
    outer loop
      vertex 167 140.0340000912547 0
      vertex 167 143.25 0
      vertex 167 143.25 10.556940610501083
    endloop
  endfacet
endsolid OpenSCAD_Model
