solid OpenSCAD_Model
  facet normal 0 0.24298017990326412 0.9700312531945439
    outer loop
      vertex -48.05 -7.6402846772544635 1.5430596642677912
      vertex 48.05 -7.545090322016129 1.5192147195967696
      vertex -48.05 -7.545090322016129 1.5192147195967696
    endloop
  endfacet
  facet normal 0 0.14673047445536322 0.9891765099647807
    outer loop
      vertex -48.05 -7.545090322016129 1.5192147195967696
      vertex 48.05 -7.448017140329562 1.504815273327803
      vertex -48.05 -7.448017140329562 1.504815273327803
    endloop
  endfacet
  facet normal 0 0.049067674327417446 0.9987954562051724
    outer loop
      vertex -48.05 -7.448017140329562 1.504815273327803
      vertex 48.05 -7.350000000000001 1.5
      vertex -48.05 -7.350000000000001 1.5
    endloop
  endfacet
  facet normal 0 -0.049067674327417446 0.9987954562051724
    outer loop
      vertex -48.05 -7.350000000000001 1.5
      vertex 48.05 -7.2519828596704405 1.504815273327803
      vertex -48.05 -7.2519828596704405 1.504815273327803
    endloop
  endfacet
  facet normal 0 -0.14673047445536322 0.9891765099647807
    outer loop
      vertex -48.05 -7.2519828596704405 1.504815273327803
      vertex 48.05 -7.1549096779838735 1.5192147195967696
      vertex -48.05 -7.1549096779838735 1.5192147195967696
    endloop
  endfacet
  facet normal 0 0.3368898533922193 0.9415440651830209
    outer loop
      vertex -48.05 -7.6402846772544635 1.5430596642677912
      vertex -48.05 -7.732683432365091 1.5761204674887133
      vertex 48.05 -7.6402846772544635 1.5430596642677912
    endloop
  endfacet
  facet normal 0 0.427555093430281 0.9039892931234439
    outer loop
      vertex -48.05 -7.821396736825999 1.618078735651645
      vertex 48.05 -7.732683432365091 1.5761204674887133
      vertex -48.05 -7.732683432365091 1.5761204674887133
    endloop
  endfacet
  facet normal 0 0.5141027441932217 0.8577286100002721
    outer loop
      vertex -48.05 -7.821396736825999 1.618078735651645
      vertex -48.05 -7.905570233019604 1.6685303876974547
      vertex 48.05 -7.821396736825999 1.618078735651645
    endloop
  endfacet
  facet normal 0 0.5956993044924334 0.8032075314806449
    outer loop
      vertex -48.05 -7.905570233019604 1.6685303876974547
      vertex -48.05 -7.984393284163647 1.7269895466372631
      vertex 48.05 -7.905570233019604 1.6685303876974547
    endloop
  endfacet
  facet normal 0 0.6715589548470174 0.74095112535496
    outer loop
      vertex -48.05 -7.984393284163647 1.7269895466372631
      vertex -48.05 -8.05710678118655 1.7928932188134525
      vertex 48.05 -7.984393284163647 1.7269895466372631
    endloop
  endfacet
  facet normal 0 -0.24298017990326412 0.9700312531945439
    outer loop
      vertex -48.05 -7.1549096779838735 1.5192147195967696
      vertex 48.05 -7.059715322745539 1.5430596642677912
      vertex -48.05 -7.059715322745539 1.5430596642677912
    endloop
  endfacet
  facet normal 0 -0.3368898533922193 0.9415440651830209
    outer loop
      vertex -48.05 -7.059715322745539 1.5430596642677912
      vertex 48.05 -6.967316567634912 1.5761204674887133
      vertex -48.05 -6.967316567634912 1.5761204674887133
    endloop
  endfacet
  facet normal 0 -0.427555093430281 0.9039892931234439
    outer loop
      vertex -48.05 -6.967316567634912 1.5761204674887133
      vertex 48.05 -6.8786032631740035 1.618078735651645
      vertex -48.05 -6.8786032631740035 1.618078735651645
    endloop
  endfacet
  facet normal 0 -0.5141027441932217 0.8577286100002721
    outer loop
      vertex -48.05 -6.8786032631740035 1.618078735651645
      vertex 48.05 -6.794429766980399 1.6685303876974547
      vertex -48.05 -6.794429766980399 1.6685303876974547
    endloop
  endfacet
  facet normal 0 -0.5956993044924334 0.8032075314806449
    outer loop
      vertex -48.05 -6.794429766980399 1.6685303876974547
      vertex 48.05 -6.715606715836356 1.7269895466372631
      vertex -48.05 -6.715606715836356 1.7269895466372631
    endloop
  endfacet
  facet normal 1 0 0
    outer loop
      vertex -48.05 -8.181469612302546 1.9444297669803978
      vertex -48.05 -8.181469612302546 3.055570233019602
      vertex -48.05 -8.231921264348356 2.0286032631740025
    endloop
  endfacet
  facet normal 1 0 0
    outer loop
      vertex -48.05 -8.231921264348356 2.0286032631740025
      vertex -48.05 -8.231921264348356 2.9713967368259975
      vertex -48.05 -8.273879532511287 2.1173165676349104
    endloop
  endfacet
  facet normal 1 0 0
    outer loop
      vertex -48.05 -8.273879532511287 2.1173165676349104
      vertex -48.05 -8.273879532511287 2.8826834323650896
      vertex -48.05 -8.306940335732211 2.2097153227455375
    endloop
  endfacet
  facet normal 1 0 0
    outer loop
      vertex -48.05 -8.306940335732211 2.2097153227455375
      vertex -48.05 -8.306940335732211 2.7902846772544625
      vertex -48.05 -8.330785280403232 2.3049096779838716
    endloop
  endfacet
  facet normal 1 0 0
    outer loop
      vertex -48.05 -8.330785280403232 2.3049096779838716
      vertex -48.05 -8.330785280403232 2.6950903220161284
      vertex -48.05 -8.345184726672198 2.4019828596704396
    endloop
  endfacet
  facet normal 1 0 0
    outer loop
      vertex -48.05 -8.345184726672198 2.4019828596704396
      vertex -48.05 -8.345184726672198 2.5980171403295604
      vertex -48.05 -8.350000000000001 2.5
    endloop
  endfacet
  facet normal 0 0.9987954562051721 0.04906767432742443
    outer loop
      vertex -48.05 -8.345184726672198 2.4019828596704396
      vertex -48.05 -8.350000000000001 2.5
      vertex -47.898888677893645 -8.350000000000001 2.5
    endloop
  endfacet
  facet normal 1 0 0
    outer loop
      vertex -48.05 -8.345184726672198 2.4019828596704396
      vertex -48.05 -8.330785280403232 2.6950903220161284
      vertex -48.05 -8.345184726672198 2.5980171403295604
    endloop
  endfacet
  facet normal 0 0.9987954562051721 -0.04906767432742443
    outer loop
      vertex -48.05 -8.350000000000001 2.5
      vertex -47.9000948410801 -8.345184726672198 2.5980171403295604
      vertex -47.898888677893645 -8.350000000000001 2.5
    endloop
  endfacet
  facet normal 0 0.9987954562051722 -0.04906767432742444
    outer loop
      vertex -48.05 -8.350000000000001 2.5
      vertex -48.05 -8.345184726672198 2.5980171403295604
      vertex -47.9000948410801 -8.345184726672198 2.5980171403295604
    endloop
  endfacet
  facet normal 1 0 0
    outer loop
      vertex -48.05 -8.330785280403232 2.3049096779838716
      vertex -48.05 -8.306940335732211 2.7902846772544625
      vertex -48.05 -8.330785280403232 2.6950903220161284
    endloop
  endfacet
  facet normal 0 0.9891765099647826 -0.14673047445535034
    outer loop
      vertex -48.05 -8.345184726672198 2.5980171403295604
      vertex -47.90196320414543 -8.337725803256035 2.6483011175352615
      vertex -47.9000948410801 -8.345184726672198 2.5980171403295604
    endloop
  endfacet
  facet normal 1 0 0
    outer loop
      vertex -48.05 -8.306940335732211 2.2097153227455375
      vertex -48.05 -8.273879532511287 2.8826834323650896
      vertex -48.05 -8.306940335732211 2.7902846772544625
    endloop
  endfacet
  facet normal 1 0 0
    outer loop
      vertex -48.05 -8.273879532511287 2.1173165676349104
      vertex -48.05 -8.231921264348356 2.9713967368259975
      vertex -48.05 -8.273879532511287 2.8826834323650896
    endloop
  endfacet
  facet normal 1.7015706027434502e-15 0.989176509964782 -0.14673047445535528
    outer loop
      vertex -48.05 -8.345184726672198 2.5980171403295604
      vertex -48.05 -8.330785280403232 2.6950903220161284
      vertex -47.90196320414543 -8.337725803256035 2.6483011175352615
    endloop
  endfacet
  facet normal 0 0.9891765099647812 -0.14673047445536058
    outer loop
      vertex -47.90196320414543 -8.337725803256035 2.6483011175352615
      vertex -48.05 -8.330785280403232 2.6950903220161284
      vertex -47.90299273339354 -8.330785280403232 2.6950903220161284
    endloop
  endfacet
  facet normal 1 0 0
    outer loop
      vertex -48.05 -8.231921264348356 2.0286032631740025
      vertex -48.05 -8.181469612302546 3.055570233019602
      vertex -48.05 -8.231921264348356 2.9713967368259975
    endloop
  endfacet
  facet normal 0 0.9700312531945455 -0.24298017990325776
    outer loop
      vertex -48.05 -8.330785280403232 2.6950903220161284
      vertex -47.90652979659166 -8.306940335732211 2.7902846772544625
      vertex -47.90299273339354 -8.330785280403232 2.6950903220161284
    endloop
  endfacet
  facet normal 0 0.9700312531945455 -0.24298017990325776
    outer loop
      vertex -48.05 -8.330785280403232 2.6950903220161284
      vertex -48.05 -8.306940335732211 2.7902846772544625
      vertex -47.90652979659166 -8.306940335732211 2.7902846772544625
    endloop
  endfacet
  facet normal 0 0.9415440651830163 -0.3368898533922329
    outer loop
      vertex -48.05 -8.306940335732211 2.7902846772544625
      vertex -47.91143390318476 -8.273879532511287 2.8826834323650896
      vertex -47.90652979659166 -8.306940335732211 2.7902846772544625
    endloop
  endfacet
  facet normal 0 0.9415440651830161 -0.33688985339223276
    outer loop
      vertex -48.05 -8.306940335732211 2.7902846772544625
      vertex -48.05 -8.273879532511287 2.8826834323650896
      vertex -47.91143390318476 -8.273879532511287 2.8826834323650896
    endloop
  endfacet
  facet normal 0 0.9039892931234456 -0.4275550934302772
    outer loop
      vertex -48.05 -8.273879532511287 2.8826834323650896
      vertex -47.917657823945476 -8.231921264348356 2.9713967368259975
      vertex -47.91143390318476 -8.273879532511287 2.8826834323650896
    endloop
  endfacet
  facet normal 0 0.9039892931234456 -0.4275550934302772
    outer loop
      vertex -48.05 -8.273879532511287 2.8826834323650896
      vertex -48.05 -8.231921264348356 2.9713967368259975
      vertex -47.917657823945476 -8.231921264348356 2.9713967368259975
    endloop
  endfacet
  facet normal 0 0.8577286100002713 -0.514102744193223
    outer loop
      vertex -48.05 -8.231921264348356 2.9713967368259975
      vertex -47.92514161911454 -8.181469612302546 3.055570233019602
      vertex -47.917657823945476 -8.231921264348356 2.9713967368259975
    endloop
  endfacet
  facet normal 0 0.8577286100002712 -0.514102744193223
    outer loop
      vertex -48.05 -8.231921264348356 2.9713967368259975
      vertex -48.05 -8.181469612302546 3.055570233019602
      vertex -47.92514161911454 -8.181469612302546 3.055570233019602
    endloop
  endfacet
  facet normal 1 0 0
    outer loop
      vertex -48.05 -7.6402846772544635 1.5430596642677912
      vertex -48.05 -7.545090322016129 1.5192147195967696
      vertex -48.05 -7.545090322016129 3.4807852804032304
    endloop
  endfacet
  facet normal 1 0 0
    outer loop
      vertex -48.05 -7.545090322016129 1.5192147195967696
      vertex -48.05 -7.448017140329562 1.504815273327803
      vertex -48.05 -7.448017140329562 3.495184726672197
    endloop
  endfacet
  facet normal 1 0 0
    outer loop
      vertex -48.05 -7.448017140329562 1.504815273327803
      vertex -48.05 -7.350000000000001 1.5
      vertex -48.05 -7.350000000000001 3.5
    endloop
  endfacet
  facet normal 1 0 0
    outer loop
      vertex -48.05 -7.350000000000001 1.5
      vertex -48.05 -7.2519828596704405 1.504815273327803
      vertex -48.05 -7.2519828596704405 3.495184726672197
    endloop
  endfacet
  facet normal 1 0 0
    outer loop
      vertex -48.05 -7.2519828596704405 1.504815273327803
      vertex -48.05 -7.1549096779838735 1.5192147195967696
      vertex -48.05 -7.1549096779838735 3.4807852804032304
    endloop
  endfacet
  facet normal 1 0 0
    outer loop
      vertex -48.05 -7.1549096779838735 1.5192147195967696
      vertex -48.05 -7.059715322745539 1.5430596642677912
      vertex -48.05 -7.059715322745539 3.4569403357322086
    endloop
  endfacet
  facet normal 1 0 0
    outer loop
      vertex -48.05 -7.059715322745539 1.5430596642677912
      vertex -48.05 -6.967316567634912 1.5761204674887133
      vertex -48.05 -6.967316567634912 3.423879532511287
    endloop
  endfacet
  facet normal 1 0 0
    outer loop
      vertex -48.05 -7.6402846772544635 1.5430596642677912
      vertex -48.05 -7.6402846772544635 3.4569403357322086
      vertex -48.05 -7.732683432365091 1.5761204674887133
    endloop
  endfacet
  facet normal 1 0 0
    outer loop
      vertex -48.05 -7.821396736825999 1.618078735651645
      vertex -48.05 -7.732683432365091 1.5761204674887133
      vertex -48.05 -7.732683432365091 3.423879532511287
    endloop
  endfacet
  facet normal 1 0 0
    outer loop
      vertex -48.05 -7.821396736825999 1.618078735651645
      vertex -48.05 -7.821396736825999 3.381921264348355
      vertex -48.05 -7.905570233019604 1.6685303876974547
    endloop
  endfacet
  facet normal 1 0 0
    outer loop
      vertex -48.05 -7.905570233019604 1.6685303876974547
      vertex -48.05 -7.905570233019604 3.3314696123025453
      vertex -48.05 -7.984393284163647 1.7269895466372631
    endloop
  endfacet
  facet normal 1 0 0
    outer loop
      vertex -48.05 -7.984393284163647 1.7269895466372631
      vertex -48.05 -7.984393284163647 3.273010453362737
      vertex -48.05 -8.05710678118655 1.7928932188134525
    endloop
  endfacet
  facet normal 1 0 0
    outer loop
      vertex -48.05 -8.05710678118655 1.7928932188134525
      vertex -48.05 -8.05710678118655 3.2071067811865475
      vertex -48.05 -8.123010453362738 1.8656067158363545
    endloop
  endfacet
  facet normal 1 0 0
    outer loop
      vertex -48.05 -8.181469612302546 1.9444297669803978
      vertex -48.05 -8.123010453362738 1.8656067158363545
      vertex -48.05 -8.123010453362738 3.1343932841636457
    endloop
  endfacet
  facet normal 1 0 0
    outer loop
      vertex -48.05 -6.967316567634912 1.5761204674887133
      vertex -48.05 -6.8786032631740035 1.618078735651645
      vertex -48.05 -6.8786032631740035 3.381921264348355
    endloop
  endfacet
  facet normal 1 0 0
    outer loop
      vertex -48.05 -6.8786032631740035 1.618078735651645
      vertex -48.05 -6.794429766980399 1.6685303876974547
      vertex -48.05 -6.794429766980399 3.3314696123025453
    endloop
  endfacet
  facet normal 1 0 0
    outer loop
      vertex -48.05 -6.794429766980399 1.6685303876974547
      vertex -48.05 -6.715606715836356 1.7269895466372631
      vertex -48.05 -6.715606715836356 3.273010453362737
    endloop
  endfacet
  facet normal 1 0 0
    outer loop
      vertex -48.05 -6.715606715836356 1.7269895466372631
      vertex -48.05 -6.6428932188134535 1.7928932188134525
      vertex -48.05 -6.6428932188134535 3.2071067811865475
    endloop
  endfacet
  facet normal 1 0 0
    outer loop
      vertex -48.05 -6.6428932188134535 1.7928932188134525
      vertex -48.05 -6.5769895466372645 1.8656067158363545
      vertex -48.05 -6.5769895466372645 3.1343932841636457
    endloop
  endfacet
  facet normal 1 0 0
    outer loop
      vertex -48.05 -6.5769895466372645 1.8656067158363545
      vertex -48.05 -6.5185303876974565 1.9444297669803978
      vertex -48.05 -6.5185303876974565 3.055570233019602
    endloop
  endfacet
  facet normal 1 0 0
    outer loop
      vertex -48.05 -6.5185303876974565 1.9444297669803978
      vertex -48.05 -6.4680787356516465 2.0286032631740025
      vertex -48.05 -6.4680787356516465 2.9713967368259975
    endloop
  endfacet
  facet normal 1 0 0
    outer loop
      vertex -48.05 -6.4680787356516465 2.0286032631740025
      vertex -48.05 -6.4261204674887145 2.1173165676349104
      vertex -48.05 -6.4261204674887145 2.8826834323650896
    endloop
  endfacet
  facet normal 1 0 0
    outer loop
      vertex -48.05 -6.4261204674887145 2.1173165676349104
      vertex -48.05 -6.393059664267793 2.2097153227455375
      vertex -48.05 -6.393059664267793 2.7902846772544625
    endloop
  endfacet
  facet normal 1 0 0
    outer loop
      vertex -48.05 -6.393059664267793 2.2097153227455375
      vertex -48.05 -6.369214719596771 2.3049096779838716
      vertex -48.05 -6.369214719596771 2.6950903220161284
    endloop
  endfacet
  facet normal 1 0 0
    outer loop
      vertex -48.05 -6.369214719596771 2.3049096779838716
      vertex -48.05 -6.354815273327804 2.4019828596704396
      vertex -48.05 -6.354815273327804 2.5980171403295604
    endloop
  endfacet
  facet normal 1 0 0
    outer loop
      vertex -48.05 -6.354815273327804 2.4019828596704396
      vertex -48.05 -6.350000000000001 2.5
      vertex -48.05 -6.354815273327804 2.5980171403295604
    endloop
  endfacet
  facet normal 1 0 0
    outer loop
      vertex -48.05 -6.369214719596771 2.3049096779838716
      vertex -48.05 -6.354815273327804 2.5980171403295604
      vertex -48.05 -6.369214719596771 2.6950903220161284
    endloop
  endfacet
  facet normal 1 0 0
    outer loop
      vertex -48.05 -6.393059664267793 2.2097153227455375
      vertex -48.05 -6.369214719596771 2.6950903220161284
      vertex -48.05 -6.393059664267793 2.7902846772544625
    endloop
  endfacet
  facet normal 0 -0.9987954562051725 -0.0490676743274154
    outer loop
      vertex -48.05 -6.350000000000001 2.5
      vertex -47.95000000298023 -6.350000000000001 2.5
      vertex -48.05 -6.354815273327804 2.5980171403295604
    endloop
  endfacet
  facet normal 0 -0.9987954562051725 -0.0490676743274154
    outer loop
      vertex -47.95000000298023 -6.350000000000001 2.5
      vertex -47.95000000298023 -6.354815273327804 2.5980171403295604
      vertex -48.05 -6.354815273327804 2.5980171403295604
    endloop
  endfacet
  facet normal 1 0 0
    outer loop
      vertex -48.05 -6.4261204674887145 2.1173165676349104
      vertex -48.05 -6.393059664267793 2.7902846772544625
      vertex -48.05 -6.4261204674887145 2.8826834323650896
    endloop
  endfacet
  facet normal 1 0 0
    outer loop
      vertex -48.05 -8.181469612302546 1.9444297669803978
      vertex -48.05 -8.123010453362738 3.1343932841636457
      vertex -48.05 -8.181469612302546 3.055570233019602
    endloop
  endfacet
  facet normal 1 0 0
    outer loop
      vertex -48.05 -8.123010453362738 1.8656067158363545
      vertex -48.05 -8.05710678118655 3.2071067811865475
      vertex -48.05 -8.123010453362738 3.1343932841636457
    endloop
  endfacet
  facet normal 1 0 0
    outer loop
      vertex -48.05 -8.05710678118655 1.7928932188134525
      vertex -48.05 -7.984393284163647 3.273010453362737
      vertex -48.05 -8.05710678118655 3.2071067811865475
    endloop
  endfacet
  facet normal 1 0 0
    outer loop
      vertex -48.05 -7.984393284163647 1.7269895466372631
      vertex -48.05 -7.905570233019604 3.3314696123025453
      vertex -48.05 -7.984393284163647 3.273010453362737
    endloop
  endfacet
  facet normal 1 0 0
    outer loop
      vertex -48.05 -7.905570233019604 1.6685303876974547
      vertex -48.05 -7.821396736825999 3.381921264348355
      vertex -48.05 -7.905570233019604 3.3314696123025453
    endloop
  endfacet
  facet normal 1 0 0
    outer loop
      vertex -48.05 -7.821396736825999 1.618078735651645
      vertex -48.05 -7.732683432365091 3.423879532511287
      vertex -48.05 -7.821396736825999 3.381921264348355
    endloop
  endfacet
  facet normal 1 0 0
    outer loop
      vertex -48.05 -7.732683432365091 1.5761204674887133
      vertex -48.05 -7.6402846772544635 3.4569403357322086
      vertex -48.05 -7.732683432365091 3.423879532511287
    endloop
  endfacet
  facet normal 1 0 0
    outer loop
      vertex -48.05 -7.6402846772544635 1.5430596642677912
      vertex -48.05 -7.545090322016129 3.4807852804032304
      vertex -48.05 -7.6402846772544635 3.4569403357322086
    endloop
  endfacet
  facet normal 1 0 0
    outer loop
      vertex -48.05 -7.545090322016129 1.5192147195967696
      vertex -48.05 -7.448017140329562 3.495184726672197
      vertex -48.05 -7.545090322016129 3.4807852804032304
    endloop
  endfacet
  facet normal 1 0 0
    outer loop
      vertex -48.05 -7.448017140329562 1.504815273327803
      vertex -48.05 -7.350000000000001 3.5
      vertex -48.05 -7.448017140329562 3.495184726672197
    endloop
  endfacet
  facet normal 1 0 0
    outer loop
      vertex -48.05 -7.350000000000001 1.5
      vertex -48.05 -7.2519828596704405 3.495184726672197
      vertex -48.05 -7.350000000000001 3.5
    endloop
  endfacet
  facet normal 1 0 0
    outer loop
      vertex -48.05 -7.2519828596704405 1.504815273327803
      vertex -48.05 -7.1549096779838735 3.4807852804032304
      vertex -48.05 -7.2519828596704405 3.495184726672197
    endloop
  endfacet
  facet normal 1 0 0
    outer loop
      vertex -48.05 -6.4680787356516465 2.0286032631740025
      vertex -48.05 -6.4261204674887145 2.8826834323650896
      vertex -48.05 -6.4680787356516465 2.9713967368259975
    endloop
  endfacet
  facet normal 1 0 0
    outer loop
      vertex -48.05 -6.5185303876974565 1.9444297669803978
      vertex -48.05 -6.4680787356516465 2.9713967368259975
      vertex -48.05 -6.5185303876974565 3.055570233019602
    endloop
  endfacet
  facet normal 0 -0.9891765099647807 -0.14673047445536413
    outer loop
      vertex -48.05 -6.354815273327804 2.5980171403295604
      vertex -47.95000000298023 -6.354815273327804 2.5980171403295604
      vertex -48.05 -6.369214719596771 2.6950903220161284
    endloop
  endfacet
  facet normal 0 -0.9891765099647807 -0.14673047445536413
    outer loop
      vertex -47.95000000298023 -6.354815273327804 2.5980171403295604
      vertex -47.95000000298023 -6.369214719596771 2.6950903220161284
      vertex -48.05 -6.369214719596771 2.6950903220161284
    endloop
  endfacet
  facet normal 1 0 0
    outer loop
      vertex -48.05 -6.5769895466372645 1.8656067158363545
      vertex -48.05 -6.5185303876974565 3.055570233019602
      vertex -48.05 -6.5769895466372645 3.1343932841636457
    endloop
  endfacet
  facet normal 1 0 0
    outer loop
      vertex -48.05 -6.6428932188134535 1.7928932188134525
      vertex -48.05 -6.5769895466372645 3.1343932841636457
      vertex -48.05 -6.6428932188134535 3.2071067811865475
    endloop
  endfacet
  facet normal 0 -0.9700312531945434 -0.24298017990326626
    outer loop
      vertex -48.05 -6.369214719596771 2.6950903220161284
      vertex -47.95000000298023 -6.369214719596771 2.6950903220161284
      vertex -48.05 -6.393059664267793 2.7902846772544625
    endloop
  endfacet
  facet normal 1 0 0
    outer loop
      vertex -48.05 -6.715606715836356 1.7269895466372631
      vertex -48.05 -6.6428932188134535 3.2071067811865475
      vertex -48.05 -6.715606715836356 3.273010453362737
    endloop
  endfacet
  facet normal 1 0 0
    outer loop
      vertex -48.05 -6.794429766980399 1.6685303876974547
      vertex -48.05 -6.715606715836356 3.273010453362737
      vertex -48.05 -6.794429766980399 3.3314696123025453
    endloop
  endfacet
  facet normal 1 0 0
    outer loop
      vertex -48.05 -6.8786032631740035 1.618078735651645
      vertex -48.05 -6.794429766980399 3.3314696123025453
      vertex -48.05 -6.8786032631740035 3.381921264348355
    endloop
  endfacet
  facet normal 1 0 0
    outer loop
      vertex -48.05 -7.059715322745539 1.5430596642677912
      vertex -48.05 -6.967316567634912 3.423879532511287
      vertex -48.05 -7.059715322745539 3.4569403357322086
    endloop
  endfacet
  facet normal 1 0 0
    outer loop
      vertex -48.05 -6.967316567634912 1.5761204674887133
      vertex -48.05 -6.8786032631740035 3.381921264348355
      vertex -48.05 -6.967316567634912 3.423879532511287
    endloop
  endfacet
  facet normal 1 0 0
    outer loop
      vertex -48.05 -7.1549096779838735 1.5192147195967696
      vertex -48.05 -7.059715322745539 3.4569403357322086
      vertex -48.05 -7.1549096779838735 3.4807852804032304
    endloop
  endfacet
  facet normal 0 -0.9700312531945434 -0.24298017990326626
    outer loop
      vertex -47.95000000298023 -6.369214719596771 2.6950903220161284
      vertex -47.95000000298023 -6.393059664267793 2.7902846772544625
      vertex -48.05 -6.393059664267793 2.7902846772544625
    endloop
  endfacet
  facet normal 0 -0.941544065183022 -0.33688985339221683
    outer loop
      vertex -48.05 -6.393059664267793 2.7902846772544625
      vertex -47.95000000298023 -6.393059664267793 2.7902846772544625
      vertex -48.05 -6.4261204674887145 2.8826834323650896
    endloop
  endfacet
  facet normal 0 -0.941544065183022 -0.33688985339221683
    outer loop
      vertex -47.95000000298023 -6.393059664267793 2.7902846772544625
      vertex -47.95000000298023 -6.4261204674887145 2.8826834323650896
      vertex -48.05 -6.4261204674887145 2.8826834323650896
    endloop
  endfacet
  facet normal 0 -0.9039892931234421 -0.4275550934302846
    outer loop
      vertex -48.05 -6.4261204674887145 2.8826834323650896
      vertex -47.95000000298023 -6.4261204674887145 2.8826834323650896
      vertex -48.05 -6.4680787356516465 2.9713967368259975
    endloop
  endfacet
  facet normal 0 -0.9039892931234421 -0.4275550934302846
    outer loop
      vertex -47.95000000298023 -6.4261204674887145 2.8826834323650896
      vertex -47.95000000298023 -6.4680787356516465 2.9713967368259975
      vertex -48.05 -6.4680787356516465 2.9713967368259975
    endloop
  endfacet
  facet normal 0 -0.8577286100002713 -0.514102744193223
    outer loop
      vertex -48.05 -6.4680787356516465 2.9713967368259975
      vertex -47.95000000298023 -6.4680787356516465 2.9713967368259975
      vertex -48.05 -6.5185303876974565 3.055570233019602
    endloop
  endfacet
  facet normal 0 -0.8577286100002713 -0.514102744193223
    outer loop
      vertex -47.95000000298023 -6.4680787356516465 2.9713967368259975
      vertex -47.95000000298023 -6.5185303876974565 3.055570233019602
      vertex -48.05 -6.5185303876974565 3.055570233019602
    endloop
  endfacet
  facet normal 0 0.8032075314806472 -0.5956993044924305
    outer loop
      vertex -48.05 -8.181469612302546 3.055570233019602
      vertex -47.93381321565343 -8.123010453362738 3.1343932841636457
      vertex -47.92514161911454 -8.181469612302546 3.055570233019602
    endloop
  endfacet
  facet normal 0 0.803207531480647 -0.5956993044924304
    outer loop
      vertex -48.05 -8.181469612302546 3.055570233019602
      vertex -48.05 -8.123010453362738 3.1343932841636457
      vertex -47.93381321565343 -8.123010453362738 3.1343932841636457
    endloop
  endfacet
  facet normal 0 0.7409511253549554 -0.6715589548470223
    outer loop
      vertex -48.05 -8.123010453362738 3.1343932841636457
      vertex -47.93796181678772 -8.0950428545475 3.165250774285785
      vertex -47.93381321565343 -8.123010453362738 3.1343932841636457
    endloop
  endfacet
  facet normal -2.6032907334863617e-15 0.7409511253549602 -0.6715589548470172
    outer loop
      vertex -48.05 -8.123010453362738 3.1343932841636457
      vertex -48.05 -8.05710678118655 3.2071067811865475
      vertex -47.93796181678772 -8.0950428545475 3.165250774285785
    endloop
  endfacet
  facet normal 0 0.7409511253549635 -0.6715589548470133
    outer loop
      vertex -47.93796181678772 -8.0950428545475 3.165250774285785
      vertex -48.05 -8.05710678118655 3.2071067811865475
      vertex -47.93982549699236 -8.05710678118655 3.2071067811865475
    endloop
  endfacet
  facet normal 0 0.6715589548470174 -0.74095112535496
    outer loop
      vertex -48.05 -8.05710678118655 3.2071067811865475
      vertex -47.94339768285679 -7.984393284163647 3.273010453362737
      vertex -47.93982549699236 -8.05710678118655 3.2071067811865475
    endloop
  endfacet
  facet normal 0 0.6715589548470174 -0.74095112535496
    outer loop
      vertex -48.05 -8.05710678118655 3.2071067811865475
      vertex -48.05 -7.984393284163647 3.273010453362737
      vertex -47.94339768285679 -7.984393284163647 3.273010453362737
    endloop
  endfacet
  facet normal 0 -0.803207531480647 -0.5956993044924304
    outer loop
      vertex -48.05 -6.5185303876974565 3.055570233019602
      vertex -47.95000000298023 -6.5185303876974565 3.055570233019602
      vertex -48.05 -6.5769895466372645 3.1343932841636457
    endloop
  endfacet
  facet normal 0 -0.803207531480647 -0.5956993044924304
    outer loop
      vertex -47.95000000298023 -6.5185303876974565 3.055570233019602
      vertex -47.95000000298023 -6.5769895466372645 3.1343932841636457
      vertex -48.05 -6.5769895466372645 3.1343932841636457
    endloop
  endfacet
  facet normal 0 -0.7409511253549602 -0.6715589548470172
    outer loop
      vertex -48.05 -6.5769895466372645 3.1343932841636457
      vertex -47.95000000298023 -6.5769895466372645 3.1343932841636457
      vertex -48.05 -6.6428932188134535 3.2071067811865475
    endloop
  endfacet
  facet normal 0 -0.6715589548470174 -0.74095112535496
    outer loop
      vertex -48.05 -6.6428932188134535 3.2071067811865475
      vertex -47.95000000298023 -6.6428932188134535 3.2071067811865475
      vertex -48.05 -6.715606715836356 3.273010453362737
    endloop
  endfacet
  facet normal 0 -0.6715589548470174 -0.74095112535496
    outer loop
      vertex -47.95000000298023 -6.6428932188134535 3.2071067811865475
      vertex -47.95000000298023 -6.715606715836356 3.273010453362737
      vertex -48.05 -6.715606715836356 3.273010453362737
    endloop
  endfacet
  facet normal 0 -0.7409511253549602 -0.6715589548470172
    outer loop
      vertex -47.95000000298023 -6.5769895466372645 3.1343932841636457
      vertex -47.95000000298023 -6.6428932188134535 3.2071067811865475
      vertex -48.05 -6.6428932188134535 3.2071067811865475
    endloop
  endfacet
  facet normal 0 0.5956993044924334 -0.8032075314806449
    outer loop
      vertex -48.05 -7.984393284163647 3.273010453362737
      vertex -47.947270011937576 -7.905570233019604 3.3314696123025453
      vertex -47.94339768285679 -7.984393284163647 3.273010453362737
    endloop
  endfacet
  facet normal 0 0.5956993044924334 -0.8032075314806449
    outer loop
      vertex -48.05 -7.984393284163647 3.273010453362737
      vertex -48.05 -7.905570233019604 3.3314696123025453
      vertex -47.947270011937576 -7.905570233019604 3.3314696123025453
    endloop
  endfacet
  facet normal 0 0.5141027441932193 -0.8577286100002736
    outer loop
      vertex -48.05 -7.905570233019604 3.3314696123025453
      vertex -47.95000000298023 -7.850000001490116 3.364777127280684
      vertex -47.947270011937576 -7.905570233019604 3.3314696123025453
    endloop
  endfacet
  facet normal -1.7676846839124845e-15 0.5141027441932217 -0.8577286100002721
    outer loop
      vertex -48.05 -7.905570233019604 3.3314696123025453
      vertex -48.05 -7.821396736825999 3.381921264348355
      vertex -47.95000000298023 -7.850000001490116 3.364777127280684
    endloop
  endfacet
  facet normal 0 0.5141027441932262 -0.8577286100002693
    outer loop
      vertex -47.95000000298023 -7.850000001490116 3.364777127280684
      vertex -48.05 -7.821396736825999 3.381921264348355
      vertex -47.95000000298023 -7.821396736825999 3.381921264348355
    endloop
  endfacet
  facet normal 0 0.42755509343028286 -0.903989293123443
    outer loop
      vertex -48.05 -7.821396736825999 3.381921264348355
      vertex -47.95000000298023 -7.732683432365091 3.423879532511287
      vertex -47.95000000298023 -7.821396736825999 3.381921264348355
    endloop
  endfacet
  facet normal 0 0.42755509343028286 -0.903989293123443
    outer loop
      vertex -48.05 -7.821396736825999 3.381921264348355
      vertex -48.05 -7.732683432365091 3.423879532511287
      vertex -47.95000000298023 -7.732683432365091 3.423879532511287
    endloop
  endfacet
  facet normal 0 0.33688985339221533 -0.9415440651830225
    outer loop
      vertex -48.05 -7.732683432365091 3.423879532511287
      vertex -47.95000000298023 -7.6402846772544635 3.4569403357322086
      vertex -47.95000000298023 -7.732683432365091 3.423879532511287
    endloop
  endfacet
  facet normal 0 0.33688985339221533 -0.9415440651830225
    outer loop
      vertex -48.05 -7.732683432365091 3.423879532511287
      vertex -48.05 -7.6402846772544635 3.4569403357322086
      vertex -47.95000000298023 -7.6402846772544635 3.4569403357322086
    endloop
  endfacet
  facet normal 0 0.24298017990326626 -0.9700312531945434
    outer loop
      vertex -48.05 -7.6402846772544635 3.4569403357322086
      vertex -47.95000000298023 -7.545090322016129 3.4807852804032304
      vertex -47.95000000298023 -7.6402846772544635 3.4569403357322086
    endloop
  endfacet
  facet normal 0 0.24298017990326626 -0.9700312531945434
    outer loop
      vertex -48.05 -7.6402846772544635 3.4569403357322086
      vertex -48.05 -7.545090322016129 3.4807852804032304
      vertex -47.95000000298023 -7.545090322016129 3.4807852804032304
    endloop
  endfacet
  facet normal 0 0.14673047445536544 -0.9891765099647803
    outer loop
      vertex -48.05 -7.545090322016129 3.4807852804032304
      vertex -47.95000000298023 -7.448017140329562 3.495184726672197
      vertex -47.95000000298023 -7.545090322016129 3.4807852804032304
    endloop
  endfacet
  facet normal 0 0.14673047445536544 -0.9891765099647803
    outer loop
      vertex -48.05 -7.545090322016129 3.4807852804032304
      vertex -48.05 -7.448017140329562 3.495184726672197
      vertex -47.95000000298023 -7.448017140329562 3.495184726672197
    endloop
  endfacet
  facet normal 0 0.049067674327415184 -0.9987954562051725
    outer loop
      vertex -48.05 -7.448017140329562 3.495184726672197
      vertex -47.95000000298023 -7.350000000000001 3.5
      vertex -47.95000000298023 -7.448017140329562 3.495184726672197
    endloop
  endfacet
  facet normal 0 0.049067674327415184 -0.9987954562051725
    outer loop
      vertex -48.05 -7.448017140329562 3.495184726672197
      vertex -48.05 -7.350000000000001 3.5
      vertex -47.95000000298023 -7.350000000000001 3.5
    endloop
  endfacet
  facet normal 0 -0.049067674327415184 -0.9987954562051725
    outer loop
      vertex -47.95000000298023 -7.2519828596704405 3.495184726672197
      vertex -47.95000000298023 -7.350000000000001 3.5
      vertex -48.05 -7.350000000000001 3.5
    endloop
  endfacet
  facet normal 0 -0.049067674327415184 -0.9987954562051725
    outer loop
      vertex -48.05 -7.2519828596704405 3.495184726672197
      vertex -47.95000000298023 -7.2519828596704405 3.495184726672197
      vertex -48.05 -7.350000000000001 3.5
    endloop
  endfacet
  facet normal 0 -0.14673047445536544 -0.9891765099647803
    outer loop
      vertex -48.05 -7.1549096779838735 3.4807852804032304
      vertex -47.95000000298023 -7.1549096779838735 3.4807852804032304
      vertex -48.05 -7.2519828596704405 3.495184726672197
    endloop
  endfacet
  facet normal 0 -0.14673047445536544 -0.9891765099647803
    outer loop
      vertex -47.95000000298023 -7.1549096779838735 3.4807852804032304
      vertex -47.95000000298023 -7.2519828596704405 3.495184726672197
      vertex -48.05 -7.2519828596704405 3.495184726672197
    endloop
  endfacet
  facet normal 0 -0.5956993044924332 -0.8032075314806449
    outer loop
      vertex -48.05 -6.794429766980399 3.3314696123025453
      vertex -48.05 -6.715606715836356 3.273010453362737
      vertex -47.95000000298023 -6.715606715836356 3.273010453362737
    endloop
  endfacet
  facet normal 0 -0.5956993044924332 -0.8032075314806449
    outer loop
      vertex -48.05 -6.794429766980399 3.3314696123025453
      vertex -47.95000000298023 -6.715606715836356 3.273010453362737
      vertex -47.95000000298023 -6.794429766980399 3.3314696123025453
    endloop
  endfacet
  facet normal 0 -0.5141027441932217 -0.8577286100002721
    outer loop
      vertex -48.05 -6.794429766980399 3.3314696123025453
      vertex -47.95000000298023 -6.794429766980399 3.3314696123025453
      vertex -48.05 -6.8786032631740035 3.381921264348355
    endloop
  endfacet
  facet normal 0 -0.5141027441932217 -0.8577286100002721
    outer loop
      vertex -47.95000000298023 -6.794429766980399 3.3314696123025453
      vertex -47.95000000298023 -6.8786032631740035 3.381921264348355
      vertex -48.05 -6.8786032631740035 3.381921264348355
    endloop
  endfacet
  facet normal 0 -0.42755509343028286 -0.903989293123443
    outer loop
      vertex -48.05 -6.967316567634912 3.423879532511287
      vertex -48.05 -6.8786032631740035 3.381921264348355
      vertex -47.95000000298023 -6.8786032631740035 3.381921264348355
    endloop
  endfacet
  facet normal 0 -0.42755509343028286 -0.903989293123443
    outer loop
      vertex -48.05 -6.967316567634912 3.423879532511287
      vertex -47.95000000298023 -6.8786032631740035 3.381921264348355
      vertex -47.95000000298023 -6.967316567634912 3.423879532511287
    endloop
  endfacet
  facet normal 0 -0.33688985339221533 -0.9415440651830225
    outer loop
      vertex -48.05 -6.967316567634912 3.423879532511287
      vertex -47.95000000298023 -6.967316567634912 3.423879532511287
      vertex -48.05 -7.059715322745539 3.4569403357322086
    endloop
  endfacet
  facet normal 0 -0.33688985339221533 -0.9415440651830225
    outer loop
      vertex -47.95000000298023 -6.967316567634912 3.423879532511287
      vertex -47.95000000298023 -7.059715322745539 3.4569403357322086
      vertex -48.05 -7.059715322745539 3.4569403357322086
    endloop
  endfacet
  facet normal 0 -0.24298017990326626 -0.9700312531945434
    outer loop
      vertex -48.05 -7.1549096779838735 3.4807852804032304
      vertex -48.05 -7.059715322745539 3.4569403357322086
      vertex -47.95000000298023 -7.059715322745539 3.4569403357322086
    endloop
  endfacet
  facet normal 0 -0.24298017990326626 -0.9700312531945434
    outer loop
      vertex -48.05 -7.1549096779838735 3.4807852804032304
      vertex -47.95000000298023 -7.059715322745539 3.4569403357322086
      vertex -47.95000000298023 -7.1549096779838735 3.4807852804032304
    endloop
  endfacet
  facet normal 0 0.8577286100002713 0.514102744193223
    outer loop
      vertex -48.05 -8.181469612302546 1.9444297669803978
      vertex -48.05 -8.231921264348356 2.0286032631740025
      vertex 48.05 -8.231921264348356 2.0286032631740025
    endloop
  endfacet
  facet normal 0 0.9039892931234457 0.4275550934302772
    outer loop
      vertex -48.05 -8.231921264348356 2.0286032631740025
      vertex -48.05 -8.273879532511287 2.1173165676349104
      vertex 48.05 -8.273879532511287 2.1173165676349104
    endloop
  endfacet
  facet normal 0 0.9415440651830163 0.3368898533922328
    outer loop
      vertex -48.05 -8.273879532511287 2.1173165676349104
      vertex -48.05 -8.306940335732211 2.2097153227455375
      vertex 48.05 -8.306940335732211 2.2097153227455375
    endloop
  endfacet
  facet normal 0 0.9700312531945455 0.24298017990325776
    outer loop
      vertex -48.05 -8.306940335732211 2.2097153227455375
      vertex -48.05 -8.330785280403232 2.3049096779838716
      vertex 48.05 -8.330785280403232 2.3049096779838716
    endloop
  endfacet
  facet normal 0 0.9891765099647819 0.14673047445535525
    outer loop
      vertex -48.05 -8.330785280403232 2.3049096779838716
      vertex -48.05 -8.345184726672198 2.4019828596704396
      vertex 48.05 -8.345184726672198 2.4019828596704396
    endloop
  endfacet
  facet normal 0 0.9987954562051721 0.04906767432742443
    outer loop
      vertex -48.05 -8.345184726672198 2.4019828596704396
      vertex -47.898888677893645 -8.350000000000001 2.5
      vertex 47.898888677893645 -8.350000000000001 2.5
    endloop
  endfacet
  facet normal 0 0.7409511253549612 0.6715589548470161
    outer loop
      vertex -48.05 -8.05710678118655 1.7928932188134525
      vertex -48.05 -8.123010453362738 1.8656067158363545
      vertex 48.05 -8.123010453362738 1.8656067158363545
    endloop
  endfacet
  facet normal 0 0.8032075314806463 0.5956993044924315
    outer loop
      vertex -48.05 -8.181469612302546 1.9444297669803978
      vertex 48.05 -8.181469612302546 1.9444297669803978
      vertex -48.05 -8.123010453362738 1.8656067158363545
    endloop
  endfacet
  facet normal 0 -0.6715589548470174 0.74095112535496
    outer loop
      vertex -48.05 -6.715606715836356 1.7269895466372631
      vertex 48.05 -6.6428932188134535 1.7928932188134525
      vertex -48.05 -6.6428932188134535 1.7928932188134525
    endloop
  endfacet
  facet normal 0 -0.7409511253549612 0.6715589548470161
    outer loop
      vertex -48.05 -6.6428932188134535 1.7928932188134525
      vertex 48.05 -6.6428932188134535 1.7928932188134525
      vertex -48.05 -6.5769895466372645 1.8656067158363545
    endloop
  endfacet
  facet normal 0 -0.8032075314806463 0.5956993044924315
    outer loop
      vertex -48.05 -6.5769895466372645 1.8656067158363545
      vertex 48.05 -6.5769895466372645 1.8656067158363545
      vertex -48.05 -6.5185303876974565 1.9444297669803978
    endloop
  endfacet
  facet normal 0 -0.8577286100002713 0.514102744193223
    outer loop
      vertex -48.05 -6.5185303876974565 1.9444297669803978
      vertex 48.05 -6.5185303876974565 1.9444297669803978
      vertex -48.05 -6.4680787356516465 2.0286032631740025
    endloop
  endfacet
  facet normal 0 -0.903989293123442 0.4275550934302845
    outer loop
      vertex -48.05 -6.4680787356516465 2.0286032631740025
      vertex 48.05 -6.4680787356516465 2.0286032631740025
      vertex -48.05 -6.4261204674887145 2.1173165676349104
    endloop
  endfacet
  facet normal 0 -0.9415440651830219 0.3368898533922167
    outer loop
      vertex -48.05 -6.4261204674887145 2.1173165676349104
      vertex 48.05 -6.4261204674887145 2.1173165676349104
      vertex -48.05 -6.393059664267793 2.2097153227455375
    endloop
  endfacet
  facet normal 0 -0.9700312531945433 0.24298017990326626
    outer loop
      vertex -48.05 -6.393059664267793 2.2097153227455375
      vertex 48.05 -6.393059664267793 2.2097153227455375
      vertex -48.05 -6.369214719596771 2.3049096779838716
    endloop
  endfacet
  facet normal 0 -0.9891765099647807 0.1467304744553641
    outer loop
      vertex -48.05 -6.369214719596771 2.3049096779838716
      vertex 48.05 -6.369214719596771 2.3049096779838716
      vertex -48.05 -6.354815273327804 2.4019828596704396
    endloop
  endfacet
  facet normal 0 -0.9987954562051725 0.04906767432741541
    outer loop
      vertex -48.05 -6.354815273327804 2.4019828596704396
      vertex 48.05 -6.354815273327804 2.4019828596704396
      vertex -48.05 -6.350000000000001 2.5
    endloop
  endfacet
  facet normal 0 -0.9987954562051725 0.0490676743274154
    outer loop
      vertex -48.05 -6.350000000000001 2.5
      vertex 48.05 -6.354815273327804 2.4019828596704396
      vertex -47.95000000298023 -6.350000000000001 2.5
    endloop
  endfacet
  facet normal 0 0.049067674327417446 0.9987954562051724
    outer loop
      vertex -48.05 -7.448017140329562 1.504815273327803
      vertex 48.05 -7.448017140329562 1.504815273327803
      vertex 48.05 -7.350000000000001 1.5
    endloop
  endfacet
  facet normal 0 0.14673047445536322 0.9891765099647807
    outer loop
      vertex -48.05 -7.545090322016129 1.5192147195967696
      vertex 48.05 -7.545090322016129 1.5192147195967696
      vertex 48.05 -7.448017140329562 1.504815273327803
    endloop
  endfacet
  facet normal 0 -0.049067674327417446 0.9987954562051724
    outer loop
      vertex -48.05 -7.350000000000001 1.5
      vertex 48.05 -7.350000000000001 1.5
      vertex 48.05 -7.2519828596704405 1.504815273327803
    endloop
  endfacet
  facet normal 0 -0.14673047445536322 0.9891765099647807
    outer loop
      vertex -48.05 -7.2519828596704405 1.504815273327803
      vertex 48.05 -7.2519828596704405 1.504815273327803
      vertex 48.05 -7.1549096779838735 1.5192147195967696
    endloop
  endfacet
  facet normal 0 -0.24298017990326412 0.9700312531945439
    outer loop
      vertex -48.05 -7.1549096779838735 1.5192147195967696
      vertex 48.05 -7.1549096779838735 1.5192147195967696
      vertex 48.05 -7.059715322745539 1.5430596642677912
    endloop
  endfacet
  facet normal 0 0.3368898533922193 0.9415440651830209
    outer loop
      vertex -48.05 -7.732683432365091 1.5761204674887133
      vertex 48.05 -7.732683432365091 1.5761204674887133
      vertex 48.05 -7.6402846772544635 1.5430596642677912
    endloop
  endfacet
  facet normal 0 0.427555093430281 0.9039892931234439
    outer loop
      vertex -48.05 -7.821396736825999 1.618078735651645
      vertex 48.05 -7.821396736825999 1.618078735651645
      vertex 48.05 -7.732683432365091 1.5761204674887133
    endloop
  endfacet
  facet normal 0 0.24298017990326412 0.9700312531945439
    outer loop
      vertex -48.05 -7.6402846772544635 1.5430596642677912
      vertex 48.05 -7.6402846772544635 1.5430596642677912
      vertex 48.05 -7.545090322016129 1.5192147195967696
    endloop
  endfacet
  facet normal 0 0.5141027441932217 0.8577286100002721
    outer loop
      vertex -48.05 -7.905570233019604 1.6685303876974547
      vertex 48.05 -7.905570233019604 1.6685303876974547
      vertex 48.05 -7.821396736825999 1.618078735651645
    endloop
  endfacet
  facet normal 0 0.5956993044924334 0.8032075314806449
    outer loop
      vertex -48.05 -7.984393284163647 1.7269895466372631
      vertex 48.05 -7.984393284163647 1.7269895466372631
      vertex 48.05 -7.905570233019604 1.6685303876974547
    endloop
  endfacet
  facet normal 0 -0.3368898533922193 0.9415440651830209
    outer loop
      vertex -48.05 -7.059715322745539 1.5430596642677912
      vertex 48.05 -7.059715322745539 1.5430596642677912
      vertex 48.05 -6.967316567634912 1.5761204674887133
    endloop
  endfacet
  facet normal 0 -0.427555093430281 0.9039892931234439
    outer loop
      vertex -48.05 -6.967316567634912 1.5761204674887133
      vertex 48.05 -6.967316567634912 1.5761204674887133
      vertex 48.05 -6.8786032631740035 1.618078735651645
    endloop
  endfacet
  facet normal 0 -0.5141027441932217 0.8577286100002721
    outer loop
      vertex -48.05 -6.8786032631740035 1.618078735651645
      vertex 48.05 -6.8786032631740035 1.618078735651645
      vertex 48.05 -6.794429766980399 1.6685303876974547
    endloop
  endfacet
  facet normal 0 -0.5956993044924334 0.8032075314806449
    outer loop
      vertex -48.05 -6.794429766980399 1.6685303876974547
      vertex 48.05 -6.794429766980399 1.6685303876974547
      vertex 48.05 -6.715606715836356 1.7269895466372631
    endloop
  endfacet
  facet normal 0 -0.6715589548470174 0.74095112535496
    outer loop
      vertex -48.05 -6.715606715836356 1.7269895466372631
      vertex 48.05 -6.715606715836356 1.7269895466372631
      vertex 48.05 -6.6428932188134535 1.7928932188134525
    endloop
  endfacet
  facet normal 0 0.8577286100002713 0.514102744193223
    outer loop
      vertex -48.05 -8.181469612302546 1.9444297669803978
      vertex 48.05 -8.231921264348356 2.0286032631740025
      vertex 48.05 -8.181469612302546 1.9444297669803978
    endloop
  endfacet
  facet normal 0 0.9039892931234457 0.4275550934302772
    outer loop
      vertex -48.05 -8.231921264348356 2.0286032631740025
      vertex 48.05 -8.273879532511287 2.1173165676349104
      vertex 48.05 -8.231921264348356 2.0286032631740025
    endloop
  endfacet
  facet normal 0 0.9415440651830163 0.3368898533922328
    outer loop
      vertex -48.05 -8.273879532511287 2.1173165676349104
      vertex 48.05 -8.306940335732211 2.2097153227455375
      vertex 48.05 -8.273879532511287 2.1173165676349104
    endloop
  endfacet
  facet normal 0 0.9700312531945455 0.24298017990325776
    outer loop
      vertex -48.05 -8.306940335732211 2.2097153227455375
      vertex 48.05 -8.330785280403232 2.3049096779838716
      vertex 48.05 -8.306940335732211 2.2097153227455375
    endloop
  endfacet
  facet normal 0 0.9891765099647819 0.14673047445535525
    outer loop
      vertex -48.05 -8.330785280403232 2.3049096779838716
      vertex 48.05 -8.345184726672198 2.4019828596704396
      vertex 48.05 -8.330785280403232 2.3049096779838716
    endloop
  endfacet
  facet normal 0 0.9987954562051722 0.04906767432742444
    outer loop
      vertex -48.05 -8.345184726672198 2.4019828596704396
      vertex 48.05 -8.350000000000001 2.5
      vertex 48.05 -8.345184726672198 2.4019828596704396
    endloop
  endfacet
  facet normal 0 0.9987954562051721 0.04906767432742437
    outer loop
      vertex -48.05 -8.345184726672198 2.4019828596704396
      vertex 47.898888677893645 -8.350000000000001 2.5
      vertex 48.05 -8.350000000000001 2.5
    endloop
  endfacet
  facet normal 0 0.6715589548470174 0.74095112535496
    outer loop
      vertex -48.05 -8.05710678118655 1.7928932188134525
      vertex 48.05 -8.05710678118655 1.7928932188134525
      vertex 48.05 -7.984393284163647 1.7269895466372631
    endloop
  endfacet
  facet normal 0 0.7409511253549612 0.6715589548470161
    outer loop
      vertex -48.05 -8.05710678118655 1.7928932188134525
      vertex 48.05 -8.123010453362738 1.8656067158363545
      vertex 48.05 -8.05710678118655 1.7928932188134525
    endloop
  endfacet
  facet normal 0 0.8032075314806463 0.5956993044924315
    outer loop
      vertex -48.05 -8.123010453362738 1.8656067158363545
      vertex 48.05 -8.181469612302546 1.9444297669803978
      vertex 48.05 -8.123010453362738 1.8656067158363545
    endloop
  endfacet
  facet normal 0 -0.7409511253549612 0.6715589548470161
    outer loop
      vertex -48.05 -6.5769895466372645 1.8656067158363545
      vertex 48.05 -6.6428932188134535 1.7928932188134525
      vertex 48.05 -6.5769895466372645 1.8656067158363545
    endloop
  endfacet
  facet normal 0 -0.8032075314806463 0.5956993044924315
    outer loop
      vertex -48.05 -6.5185303876974565 1.9444297669803978
      vertex 48.05 -6.5769895466372645 1.8656067158363545
      vertex 48.05 -6.5185303876974565 1.9444297669803978
    endloop
  endfacet
  facet normal 0 -0.8577286100002713 0.514102744193223
    outer loop
      vertex -48.05 -6.4680787356516465 2.0286032631740025
      vertex 48.05 -6.5185303876974565 1.9444297669803978
      vertex 48.05 -6.4680787356516465 2.0286032631740025
    endloop
  endfacet
  facet normal 0 -0.903989293123442 0.4275550934302845
    outer loop
      vertex -48.05 -6.4261204674887145 2.1173165676349104
      vertex 48.05 -6.4680787356516465 2.0286032631740025
      vertex 48.05 -6.4261204674887145 2.1173165676349104
    endloop
  endfacet
  facet normal 0 -0.9415440651830219 0.3368898533922167
    outer loop
      vertex -48.05 -6.393059664267793 2.2097153227455375
      vertex 48.05 -6.4261204674887145 2.1173165676349104
      vertex 48.05 -6.393059664267793 2.2097153227455375
    endloop
  endfacet
  facet normal 0 -0.9700312531945433 0.24298017990326626
    outer loop
      vertex -48.05 -6.369214719596771 2.3049096779838716
      vertex 48.05 -6.393059664267793 2.2097153227455375
      vertex 48.05 -6.369214719596771 2.3049096779838716
    endloop
  endfacet
  facet normal 0 -0.9891765099647807 0.1467304744553641
    outer loop
      vertex -48.05 -6.354815273327804 2.4019828596704396
      vertex 48.05 -6.369214719596771 2.3049096779838716
      vertex 48.05 -6.354815273327804 2.4019828596704396
    endloop
  endfacet
  facet normal 0 -0.9987954562051725 0.04906767432741541
    outer loop
      vertex -47.95000000298023 -6.350000000000001 2.5
      vertex 48.05 -6.354815273327804 2.4019828596704396
      vertex 47.95000000298023 -6.350000000000001 2.5
    endloop
  endfacet
  facet normal -1 0 0
    outer loop
      vertex 48.05 -8.181469612302546 1.9444297669803978
      vertex 48.05 -8.231921264348356 2.0286032631740025
      vertex 48.05 -8.231921264348356 2.9713967368259975
    endloop
  endfacet
  facet normal -1 0 0
    outer loop
      vertex 48.05 -8.231921264348356 2.0286032631740025
      vertex 48.05 -8.273879532511287 2.1173165676349104
      vertex 48.05 -8.273879532511287 2.8826834323650896
    endloop
  endfacet
  facet normal -1 0 0
    outer loop
      vertex 48.05 -8.273879532511287 2.1173165676349104
      vertex 48.05 -8.306940335732211 2.2097153227455375
      vertex 48.05 -8.306940335732211 2.7902846772544625
    endloop
  endfacet
  facet normal -1 0 0
    outer loop
      vertex 48.05 -8.306940335732211 2.2097153227455375
      vertex 48.05 -8.330785280403232 2.3049096779838716
      vertex 48.05 -8.330785280403232 2.6950903220161284
    endloop
  endfacet
  facet normal -1 0 0
    outer loop
      vertex 48.05 -8.330785280403232 2.3049096779838716
      vertex 48.05 -8.345184726672198 2.4019828596704396
      vertex 48.05 -8.345184726672198 2.5980171403295604
    endloop
  endfacet
  facet normal -1 0 0
    outer loop
      vertex 48.05 -8.345184726672198 2.4019828596704396
      vertex 48.05 -8.350000000000001 2.5
      vertex 48.05 -8.345184726672198 2.5980171403295604
    endloop
  endfacet
  facet normal 0 0.9987954562051721 -0.04906767432742443
    outer loop
      vertex 47.898888677893645 -8.350000000000001 2.5
      vertex 48.05 -8.345184726672198 2.5980171403295604
      vertex 48.05 -8.350000000000001 2.5
    endloop
  endfacet
  facet normal 0 0.9987954562051722 -0.04906767432742443
    outer loop
      vertex 47.898888677893645 -8.350000000000001 2.5
      vertex 47.9000948410801 -8.345184726672198 2.5980171403295604
      vertex 48.05 -8.345184726672198 2.5980171403295604
    endloop
  endfacet
  facet normal -1 0 0
    outer loop
      vertex 48.05 -8.330785280403232 2.3049096779838716
      vertex 48.05 -8.345184726672198 2.5980171403295604
      vertex 48.05 -8.330785280403232 2.6950903220161284
    endloop
  endfacet
  facet normal -1 0 0
    outer loop
      vertex 48.05 -8.306940335732211 2.2097153227455375
      vertex 48.05 -8.330785280403232 2.6950903220161284
      vertex 48.05 -8.306940335732211 2.7902846772544625
    endloop
  endfacet
  facet normal 0 0.9891765099647811 -0.1467304744553605
    outer loop
      vertex 47.9000948410801 -8.345184726672198 2.5980171403295604
      vertex 47.90196320414543 -8.337725803256035 2.648301117535258
      vertex 48.05 -8.345184726672198 2.5980171403295604
    endloop
  endfacet
  facet normal -1 0 0
    outer loop
      vertex 48.05 -8.273879532511287 2.1173165676349104
      vertex 48.05 -8.306940335732211 2.7902846772544625
      vertex 48.05 -8.273879532511287 2.8826834323650896
    endloop
  endfacet
  facet normal 1.8135160371344666e-15 0.989176509964782 -0.14673047445535528
    outer loop
      vertex 48.05 -8.345184726672198 2.5980171403295604
      vertex 47.90196320414543 -8.337725803256035 2.648301117535258
      vertex 48.05 -8.330785280403232 2.6950903220161284
    endloop
  endfacet
  facet normal 0 0.9891765099647828 -0.14673047445534967
    outer loop
      vertex 47.90196320414543 -8.337725803256035 2.648301117535258
      vertex 47.90299273339354 -8.330785280403232 2.6950903220161284
      vertex 48.05 -8.330785280403232 2.6950903220161284
    endloop
  endfacet
  facet normal -1 0 0
    outer loop
      vertex 48.05 -8.231921264348356 2.0286032631740025
      vertex 48.05 -8.273879532511287 2.8826834323650896
      vertex 48.05 -8.231921264348356 2.9713967368259975
    endloop
  endfacet
  facet normal -1 0 0
    outer loop
      vertex 48.05 -8.181469612302546 1.9444297669803978
      vertex 48.05 -8.231921264348356 2.9713967368259975
      vertex 48.05 -8.181469612302546 3.055570233019602
    endloop
  endfacet
  facet normal 0 0.9700312531945455 -0.24298017990325776
    outer loop
      vertex 47.90299273339354 -8.330785280403232 2.6950903220161284
      vertex 48.05 -8.306940335732211 2.7902846772544625
      vertex 48.05 -8.330785280403232 2.6950903220161284
    endloop
  endfacet
  facet normal 0 0.9700312531945455 -0.2429801799032578
    outer loop
      vertex 47.90299273339354 -8.330785280403232 2.6950903220161284
      vertex 47.90652979659166 -8.306940335732211 2.7902846772544625
      vertex 48.05 -8.306940335732211 2.7902846772544625
    endloop
  endfacet
  facet normal 0 0.9415440651830163 -0.3368898533922329
    outer loop
      vertex 47.90652979659166 -8.306940335732211 2.7902846772544625
      vertex 48.05 -8.273879532511287 2.8826834323650896
      vertex 48.05 -8.306940335732211 2.7902846772544625
    endloop
  endfacet
  facet normal 0 0.9415440651830161 -0.3368898533922329
    outer loop
      vertex 47.90652979659166 -8.306940335732211 2.7902846772544625
      vertex 47.91143390318476 -8.273879532511287 2.8826834323650896
      vertex 48.05 -8.273879532511287 2.8826834323650896
    endloop
  endfacet
  facet normal 0 0.9039892931234456 -0.4275550934302772
    outer loop
      vertex 47.91143390318476 -8.273879532511287 2.8826834323650896
      vertex 48.05 -8.231921264348356 2.9713967368259975
      vertex 48.05 -8.273879532511287 2.8826834323650896
    endloop
  endfacet
  facet normal 0 0.9039892931234456 -0.4275550934302772
    outer loop
      vertex 47.91143390318476 -8.273879532511287 2.8826834323650896
      vertex 47.917657823945476 -8.231921264348356 2.9713967368259975
      vertex 48.05 -8.231921264348356 2.9713967368259975
    endloop
  endfacet
  facet normal 0 0.8577286100002713 -0.514102744193223
    outer loop
      vertex 47.917657823945476 -8.231921264348356 2.9713967368259975
      vertex 48.05 -8.181469612302546 3.055570233019602
      vertex 48.05 -8.231921264348356 2.9713967368259975
    endloop
  endfacet
  facet normal 0 0.8577286100002713 -0.514102744193223
    outer loop
      vertex 47.917657823945476 -8.231921264348356 2.9713967368259975
      vertex 47.92514161911454 -8.181469612302546 3.055570233019602
      vertex 48.05 -8.181469612302546 3.055570233019602
    endloop
  endfacet
  facet normal -1 0 0
    outer loop
      vertex 48.05 -7.6402846772544635 1.5430596642677912
      vertex 48.05 -7.732683432365091 1.5761204674887133
      vertex 48.05 -7.732683432365091 3.423879532511287
    endloop
  endfacet
  facet normal -1 0 0
    outer loop
      vertex 48.05 -7.6402846772544635 1.5430596642677912
      vertex 48.05 -7.6402846772544635 3.4569403357322086
      vertex 48.05 -7.545090322016129 1.5192147195967696
    endloop
  endfacet
  facet normal -1 0 0
    outer loop
      vertex 48.05 -7.545090322016129 1.5192147195967696
      vertex 48.05 -7.545090322016129 3.4807852804032304
      vertex 48.05 -7.448017140329562 1.504815273327803
    endloop
  endfacet
  facet normal -1 0 0
    outer loop
      vertex 48.05 -7.448017140329562 1.504815273327803
      vertex 48.05 -7.448017140329562 3.495184726672197
      vertex 48.05 -7.350000000000001 1.5
    endloop
  endfacet
  facet normal -1 0 0
    outer loop
      vertex 48.05 -7.350000000000001 1.5
      vertex 48.05 -7.350000000000001 3.5
      vertex 48.05 -7.2519828596704405 1.504815273327803
    endloop
  endfacet
  facet normal -1 0 0
    outer loop
      vertex 48.05 -7.2519828596704405 1.504815273327803
      vertex 48.05 -7.2519828596704405 3.495184726672197
      vertex 48.05 -7.1549096779838735 1.5192147195967696
    endloop
  endfacet
  facet normal -1 0 0
    outer loop
      vertex 48.05 -7.1549096779838735 1.5192147195967696
      vertex 48.05 -7.1549096779838735 3.4807852804032304
      vertex 48.05 -7.059715322745539 1.5430596642677912
    endloop
  endfacet
  facet normal -1 0 0
    outer loop
      vertex 48.05 -7.905570233019604 1.6685303876974547
      vertex 48.05 -7.984393284163647 1.7269895466372631
      vertex 48.05 -7.984393284163647 3.273010453362737
    endloop
  endfacet
  facet normal -1 0 0
    outer loop
      vertex 48.05 -7.821396736825999 1.618078735651645
      vertex 48.05 -7.821396736825999 3.381921264348355
      vertex 48.05 -7.732683432365091 1.5761204674887133
    endloop
  endfacet
  facet normal -1 0 0
    outer loop
      vertex 48.05 -7.821396736825999 1.618078735651645
      vertex 48.05 -7.905570233019604 1.6685303876974547
      vertex 48.05 -7.905570233019604 3.3314696123025453
    endloop
  endfacet
  facet normal -1 0 0
    outer loop
      vertex 48.05 -8.05710678118655 1.7928932188134525
      vertex 48.05 -8.123010453362738 1.8656067158363545
      vertex 48.05 -8.123010453362738 3.1343932841636457
    endloop
  endfacet
  facet normal -1 0 0
    outer loop
      vertex 48.05 -7.984393284163647 1.7269895466372631
      vertex 48.05 -8.05710678118655 1.7928932188134525
      vertex 48.05 -8.05710678118655 3.2071067811865475
    endloop
  endfacet
  facet normal -1 0 0
    outer loop
      vertex 48.05 -8.181469612302546 1.9444297669803978
      vertex 48.05 -8.181469612302546 3.055570233019602
      vertex 48.05 -8.123010453362738 1.8656067158363545
    endloop
  endfacet
  facet normal -1 0 0
    outer loop
      vertex 48.05 -7.059715322745539 1.5430596642677912
      vertex 48.05 -7.059715322745539 3.4569403357322086
      vertex 48.05 -6.967316567634912 1.5761204674887133
    endloop
  endfacet
  facet normal -1 0 0
    outer loop
      vertex 48.05 -6.967316567634912 1.5761204674887133
      vertex 48.05 -6.967316567634912 3.423879532511287
      vertex 48.05 -6.8786032631740035 1.618078735651645
    endloop
  endfacet
  facet normal -1 0 0
    outer loop
      vertex 48.05 -6.8786032631740035 1.618078735651645
      vertex 48.05 -6.8786032631740035 3.381921264348355
      vertex 48.05 -6.794429766980399 1.6685303876974547
    endloop
  endfacet
  facet normal -1 0 0
    outer loop
      vertex 48.05 -6.794429766980399 1.6685303876974547
      vertex 48.05 -6.794429766980399 3.3314696123025453
      vertex 48.05 -6.715606715836356 1.7269895466372631
    endloop
  endfacet
  facet normal -1 0 0
    outer loop
      vertex 48.05 -6.715606715836356 1.7269895466372631
      vertex 48.05 -6.715606715836356 3.273010453362737
      vertex 48.05 -6.6428932188134535 1.7928932188134525
    endloop
  endfacet
  facet normal -1 0 0
    outer loop
      vertex 48.05 -6.6428932188134535 1.7928932188134525
      vertex 48.05 -6.6428932188134535 3.2071067811865475
      vertex 48.05 -6.5769895466372645 1.8656067158363545
    endloop
  endfacet
  facet normal -1 0 0
    outer loop
      vertex 48.05 -6.5769895466372645 1.8656067158363545
      vertex 48.05 -6.5769895466372645 3.1343932841636457
      vertex 48.05 -6.5185303876974565 1.9444297669803978
    endloop
  endfacet
  facet normal -1 0 0
    outer loop
      vertex 48.05 -6.5185303876974565 1.9444297669803978
      vertex 48.05 -6.5185303876974565 3.055570233019602
      vertex 48.05 -6.4680787356516465 2.0286032631740025
    endloop
  endfacet
  facet normal -1 0 0
    outer loop
      vertex 48.05 -6.4680787356516465 2.0286032631740025
      vertex 48.05 -6.4680787356516465 2.9713967368259975
      vertex 48.05 -6.4261204674887145 2.1173165676349104
    endloop
  endfacet
  facet normal -1 0 0
    outer loop
      vertex 48.05 -6.4261204674887145 2.1173165676349104
      vertex 48.05 -6.4261204674887145 2.8826834323650896
      vertex 48.05 -6.393059664267793 2.2097153227455375
    endloop
  endfacet
  facet normal -1 0 0
    outer loop
      vertex 48.05 -6.393059664267793 2.2097153227455375
      vertex 48.05 -6.393059664267793 2.7902846772544625
      vertex 48.05 -6.369214719596771 2.3049096779838716
    endloop
  endfacet
  facet normal 0 -0.9987954562051725 0.0490676743274154
    outer loop
      vertex 48.05 -6.354815273327804 2.4019828596704396
      vertex 48.05 -6.350000000000001 2.5
      vertex 47.95000000298023 -6.350000000000001 2.5
    endloop
  endfacet
  facet normal -1 0 0
    outer loop
      vertex 48.05 -6.369214719596771 2.3049096779838716
      vertex 48.05 -6.369214719596771 2.6950903220161284
      vertex 48.05 -6.354815273327804 2.4019828596704396
    endloop
  endfacet
  facet normal -1 0 0
    outer loop
      vertex 48.05 -6.354815273327804 2.4019828596704396
      vertex 48.05 -6.354815273327804 2.5980171403295604
      vertex 48.05 -6.350000000000001 2.5
    endloop
  endfacet
  facet normal 0 -0.9987954562051725 -0.0490676743274154
    outer loop
      vertex 47.95000000298023 -6.350000000000001 2.5
      vertex 48.05 -6.350000000000001 2.5
      vertex 47.95000000298023 -6.354815273327804 2.5980171403295604
    endloop
  endfacet
  facet normal 0 -0.9987954562051725 -0.0490676743274154
    outer loop
      vertex 48.05 -6.350000000000001 2.5
      vertex 48.05 -6.354815273327804 2.5980171403295604
      vertex 47.95000000298023 -6.354815273327804 2.5980171403295604
    endloop
  endfacet
  facet normal -1 0 0
    outer loop
      vertex 48.05 -6.354815273327804 2.4019828596704396
      vertex 48.05 -6.369214719596771 2.6950903220161284
      vertex 48.05 -6.354815273327804 2.5980171403295604
    endloop
  endfacet
  facet normal -1 0 0
    outer loop
      vertex 48.05 -6.369214719596771 2.3049096779838716
      vertex 48.05 -6.393059664267793 2.7902846772544625
      vertex 48.05 -6.369214719596771 2.6950903220161284
    endloop
  endfacet
  facet normal -1 0 0
    outer loop
      vertex 48.05 -8.123010453362738 1.8656067158363545
      vertex 48.05 -8.181469612302546 3.055570233019602
      vertex 48.05 -8.123010453362738 3.1343932841636457
    endloop
  endfacet
  facet normal -1 0 0
    outer loop
      vertex 48.05 -8.05710678118655 1.7928932188134525
      vertex 48.05 -8.123010453362738 3.1343932841636457
      vertex 48.05 -8.05710678118655 3.2071067811865475
    endloop
  endfacet
  facet normal -1 0 0
    outer loop
      vertex 48.05 -7.984393284163647 1.7269895466372631
      vertex 48.05 -8.05710678118655 3.2071067811865475
      vertex 48.05 -7.984393284163647 3.273010453362737
    endloop
  endfacet
  facet normal -1 0 0
    outer loop
      vertex 48.05 -7.905570233019604 1.6685303876974547
      vertex 48.05 -7.984393284163647 3.273010453362737
      vertex 48.05 -7.905570233019604 3.3314696123025453
    endloop
  endfacet
  facet normal -1 0 0
    outer loop
      vertex 48.05 -7.821396736825999 1.618078735651645
      vertex 48.05 -7.905570233019604 3.3314696123025453
      vertex 48.05 -7.821396736825999 3.381921264348355
    endloop
  endfacet
  facet normal -1 0 0
    outer loop
      vertex 48.05 -7.732683432365091 1.5761204674887133
      vertex 48.05 -7.821396736825999 3.381921264348355
      vertex 48.05 -7.732683432365091 3.423879532511287
    endloop
  endfacet
  facet normal -1 0 0
    outer loop
      vertex 48.05 -7.6402846772544635 1.5430596642677912
      vertex 48.05 -7.732683432365091 3.423879532511287
      vertex 48.05 -7.6402846772544635 3.4569403357322086
    endloop
  endfacet
  facet normal -1 0 0
    outer loop
      vertex 48.05 -7.545090322016129 1.5192147195967696
      vertex 48.05 -7.6402846772544635 3.4569403357322086
      vertex 48.05 -7.545090322016129 3.4807852804032304
    endloop
  endfacet
  facet normal -1 0 0
    outer loop
      vertex 48.05 -7.448017140329562 1.504815273327803
      vertex 48.05 -7.545090322016129 3.4807852804032304
      vertex 48.05 -7.448017140329562 3.495184726672197
    endloop
  endfacet
  facet normal -1 0 0
    outer loop
      vertex 48.05 -7.350000000000001 1.5
      vertex 48.05 -7.448017140329562 3.495184726672197
      vertex 48.05 -7.350000000000001 3.5
    endloop
  endfacet
  facet normal -1 0 0
    outer loop
      vertex 48.05 -7.2519828596704405 1.504815273327803
      vertex 48.05 -7.350000000000001 3.5
      vertex 48.05 -7.2519828596704405 3.495184726672197
    endloop
  endfacet
  facet normal -1 0 0
    outer loop
      vertex 48.05 -7.1549096779838735 1.5192147195967696
      vertex 48.05 -7.2519828596704405 3.495184726672197
      vertex 48.05 -7.1549096779838735 3.4807852804032304
    endloop
  endfacet
  facet normal 0 -0.9891765099647807 -0.14673047445536413
    outer loop
      vertex 47.95000000298023 -6.354815273327804 2.5980171403295604
      vertex 48.05 -6.354815273327804 2.5980171403295604
      vertex 47.95000000298023 -6.369214719596771 2.6950903220161284
    endloop
  endfacet
  facet normal 0 -0.9891765099647807 -0.14673047445536413
    outer loop
      vertex 48.05 -6.354815273327804 2.5980171403295604
      vertex 48.05 -6.369214719596771 2.6950903220161284
      vertex 47.95000000298023 -6.369214719596771 2.6950903220161284
    endloop
  endfacet
  facet normal -1 0 0
    outer loop
      vertex 48.05 -6.393059664267793 2.2097153227455375
      vertex 48.05 -6.4261204674887145 2.8826834323650896
      vertex 48.05 -6.393059664267793 2.7902846772544625
    endloop
  endfacet
  facet normal -1 0 0
    outer loop
      vertex 48.05 -6.4261204674887145 2.1173165676349104
      vertex 48.05 -6.4680787356516465 2.9713967368259975
      vertex 48.05 -6.4261204674887145 2.8826834323650896
    endloop
  endfacet
  facet normal 0 -0.9700312531945434 -0.24298017990326626
    outer loop
      vertex 47.95000000298023 -6.369214719596771 2.6950903220161284
      vertex 48.05 -6.369214719596771 2.6950903220161284
      vertex 47.95000000298023 -6.393059664267793 2.7902846772544625
    endloop
  endfacet
  facet normal -1 0 0
    outer loop
      vertex 48.05 -6.4680787356516465 2.0286032631740025
      vertex 48.05 -6.5185303876974565 3.055570233019602
      vertex 48.05 -6.4680787356516465 2.9713967368259975
    endloop
  endfacet
  facet normal -1 0 0
    outer loop
      vertex 48.05 -6.5185303876974565 1.9444297669803978
      vertex 48.05 -6.5769895466372645 3.1343932841636457
      vertex 48.05 -6.5185303876974565 3.055570233019602
    endloop
  endfacet
  facet normal -1 0 0
    outer loop
      vertex 48.05 -6.6428932188134535 1.7928932188134525
      vertex 48.05 -6.715606715836356 3.273010453362737
      vertex 48.05 -6.6428932188134535 3.2071067811865475
    endloop
  endfacet
  facet normal -1 0 0
    outer loop
      vertex 48.05 -6.715606715836356 1.7269895466372631
      vertex 48.05 -6.794429766980399 3.3314696123025453
      vertex 48.05 -6.715606715836356 3.273010453362737
    endloop
  endfacet
  facet normal -1 0 0
    outer loop
      vertex 48.05 -6.8786032631740035 1.618078735651645
      vertex 48.05 -6.967316567634912 3.423879532511287
      vertex 48.05 -6.8786032631740035 3.381921264348355
    endloop
  endfacet
  facet normal -1 0 0
    outer loop
      vertex 48.05 -7.059715322745539 1.5430596642677912
      vertex 48.05 -7.1549096779838735 3.4807852804032304
      vertex 48.05 -7.059715322745539 3.4569403357322086
    endloop
  endfacet
  facet normal -1 0 0
    outer loop
      vertex 48.05 -6.967316567634912 1.5761204674887133
      vertex 48.05 -7.059715322745539 3.4569403357322086
      vertex 48.05 -6.967316567634912 3.423879532511287
    endloop
  endfacet
  facet normal -1 0 0
    outer loop
      vertex 48.05 -6.794429766980399 1.6685303876974547
      vertex 48.05 -6.8786032631740035 3.381921264348355
      vertex 48.05 -6.794429766980399 3.3314696123025453
    endloop
  endfacet
  facet normal 0 -0.9700312531945434 -0.24298017990326626
    outer loop
      vertex 48.05 -6.369214719596771 2.6950903220161284
      vertex 48.05 -6.393059664267793 2.7902846772544625
      vertex 47.95000000298023 -6.393059664267793 2.7902846772544625
    endloop
  endfacet
  facet normal -1 0 0
    outer loop
      vertex 48.05 -6.5769895466372645 1.8656067158363545
      vertex 48.05 -6.6428932188134535 3.2071067811865475
      vertex 48.05 -6.5769895466372645 3.1343932841636457
    endloop
  endfacet
  facet normal 0 -0.941544065183022 -0.33688985339221683
    outer loop
      vertex 47.95000000298023 -6.393059664267793 2.7902846772544625
      vertex 48.05 -6.393059664267793 2.7902846772544625
      vertex 47.95000000298023 -6.4261204674887145 2.8826834323650896
    endloop
  endfacet
  facet normal 0 -0.941544065183022 -0.33688985339221683
    outer loop
      vertex 48.05 -6.393059664267793 2.7902846772544625
      vertex 48.05 -6.4261204674887145 2.8826834323650896
      vertex 47.95000000298023 -6.4261204674887145 2.8826834323650896
    endloop
  endfacet
  facet normal 0 -0.9039892931234421 -0.4275550934302846
    outer loop
      vertex 47.95000000298023 -6.4261204674887145 2.8826834323650896
      vertex 48.05 -6.4261204674887145 2.8826834323650896
      vertex 47.95000000298023 -6.4680787356516465 2.9713967368259975
    endloop
  endfacet
  facet normal 0 -0.9039892931234421 -0.4275550934302846
    outer loop
      vertex 48.05 -6.4261204674887145 2.8826834323650896
      vertex 48.05 -6.4680787356516465 2.9713967368259975
      vertex 47.95000000298023 -6.4680787356516465 2.9713967368259975
    endloop
  endfacet
  facet normal 0 -0.8577286100002713 -0.514102744193223
    outer loop
      vertex 47.95000000298023 -6.4680787356516465 2.9713967368259975
      vertex 48.05 -6.4680787356516465 2.9713967368259975
      vertex 47.95000000298023 -6.5185303876974565 3.055570233019602
    endloop
  endfacet
  facet normal 0 -0.8577286100002713 -0.514102744193223
    outer loop
      vertex 48.05 -6.4680787356516465 2.9713967368259975
      vertex 48.05 -6.5185303876974565 3.055570233019602
      vertex 47.95000000298023 -6.5185303876974565 3.055570233019602
    endloop
  endfacet
  facet normal 0 0.8032075314806472 -0.5956993044924305
    outer loop
      vertex 47.92514161911454 -8.181469612302546 3.055570233019602
      vertex 48.05 -8.123010453362738 3.1343932841636457
      vertex 48.05 -8.181469612302546 3.055570233019602
    endloop
  endfacet
  facet normal 0 0.803207531480647 -0.5956993044924304
    outer loop
      vertex 47.92514161911454 -8.181469612302546 3.055570233019602
      vertex 47.93381321565343 -8.123010453362738 3.1343932841636457
      vertex 48.05 -8.123010453362738 3.1343932841636457
    endloop
  endfacet
  facet normal 0 0.7409511253549651 -0.6715589548470118
    outer loop
      vertex 47.93381321565343 -8.123010453362738 3.1343932841636457
      vertex 47.93796181678772 -8.0950428545475 3.165250774285786
      vertex 48.05 -8.123010453362738 3.1343932841636457
    endloop
  endfacet
  facet normal -2.7216221304630147e-15 0.7409511253549602 -0.6715589548470172
    outer loop
      vertex 48.05 -8.123010453362738 3.1343932841636457
      vertex 47.93796181678772 -8.0950428545475 3.165250774285786
      vertex 48.05 -8.05710678118655 3.2071067811865475
    endloop
  endfacet
  facet normal 0 0.7409511253549564 -0.6715589548470212
    outer loop
      vertex 47.93796181678772 -8.0950428545475 3.165250774285786
      vertex 47.93982549699236 -8.05710678118655 3.2071067811865475
      vertex 48.05 -8.05710678118655 3.2071067811865475
    endloop
  endfacet
  facet normal 0 0.6715589548470174 -0.74095112535496
    outer loop
      vertex 47.93982549699236 -8.05710678118655 3.2071067811865475
      vertex 48.05 -7.984393284163647 3.273010453362737
      vertex 48.05 -8.05710678118655 3.2071067811865475
    endloop
  endfacet
  facet normal 0 0.6715589548470174 -0.7409511253549599
    outer loop
      vertex 47.93982549699236 -8.05710678118655 3.2071067811865475
      vertex 47.94339768285679 -7.984393284163647 3.273010453362737
      vertex 48.05 -7.984393284163647 3.273010453362737
    endloop
  endfacet
  facet normal 0 -0.803207531480647 -0.5956993044924304
    outer loop
      vertex 47.95000000298023 -6.5185303876974565 3.055570233019602
      vertex 48.05 -6.5185303876974565 3.055570233019602
      vertex 47.95000000298023 -6.5769895466372645 3.1343932841636457
    endloop
  endfacet
  facet normal 0 -0.803207531480647 -0.5956993044924304
    outer loop
      vertex 48.05 -6.5185303876974565 3.055570233019602
      vertex 48.05 -6.5769895466372645 3.1343932841636457
      vertex 47.95000000298023 -6.5769895466372645 3.1343932841636457
    endloop
  endfacet
  facet normal 0 -0.7409511253549602 -0.6715589548470172
    outer loop
      vertex 47.95000000298023 -6.5769895466372645 3.1343932841636457
      vertex 48.05 -6.5769895466372645 3.1343932841636457
      vertex 47.95000000298023 -6.6428932188134535 3.2071067811865475
    endloop
  endfacet
  facet normal 0 -0.6715589548470174 -0.74095112535496
    outer loop
      vertex 47.95000000298023 -6.6428932188134535 3.2071067811865475
      vertex 48.05 -6.6428932188134535 3.2071067811865475
      vertex 47.95000000298023 -6.715606715836356 3.273010453362737
    endloop
  endfacet
  facet normal 0 -0.6715589548470174 -0.74095112535496
    outer loop
      vertex 48.05 -6.6428932188134535 3.2071067811865475
      vertex 48.05 -6.715606715836356 3.273010453362737
      vertex 47.95000000298023 -6.715606715836356 3.273010453362737
    endloop
  endfacet
  facet normal 0 -0.7409511253549602 -0.6715589548470172
    outer loop
      vertex 48.05 -6.5769895466372645 3.1343932841636457
      vertex 48.05 -6.6428932188134535 3.2071067811865475
      vertex 47.95000000298023 -6.6428932188134535 3.2071067811865475
    endloop
  endfacet
  facet normal 0 0.5956993044924334 -0.8032075314806449
    outer loop
      vertex 47.94339768285679 -7.984393284163647 3.273010453362737
      vertex 47.947270011937576 -7.905570233019604 3.3314696123025453
      vertex 48.05 -7.984393284163647 3.273010453362737
    endloop
  endfacet
  facet normal 0 0.5956993044924334 -0.8032075314806449
    outer loop
      vertex 48.05 -7.984393284163647 3.273010453362737
      vertex 47.947270011937576 -7.905570233019604 3.3314696123025453
      vertex 48.05 -7.905570233019604 3.3314696123025453
    endloop
  endfacet
  facet normal 0 0.5141027441932193 -0.8577286100002736
    outer loop
      vertex 47.947270011937576 -7.905570233019604 3.3314696123025453
      vertex 47.95000000298023 -7.850000001490116 3.364777127280684
      vertex 48.05 -7.905570233019604 3.3314696123025453
    endloop
  endfacet
  facet normal 1.7676846839124845e-15 0.5141027441932217 -0.8577286100002721
    outer loop
      vertex 48.05 -7.905570233019604 3.3314696123025453
      vertex 47.95000000298023 -7.850000001490116 3.364777127280684
      vertex 48.05 -7.821396736825999 3.381921264348355
    endloop
  endfacet
  facet normal 0 0.5141027441932262 -0.8577286100002693
    outer loop
      vertex 47.95000000298023 -7.850000001490116 3.364777127280684
      vertex 47.95000000298023 -7.821396736825999 3.381921264348355
      vertex 48.05 -7.821396736825999 3.381921264348355
    endloop
  endfacet
  facet normal 0 0.42755509343028286 -0.903989293123443
    outer loop
      vertex 47.95000000298023 -7.821396736825999 3.381921264348355
      vertex 48.05 -7.732683432365091 3.423879532511287
      vertex 48.05 -7.821396736825999 3.381921264348355
    endloop
  endfacet
  facet normal 0 0.42755509343028286 -0.903989293123443
    outer loop
      vertex 47.95000000298023 -7.821396736825999 3.381921264348355
      vertex 47.95000000298023 -7.732683432365091 3.423879532511287
      vertex 48.05 -7.732683432365091 3.423879532511287
    endloop
  endfacet
  facet normal 0 0.33688985339221533 -0.9415440651830225
    outer loop
      vertex 47.95000000298023 -7.732683432365091 3.423879532511287
      vertex 48.05 -7.6402846772544635 3.4569403357322086
      vertex 48.05 -7.732683432365091 3.423879532511287
    endloop
  endfacet
  facet normal 0 0.33688985339221533 -0.9415440651830225
    outer loop
      vertex 47.95000000298023 -7.732683432365091 3.423879532511287
      vertex 47.95000000298023 -7.6402846772544635 3.4569403357322086
      vertex 48.05 -7.6402846772544635 3.4569403357322086
    endloop
  endfacet
  facet normal 0 0.24298017990326626 -0.9700312531945434
    outer loop
      vertex 47.95000000298023 -7.6402846772544635 3.4569403357322086
      vertex 48.05 -7.545090322016129 3.4807852804032304
      vertex 48.05 -7.6402846772544635 3.4569403357322086
    endloop
  endfacet
  facet normal 0 0.24298017990326626 -0.9700312531945434
    outer loop
      vertex 47.95000000298023 -7.6402846772544635 3.4569403357322086
      vertex 47.95000000298023 -7.545090322016129 3.4807852804032304
      vertex 48.05 -7.545090322016129 3.4807852804032304
    endloop
  endfacet
  facet normal 0 0.14673047445536544 -0.9891765099647803
    outer loop
      vertex 47.95000000298023 -7.545090322016129 3.4807852804032304
      vertex 48.05 -7.448017140329562 3.495184726672197
      vertex 48.05 -7.545090322016129 3.4807852804032304
    endloop
  endfacet
  facet normal 0 0.14673047445536544 -0.9891765099647803
    outer loop
      vertex 47.95000000298023 -7.545090322016129 3.4807852804032304
      vertex 47.95000000298023 -7.448017140329562 3.495184726672197
      vertex 48.05 -7.448017140329562 3.495184726672197
    endloop
  endfacet
  facet normal 0 0.049067674327415184 -0.9987954562051725
    outer loop
      vertex 47.95000000298023 -7.448017140329562 3.495184726672197
      vertex 48.05 -7.350000000000001 3.5
      vertex 48.05 -7.448017140329562 3.495184726672197
    endloop
  endfacet
  facet normal 0 0.049067674327415184 -0.9987954562051725
    outer loop
      vertex 47.95000000298023 -7.448017140329562 3.495184726672197
      vertex 47.95000000298023 -7.350000000000001 3.5
      vertex 48.05 -7.350000000000001 3.5
    endloop
  endfacet
  facet normal 0 -0.049067674327415184 -0.9987954562051725
    outer loop
      vertex 48.05 -7.2519828596704405 3.495184726672197
      vertex 48.05 -7.350000000000001 3.5
      vertex 47.95000000298023 -7.350000000000001 3.5
    endloop
  endfacet
  facet normal 0 -0.049067674327415184 -0.9987954562051725
    outer loop
      vertex 47.95000000298023 -7.2519828596704405 3.495184726672197
      vertex 48.05 -7.2519828596704405 3.495184726672197
      vertex 47.95000000298023 -7.350000000000001 3.5
    endloop
  endfacet
  facet normal 0 -0.14673047445536544 -0.9891765099647803
    outer loop
      vertex 47.95000000298023 -7.1549096779838735 3.4807852804032304
      vertex 48.05 -7.1549096779838735 3.4807852804032304
      vertex 47.95000000298023 -7.2519828596704405 3.495184726672197
    endloop
  endfacet
  facet normal 0 -0.14673047445536544 -0.9891765099647803
    outer loop
      vertex 48.05 -7.1549096779838735 3.4807852804032304
      vertex 48.05 -7.2519828596704405 3.495184726672197
      vertex 47.95000000298023 -7.2519828596704405 3.495184726672197
    endloop
  endfacet
  facet normal 0 -0.5956993044924332 -0.8032075314806449
    outer loop
      vertex 47.95000000298023 -6.794429766980399 3.3314696123025453
      vertex 47.95000000298023 -6.715606715836356 3.273010453362737
      vertex 48.05 -6.715606715836356 3.273010453362737
    endloop
  endfacet
  facet normal 0 -0.5956993044924332 -0.8032075314806449
    outer loop
      vertex 47.95000000298023 -6.794429766980399 3.3314696123025453
      vertex 48.05 -6.715606715836356 3.273010453362737
      vertex 48.05 -6.794429766980399 3.3314696123025453
    endloop
  endfacet
  facet normal 0 -0.5141027441932217 -0.8577286100002721
    outer loop
      vertex 47.95000000298023 -6.794429766980399 3.3314696123025453
      vertex 48.05 -6.794429766980399 3.3314696123025453
      vertex 47.95000000298023 -6.8786032631740035 3.381921264348355
    endloop
  endfacet
  facet normal 0 -0.5141027441932217 -0.8577286100002721
    outer loop
      vertex 48.05 -6.794429766980399 3.3314696123025453
      vertex 48.05 -6.8786032631740035 3.381921264348355
      vertex 47.95000000298023 -6.8786032631740035 3.381921264348355
    endloop
  endfacet
  facet normal 0 -0.42755509343028286 -0.903989293123443
    outer loop
      vertex 47.95000000298023 -6.967316567634912 3.423879532511287
      vertex 47.95000000298023 -6.8786032631740035 3.381921264348355
      vertex 48.05 -6.8786032631740035 3.381921264348355
    endloop
  endfacet
  facet normal 0 -0.42755509343028286 -0.903989293123443
    outer loop
      vertex 47.95000000298023 -6.967316567634912 3.423879532511287
      vertex 48.05 -6.8786032631740035 3.381921264348355
      vertex 48.05 -6.967316567634912 3.423879532511287
    endloop
  endfacet
  facet normal 0 -0.33688985339221533 -0.9415440651830225
    outer loop
      vertex 47.95000000298023 -6.967316567634912 3.423879532511287
      vertex 48.05 -6.967316567634912 3.423879532511287
      vertex 47.95000000298023 -7.059715322745539 3.4569403357322086
    endloop
  endfacet
  facet normal 0 -0.33688985339221533 -0.9415440651830225
    outer loop
      vertex 48.05 -6.967316567634912 3.423879532511287
      vertex 48.05 -7.059715322745539 3.4569403357322086
      vertex 47.95000000298023 -7.059715322745539 3.4569403357322086
    endloop
  endfacet
  facet normal 0 -0.24298017990326626 -0.9700312531945434
    outer loop
      vertex 47.95000000298023 -7.1549096779838735 3.4807852804032304
      vertex 47.95000000298023 -7.059715322745539 3.4569403357322086
      vertex 48.05 -7.059715322745539 3.4569403357322086
    endloop
  endfacet
  facet normal 0 -0.24298017990326626 -0.9700312531945434
    outer loop
      vertex 47.95000000298023 -7.1549096779838735 3.4807852804032304
      vertex 48.05 -7.059715322745539 3.4569403357322086
      vertex 48.05 -7.1549096779838735 3.4807852804032304
    endloop
  endfacet
  facet normal 0 0.24298017990326412 0.9700312531945439
    outer loop
      vertex -48.05 -2.54509032201613 1.5192147195967696
      vertex -48.05 -2.640284677254464 1.5430596642677912
      vertex 48.05 -2.54509032201613 1.5192147195967696
    endloop
  endfacet
  facet normal 0 0.04906767432741767 0.9987954562051724
    outer loop
      vertex -48.05 -2.448017140329562 1.504815273327803
      vertex 48.05 -2.3500000000000014 1.5
      vertex -48.05 -2.3500000000000014 1.5
    endloop
  endfacet
  facet normal 0 0.14673047445536191 0.989176509964781
    outer loop
      vertex -48.05 -2.54509032201613 1.5192147195967696
      vertex 48.05 -2.448017140329562 1.504815273327803
      vertex -48.05 -2.448017140329562 1.504815273327803
    endloop
  endfacet
  facet normal 0 -0.04906767432741767 0.9987954562051724
    outer loop
      vertex -48.05 -2.3500000000000014 1.5
      vertex 48.05 -2.251982859670441 1.504815273327803
      vertex -48.05 -2.251982859670441 1.504815273327803
    endloop
  endfacet
  facet normal 0 -0.14673047445536191 0.989176509964781
    outer loop
      vertex -48.05 -2.251982859670441 1.504815273327803
      vertex 48.05 -2.154909677983873 1.5192147195967696
      vertex -48.05 -2.154909677983873 1.5192147195967696
    endloop
  endfacet
  facet normal 0 0.3368898533922208 0.9415440651830205
    outer loop
      vertex -48.05 -2.732683432365091 1.5761204674887133
      vertex 48.05 -2.640284677254464 1.5430596642677912
      vertex -48.05 -2.640284677254464 1.5430596642677912
    endloop
  endfacet
  facet normal 0 0.5141027441932196 0.8577286100002732
    outer loop
      vertex -48.05 -2.821396736825999 1.618078735651645
      vertex -48.05 -2.9055702330196036 1.6685303876974547
      vertex 48.05 -2.821396736825999 1.618078735651645
    endloop
  endfacet
  facet normal 0 0.4275550934302827 0.9039892931234429
    outer loop
      vertex -48.05 -2.732683432365091 1.5761204674887133
      vertex -48.05 -2.821396736825999 1.618078735651645
      vertex 48.05 -2.732683432365091 1.5761204674887133
    endloop
  endfacet
  facet normal 0 -0.24298017990326412 0.9700312531945439
    outer loop
      vertex -48.05 -2.154909677983873 1.5192147195967696
      vertex 48.05 -2.059715322745539 1.5430596642677912
      vertex -48.05 -2.059715322745539 1.5430596642677912
    endloop
  endfacet
  facet normal 0 0.5956993044924334 0.8032075314806449
    outer loop
      vertex -48.05 -2.9055702330196036 1.6685303876974547
      vertex -48.05 -2.984393284163647 1.7269895466372631
      vertex 48.05 -2.9055702330196036 1.6685303876974547
    endloop
  endfacet
  facet normal 0 0.6715589548470198 0.740951125354958
    outer loop
      vertex -48.05 -2.984393284163647 1.7269895466372631
      vertex -48.05 -3.057106781186549 1.7928932188134525
      vertex 48.05 -2.984393284163647 1.7269895466372631
    endloop
  endfacet
  facet normal 0 -0.33688985339222005 0.9415440651830208
    outer loop
      vertex -48.05 -2.059715322745539 1.5430596642677912
      vertex 48.05 -1.9673165676349116 1.5761204674887133
      vertex -48.05 -1.9673165676349116 1.5761204674887133
    endloop
  endfacet
  facet normal 0 -0.4275550934302827 0.9039892931234429
    outer loop
      vertex -48.05 -1.9673165676349116 1.5761204674887133
      vertex 48.05 -1.8786032631740037 1.618078735651645
      vertex -48.05 -1.8786032631740037 1.618078735651645
    endloop
  endfacet
  facet normal 0 -0.5141027441932207 0.8577286100002728
    outer loop
      vertex -48.05 -1.8786032631740037 1.618078735651645
      vertex 48.05 -1.7944297669803992 1.6685303876974547
      vertex -48.05 -1.7944297669803992 1.6685303876974547
    endloop
  endfacet
  facet normal 0 -0.5956993044924344 0.803207531480644
    outer loop
      vertex -48.05 -1.7944297669803992 1.6685303876974547
      vertex 48.05 -1.715606715836356 1.7269895466372631
      vertex -48.05 -1.715606715836356 1.7269895466372631
    endloop
  endfacet
  facet normal 1 0 0
    outer loop
      vertex -48.05 -2.54509032201613 1.5192147195967696
      vertex -48.05 -2.54509032201613 3.4807852804032304
      vertex -48.05 -2.640284677254464 1.5430596642677912
    endloop
  endfacet
  facet normal 1 0 0
    outer loop
      vertex -48.05 -2.54509032201613 1.5192147195967696
      vertex -48.05 -2.448017140329562 1.504815273327803
      vertex -48.05 -2.448017140329562 3.495184726672197
    endloop
  endfacet
  facet normal 1 0 0
    outer loop
      vertex -48.05 -2.448017140329562 1.504815273327803
      vertex -48.05 -2.3500000000000014 1.5
      vertex -48.05 -2.3500000000000014 3.5
    endloop
  endfacet
  facet normal 1 0 0
    outer loop
      vertex -48.05 -2.3500000000000014 1.5
      vertex -48.05 -2.251982859670441 1.504815273327803
      vertex -48.05 -2.251982859670441 3.495184726672197
    endloop
  endfacet
  facet normal 1 0 0
    outer loop
      vertex -48.05 -2.251982859670441 1.504815273327803
      vertex -48.05 -2.154909677983873 1.5192147195967696
      vertex -48.05 -2.154909677983873 3.4807852804032304
    endloop
  endfacet
  facet normal 1 0 0
    outer loop
      vertex -48.05 -2.154909677983873 1.5192147195967696
      vertex -48.05 -2.059715322745539 1.5430596642677912
      vertex -48.05 -2.059715322745539 3.4569403357322086
    endloop
  endfacet
  facet normal 1 0 0
    outer loop
      vertex -48.05 -2.059715322745539 1.5430596642677912
      vertex -48.05 -1.9673165676349116 1.5761204674887133
      vertex -48.05 -1.9673165676349116 3.423879532511287
    endloop
  endfacet
  facet normal 1 0 0
    outer loop
      vertex -48.05 -3.057106781186549 1.7928932188134525
      vertex -48.05 -3.057106781186549 3.2071067811865475
      vertex -48.05 -3.1230104533627383 1.8656067158363545
    endloop
  endfacet
  facet normal 1 0 0
    outer loop
      vertex -48.05 -3.1230104533627383 1.8656067158363545
      vertex -48.05 -3.1230104533627383 3.1343932841636457
      vertex -48.05 -3.1814696123025468 1.9444297669803978
    endloop
  endfacet
  facet normal 1 0 0
    outer loop
      vertex -48.05 -3.1814696123025468 1.9444297669803978
      vertex -48.05 -3.1814696123025468 3.055570233019602
      vertex -48.05 -3.2319212643483564 2.0286032631740025
    endloop
  endfacet
  facet normal 1 0 0
    outer loop
      vertex -48.05 -3.2319212643483564 2.0286032631740025
      vertex -48.05 -3.2319212643483564 2.9713967368259975
      vertex -48.05 -3.2738795325112884 2.1173165676349104
    endloop
  endfacet
  facet normal 1 0 0
    outer loop
      vertex -48.05 -3.2738795325112884 2.1173165676349104
      vertex -48.05 -3.2738795325112884 2.8826834323650896
      vertex -48.05 -3.30694033573221 2.2097153227455375
    endloop
  endfacet
  facet normal 1 0 0
    outer loop
      vertex -48.05 -2.821396736825999 1.618078735651645
      vertex -48.05 -2.821396736825999 3.381921264348355
      vertex -48.05 -2.9055702330196036 1.6685303876974547
    endloop
  endfacet
  facet normal 1 0 0
    outer loop
      vertex -48.05 -2.732683432365091 1.5761204674887133
      vertex -48.05 -2.732683432365091 3.423879532511287
      vertex -48.05 -2.821396736825999 1.618078735651645
    endloop
  endfacet
  facet normal 1 0 0
    outer loop
      vertex -48.05 -2.732683432365091 1.5761204674887133
      vertex -48.05 -2.640284677254464 1.5430596642677912
      vertex -48.05 -2.640284677254464 3.4569403357322086
    endloop
  endfacet
  facet normal 1 0 0
    outer loop
      vertex -48.05 -2.984393284163647 1.7269895466372631
      vertex -48.05 -2.984393284163647 3.273010453362737
      vertex -48.05 -3.057106781186549 1.7928932188134525
    endloop
  endfacet
  facet normal 1 0 0
    outer loop
      vertex -48.05 -2.9055702330196036 1.6685303876974547
      vertex -48.05 -2.9055702330196036 3.3314696123025453
      vertex -48.05 -2.984393284163647 1.7269895466372631
    endloop
  endfacet
  facet normal 1 0 0
    outer loop
      vertex -48.05 -3.30694033573221 2.2097153227455375
      vertex -48.05 -3.30694033573221 2.7902846772544625
      vertex -48.05 -3.330785280403232 2.3049096779838716
    endloop
  endfacet
  facet normal 1 0 0
    outer loop
      vertex -48.05 -3.330785280403232 2.3049096779838716
      vertex -48.05 -3.330785280403232 2.6950903220161284
      vertex -48.05 -3.3451847266721986 2.4019828596704396
    endloop
  endfacet
  facet normal 1 0 0
    outer loop
      vertex -48.05 -3.3451847266721986 2.4019828596704396
      vertex -48.05 -3.3451847266721986 2.5980171403295604
      vertex -48.05 -3.3500000000000014 2.5
    endloop
  endfacet
  facet normal 0 0.9987954562051725 0.0490676743274154
    outer loop
      vertex -48.05 -3.3451847266721986 2.4019828596704396
      vertex -48.05 -3.3500000000000014 2.5
      vertex -47.95000000298023 -3.3500000000000014 2.5
    endloop
  endfacet
  facet normal 1 0 0
    outer loop
      vertex -48.05 -3.3451847266721986 2.4019828596704396
      vertex -48.05 -3.330785280403232 2.6950903220161284
      vertex -48.05 -3.3451847266721986 2.5980171403295604
    endloop
  endfacet
  facet normal 0 0.9987954562051725 -0.0490676743274154
    outer loop
      vertex -48.05 -3.3500000000000014 2.5
      vertex -47.95000000298023 -3.3451847266721986 2.5980171403295604
      vertex -47.95000000298023 -3.3500000000000014 2.5
    endloop
  endfacet
  facet normal 0 0.9987954562051725 -0.0490676743274154
    outer loop
      vertex -48.05 -3.3500000000000014 2.5
      vertex -48.05 -3.3451847266721986 2.5980171403295604
      vertex -47.95000000298023 -3.3451847266721986 2.5980171403295604
    endloop
  endfacet
  facet normal 1 0 0
    outer loop
      vertex -48.05 -3.330785280403232 2.3049096779838716
      vertex -48.05 -3.30694033573221 2.7902846772544625
      vertex -48.05 -3.330785280403232 2.6950903220161284
    endloop
  endfacet
  facet normal 1 0 0
    outer loop
      vertex -48.05 -1.9673165676349116 1.5761204674887133
      vertex -48.05 -1.8786032631740037 1.618078735651645
      vertex -48.05 -1.8786032631740037 3.381921264348355
    endloop
  endfacet
  facet normal 1 0 0
    outer loop
      vertex -48.05 -1.8786032631740037 1.618078735651645
      vertex -48.05 -1.7944297669803992 1.6685303876974547
      vertex -48.05 -1.7944297669803992 3.3314696123025453
    endloop
  endfacet
  facet normal 1 0 0
    outer loop
      vertex -48.05 -1.7944297669803992 1.6685303876974547
      vertex -48.05 -1.715606715836356 1.7269895466372631
      vertex -48.05 -1.715606715836356 3.273010453362737
    endloop
  endfacet
  facet normal 1 0 0
    outer loop
      vertex -48.05 -1.715606715836356 1.7269895466372631
      vertex -48.05 -1.642893218813454 1.7928932188134525
      vertex -48.05 -1.642893218813454 3.2071067811865475
    endloop
  endfacet
  facet normal 1 0 0
    outer loop
      vertex -48.05 -1.642893218813454 1.7928932188134525
      vertex -48.05 -1.5769895466372645 1.8656067158363545
      vertex -48.05 -1.5769895466372645 3.1343932841636457
    endloop
  endfacet
  facet normal 1 0 0
    outer loop
      vertex -48.05 -1.5769895466372645 1.8656067158363545
      vertex -48.05 -1.518530387697456 1.9444297669803978
      vertex -48.05 -1.518530387697456 3.055570233019602
    endloop
  endfacet
  facet normal 1 0 0
    outer loop
      vertex -48.05 -1.518530387697456 1.9444297669803978
      vertex -48.05 -1.4680787356516465 2.0286032631740025
      vertex -48.05 -1.4680787356516465 2.9713967368259975
    endloop
  endfacet
  facet normal 1 0 0
    outer loop
      vertex -48.05 -1.4680787356516465 2.0286032631740025
      vertex -48.05 -1.4261204674887147 2.1173165676349104
      vertex -48.05 -1.4261204674887147 2.8826834323650896
    endloop
  endfacet
  facet normal 1 0 0
    outer loop
      vertex -48.05 -1.4261204674887147 2.1173165676349104
      vertex -48.05 -1.3930596642677926 2.2097153227455375
      vertex -48.05 -1.3930596642677926 2.7902846772544625
    endloop
  endfacet
  facet normal 1 0 0
    outer loop
      vertex -48.05 -1.3930596642677926 2.2097153227455375
      vertex -48.05 -1.369214719596771 2.3049096779838716
      vertex -48.05 -1.369214719596771 2.6950903220161284
    endloop
  endfacet
  facet normal 1 0 0
    outer loop
      vertex -48.05 -1.369214719596771 2.3049096779838716
      vertex -48.05 -1.3548152733278045 2.4019828596704396
      vertex -48.05 -1.3548152733278045 2.5980171403295604
    endloop
  endfacet
  facet normal 1 0 0
    outer loop
      vertex -48.05 -1.3548152733278045 2.4019828596704396
      vertex -48.05 -1.3500000000000014 2.5
      vertex -48.05 -1.3548152733278045 2.5980171403295604
    endloop
  endfacet
  facet normal 1 0 0
    outer loop
      vertex -48.05 -1.369214719596771 2.3049096779838716
      vertex -48.05 -1.3548152733278045 2.5980171403295604
      vertex -48.05 -1.369214719596771 2.6950903220161284
    endloop
  endfacet
  facet normal 1 0 0
    outer loop
      vertex -48.05 -1.3930596642677926 2.2097153227455375
      vertex -48.05 -1.369214719596771 2.6950903220161284
      vertex -48.05 -1.3930596642677926 2.7902846772544625
    endloop
  endfacet
  facet normal 0 -0.9987954562051725 -0.04906767432741766
    outer loop
      vertex -48.05 -1.3500000000000014 2.5
      vertex -47.95000000298023 -1.3500000000000014 2.5
      vertex -48.05 -1.3548152733278045 2.5980171403295604
    endloop
  endfacet
  facet normal 0 -0.9987954562051725 -0.04906767432741766
    outer loop
      vertex -47.95000000298023 -1.3500000000000014 2.5
      vertex -47.95000000298023 -1.3548152733278045 2.5980171403295604
      vertex -48.05 -1.3548152733278045 2.5980171403295604
    endloop
  endfacet
  facet normal 1 0 0
    outer loop
      vertex -48.05 -1.4261204674887147 2.1173165676349104
      vertex -48.05 -1.3930596642677926 2.7902846772544625
      vertex -48.05 -1.4261204674887147 2.8826834323650896
    endloop
  endfacet
  facet normal 1 0 0
    outer loop
      vertex -48.05 -3.30694033573221 2.2097153227455375
      vertex -48.05 -3.2738795325112884 2.8826834323650896
      vertex -48.05 -3.30694033573221 2.7902846772544625
    endloop
  endfacet
  facet normal 1 0 0
    outer loop
      vertex -48.05 -3.2738795325112884 2.1173165676349104
      vertex -48.05 -3.2319212643483564 2.9713967368259975
      vertex -48.05 -3.2738795325112884 2.8826834323650896
    endloop
  endfacet
  facet normal 0 0.9891765099647807 -0.14673047445536413
    outer loop
      vertex -48.05 -3.3451847266721986 2.5980171403295604
      vertex -47.95000000298023 -3.330785280403232 2.6950903220161284
      vertex -47.95000000298023 -3.3451847266721986 2.5980171403295604
    endloop
  endfacet
  facet normal 0 0.9891765099647807 -0.14673047445536413
    outer loop
      vertex -48.05 -3.3451847266721986 2.5980171403295604
      vertex -48.05 -3.330785280403232 2.6950903220161284
      vertex -47.95000000298023 -3.330785280403232 2.6950903220161284
    endloop
  endfacet
  facet normal 1 0 0
    outer loop
      vertex -48.05 -3.2319212643483564 2.0286032631740025
      vertex -48.05 -3.1814696123025468 3.055570233019602
      vertex -48.05 -3.2319212643483564 2.9713967368259975
    endloop
  endfacet
  facet normal 1 0 0
    outer loop
      vertex -48.05 -3.1814696123025468 1.9444297669803978
      vertex -48.05 -3.1230104533627383 3.1343932841636457
      vertex -48.05 -3.1814696123025468 3.055570233019602
    endloop
  endfacet
  facet normal 0 0.9700312531945434 -0.24298017990326626
    outer loop
      vertex -48.05 -3.330785280403232 2.6950903220161284
      vertex -47.95000000298023 -3.30694033573221 2.7902846772544625
      vertex -47.95000000298023 -3.330785280403232 2.6950903220161284
    endloop
  endfacet
  facet normal 1 0 0
    outer loop
      vertex -48.05 -3.1230104533627383 1.8656067158363545
      vertex -48.05 -3.057106781186549 3.2071067811865475
      vertex -48.05 -3.1230104533627383 3.1343932841636457
    endloop
  endfacet
  facet normal 0 0.9700312531945434 -0.24298017990326626
    outer loop
      vertex -48.05 -3.330785280403232 2.6950903220161284
      vertex -48.05 -3.30694033573221 2.7902846772544625
      vertex -47.95000000298023 -3.30694033573221 2.7902846772544625
    endloop
  endfacet
  facet normal 0 0.941544065183022 -0.33688985339221683
    outer loop
      vertex -48.05 -3.30694033573221 2.7902846772544625
      vertex -47.95000000298023 -3.2738795325112884 2.8826834323650896
      vertex -47.95000000298023 -3.30694033573221 2.7902846772544625
    endloop
  endfacet
  facet normal 1 0 0
    outer loop
      vertex -48.05 -3.057106781186549 1.7928932188134525
      vertex -48.05 -2.984393284163647 3.273010453362737
      vertex -48.05 -3.057106781186549 3.2071067811865475
    endloop
  endfacet
  facet normal 1 0 0
    outer loop
      vertex -48.05 -2.984393284163647 1.7269895466372631
      vertex -48.05 -2.9055702330196036 3.3314696123025453
      vertex -48.05 -2.984393284163647 3.273010453362737
    endloop
  endfacet
  facet normal 1 0 0
    outer loop
      vertex -48.05 -2.9055702330196036 1.6685303876974547
      vertex -48.05 -2.821396736825999 3.381921264348355
      vertex -48.05 -2.9055702330196036 3.3314696123025453
    endloop
  endfacet
  facet normal 1 0 0
    outer loop
      vertex -48.05 -2.821396736825999 1.618078735651645
      vertex -48.05 -2.732683432365091 3.423879532511287
      vertex -48.05 -2.821396736825999 3.381921264348355
    endloop
  endfacet
  facet normal 1 0 0
    outer loop
      vertex -48.05 -2.732683432365091 1.5761204674887133
      vertex -48.05 -2.640284677254464 3.4569403357322086
      vertex -48.05 -2.732683432365091 3.423879532511287
    endloop
  endfacet
  facet normal 1 0 0
    outer loop
      vertex -48.05 -2.640284677254464 1.5430596642677912
      vertex -48.05 -2.54509032201613 3.4807852804032304
      vertex -48.05 -2.640284677254464 3.4569403357322086
    endloop
  endfacet
  facet normal 1 0 0
    outer loop
      vertex -48.05 -2.54509032201613 1.5192147195967696
      vertex -48.05 -2.448017140329562 3.495184726672197
      vertex -48.05 -2.54509032201613 3.4807852804032304
    endloop
  endfacet
  facet normal 1 0 0
    outer loop
      vertex -48.05 -2.448017140329562 1.504815273327803
      vertex -48.05 -2.3500000000000014 3.5
      vertex -48.05 -2.448017140329562 3.495184726672197
    endloop
  endfacet
  facet normal 1 0 0
    outer loop
      vertex -48.05 -2.3500000000000014 1.5
      vertex -48.05 -2.251982859670441 3.495184726672197
      vertex -48.05 -2.3500000000000014 3.5
    endloop
  endfacet
  facet normal 1 0 0
    outer loop
      vertex -48.05 -2.251982859670441 1.504815273327803
      vertex -48.05 -2.154909677983873 3.4807852804032304
      vertex -48.05 -2.251982859670441 3.495184726672197
    endloop
  endfacet
  facet normal 1 0 0
    outer loop
      vertex -48.05 -2.154909677983873 1.5192147195967696
      vertex -48.05 -2.059715322745539 3.4569403357322086
      vertex -48.05 -2.154909677983873 3.4807852804032304
    endloop
  endfacet
  facet normal 0 0.941544065183022 -0.33688985339221683
    outer loop
      vertex -48.05 -3.30694033573221 2.7902846772544625
      vertex -48.05 -3.2738795325112884 2.8826834323650896
      vertex -47.95000000298023 -3.2738795325112884 2.8826834323650896
    endloop
  endfacet
  facet normal 0 0.9039892931234421 -0.4275550934302846
    outer loop
      vertex -48.05 -3.2738795325112884 2.8826834323650896
      vertex -47.95000000298023 -3.2319212643483564 2.9713967368259975
      vertex -47.95000000298023 -3.2738795325112884 2.8826834323650896
    endloop
  endfacet
  facet normal 0 0.9039892931234421 -0.4275550934302846
    outer loop
      vertex -48.05 -3.2738795325112884 2.8826834323650896
      vertex -48.05 -3.2319212643483564 2.9713967368259975
      vertex -47.95000000298023 -3.2319212643483564 2.9713967368259975
    endloop
  endfacet
  facet normal 0 0.8577286100002733 -0.5141027441932197
    outer loop
      vertex -48.05 -3.2319212643483564 2.9713967368259975
      vertex -47.95000000298023 -3.1814696123025468 3.055570233019602
      vertex -47.95000000298023 -3.2319212643483564 2.9713967368259975
    endloop
  endfacet
  facet normal 0 0.8577286100002733 -0.5141027441932197
    outer loop
      vertex -48.05 -3.2319212643483564 2.9713967368259975
      vertex -48.05 -3.1814696123025468 3.055570233019602
      vertex -47.95000000298023 -3.1814696123025468 3.055570233019602
    endloop
  endfacet
  facet normal 1 0 0
    outer loop
      vertex -48.05 -1.5769895466372645 1.8656067158363545
      vertex -48.05 -1.518530387697456 3.055570233019602
      vertex -48.05 -1.5769895466372645 3.1343932841636457
    endloop
  endfacet
  facet normal 1 0 0
    outer loop
      vertex -48.05 -1.642893218813454 1.7928932188134525
      vertex -48.05 -1.5769895466372645 3.1343932841636457
      vertex -48.05 -1.642893218813454 3.2071067811865475
    endloop
  endfacet
  facet normal 1 0 0
    outer loop
      vertex -48.05 -1.4680787356516465 2.0286032631740025
      vertex -48.05 -1.4261204674887147 2.8826834323650896
      vertex -48.05 -1.4680787356516465 2.9713967368259975
    endloop
  endfacet
  facet normal 1 0 0
    outer loop
      vertex -48.05 -1.518530387697456 1.9444297669803978
      vertex -48.05 -1.4680787356516465 2.9713967368259975
      vertex -48.05 -1.518530387697456 3.055570233019602
    endloop
  endfacet
  facet normal 0 -0.989176509964781 -0.14673047445536191
    outer loop
      vertex -48.05 -1.3548152733278045 2.5980171403295604
      vertex -47.95000000298023 -1.3548152733278045 2.5980171403295604
      vertex -48.05 -1.369214719596771 2.6950903220161284
    endloop
  endfacet
  facet normal 0 -0.989176509964781 -0.14673047445536191
    outer loop
      vertex -47.95000000298023 -1.3548152733278045 2.5980171403295604
      vertex -47.95000000298023 -1.369214719596771 2.6950903220161284
      vertex -48.05 -1.369214719596771 2.6950903220161284
    endloop
  endfacet
  facet normal 0 -0.970031253194544 -0.24298017990326412
    outer loop
      vertex -48.05 -1.369214719596771 2.6950903220161284
      vertex -47.95000000298023 -1.369214719596771 2.6950903220161284
      vertex -48.05 -1.3930596642677926 2.7902846772544625
    endloop
  endfacet
  facet normal 1 0 0
    outer loop
      vertex -48.05 -1.8786032631740037 1.618078735651645
      vertex -48.05 -1.7944297669803992 3.3314696123025453
      vertex -48.05 -1.8786032631740037 3.381921264348355
    endloop
  endfacet
  facet normal 1 0 0
    outer loop
      vertex -48.05 -1.715606715836356 1.7269895466372631
      vertex -48.05 -1.642893218813454 3.2071067811865475
      vertex -48.05 -1.715606715836356 3.273010453362737
    endloop
  endfacet
  facet normal 1 0 0
    outer loop
      vertex -48.05 -1.7944297669803992 1.6685303876974547
      vertex -48.05 -1.715606715836356 3.273010453362737
      vertex -48.05 -1.7944297669803992 3.3314696123025453
    endloop
  endfacet
  facet normal 1 0 0
    outer loop
      vertex -48.05 -1.9673165676349116 1.5761204674887133
      vertex -48.05 -1.8786032631740037 3.381921264348355
      vertex -48.05 -1.9673165676349116 3.423879532511287
    endloop
  endfacet
  facet normal 1 0 0
    outer loop
      vertex -48.05 -2.059715322745539 1.5430596642677912
      vertex -48.05 -1.9673165676349116 3.423879532511287
      vertex -48.05 -2.059715322745539 3.4569403357322086
    endloop
  endfacet
  facet normal 0 -0.970031253194544 -0.24298017990326412
    outer loop
      vertex -47.95000000298023 -1.369214719596771 2.6950903220161284
      vertex -47.95000000298023 -1.3930596642677926 2.7902846772544625
      vertex -48.05 -1.3930596642677926 2.7902846772544625
    endloop
  endfacet
  facet normal 0 -0.9415440651830205 -0.3368898533922208
    outer loop
      vertex -48.05 -1.3930596642677926 2.7902846772544625
      vertex -47.95000000298023 -1.3930596642677926 2.7902846772544625
      vertex -48.05 -1.4261204674887147 2.8826834323650896
    endloop
  endfacet
  facet normal 0 -0.9415440651830205 -0.3368898533922208
    outer loop
      vertex -47.95000000298023 -1.3930596642677926 2.7902846772544625
      vertex -47.95000000298023 -1.4261204674887147 2.8826834323650896
      vertex -48.05 -1.4261204674887147 2.8826834323650896
    endloop
  endfacet
  facet normal 0 -0.9039892931234431 -0.42755509343028275
    outer loop
      vertex -48.05 -1.4261204674887147 2.8826834323650896
      vertex -47.95000000298023 -1.4261204674887147 2.8826834323650896
      vertex -48.05 -1.4680787356516465 2.9713967368259975
    endloop
  endfacet
  facet normal 0 -0.9039892931234431 -0.42755509343028275
    outer loop
      vertex -47.95000000298023 -1.4261204674887147 2.8826834323650896
      vertex -47.95000000298023 -1.4680787356516465 2.9713967368259975
      vertex -48.05 -1.4680787356516465 2.9713967368259975
    endloop
  endfacet
  facet normal 0 -0.8577286100002733 -0.5141027441932197
    outer loop
      vertex -48.05 -1.4680787356516465 2.9713967368259975
      vertex -47.95000000298023 -1.4680787356516465 2.9713967368259975
      vertex -48.05 -1.518530387697456 3.055570233019602
    endloop
  endfacet
  facet normal 0 -0.8577286100002733 -0.5141027441932197
    outer loop
      vertex -47.95000000298023 -1.4680787356516465 2.9713967368259975
      vertex -47.95000000298023 -1.518530387697456 3.055570233019602
      vertex -48.05 -1.518530387697456 3.055570233019602
    endloop
  endfacet
  facet normal 0 0.8032075314806449 -0.5956993044924332
    outer loop
      vertex -48.05 -3.1814696123025468 3.055570233019602
      vertex -47.95000000298023 -3.1230104533627383 3.1343932841636457
      vertex -47.95000000298023 -3.1814696123025468 3.055570233019602
    endloop
  endfacet
  facet normal 0 0.8032075314806449 -0.5956993044924332
    outer loop
      vertex -48.05 -3.1814696123025468 3.055570233019602
      vertex -48.05 -3.1230104533627383 3.1343932841636457
      vertex -47.95000000298023 -3.1230104533627383 3.1343932841636457
    endloop
  endfacet
  facet normal 0 0.7409511253549579 -0.6715589548470197
    outer loop
      vertex -48.05 -3.1230104533627383 3.1343932841636457
      vertex -47.95000000298023 -3.057106781186549 3.2071067811865475
      vertex -47.95000000298023 -3.1230104533627383 3.1343932841636457
    endloop
  endfacet
  facet normal 0 0.7409511253549579 -0.6715589548470197
    outer loop
      vertex -48.05 -3.1230104533627383 3.1343932841636457
      vertex -48.05 -3.057106781186549 3.2071067811865475
      vertex -47.95000000298023 -3.057106781186549 3.2071067811865475
    endloop
  endfacet
  facet normal 0 0.6715589548470197 -0.7409511253549579
    outer loop
      vertex -48.05 -3.057106781186549 3.2071067811865475
      vertex -47.95000000298023 -2.984393284163647 3.273010453362737
      vertex -47.95000000298023 -3.057106781186549 3.2071067811865475
    endloop
  endfacet
  facet normal 0 0.6715589548470197 -0.7409511253549579
    outer loop
      vertex -48.05 -3.057106781186549 3.2071067811865475
      vertex -48.05 -2.984393284163647 3.273010453362737
      vertex -47.95000000298023 -2.984393284163647 3.273010453362737
    endloop
  endfacet
  facet normal 0 0.5956993044924332 -0.8032075314806449
    outer loop
      vertex -48.05 -2.984393284163647 3.273010453362737
      vertex -47.95000000298023 -2.9055702330196036 3.3314696123025453
      vertex -47.95000000298023 -2.984393284163647 3.273010453362737
    endloop
  endfacet
  facet normal 0 0.5956993044924332 -0.8032075314806449
    outer loop
      vertex -48.05 -2.984393284163647 3.273010453362737
      vertex -48.05 -2.9055702330196036 3.3314696123025453
      vertex -47.95000000298023 -2.9055702330196036 3.3314696123025453
    endloop
  endfacet
  facet normal 0 0.5141027441932197 -0.8577286100002733
    outer loop
      vertex -48.05 -2.9055702330196036 3.3314696123025453
      vertex -47.95000000298023 -2.821396736825999 3.381921264348355
      vertex -47.95000000298023 -2.9055702330196036 3.3314696123025453
    endloop
  endfacet
  facet normal 0 0.5141027441932197 -0.8577286100002733
    outer loop
      vertex -48.05 -2.9055702330196036 3.3314696123025453
      vertex -48.05 -2.821396736825999 3.381921264348355
      vertex -47.95000000298023 -2.821396736825999 3.381921264348355
    endloop
  endfacet
  facet normal 0 0.4275550934302846 -0.9039892931234421
    outer loop
      vertex -48.05 -2.821396736825999 3.381921264348355
      vertex -47.95000000298023 -2.732683432365091 3.423879532511287
      vertex -47.95000000298023 -2.821396736825999 3.381921264348355
    endloop
  endfacet
  facet normal 0 0.4275550934302846 -0.9039892931234421
    outer loop
      vertex -48.05 -2.821396736825999 3.381921264348355
      vertex -48.05 -2.732683432365091 3.423879532511287
      vertex -47.95000000298023 -2.732683432365091 3.423879532511287
    endloop
  endfacet
  facet normal 0 0.33688985339221683 -0.941544065183022
    outer loop
      vertex -48.05 -2.732683432365091 3.423879532511287
      vertex -47.95000000298023 -2.640284677254464 3.4569403357322086
      vertex -47.95000000298023 -2.732683432365091 3.423879532511287
    endloop
  endfacet
  facet normal 0 0.33688985339221683 -0.941544065183022
    outer loop
      vertex -48.05 -2.732683432365091 3.423879532511287
      vertex -48.05 -2.640284677254464 3.4569403357322086
      vertex -47.95000000298023 -2.640284677254464 3.4569403357322086
    endloop
  endfacet
  facet normal 0 0.24298017990326626 -0.9700312531945434
    outer loop
      vertex -48.05 -2.640284677254464 3.4569403357322086
      vertex -47.95000000298023 -2.54509032201613 3.4807852804032304
      vertex -47.95000000298023 -2.640284677254464 3.4569403357322086
    endloop
  endfacet
  facet normal 0 0.24298017990326626 -0.9700312531945434
    outer loop
      vertex -48.05 -2.640284677254464 3.4569403357322086
      vertex -48.05 -2.54509032201613 3.4807852804032304
      vertex -47.95000000298023 -2.54509032201613 3.4807852804032304
    endloop
  endfacet
  facet normal 0 0.14673047445536413 -0.9891765099647807
    outer loop
      vertex -48.05 -2.54509032201613 3.4807852804032304
      vertex -47.95000000298023 -2.448017140329562 3.495184726672197
      vertex -47.95000000298023 -2.54509032201613 3.4807852804032304
    endloop
  endfacet
  facet normal 0 0.14673047445536413 -0.9891765099647807
    outer loop
      vertex -48.05 -2.54509032201613 3.4807852804032304
      vertex -48.05 -2.448017140329562 3.495184726672197
      vertex -47.95000000298023 -2.448017140329562 3.495184726672197
    endloop
  endfacet
  facet normal 0 0.0490676743274154 -0.9987954562051725
    outer loop
      vertex -48.05 -2.448017140329562 3.495184726672197
      vertex -47.95000000298023 -2.3500000000000014 3.5
      vertex -47.95000000298023 -2.448017140329562 3.495184726672197
    endloop
  endfacet
  facet normal 0 0.0490676743274154 -0.9987954562051725
    outer loop
      vertex -48.05 -2.448017140329562 3.495184726672197
      vertex -48.05 -2.3500000000000014 3.5
      vertex -47.95000000298023 -2.3500000000000014 3.5
    endloop
  endfacet
  facet normal 0 -0.0490676743274154 -0.9987954562051725
    outer loop
      vertex -47.95000000298023 -2.251982859670441 3.495184726672197
      vertex -47.95000000298023 -2.3500000000000014 3.5
      vertex -48.05 -2.3500000000000014 3.5
    endloop
  endfacet
  facet normal 0 -0.24298017990326626 -0.9700312531945434
    outer loop
      vertex -48.05 -2.059715322745539 3.4569403357322086
      vertex -47.95000000298023 -2.059715322745539 3.4569403357322086
      vertex -48.05 -2.154909677983873 3.4807852804032304
    endloop
  endfacet
  facet normal 0 -0.14673047445536413 -0.9891765099647807
    outer loop
      vertex -48.05 -2.154909677983873 3.4807852804032304
      vertex -47.95000000298023 -2.154909677983873 3.4807852804032304
      vertex -48.05 -2.251982859670441 3.495184726672197
    endloop
  endfacet
  facet normal 0 -0.0490676743274154 -0.9987954562051725
    outer loop
      vertex -48.05 -2.251982859670441 3.495184726672197
      vertex -47.95000000298023 -2.251982859670441 3.495184726672197
      vertex -48.05 -2.3500000000000014 3.5
    endloop
  endfacet
  facet normal 0 -0.14673047445536413 -0.9891765099647807
    outer loop
      vertex -47.95000000298023 -2.154909677983873 3.4807852804032304
      vertex -47.95000000298023 -2.251982859670441 3.495184726672197
      vertex -48.05 -2.251982859670441 3.495184726672197
    endloop
  endfacet
  facet normal 0 -0.24298017990326626 -0.9700312531945434
    outer loop
      vertex -47.95000000298023 -2.059715322745539 3.4569403357322086
      vertex -47.95000000298023 -2.154909677983873 3.4807852804032304
      vertex -48.05 -2.154909677983873 3.4807852804032304
    endloop
  endfacet
  facet normal 0 -0.8032075314806449 -0.5956993044924332
    outer loop
      vertex -48.05 -1.518530387697456 3.055570233019602
      vertex -47.95000000298023 -1.518530387697456 3.055570233019602
      vertex -48.05 -1.5769895466372645 3.1343932841636457
    endloop
  endfacet
  facet normal 0 -0.8032075314806449 -0.5956993044924332
    outer loop
      vertex -47.95000000298023 -1.518530387697456 3.055570233019602
      vertex -47.95000000298023 -1.5769895466372645 3.1343932841636457
      vertex -48.05 -1.5769895466372645 3.1343932841636457
    endloop
  endfacet
  facet normal 0 -0.7409511253549579 -0.6715589548470197
    outer loop
      vertex -48.05 -1.5769895466372645 3.1343932841636457
      vertex -47.95000000298023 -1.5769895466372645 3.1343932841636457
      vertex -48.05 -1.642893218813454 3.2071067811865475
    endloop
  endfacet
  facet normal 0 -0.7409511253549579 -0.6715589548470197
    outer loop
      vertex -47.95000000298023 -1.5769895466372645 3.1343932841636457
      vertex -47.95000000298023 -1.642893218813454 3.2071067811865475
      vertex -48.05 -1.642893218813454 3.2071067811865475
    endloop
  endfacet
  facet normal 0 -0.6715589548470186 -0.7409511253549589
    outer loop
      vertex -48.05 -1.642893218813454 3.2071067811865475
      vertex -47.95000000298023 -1.642893218813454 3.2071067811865475
      vertex -48.05 -1.715606715836356 3.273010453362737
    endloop
  endfacet
  facet normal 0 -0.6715589548470186 -0.7409511253549589
    outer loop
      vertex -47.95000000298023 -1.642893218813454 3.2071067811865475
      vertex -47.95000000298023 -1.715606715836356 3.273010453362737
      vertex -48.05 -1.715606715836356 3.273010453362737
    endloop
  endfacet
  facet normal 0 -0.5956993044924345 -0.8032075314806442
    outer loop
      vertex -48.05 -1.715606715836356 3.273010453362737
      vertex -47.95000000298023 -1.715606715836356 3.273010453362737
      vertex -48.05 -1.7944297669803992 3.3314696123025453
    endloop
  endfacet
  facet normal 0 -0.5956993044924345 -0.8032075314806442
    outer loop
      vertex -47.95000000298023 -1.715606715836356 3.273010453362737
      vertex -47.95000000298023 -1.7944297669803992 3.3314696123025453
      vertex -48.05 -1.7944297669803992 3.3314696123025453
    endloop
  endfacet
  facet normal 0 -0.5141027441932207 -0.8577286100002727
    outer loop
      vertex -48.05 -1.7944297669803992 3.3314696123025453
      vertex -47.95000000298023 -1.7944297669803992 3.3314696123025453
      vertex -48.05 -1.8786032631740037 3.381921264348355
    endloop
  endfacet
  facet normal 0 -0.5141027441932207 -0.8577286100002727
    outer loop
      vertex -47.95000000298023 -1.7944297669803992 3.3314696123025453
      vertex -47.95000000298023 -1.8786032631740037 3.381921264348355
      vertex -48.05 -1.8786032631740037 3.381921264348355
    endloop
  endfacet
  facet normal 0 -0.4275550934302846 -0.9039892931234421
    outer loop
      vertex -47.95000000298023 -1.8786032631740037 3.381921264348355
      vertex -47.95000000298023 -1.9673165676349116 3.423879532511287
      vertex -48.05 -1.9673165676349116 3.423879532511287
    endloop
  endfacet
  facet normal 0 -0.4275550934302846 -0.9039892931234421
    outer loop
      vertex -48.05 -1.8786032631740037 3.381921264348355
      vertex -47.95000000298023 -1.8786032631740037 3.381921264348355
      vertex -48.05 -1.9673165676349116 3.423879532511287
    endloop
  endfacet
  facet normal 0 -0.33688985339221605 -0.9415440651830221
    outer loop
      vertex -48.05 -2.059715322745539 3.4569403357322086
      vertex -48.05 -1.9673165676349116 3.423879532511287
      vertex -47.95000000298023 -1.9673165676349116 3.423879532511287
    endloop
  endfacet
  facet normal 0 -0.33688985339221605 -0.9415440651830221
    outer loop
      vertex -48.05 -2.059715322745539 3.4569403357322086
      vertex -47.95000000298023 -1.9673165676349116 3.423879532511287
      vertex -47.95000000298023 -2.059715322745539 3.4569403357322086
    endloop
  endfacet
  facet normal 0 0.740951125354959 0.6715589548470186
    outer loop
      vertex -48.05 -3.057106781186549 1.7928932188134525
      vertex -48.05 -3.1230104533627383 1.8656067158363545
      vertex 48.05 -3.1230104533627383 1.8656067158363545
    endloop
  endfacet
  facet normal 0 0.803207531480644 0.5956993044924344
    outer loop
      vertex -48.05 -3.1230104533627383 1.8656067158363545
      vertex -48.05 -3.1814696123025468 1.9444297669803978
      vertex 48.05 -3.1814696123025468 1.9444297669803978
    endloop
  endfacet
  facet normal 0 0.8577286100002732 0.5141027441932196
    outer loop
      vertex -48.05 -3.1814696123025468 1.9444297669803978
      vertex -48.05 -3.2319212643483564 2.0286032631740025
      vertex 48.05 -3.2319212643483564 2.0286032631740025
    endloop
  endfacet
  facet normal 0 0.903989293123442 0.4275550934302845
    outer loop
      vertex -48.05 -3.2319212643483564 2.0286032631740025
      vertex -48.05 -3.2738795325112884 2.1173165676349104
      vertex 48.05 -3.2738795325112884 2.1173165676349104
    endloop
  endfacet
  facet normal 0 0.9415440651830219 0.3368898533922167
    outer loop
      vertex -48.05 -3.2738795325112884 2.1173165676349104
      vertex -48.05 -3.30694033573221 2.2097153227455375
      vertex 48.05 -3.30694033573221 2.2097153227455375
    endloop
  endfacet
  facet normal 0 -0.6715589548470186 0.740951125354959
    outer loop
      vertex -48.05 -1.715606715836356 1.7269895466372631
      vertex 48.05 -1.642893218813454 1.7928932188134525
      vertex -48.05 -1.642893218813454 1.7928932188134525
    endloop
  endfacet
  facet normal 0 -0.740951125354959 0.6715589548470186
    outer loop
      vertex -48.05 -1.642893218813454 1.7928932188134525
      vertex 48.05 -1.642893218813454 1.7928932188134525
      vertex -48.05 -1.5769895466372645 1.8656067158363545
    endloop
  endfacet
  facet normal 0 -0.803207531480644 0.5956993044924344
    outer loop
      vertex -48.05 -1.5769895466372645 1.8656067158363545
      vertex 48.05 -1.5769895466372645 1.8656067158363545
      vertex -48.05 -1.518530387697456 1.9444297669803978
    endloop
  endfacet
  facet normal 0 -0.8577286100002732 0.5141027441932196
    outer loop
      vertex -48.05 -1.518530387697456 1.9444297669803978
      vertex 48.05 -1.518530387697456 1.9444297669803978
      vertex -48.05 -1.4680787356516465 2.0286032631740025
    endloop
  endfacet
  facet normal 0 -0.9039892931234429 0.4275550934302827
    outer loop
      vertex -48.05 -1.4680787356516465 2.0286032631740025
      vertex 48.05 -1.4680787356516465 2.0286032631740025
      vertex -48.05 -1.4261204674887147 2.1173165676349104
    endloop
  endfacet
  facet normal 0 -0.9415440651830205 0.3368898533922208
    outer loop
      vertex -48.05 -1.4261204674887147 2.1173165676349104
      vertex 48.05 -1.4261204674887147 2.1173165676349104
      vertex -48.05 -1.3930596642677926 2.2097153227455375
    endloop
  endfacet
  facet normal 0 0.9700312531945433 0.24298017990326626
    outer loop
      vertex -48.05 -3.30694033573221 2.2097153227455375
      vertex -48.05 -3.330785280403232 2.3049096779838716
      vertex 48.05 -3.330785280403232 2.3049096779838716
    endloop
  endfacet
  facet normal 0 0.9891765099647807 0.1467304744553641
    outer loop
      vertex -48.05 -3.330785280403232 2.3049096779838716
      vertex -48.05 -3.3451847266721986 2.4019828596704396
      vertex 48.05 -3.3451847266721986 2.4019828596704396
    endloop
  endfacet
  facet normal 0 0.9987954562051725 0.04906767432741541
    outer loop
      vertex -48.05 -3.3451847266721986 2.4019828596704396
      vertex -47.95000000298023 -3.3500000000000014 2.5
      vertex 47.95000000298023 -3.3500000000000014 2.5
    endloop
  endfacet
  facet normal 0 -0.9700312531945439 0.24298017990326412
    outer loop
      vertex -48.05 -1.3930596642677926 2.2097153227455375
      vertex 48.05 -1.3930596642677926 2.2097153227455375
      vertex -48.05 -1.369214719596771 2.3049096779838716
    endloop
  endfacet
  facet normal 0 -0.989176509964781 0.14673047445536191
    outer loop
      vertex -48.05 -1.369214719596771 2.3049096779838716
      vertex 48.05 -1.369214719596771 2.3049096779838716
      vertex -48.05 -1.3548152733278045 2.4019828596704396
    endloop
  endfacet
  facet normal 0 -0.9987954562051724 0.04906767432741767
    outer loop
      vertex -48.05 -1.3548152733278045 2.4019828596704396
      vertex 48.05 -1.3548152733278045 2.4019828596704396
      vertex -48.05 -1.3500000000000014 2.5
    endloop
  endfacet
  facet normal 0 -0.9987954562051725 0.04906767432741766
    outer loop
      vertex -48.05 -1.3500000000000014 2.5
      vertex 48.05 -1.3548152733278045 2.4019828596704396
      vertex -47.95000000298023 -1.3500000000000014 2.5
    endloop
  endfacet
  facet normal 0 0.04906767432741767 0.9987954562051724
    outer loop
      vertex -48.05 -2.448017140329562 1.504815273327803
      vertex 48.05 -2.448017140329562 1.504815273327803
      vertex 48.05 -2.3500000000000014 1.5
    endloop
  endfacet
  facet normal 0 -0.04906767432741767 0.9987954562051724
    outer loop
      vertex -48.05 -2.3500000000000014 1.5
      vertex 48.05 -2.3500000000000014 1.5
      vertex 48.05 -2.251982859670441 1.504815273327803
    endloop
  endfacet
  facet normal 0 0.14673047445536191 0.989176509964781
    outer loop
      vertex -48.05 -2.54509032201613 1.5192147195967696
      vertex 48.05 -2.54509032201613 1.5192147195967696
      vertex 48.05 -2.448017140329562 1.504815273327803
    endloop
  endfacet
  facet normal 0 -0.14673047445536191 0.989176509964781
    outer loop
      vertex -48.05 -2.251982859670441 1.504815273327803
      vertex 48.05 -2.251982859670441 1.504815273327803
      vertex 48.05 -2.154909677983873 1.5192147195967696
    endloop
  endfacet
  facet normal 0 -0.24298017990326412 0.9700312531945439
    outer loop
      vertex -48.05 -2.154909677983873 1.5192147195967696
      vertex 48.05 -2.154909677983873 1.5192147195967696
      vertex 48.05 -2.059715322745539 1.5430596642677912
    endloop
  endfacet
  facet normal 0 0.24298017990326412 0.9700312531945439
    outer loop
      vertex -48.05 -2.640284677254464 1.5430596642677912
      vertex 48.05 -2.640284677254464 1.5430596642677912
      vertex 48.05 -2.54509032201613 1.5192147195967696
    endloop
  endfacet
  facet normal 0 0.3368898533922208 0.9415440651830205
    outer loop
      vertex -48.05 -2.732683432365091 1.5761204674887133
      vertex 48.05 -2.732683432365091 1.5761204674887133
      vertex 48.05 -2.640284677254464 1.5430596642677912
    endloop
  endfacet
  facet normal 0 0.4275550934302827 0.9039892931234429
    outer loop
      vertex -48.05 -2.821396736825999 1.618078735651645
      vertex 48.05 -2.821396736825999 1.618078735651645
      vertex 48.05 -2.732683432365091 1.5761204674887133
    endloop
  endfacet
  facet normal 0 0.5141027441932196 0.8577286100002732
    outer loop
      vertex -48.05 -2.9055702330196036 1.6685303876974547
      vertex 48.05 -2.9055702330196036 1.6685303876974547
      vertex 48.05 -2.821396736825999 1.618078735651645
    endloop
  endfacet
  facet normal 0 0.5956993044924334 0.8032075314806449
    outer loop
      vertex -48.05 -2.984393284163647 1.7269895466372631
      vertex 48.05 -2.984393284163647 1.7269895466372631
      vertex 48.05 -2.9055702330196036 1.6685303876974547
    endloop
  endfacet
  facet normal 0 -0.33688985339222005 0.9415440651830208
    outer loop
      vertex -48.05 -2.059715322745539 1.5430596642677912
      vertex 48.05 -2.059715322745539 1.5430596642677912
      vertex 48.05 -1.9673165676349116 1.5761204674887133
    endloop
  endfacet
  facet normal 0 -0.4275550934302827 0.9039892931234429
    outer loop
      vertex -48.05 -1.9673165676349116 1.5761204674887133
      vertex 48.05 -1.9673165676349116 1.5761204674887133
      vertex 48.05 -1.8786032631740037 1.618078735651645
    endloop
  endfacet
  facet normal 0 -0.5141027441932207 0.8577286100002728
    outer loop
      vertex -48.05 -1.8786032631740037 1.618078735651645
      vertex 48.05 -1.8786032631740037 1.618078735651645
      vertex 48.05 -1.7944297669803992 1.6685303876974547
    endloop
  endfacet
  facet normal 0 -0.5956993044924344 0.803207531480644
    outer loop
      vertex -48.05 -1.7944297669803992 1.6685303876974547
      vertex 48.05 -1.7944297669803992 1.6685303876974547
      vertex 48.05 -1.715606715836356 1.7269895466372631
    endloop
  endfacet
  facet normal 0 -0.6715589548470186 0.740951125354959
    outer loop
      vertex -48.05 -1.715606715836356 1.7269895466372631
      vertex 48.05 -1.715606715836356 1.7269895466372631
      vertex 48.05 -1.642893218813454 1.7928932188134525
    endloop
  endfacet
  facet normal 0 0.740951125354959 0.6715589548470186
    outer loop
      vertex -48.05 -3.057106781186549 1.7928932188134525
      vertex 48.05 -3.1230104533627383 1.8656067158363545
      vertex 48.05 -3.057106781186549 1.7928932188134525
    endloop
  endfacet
  facet normal 0 0.803207531480644 0.5956993044924344
    outer loop
      vertex -48.05 -3.1230104533627383 1.8656067158363545
      vertex 48.05 -3.1814696123025468 1.9444297669803978
      vertex 48.05 -3.1230104533627383 1.8656067158363545
    endloop
  endfacet
  facet normal 0 0.6715589548470198 0.740951125354958
    outer loop
      vertex -48.05 -3.057106781186549 1.7928932188134525
      vertex 48.05 -3.057106781186549 1.7928932188134525
      vertex 48.05 -2.984393284163647 1.7269895466372631
    endloop
  endfacet
  facet normal 0 0.8577286100002732 0.5141027441932196
    outer loop
      vertex -48.05 -3.1814696123025468 1.9444297669803978
      vertex 48.05 -3.2319212643483564 2.0286032631740025
      vertex 48.05 -3.1814696123025468 1.9444297669803978
    endloop
  endfacet
  facet normal 0 0.903989293123442 0.4275550934302845
    outer loop
      vertex -48.05 -3.2319212643483564 2.0286032631740025
      vertex 48.05 -3.2738795325112884 2.1173165676349104
      vertex 48.05 -3.2319212643483564 2.0286032631740025
    endloop
  endfacet
  facet normal 0 0.9415440651830219 0.3368898533922167
    outer loop
      vertex -48.05 -3.2738795325112884 2.1173165676349104
      vertex 48.05 -3.30694033573221 2.2097153227455375
      vertex 48.05 -3.2738795325112884 2.1173165676349104
    endloop
  endfacet
  facet normal 0 -0.740951125354959 0.6715589548470186
    outer loop
      vertex -48.05 -1.5769895466372645 1.8656067158363545
      vertex 48.05 -1.642893218813454 1.7928932188134525
      vertex 48.05 -1.5769895466372645 1.8656067158363545
    endloop
  endfacet
  facet normal 0 -0.803207531480644 0.5956993044924344
    outer loop
      vertex -48.05 -1.518530387697456 1.9444297669803978
      vertex 48.05 -1.5769895466372645 1.8656067158363545
      vertex 48.05 -1.518530387697456 1.9444297669803978
    endloop
  endfacet
  facet normal 0 -0.8577286100002732 0.5141027441932196
    outer loop
      vertex -48.05 -1.4680787356516465 2.0286032631740025
      vertex 48.05 -1.518530387697456 1.9444297669803978
      vertex 48.05 -1.4680787356516465 2.0286032631740025
    endloop
  endfacet
  facet normal 0 -0.9039892931234429 0.4275550934302827
    outer loop
      vertex -48.05 -1.4261204674887147 2.1173165676349104
      vertex 48.05 -1.4680787356516465 2.0286032631740025
      vertex 48.05 -1.4261204674887147 2.1173165676349104
    endloop
  endfacet
  facet normal 0 -0.9415440651830205 0.3368898533922208
    outer loop
      vertex -48.05 -1.3930596642677926 2.2097153227455375
      vertex 48.05 -1.4261204674887147 2.1173165676349104
      vertex 48.05 -1.3930596642677926 2.2097153227455375
    endloop
  endfacet
  facet normal 0 0.9700312531945433 0.24298017990326626
    outer loop
      vertex -48.05 -3.30694033573221 2.2097153227455375
      vertex 48.05 -3.330785280403232 2.3049096779838716
      vertex 48.05 -3.30694033573221 2.2097153227455375
    endloop
  endfacet
  facet normal 0 0.9891765099647807 0.1467304744553641
    outer loop
      vertex -48.05 -3.330785280403232 2.3049096779838716
      vertex 48.05 -3.3451847266721986 2.4019828596704396
      vertex 48.05 -3.330785280403232 2.3049096779838716
    endloop
  endfacet
  facet normal 0 0.9987954562051725 0.04906767432741541
    outer loop
      vertex -48.05 -3.3451847266721986 2.4019828596704396
      vertex 48.05 -3.3500000000000014 2.5
      vertex 48.05 -3.3451847266721986 2.4019828596704396
    endloop
  endfacet
  facet normal 0 0.9987954562051725 0.049067674327416856
    outer loop
      vertex -48.05 -3.3451847266721986 2.4019828596704396
      vertex 47.95000000298023 -3.3500000000000014 2.5
      vertex 48.05 -3.3500000000000014 2.5
    endloop
  endfacet
  facet normal 0 -0.9700312531945439 0.24298017990326412
    outer loop
      vertex -48.05 -1.369214719596771 2.3049096779838716
      vertex 48.05 -1.3930596642677926 2.2097153227455375
      vertex 48.05 -1.369214719596771 2.3049096779838716
    endloop
  endfacet
  facet normal 0 -0.989176509964781 0.14673047445536191
    outer loop
      vertex -48.05 -1.3548152733278045 2.4019828596704396
      vertex 48.05 -1.369214719596771 2.3049096779838716
      vertex 48.05 -1.3548152733278045 2.4019828596704396
    endloop
  endfacet
  facet normal 0 -0.9987954562051724 0.04906767432741767
    outer loop
      vertex -47.95000000298023 -1.3500000000000014 2.5
      vertex 48.05 -1.3548152733278045 2.4019828596704396
      vertex 47.95000000298023 -1.3500000000000014 2.5
    endloop
  endfacet
  facet normal -1 0 0
    outer loop
      vertex 48.05 -2.732683432365091 1.5761204674887133
      vertex 48.05 -2.732683432365091 3.423879532511287
      vertex 48.05 -2.640284677254464 1.5430596642677912
    endloop
  endfacet
  facet normal -1 0 0
    outer loop
      vertex 48.05 -2.54509032201613 1.5192147195967696
      vertex 48.05 -2.640284677254464 1.5430596642677912
      vertex 48.05 -2.640284677254464 3.4569403357322086
    endloop
  endfacet
  facet normal -1 0 0
    outer loop
      vertex 48.05 -2.54509032201613 1.5192147195967696
      vertex 48.05 -2.54509032201613 3.4807852804032304
      vertex 48.05 -2.448017140329562 1.504815273327803
    endloop
  endfacet
  facet normal -1 0 0
    outer loop
      vertex 48.05 -2.448017140329562 1.504815273327803
      vertex 48.05 -2.448017140329562 3.495184726672197
      vertex 48.05 -2.3500000000000014 1.5
    endloop
  endfacet
  facet normal -1 0 0
    outer loop
      vertex 48.05 -2.3500000000000014 1.5
      vertex 48.05 -2.3500000000000014 3.5
      vertex 48.05 -2.251982859670441 1.504815273327803
    endloop
  endfacet
  facet normal -1 0 0
    outer loop
      vertex 48.05 -2.251982859670441 1.504815273327803
      vertex 48.05 -2.251982859670441 3.495184726672197
      vertex 48.05 -2.154909677983873 1.5192147195967696
    endloop
  endfacet
  facet normal -1 0 0
    outer loop
      vertex 48.05 -2.154909677983873 1.5192147195967696
      vertex 48.05 -2.154909677983873 3.4807852804032304
      vertex 48.05 -2.059715322745539 1.5430596642677912
    endloop
  endfacet
  facet normal -1 0 0
    outer loop
      vertex 48.05 -3.057106781186549 1.7928932188134525
      vertex 48.05 -3.1230104533627383 1.8656067158363545
      vertex 48.05 -3.1230104533627383 3.1343932841636457
    endloop
  endfacet
  facet normal -1 0 0
    outer loop
      vertex 48.05 -3.1230104533627383 1.8656067158363545
      vertex 48.05 -3.1814696123025468 1.9444297669803978
      vertex 48.05 -3.1814696123025468 3.055570233019602
    endloop
  endfacet
  facet normal -1 0 0
    outer loop
      vertex 48.05 -3.1814696123025468 1.9444297669803978
      vertex 48.05 -3.2319212643483564 2.0286032631740025
      vertex 48.05 -3.2319212643483564 2.9713967368259975
    endloop
  endfacet
  facet normal -1 0 0
    outer loop
      vertex 48.05 -3.2319212643483564 2.0286032631740025
      vertex 48.05 -3.2738795325112884 2.1173165676349104
      vertex 48.05 -3.2738795325112884 2.8826834323650896
    endloop
  endfacet
  facet normal -1 0 0
    outer loop
      vertex 48.05 -3.30694033573221 2.2097153227455375
      vertex 48.05 -3.330785280403232 2.3049096779838716
      vertex 48.05 -3.330785280403232 2.6950903220161284
    endloop
  endfacet
  facet normal -1 0 0
    outer loop
      vertex 48.05 -3.2738795325112884 2.1173165676349104
      vertex 48.05 -3.30694033573221 2.2097153227455375
      vertex 48.05 -3.30694033573221 2.7902846772544625
    endloop
  endfacet
  facet normal -1 0 0
    outer loop
      vertex 48.05 -2.821396736825999 1.618078735651645
      vertex 48.05 -2.9055702330196036 1.6685303876974547
      vertex 48.05 -2.9055702330196036 3.3314696123025453
    endloop
  endfacet
  facet normal -1 0 0
    outer loop
      vertex 48.05 -2.9055702330196036 1.6685303876974547
      vertex 48.05 -2.984393284163647 1.7269895466372631
      vertex 48.05 -2.984393284163647 3.273010453362737
    endloop
  endfacet
  facet normal -1 0 0
    outer loop
      vertex 48.05 -2.732683432365091 1.5761204674887133
      vertex 48.05 -2.821396736825999 1.618078735651645
      vertex 48.05 -2.821396736825999 3.381921264348355
    endloop
  endfacet
  facet normal -1 0 0
    outer loop
      vertex 48.05 -2.984393284163647 1.7269895466372631
      vertex 48.05 -3.057106781186549 1.7928932188134525
      vertex 48.05 -3.057106781186549 3.2071067811865475
    endloop
  endfacet
  facet normal -1 0 0
    outer loop
      vertex 48.05 -3.330785280403232 2.3049096779838716
      vertex 48.05 -3.3451847266721986 2.4019828596704396
      vertex 48.05 -3.3451847266721986 2.5980171403295604
    endloop
  endfacet
  facet normal -1 0 0
    outer loop
      vertex 48.05 -3.3451847266721986 2.4019828596704396
      vertex 48.05 -3.3500000000000014 2.5
      vertex 48.05 -3.3451847266721986 2.5980171403295604
    endloop
  endfacet
  facet normal 0 0.9987954562051725 -0.0490676743274154
    outer loop
      vertex 47.95000000298023 -3.3500000000000014 2.5
      vertex 48.05 -3.3451847266721986 2.5980171403295604
      vertex 48.05 -3.3500000000000014 2.5
    endloop
  endfacet
  facet normal 0 0.9987954562051725 -0.0490676743274154
    outer loop
      vertex 47.95000000298023 -3.3500000000000014 2.5
      vertex 47.95000000298023 -3.3451847266721986 2.5980171403295604
      vertex 48.05 -3.3451847266721986 2.5980171403295604
    endloop
  endfacet
  facet normal -1 0 0
    outer loop
      vertex 48.05 -3.330785280403232 2.3049096779838716
      vertex 48.05 -3.3451847266721986 2.5980171403295604
      vertex 48.05 -3.330785280403232 2.6950903220161284
    endloop
  endfacet
  facet normal -1 0 0
    outer loop
      vertex 48.05 -3.30694033573221 2.2097153227455375
      vertex 48.05 -3.330785280403232 2.6950903220161284
      vertex 48.05 -3.30694033573221 2.7902846772544625
    endloop
  endfacet
  facet normal -1 0 0
    outer loop
      vertex 48.05 -3.2738795325112884 2.1173165676349104
      vertex 48.05 -3.30694033573221 2.7902846772544625
      vertex 48.05 -3.2738795325112884 2.8826834323650896
    endloop
  endfacet
  facet normal -1 0 0
    outer loop
      vertex 48.05 -2.059715322745539 1.5430596642677912
      vertex 48.05 -2.059715322745539 3.4569403357322086
      vertex 48.05 -1.9673165676349116 1.5761204674887133
    endloop
  endfacet
  facet normal -1 0 0
    outer loop
      vertex 48.05 -1.9673165676349116 1.5761204674887133
      vertex 48.05 -1.9673165676349116 3.423879532511287
      vertex 48.05 -1.8786032631740037 1.618078735651645
    endloop
  endfacet
  facet normal -1 0 0
    outer loop
      vertex 48.05 -1.8786032631740037 1.618078735651645
      vertex 48.05 -1.8786032631740037 3.381921264348355
      vertex 48.05 -1.7944297669803992 1.6685303876974547
    endloop
  endfacet
  facet normal -1 0 0
    outer loop
      vertex 48.05 -1.7944297669803992 1.6685303876974547
      vertex 48.05 -1.7944297669803992 3.3314696123025453
      vertex 48.05 -1.715606715836356 1.7269895466372631
    endloop
  endfacet
  facet normal -1 0 0
    outer loop
      vertex 48.05 -1.715606715836356 1.7269895466372631
      vertex 48.05 -1.715606715836356 3.273010453362737
      vertex 48.05 -1.642893218813454 1.7928932188134525
    endloop
  endfacet
  facet normal -1 0 0
    outer loop
      vertex 48.05 -1.642893218813454 1.7928932188134525
      vertex 48.05 -1.642893218813454 3.2071067811865475
      vertex 48.05 -1.5769895466372645 1.8656067158363545
    endloop
  endfacet
  facet normal -1 0 0
    outer loop
      vertex 48.05 -1.5769895466372645 1.8656067158363545
      vertex 48.05 -1.5769895466372645 3.1343932841636457
      vertex 48.05 -1.518530387697456 1.9444297669803978
    endloop
  endfacet
  facet normal -1 0 0
    outer loop
      vertex 48.05 -1.518530387697456 1.9444297669803978
      vertex 48.05 -1.518530387697456 3.055570233019602
      vertex 48.05 -1.4680787356516465 2.0286032631740025
    endloop
  endfacet
  facet normal -1 0 0
    outer loop
      vertex 48.05 -1.4680787356516465 2.0286032631740025
      vertex 48.05 -1.4680787356516465 2.9713967368259975
      vertex 48.05 -1.4261204674887147 2.1173165676349104
    endloop
  endfacet
  facet normal -1 0 0
    outer loop
      vertex 48.05 -1.4261204674887147 2.1173165676349104
      vertex 48.05 -1.4261204674887147 2.8826834323650896
      vertex 48.05 -1.3930596642677926 2.2097153227455375
    endloop
  endfacet
  facet normal -1 0 0
    outer loop
      vertex 48.05 -1.3930596642677926 2.2097153227455375
      vertex 48.05 -1.3930596642677926 2.7902846772544625
      vertex 48.05 -1.369214719596771 2.3049096779838716
    endloop
  endfacet
  facet normal 0 -0.9987954562051725 0.04906767432741766
    outer loop
      vertex 48.05 -1.3548152733278045 2.4019828596704396
      vertex 48.05 -1.3500000000000014 2.5
      vertex 47.95000000298023 -1.3500000000000014 2.5
    endloop
  endfacet
  facet normal -1 0 0
    outer loop
      vertex 48.05 -1.369214719596771 2.3049096779838716
      vertex 48.05 -1.369214719596771 2.6950903220161284
      vertex 48.05 -1.3548152733278045 2.4019828596704396
    endloop
  endfacet
  facet normal -1 0 0
    outer loop
      vertex 48.05 -1.3548152733278045 2.4019828596704396
      vertex 48.05 -1.3548152733278045 2.5980171403295604
      vertex 48.05 -1.3500000000000014 2.5
    endloop
  endfacet
  facet normal 0 -0.9987954562051725 -0.04906767432741766
    outer loop
      vertex 47.95000000298023 -1.3500000000000014 2.5
      vertex 48.05 -1.3500000000000014 2.5
      vertex 47.95000000298023 -1.3548152733278045 2.5980171403295604
    endloop
  endfacet
  facet normal 0 -0.9987954562051725 -0.04906767432741766
    outer loop
      vertex 48.05 -1.3500000000000014 2.5
      vertex 48.05 -1.3548152733278045 2.5980171403295604
      vertex 47.95000000298023 -1.3548152733278045 2.5980171403295604
    endloop
  endfacet
  facet normal -1 0 0
    outer loop
      vertex 48.05 -1.3548152733278045 2.4019828596704396
      vertex 48.05 -1.369214719596771 2.6950903220161284
      vertex 48.05 -1.3548152733278045 2.5980171403295604
    endloop
  endfacet
  facet normal -1 0 0
    outer loop
      vertex 48.05 -1.369214719596771 2.3049096779838716
      vertex 48.05 -1.3930596642677926 2.7902846772544625
      vertex 48.05 -1.369214719596771 2.6950903220161284
    endloop
  endfacet
  facet normal 0 0.9891765099647807 -0.14673047445536413
    outer loop
      vertex 47.95000000298023 -3.3451847266721986 2.5980171403295604
      vertex 48.05 -3.330785280403232 2.6950903220161284
      vertex 48.05 -3.3451847266721986 2.5980171403295604
    endloop
  endfacet
  facet normal 0 0.9891765099647807 -0.14673047445536413
    outer loop
      vertex 47.95000000298023 -3.3451847266721986 2.5980171403295604
      vertex 47.95000000298023 -3.330785280403232 2.6950903220161284
      vertex 48.05 -3.330785280403232 2.6950903220161284
    endloop
  endfacet
  facet normal -1 0 0
    outer loop
      vertex 48.05 -3.2319212643483564 2.0286032631740025
      vertex 48.05 -3.2738795325112884 2.8826834323650896
      vertex 48.05 -3.2319212643483564 2.9713967368259975
    endloop
  endfacet
  facet normal -1 0 0
    outer loop
      vertex 48.05 -3.1814696123025468 1.9444297669803978
      vertex 48.05 -3.2319212643483564 2.9713967368259975
      vertex 48.05 -3.1814696123025468 3.055570233019602
    endloop
  endfacet
  facet normal 0 0.9700312531945434 -0.24298017990326626
    outer loop
      vertex 47.95000000298023 -3.330785280403232 2.6950903220161284
      vertex 48.05 -3.30694033573221 2.7902846772544625
      vertex 48.05 -3.330785280403232 2.6950903220161284
    endloop
  endfacet
  facet normal -1 0 0
    outer loop
      vertex 48.05 -3.1230104533627383 1.8656067158363545
      vertex 48.05 -3.1814696123025468 3.055570233019602
      vertex 48.05 -3.1230104533627383 3.1343932841636457
    endloop
  endfacet
  facet normal -1 0 0
    outer loop
      vertex 48.05 -3.057106781186549 1.7928932188134525
      vertex 48.05 -3.1230104533627383 3.1343932841636457
      vertex 48.05 -3.057106781186549 3.2071067811865475
    endloop
  endfacet
  facet normal 0 0.9700312531945434 -0.24298017990326626
    outer loop
      vertex 47.95000000298023 -3.330785280403232 2.6950903220161284
      vertex 47.95000000298023 -3.30694033573221 2.7902846772544625
      vertex 48.05 -3.30694033573221 2.7902846772544625
    endloop
  endfacet
  facet normal 0 0.941544065183022 -0.33688985339221683
    outer loop
      vertex 47.95000000298023 -3.30694033573221 2.7902846772544625
      vertex 48.05 -3.2738795325112884 2.8826834323650896
      vertex 48.05 -3.30694033573221 2.7902846772544625
    endloop
  endfacet
  facet normal -1 0 0
    outer loop
      vertex 48.05 -2.984393284163647 1.7269895466372631
      vertex 48.05 -3.057106781186549 3.2071067811865475
      vertex 48.05 -2.984393284163647 3.273010453362737
    endloop
  endfacet
  facet normal -1 0 0
    outer loop
      vertex 48.05 -2.9055702330196036 1.6685303876974547
      vertex 48.05 -2.984393284163647 3.273010453362737
      vertex 48.05 -2.9055702330196036 3.3314696123025453
    endloop
  endfacet
  facet normal -1 0 0
    outer loop
      vertex 48.05 -2.821396736825999 1.618078735651645
      vertex 48.05 -2.9055702330196036 3.3314696123025453
      vertex 48.05 -2.821396736825999 3.381921264348355
    endloop
  endfacet
  facet normal -1 0 0
    outer loop
      vertex 48.05 -2.732683432365091 1.5761204674887133
      vertex 48.05 -2.821396736825999 3.381921264348355
      vertex 48.05 -2.732683432365091 3.423879532511287
    endloop
  endfacet
  facet normal -1 0 0
    outer loop
      vertex 48.05 -2.640284677254464 1.5430596642677912
      vertex 48.05 -2.732683432365091 3.423879532511287
      vertex 48.05 -2.640284677254464 3.4569403357322086
    endloop
  endfacet
  facet normal -1 0 0
    outer loop
      vertex 48.05 -2.54509032201613 1.5192147195967696
      vertex 48.05 -2.640284677254464 3.4569403357322086
      vertex 48.05 -2.54509032201613 3.4807852804032304
    endloop
  endfacet
  facet normal -1 0 0
    outer loop
      vertex 48.05 -2.448017140329562 1.504815273327803
      vertex 48.05 -2.54509032201613 3.4807852804032304
      vertex 48.05 -2.448017140329562 3.495184726672197
    endloop
  endfacet
  facet normal -1 0 0
    outer loop
      vertex 48.05 -2.3500000000000014 1.5
      vertex 48.05 -2.448017140329562 3.495184726672197
      vertex 48.05 -2.3500000000000014 3.5
    endloop
  endfacet
  facet normal -1 0 0
    outer loop
      vertex 48.05 -2.251982859670441 1.504815273327803
      vertex 48.05 -2.3500000000000014 3.5
      vertex 48.05 -2.251982859670441 3.495184726672197
    endloop
  endfacet
  facet normal -1 0 0
    outer loop
      vertex 48.05 -2.154909677983873 1.5192147195967696
      vertex 48.05 -2.251982859670441 3.495184726672197
      vertex 48.05 -2.154909677983873 3.4807852804032304
    endloop
  endfacet
  facet normal -1 0 0
    outer loop
      vertex 48.05 -2.059715322745539 1.5430596642677912
      vertex 48.05 -2.154909677983873 3.4807852804032304
      vertex 48.05 -2.059715322745539 3.4569403357322086
    endloop
  endfacet
  facet normal 0 0.941544065183022 -0.33688985339221683
    outer loop
      vertex 47.95000000298023 -3.30694033573221 2.7902846772544625
      vertex 47.95000000298023 -3.2738795325112884 2.8826834323650896
      vertex 48.05 -3.2738795325112884 2.8826834323650896
    endloop
  endfacet
  facet normal 0 0.9039892931234421 -0.4275550934302846
    outer loop
      vertex 47.95000000298023 -3.2738795325112884 2.8826834323650896
      vertex 48.05 -3.2319212643483564 2.9713967368259975
      vertex 48.05 -3.2738795325112884 2.8826834323650896
    endloop
  endfacet
  facet normal 0 0.9039892931234421 -0.4275550934302846
    outer loop
      vertex 47.95000000298023 -3.2738795325112884 2.8826834323650896
      vertex 47.95000000298023 -3.2319212643483564 2.9713967368259975
      vertex 48.05 -3.2319212643483564 2.9713967368259975
    endloop
  endfacet
  facet normal 0 0.8577286100002733 -0.5141027441932197
    outer loop
      vertex 47.95000000298023 -3.2319212643483564 2.9713967368259975
      vertex 48.05 -3.1814696123025468 3.055570233019602
      vertex 48.05 -3.2319212643483564 2.9713967368259975
    endloop
  endfacet
  facet normal 0 0.8577286100002733 -0.5141027441932197
    outer loop
      vertex 47.95000000298023 -3.2319212643483564 2.9713967368259975
      vertex 47.95000000298023 -3.1814696123025468 3.055570233019602
      vertex 48.05 -3.1814696123025468 3.055570233019602
    endloop
  endfacet
  facet normal -1 0 0
    outer loop
      vertex 48.05 -1.518530387697456 1.9444297669803978
      vertex 48.05 -1.5769895466372645 3.1343932841636457
      vertex 48.05 -1.518530387697456 3.055570233019602
    endloop
  endfacet
  facet normal 0 -0.989176509964781 -0.14673047445536191
    outer loop
      vertex 47.95000000298023 -1.3548152733278045 2.5980171403295604
      vertex 48.05 -1.3548152733278045 2.5980171403295604
      vertex 47.95000000298023 -1.369214719596771 2.6950903220161284
    endloop
  endfacet
  facet normal 0 -0.989176509964781 -0.14673047445536191
    outer loop
      vertex 48.05 -1.3548152733278045 2.5980171403295604
      vertex 48.05 -1.369214719596771 2.6950903220161284
      vertex 47.95000000298023 -1.369214719596771 2.6950903220161284
    endloop
  endfacet
  facet normal -1 0 0
    outer loop
      vertex 48.05 -1.3930596642677926 2.2097153227455375
      vertex 48.05 -1.4261204674887147 2.8826834323650896
      vertex 48.05 -1.3930596642677926 2.7902846772544625
    endloop
  endfacet
  facet normal -1 0 0
    outer loop
      vertex 48.05 -1.4261204674887147 2.1173165676349104
      vertex 48.05 -1.4680787356516465 2.9713967368259975
      vertex 48.05 -1.4261204674887147 2.8826834323650896
    endloop
  endfacet
  facet normal 0 -0.970031253194544 -0.24298017990326412
    outer loop
      vertex 47.95000000298023 -1.369214719596771 2.6950903220161284
      vertex 48.05 -1.369214719596771 2.6950903220161284
      vertex 47.95000000298023 -1.3930596642677926 2.7902846772544625
    endloop
  endfacet
  facet normal -1 0 0
    outer loop
      vertex 48.05 -1.4680787356516465 2.0286032631740025
      vertex 48.05 -1.518530387697456 3.055570233019602
      vertex 48.05 -1.4680787356516465 2.9713967368259975
    endloop
  endfacet
  facet normal -1 0 0
    outer loop
      vertex 48.05 -1.642893218813454 1.7928932188134525
      vertex 48.05 -1.715606715836356 3.273010453362737
      vertex 48.05 -1.642893218813454 3.2071067811865475
    endloop
  endfacet
  facet normal -1 0 0
    outer loop
      vertex 48.05 -1.5769895466372645 1.8656067158363545
      vertex 48.05 -1.642893218813454 3.2071067811865475
      vertex 48.05 -1.5769895466372645 3.1343932841636457
    endloop
  endfacet
  facet normal -1 0 0
    outer loop
      vertex 48.05 -1.715606715836356 1.7269895466372631
      vertex 48.05 -1.7944297669803992 3.3314696123025453
      vertex 48.05 -1.715606715836356 3.273010453362737
    endloop
  endfacet
  facet normal -1 0 0
    outer loop
      vertex 48.05 -1.7944297669803992 1.6685303876974547
      vertex 48.05 -1.8786032631740037 3.381921264348355
      vertex 48.05 -1.7944297669803992 3.3314696123025453
    endloop
  endfacet
  facet normal -1 0 0
    outer loop
      vertex 48.05 -1.8786032631740037 1.618078735651645
      vertex 48.05 -1.9673165676349116 3.423879532511287
      vertex 48.05 -1.8786032631740037 3.381921264348355
    endloop
  endfacet
  facet normal -1 0 0
    outer loop
      vertex 48.05 -1.9673165676349116 1.5761204674887133
      vertex 48.05 -2.059715322745539 3.4569403357322086
      vertex 48.05 -1.9673165676349116 3.423879532511287
    endloop
  endfacet
  facet normal 0 -0.970031253194544 -0.24298017990326412
    outer loop
      vertex 48.05 -1.369214719596771 2.6950903220161284
      vertex 48.05 -1.3930596642677926 2.7902846772544625
      vertex 47.95000000298023 -1.3930596642677926 2.7902846772544625
    endloop
  endfacet
  facet normal 0 -0.9415440651830205 -0.3368898533922208
    outer loop
      vertex 47.95000000298023 -1.3930596642677926 2.7902846772544625
      vertex 48.05 -1.3930596642677926 2.7902846772544625
      vertex 47.95000000298023 -1.4261204674887147 2.8826834323650896
    endloop
  endfacet
  facet normal 0 -0.9415440651830205 -0.3368898533922208
    outer loop
      vertex 48.05 -1.3930596642677926 2.7902846772544625
      vertex 48.05 -1.4261204674887147 2.8826834323650896
      vertex 47.95000000298023 -1.4261204674887147 2.8826834323650896
    endloop
  endfacet
  facet normal 0 -0.9039892931234431 -0.42755509343028275
    outer loop
      vertex 47.95000000298023 -1.4261204674887147 2.8826834323650896
      vertex 48.05 -1.4261204674887147 2.8826834323650896
      vertex 47.95000000298023 -1.4680787356516465 2.9713967368259975
    endloop
  endfacet
  facet normal 0 -0.9039892931234431 -0.42755509343028275
    outer loop
      vertex 48.05 -1.4261204674887147 2.8826834323650896
      vertex 48.05 -1.4680787356516465 2.9713967368259975
      vertex 47.95000000298023 -1.4680787356516465 2.9713967368259975
    endloop
  endfacet
  facet normal 0 -0.8577286100002733 -0.5141027441932197
    outer loop
      vertex 47.95000000298023 -1.4680787356516465 2.9713967368259975
      vertex 48.05 -1.4680787356516465 2.9713967368259975
      vertex 47.95000000298023 -1.518530387697456 3.055570233019602
    endloop
  endfacet
  facet normal 0 -0.8577286100002733 -0.5141027441932197
    outer loop
      vertex 48.05 -1.4680787356516465 2.9713967368259975
      vertex 48.05 -1.518530387697456 3.055570233019602
      vertex 47.95000000298023 -1.518530387697456 3.055570233019602
    endloop
  endfacet
  facet normal 0 0.8032075314806449 -0.5956993044924332
    outer loop
      vertex 47.95000000298023 -3.1814696123025468 3.055570233019602
      vertex 48.05 -3.1230104533627383 3.1343932841636457
      vertex 48.05 -3.1814696123025468 3.055570233019602
    endloop
  endfacet
  facet normal 0 0.8032075314806449 -0.5956993044924332
    outer loop
      vertex 47.95000000298023 -3.1814696123025468 3.055570233019602
      vertex 47.95000000298023 -3.1230104533627383 3.1343932841636457
      vertex 48.05 -3.1230104533627383 3.1343932841636457
    endloop
  endfacet
  facet normal 0 0.7409511253549579 -0.6715589548470197
    outer loop
      vertex 47.95000000298023 -3.1230104533627383 3.1343932841636457
      vertex 48.05 -3.057106781186549 3.2071067811865475
      vertex 48.05 -3.1230104533627383 3.1343932841636457
    endloop
  endfacet
  facet normal 0 0.7409511253549579 -0.6715589548470197
    outer loop
      vertex 47.95000000298023 -3.1230104533627383 3.1343932841636457
      vertex 47.95000000298023 -3.057106781186549 3.2071067811865475
      vertex 48.05 -3.057106781186549 3.2071067811865475
    endloop
  endfacet
  facet normal 0 0.6715589548470197 -0.7409511253549579
    outer loop
      vertex 47.95000000298023 -3.057106781186549 3.2071067811865475
      vertex 48.05 -2.984393284163647 3.273010453362737
      vertex 48.05 -3.057106781186549 3.2071067811865475
    endloop
  endfacet
  facet normal 0 0.6715589548470197 -0.7409511253549579
    outer loop
      vertex 47.95000000298023 -3.057106781186549 3.2071067811865475
      vertex 47.95000000298023 -2.984393284163647 3.273010453362737
      vertex 48.05 -2.984393284163647 3.273010453362737
    endloop
  endfacet
  facet normal 0 0.5956993044924332 -0.8032075314806449
    outer loop
      vertex 47.95000000298023 -2.984393284163647 3.273010453362737
      vertex 48.05 -2.9055702330196036 3.3314696123025453
      vertex 48.05 -2.984393284163647 3.273010453362737
    endloop
  endfacet
  facet normal 0 0.5956993044924332 -0.8032075314806449
    outer loop
      vertex 47.95000000298023 -2.984393284163647 3.273010453362737
      vertex 47.95000000298023 -2.9055702330196036 3.3314696123025453
      vertex 48.05 -2.9055702330196036 3.3314696123025453
    endloop
  endfacet
  facet normal 0 0.5141027441932197 -0.8577286100002733
    outer loop
      vertex 47.95000000298023 -2.9055702330196036 3.3314696123025453
      vertex 48.05 -2.821396736825999 3.381921264348355
      vertex 48.05 -2.9055702330196036 3.3314696123025453
    endloop
  endfacet
  facet normal 0 0.5141027441932197 -0.8577286100002733
    outer loop
      vertex 47.95000000298023 -2.9055702330196036 3.3314696123025453
      vertex 47.95000000298023 -2.821396736825999 3.381921264348355
      vertex 48.05 -2.821396736825999 3.381921264348355
    endloop
  endfacet
  facet normal 0 0.4275550934302846 -0.9039892931234421
    outer loop
      vertex 47.95000000298023 -2.821396736825999 3.381921264348355
      vertex 48.05 -2.732683432365091 3.423879532511287
      vertex 48.05 -2.821396736825999 3.381921264348355
    endloop
  endfacet
  facet normal 0 0.4275550934302846 -0.9039892931234421
    outer loop
      vertex 47.95000000298023 -2.821396736825999 3.381921264348355
      vertex 47.95000000298023 -2.732683432365091 3.423879532511287
      vertex 48.05 -2.732683432365091 3.423879532511287
    endloop
  endfacet
  facet normal 0 0.33688985339221683 -0.941544065183022
    outer loop
      vertex 47.95000000298023 -2.732683432365091 3.423879532511287
      vertex 48.05 -2.640284677254464 3.4569403357322086
      vertex 48.05 -2.732683432365091 3.423879532511287
    endloop
  endfacet
  facet normal 0 0.33688985339221683 -0.941544065183022
    outer loop
      vertex 47.95000000298023 -2.732683432365091 3.423879532511287
      vertex 47.95000000298023 -2.640284677254464 3.4569403357322086
      vertex 48.05 -2.640284677254464 3.4569403357322086
    endloop
  endfacet
  facet normal 0 0.24298017990326626 -0.9700312531945434
    outer loop
      vertex 47.95000000298023 -2.640284677254464 3.4569403357322086
      vertex 48.05 -2.54509032201613 3.4807852804032304
      vertex 48.05 -2.640284677254464 3.4569403357322086
    endloop
  endfacet
  facet normal 0 0.24298017990326626 -0.9700312531945434
    outer loop
      vertex 47.95000000298023 -2.640284677254464 3.4569403357322086
      vertex 47.95000000298023 -2.54509032201613 3.4807852804032304
      vertex 48.05 -2.54509032201613 3.4807852804032304
    endloop
  endfacet
  facet normal 0 0.14673047445536413 -0.9891765099647807
    outer loop
      vertex 47.95000000298023 -2.54509032201613 3.4807852804032304
      vertex 48.05 -2.448017140329562 3.495184726672197
      vertex 48.05 -2.54509032201613 3.4807852804032304
    endloop
  endfacet
  facet normal 0 0.14673047445536413 -0.9891765099647807
    outer loop
      vertex 47.95000000298023 -2.54509032201613 3.4807852804032304
      vertex 47.95000000298023 -2.448017140329562 3.495184726672197
      vertex 48.05 -2.448017140329562 3.495184726672197
    endloop
  endfacet
  facet normal 0 0.0490676743274154 -0.9987954562051725
    outer loop
      vertex 47.95000000298023 -2.448017140329562 3.495184726672197
      vertex 48.05 -2.3500000000000014 3.5
      vertex 48.05 -2.448017140329562 3.495184726672197
    endloop
  endfacet
  facet normal 0 0.0490676743274154 -0.9987954562051725
    outer loop
      vertex 47.95000000298023 -2.448017140329562 3.495184726672197
      vertex 47.95000000298023 -2.3500000000000014 3.5
      vertex 48.05 -2.3500000000000014 3.5
    endloop
  endfacet
  facet normal 0 -0.0490676743274154 -0.9987954562051725
    outer loop
      vertex 48.05 -2.251982859670441 3.495184726672197
      vertex 48.05 -2.3500000000000014 3.5
      vertex 47.95000000298023 -2.3500000000000014 3.5
    endloop
  endfacet
  facet normal 0 -0.24298017990326626 -0.9700312531945434
    outer loop
      vertex 47.95000000298023 -2.059715322745539 3.4569403357322086
      vertex 48.05 -2.059715322745539 3.4569403357322086
      vertex 47.95000000298023 -2.154909677983873 3.4807852804032304
    endloop
  endfacet
  facet normal 0 -0.14673047445536413 -0.9891765099647807
    outer loop
      vertex 47.95000000298023 -2.154909677983873 3.4807852804032304
      vertex 48.05 -2.154909677983873 3.4807852804032304
      vertex 47.95000000298023 -2.251982859670441 3.495184726672197
    endloop
  endfacet
  facet normal 0 -0.0490676743274154 -0.9987954562051725
    outer loop
      vertex 47.95000000298023 -2.251982859670441 3.495184726672197
      vertex 48.05 -2.251982859670441 3.495184726672197
      vertex 47.95000000298023 -2.3500000000000014 3.5
    endloop
  endfacet
  facet normal 0 -0.14673047445536413 -0.9891765099647807
    outer loop
      vertex 48.05 -2.154909677983873 3.4807852804032304
      vertex 48.05 -2.251982859670441 3.495184726672197
      vertex 47.95000000298023 -2.251982859670441 3.495184726672197
    endloop
  endfacet
  facet normal 0 -0.24298017990326626 -0.9700312531945434
    outer loop
      vertex 48.05 -2.059715322745539 3.4569403357322086
      vertex 48.05 -2.154909677983873 3.4807852804032304
      vertex 47.95000000298023 -2.154909677983873 3.4807852804032304
    endloop
  endfacet
  facet normal 0 -0.8032075314806449 -0.5956993044924332
    outer loop
      vertex 47.95000000298023 -1.518530387697456 3.055570233019602
      vertex 48.05 -1.518530387697456 3.055570233019602
      vertex 47.95000000298023 -1.5769895466372645 3.1343932841636457
    endloop
  endfacet
  facet normal 0 -0.8032075314806449 -0.5956993044924332
    outer loop
      vertex 48.05 -1.518530387697456 3.055570233019602
      vertex 48.05 -1.5769895466372645 3.1343932841636457
      vertex 47.95000000298023 -1.5769895466372645 3.1343932841636457
    endloop
  endfacet
  facet normal 0 -0.7409511253549579 -0.6715589548470197
    outer loop
      vertex 47.95000000298023 -1.5769895466372645 3.1343932841636457
      vertex 48.05 -1.5769895466372645 3.1343932841636457
      vertex 47.95000000298023 -1.642893218813454 3.2071067811865475
    endloop
  endfacet
  facet normal 0 -0.7409511253549579 -0.6715589548470197
    outer loop
      vertex 48.05 -1.5769895466372645 3.1343932841636457
      vertex 48.05 -1.642893218813454 3.2071067811865475
      vertex 47.95000000298023 -1.642893218813454 3.2071067811865475
    endloop
  endfacet
  facet normal 0 -0.6715589548470186 -0.7409511253549589
    outer loop
      vertex 47.95000000298023 -1.642893218813454 3.2071067811865475
      vertex 48.05 -1.642893218813454 3.2071067811865475
      vertex 47.95000000298023 -1.715606715836356 3.273010453362737
    endloop
  endfacet
  facet normal 0 -0.6715589548470186 -0.7409511253549589
    outer loop
      vertex 48.05 -1.642893218813454 3.2071067811865475
      vertex 48.05 -1.715606715836356 3.273010453362737
      vertex 47.95000000298023 -1.715606715836356 3.273010453362737
    endloop
  endfacet
  facet normal 0 -0.5956993044924345 -0.8032075314806442
    outer loop
      vertex 47.95000000298023 -1.715606715836356 3.273010453362737
      vertex 48.05 -1.715606715836356 3.273010453362737
      vertex 47.95000000298023 -1.7944297669803992 3.3314696123025453
    endloop
  endfacet
  facet normal 0 -0.5956993044924345 -0.8032075314806442
    outer loop
      vertex 48.05 -1.715606715836356 3.273010453362737
      vertex 48.05 -1.7944297669803992 3.3314696123025453
      vertex 47.95000000298023 -1.7944297669803992 3.3314696123025453
    endloop
  endfacet
  facet normal 0 -0.5141027441932207 -0.8577286100002727
    outer loop
      vertex 47.95000000298023 -1.7944297669803992 3.3314696123025453
      vertex 48.05 -1.7944297669803992 3.3314696123025453
      vertex 47.95000000298023 -1.8786032631740037 3.381921264348355
    endloop
  endfacet
  facet normal 0 -0.5141027441932207 -0.8577286100002727
    outer loop
      vertex 48.05 -1.7944297669803992 3.3314696123025453
      vertex 48.05 -1.8786032631740037 3.381921264348355
      vertex 47.95000000298023 -1.8786032631740037 3.381921264348355
    endloop
  endfacet
  facet normal 0 -0.4275550934302846 -0.9039892931234421
    outer loop
      vertex 48.05 -1.8786032631740037 3.381921264348355
      vertex 48.05 -1.9673165676349116 3.423879532511287
      vertex 47.95000000298023 -1.9673165676349116 3.423879532511287
    endloop
  endfacet
  facet normal 0 -0.4275550934302846 -0.9039892931234421
    outer loop
      vertex 47.95000000298023 -1.8786032631740037 3.381921264348355
      vertex 48.05 -1.8786032631740037 3.381921264348355
      vertex 47.95000000298023 -1.9673165676349116 3.423879532511287
    endloop
  endfacet
  facet normal 0 -0.33688985339221605 -0.9415440651830221
    outer loop
      vertex 47.95000000298023 -2.059715322745539 3.4569403357322086
      vertex 47.95000000298023 -1.9673165676349116 3.423879532511287
      vertex 48.05 -1.9673165676349116 3.423879532511287
    endloop
  endfacet
  facet normal 0 -0.33688985339221605 -0.9415440651830221
    outer loop
      vertex 47.95000000298023 -2.059715322745539 3.4569403357322086
      vertex 48.05 -1.9673165676349116 3.423879532511287
      vertex 48.05 -2.059715322745539 3.4569403357322086
    endloop
  endfacet
  facet normal 0 0.6715589548470198 0.740951125354958
    outer loop
      vertex -48.05 2.015606715836353 1.7269895466372631
      vertex -48.05 1.9428932188134511 1.7928932188134525
      vertex 48.05 2.015606715836353 1.7269895466372631
    endloop
  endfacet
  facet normal 0 0.24298017990326412 0.9700312531945439
    outer loop
      vertex -48.05 2.359715322745536 1.5430596642677912
      vertex 48.05 2.45490967798387 1.5192147195967696
      vertex -48.05 2.45490967798387 1.5192147195967696
    endloop
  endfacet
  facet normal 0 0.14673047445536191 0.989176509964781
    outer loop
      vertex -48.05 2.45490967798387 1.5192147195967696
      vertex 48.05 2.551982859670438 1.504815273327803
      vertex -48.05 2.551982859670438 1.504815273327803
    endloop
  endfacet
  facet normal 0 0.04906767432741767 0.9987954562051724
    outer loop
      vertex -48.05 2.551982859670438 1.504815273327803
      vertex 48.05 2.6499999999999986 1.5
      vertex -48.05 2.6499999999999986 1.5
    endloop
  endfacet
  facet normal 0 -0.04906767432741767 0.9987954562051724
    outer loop
      vertex -48.05 2.6499999999999986 1.5
      vertex 48.05 2.748017140329559 1.504815273327803
      vertex -48.05 2.748017140329559 1.504815273327803
    endloop
  endfacet
  facet normal 0 -0.14673047445536191 0.989176509964781
    outer loop
      vertex -48.05 2.748017140329559 1.504815273327803
      vertex 48.05 2.845090322016127 1.5192147195967696
      vertex -48.05 2.845090322016127 1.5192147195967696
    endloop
  endfacet
  facet normal 0 0.3368898533922208 0.9415440651830205
    outer loop
      vertex -48.05 2.359715322745536 1.5430596642677912
      vertex -48.05 2.267316567634909 1.5761204674887133
      vertex 48.05 2.359715322745536 1.5430596642677912
    endloop
  endfacet
  facet normal 0 0.4275550934302827 0.9039892931234429
    outer loop
      vertex -48.05 2.267316567634909 1.5761204674887133
      vertex -48.05 2.178603263174001 1.618078735651645
      vertex 48.05 2.267316567634909 1.5761204674887133
    endloop
  endfacet
  facet normal 0 0.5141027441932196 0.8577286100002732
    outer loop
      vertex -48.05 2.178603263174001 1.618078735651645
      vertex -48.05 2.0944297669803964 1.6685303876974547
      vertex 48.05 2.178603263174001 1.618078735651645
    endloop
  endfacet
  facet normal 0 -0.24298017990326412 0.9700312531945439
    outer loop
      vertex -48.05 2.845090322016127 1.5192147195967696
      vertex 48.05 2.940284677254461 1.5430596642677912
      vertex -48.05 2.940284677254461 1.5430596642677912
    endloop
  endfacet
  facet normal 0 -0.3368898533922208 0.9415440651830205
    outer loop
      vertex -48.05 2.940284677254461 1.5430596642677912
      vertex 48.05 3.032683432365088 1.5761204674887133
      vertex -48.05 3.032683432365088 1.5761204674887133
    endloop
  endfacet
  facet normal 0 0.5956993044924334 0.8032075314806449
    outer loop
      vertex -48.05 2.015606715836353 1.7269895466372631
      vertex 48.05 2.0944297669803964 1.6685303876974547
      vertex -48.05 2.0944297669803964 1.6685303876974547
    endloop
  endfacet
  facet normal 0 -0.4275550934302827 0.9039892931234429
    outer loop
      vertex -48.05 3.032683432365088 1.5761204674887133
      vertex 48.05 3.121396736825996 1.618078735651645
      vertex -48.05 3.121396736825996 1.618078735651645
    endloop
  endfacet
  facet normal 0 -0.5141027441932196 0.8577286100002732
    outer loop
      vertex -48.05 3.121396736825996 1.618078735651645
      vertex 48.05 3.2055702330196008 1.6685303876974547
      vertex -48.05 3.2055702330196008 1.6685303876974547
    endloop
  endfacet
  facet normal 0 -0.5956993044924334 0.8032075314806449
    outer loop
      vertex -48.05 3.2055702330196008 1.6685303876974547
      vertex 48.05 3.2843932841636443 1.7269895466372631
      vertex -48.05 3.2843932841636443 1.7269895466372631
    endloop
  endfacet
  facet normal 1 0 0
    outer loop
      vertex -48.05 2.359715322745536 1.5430596642677912
      vertex -48.05 2.45490967798387 1.5192147195967696
      vertex -48.05 2.45490967798387 3.4807852804032304
    endloop
  endfacet
  facet normal 1 0 0
    outer loop
      vertex -48.05 2.45490967798387 1.5192147195967696
      vertex -48.05 2.551982859670438 1.504815273327803
      vertex -48.05 2.551982859670438 3.495184726672197
    endloop
  endfacet
  facet normal 1 0 0
    outer loop
      vertex -48.05 2.551982859670438 1.504815273327803
      vertex -48.05 2.6499999999999986 1.5
      vertex -48.05 2.6499999999999986 3.5
    endloop
  endfacet
  facet normal 1 0 0
    outer loop
      vertex -48.05 2.6499999999999986 1.5
      vertex -48.05 2.748017140329559 1.504815273327803
      vertex -48.05 2.748017140329559 3.495184726672197
    endloop
  endfacet
  facet normal 1 0 0
    outer loop
      vertex -48.05 2.748017140329559 1.504815273327803
      vertex -48.05 2.845090322016127 1.5192147195967696
      vertex -48.05 2.845090322016127 3.4807852804032304
    endloop
  endfacet
  facet normal 1 0 0
    outer loop
      vertex -48.05 2.845090322016127 1.5192147195967696
      vertex -48.05 2.940284677254461 1.5430596642677912
      vertex -48.05 2.940284677254461 3.4569403357322086
    endloop
  endfacet
  facet normal 1 0 0
    outer loop
      vertex -48.05 2.940284677254461 1.5430596642677912
      vertex -48.05 3.032683432365088 1.5761204674887133
      vertex -48.05 3.032683432365088 3.423879532511287
    endloop
  endfacet
  facet normal 1 0 0
    outer loop
      vertex -48.05 2.015606715836353 1.7269895466372631
      vertex -48.05 2.015606715836353 3.273010453362737
      vertex -48.05 1.9428932188134511 1.7928932188134525
    endloop
  endfacet
  facet normal 1 0 0
    outer loop
      vertex -48.05 1.9428932188134511 1.7928932188134525
      vertex -48.05 1.9428932188134511 3.2071067811865475
      vertex -48.05 1.8769895466372617 1.8656067158363545
    endloop
  endfacet
  facet normal 1 0 0
    outer loop
      vertex -48.05 1.8769895466372617 1.8656067158363545
      vertex -48.05 1.8769895466372617 3.1343932841636457
      vertex -48.05 1.8185303876974532 1.9444297669803978
    endloop
  endfacet
  facet normal 1 0 0
    outer loop
      vertex -48.05 1.8185303876974532 1.9444297669803978
      vertex -48.05 1.8185303876974532 3.055570233019602
      vertex -48.05 1.7680787356516436 2.0286032631740025
    endloop
  endfacet
  facet normal 1 0 0
    outer loop
      vertex -48.05 1.7680787356516436 2.0286032631740025
      vertex -48.05 1.7680787356516436 2.9713967368259975
      vertex -48.05 1.7261204674887118 2.1173165676349104
    endloop
  endfacet
  facet normal 1 0 0
    outer loop
      vertex -48.05 1.7261204674887118 2.1173165676349104
      vertex -48.05 1.7261204674887118 2.8826834323650896
      vertex -48.05 1.6930596642677898 2.2097153227455375
    endloop
  endfacet
  facet normal 1 0 0
    outer loop
      vertex -48.05 1.6930596642677898 2.2097153227455375
      vertex -48.05 1.6930596642677898 2.7902846772544625
      vertex -48.05 1.6692147195967681 2.3049096779838716
    endloop
  endfacet
  facet normal 1 0 0
    outer loop
      vertex -48.05 1.6692147195967681 2.3049096779838716
      vertex -48.05 1.6692147195967681 2.6950903220161284
      vertex -48.05 1.6548152733278017 2.4019828596704396
    endloop
  endfacet
  facet normal 1 0 0
    outer loop
      vertex -48.05 1.6548152733278017 2.4019828596704396
      vertex -48.05 1.6548152733278017 2.5980171403295604
      vertex -48.05 1.6499999999999986 2.5
    endloop
  endfacet
  facet normal 0 0.9987954562051725 0.04906767432741766
    outer loop
      vertex -48.05 1.6548152733278017 2.4019828596704396
      vertex -48.05 1.6499999999999986 2.5
      vertex -47.95000000298023 1.6499999999999986 2.5
    endloop
  endfacet
  facet normal 1 0 0
    outer loop
      vertex -48.05 1.6548152733278017 2.4019828596704396
      vertex -48.05 1.6692147195967681 2.6950903220161284
      vertex -48.05 1.6548152733278017 2.5980171403295604
    endloop
  endfacet
  facet normal 0 0.9987954562051725 -0.04906767432741766
    outer loop
      vertex -48.05 1.6499999999999986 2.5
      vertex -47.95000000298023 1.6548152733278017 2.5980171403295604
      vertex -47.95000000298023 1.6499999999999986 2.5
    endloop
  endfacet
  facet normal 0 0.9987954562051725 -0.04906767432741766
    outer loop
      vertex -48.05 1.6499999999999986 2.5
      vertex -48.05 1.6548152733278017 2.5980171403295604
      vertex -47.95000000298023 1.6548152733278017 2.5980171403295604
    endloop
  endfacet
  facet normal 1 0 0
    outer loop
      vertex -48.05 1.6692147195967681 2.3049096779838716
      vertex -48.05 1.6930596642677898 2.7902846772544625
      vertex -48.05 1.6692147195967681 2.6950903220161284
    endloop
  endfacet
  facet normal 1 0 0
    outer loop
      vertex -48.05 2.267316567634909 1.5761204674887133
      vertex -48.05 2.267316567634909 3.423879532511287
      vertex -48.05 2.178603263174001 1.618078735651645
    endloop
  endfacet
  facet normal 1 0 0
    outer loop
      vertex -48.05 2.178603263174001 1.618078735651645
      vertex -48.05 2.178603263174001 3.381921264348355
      vertex -48.05 2.0944297669803964 1.6685303876974547
    endloop
  endfacet
  facet normal 1 0 0
    outer loop
      vertex -48.05 2.359715322745536 1.5430596642677912
      vertex -48.05 2.359715322745536 3.4569403357322086
      vertex -48.05 2.267316567634909 1.5761204674887133
    endloop
  endfacet
  facet normal 1 0 0
    outer loop
      vertex -48.05 2.015606715836353 1.7269895466372631
      vertex -48.05 2.0944297669803964 1.6685303876974547
      vertex -48.05 2.0944297669803964 3.3314696123025453
    endloop
  endfacet
  facet normal 1 0 0
    outer loop
      vertex -48.05 3.032683432365088 1.5761204674887133
      vertex -48.05 3.121396736825996 1.618078735651645
      vertex -48.05 3.121396736825996 3.381921264348355
    endloop
  endfacet
  facet normal 1 0 0
    outer loop
      vertex -48.05 3.121396736825996 1.618078735651645
      vertex -48.05 3.2055702330196008 1.6685303876974547
      vertex -48.05 3.2055702330196008 3.3314696123025453
    endloop
  endfacet
  facet normal 1 0 0
    outer loop
      vertex -48.05 3.2055702330196008 1.6685303876974547
      vertex -48.05 3.2843932841636443 1.7269895466372631
      vertex -48.05 3.2843932841636443 3.273010453362737
    endloop
  endfacet
  facet normal 1 0 0
    outer loop
      vertex -48.05 3.2843932841636443 1.7269895466372631
      vertex -48.05 3.357106781186546 1.7928932188134525
      vertex -48.05 3.357106781186546 3.2071067811865475
    endloop
  endfacet
  facet normal 1 0 0
    outer loop
      vertex -48.05 3.357106781186546 1.7928932188134525
      vertex -48.05 3.4230104533627355 1.8656067158363545
      vertex -48.05 3.4230104533627355 3.1343932841636457
    endloop
  endfacet
  facet normal 1 0 0
    outer loop
      vertex -48.05 3.4230104533627355 1.8656067158363545
      vertex -48.05 3.481469612302544 1.9444297669803978
      vertex -48.05 3.481469612302544 3.055570233019602
    endloop
  endfacet
  facet normal 1 0 0
    outer loop
      vertex -48.05 3.481469612302544 1.9444297669803978
      vertex -48.05 3.5319212643483535 2.0286032631740025
      vertex -48.05 3.5319212643483535 2.9713967368259975
    endloop
  endfacet
  facet normal 1 0 0
    outer loop
      vertex -48.05 3.5319212643483535 2.0286032631740025
      vertex -48.05 3.5738795325112855 2.1173165676349104
      vertex -48.05 3.5738795325112855 2.8826834323650896
    endloop
  endfacet
  facet normal 1 0 0
    outer loop
      vertex -48.05 3.5738795325112855 2.1173165676349104
      vertex -48.05 3.606940335732207 2.2097153227455375
      vertex -48.05 3.606940335732207 2.7902846772544625
    endloop
  endfacet
  facet normal 1 0 0
    outer loop
      vertex -48.05 3.606940335732207 2.2097153227455375
      vertex -48.05 3.630785280403229 2.3049096779838716
      vertex -48.05 3.630785280403229 2.6950903220161284
    endloop
  endfacet
  facet normal 1 0 0
    outer loop
      vertex -48.05 3.630785280403229 2.3049096779838716
      vertex -48.05 3.6451847266721957 2.4019828596704396
      vertex -48.05 3.6451847266721957 2.5980171403295604
    endloop
  endfacet
  facet normal 1 0 0
    outer loop
      vertex -48.05 3.6451847266721957 2.4019828596704396
      vertex -48.05 3.6499999999999986 2.5
      vertex -48.05 3.6451847266721957 2.5980171403295604
    endloop
  endfacet
  facet normal 1 0 0
    outer loop
      vertex -48.05 3.630785280403229 2.3049096779838716
      vertex -48.05 3.6451847266721957 2.5980171403295604
      vertex -48.05 3.630785280403229 2.6950903220161284
    endloop
  endfacet
  facet normal 1 0 0
    outer loop
      vertex -48.05 3.606940335732207 2.2097153227455375
      vertex -48.05 3.630785280403229 2.6950903220161284
      vertex -48.05 3.606940335732207 2.7902846772544625
    endloop
  endfacet
  facet normal 0 -0.9987954562051725 -0.0490676743274154
    outer loop
      vertex -48.05 3.6499999999999986 2.5
      vertex -47.95000000298023 3.6499999999999986 2.5
      vertex -48.05 3.6451847266721957 2.5980171403295604
    endloop
  endfacet
  facet normal 0 -0.9987954562051725 -0.0490676743274154
    outer loop
      vertex -47.95000000298023 3.6499999999999986 2.5
      vertex -47.95000000298023 3.6451847266721957 2.5980171403295604
      vertex -48.05 3.6451847266721957 2.5980171403295604
    endloop
  endfacet
  facet normal 1 0 0
    outer loop
      vertex -48.05 3.5738795325112855 2.1173165676349104
      vertex -48.05 3.606940335732207 2.7902846772544625
      vertex -48.05 3.5738795325112855 2.8826834323650896
    endloop
  endfacet
  facet normal 1 0 0
    outer loop
      vertex -48.05 1.6930596642677898 2.2097153227455375
      vertex -48.05 1.7261204674887118 2.8826834323650896
      vertex -48.05 1.6930596642677898 2.7902846772544625
    endloop
  endfacet
  facet normal 1 0 0
    outer loop
      vertex -48.05 1.7261204674887118 2.1173165676349104
      vertex -48.05 1.7680787356516436 2.9713967368259975
      vertex -48.05 1.7261204674887118 2.8826834323650896
    endloop
  endfacet
  facet normal 0 0.989176509964781 -0.14673047445536191
    outer loop
      vertex -48.05 1.6548152733278017 2.5980171403295604
      vertex -47.95000000298023 1.6692147195967681 2.6950903220161284
      vertex -47.95000000298023 1.6548152733278017 2.5980171403295604
    endloop
  endfacet
  facet normal 0 0.989176509964781 -0.14673047445536191
    outer loop
      vertex -48.05 1.6548152733278017 2.5980171403295604
      vertex -48.05 1.6692147195967681 2.6950903220161284
      vertex -47.95000000298023 1.6692147195967681 2.6950903220161284
    endloop
  endfacet
  facet normal 1 0 0
    outer loop
      vertex -48.05 1.7680787356516436 2.0286032631740025
      vertex -48.05 1.8185303876974532 3.055570233019602
      vertex -48.05 1.7680787356516436 2.9713967368259975
    endloop
  endfacet
  facet normal 1 0 0
    outer loop
      vertex -48.05 1.8185303876974532 1.9444297669803978
      vertex -48.05 1.8769895466372617 3.1343932841636457
      vertex -48.05 1.8185303876974532 3.055570233019602
    endloop
  endfacet
  facet normal 0 0.970031253194544 -0.24298017990326412
    outer loop
      vertex -48.05 1.6692147195967681 2.6950903220161284
      vertex -47.95000000298023 1.6930596642677898 2.7902846772544625
      vertex -47.95000000298023 1.6692147195967681 2.6950903220161284
    endloop
  endfacet
  facet normal 1 0 0
    outer loop
      vertex -48.05 1.8769895466372617 1.8656067158363545
      vertex -48.05 1.9428932188134511 3.2071067811865475
      vertex -48.05 1.8769895466372617 3.1343932841636457
    endloop
  endfacet
  facet normal 1 0 0
    outer loop
      vertex -48.05 1.9428932188134511 1.7928932188134525
      vertex -48.05 2.015606715836353 3.273010453362737
      vertex -48.05 1.9428932188134511 3.2071067811865475
    endloop
  endfacet
  facet normal 1 0 0
    outer loop
      vertex -48.05 2.015606715836353 1.7269895466372631
      vertex -48.05 2.0944297669803964 3.3314696123025453
      vertex -48.05 2.015606715836353 3.273010453362737
    endloop
  endfacet
  facet normal 0 0.970031253194544 -0.24298017990326412
    outer loop
      vertex -48.05 1.6692147195967681 2.6950903220161284
      vertex -48.05 1.6930596642677898 2.7902846772544625
      vertex -47.95000000298023 1.6930596642677898 2.7902846772544625
    endloop
  endfacet
  facet normal 0 0.9415440651830205 -0.3368898533922208
    outer loop
      vertex -48.05 1.6930596642677898 2.7902846772544625
      vertex -47.95000000298023 1.7261204674887118 2.8826834323650896
      vertex -47.95000000298023 1.6930596642677898 2.7902846772544625
    endloop
  endfacet
  facet normal 0 0.9415440651830205 -0.3368898533922208
    outer loop
      vertex -48.05 1.6930596642677898 2.7902846772544625
      vertex -48.05 1.7261204674887118 2.8826834323650896
      vertex -47.95000000298023 1.7261204674887118 2.8826834323650896
    endloop
  endfacet
  facet normal 0 0.9039892931234431 -0.42755509343028275
    outer loop
      vertex -48.05 1.7261204674887118 2.8826834323650896
      vertex -47.95000000298023 1.7680787356516436 2.9713967368259975
      vertex -47.95000000298023 1.7261204674887118 2.8826834323650896
    endloop
  endfacet
  facet normal 0 0.9039892931234431 -0.42755509343028275
    outer loop
      vertex -48.05 1.7261204674887118 2.8826834323650896
      vertex -48.05 1.7680787356516436 2.9713967368259975
      vertex -47.95000000298023 1.7680787356516436 2.9713967368259975
    endloop
  endfacet
  facet normal 0 0.8577286100002733 -0.5141027441932197
    outer loop
      vertex -48.05 1.7680787356516436 2.9713967368259975
      vertex -47.95000000298023 1.8185303876974532 3.055570233019602
      vertex -47.95000000298023 1.7680787356516436 2.9713967368259975
    endloop
  endfacet
  facet normal 0 0.8577286100002733 -0.5141027441932197
    outer loop
      vertex -48.05 1.7680787356516436 2.9713967368259975
      vertex -48.05 1.8185303876974532 3.055570233019602
      vertex -47.95000000298023 1.8185303876974532 3.055570233019602
    endloop
  endfacet
  facet normal 1 0 0
    outer loop
      vertex -48.05 2.0944297669803964 1.6685303876974547
      vertex -48.05 2.178603263174001 3.381921264348355
      vertex -48.05 2.0944297669803964 3.3314696123025453
    endloop
  endfacet
  facet normal 1 0 0
    outer loop
      vertex -48.05 2.178603263174001 1.618078735651645
      vertex -48.05 2.267316567634909 3.423879532511287
      vertex -48.05 2.178603263174001 3.381921264348355
    endloop
  endfacet
  facet normal 1 0 0
    outer loop
      vertex -48.05 2.267316567634909 1.5761204674887133
      vertex -48.05 2.359715322745536 3.4569403357322086
      vertex -48.05 2.267316567634909 3.423879532511287
    endloop
  endfacet
  facet normal 1 0 0
    outer loop
      vertex -48.05 2.359715322745536 1.5430596642677912
      vertex -48.05 2.45490967798387 3.4807852804032304
      vertex -48.05 2.359715322745536 3.4569403357322086
    endloop
  endfacet
  facet normal 1 0 0
    outer loop
      vertex -48.05 2.45490967798387 1.5192147195967696
      vertex -48.05 2.551982859670438 3.495184726672197
      vertex -48.05 2.45490967798387 3.4807852804032304
    endloop
  endfacet
  facet normal 1 0 0
    outer loop
      vertex -48.05 2.551982859670438 1.504815273327803
      vertex -48.05 2.6499999999999986 3.5
      vertex -48.05 2.551982859670438 3.495184726672197
    endloop
  endfacet
  facet normal 1 0 0
    outer loop
      vertex -48.05 2.748017140329559 1.504815273327803
      vertex -48.05 2.845090322016127 3.4807852804032304
      vertex -48.05 2.748017140329559 3.495184726672197
    endloop
  endfacet
  facet normal 1 0 0
    outer loop
      vertex -48.05 2.6499999999999986 1.5
      vertex -48.05 2.748017140329559 3.495184726672197
      vertex -48.05 2.6499999999999986 3.5
    endloop
  endfacet
  facet normal 1 0 0
    outer loop
      vertex -48.05 3.032683432365088 1.5761204674887133
      vertex -48.05 3.121396736825996 3.381921264348355
      vertex -48.05 3.032683432365088 3.423879532511287
    endloop
  endfacet
  facet normal 1 0 0
    outer loop
      vertex -48.05 2.940284677254461 1.5430596642677912
      vertex -48.05 3.032683432365088 3.423879532511287
      vertex -48.05 2.940284677254461 3.4569403357322086
    endloop
  endfacet
  facet normal 1 0 0
    outer loop
      vertex -48.05 2.845090322016127 1.5192147195967696
      vertex -48.05 2.940284677254461 3.4569403357322086
      vertex -48.05 2.845090322016127 3.4807852804032304
    endloop
  endfacet
  facet normal 1 0 0
    outer loop
      vertex -48.05 3.5319212643483535 2.0286032631740025
      vertex -48.05 3.5738795325112855 2.8826834323650896
      vertex -48.05 3.5319212643483535 2.9713967368259975
    endloop
  endfacet
  facet normal 1 0 0
    outer loop
      vertex -48.05 3.481469612302544 1.9444297669803978
      vertex -48.05 3.5319212643483535 2.9713967368259975
      vertex -48.05 3.481469612302544 3.055570233019602
    endloop
  endfacet
  facet normal 1 0 0
    outer loop
      vertex -48.05 3.4230104533627355 1.8656067158363545
      vertex -48.05 3.481469612302544 3.055570233019602
      vertex -48.05 3.4230104533627355 3.1343932841636457
    endloop
  endfacet
  facet normal 1 0 0
    outer loop
      vertex -48.05 3.357106781186546 1.7928932188134525
      vertex -48.05 3.4230104533627355 3.1343932841636457
      vertex -48.05 3.357106781186546 3.2071067811865475
    endloop
  endfacet
  facet normal 0 -0.9891765099647807 -0.14673047445536413
    outer loop
      vertex -48.05 3.6451847266721957 2.5980171403295604
      vertex -47.95000000298023 3.6451847266721957 2.5980171403295604
      vertex -48.05 3.630785280403229 2.6950903220161284
    endloop
  endfacet
  facet normal 0 -0.9891765099647807 -0.14673047445536413
    outer loop
      vertex -47.95000000298023 3.6451847266721957 2.5980171403295604
      vertex -47.95000000298023 3.630785280403229 2.6950903220161284
      vertex -48.05 3.630785280403229 2.6950903220161284
    endloop
  endfacet
  facet normal 0 -0.9700312531945434 -0.24298017990326626
    outer loop
      vertex -48.05 3.630785280403229 2.6950903220161284
      vertex -47.95000000298023 3.630785280403229 2.6950903220161284
      vertex -48.05 3.606940335732207 2.7902846772544625
    endloop
  endfacet
  facet normal 1 0 0
    outer loop
      vertex -48.05 3.2843932841636443 1.7269895466372631
      vertex -48.05 3.357106781186546 3.2071067811865475
      vertex -48.05 3.2843932841636443 3.273010453362737
    endloop
  endfacet
  facet normal 1 0 0
    outer loop
      vertex -48.05 3.2055702330196008 1.6685303876974547
      vertex -48.05 3.2843932841636443 3.273010453362737
      vertex -48.05 3.2055702330196008 3.3314696123025453
    endloop
  endfacet
  facet normal 1 0 0
    outer loop
      vertex -48.05 3.121396736825996 1.618078735651645
      vertex -48.05 3.2055702330196008 3.3314696123025453
      vertex -48.05 3.121396736825996 3.381921264348355
    endloop
  endfacet
  facet normal 0 -0.9700312531945434 -0.24298017990326626
    outer loop
      vertex -47.95000000298023 3.630785280403229 2.6950903220161284
      vertex -47.95000000298023 3.606940335732207 2.7902846772544625
      vertex -48.05 3.606940335732207 2.7902846772544625
    endloop
  endfacet
  facet normal 0 -0.941544065183022 -0.33688985339221683
    outer loop
      vertex -48.05 3.606940335732207 2.7902846772544625
      vertex -47.95000000298023 3.606940335732207 2.7902846772544625
      vertex -48.05 3.5738795325112855 2.8826834323650896
    endloop
  endfacet
  facet normal 0 -0.9039892931234421 -0.4275550934302846
    outer loop
      vertex -48.05 3.5738795325112855 2.8826834323650896
      vertex -47.95000000298023 3.5738795325112855 2.8826834323650896
      vertex -48.05 3.5319212643483535 2.9713967368259975
    endloop
  endfacet
  facet normal 0 -0.9039892931234421 -0.4275550934302846
    outer loop
      vertex -47.95000000298023 3.5738795325112855 2.8826834323650896
      vertex -47.95000000298023 3.5319212643483535 2.9713967368259975
      vertex -48.05 3.5319212643483535 2.9713967368259975
    endloop
  endfacet
  facet normal 0 -0.941544065183022 -0.33688985339221683
    outer loop
      vertex -47.95000000298023 3.606940335732207 2.7902846772544625
      vertex -47.95000000298023 3.5738795325112855 2.8826834323650896
      vertex -48.05 3.5738795325112855 2.8826834323650896
    endloop
  endfacet
  facet normal 0 -0.8577286100002733 -0.5141027441932197
    outer loop
      vertex -48.05 3.5319212643483535 2.9713967368259975
      vertex -47.95000000298023 3.5319212643483535 2.9713967368259975
      vertex -48.05 3.481469612302544 3.055570233019602
    endloop
  endfacet
  facet normal 0 -0.8577286100002733 -0.5141027441932197
    outer loop
      vertex -47.95000000298023 3.5319212643483535 2.9713967368259975
      vertex -47.95000000298023 3.481469612302544 3.055570233019602
      vertex -48.05 3.481469612302544 3.055570233019602
    endloop
  endfacet
  facet normal 0 0.8032075314806449 -0.5956993044924332
    outer loop
      vertex -48.05 1.8185303876974532 3.055570233019602
      vertex -47.95000000298023 1.8769895466372617 3.1343932841636457
      vertex -47.95000000298023 1.8185303876974532 3.055570233019602
    endloop
  endfacet
  facet normal 0 0.8032075314806449 -0.5956993044924332
    outer loop
      vertex -48.05 1.8185303876974532 3.055570233019602
      vertex -48.05 1.8769895466372617 3.1343932841636457
      vertex -47.95000000298023 1.8769895466372617 3.1343932841636457
    endloop
  endfacet
  facet normal 0 0.7409511253549579 -0.6715589548470197
    outer loop
      vertex -48.05 1.8769895466372617 3.1343932841636457
      vertex -47.95000000298023 1.9428932188134511 3.2071067811865475
      vertex -47.95000000298023 1.8769895466372617 3.1343932841636457
    endloop
  endfacet
  facet normal 0 0.7409511253549579 -0.6715589548470197
    outer loop
      vertex -48.05 1.8769895466372617 3.1343932841636457
      vertex -48.05 1.9428932188134511 3.2071067811865475
      vertex -47.95000000298023 1.9428932188134511 3.2071067811865475
    endloop
  endfacet
  facet normal 0 0.6715589548470197 -0.7409511253549579
    outer loop
      vertex -48.05 1.9428932188134511 3.2071067811865475
      vertex -47.95000000298023 2.015606715836353 3.273010453362737
      vertex -47.95000000298023 1.9428932188134511 3.2071067811865475
    endloop
  endfacet
  facet normal 0 0.6715589548470197 -0.7409511253549579
    outer loop
      vertex -48.05 1.9428932188134511 3.2071067811865475
      vertex -48.05 2.015606715836353 3.273010453362737
      vertex -47.95000000298023 2.015606715836353 3.273010453362737
    endloop
  endfacet
  facet normal 0 0.5956993044924332 -0.8032075314806449
    outer loop
      vertex -48.05 2.015606715836353 3.273010453362737
      vertex -47.95000000298023 2.0944297669803964 3.3314696123025453
      vertex -47.95000000298023 2.015606715836353 3.273010453362737
    endloop
  endfacet
  facet normal 0 -0.8032075314806449 -0.5956993044924332
    outer loop
      vertex -48.05 3.481469612302544 3.055570233019602
      vertex -47.95000000298023 3.481469612302544 3.055570233019602
      vertex -48.05 3.4230104533627355 3.1343932841636457
    endloop
  endfacet
  facet normal 0 -0.8032075314806449 -0.5956993044924332
    outer loop
      vertex -47.95000000298023 3.481469612302544 3.055570233019602
      vertex -47.95000000298023 3.4230104533627355 3.1343932841636457
      vertex -48.05 3.4230104533627355 3.1343932841636457
    endloop
  endfacet
  facet normal 0 -0.7409511253549579 -0.6715589548470197
    outer loop
      vertex -48.05 3.4230104533627355 3.1343932841636457
      vertex -47.95000000298023 3.4230104533627355 3.1343932841636457
      vertex -48.05 3.357106781186546 3.2071067811865475
    endloop
  endfacet
  facet normal 0 -0.7409511253549579 -0.6715589548470197
    outer loop
      vertex -47.95000000298023 3.4230104533627355 3.1343932841636457
      vertex -47.95000000298023 3.357106781186546 3.2071067811865475
      vertex -48.05 3.357106781186546 3.2071067811865475
    endloop
  endfacet
  facet normal 0 -0.6715589548470197 -0.7409511253549579
    outer loop
      vertex -47.95000000298023 3.357106781186546 3.2071067811865475
      vertex -47.95000000298023 3.2843932841636443 3.273010453362737
      vertex -48.05 3.2843932841636443 3.273010453362737
    endloop
  endfacet
  facet normal 0 -0.6715589548470197 -0.7409511253549579
    outer loop
      vertex -48.05 3.357106781186546 3.2071067811865475
      vertex -47.95000000298023 3.357106781186546 3.2071067811865475
      vertex -48.05 3.2843932841636443 3.273010453362737
    endloop
  endfacet
  facet normal 0 0.5956993044924332 -0.8032075314806449
    outer loop
      vertex -48.05 2.015606715836353 3.273010453362737
      vertex -48.05 2.0944297669803964 3.3314696123025453
      vertex -47.95000000298023 2.0944297669803964 3.3314696123025453
    endloop
  endfacet
  facet normal 0 0.5141027441932197 -0.8577286100002733
    outer loop
      vertex -48.05 2.0944297669803964 3.3314696123025453
      vertex -47.95000000298023 2.178603263174001 3.381921264348355
      vertex -47.95000000298023 2.0944297669803964 3.3314696123025453
    endloop
  endfacet
  facet normal 0 0.5141027441932197 -0.8577286100002733
    outer loop
      vertex -48.05 2.0944297669803964 3.3314696123025453
      vertex -48.05 2.178603263174001 3.381921264348355
      vertex -47.95000000298023 2.178603263174001 3.381921264348355
    endloop
  endfacet
  facet normal 0 0.4275550934302846 -0.9039892931234421
    outer loop
      vertex -48.05 2.178603263174001 3.381921264348355
      vertex -47.95000000298023 2.267316567634909 3.423879532511287
      vertex -47.95000000298023 2.178603263174001 3.381921264348355
    endloop
  endfacet
  facet normal 0 0.4275550934302846 -0.9039892931234421
    outer loop
      vertex -48.05 2.178603263174001 3.381921264348355
      vertex -48.05 2.267316567634909 3.423879532511287
      vertex -47.95000000298023 2.267316567634909 3.423879532511287
    endloop
  endfacet
  facet normal 0 0.33688985339221683 -0.941544065183022
    outer loop
      vertex -48.05 2.267316567634909 3.423879532511287
      vertex -47.95000000298023 2.359715322745536 3.4569403357322086
      vertex -47.95000000298023 2.267316567634909 3.423879532511287
    endloop
  endfacet
  facet normal 0 0.33688985339221683 -0.941544065183022
    outer loop
      vertex -48.05 2.267316567634909 3.423879532511287
      vertex -48.05 2.359715322745536 3.4569403357322086
      vertex -47.95000000298023 2.359715322745536 3.4569403357322086
    endloop
  endfacet
  facet normal 0 0.24298017990326626 -0.9700312531945434
    outer loop
      vertex -48.05 2.359715322745536 3.4569403357322086
      vertex -47.95000000298023 2.45490967798387 3.4807852804032304
      vertex -47.95000000298023 2.359715322745536 3.4569403357322086
    endloop
  endfacet
  facet normal 0 0.24298017990326626 -0.9700312531945434
    outer loop
      vertex -48.05 2.359715322745536 3.4569403357322086
      vertex -48.05 2.45490967798387 3.4807852804032304
      vertex -47.95000000298023 2.45490967798387 3.4807852804032304
    endloop
  endfacet
  facet normal 0 0.14673047445536413 -0.9891765099647807
    outer loop
      vertex -48.05 2.45490967798387 3.4807852804032304
      vertex -47.95000000298023 2.551982859670438 3.495184726672197
      vertex -47.95000000298023 2.45490967798387 3.4807852804032304
    endloop
  endfacet
  facet normal 0 0.14673047445536413 -0.9891765099647807
    outer loop
      vertex -48.05 2.45490967798387 3.4807852804032304
      vertex -48.05 2.551982859670438 3.495184726672197
      vertex -47.95000000298023 2.551982859670438 3.495184726672197
    endloop
  endfacet
  facet normal 0 -0.4275550934302846 -0.9039892931234421
    outer loop
      vertex -48.05 3.032683432365088 3.423879532511287
      vertex -47.95000000298023 3.121396736825996 3.381921264348355
      vertex -47.95000000298023 3.032683432365088 3.423879532511287
    endloop
  endfacet
  facet normal 0 -0.33688985339221683 -0.941544065183022
    outer loop
      vertex -48.05 3.032683432365088 3.423879532511287
      vertex -47.95000000298023 3.032683432365088 3.423879532511287
      vertex -48.05 2.940284677254461 3.4569403357322086
    endloop
  endfacet
  facet normal 0 0.0490676743274154 -0.9987954562051725
    outer loop
      vertex -48.05 2.551982859670438 3.495184726672197
      vertex -47.95000000298023 2.6499999999999986 3.5
      vertex -47.95000000298023 2.551982859670438 3.495184726672197
    endloop
  endfacet
  facet normal 0 0.0490676743274154 -0.9987954562051725
    outer loop
      vertex -48.05 2.551982859670438 3.495184726672197
      vertex -48.05 2.6499999999999986 3.5
      vertex -47.95000000298023 2.6499999999999986 3.5
    endloop
  endfacet
  facet normal 0 -0.0490676743274154 -0.9987954562051725
    outer loop
      vertex -47.95000000298023 2.748017140329559 3.495184726672197
      vertex -47.95000000298023 2.6499999999999986 3.5
      vertex -48.05 2.6499999999999986 3.5
    endloop
  endfacet
  facet normal 0 -0.0490676743274154 -0.9987954562051725
    outer loop
      vertex -48.05 2.748017140329559 3.495184726672197
      vertex -47.95000000298023 2.748017140329559 3.495184726672197
      vertex -48.05 2.6499999999999986 3.5
    endloop
  endfacet
  facet normal 0 -0.14673047445536413 -0.9891765099647807
    outer loop
      vertex -47.95000000298023 2.845090322016127 3.4807852804032304
      vertex -47.95000000298023 2.748017140329559 3.495184726672197
      vertex -48.05 2.748017140329559 3.495184726672197
    endloop
  endfacet
  facet normal 0 -0.24298017990326626 -0.9700312531945434
    outer loop
      vertex -48.05 2.845090322016127 3.4807852804032304
      vertex -48.05 2.940284677254461 3.4569403357322086
      vertex -47.95000000298023 2.940284677254461 3.4569403357322086
    endloop
  endfacet
  facet normal 0 -0.33688985339221683 -0.941544065183022
    outer loop
      vertex -47.95000000298023 3.032683432365088 3.423879532511287
      vertex -47.95000000298023 2.940284677254461 3.4569403357322086
      vertex -48.05 2.940284677254461 3.4569403357322086
    endloop
  endfacet
  facet normal 0 -0.14673047445536413 -0.9891765099647807
    outer loop
      vertex -48.05 2.845090322016127 3.4807852804032304
      vertex -47.95000000298023 2.845090322016127 3.4807852804032304
      vertex -48.05 2.748017140329559 3.495184726672197
    endloop
  endfacet
  facet normal 0 -0.24298017990326626 -0.9700312531945434
    outer loop
      vertex -48.05 2.845090322016127 3.4807852804032304
      vertex -47.95000000298023 2.940284677254461 3.4569403357322086
      vertex -47.95000000298023 2.845090322016127 3.4807852804032304
    endloop
  endfacet
  facet normal 0 -0.5956993044924332 -0.8032075314806449
    outer loop
      vertex -48.05 3.2843932841636443 3.273010453362737
      vertex -47.95000000298023 3.2843932841636443 3.273010453362737
      vertex -48.05 3.2055702330196008 3.3314696123025453
    endloop
  endfacet
  facet normal 0 -0.5956993044924332 -0.8032075314806449
    outer loop
      vertex -47.95000000298023 3.2843932841636443 3.273010453362737
      vertex -47.95000000298023 3.2055702330196008 3.3314696123025453
      vertex -48.05 3.2055702330196008 3.3314696123025453
    endloop
  endfacet
  facet normal 0 -0.5141027441932197 -0.8577286100002733
    outer loop
      vertex -48.05 3.2055702330196008 3.3314696123025453
      vertex -47.95000000298023 3.2055702330196008 3.3314696123025453
      vertex -48.05 3.121396736825996 3.381921264348355
    endloop
  endfacet
  facet normal 0 -0.5141027441932197 -0.8577286100002733
    outer loop
      vertex -47.95000000298023 3.2055702330196008 3.3314696123025453
      vertex -47.95000000298023 3.121396736825996 3.381921264348355
      vertex -48.05 3.121396736825996 3.381921264348355
    endloop
  endfacet
  facet normal 0 -0.4275550934302846 -0.9039892931234421
    outer loop
      vertex -48.05 3.032683432365088 3.423879532511287
      vertex -48.05 3.121396736825996 3.381921264348355
      vertex -47.95000000298023 3.121396736825996 3.381921264348355
    endloop
  endfacet
  facet normal 0 0.740951125354959 0.6715589548470186
    outer loop
      vertex -48.05 1.9428932188134511 1.7928932188134525
      vertex -48.05 1.8769895466372617 1.8656067158363545
      vertex 48.05 1.8769895466372617 1.8656067158363545
    endloop
  endfacet
  facet normal 0 0.803207531480644 0.5956993044924344
    outer loop
      vertex -48.05 1.8769895466372617 1.8656067158363545
      vertex -48.05 1.8185303876974532 1.9444297669803978
      vertex 48.05 1.8185303876974532 1.9444297669803978
    endloop
  endfacet
  facet normal 0 0.8577286100002732 0.5141027441932196
    outer loop
      vertex -48.05 1.8185303876974532 1.9444297669803978
      vertex -48.05 1.7680787356516436 2.0286032631740025
      vertex 48.05 1.7680787356516436 2.0286032631740025
    endloop
  endfacet
  facet normal 0 0.9039892931234429 0.4275550934302827
    outer loop
      vertex -48.05 1.7680787356516436 2.0286032631740025
      vertex -48.05 1.7261204674887118 2.1173165676349104
      vertex 48.05 1.7261204674887118 2.1173165676349104
    endloop
  endfacet
  facet normal 0 0.9415440651830205 0.3368898533922208
    outer loop
      vertex -48.05 1.7261204674887118 2.1173165676349104
      vertex -48.05 1.6930596642677898 2.2097153227455375
      vertex 48.05 1.6930596642677898 2.2097153227455375
    endloop
  endfacet
  facet normal 0 -0.6715589548470198 0.740951125354958
    outer loop
      vertex -48.05 3.2843932841636443 1.7269895466372631
      vertex 48.05 3.357106781186546 1.7928932188134525
      vertex -48.05 3.357106781186546 1.7928932188134525
    endloop
  endfacet
  facet normal 0 -0.740951125354959 0.6715589548470186
    outer loop
      vertex -48.05 3.357106781186546 1.7928932188134525
      vertex 48.05 3.357106781186546 1.7928932188134525
      vertex -48.05 3.4230104533627355 1.8656067158363545
    endloop
  endfacet
  facet normal 0 -0.803207531480644 0.5956993044924344
    outer loop
      vertex -48.05 3.4230104533627355 1.8656067158363545
      vertex 48.05 3.4230104533627355 1.8656067158363545
      vertex -48.05 3.481469612302544 1.9444297669803978
    endloop
  endfacet
  facet normal 0 -0.8577286100002732 0.5141027441932196
    outer loop
      vertex -48.05 3.481469612302544 1.9444297669803978
      vertex 48.05 3.481469612302544 1.9444297669803978
      vertex -48.05 3.5319212643483535 2.0286032631740025
    endloop
  endfacet
  facet normal 0 -0.903989293123442 0.4275550934302845
    outer loop
      vertex -48.05 3.5319212643483535 2.0286032631740025
      vertex 48.05 3.5319212643483535 2.0286032631740025
      vertex -48.05 3.5738795325112855 2.1173165676349104
    endloop
  endfacet
  facet normal 0 -0.9415440651830219 0.3368898533922167
    outer loop
      vertex -48.05 3.5738795325112855 2.1173165676349104
      vertex 48.05 3.5738795325112855 2.1173165676349104
      vertex -48.05 3.606940335732207 2.2097153227455375
    endloop
  endfacet
  facet normal 0 0.9700312531945439 0.24298017990326412
    outer loop
      vertex -48.05 1.6930596642677898 2.2097153227455375
      vertex -48.05 1.6692147195967681 2.3049096779838716
      vertex 48.05 1.6692147195967681 2.3049096779838716
    endloop
  endfacet
  facet normal 0 0.989176509964781 0.14673047445536191
    outer loop
      vertex -48.05 1.6692147195967681 2.3049096779838716
      vertex -48.05 1.6548152733278017 2.4019828596704396
      vertex 48.05 1.6548152733278017 2.4019828596704396
    endloop
  endfacet
  facet normal 0 0.9987954562051724 0.04906767432741767
    outer loop
      vertex -48.05 1.6548152733278017 2.4019828596704396
      vertex -47.95000000298023 1.6499999999999986 2.5
      vertex 47.95000000298023 1.6499999999999986 2.5
    endloop
  endfacet
  facet normal 0 -0.9700312531945433 0.24298017990326626
    outer loop
      vertex -48.05 3.606940335732207 2.2097153227455375
      vertex 48.05 3.606940335732207 2.2097153227455375
      vertex -48.05 3.630785280403229 2.3049096779838716
    endloop
  endfacet
  facet normal 0 -0.9891765099647807 0.1467304744553641
    outer loop
      vertex -48.05 3.630785280403229 2.3049096779838716
      vertex 48.05 3.630785280403229 2.3049096779838716
      vertex -48.05 3.6451847266721957 2.4019828596704396
    endloop
  endfacet
  facet normal 0 -0.9987954562051725 0.04906767432741541
    outer loop
      vertex -48.05 3.6451847266721957 2.4019828596704396
      vertex 48.05 3.6451847266721957 2.4019828596704396
      vertex -48.05 3.6499999999999986 2.5
    endloop
  endfacet
  facet normal 0 -0.9987954562051725 0.0490676743274154
    outer loop
      vertex -48.05 3.6499999999999986 2.5
      vertex 48.05 3.6451847266721957 2.4019828596704396
      vertex -47.95000000298023 3.6499999999999986 2.5
    endloop
  endfacet
  facet normal 0 0.5956993044924334 0.8032075314806449
    outer loop
      vertex -48.05 2.015606715836353 1.7269895466372631
      vertex 48.05 2.015606715836353 1.7269895466372631
      vertex 48.05 2.0944297669803964 1.6685303876974547
    endloop
  endfacet
  facet normal 0 0.14673047445536191 0.989176509964781
    outer loop
      vertex -48.05 2.45490967798387 1.5192147195967696
      vertex 48.05 2.45490967798387 1.5192147195967696
      vertex 48.05 2.551982859670438 1.504815273327803
    endloop
  endfacet
  facet normal 0 0.04906767432741767 0.9987954562051724
    outer loop
      vertex -48.05 2.551982859670438 1.504815273327803
      vertex 48.05 2.551982859670438 1.504815273327803
      vertex 48.05 2.6499999999999986 1.5
    endloop
  endfacet
  facet normal 0 -0.04906767432741767 0.9987954562051724
    outer loop
      vertex -48.05 2.6499999999999986 1.5
      vertex 48.05 2.6499999999999986 1.5
      vertex 48.05 2.748017140329559 1.504815273327803
    endloop
  endfacet
  facet normal 0 -0.14673047445536191 0.989176509964781
    outer loop
      vertex -48.05 2.748017140329559 1.504815273327803
      vertex 48.05 2.748017140329559 1.504815273327803
      vertex 48.05 2.845090322016127 1.5192147195967696
    endloop
  endfacet
  facet normal 0 -0.24298017990326412 0.9700312531945439
    outer loop
      vertex -48.05 2.845090322016127 1.5192147195967696
      vertex 48.05 2.845090322016127 1.5192147195967696
      vertex 48.05 2.940284677254461 1.5430596642677912
    endloop
  endfacet
  facet normal 0 0.3368898533922208 0.9415440651830205
    outer loop
      vertex -48.05 2.267316567634909 1.5761204674887133
      vertex 48.05 2.267316567634909 1.5761204674887133
      vertex 48.05 2.359715322745536 1.5430596642677912
    endloop
  endfacet
  facet normal 0 0.24298017990326412 0.9700312531945439
    outer loop
      vertex -48.05 2.359715322745536 1.5430596642677912
      vertex 48.05 2.359715322745536 1.5430596642677912
      vertex 48.05 2.45490967798387 1.5192147195967696
    endloop
  endfacet
  facet normal 0 0.4275550934302827 0.9039892931234429
    outer loop
      vertex -48.05 2.178603263174001 1.618078735651645
      vertex 48.05 2.178603263174001 1.618078735651645
      vertex 48.05 2.267316567634909 1.5761204674887133
    endloop
  endfacet
  facet normal 0 -0.3368898533922208 0.9415440651830205
    outer loop
      vertex -48.05 2.940284677254461 1.5430596642677912
      vertex 48.05 2.940284677254461 1.5430596642677912
      vertex 48.05 3.032683432365088 1.5761204674887133
    endloop
  endfacet
  facet normal 0 -0.4275550934302827 0.9039892931234429
    outer loop
      vertex -48.05 3.032683432365088 1.5761204674887133
      vertex 48.05 3.032683432365088 1.5761204674887133
      vertex 48.05 3.121396736825996 1.618078735651645
    endloop
  endfacet
  facet normal 0 0.5141027441932196 0.8577286100002732
    outer loop
      vertex -48.05 2.0944297669803964 1.6685303876974547
      vertex 48.05 2.0944297669803964 1.6685303876974547
      vertex 48.05 2.178603263174001 1.618078735651645
    endloop
  endfacet
  facet normal 0 -0.5141027441932196 0.8577286100002732
    outer loop
      vertex -48.05 3.121396736825996 1.618078735651645
      vertex 48.05 3.121396736825996 1.618078735651645
      vertex 48.05 3.2055702330196008 1.6685303876974547
    endloop
  endfacet
  facet normal 0 -0.5956993044924334 0.8032075314806449
    outer loop
      vertex -48.05 3.2055702330196008 1.6685303876974547
      vertex 48.05 3.2055702330196008 1.6685303876974547
      vertex 48.05 3.2843932841636443 1.7269895466372631
    endloop
  endfacet
  facet normal 0 -0.6715589548470198 0.740951125354958
    outer loop
      vertex -48.05 3.2843932841636443 1.7269895466372631
      vertex 48.05 3.2843932841636443 1.7269895466372631
      vertex 48.05 3.357106781186546 1.7928932188134525
    endloop
  endfacet
  facet normal 0 0.6715589548470198 0.740951125354958
    outer loop
      vertex -48.05 1.9428932188134511 1.7928932188134525
      vertex 48.05 1.9428932188134511 1.7928932188134525
      vertex 48.05 2.015606715836353 1.7269895466372631
    endloop
  endfacet
  facet normal 0 0.740951125354959 0.6715589548470186
    outer loop
      vertex -48.05 1.9428932188134511 1.7928932188134525
      vertex 48.05 1.8769895466372617 1.8656067158363545
      vertex 48.05 1.9428932188134511 1.7928932188134525
    endloop
  endfacet
  facet normal 0 0.803207531480644 0.5956993044924344
    outer loop
      vertex -48.05 1.8769895466372617 1.8656067158363545
      vertex 48.05 1.8185303876974532 1.9444297669803978
      vertex 48.05 1.8769895466372617 1.8656067158363545
    endloop
  endfacet
  facet normal 0 0.8577286100002732 0.5141027441932196
    outer loop
      vertex -48.05 1.8185303876974532 1.9444297669803978
      vertex 48.05 1.7680787356516436 2.0286032631740025
      vertex 48.05 1.8185303876974532 1.9444297669803978
    endloop
  endfacet
  facet normal 0 0.9039892931234429 0.4275550934302827
    outer loop
      vertex -48.05 1.7680787356516436 2.0286032631740025
      vertex 48.05 1.7261204674887118 2.1173165676349104
      vertex 48.05 1.7680787356516436 2.0286032631740025
    endloop
  endfacet
  facet normal 0 0.9415440651830205 0.3368898533922208
    outer loop
      vertex -48.05 1.7261204674887118 2.1173165676349104
      vertex 48.05 1.6930596642677898 2.2097153227455375
      vertex 48.05 1.7261204674887118 2.1173165676349104
    endloop
  endfacet
  facet normal 0 -0.740951125354959 0.6715589548470186
    outer loop
      vertex -48.05 3.4230104533627355 1.8656067158363545
      vertex 48.05 3.357106781186546 1.7928932188134525
      vertex 48.05 3.4230104533627355 1.8656067158363545
    endloop
  endfacet
  facet normal 0 -0.803207531480644 0.5956993044924344
    outer loop
      vertex -48.05 3.481469612302544 1.9444297669803978
      vertex 48.05 3.4230104533627355 1.8656067158363545
      vertex 48.05 3.481469612302544 1.9444297669803978
    endloop
  endfacet
  facet normal 0 -0.8577286100002732 0.5141027441932196
    outer loop
      vertex -48.05 3.5319212643483535 2.0286032631740025
      vertex 48.05 3.481469612302544 1.9444297669803978
      vertex 48.05 3.5319212643483535 2.0286032631740025
    endloop
  endfacet
  facet normal 0 -0.903989293123442 0.4275550934302845
    outer loop
      vertex -48.05 3.5738795325112855 2.1173165676349104
      vertex 48.05 3.5319212643483535 2.0286032631740025
      vertex 48.05 3.5738795325112855 2.1173165676349104
    endloop
  endfacet
  facet normal 0 -0.9415440651830219 0.3368898533922167
    outer loop
      vertex -48.05 3.606940335732207 2.2097153227455375
      vertex 48.05 3.5738795325112855 2.1173165676349104
      vertex 48.05 3.606940335732207 2.2097153227455375
    endloop
  endfacet
  facet normal 0 0.9700312531945439 0.24298017990326412
    outer loop
      vertex -48.05 1.6930596642677898 2.2097153227455375
      vertex 48.05 1.6692147195967681 2.3049096779838716
      vertex 48.05 1.6930596642677898 2.2097153227455375
    endloop
  endfacet
  facet normal 0 0.989176509964781 0.14673047445536191
    outer loop
      vertex -48.05 1.6692147195967681 2.3049096779838716
      vertex 48.05 1.6548152733278017 2.4019828596704396
      vertex 48.05 1.6692147195967681 2.3049096779838716
    endloop
  endfacet
  facet normal 0 0.9987954562051724 0.04906767432741767
    outer loop
      vertex -48.05 1.6548152733278017 2.4019828596704396
      vertex 48.05 1.6499999999999986 2.5
      vertex 48.05 1.6548152733278017 2.4019828596704396
    endloop
  endfacet
  facet normal 0 0.9987954562051725 0.049067674327416856
    outer loop
      vertex -48.05 1.6548152733278017 2.4019828596704396
      vertex 47.95000000298023 1.6499999999999986 2.5
      vertex 48.05 1.6499999999999986 2.5
    endloop
  endfacet
  facet normal 0 -0.9700312531945433 0.24298017990326626
    outer loop
      vertex -48.05 3.630785280403229 2.3049096779838716
      vertex 48.05 3.606940335732207 2.2097153227455375
      vertex 48.05 3.630785280403229 2.3049096779838716
    endloop
  endfacet
  facet normal 0 -0.9891765099647807 0.1467304744553641
    outer loop
      vertex -48.05 3.6451847266721957 2.4019828596704396
      vertex 48.05 3.630785280403229 2.3049096779838716
      vertex 48.05 3.6451847266721957 2.4019828596704396
    endloop
  endfacet
  facet normal 0 -0.9987954562051725 0.04906767432741541
    outer loop
      vertex -47.95000000298023 3.6499999999999986 2.5
      vertex 48.05 3.6451847266721957 2.4019828596704396
      vertex 47.95000000298023 3.6499999999999986 2.5
    endloop
  endfacet
  facet normal -1 0 0
    outer loop
      vertex 48.05 2.359715322745536 1.5430596642677912
      vertex 48.05 2.267316567634909 1.5761204674887133
      vertex 48.05 2.267316567634909 3.423879532511287
    endloop
  endfacet
  facet normal -1 0 0
    outer loop
      vertex 48.05 2.359715322745536 1.5430596642677912
      vertex 48.05 2.359715322745536 3.4569403357322086
      vertex 48.05 2.45490967798387 1.5192147195967696
    endloop
  endfacet
  facet normal -1 0 0
    outer loop
      vertex 48.05 2.45490967798387 1.5192147195967696
      vertex 48.05 2.45490967798387 3.4807852804032304
      vertex 48.05 2.551982859670438 1.504815273327803
    endloop
  endfacet
  facet normal -1 0 0
    outer loop
      vertex 48.05 2.551982859670438 1.504815273327803
      vertex 48.05 2.551982859670438 3.495184726672197
      vertex 48.05 2.6499999999999986 1.5
    endloop
  endfacet
  facet normal -1 0 0
    outer loop
      vertex 48.05 2.6499999999999986 1.5
      vertex 48.05 2.6499999999999986 3.5
      vertex 48.05 2.748017140329559 1.504815273327803
    endloop
  endfacet
  facet normal -1 0 0
    outer loop
      vertex 48.05 2.748017140329559 1.504815273327803
      vertex 48.05 2.748017140329559 3.495184726672197
      vertex 48.05 2.845090322016127 1.5192147195967696
    endloop
  endfacet
  facet normal -1 0 0
    outer loop
      vertex 48.05 2.845090322016127 1.5192147195967696
      vertex 48.05 2.845090322016127 3.4807852804032304
      vertex 48.05 2.940284677254461 1.5430596642677912
    endloop
  endfacet
  facet normal -1 0 0
    outer loop
      vertex 48.05 2.015606715836353 1.7269895466372631
      vertex 48.05 2.015606715836353 3.273010453362737
      vertex 48.05 2.0944297669803964 1.6685303876974547
    endloop
  endfacet
  facet normal -1 0 0
    outer loop
      vertex 48.05 1.9428932188134511 1.7928932188134525
      vertex 48.05 1.8769895466372617 1.8656067158363545
      vertex 48.05 1.8769895466372617 3.1343932841636457
    endloop
  endfacet
  facet normal -1 0 0
    outer loop
      vertex 48.05 2.015606715836353 1.7269895466372631
      vertex 48.05 1.9428932188134511 1.7928932188134525
      vertex 48.05 1.9428932188134511 3.2071067811865475
    endloop
  endfacet
  facet normal -1 0 0
    outer loop
      vertex 48.05 1.8769895466372617 1.8656067158363545
      vertex 48.05 1.8185303876974532 1.9444297669803978
      vertex 48.05 1.8185303876974532 3.055570233019602
    endloop
  endfacet
  facet normal -1 0 0
    outer loop
      vertex 48.05 1.8185303876974532 1.9444297669803978
      vertex 48.05 1.7680787356516436 2.0286032631740025
      vertex 48.05 1.7680787356516436 2.9713967368259975
    endloop
  endfacet
  facet normal -1 0 0
    outer loop
      vertex 48.05 1.7680787356516436 2.0286032631740025
      vertex 48.05 1.7261204674887118 2.1173165676349104
      vertex 48.05 1.7261204674887118 2.8826834323650896
    endloop
  endfacet
  facet normal -1 0 0
    outer loop
      vertex 48.05 1.7261204674887118 2.1173165676349104
      vertex 48.05 1.6930596642677898 2.2097153227455375
      vertex 48.05 1.6930596642677898 2.7902846772544625
    endloop
  endfacet
  facet normal -1 0 0
    outer loop
      vertex 48.05 1.6930596642677898 2.2097153227455375
      vertex 48.05 1.6692147195967681 2.3049096779838716
      vertex 48.05 1.6692147195967681 2.6950903220161284
    endloop
  endfacet
  facet normal -1 0 0
    outer loop
      vertex 48.05 1.6692147195967681 2.3049096779838716
      vertex 48.05 1.6548152733278017 2.4019828596704396
      vertex 48.05 1.6548152733278017 2.5980171403295604
    endloop
  endfacet
  facet normal -1 0 0
    outer loop
      vertex 48.05 1.6548152733278017 2.4019828596704396
      vertex 48.05 1.6499999999999986 2.5
      vertex 48.05 1.6548152733278017 2.5980171403295604
    endloop
  endfacet
  facet normal 0 0.9987954562051725 -0.04906767432741766
    outer loop
      vertex 47.95000000298023 1.6499999999999986 2.5
      vertex 48.05 1.6548152733278017 2.5980171403295604
      vertex 48.05 1.6499999999999986 2.5
    endloop
  endfacet
  facet normal 0 0.9987954562051725 -0.04906767432741766
    outer loop
      vertex 47.95000000298023 1.6499999999999986 2.5
      vertex 47.95000000298023 1.6548152733278017 2.5980171403295604
      vertex 48.05 1.6548152733278017 2.5980171403295604
    endloop
  endfacet
  facet normal -1 0 0
    outer loop
      vertex 48.05 1.6692147195967681 2.3049096779838716
      vertex 48.05 1.6548152733278017 2.5980171403295604
      vertex 48.05 1.6692147195967681 2.6950903220161284
    endloop
  endfacet
  facet normal -1 0 0
    outer loop
      vertex 48.05 1.6930596642677898 2.2097153227455375
      vertex 48.05 1.6692147195967681 2.6950903220161284
      vertex 48.05 1.6930596642677898 2.7902846772544625
    endloop
  endfacet
  facet normal -1 0 0
    outer loop
      vertex 48.05 1.7261204674887118 2.1173165676349104
      vertex 48.05 1.6930596642677898 2.7902846772544625
      vertex 48.05 1.7261204674887118 2.8826834323650896
    endloop
  endfacet
  facet normal -1 0 0
    outer loop
      vertex 48.05 2.178603263174001 1.618078735651645
      vertex 48.05 2.0944297669803964 1.6685303876974547
      vertex 48.05 2.0944297669803964 3.3314696123025453
    endloop
  endfacet
  facet normal -1 0 0
    outer loop
      vertex 48.05 2.267316567634909 1.5761204674887133
      vertex 48.05 2.178603263174001 1.618078735651645
      vertex 48.05 2.178603263174001 3.381921264348355
    endloop
  endfacet
  facet normal -1 0 0
    outer loop
      vertex 48.05 2.940284677254461 1.5430596642677912
      vertex 48.05 2.940284677254461 3.4569403357322086
      vertex 48.05 3.032683432365088 1.5761204674887133
    endloop
  endfacet
  facet normal -1 0 0
    outer loop
      vertex 48.05 3.032683432365088 1.5761204674887133
      vertex 48.05 3.032683432365088 3.423879532511287
      vertex 48.05 3.121396736825996 1.618078735651645
    endloop
  endfacet
  facet normal -1 0 0
    outer loop
      vertex 48.05 3.121396736825996 1.618078735651645
      vertex 48.05 3.121396736825996 3.381921264348355
      vertex 48.05 3.2055702330196008 1.6685303876974547
    endloop
  endfacet
  facet normal -1 0 0
    outer loop
      vertex 48.05 3.2055702330196008 1.6685303876974547
      vertex 48.05 3.2055702330196008 3.3314696123025453
      vertex 48.05 3.2843932841636443 1.7269895466372631
    endloop
  endfacet
  facet normal -1 0 0
    outer loop
      vertex 48.05 3.2843932841636443 1.7269895466372631
      vertex 48.05 3.2843932841636443 3.273010453362737
      vertex 48.05 3.357106781186546 1.7928932188134525
    endloop
  endfacet
  facet normal -1 0 0
    outer loop
      vertex 48.05 3.357106781186546 1.7928932188134525
      vertex 48.05 3.357106781186546 3.2071067811865475
      vertex 48.05 3.4230104533627355 1.8656067158363545
    endloop
  endfacet
  facet normal -1 0 0
    outer loop
      vertex 48.05 3.4230104533627355 1.8656067158363545
      vertex 48.05 3.4230104533627355 3.1343932841636457
      vertex 48.05 3.481469612302544 1.9444297669803978
    endloop
  endfacet
  facet normal -1 0 0
    outer loop
      vertex 48.05 3.481469612302544 1.9444297669803978
      vertex 48.05 3.481469612302544 3.055570233019602
      vertex 48.05 3.5319212643483535 2.0286032631740025
    endloop
  endfacet
  facet normal -1 0 0
    outer loop
      vertex 48.05 3.5319212643483535 2.0286032631740025
      vertex 48.05 3.5319212643483535 2.9713967368259975
      vertex 48.05 3.5738795325112855 2.1173165676349104
    endloop
  endfacet
  facet normal -1 0 0
    outer loop
      vertex 48.05 3.5738795325112855 2.1173165676349104
      vertex 48.05 3.5738795325112855 2.8826834323650896
      vertex 48.05 3.606940335732207 2.2097153227455375
    endloop
  endfacet
  facet normal -1 0 0
    outer loop
      vertex 48.05 3.606940335732207 2.2097153227455375
      vertex 48.05 3.606940335732207 2.7902846772544625
      vertex 48.05 3.630785280403229 2.3049096779838716
    endloop
  endfacet
  facet normal 0 -0.9987954562051725 0.0490676743274154
    outer loop
      vertex 48.05 3.6451847266721957 2.4019828596704396
      vertex 48.05 3.6499999999999986 2.5
      vertex 47.95000000298023 3.6499999999999986 2.5
    endloop
  endfacet
  facet normal -1 0 0
    outer loop
      vertex 48.05 3.630785280403229 2.3049096779838716
      vertex 48.05 3.630785280403229 2.6950903220161284
      vertex 48.05 3.6451847266721957 2.4019828596704396
    endloop
  endfacet
  facet normal -1 0 0
    outer loop
      vertex 48.05 3.6451847266721957 2.4019828596704396
      vertex 48.05 3.6451847266721957 2.5980171403295604
      vertex 48.05 3.6499999999999986 2.5
    endloop
  endfacet
  facet normal 0 -0.9987954562051725 -0.0490676743274154
    outer loop
      vertex 47.95000000298023 3.6499999999999986 2.5
      vertex 48.05 3.6499999999999986 2.5
      vertex 47.95000000298023 3.6451847266721957 2.5980171403295604
    endloop
  endfacet
  facet normal 0 -0.9987954562051725 -0.0490676743274154
    outer loop
      vertex 48.05 3.6499999999999986 2.5
      vertex 48.05 3.6451847266721957 2.5980171403295604
      vertex 47.95000000298023 3.6451847266721957 2.5980171403295604
    endloop
  endfacet
  facet normal -1 0 0
    outer loop
      vertex 48.05 3.6451847266721957 2.4019828596704396
      vertex 48.05 3.630785280403229 2.6950903220161284
      vertex 48.05 3.6451847266721957 2.5980171403295604
    endloop
  endfacet
  facet normal -1 0 0
    outer loop
      vertex 48.05 3.630785280403229 2.3049096779838716
      vertex 48.05 3.606940335732207 2.7902846772544625
      vertex 48.05 3.630785280403229 2.6950903220161284
    endloop
  endfacet
  facet normal 0 0.989176509964781 -0.14673047445536191
    outer loop
      vertex 47.95000000298023 1.6548152733278017 2.5980171403295604
      vertex 48.05 1.6692147195967681 2.6950903220161284
      vertex 48.05 1.6548152733278017 2.5980171403295604
    endloop
  endfacet
  facet normal 0 0.989176509964781 -0.14673047445536191
    outer loop
      vertex 47.95000000298023 1.6548152733278017 2.5980171403295604
      vertex 47.95000000298023 1.6692147195967681 2.6950903220161284
      vertex 48.05 1.6692147195967681 2.6950903220161284
    endloop
  endfacet
  facet normal -1 0 0
    outer loop
      vertex 48.05 1.7680787356516436 2.0286032631740025
      vertex 48.05 1.7261204674887118 2.8826834323650896
      vertex 48.05 1.7680787356516436 2.9713967368259975
    endloop
  endfacet
  facet normal -1 0 0
    outer loop
      vertex 48.05 1.8185303876974532 1.9444297669803978
      vertex 48.05 1.7680787356516436 2.9713967368259975
      vertex 48.05 1.8185303876974532 3.055570233019602
    endloop
  endfacet
  facet normal 0 0.970031253194544 -0.24298017990326412
    outer loop
      vertex 47.95000000298023 1.6692147195967681 2.6950903220161284
      vertex 48.05 1.6930596642677898 2.7902846772544625
      vertex 48.05 1.6692147195967681 2.6950903220161284
    endloop
  endfacet
  facet normal -1 0 0
    outer loop
      vertex 48.05 1.8769895466372617 1.8656067158363545
      vertex 48.05 1.8185303876974532 3.055570233019602
      vertex 48.05 1.8769895466372617 3.1343932841636457
    endloop
  endfacet
  facet normal -1 0 0
    outer loop
      vertex 48.05 1.9428932188134511 1.7928932188134525
      vertex 48.05 1.8769895466372617 3.1343932841636457
      vertex 48.05 1.9428932188134511 3.2071067811865475
    endloop
  endfacet
  facet normal 0 0.970031253194544 -0.24298017990326412
    outer loop
      vertex 47.95000000298023 1.6692147195967681 2.6950903220161284
      vertex 47.95000000298023 1.6930596642677898 2.7902846772544625
      vertex 48.05 1.6930596642677898 2.7902846772544625
    endloop
  endfacet
  facet normal -1 0 0
    outer loop
      vertex 48.05 2.015606715836353 1.7269895466372631
      vertex 48.05 1.9428932188134511 3.2071067811865475
      vertex 48.05 2.015606715836353 3.273010453362737
    endloop
  endfacet
  facet normal 0 0.9415440651830205 -0.3368898533922208
    outer loop
      vertex 47.95000000298023 1.6930596642677898 2.7902846772544625
      vertex 48.05 1.7261204674887118 2.8826834323650896
      vertex 48.05 1.6930596642677898 2.7902846772544625
    endloop
  endfacet
  facet normal 0 0.9415440651830205 -0.3368898533922208
    outer loop
      vertex 47.95000000298023 1.6930596642677898 2.7902846772544625
      vertex 47.95000000298023 1.7261204674887118 2.8826834323650896
      vertex 48.05 1.7261204674887118 2.8826834323650896
    endloop
  endfacet
  facet normal 0 0.9039892931234431 -0.42755509343028275
    outer loop
      vertex 47.95000000298023 1.7261204674887118 2.8826834323650896
      vertex 48.05 1.7680787356516436 2.9713967368259975
      vertex 48.05 1.7261204674887118 2.8826834323650896
    endloop
  endfacet
  facet normal 0 0.9039892931234431 -0.42755509343028275
    outer loop
      vertex 47.95000000298023 1.7261204674887118 2.8826834323650896
      vertex 47.95000000298023 1.7680787356516436 2.9713967368259975
      vertex 48.05 1.7680787356516436 2.9713967368259975
    endloop
  endfacet
  facet normal 0 0.8577286100002733 -0.5141027441932197
    outer loop
      vertex 47.95000000298023 1.7680787356516436 2.9713967368259975
      vertex 48.05 1.8185303876974532 3.055570233019602
      vertex 48.05 1.7680787356516436 2.9713967368259975
    endloop
  endfacet
  facet normal 0 0.8577286100002733 -0.5141027441932197
    outer loop
      vertex 47.95000000298023 1.7680787356516436 2.9713967368259975
      vertex 47.95000000298023 1.8185303876974532 3.055570233019602
      vertex 48.05 1.8185303876974532 3.055570233019602
    endloop
  endfacet
  facet normal -1 0 0
    outer loop
      vertex 48.05 2.0944297669803964 1.6685303876974547
      vertex 48.05 2.015606715836353 3.273010453362737
      vertex 48.05 2.0944297669803964 3.3314696123025453
    endloop
  endfacet
  facet normal -1 0 0
    outer loop
      vertex 48.05 2.178603263174001 1.618078735651645
      vertex 48.05 2.0944297669803964 3.3314696123025453
      vertex 48.05 2.178603263174001 3.381921264348355
    endloop
  endfacet
  facet normal -1 0 0
    outer loop
      vertex 48.05 2.267316567634909 1.5761204674887133
      vertex 48.05 2.178603263174001 3.381921264348355
      vertex 48.05 2.267316567634909 3.423879532511287
    endloop
  endfacet
  facet normal -1 0 0
    outer loop
      vertex 48.05 2.359715322745536 1.5430596642677912
      vertex 48.05 2.267316567634909 3.423879532511287
      vertex 48.05 2.359715322745536 3.4569403357322086
    endloop
  endfacet
  facet normal -1 0 0
    outer loop
      vertex 48.05 2.45490967798387 1.5192147195967696
      vertex 48.05 2.359715322745536 3.4569403357322086
      vertex 48.05 2.45490967798387 3.4807852804032304
    endloop
  endfacet
  facet normal -1 0 0
    outer loop
      vertex 48.05 2.551982859670438 1.504815273327803
      vertex 48.05 2.45490967798387 3.4807852804032304
      vertex 48.05 2.551982859670438 3.495184726672197
    endloop
  endfacet
  facet normal -1 0 0
    outer loop
      vertex 48.05 2.6499999999999986 1.5
      vertex 48.05 2.551982859670438 3.495184726672197
      vertex 48.05 2.6499999999999986 3.5
    endloop
  endfacet
  facet normal -1 0 0
    outer loop
      vertex 48.05 2.748017140329559 1.504815273327803
      vertex 48.05 2.6499999999999986 3.5
      vertex 48.05 2.748017140329559 3.495184726672197
    endloop
  endfacet
  facet normal -1 0 0
    outer loop
      vertex 48.05 2.940284677254461 1.5430596642677912
      vertex 48.05 2.845090322016127 3.4807852804032304
      vertex 48.05 2.940284677254461 3.4569403357322086
    endloop
  endfacet
  facet normal -1 0 0
    outer loop
      vertex 48.05 2.845090322016127 1.5192147195967696
      vertex 48.05 2.748017140329559 3.495184726672197
      vertex 48.05 2.845090322016127 3.4807852804032304
    endloop
  endfacet
  facet normal -1 0 0
    outer loop
      vertex 48.05 3.032683432365088 1.5761204674887133
      vertex 48.05 2.940284677254461 3.4569403357322086
      vertex 48.05 3.032683432365088 3.423879532511287
    endloop
  endfacet
  facet normal -1 0 0
    outer loop
      vertex 48.05 3.5738795325112855 2.1173165676349104
      vertex 48.05 3.5319212643483535 2.9713967368259975
      vertex 48.05 3.5738795325112855 2.8826834323650896
    endloop
  endfacet
  facet normal -1 0 0
    outer loop
      vertex 48.05 3.5319212643483535 2.0286032631740025
      vertex 48.05 3.481469612302544 3.055570233019602
      vertex 48.05 3.5319212643483535 2.9713967368259975
    endloop
  endfacet
  facet normal -1 0 0
    outer loop
      vertex 48.05 3.481469612302544 1.9444297669803978
      vertex 48.05 3.4230104533627355 3.1343932841636457
      vertex 48.05 3.481469612302544 3.055570233019602
    endloop
  endfacet
  facet normal 0 -0.9891765099647807 -0.14673047445536413
    outer loop
      vertex 47.95000000298023 3.6451847266721957 2.5980171403295604
      vertex 48.05 3.6451847266721957 2.5980171403295604
      vertex 47.95000000298023 3.630785280403229 2.6950903220161284
    endloop
  endfacet
  facet normal 0 -0.9891765099647807 -0.14673047445536413
    outer loop
      vertex 48.05 3.6451847266721957 2.5980171403295604
      vertex 48.05 3.630785280403229 2.6950903220161284
      vertex 47.95000000298023 3.630785280403229 2.6950903220161284
    endloop
  endfacet
  facet normal -1 0 0
    outer loop
      vertex 48.05 3.606940335732207 2.2097153227455375
      vertex 48.05 3.5738795325112855 2.8826834323650896
      vertex 48.05 3.606940335732207 2.7902846772544625
    endloop
  endfacet
  facet normal 0 -0.9700312531945434 -0.24298017990326626
    outer loop
      vertex 47.95000000298023 3.630785280403229 2.6950903220161284
      vertex 48.05 3.630785280403229 2.6950903220161284
      vertex 47.95000000298023 3.606940335732207 2.7902846772544625
    endloop
  endfacet
  facet normal -1 0 0
    outer loop
      vertex 48.05 3.2843932841636443 1.7269895466372631
      vertex 48.05 3.2055702330196008 3.3314696123025453
      vertex 48.05 3.2843932841636443 3.273010453362737
    endloop
  endfacet
  facet normal -1 0 0
    outer loop
      vertex 48.05 3.4230104533627355 1.8656067158363545
      vertex 48.05 3.357106781186546 3.2071067811865475
      vertex 48.05 3.4230104533627355 3.1343932841636457
    endloop
  endfacet
  facet normal -1 0 0
    outer loop
      vertex 48.05 3.357106781186546 1.7928932188134525
      vertex 48.05 3.2843932841636443 3.273010453362737
      vertex 48.05 3.357106781186546 3.2071067811865475
    endloop
  endfacet
  facet normal -1 0 0
    outer loop
      vertex 48.05 3.2055702330196008 1.6685303876974547
      vertex 48.05 3.121396736825996 3.381921264348355
      vertex 48.05 3.2055702330196008 3.3314696123025453
    endloop
  endfacet
  facet normal -1 0 0
    outer loop
      vertex 48.05 3.121396736825996 1.618078735651645
      vertex 48.05 3.032683432365088 3.423879532511287
      vertex 48.05 3.121396736825996 3.381921264348355
    endloop
  endfacet
  facet normal 0 -0.9700312531945434 -0.24298017990326626
    outer loop
      vertex 48.05 3.630785280403229 2.6950903220161284
      vertex 48.05 3.606940335732207 2.7902846772544625
      vertex 47.95000000298023 3.606940335732207 2.7902846772544625
    endloop
  endfacet
  facet normal 0 -0.941544065183022 -0.33688985339221683
    outer loop
      vertex 47.95000000298023 3.606940335732207 2.7902846772544625
      vertex 48.05 3.606940335732207 2.7902846772544625
      vertex 47.95000000298023 3.5738795325112855 2.8826834323650896
    endloop
  endfacet
  facet normal 0 -0.9039892931234421 -0.4275550934302846
    outer loop
      vertex 47.95000000298023 3.5738795325112855 2.8826834323650896
      vertex 48.05 3.5738795325112855 2.8826834323650896
      vertex 47.95000000298023 3.5319212643483535 2.9713967368259975
    endloop
  endfacet
  facet normal 0 -0.9039892931234421 -0.4275550934302846
    outer loop
      vertex 48.05 3.5738795325112855 2.8826834323650896
      vertex 48.05 3.5319212643483535 2.9713967368259975
      vertex 47.95000000298023 3.5319212643483535 2.9713967368259975
    endloop
  endfacet
  facet normal 0 -0.941544065183022 -0.33688985339221683
    outer loop
      vertex 48.05 3.606940335732207 2.7902846772544625
      vertex 48.05 3.5738795325112855 2.8826834323650896
      vertex 47.95000000298023 3.5738795325112855 2.8826834323650896
    endloop
  endfacet
  facet normal 0 -0.8577286100002733 -0.5141027441932197
    outer loop
      vertex 47.95000000298023 3.5319212643483535 2.9713967368259975
      vertex 48.05 3.5319212643483535 2.9713967368259975
      vertex 47.95000000298023 3.481469612302544 3.055570233019602
    endloop
  endfacet
  facet normal 0 -0.8577286100002733 -0.5141027441932197
    outer loop
      vertex 48.05 3.5319212643483535 2.9713967368259975
      vertex 48.05 3.481469612302544 3.055570233019602
      vertex 47.95000000298023 3.481469612302544 3.055570233019602
    endloop
  endfacet
  facet normal 0 0.8032075314806449 -0.5956993044924332
    outer loop
      vertex 47.95000000298023 1.8185303876974532 3.055570233019602
      vertex 48.05 1.8769895466372617 3.1343932841636457
      vertex 48.05 1.8185303876974532 3.055570233019602
    endloop
  endfacet
  facet normal 0 0.8032075314806449 -0.5956993044924332
    outer loop
      vertex 47.95000000298023 1.8185303876974532 3.055570233019602
      vertex 47.95000000298023 1.8769895466372617 3.1343932841636457
      vertex 48.05 1.8769895466372617 3.1343932841636457
    endloop
  endfacet
  facet normal 0 0.7409511253549579 -0.6715589548470197
    outer loop
      vertex 47.95000000298023 1.8769895466372617 3.1343932841636457
      vertex 48.05 1.9428932188134511 3.2071067811865475
      vertex 48.05 1.8769895466372617 3.1343932841636457
    endloop
  endfacet
  facet normal 0 0.7409511253549579 -0.6715589548470197
    outer loop
      vertex 47.95000000298023 1.8769895466372617 3.1343932841636457
      vertex 47.95000000298023 1.9428932188134511 3.2071067811865475
      vertex 48.05 1.9428932188134511 3.2071067811865475
    endloop
  endfacet
  facet normal 0 0.6715589548470197 -0.7409511253549579
    outer loop
      vertex 47.95000000298023 1.9428932188134511 3.2071067811865475
      vertex 48.05 2.015606715836353 3.273010453362737
      vertex 48.05 1.9428932188134511 3.2071067811865475
    endloop
  endfacet
  facet normal 0 0.6715589548470197 -0.7409511253549579
    outer loop
      vertex 47.95000000298023 1.9428932188134511 3.2071067811865475
      vertex 47.95000000298023 2.015606715836353 3.273010453362737
      vertex 48.05 2.015606715836353 3.273010453362737
    endloop
  endfacet
  facet normal 0 0.5956993044924332 -0.8032075314806449
    outer loop
      vertex 47.95000000298023 2.015606715836353 3.273010453362737
      vertex 48.05 2.0944297669803964 3.3314696123025453
      vertex 48.05 2.015606715836353 3.273010453362737
    endloop
  endfacet
  facet normal 0 -0.8032075314806449 -0.5956993044924332
    outer loop
      vertex 47.95000000298023 3.481469612302544 3.055570233019602
      vertex 48.05 3.481469612302544 3.055570233019602
      vertex 47.95000000298023 3.4230104533627355 3.1343932841636457
    endloop
  endfacet
  facet normal 0 -0.8032075314806449 -0.5956993044924332
    outer loop
      vertex 48.05 3.481469612302544 3.055570233019602
      vertex 48.05 3.4230104533627355 3.1343932841636457
      vertex 47.95000000298023 3.4230104533627355 3.1343932841636457
    endloop
  endfacet
  facet normal 0 -0.7409511253549579 -0.6715589548470197
    outer loop
      vertex 47.95000000298023 3.4230104533627355 3.1343932841636457
      vertex 48.05 3.4230104533627355 3.1343932841636457
      vertex 47.95000000298023 3.357106781186546 3.2071067811865475
    endloop
  endfacet
  facet normal 0 -0.7409511253549579 -0.6715589548470197
    outer loop
      vertex 48.05 3.4230104533627355 3.1343932841636457
      vertex 48.05 3.357106781186546 3.2071067811865475
      vertex 47.95000000298023 3.357106781186546 3.2071067811865475
    endloop
  endfacet
  facet normal 0 -0.6715589548470197 -0.7409511253549579
    outer loop
      vertex 48.05 3.357106781186546 3.2071067811865475
      vertex 48.05 3.2843932841636443 3.273010453362737
      vertex 47.95000000298023 3.2843932841636443 3.273010453362737
    endloop
  endfacet
  facet normal 0 -0.6715589548470197 -0.7409511253549579
    outer loop
      vertex 47.95000000298023 3.357106781186546 3.2071067811865475
      vertex 48.05 3.357106781186546 3.2071067811865475
      vertex 47.95000000298023 3.2843932841636443 3.273010453362737
    endloop
  endfacet
  facet normal 0 0.5956993044924332 -0.8032075314806449
    outer loop
      vertex 47.95000000298023 2.015606715836353 3.273010453362737
      vertex 47.95000000298023 2.0944297669803964 3.3314696123025453
      vertex 48.05 2.0944297669803964 3.3314696123025453
    endloop
  endfacet
  facet normal 0 0.5141027441932197 -0.8577286100002733
    outer loop
      vertex 47.95000000298023 2.0944297669803964 3.3314696123025453
      vertex 48.05 2.178603263174001 3.381921264348355
      vertex 48.05 2.0944297669803964 3.3314696123025453
    endloop
  endfacet
  facet normal 0 0.5141027441932197 -0.8577286100002733
    outer loop
      vertex 47.95000000298023 2.0944297669803964 3.3314696123025453
      vertex 47.95000000298023 2.178603263174001 3.381921264348355
      vertex 48.05 2.178603263174001 3.381921264348355
    endloop
  endfacet
  facet normal 0 0.4275550934302846 -0.9039892931234421
    outer loop
      vertex 47.95000000298023 2.178603263174001 3.381921264348355
      vertex 48.05 2.267316567634909 3.423879532511287
      vertex 48.05 2.178603263174001 3.381921264348355
    endloop
  endfacet
  facet normal 0 0.4275550934302846 -0.9039892931234421
    outer loop
      vertex 47.95000000298023 2.178603263174001 3.381921264348355
      vertex 47.95000000298023 2.267316567634909 3.423879532511287
      vertex 48.05 2.267316567634909 3.423879532511287
    endloop
  endfacet
  facet normal 0 0.33688985339221683 -0.941544065183022
    outer loop
      vertex 47.95000000298023 2.267316567634909 3.423879532511287
      vertex 48.05 2.359715322745536 3.4569403357322086
      vertex 48.05 2.267316567634909 3.423879532511287
    endloop
  endfacet
  facet normal 0 0.33688985339221683 -0.941544065183022
    outer loop
      vertex 47.95000000298023 2.267316567634909 3.423879532511287
      vertex 47.95000000298023 2.359715322745536 3.4569403357322086
      vertex 48.05 2.359715322745536 3.4569403357322086
    endloop
  endfacet
  facet normal 0 0.24298017990326626 -0.9700312531945434
    outer loop
      vertex 47.95000000298023 2.359715322745536 3.4569403357322086
      vertex 48.05 2.45490967798387 3.4807852804032304
      vertex 48.05 2.359715322745536 3.4569403357322086
    endloop
  endfacet
  facet normal 0 0.24298017990326626 -0.9700312531945434
    outer loop
      vertex 47.95000000298023 2.359715322745536 3.4569403357322086
      vertex 47.95000000298023 2.45490967798387 3.4807852804032304
      vertex 48.05 2.45490967798387 3.4807852804032304
    endloop
  endfacet
  facet normal 0 0.14673047445536413 -0.9891765099647807
    outer loop
      vertex 47.95000000298023 2.45490967798387 3.4807852804032304
      vertex 48.05 2.551982859670438 3.495184726672197
      vertex 48.05 2.45490967798387 3.4807852804032304
    endloop
  endfacet
  facet normal 0 0.14673047445536413 -0.9891765099647807
    outer loop
      vertex 47.95000000298023 2.45490967798387 3.4807852804032304
      vertex 47.95000000298023 2.551982859670438 3.495184726672197
      vertex 48.05 2.551982859670438 3.495184726672197
    endloop
  endfacet
  facet normal 0 -0.4275550934302846 -0.9039892931234421
    outer loop
      vertex 47.95000000298023 3.032683432365088 3.423879532511287
      vertex 48.05 3.121396736825996 3.381921264348355
      vertex 48.05 3.032683432365088 3.423879532511287
    endloop
  endfacet
  facet normal 0 -0.33688985339221683 -0.941544065183022
    outer loop
      vertex 47.95000000298023 3.032683432365088 3.423879532511287
      vertex 48.05 3.032683432365088 3.423879532511287
      vertex 47.95000000298023 2.940284677254461 3.4569403357322086
    endloop
  endfacet
  facet normal 0 0.0490676743274154 -0.9987954562051725
    outer loop
      vertex 47.95000000298023 2.551982859670438 3.495184726672197
      vertex 48.05 2.6499999999999986 3.5
      vertex 48.05 2.551982859670438 3.495184726672197
    endloop
  endfacet
  facet normal 0 0.0490676743274154 -0.9987954562051725
    outer loop
      vertex 47.95000000298023 2.551982859670438 3.495184726672197
      vertex 47.95000000298023 2.6499999999999986 3.5
      vertex 48.05 2.6499999999999986 3.5
    endloop
  endfacet
  facet normal 0 -0.0490676743274154 -0.9987954562051725
    outer loop
      vertex 48.05 2.748017140329559 3.495184726672197
      vertex 48.05 2.6499999999999986 3.5
      vertex 47.95000000298023 2.6499999999999986 3.5
    endloop
  endfacet
  facet normal 0 -0.0490676743274154 -0.9987954562051725
    outer loop
      vertex 47.95000000298023 2.748017140329559 3.495184726672197
      vertex 48.05 2.748017140329559 3.495184726672197
      vertex 47.95000000298023 2.6499999999999986 3.5
    endloop
  endfacet
  facet normal 0 -0.14673047445536413 -0.9891765099647807
    outer loop
      vertex 48.05 2.845090322016127 3.4807852804032304
      vertex 48.05 2.748017140329559 3.495184726672197
      vertex 47.95000000298023 2.748017140329559 3.495184726672197
    endloop
  endfacet
  facet normal 0 -0.24298017990326626 -0.9700312531945434
    outer loop
      vertex 47.95000000298023 2.845090322016127 3.4807852804032304
      vertex 47.95000000298023 2.940284677254461 3.4569403357322086
      vertex 48.05 2.940284677254461 3.4569403357322086
    endloop
  endfacet
  facet normal 0 -0.33688985339221683 -0.941544065183022
    outer loop
      vertex 48.05 3.032683432365088 3.423879532511287
      vertex 48.05 2.940284677254461 3.4569403357322086
      vertex 47.95000000298023 2.940284677254461 3.4569403357322086
    endloop
  endfacet
  facet normal 0 -0.14673047445536413 -0.9891765099647807
    outer loop
      vertex 47.95000000298023 2.845090322016127 3.4807852804032304
      vertex 48.05 2.845090322016127 3.4807852804032304
      vertex 47.95000000298023 2.748017140329559 3.495184726672197
    endloop
  endfacet
  facet normal 0 -0.24298017990326626 -0.9700312531945434
    outer loop
      vertex 47.95000000298023 2.845090322016127 3.4807852804032304
      vertex 48.05 2.940284677254461 3.4569403357322086
      vertex 48.05 2.845090322016127 3.4807852804032304
    endloop
  endfacet
  facet normal 0 -0.5956993044924332 -0.8032075314806449
    outer loop
      vertex 47.95000000298023 3.2843932841636443 3.273010453362737
      vertex 48.05 3.2843932841636443 3.273010453362737
      vertex 47.95000000298023 3.2055702330196008 3.3314696123025453
    endloop
  endfacet
  facet normal 0 -0.5956993044924332 -0.8032075314806449
    outer loop
      vertex 48.05 3.2843932841636443 3.273010453362737
      vertex 48.05 3.2055702330196008 3.3314696123025453
      vertex 47.95000000298023 3.2055702330196008 3.3314696123025453
    endloop
  endfacet
  facet normal 0 -0.5141027441932197 -0.8577286100002733
    outer loop
      vertex 47.95000000298023 3.2055702330196008 3.3314696123025453
      vertex 48.05 3.2055702330196008 3.3314696123025453
      vertex 47.95000000298023 3.121396736825996 3.381921264348355
    endloop
  endfacet
  facet normal 0 -0.5141027441932197 -0.8577286100002733
    outer loop
      vertex 48.05 3.2055702330196008 3.3314696123025453
      vertex 48.05 3.121396736825996 3.381921264348355
      vertex 47.95000000298023 3.121396736825996 3.381921264348355
    endloop
  endfacet
  facet normal 0 -0.4275550934302846 -0.9039892931234421
    outer loop
      vertex 47.95000000298023 3.032683432365088 3.423879532511287
      vertex 47.95000000298023 3.121396736825996 3.381921264348355
      vertex 48.05 3.121396736825996 3.381921264348355
    endloop
  endfacet
  facet normal 0 1 0
    outer loop
      vertex -52.85595086466564 -10.85 0.2781152949374527
      vertex -51.84228066636426 -10.85 0
      vertex -52 -10.85 0
    endloop
  endfacet
  facet normal 0.3090169943749479 0 0.9510565162951535
    outer loop
      vertex -52.85595086466564 -10.85 0.2781152949374527
      vertex -52 -10.85 0
      vertex -52.85595086466564 -7.15 0.2781152949374527
    endloop
  endfacet
  facet normal 0.3090169943749479 0 0.9510565162951535
    outer loop
      vertex -52.85595086466564 -7.15 0.2781152949374527
      vertex -52 -10.85 0
      vertex -52 -7.15 0
    endloop
  endfacet
  facet normal 0 1 0
    outer loop
      vertex -52.85595086466564 -10.85 0.2781152949374527
      vertex -51.08479903661836 -10.85 2.3312887415816417
      vertex -51.84228066636426 -10.85 0
    endloop
  endfacet
  facet normal -0.9510565162951532 0 0.30901699437494823
    outer loop
      vertex -51.08479903661836 -10.85 2.3312887415816417
      vertex -51.84228066636426 -7.15 0
      vertex -51.84228066636426 -10.85 0
    endloop
  endfacet
  facet normal 0.951056516295154 0 -0.309016994374946
    outer loop
      vertex -52.85595086466564 -10.85 0.2781152949374527
      vertex -52.85595086466564 -7.15 0.2781152949374527
      vertex -52.08340837872827 -7.15 2.6557565856753365
    endloop
  endfacet
  facet normal -0.9510565162951532 0 0.30901699437494823
    outer loop
      vertex -51.08479903661836 -10.85 2.3312887415816417
      vertex -51.08479903661836 -7.15 2.3312887415816417
      vertex -51.84228066636426 -7.15 0
    endloop
  endfacet
  facet normal 0 -1 0
    outer loop
      vertex -52.85595086466564 -7.15 0.2781152949374527
      vertex -52 -7.15 0
      vertex -51.84228066636426 -7.15 0
    endloop
  endfacet
  facet normal 0 -1 0
    outer loop
      vertex -52.85595086466564 -7.15 0.2781152949374527
      vertex -51.84228066636426 -7.15 0
      vertex -51.08479903661836 -7.15 2.3312887415816417
    endloop
  endfacet
  facet normal 0 1 0
    outer loop
      vertex -52.85595086466564 -10.85 0.2781152949374527
      vertex -52.08340837872827 -10.85 2.6557565856753365
      vertex -51.08479903661836 -10.85 2.3312887415816417
    endloop
  endfacet
  facet normal 0.951056516295154 0 -0.309016994374946
    outer loop
      vertex -52.85595086466564 -10.85 0.2781152949374527
      vertex -52.08340837872827 -7.15 2.6557565856753365
      vertex -52.08340837872827 -10.85 2.6557565856753365
    endloop
  endfacet
  facet normal -0.3090169943749461 0 -0.951056516295154
    outer loop
      vertex -51.08479903661836 -10.85 2.3312887415816417
      vertex -52.08340837872827 -10.85 2.6557565856753365
      vertex -52.08340837872827 -7.15 2.6557565856753365
    endloop
  endfacet
  facet normal -0.3090169943749461 0 -0.951056516295154
    outer loop
      vertex -51.08479903661836 -10.85 2.3312887415816417
      vertex -52.08340837872827 -7.15 2.6557565856753365
      vertex -51.08479903661836 -7.15 2.3312887415816417
    endloop
  endfacet
  facet normal 0 -1 0
    outer loop
      vertex -52.85595086466564 -7.15 0.2781152949374527
      vertex -51.08479903661836 -7.15 2.3312887415816417
      vertex -52.08340837872827 -7.15 2.6557565856753365
    endloop
  endfacet
  facet normal 0 1 0
    outer loop
      vertex -52.85595086466564 7.15 0.2781152949374527
      vertex -51.84228066636426 7.15 0
      vertex -52 7.15 0
    endloop
  endfacet
  facet normal 0 1 0
    outer loop
      vertex -52.85595086466564 7.15 0.2781152949374527
      vertex -51.08479903661836 7.15 2.3312887415816417
      vertex -51.84228066636426 7.15 0
    endloop
  endfacet
  facet normal 0.3090169943749479 0 0.9510565162951535
    outer loop
      vertex -52.85595086466564 7.15 0.2781152949374527
      vertex -52 7.15 0
      vertex -52.85595086466564 10.85 0.2781152949374527
    endloop
  endfacet
  facet normal 0.3090169943749479 0 0.9510565162951535
    outer loop
      vertex -52.85595086466564 10.85 0.2781152949374527
      vertex -52 7.15 0
      vertex -52 10.85 0
    endloop
  endfacet
  facet normal 0 -1 0
    outer loop
      vertex -52.85595086466564 10.85 0.2781152949374527
      vertex -52 10.85 0
      vertex -51.84228066636426 10.85 0
    endloop
  endfacet
  facet normal -0.9510565162951532 0 0.30901699437494823
    outer loop
      vertex -51.08479903661836 7.15 2.3312887415816417
      vertex -51.84228066636426 10.85 0
      vertex -51.84228066636426 7.15 0
    endloop
  endfacet
  facet normal 0 -1 0
    outer loop
      vertex -52.85595086466564 10.85 0.2781152949374527
      vertex -51.84228066636426 10.85 0
      vertex -51.08479903661836 10.85 2.3312887415816417
    endloop
  endfacet
  facet normal 0.951056516295154 0 -0.309016994374946
    outer loop
      vertex -52.85595086466564 7.15 0.2781152949374527
      vertex -52.85595086466564 10.85 0.2781152949374527
      vertex -52.08340837872827 10.85 2.6557565856753365
    endloop
  endfacet
  facet normal -0.9510565162951532 0 0.30901699437494823
    outer loop
      vertex -51.08479903661836 7.15 2.3312887415816417
      vertex -51.08479903661836 10.85 2.3312887415816417
      vertex -51.84228066636426 10.85 0
    endloop
  endfacet
  facet normal 0 1 0
    outer loop
      vertex -52.85595086466564 7.15 0.2781152949374527
      vertex -52.08340837872827 7.15 2.6557565856753365
      vertex -51.08479903661836 7.15 2.3312887415816417
    endloop
  endfacet
  facet normal 0.951056516295154 0 -0.309016994374946
    outer loop
      vertex -52.85595086466564 7.15 0.2781152949374527
      vertex -52.08340837872827 10.85 2.6557565856753365
      vertex -52.08340837872827 7.15 2.6557565856753365
    endloop
  endfacet
  facet normal 0 -1 0
    outer loop
      vertex -52.85595086466564 10.85 0.2781152949374527
      vertex -51.08479903661836 10.85 2.3312887415816417
      vertex -52.08340837872827 10.85 2.6557565856753365
    endloop
  endfacet
  facet normal -0.3090169943749461 0 -0.951056516295154
    outer loop
      vertex -51.08479903661836 7.15 2.3312887415816417
      vertex -52.08340837872827 7.15 2.6557565856753365
      vertex -52.08340837872827 10.85 2.6557565856753365
    endloop
  endfacet
  facet normal -0.3090169943749461 0 -0.951056516295154
    outer loop
      vertex -51.08479903661836 7.15 2.3312887415816417
      vertex -52.08340837872827 10.85 2.6557565856753365
      vertex -51.08479903661836 10.85 2.3312887415816417
    endloop
  endfacet
  facet normal 0 1 0
    outer loop
      vertex 52.85595086466564 -10.85 0.2781152949374527
      vertex 52 -10.85 0
      vertex 51.84228066636426 -10.85 0
    endloop
  endfacet
  facet normal -0.3090169943749479 0 0.9510565162951535
    outer loop
      vertex 52.85595086466564 -10.85 0.2781152949374527
      vertex 52 -7.15 0
      vertex 52 -10.85 0
    endloop
  endfacet
  facet normal -0.3090169943749479 0 0.9510565162951535
    outer loop
      vertex 52.85595086466564 -10.85 0.2781152949374527
      vertex 52.85595086466564 -7.15 0.2781152949374527
      vertex 52 -7.15 0
    endloop
  endfacet
  facet normal 0 1 0
    outer loop
      vertex 52.85595086466564 -10.85 0.2781152949374527
      vertex 51.84228066636426 -10.85 0
      vertex 51.08479903661836 -10.85 2.3312887415816417
    endloop
  endfacet
  facet normal 0.9510565162951532 0 0.30901699437494823
    outer loop
      vertex 51.08479903661836 -7.15 2.3312887415816417
      vertex 51.84228066636426 -10.85 0
      vertex 51.84228066636426 -7.15 0
    endloop
  endfacet
  facet normal -0.951056516295154 0 -0.309016994374946
    outer loop
      vertex 52.85595086466564 -10.85 0.2781152949374527
      vertex 52.08340837872827 -10.85 2.6557565856753365
      vertex 52.85595086466564 -7.15 0.2781152949374527
    endloop
  endfacet
  facet normal 0.9510565162951532 0 0.30901699437494823
    outer loop
      vertex 51.08479903661836 -10.85 2.3312887415816417
      vertex 51.84228066636426 -10.85 0
      vertex 51.08479903661836 -7.15 2.3312887415816417
    endloop
  endfacet
  facet normal 0 -1 0
    outer loop
      vertex 52.85595086466564 -7.15 0.2781152949374527
      vertex 51.84228066636426 -7.15 0
      vertex 52 -7.15 0
    endloop
  endfacet
  facet normal 0 -1 0
    outer loop
      vertex 52.85595086466564 -7.15 0.2781152949374527
      vertex 51.08479903661836 -7.15 2.3312887415816417
      vertex 51.84228066636426 -7.15 0
    endloop
  endfacet
  facet normal 0 1 0
    outer loop
      vertex 52.85595086466564 -10.85 0.2781152949374527
      vertex 51.08479903661836 -10.85 2.3312887415816417
      vertex 52.08340837872827 -10.85 2.6557565856753365
    endloop
  endfacet
  facet normal -0.951056516295154 0 -0.309016994374946
    outer loop
      vertex 52.85595086466564 -7.15 0.2781152949374527
      vertex 52.08340837872827 -10.85 2.6557565856753365
      vertex 52.08340837872827 -7.15 2.6557565856753365
    endloop
  endfacet
  facet normal 0.3090169943749461 0 -0.951056516295154
    outer loop
      vertex 51.08479903661836 -10.85 2.3312887415816417
      vertex 51.08479903661836 -7.15 2.3312887415816417
      vertex 52.08340837872827 -10.85 2.6557565856753365
    endloop
  endfacet
  facet normal 0.3090169943749461 0 -0.951056516295154
    outer loop
      vertex 52.08340837872827 -10.85 2.6557565856753365
      vertex 51.08479903661836 -7.15 2.3312887415816417
      vertex 52.08340837872827 -7.15 2.6557565856753365
    endloop
  endfacet
  facet normal 0 -1 0
    outer loop
      vertex 52.85595086466564 -7.15 0.2781152949374527
      vertex 52.08340837872827 -7.15 2.6557565856753365
      vertex 51.08479903661836 -7.15 2.3312887415816417
    endloop
  endfacet
  facet normal 0 1 0
    outer loop
      vertex 52.85595086466564 7.15 0.2781152949374527
      vertex 52 7.15 0
      vertex 51.84228066636426 7.15 0
    endloop
  endfacet
  facet normal 0 1 0
    outer loop
      vertex 52.85595086466564 7.15 0.2781152949374527
      vertex 51.84228066636426 7.15 0
      vertex 51.08479903661836 7.15 2.3312887415816417
    endloop
  endfacet
  facet normal -0.3090169943749479 0 0.9510565162951535
    outer loop
      vertex 52.85595086466564 7.15 0.2781152949374527
      vertex 52 10.85 0
      vertex 52 7.15 0
    endloop
  endfacet
  facet normal -0.3090169943749479 0 0.9510565162951535
    outer loop
      vertex 52.85595086466564 7.15 0.2781152949374527
      vertex 52.85595086466564 10.85 0.2781152949374527
      vertex 52 10.85 0
    endloop
  endfacet
  facet normal 0 -1 0
    outer loop
      vertex 52.85595086466564 10.85 0.2781152949374527
      vertex 51.84228066636426 10.85 0
      vertex 52 10.85 0
    endloop
  endfacet
  facet normal 0.9510565162951532 0 0.30901699437494823
    outer loop
      vertex 51.08479903661836 10.85 2.3312887415816417
      vertex 51.84228066636426 7.15 0
      vertex 51.84228066636426 10.85 0
    endloop
  endfacet
  facet normal 0 -1 0
    outer loop
      vertex 52.85595086466564 10.85 0.2781152949374527
      vertex 51.08479903661836 10.85 2.3312887415816417
      vertex 51.84228066636426 10.85 0
    endloop
  endfacet
  facet normal -0.951056516295154 0 -0.309016994374946
    outer loop
      vertex 52.85595086466564 7.15 0.2781152949374527
      vertex 52.08340837872827 7.15 2.6557565856753365
      vertex 52.85595086466564 10.85 0.2781152949374527
    endloop
  endfacet
  facet normal 0.9510565162951532 0 0.30901699437494823
    outer loop
      vertex 51.08479903661836 7.15 2.3312887415816417
      vertex 51.84228066636426 7.15 0
      vertex 51.08479903661836 10.85 2.3312887415816417
    endloop
  endfacet
  facet normal 0 1 0
    outer loop
      vertex 52.85595086466564 7.15 0.2781152949374527
      vertex 51.08479903661836 7.15 2.3312887415816417
      vertex 52.08340837872827 7.15 2.6557565856753365
    endloop
  endfacet
  facet normal -0.951056516295154 0 -0.309016994374946
    outer loop
      vertex 52.85595086466564 10.85 0.2781152949374527
      vertex 52.08340837872827 7.15 2.6557565856753365
      vertex 52.08340837872827 10.85 2.6557565856753365
    endloop
  endfacet
  facet normal 0 -1 0
    outer loop
      vertex 52.85595086466564 10.85 0.2781152949374527
      vertex 52.08340837872827 10.85 2.6557565856753365
      vertex 51.08479903661836 10.85 2.3312887415816417
    endloop
  endfacet
  facet normal 0.3090169943749461 0 -0.951056516295154
    outer loop
      vertex 51.08479903661836 7.15 2.3312887415816417
      vertex 51.08479903661836 10.85 2.3312887415816417
      vertex 52.08340837872827 7.15 2.6557565856753365
    endloop
  endfacet
  facet normal 0.3090169943749461 0 -0.951056516295154
    outer loop
      vertex 52.08340837872827 7.15 2.6557565856753365
      vertex 51.08479903661836 10.85 2.3312887415816417
      vertex 52.08340837872827 10.85 2.6557565856753365
    endloop
  endfacet
  facet normal 0 0 -1
    outer loop
      vertex -53.95000000298023 -12.350000001490116 0
      vertex -52 -10.85 0
      vertex -51.84228066636426 -10.85 0
    endloop
  endfacet
  facet normal 0 0 -1
    outer loop
      vertex -53.95000000298023 -12.350000001490116 0
      vertex -52 -7.15 0
      vertex -52 -10.85 0
    endloop
  endfacet
  facet normal -0.5956993080192206 -0.8032075288650011 0
    outer loop
      vertex -52.48757313936949 -15.44204181432724 0
      vertex -52.17228093743324 -15.675878450274467 0
      vertex -52.48757313936949 -15.44204181432724 3.5
    endloop
  endfacet
  facet normal -0.42755508025413363 -0.9039892993552973 0
    outer loop
      vertex -51.48073372989893 -16.04551813006401 0
      vertex -51.835586950182915 -15.877685062587261 3.5
      vertex -51.835586950182915 -15.877685062587261 0
    endloop
  endfacet
  facet normal -0.14673047883339677 -0.9891765093153607 0
    outer loop
      vertex -50.73036129027605 -16.273141123354435 0
      vertex -50.34206856787205 -16.33073890954256 0
      vertex -50.73036129027605 -16.273141123354435 3.5
    endloop
  endfacet
  facet normal -0.24298017787700282 -0.9700312537020961 0
    outer loop
      vertex -51.111138708889484 -16.17776134610176 0
      vertex -50.73036129027605 -16.273141123354435 0
      vertex -51.111138708889484 -16.17776134610176 3.5
    endloop
  endfacet
  facet normal -0.3368898600571533 -0.9415440627982695 0
    outer loop
      vertex -51.48073372989893 -16.04551813006401 0
      vertex -51.111138708889484 -16.17776134610176 0
      vertex -51.48073372989893 -16.04551813006401 3.5
    endloop
  endfacet
  facet normal -0.5141027491514958 -0.857728607028397 0
    outer loop
      vertex -51.835586950182915 -15.877685062587261 0
      vertex -52.17228093743324 -15.675878450274467 3.5
      vertex -52.17228093743324 -15.675878450274467 0
    endloop
  endfacet
  facet normal -0.6715589635251562 -0.7409511174895533 0
    outer loop
      vertex -52.48757313936949 -15.44204181432724 0
      vertex -52.77842712402344 -15.178427122533321 3.5
      vertex -52.77842712402344 -15.178427122533321 0
    endloop
  endfacet
  facet normal -0.7409511174895533 -0.6715589635251562 0
    outer loop
      vertex -52.77842712402344 -15.178427122533321 0
      vertex -53.042041815817356 -14.887573137879372 3.5
      vertex -53.042041815817356 -14.887573137879372 0
    endloop
  endfacet
  facet normal -0.8032075288650011 -0.5956993080192206 0
    outer loop
      vertex -53.042041815817356 -14.887573137879372 0
      vertex -53.275878451764584 -14.572280935943127 3.5
      vertex -53.275878451764584 -14.572280935943127 0
    endloop
  endfacet
  facet normal -0.857728607028397 -0.5141027491514958 0
    outer loop
      vertex -53.275878451764584 -14.572280935943127 0
      vertex -53.47768506407738 -14.235586948692799 3.5
      vertex -53.47768506407738 -14.235586948692799 0
    endloop
  endfacet
  facet normal -0.049067670415704694 -0.9987954563973425 0
    outer loop
      vertex -50.34206856787205 -16.33073890954256 0
      vertex -49.95000000298023 -16.350000001490116 0
      vertex -50.34206856787205 -16.33073890954256 3.5
    endloop
  endfacet
  facet normal -0.9039892993552973 -0.42755508025413363 0
    outer loop
      vertex -53.47768506407738 -14.235586948692799 0
      vertex -53.64551813155413 -13.880733728408813 3.5
      vertex -53.64551813155413 -13.880733728408813 0
    endloop
  endfacet
  facet normal -0.9415440627982695 -0.3368898600571533 0
    outer loop
      vertex -53.64551813155413 -13.880733728408813 0
      vertex -53.77776134759188 -13.511138707399368 3.5
      vertex -53.77776134759188 -13.511138707399368 0
    endloop
  endfacet
  facet normal -0.9700312537020961 -0.24298017787700282 0
    outer loop
      vertex -53.77776134759188 -13.511138707399368 0
      vertex -53.87314112484455 -13.130361288785934 3.5
      vertex -53.87314112484455 -13.130361288785934 0
    endloop
  endfacet
  facet normal -0.9891765093153607 -0.14673047883339677 0
    outer loop
      vertex -53.87314112484455 -13.130361288785934 0
      vertex -53.93073891103268 -12.742068566381931 3.5
      vertex -53.93073891103268 -12.742068566381931 0
    endloop
  endfacet
  facet normal -0.9987954563973425 -0.049067670415704694 0
    outer loop
      vertex -53.93073891103268 -12.742068566381931 0
      vertex -53.95000000298023 -12.350000001490116 3.5
      vertex -53.95000000298023 -12.350000001490116 0
    endloop
  endfacet
  facet normal 0 0 -1
    outer loop
      vertex -53.95000000298023 -12.350000001490116 0
      vertex -51.84228066636426 7.15 0
      vertex -52 -7.15 0
    endloop
  endfacet
  facet normal 0 0 -1
    outer loop
      vertex -52 -7.15 0
      vertex -51.84228066636426 7.15 0
      vertex -51.84228066636426 -7.15 0
    endloop
  endfacet
  facet normal 0 0 -1
    outer loop
      vertex -51.48073372989893 -16.04551813006401 0
      vertex -51.835586950182915 -15.877685062587261 0
      vertex 52.48757313936949 -15.44204181432724 0
    endloop
  endfacet
  facet normal 0 0 -1
    outer loop
      vertex -51.835586950182915 -15.877685062587261 0
      vertex -52.17228093743324 -15.675878450274467 0
      vertex 52.77842712402344 -15.178427122533321 0
    endloop
  endfacet
  facet normal 0 0 -1
    outer loop
      vertex -52.48757313936949 -15.44204181432724 0
      vertex 53.042041815817356 -14.887573137879372 0
      vertex -52.17228093743324 -15.675878450274467 0
    endloop
  endfacet
  facet normal 0 0 -1
    outer loop
      vertex -52.48757313936949 -15.44204181432724 0
      vertex -52.77842712402344 -15.178427122533321 0
      vertex 53.275878451764584 -14.572280935943127 0
    endloop
  endfacet
  facet normal 0 0 -1
    outer loop
      vertex -52.77842712402344 -15.178427122533321 0
      vertex -53.042041815817356 -14.887573137879372 0
      vertex 53.47768506407738 -14.235586948692799 0
    endloop
  endfacet
  facet normal 0 0 -1
    outer loop
      vertex -53.042041815817356 -14.887573137879372 0
      vertex -53.275878451764584 -14.572280935943127 0
      vertex 53.64551813155413 -13.880733728408813 0
    endloop
  endfacet
  facet normal 0 0 -1
    outer loop
      vertex -51.111138708889484 -16.17776134610176 0
      vertex 51.835586950182915 -15.877685062587261 0
      vertex -50.73036129027605 -16.273141123354435 0
    endloop
  endfacet
  facet normal 0 0 -1
    outer loop
      vertex -50.73036129027605 -16.273141123354435 0
      vertex 51.48073372989893 -16.04551813006401 0
      vertex -50.34206856787205 -16.33073890954256 0
    endloop
  endfacet
  facet normal 0 0 -1
    outer loop
      vertex -50.34206856787205 -16.33073890954256 0
      vertex 51.111138708889484 -16.17776134610176 0
      vertex -49.95000000298023 -16.350000001490116 0
    endloop
  endfacet
  facet normal 0 0 -1
    outer loop
      vertex -51.48073372989893 -16.04551813006401 0
      vertex 52.17228093743324 -15.675878450274467 0
      vertex -51.111138708889484 -16.17776134610176 0
    endloop
  endfacet
  facet normal 0 0 -1
    outer loop
      vertex -53.275878451764584 -14.572280935943127 0
      vertex -53.47768506407738 -14.235586948692799 0
      vertex 53.77776134759188 -13.511138707399368 0
    endloop
  endfacet
  facet normal 0 0 -1
    outer loop
      vertex -53.47768506407738 -14.235586948692799 0
      vertex -53.64551813155413 -13.880733728408813 0
      vertex 53.87314112484455 -13.130361288785934 0
    endloop
  endfacet
  facet normal 0 0 -1
    outer loop
      vertex -53.64551813155413 -13.880733728408813 0
      vertex -53.77776134759188 -13.511138707399368 0
      vertex 53.93073891103268 -12.742068566381931 0
    endloop
  endfacet
  facet normal 0 0 -1
    outer loop
      vertex -53.77776134759188 -13.511138707399368 0
      vertex -53.87314112484455 -13.130361288785934 0
      vertex 53.95000000298023 -12.350000001490116 0
    endloop
  endfacet
  facet normal 0 -1 0
    outer loop
      vertex -49.95000000298023 -16.350000001490116 0
      vertex 49.95000000298023 -16.350000001490116 0
      vertex -49.95000000298023 -16.350000001490116 3.5
    endloop
  endfacet
  facet normal 0 0 -1
    outer loop
      vertex -53.87314112484455 -13.130361288785934 0
      vertex -53.93073891103268 -12.742068566381931 0
      vertex 53.95000000298023 12.350000001490116 0
    endloop
  endfacet
  facet normal 0 0 -1
    outer loop
      vertex -53.93073891103268 -12.742068566381931 0
      vertex -53.95000000298023 -12.350000001490116 0
      vertex 53.93073891103268 12.742068566381931 0
    endloop
  endfacet
  facet normal 0 0 -1
    outer loop
      vertex -53.95000000298023 -12.350000001490116 0
      vertex -51.84228066636426 -10.85 0
      vertex 53.87314112484455 13.130361288785934 0
    endloop
  endfacet
  facet normal 0 0 -1
    outer loop
      vertex 53.87314112484455 13.130361288785934 0
      vertex -51.84228066636426 -10.85 0
      vertex -51.84228066636426 -7.15 0
    endloop
  endfacet
  facet normal -0.5956993080192206 -0.8032075288650011 0
    outer loop
      vertex -52.17228093743324 -15.675878450274467 0
      vertex -52.17228093743324 -15.675878450274467 3.5
      vertex -52.48757313936949 -15.44204181432724 3.5
    endloop
  endfacet
  facet normal -0.6715589635251562 -0.7409511174895533 0
    outer loop
      vertex -52.48757313936949 -15.44204181432724 0
      vertex -52.48757313936949 -15.44204181432724 3.5
      vertex -52.77842712402344 -15.178427122533321 3.5
    endloop
  endfacet
  facet normal -0.42755508025413363 -0.9039892993552973 0
    outer loop
      vertex -51.48073372989893 -16.04551813006401 0
      vertex -51.48073372989893 -16.04551813006401 3.5
      vertex -51.835586950182915 -15.877685062587261 3.5
    endloop
  endfacet
  facet normal -0.3368898600571533 -0.9415440627982695 0
    outer loop
      vertex -51.111138708889484 -16.17776134610176 0
      vertex -51.111138708889484 -16.17776134610176 3.5
      vertex -51.48073372989893 -16.04551813006401 3.5
    endloop
  endfacet
  facet normal -0.24298017787700282 -0.9700312537020961 0
    outer loop
      vertex -50.73036129027605 -16.273141123354435 0
      vertex -50.73036129027605 -16.273141123354435 3.5
      vertex -51.111138708889484 -16.17776134610176 3.5
    endloop
  endfacet
  facet normal -0.5141027491514958 -0.857728607028397 0
    outer loop
      vertex -51.835586950182915 -15.877685062587261 0
      vertex -51.835586950182915 -15.877685062587261 3.5
      vertex -52.17228093743324 -15.675878450274467 3.5
    endloop
  endfacet
  facet normal -0.7409511174895533 -0.6715589635251562 0
    outer loop
      vertex -52.77842712402344 -15.178427122533321 0
      vertex -52.77842712402344 -15.178427122533321 3.5
      vertex -53.042041815817356 -14.887573137879372 3.5
    endloop
  endfacet
  facet normal -0.8032075288650011 -0.5956993080192206 0
    outer loop
      vertex -53.042041815817356 -14.887573137879372 0
      vertex -53.042041815817356 -14.887573137879372 3.5
      vertex -53.275878451764584 -14.572280935943127 3.5
    endloop
  endfacet
  facet normal -0.857728607028397 -0.5141027491514958 0
    outer loop
      vertex -53.275878451764584 -14.572280935943127 0
      vertex -53.275878451764584 -14.572280935943127 3.5
      vertex -53.47768506407738 -14.235586948692799 3.5
    endloop
  endfacet
  facet normal -0.14673047883339677 -0.9891765093153607 0
    outer loop
      vertex -50.34206856787205 -16.33073890954256 0
      vertex -50.34206856787205 -16.33073890954256 3.5
      vertex -50.73036129027605 -16.273141123354435 3.5
    endloop
  endfacet
  facet normal -0.049067670415704694 -0.9987954563973425 0
    outer loop
      vertex -49.95000000298023 -16.350000001490116 0
      vertex -49.95000000298023 -16.350000001490116 3.5
      vertex -50.34206856787205 -16.33073890954256 3.5
    endloop
  endfacet
  facet normal -0.9039892993552973 -0.42755508025413363 0
    outer loop
      vertex -53.47768506407738 -14.235586948692799 0
      vertex -53.47768506407738 -14.235586948692799 3.5
      vertex -53.64551813155413 -13.880733728408813 3.5
    endloop
  endfacet
  facet normal -0.9415440627982695 -0.3368898600571533 0
    outer loop
      vertex -53.64551813155413 -13.880733728408813 0
      vertex -53.64551813155413 -13.880733728408813 3.5
      vertex -53.77776134759188 -13.511138707399368 3.5
    endloop
  endfacet
  facet normal -0.9700312537020961 -0.24298017787700282 0
    outer loop
      vertex -53.77776134759188 -13.511138707399368 0
      vertex -53.77776134759188 -13.511138707399368 3.5
      vertex -53.87314112484455 -13.130361288785934 3.5
    endloop
  endfacet
  facet normal -0.9891765093153607 -0.14673047883339677 0
    outer loop
      vertex -53.87314112484455 -13.130361288785934 0
      vertex -53.87314112484455 -13.130361288785934 3.5
      vertex -53.93073891103268 -12.742068566381931 3.5
    endloop
  endfacet
  facet normal -0.9987954563973425 -0.049067670415704694 0
    outer loop
      vertex -53.93073891103268 -12.742068566381931 0
      vertex -53.93073891103268 -12.742068566381931 3.5
      vertex -53.95000000298023 -12.350000001490116 3.5
    endloop
  endfacet
  facet normal 0 0 1
    outer loop
      vertex -53.87314112484455 -13.130361288785934 3.5
      vertex -45.45000000298023 -10.350000001490116 3.5
      vertex -53.93073891103268 -12.742068566381931 3.5
    endloop
  endfacet
  facet normal 0 0 1
    outer loop
      vertex -53.93073891103268 -12.742068566381931 3.5
      vertex -45.45000000298023 -10.350000001490116 3.5
      vertex -53.95000000298023 -12.350000001490116 3.5
    endloop
  endfacet
  facet normal 0 0 1
    outer loop
      vertex -53.95000000298023 -12.350000001490116 3.5
      vertex -46.6284918487072 -10.054803162813187 3.5
      vertex -46.83892558515072 -9.928674034774303 3.5
    endloop
  endfacet
  facet normal 0 0 1
    outer loop
      vertex -53.95000000298023 -12.350000001490116 3.5
      vertex -46.40670858323574 -10.159698829054832 3.5
      vertex -46.6284918487072 -10.054803162813187 3.5
    endloop
  endfacet
  facet normal 0 0 1
    outer loop
      vertex -53.95000000298023 -12.350000001490116 3.5
      vertex -47.035983212292194 -9.782526135444641 3.5
      vertex -47.21776695549488 -9.617766954004765 3.5
    endloop
  endfacet
  facet normal 0 0 1
    outer loop
      vertex -53.95000000298023 -12.350000001490116 3.5
      vertex -46.83892558515072 -9.928674034774303 3.5
      vertex -47.035983212292194 -9.782526135444641 3.5
    endloop
  endfacet
  facet normal 0 0 1
    outer loop
      vertex -53.95000000298023 -12.350000001490116 3.5
      vertex -47.21776695549488 -9.617766954004765 3.5
      vertex -47.38252613693476 -9.435983210802078 3.5
    endloop
  endfacet
  facet normal 0 0 1
    outer loop
      vertex -53.95000000298023 -12.350000001490116 3.5
      vertex -47.38252613693476 -9.435983210802078 3.5
      vertex -47.52867403626442 -9.238925583660603 3.5
    endloop
  endfacet
  facet normal 0 0 1
    outer loop
      vertex -53.95000000298023 -12.350000001490116 3.5
      vertex -45.69504285603762 -10.337961815297604 3.5
      vertex -45.93772580474615 -10.301963202655315 3.5
    endloop
  endfacet
  facet normal 0 0 1
    outer loop
      vertex -53.95000000298023 -12.350000001490116 3.5
      vertex -45.45000000298023 -10.350000001490116 3.5
      vertex -45.69504285603762 -10.337961815297604 3.5
    endloop
  endfacet
  facet normal 0 0 1
    outer loop
      vertex -53.95000000298023 -12.350000001490116 3.5
      vertex -45.93772580474615 -10.301963202655315 3.5
      vertex -46.17571169883013 -10.242350839078426 3.5
    endloop
  endfacet
  facet normal 0 0 1
    outer loop
      vertex -53.95000000298023 -12.350000001490116 3.5
      vertex -46.17571169883013 -10.242350839078426 3.5
      vertex -46.40670858323574 -10.159698829054832 3.5
    endloop
  endfacet
  facet normal 0 0 1
    outer loop
      vertex -53.95000000298023 -12.350000001490116 3.5
      vertex -47.6548031643033 -9.028491847217083 3.5
      vertex -47.75969883054495 -8.806708581745625 3.5
    endloop
  endfacet
  facet normal 0 0 1
    outer loop
      vertex -53.95000000298023 -12.350000001490116 3.5
      vertex -47.75969883054495 -8.806708581745625 3.5
      vertex -47.84235084056854 -8.575711697340012 3.5
    endloop
  endfacet
  facet normal 0 0 1
    outer loop
      vertex -53.95000000298023 -12.350000001490116 3.5
      vertex -47.84235084056854 -8.575711697340012 3.5
      vertex -47.90196320414543 -8.337725803256035 3.5
    endloop
  endfacet
  facet normal 0 0 1
    outer loop
      vertex -53.95000000298023 -12.350000001490116 3.5
      vertex -47.52867403626442 -9.238925583660603 3.5
      vertex -47.6548031643033 -9.028491847217083 3.5
    endloop
  endfacet
  facet normal 0 0 1
    outer loop
      vertex -53.95000000298023 -12.350000001490116 3.5
      vertex -47.90196320414543 -8.337725803256035 3.5
      vertex -47.93796181678772 -8.0950428545475 3.5
    endloop
  endfacet
  facet normal 0 0 1
    outer loop
      vertex -53.95000000298023 -12.350000001490116 3.5
      vertex -47.93796181678772 -8.0950428545475 3.5
      vertex -47.95000000298023 -7.850000001490116 3.5
    endloop
  endfacet
  facet normal 0 0 1
    outer loop
      vertex -53.95000000298023 -12.350000001490116 3.5
      vertex -47.95000000298023 -7.850000001490116 3.5
      vertex -47.95000000298023 -7.350000000000001 3.5
    endloop
  endfacet
  facet normal -1 0 0
    outer loop
      vertex -53.95000000298023 -12.350000001490116 0
      vertex -53.95000000298023 -12.350000001490116 3.5
      vertex -53.95000000298023 12.350000001490116 3.5
    endloop
  endfacet
  facet normal 0 0 1
    outer loop
      vertex -53.95000000298023 -12.350000001490116 3.5
      vertex -47.95000000298023 -7.350000000000001 3.5
      vertex -47.95000000298023 -2.3500000000000014 3.5
    endloop
  endfacet
  facet normal 0 0 1
    outer loop
      vertex -53.95000000298023 -12.350000001490116 3.5
      vertex -47.95000000298023 -2.3500000000000014 3.5
      vertex -47.95000000298023 2.6499999999999986 3.5
    endloop
  endfacet
  facet normal 0 0 1
    outer loop
      vertex -53.95000000298023 -12.350000001490116 3.5
      vertex -47.95000000298023 2.6499999999999986 3.5
      vertex -47.95000000298023 7.850000001490116 3.5
    endloop
  endfacet
  facet normal 0 0 1
    outer loop
      vertex -51.48073372989893 -16.04551813006401 3.5
      vertex 52.48757313936949 -15.44204181432724 3.5
      vertex -51.835586950182915 -15.877685062587261 3.5
    endloop
  endfacet
  facet normal 0 0 1
    outer loop
      vertex -51.835586950182915 -15.877685062587261 3.5
      vertex 52.77842712402344 -15.178427122533321 3.5
      vertex -52.17228093743324 -15.675878450274467 3.5
    endloop
  endfacet
  facet normal 0 0 1
    outer loop
      vertex -52.48757313936949 -15.44204181432724 3.5
      vertex -52.17228093743324 -15.675878450274467 3.5
      vertex 53.042041815817356 -14.887573137879372 3.5
    endloop
  endfacet
  facet normal 0 0 1
    outer loop
      vertex -52.48757313936949 -15.44204181432724 3.5
      vertex 53.275878451764584 -14.572280935943127 3.5
      vertex -52.77842712402344 -15.178427122533321 3.5
    endloop
  endfacet
  facet normal 0 0 1
    outer loop
      vertex -52.77842712402344 -15.178427122533321 3.5
      vertex 53.47768506407738 -14.235586948692799 3.5
      vertex -53.042041815817356 -14.887573137879372 3.5
    endloop
  endfacet
  facet normal 0 0 1
    outer loop
      vertex -53.042041815817356 -14.887573137879372 3.5
      vertex 53.64551813155413 -13.880733728408813 3.5
      vertex -53.275878451764584 -14.572280935943127 3.5
    endloop
  endfacet
  facet normal 0 0 1
    outer loop
      vertex -51.111138708889484 -16.17776134610176 3.5
      vertex -50.73036129027605 -16.273141123354435 3.5
      vertex 51.835586950182915 -15.877685062587261 3.5
    endloop
  endfacet
  facet normal 0 0 1
    outer loop
      vertex -50.73036129027605 -16.273141123354435 3.5
      vertex -50.34206856787205 -16.33073890954256 3.5
      vertex 51.48073372989893 -16.04551813006401 3.5
    endloop
  endfacet
  facet normal 0 0 1
    outer loop
      vertex -50.34206856787205 -16.33073890954256 3.5
      vertex -49.95000000298023 -16.350000001490116 3.5
      vertex 51.111138708889484 -16.17776134610176 3.5
    endloop
  endfacet
  facet normal 0 0 1
    outer loop
      vertex -51.48073372989893 -16.04551813006401 3.5
      vertex -51.111138708889484 -16.17776134610176 3.5
      vertex 52.17228093743324 -15.675878450274467 3.5
    endloop
  endfacet
  facet normal 0 0 1
    outer loop
      vertex -53.275878451764584 -14.572280935943127 3.5
      vertex 53.77776134759188 -13.511138707399368 3.5
      vertex -53.47768506407738 -14.235586948692799 3.5
    endloop
  endfacet
  facet normal 0 0 1
    outer loop
      vertex -53.47768506407738 -14.235586948692799 3.5
      vertex 53.87314112484455 -13.130361288785934 3.5
      vertex -53.64551813155413 -13.880733728408813 3.5
    endloop
  endfacet
  facet normal 0 0 1
    outer loop
      vertex -53.64551813155413 -13.880733728408813 3.5
      vertex 53.93073891103268 -12.742068566381931 3.5
      vertex -53.77776134759188 -13.511138707399368 3.5
    endloop
  endfacet
  facet normal 0 0 1
    outer loop
      vertex -53.77776134759188 -13.511138707399368 3.5
      vertex 53.95000000298023 -12.350000001490116 3.5
      vertex -53.87314112484455 -13.130361288785934 3.5
    endloop
  endfacet
  facet normal 0 0 1
    outer loop
      vertex -53.87314112484455 -13.130361288785934 3.5
      vertex 53.95000000298023 -12.350000001490116 3.5
      vertex -45.45000000298023 -10.350000001490116 3.5
    endloop
  endfacet
  facet normal 0 0 -1
    outer loop
      vertex -53.95000000298023 -12.350000001490116 0
      vertex -52 7.15 0
      vertex -51.84228066636426 7.15 0
    endloop
  endfacet
  facet normal 0 0 -1
    outer loop
      vertex -53.95000000298023 -12.350000001490116 0
      vertex -53.95000000298023 12.350000001490116 0
      vertex -52 7.15 0
    endloop
  endfacet
  facet normal -1 0 0
    outer loop
      vertex -53.95000000298023 -12.350000001490116 0
      vertex -53.95000000298023 12.350000001490116 3.5
      vertex -53.95000000298023 12.350000001490116 0
    endloop
  endfacet
  facet normal 0 0 -1
    outer loop
      vertex -53.95000000298023 12.350000001490116 0
      vertex -52 10.85 0
      vertex -52 7.15 0
    endloop
  endfacet
  facet normal 0 0 -1
    outer loop
      vertex -50.73036129027605 16.273141123354435 0
      vertex -50.34206856787205 16.33073890954256 0
      vertex -49.95000000298023 16.350000001490116 0
    endloop
  endfacet
  facet normal -0.9987954563973425 0.049067670415704694 0
    outer loop
      vertex -53.95000000298023 12.350000001490116 0
      vertex -53.93073891103268 12.742068566381931 3.5
      vertex -53.93073891103268 12.742068566381931 0
    endloop
  endfacet
  facet normal -0.9891765093153607 0.14673047883339677 0
    outer loop
      vertex -53.93073891103268 12.742068566381931 0
      vertex -53.87314112484455 13.130361288785934 3.5
      vertex -53.87314112484455 13.130361288785934 0
    endloop
  endfacet
  facet normal -0.9700312537020961 0.24298017787700282 0
    outer loop
      vertex -53.87314112484455 13.130361288785934 0
      vertex -53.77776134759188 13.511138707399368 3.5
      vertex -53.77776134759188 13.511138707399368 0
    endloop
  endfacet
  facet normal -0.9415440627982695 0.3368898600571533 0
    outer loop
      vertex -53.77776134759188 13.511138707399368 0
      vertex -53.64551813155413 13.880733728408813 3.5
      vertex -53.64551813155413 13.880733728408813 0
    endloop
  endfacet
  facet normal -0.9039892993552973 0.42755508025413363 0
    outer loop
      vertex -53.64551813155413 13.880733728408813 0
      vertex -53.47768506407738 14.235586948692799 3.5
      vertex -53.47768506407738 14.235586948692799 0
    endloop
  endfacet
  facet normal -0.857728607028397 0.5141027491514958 0
    outer loop
      vertex -53.47768506407738 14.235586948692799 0
      vertex -53.275878451764584 14.572280935943127 3.5
      vertex -53.275878451764584 14.572280935943127 0
    endloop
  endfacet
  facet normal -0.8032075288650011 0.5956993080192206 0
    outer loop
      vertex -53.275878451764584 14.572280935943127 0
      vertex -53.042041815817356 14.887573137879372 3.5
      vertex -53.042041815817356 14.887573137879372 0
    endloop
  endfacet
  facet normal -0.7409511174895533 0.6715589635251562 0
    outer loop
      vertex -53.042041815817356 14.887573137879372 0
      vertex -52.77842712402344 15.178427122533321 3.5
      vertex -52.77842712402344 15.178427122533321 0
    endloop
  endfacet
  facet normal -0.6715589635251562 0.7409511174895533 0
    outer loop
      vertex -52.77842712402344 15.178427122533321 0
      vertex -52.48757313936949 15.44204181432724 3.5
      vertex -52.48757313936949 15.44204181432724 0
    endloop
  endfacet
  facet normal -0.5956993080192206 0.8032075288650011 0
    outer loop
      vertex -52.48757313936949 15.44204181432724 0
      vertex -52.17228093743324 15.675878450274467 3.5
      vertex -52.17228093743324 15.675878450274467 0
    endloop
  endfacet
  facet normal -0.5141027491514958 0.857728607028397 0
    outer loop
      vertex -52.17228093743324 15.675878450274467 0
      vertex -51.835586950182915 15.877685062587261 3.5
      vertex -51.835586950182915 15.877685062587261 0
    endloop
  endfacet
  facet normal -0.42755508025413363 0.9039892993552973 0
    outer loop
      vertex -51.835586950182915 15.877685062587261 0
      vertex -51.48073372989893 16.04551813006401 3.5
      vertex -51.48073372989893 16.04551813006401 0
    endloop
  endfacet
  facet normal -0.3368898600571533 0.9415440627982695 0
    outer loop
      vertex -51.48073372989893 16.04551813006401 0
      vertex -51.111138708889484 16.17776134610176 3.5
      vertex -51.111138708889484 16.17776134610176 0
    endloop
  endfacet
  facet normal -0.24298017787700282 0.9700312537020961 0
    outer loop
      vertex -51.111138708889484 16.17776134610176 0
      vertex -50.73036129027605 16.273141123354435 3.5
      vertex -50.73036129027605 16.273141123354435 0
    endloop
  endfacet
  facet normal -0.14673047883339677 0.9891765093153607 0
    outer loop
      vertex -50.73036129027605 16.273141123354435 0
      vertex -50.34206856787205 16.33073890954256 3.5
      vertex -50.34206856787205 16.33073890954256 0
    endloop
  endfacet
  facet normal -0.049067670415704694 0.9987954563973425 0
    outer loop
      vertex -50.34206856787205 16.33073890954256 0
      vertex -49.95000000298023 16.350000001490116 3.5
      vertex -49.95000000298023 16.350000001490116 0
    endloop
  endfacet
  facet normal 0 0 -1
    outer loop
      vertex 53.87314112484455 13.130361288785934 0
      vertex -51.84228066636426 -7.15 0
      vertex -51.84228066636426 7.15 0
    endloop
  endfacet
  facet normal 0 0 -1
    outer loop
      vertex -53.95000000298023 12.350000001490116 0
      vertex 53.87314112484455 13.130361288785934 0
      vertex -52 10.85 0
    endloop
  endfacet
  facet normal 0 0 -1
    outer loop
      vertex 53.87314112484455 13.130361288785934 0
      vertex -51.84228066636426 7.15 0
      vertex -51.84228066636426 10.85 0
    endloop
  endfacet
  facet normal 0 0 -1
    outer loop
      vertex 53.87314112484455 13.130361288785934 0
      vertex -51.84228066636426 10.85 0
      vertex -52 10.85 0
    endloop
  endfacet
  facet normal 0 0 -1
    outer loop
      vertex -53.95000000298023 12.350000001490116 0
      vertex -53.93073891103268 12.742068566381931 0
      vertex 53.77776134759188 13.511138707399368 0
    endloop
  endfacet
  facet normal 0 0 -1
    outer loop
      vertex -53.93073891103268 12.742068566381931 0
      vertex -53.87314112484455 13.130361288785934 0
      vertex 53.64551813155413 13.880733728408813 0
    endloop
  endfacet
  facet normal 0 0 -1
    outer loop
      vertex -53.87314112484455 13.130361288785934 0
      vertex -53.77776134759188 13.511138707399368 0
      vertex 53.47768506407738 14.235586948692799 0
    endloop
  endfacet
  facet normal 0 0 -1
    outer loop
      vertex -53.77776134759188 13.511138707399368 0
      vertex -53.64551813155413 13.880733728408813 0
      vertex 53.275878451764584 14.572280935943127 0
    endloop
  endfacet
  facet normal 0 0 -1
    outer loop
      vertex -53.64551813155413 13.880733728408813 0
      vertex -53.47768506407738 14.235586948692799 0
      vertex 53.042041815817356 14.887573137879372 0
    endloop
  endfacet
  facet normal 0 0 -1
    outer loop
      vertex -53.47768506407738 14.235586948692799 0
      vertex -53.275878451764584 14.572280935943127 0
      vertex 52.77842712402344 15.178427122533321 0
    endloop
  endfacet
  facet normal 0 0 -1
    outer loop
      vertex -53.275878451764584 14.572280935943127 0
      vertex -53.042041815817356 14.887573137879372 0
      vertex 52.48757313936949 15.44204181432724 0
    endloop
  endfacet
  facet normal 0 0 -1
    outer loop
      vertex -53.042041815817356 14.887573137879372 0
      vertex -52.77842712402344 15.178427122533321 0
      vertex 52.17228093743324 15.675878450274467 0
    endloop
  endfacet
  facet normal 0 0 -1
    outer loop
      vertex -52.77842712402344 15.178427122533321 0
      vertex -52.48757313936949 15.44204181432724 0
      vertex 51.835586950182915 15.877685062587261 0
    endloop
  endfacet
  facet normal 0 0 -1
    outer loop
      vertex -52.48757313936949 15.44204181432724 0
      vertex -52.17228093743324 15.675878450274467 0
      vertex 51.48073372989893 16.04551813006401 0
    endloop
  endfacet
  facet normal 0 0 -1
    outer loop
      vertex -52.17228093743324 15.675878450274467 0
      vertex -51.835586950182915 15.877685062587261 0
      vertex 51.111138708889484 16.17776134610176 0
    endloop
  endfacet
  facet normal 0 0 -1
    outer loop
      vertex -51.835586950182915 15.877685062587261 0
      vertex -51.48073372989893 16.04551813006401 0
      vertex 50.73036129027605 16.273141123354435 0
    endloop
  endfacet
  facet normal 0 0 -1
    outer loop
      vertex -51.48073372989893 16.04551813006401 0
      vertex -51.111138708889484 16.17776134610176 0
      vertex 50.34206856787205 16.33073890954256 0
    endloop
  endfacet
  facet normal 0 0 -1
    outer loop
      vertex -51.111138708889484 16.17776134610176 0
      vertex -50.73036129027605 16.273141123354435 0
      vertex 49.95000000298023 16.350000001490116 0
    endloop
  endfacet
  facet normal 0 0 -1
    outer loop
      vertex -50.73036129027605 16.273141123354435 0
      vertex -49.95000000298023 16.350000001490116 0
      vertex 49.95000000298023 16.350000001490116 0
    endloop
  endfacet
  facet normal 0 0 1
    outer loop
      vertex -53.95000000298023 -12.350000001490116 3.5
      vertex -47.95000000298023 7.850000001490116 3.5
      vertex -53.95000000298023 12.350000001490116 3.5
    endloop
  endfacet
  facet normal -0.9987954563973425 0.049067670415704694 0
    outer loop
      vertex -53.95000000298023 12.350000001490116 0
      vertex -53.95000000298023 12.350000001490116 3.5
      vertex -53.93073891103268 12.742068566381931 3.5
    endloop
  endfacet
  facet normal -0.9891765093153607 0.14673047883339677 0
    outer loop
      vertex -53.93073891103268 12.742068566381931 0
      vertex -53.93073891103268 12.742068566381931 3.5
      vertex -53.87314112484455 13.130361288785934 3.5
    endloop
  endfacet
  facet normal -0.9700312537020961 0.24298017787700282 0
    outer loop
      vertex -53.87314112484455 13.130361288785934 0
      vertex -53.87314112484455 13.130361288785934 3.5
      vertex -53.77776134759188 13.511138707399368 3.5
    endloop
  endfacet
  facet normal -0.9415440627982695 0.3368898600571533 0
    outer loop
      vertex -53.77776134759188 13.511138707399368 0
      vertex -53.77776134759188 13.511138707399368 3.5
      vertex -53.64551813155413 13.880733728408813 3.5
    endloop
  endfacet
  facet normal -0.9039892993552973 0.42755508025413363 0
    outer loop
      vertex -53.64551813155413 13.880733728408813 0
      vertex -53.64551813155413 13.880733728408813 3.5
      vertex -53.47768506407738 14.235586948692799 3.5
    endloop
  endfacet
  facet normal -0.857728607028397 0.5141027491514958 0
    outer loop
      vertex -53.47768506407738 14.235586948692799 0
      vertex -53.47768506407738 14.235586948692799 3.5
      vertex -53.275878451764584 14.572280935943127 3.5
    endloop
  endfacet
  facet normal -0.8032075288650011 0.5956993080192206 0
    outer loop
      vertex -53.275878451764584 14.572280935943127 0
      vertex -53.275878451764584 14.572280935943127 3.5
      vertex -53.042041815817356 14.887573137879372 3.5
    endloop
  endfacet
  facet normal -0.7409511174895533 0.6715589635251562 0
    outer loop
      vertex -53.042041815817356 14.887573137879372 0
      vertex -53.042041815817356 14.887573137879372 3.5
      vertex -52.77842712402344 15.178427122533321 3.5
    endloop
  endfacet
  facet normal -0.6715589635251562 0.7409511174895533 0
    outer loop
      vertex -52.77842712402344 15.178427122533321 0
      vertex -52.77842712402344 15.178427122533321 3.5
      vertex -52.48757313936949 15.44204181432724 3.5
    endloop
  endfacet
  facet normal -0.5956993080192206 0.8032075288650011 0
    outer loop
      vertex -52.48757313936949 15.44204181432724 0
      vertex -52.48757313936949 15.44204181432724 3.5
      vertex -52.17228093743324 15.675878450274467 3.5
    endloop
  endfacet
  facet normal -0.5141027491514958 0.857728607028397 0
    outer loop
      vertex -52.17228093743324 15.675878450274467 0
      vertex -52.17228093743324 15.675878450274467 3.5
      vertex -51.835586950182915 15.877685062587261 3.5
    endloop
  endfacet
  facet normal -0.42755508025413363 0.9039892993552973 0
    outer loop
      vertex -51.835586950182915 15.877685062587261 0
      vertex -51.835586950182915 15.877685062587261 3.5
      vertex -51.48073372989893 16.04551813006401 3.5
    endloop
  endfacet
  facet normal -0.3368898600571533 0.9415440627982695 0
    outer loop
      vertex -51.48073372989893 16.04551813006401 0
      vertex -51.48073372989893 16.04551813006401 3.5
      vertex -51.111138708889484 16.17776134610176 3.5
    endloop
  endfacet
  facet normal -0.24298017787700282 0.9700312537020961 0
    outer loop
      vertex -51.111138708889484 16.17776134610176 0
      vertex -51.111138708889484 16.17776134610176 3.5
      vertex -50.73036129027605 16.273141123354435 3.5
    endloop
  endfacet
  facet normal -0.14673047883339677 0.9891765093153607 0
    outer loop
      vertex -50.73036129027605 16.273141123354435 0
      vertex -50.73036129027605 16.273141123354435 3.5
      vertex -50.34206856787205 16.33073890954256 3.5
    endloop
  endfacet
  facet normal -0.049067670415704694 0.9987954563973425 0
    outer loop
      vertex -50.34206856787205 16.33073890954256 0
      vertex -50.34206856787205 16.33073890954256 3.5
      vertex -49.95000000298023 16.350000001490116 3.5
    endloop
  endfacet
  facet normal 0 0 1
    outer loop
      vertex -53.95000000298023 12.350000001490116 3.5
      vertex -47.95000000298023 7.850000001490116 3.5
      vertex -47.93796181678772 8.0950428545475 3.5
    endloop
  endfacet
  facet normal 0 0 1
    outer loop
      vertex -53.95000000298023 12.350000001490116 3.5
      vertex -47.93796181678772 8.0950428545475 3.5
      vertex -47.90196320414543 8.337725803256035 3.5
    endloop
  endfacet
  facet normal 0 0 1
    outer loop
      vertex -53.95000000298023 12.350000001490116 3.5
      vertex -47.90196320414543 8.337725803256035 3.5
      vertex -47.84235084056854 8.575711697340012 3.5
    endloop
  endfacet
  facet normal 0 0 1
    outer loop
      vertex -53.95000000298023 12.350000001490116 3.5
      vertex -47.84235084056854 8.575711697340012 3.5
      vertex -47.75969883054495 8.806708581745625 3.5
    endloop
  endfacet
  facet normal 0 0 1
    outer loop
      vertex -53.95000000298023 12.350000001490116 3.5
      vertex -47.75969883054495 8.806708581745625 3.5
      vertex -47.6548031643033 9.028491847217083 3.5
    endloop
  endfacet
  facet normal 0 0 1
    outer loop
      vertex -53.95000000298023 12.350000001490116 3.5
      vertex -47.6548031643033 9.028491847217083 3.5
      vertex -47.52867403626442 9.238925583660603 3.5
    endloop
  endfacet
  facet normal 0 0 1
    outer loop
      vertex -53.95000000298023 12.350000001490116 3.5
      vertex -47.52867403626442 9.238925583660603 3.5
      vertex -47.38252613693476 9.435983210802078 3.5
    endloop
  endfacet
  facet normal 0 0 1
    outer loop
      vertex -53.95000000298023 12.350000001490116 3.5
      vertex -47.38252613693476 9.435983210802078 3.5
      vertex -47.21776695549488 9.617766954004765 3.5
    endloop
  endfacet
  facet normal 0 0 1
    outer loop
      vertex -53.95000000298023 12.350000001490116 3.5
      vertex -47.21776695549488 9.617766954004765 3.5
      vertex -47.035983212292194 9.782526135444641 3.5
    endloop
  endfacet
  facet normal 0 0 1
    outer loop
      vertex -53.95000000298023 12.350000001490116 3.5
      vertex -47.035983212292194 9.782526135444641 3.5
      vertex -46.83892558515072 9.928674034774303 3.5
    endloop
  endfacet
  facet normal 0 0 1
    outer loop
      vertex -53.95000000298023 12.350000001490116 3.5
      vertex -46.83892558515072 9.928674034774303 3.5
      vertex -46.6284918487072 10.054803162813187 3.5
    endloop
  endfacet
  facet normal 0 0 1
    outer loop
      vertex -53.95000000298023 12.350000001490116 3.5
      vertex -46.6284918487072 10.054803162813187 3.5
      vertex -46.40670858323574 10.159698829054832 3.5
    endloop
  endfacet
  facet normal 0 0 1
    outer loop
      vertex -53.95000000298023 12.350000001490116 3.5
      vertex -46.40670858323574 10.159698829054832 3.5
      vertex -46.17571169883013 10.242350839078426 3.5
    endloop
  endfacet
  facet normal 0 0 1
    outer loop
      vertex -53.95000000298023 12.350000001490116 3.5
      vertex -46.17571169883013 10.242350839078426 3.5
      vertex -45.93772580474615 10.301963202655315 3.5
    endloop
  endfacet
  facet normal 0 0 1
    outer loop
      vertex -53.95000000298023 12.350000001490116 3.5
      vertex -45.93772580474615 10.301963202655315 3.5
      vertex -45.69504285603762 10.337961815297604 3.5
    endloop
  endfacet
  facet normal 0 0 1
    outer loop
      vertex -53.95000000298023 12.350000001490116 3.5
      vertex -45.69504285603762 10.337961815297604 3.5
      vertex -45.45000000298023 10.350000001490116 3.5
    endloop
  endfacet
  facet normal 0 0 1
    outer loop
      vertex -50.73036129027605 16.273141123354435 3.5
      vertex -49.95000000298023 16.350000001490116 3.5
      vertex -50.34206856787205 16.33073890954256 3.5
    endloop
  endfacet
  facet normal 0 1 0
    outer loop
      vertex -49.95000000298023 16.350000001490116 0
      vertex -49.95000000298023 16.350000001490116 3.5
      vertex 49.95000000298023 16.350000001490116 3.5
    endloop
  endfacet
  facet normal 0 0 1
    outer loop
      vertex -53.95000000298023 12.350000001490116 3.5
      vertex -45.45000000298023 10.350000001490116 3.5
      vertex 45.45000000298023 10.350000001490116 3.5
    endloop
  endfacet
  facet normal 0 0 1
    outer loop
      vertex -53.95000000298023 12.350000001490116 3.5
      vertex 53.77776134759188 13.511138707399368 3.5
      vertex -53.93073891103268 12.742068566381931 3.5
    endloop
  endfacet
  facet normal 0 0 1
    outer loop
      vertex -53.93073891103268 12.742068566381931 3.5
      vertex 53.64551813155413 13.880733728408813 3.5
      vertex -53.87314112484455 13.130361288785934 3.5
    endloop
  endfacet
  facet normal 0 0 1
    outer loop
      vertex -53.87314112484455 13.130361288785934 3.5
      vertex 53.47768506407738 14.235586948692799 3.5
      vertex -53.77776134759188 13.511138707399368 3.5
    endloop
  endfacet
  facet normal 0 0 1
    outer loop
      vertex -53.77776134759188 13.511138707399368 3.5
      vertex 53.275878451764584 14.572280935943127 3.5
      vertex -53.64551813155413 13.880733728408813 3.5
    endloop
  endfacet
  facet normal 0 0 1
    outer loop
      vertex -53.64551813155413 13.880733728408813 3.5
      vertex 53.042041815817356 14.887573137879372 3.5
      vertex -53.47768506407738 14.235586948692799 3.5
    endloop
  endfacet
  facet normal 0 0 1
    outer loop
      vertex -53.47768506407738 14.235586948692799 3.5
      vertex 52.77842712402344 15.178427122533321 3.5
      vertex -53.275878451764584 14.572280935943127 3.5
    endloop
  endfacet
  facet normal 0 0 1
    outer loop
      vertex -53.275878451764584 14.572280935943127 3.5
      vertex 52.48757313936949 15.44204181432724 3.5
      vertex -53.042041815817356 14.887573137879372 3.5
    endloop
  endfacet
  facet normal 0 0 1
    outer loop
      vertex -53.042041815817356 14.887573137879372 3.5
      vertex 52.17228093743324 15.675878450274467 3.5
      vertex -52.77842712402344 15.178427122533321 3.5
    endloop
  endfacet
  facet normal 0 0 1
    outer loop
      vertex -52.77842712402344 15.178427122533321 3.5
      vertex 51.835586950182915 15.877685062587261 3.5
      vertex -52.48757313936949 15.44204181432724 3.5
    endloop
  endfacet
  facet normal 0 0 1
    outer loop
      vertex -52.48757313936949 15.44204181432724 3.5
      vertex 51.48073372989893 16.04551813006401 3.5
      vertex -52.17228093743324 15.675878450274467 3.5
    endloop
  endfacet
  facet normal 0 0 1
    outer loop
      vertex -52.17228093743324 15.675878450274467 3.5
      vertex 51.111138708889484 16.17776134610176 3.5
      vertex -51.835586950182915 15.877685062587261 3.5
    endloop
  endfacet
  facet normal 0 0 1
    outer loop
      vertex -51.835586950182915 15.877685062587261 3.5
      vertex 50.73036129027605 16.273141123354435 3.5
      vertex -51.48073372989893 16.04551813006401 3.5
    endloop
  endfacet
  facet normal 0 0 1
    outer loop
      vertex -51.48073372989893 16.04551813006401 3.5
      vertex 50.34206856787205 16.33073890954256 3.5
      vertex -51.111138708889484 16.17776134610176 3.5
    endloop
  endfacet
  facet normal 0 0 1
    outer loop
      vertex -51.111138708889484 16.17776134610176 3.5
      vertex 49.95000000298023 16.350000001490116 3.5
      vertex -50.73036129027605 16.273141123354435 3.5
    endloop
  endfacet
  facet normal 0 0 1
    outer loop
      vertex -50.73036129027605 16.273141123354435 3.5
      vertex 49.95000000298023 16.350000001490116 3.5
      vertex -49.95000000298023 16.350000001490116 3.5
    endloop
  endfacet
  facet normal 0 0 -1
    outer loop
      vertex -49.95000000298023 -16.350000001490116 0
      vertex 50.73036129027605 -16.273141123354435 0
      vertex 49.95000000298023 -16.350000001490116 0
    endloop
  endfacet
  facet normal 0 0 -1
    outer loop
      vertex -49.95000000298023 -16.350000001490116 0
      vertex 51.111138708889484 -16.17776134610176 0
      vertex 50.73036129027605 -16.273141123354435 0
    endloop
  endfacet
  facet normal 0 0 -1
    outer loop
      vertex -50.34206856787205 -16.33073890954256 0
      vertex 51.48073372989893 -16.04551813006401 0
      vertex 51.111138708889484 -16.17776134610176 0
    endloop
  endfacet
  facet normal 0 0 -1
    outer loop
      vertex -50.73036129027605 -16.273141123354435 0
      vertex 51.835586950182915 -15.877685062587261 0
      vertex 51.48073372989893 -16.04551813006401 0
    endloop
  endfacet
  facet normal 0 0 -1
    outer loop
      vertex -51.111138708889484 -16.17776134610176 0
      vertex 52.17228093743324 -15.675878450274467 0
      vertex 51.835586950182915 -15.877685062587261 0
    endloop
  endfacet
  facet normal 0 0 -1
    outer loop
      vertex -51.48073372989893 -16.04551813006401 0
      vertex 52.48757313936949 -15.44204181432724 0
      vertex 52.17228093743324 -15.675878450274467 0
    endloop
  endfacet
  facet normal 0 0 -1
    outer loop
      vertex -51.835586950182915 -15.877685062587261 0
      vertex 52.77842712402344 -15.178427122533321 0
      vertex 52.48757313936949 -15.44204181432724 0
    endloop
  endfacet
  facet normal 0 0 -1
    outer loop
      vertex -52.17228093743324 -15.675878450274467 0
      vertex 53.042041815817356 -14.887573137879372 0
      vertex 52.77842712402344 -15.178427122533321 0
    endloop
  endfacet
  facet normal 0 0 -1
    outer loop
      vertex -52.48757313936949 -15.44204181432724 0
      vertex 53.275878451764584 -14.572280935943127 0
      vertex 53.042041815817356 -14.887573137879372 0
    endloop
  endfacet
  facet normal 0 0 -1
    outer loop
      vertex -52.77842712402344 -15.178427122533321 0
      vertex 53.47768506407738 -14.235586948692799 0
      vertex 53.275878451764584 -14.572280935943127 0
    endloop
  endfacet
  facet normal 0 0 -1
    outer loop
      vertex -53.042041815817356 -14.887573137879372 0
      vertex 53.64551813155413 -13.880733728408813 0
      vertex 53.47768506407738 -14.235586948692799 0
    endloop
  endfacet
  facet normal 0 0 -1
    outer loop
      vertex -53.275878451764584 -14.572280935943127 0
      vertex 53.77776134759188 -13.511138707399368 0
      vertex 53.64551813155413 -13.880733728408813 0
    endloop
  endfacet
  facet normal 0 0 -1
    outer loop
      vertex -53.47768506407738 -14.235586948692799 0
      vertex 53.87314112484455 -13.130361288785934 0
      vertex 53.77776134759188 -13.511138707399368 0
    endloop
  endfacet
  facet normal 0 0 -1
    outer loop
      vertex -53.64551813155413 -13.880733728408813 0
      vertex 53.93073891103268 -12.742068566381931 0
      vertex 53.87314112484455 -13.130361288785934 0
    endloop
  endfacet
  facet normal 0 0 -1
    outer loop
      vertex -53.77776134759188 -13.511138707399368 0
      vertex 53.95000000298023 -12.350000001490116 0
      vertex 53.93073891103268 -12.742068566381931 0
    endloop
  endfacet
  facet normal 0 0 -1
    outer loop
      vertex -53.87314112484455 -13.130361288785934 0
      vertex 51.84228066636426 -7.15 0
      vertex 51.84228066636426 -10.85 0
    endloop
  endfacet
  facet normal 0 0 -1
    outer loop
      vertex -53.87314112484455 -13.130361288785934 0
      vertex 51.84228066636426 -10.85 0
      vertex 53.95000000298023 -12.350000001490116 0
    endloop
  endfacet
  facet normal 0 0 -1
    outer loop
      vertex -53.87314112484455 -13.130361288785934 0
      vertex 51.84228066636426 7.15 0
      vertex 51.84228066636426 -7.15 0
    endloop
  endfacet
  facet normal 0 0 -1
    outer loop
      vertex 49.95000000298023 -16.350000001490116 0
      vertex 50.73036129027605 -16.273141123354435 0
      vertex 50.34206856787205 -16.33073890954256 0
    endloop
  endfacet
  facet normal 0 0 -1
    outer loop
      vertex 53.95000000298023 -12.350000001490116 0
      vertex 51.84228066636426 -10.85 0
      vertex 52 -10.85 0
    endloop
  endfacet
  facet normal 0 0 -1
    outer loop
      vertex 53.95000000298023 -12.350000001490116 0
      vertex 52 -10.85 0
      vertex 52 -7.15 0
    endloop
  endfacet
  facet normal 0.049067670415704694 -0.9987954563973425 0
    outer loop
      vertex 49.95000000298023 -16.350000001490116 0
      vertex 50.34206856787205 -16.33073890954256 0
      vertex 49.95000000298023 -16.350000001490116 3.5
    endloop
  endfacet
  facet normal 0.14673047883339677 -0.9891765093153607 0
    outer loop
      vertex 50.34206856787205 -16.33073890954256 0
      vertex 50.73036129027605 -16.273141123354435 0
      vertex 50.34206856787205 -16.33073890954256 3.5
    endloop
  endfacet
  facet normal 0.24298017787700282 -0.9700312537020961 0
    outer loop
      vertex 50.73036129027605 -16.273141123354435 0
      vertex 51.111138708889484 -16.17776134610176 0
      vertex 50.73036129027605 -16.273141123354435 3.5
    endloop
  endfacet
  facet normal 0.3368898600571533 -0.9415440627982695 0
    outer loop
      vertex 51.111138708889484 -16.17776134610176 0
      vertex 51.48073372989893 -16.04551813006401 0
      vertex 51.111138708889484 -16.17776134610176 3.5
    endloop
  endfacet
  facet normal 0.42755508025413363 -0.9039892993552973 0
    outer loop
      vertex 51.48073372989893 -16.04551813006401 0
      vertex 51.835586950182915 -15.877685062587261 0
      vertex 51.48073372989893 -16.04551813006401 3.5
    endloop
  endfacet
  facet normal 0.5141027491514958 -0.857728607028397 0
    outer loop
      vertex 51.835586950182915 -15.877685062587261 0
      vertex 52.17228093743324 -15.675878450274467 0
      vertex 51.835586950182915 -15.877685062587261 3.5
    endloop
  endfacet
  facet normal 0.5956993080192206 -0.8032075288650011 0
    outer loop
      vertex 52.17228093743324 -15.675878450274467 0
      vertex 52.48757313936949 -15.44204181432724 0
      vertex 52.17228093743324 -15.675878450274467 3.5
    endloop
  endfacet
  facet normal 0.6715589635251562 -0.7409511174895533 0
    outer loop
      vertex 52.48757313936949 -15.44204181432724 0
      vertex 52.77842712402344 -15.178427122533321 0
      vertex 52.48757313936949 -15.44204181432724 3.5
    endloop
  endfacet
  facet normal 0.7409511174895533 -0.6715589635251562 0
    outer loop
      vertex 52.77842712402344 -15.178427122533321 0
      vertex 53.042041815817356 -14.887573137879372 0
      vertex 52.77842712402344 -15.178427122533321 3.5
    endloop
  endfacet
  facet normal 0.8032075288650011 -0.5956993080192206 0
    outer loop
      vertex 53.042041815817356 -14.887573137879372 0
      vertex 53.275878451764584 -14.572280935943127 0
      vertex 53.042041815817356 -14.887573137879372 3.5
    endloop
  endfacet
  facet normal 0.857728607028397 -0.5141027491514958 0
    outer loop
      vertex 53.275878451764584 -14.572280935943127 0
      vertex 53.47768506407738 -14.235586948692799 0
      vertex 53.275878451764584 -14.572280935943127 3.5
    endloop
  endfacet
  facet normal 0.9039892993552973 -0.42755508025413363 0
    outer loop
      vertex 53.47768506407738 -14.235586948692799 0
      vertex 53.64551813155413 -13.880733728408813 0
      vertex 53.47768506407738 -14.235586948692799 3.5
    endloop
  endfacet
  facet normal 0.9415440627982695 -0.3368898600571533 0
    outer loop
      vertex 53.64551813155413 -13.880733728408813 0
      vertex 53.77776134759188 -13.511138707399368 0
      vertex 53.64551813155413 -13.880733728408813 3.5
    endloop
  endfacet
  facet normal 0.9700312537020961 -0.24298017787700282 0
    outer loop
      vertex 53.77776134759188 -13.511138707399368 0
      vertex 53.87314112484455 -13.130361288785934 0
      vertex 53.77776134759188 -13.511138707399368 3.5
    endloop
  endfacet
  facet normal 0.9891765093153607 -0.14673047883339677 0
    outer loop
      vertex 53.87314112484455 -13.130361288785934 0
      vertex 53.93073891103268 -12.742068566381931 0
      vertex 53.87314112484455 -13.130361288785934 3.5
    endloop
  endfacet
  facet normal 0.9987954563973425 -0.049067670415704694 0
    outer loop
      vertex 53.93073891103268 -12.742068566381931 0
      vertex 53.95000000298023 -12.350000001490116 0
      vertex 53.93073891103268 -12.742068566381931 3.5
    endloop
  endfacet
  facet normal 0 0 -1
    outer loop
      vertex 52 -7.15 0
      vertex 51.84228066636426 -7.15 0
      vertex 51.84228066636426 7.15 0
    endloop
  endfacet
  facet normal 0 0 -1
    outer loop
      vertex 53.95000000298023 -12.350000001490116 0
      vertex 52 -7.15 0
      vertex 53.95000000298023 12.350000001490116 0
    endloop
  endfacet
  facet normal 1 0 0
    outer loop
      vertex 53.95000000298023 -12.350000001490116 0
      vertex 53.95000000298023 12.350000001490116 0
      vertex 53.95000000298023 -12.350000001490116 3.5
    endloop
  endfacet
  facet normal 0 -1 0
    outer loop
      vertex -49.95000000298023 -16.350000001490116 3.5
      vertex 49.95000000298023 -16.350000001490116 0
      vertex 49.95000000298023 -16.350000001490116 3.5
    endloop
  endfacet
  facet normal 0 0 1
    outer loop
      vertex -49.95000000298023 -16.350000001490116 3.5
      vertex 49.95000000298023 -16.350000001490116 3.5
      vertex 50.73036129027605 -16.273141123354435 3.5
    endloop
  endfacet
  facet normal 0 0 1
    outer loop
      vertex -49.95000000298023 -16.350000001490116 3.5
      vertex 50.73036129027605 -16.273141123354435 3.5
      vertex 51.111138708889484 -16.17776134610176 3.5
    endloop
  endfacet
  facet normal 0 0 1
    outer loop
      vertex -50.34206856787205 -16.33073890954256 3.5
      vertex 51.111138708889484 -16.17776134610176 3.5
      vertex 51.48073372989893 -16.04551813006401 3.5
    endloop
  endfacet
  facet normal 0 0 1
    outer loop
      vertex -50.73036129027605 -16.273141123354435 3.5
      vertex 51.48073372989893 -16.04551813006401 3.5
      vertex 51.835586950182915 -15.877685062587261 3.5
    endloop
  endfacet
  facet normal 0 0 1
    outer loop
      vertex -51.111138708889484 -16.17776134610176 3.5
      vertex 51.835586950182915 -15.877685062587261 3.5
      vertex 52.17228093743324 -15.675878450274467 3.5
    endloop
  endfacet
  facet normal 0 0 1
    outer loop
      vertex -51.48073372989893 -16.04551813006401 3.5
      vertex 52.17228093743324 -15.675878450274467 3.5
      vertex 52.48757313936949 -15.44204181432724 3.5
    endloop
  endfacet
  facet normal 0 0 1
    outer loop
      vertex -51.835586950182915 -15.877685062587261 3.5
      vertex 52.48757313936949 -15.44204181432724 3.5
      vertex 52.77842712402344 -15.178427122533321 3.5
    endloop
  endfacet
  facet normal 0 0 1
    outer loop
      vertex -52.17228093743324 -15.675878450274467 3.5
      vertex 52.77842712402344 -15.178427122533321 3.5
      vertex 53.042041815817356 -14.887573137879372 3.5
    endloop
  endfacet
  facet normal 0 0 1
    outer loop
      vertex -52.48757313936949 -15.44204181432724 3.5
      vertex 53.042041815817356 -14.887573137879372 3.5
      vertex 53.275878451764584 -14.572280935943127 3.5
    endloop
  endfacet
  facet normal 0 0 1
    outer loop
      vertex -52.77842712402344 -15.178427122533321 3.5
      vertex 53.275878451764584 -14.572280935943127 3.5
      vertex 53.47768506407738 -14.235586948692799 3.5
    endloop
  endfacet
  facet normal 0 0 1
    outer loop
      vertex -53.042041815817356 -14.887573137879372 3.5
      vertex 53.47768506407738 -14.235586948692799 3.5
      vertex 53.64551813155413 -13.880733728408813 3.5
    endloop
  endfacet
  facet normal 0 0 1
    outer loop
      vertex -53.275878451764584 -14.572280935943127 3.5
      vertex 53.64551813155413 -13.880733728408813 3.5
      vertex 53.77776134759188 -13.511138707399368 3.5
    endloop
  endfacet
  facet normal 0 0 1
    outer loop
      vertex -53.47768506407738 -14.235586948692799 3.5
      vertex 53.77776134759188 -13.511138707399368 3.5
      vertex 53.87314112484455 -13.130361288785934 3.5
    endloop
  endfacet
  facet normal 0 0 1
    outer loop
      vertex -53.64551813155413 -13.880733728408813 3.5
      vertex 53.87314112484455 -13.130361288785934 3.5
      vertex 53.93073891103268 -12.742068566381931 3.5
    endloop
  endfacet
  facet normal 0 0 1
    outer loop
      vertex -53.77776134759188 -13.511138707399368 3.5
      vertex 53.93073891103268 -12.742068566381931 3.5
      vertex 53.95000000298023 -12.350000001490116 3.5
    endloop
  endfacet
  facet normal 0 0 1
    outer loop
      vertex 53.95000000298023 -12.350000001490116 3.5
      vertex 45.45000000298023 -10.350000001490116 3.5
      vertex -45.45000000298023 -10.350000001490116 3.5
    endloop
  endfacet
  facet normal 0.049067670415704694 -0.9987954563973425 0
    outer loop
      vertex 50.34206856787205 -16.33073890954256 0
      vertex 50.34206856787205 -16.33073890954256 3.5
      vertex 49.95000000298023 -16.350000001490116 3.5
    endloop
  endfacet
  facet normal 0.14673047883339677 -0.9891765093153607 0
    outer loop
      vertex 50.73036129027605 -16.273141123354435 0
      vertex 50.73036129027605 -16.273141123354435 3.5
      vertex 50.34206856787205 -16.33073890954256 3.5
    endloop
  endfacet
  facet normal 0.24298017787700282 -0.9700312537020961 0
    outer loop
      vertex 51.111138708889484 -16.17776134610176 0
      vertex 51.111138708889484 -16.17776134610176 3.5
      vertex 50.73036129027605 -16.273141123354435 3.5
    endloop
  endfacet
  facet normal 0.3368898600571533 -0.9415440627982695 0
    outer loop
      vertex 51.48073372989893 -16.04551813006401 0
      vertex 51.48073372989893 -16.04551813006401 3.5
      vertex 51.111138708889484 -16.17776134610176 3.5
    endloop
  endfacet
  facet normal 0.42755508025413363 -0.9039892993552973 0
    outer loop
      vertex 51.835586950182915 -15.877685062587261 0
      vertex 51.835586950182915 -15.877685062587261 3.5
      vertex 51.48073372989893 -16.04551813006401 3.5
    endloop
  endfacet
  facet normal 0.5141027491514958 -0.857728607028397 0
    outer loop
      vertex 52.17228093743324 -15.675878450274467 0
      vertex 52.17228093743324 -15.675878450274467 3.5
      vertex 51.835586950182915 -15.877685062587261 3.5
    endloop
  endfacet
  facet normal 0.5956993080192206 -0.8032075288650011 0
    outer loop
      vertex 52.48757313936949 -15.44204181432724 0
      vertex 52.48757313936949 -15.44204181432724 3.5
      vertex 52.17228093743324 -15.675878450274467 3.5
    endloop
  endfacet
  facet normal 0.6715589635251562 -0.7409511174895533 0
    outer loop
      vertex 52.77842712402344 -15.178427122533321 0
      vertex 52.77842712402344 -15.178427122533321 3.5
      vertex 52.48757313936949 -15.44204181432724 3.5
    endloop
  endfacet
  facet normal 0.7409511174895533 -0.6715589635251562 0
    outer loop
      vertex 53.042041815817356 -14.887573137879372 0
      vertex 53.042041815817356 -14.887573137879372 3.5
      vertex 52.77842712402344 -15.178427122533321 3.5
    endloop
  endfacet
  facet normal 0.8032075288650011 -0.5956993080192206 0
    outer loop
      vertex 53.275878451764584 -14.572280935943127 0
      vertex 53.275878451764584 -14.572280935943127 3.5
      vertex 53.042041815817356 -14.887573137879372 3.5
    endloop
  endfacet
  facet normal 0.857728607028397 -0.5141027491514958 0
    outer loop
      vertex 53.47768506407738 -14.235586948692799 0
      vertex 53.47768506407738 -14.235586948692799 3.5
      vertex 53.275878451764584 -14.572280935943127 3.5
    endloop
  endfacet
  facet normal 0.9039892993552973 -0.42755508025413363 0
    outer loop
      vertex 53.64551813155413 -13.880733728408813 0
      vertex 53.64551813155413 -13.880733728408813 3.5
      vertex 53.47768506407738 -14.235586948692799 3.5
    endloop
  endfacet
  facet normal 0.9415440627982695 -0.3368898600571533 0
    outer loop
      vertex 53.77776134759188 -13.511138707399368 0
      vertex 53.77776134759188 -13.511138707399368 3.5
      vertex 53.64551813155413 -13.880733728408813 3.5
    endloop
  endfacet
  facet normal 0.9700312537020961 -0.24298017787700282 0
    outer loop
      vertex 53.87314112484455 -13.130361288785934 0
      vertex 53.87314112484455 -13.130361288785934 3.5
      vertex 53.77776134759188 -13.511138707399368 3.5
    endloop
  endfacet
  facet normal 0.9891765093153607 -0.14673047883339677 0
    outer loop
      vertex 53.93073891103268 -12.742068566381931 0
      vertex 53.93073891103268 -12.742068566381931 3.5
      vertex 53.87314112484455 -13.130361288785934 3.5
    endloop
  endfacet
  facet normal 0.9987954563973425 -0.049067670415704694 0
    outer loop
      vertex 53.95000000298023 -12.350000001490116 0
      vertex 53.95000000298023 -12.350000001490116 3.5
      vertex 53.93073891103268 -12.742068566381931 3.5
    endloop
  endfacet
  facet normal 0 0 1
    outer loop
      vertex 49.95000000298023 -16.350000001490116 3.5
      vertex 50.34206856787205 -16.33073890954256 3.5
      vertex 50.73036129027605 -16.273141123354435 3.5
    endloop
  endfacet
  facet normal 0 0 1
    outer loop
      vertex 53.95000000298023 -12.350000001490116 3.5
      vertex 45.69504285603762 -10.337961815297604 3.5
      vertex 45.45000000298023 -10.350000001490116 3.5
    endloop
  endfacet
  facet normal 0 0 1
    outer loop
      vertex 53.95000000298023 -12.350000001490116 3.5
      vertex 45.93772580474615 -10.301963202655315 3.5
      vertex 45.69504285603762 -10.337961815297604 3.5
    endloop
  endfacet
  facet normal 0 0 1
    outer loop
      vertex 53.95000000298023 -12.350000001490116 3.5
      vertex 46.17571169883013 -10.242350839078426 3.5
      vertex 45.93772580474615 -10.301963202655315 3.5
    endloop
  endfacet
  facet normal 0 0 1
    outer loop
      vertex 53.95000000298023 -12.350000001490116 3.5
      vertex 46.40670858323574 -10.159698829054832 3.5
      vertex 46.17571169883013 -10.242350839078426 3.5
    endloop
  endfacet
  facet normal 0 0 1
    outer loop
      vertex 53.95000000298023 -12.350000001490116 3.5
      vertex 46.6284918487072 -10.054803162813187 3.5
      vertex 46.40670858323574 -10.159698829054832 3.5
    endloop
  endfacet
  facet normal 0 0 1
    outer loop
      vertex 53.95000000298023 -12.350000001490116 3.5
      vertex 46.83892558515072 -9.928674034774303 3.5
      vertex 46.6284918487072 -10.054803162813187 3.5
    endloop
  endfacet
  facet normal 0 0 1
    outer loop
      vertex 53.95000000298023 -12.350000001490116 3.5
      vertex 47.035983212292194 -9.782526135444641 3.5
      vertex 46.83892558515072 -9.928674034774303 3.5
    endloop
  endfacet
  facet normal 0 0 1
    outer loop
      vertex 53.95000000298023 -12.350000001490116 3.5
      vertex 47.21776695549488 -9.617766954004765 3.5
      vertex 47.035983212292194 -9.782526135444641 3.5
    endloop
  endfacet
  facet normal 0 0 1
    outer loop
      vertex 53.95000000298023 -12.350000001490116 3.5
      vertex 47.38252613693476 -9.435983210802078 3.5
      vertex 47.21776695549488 -9.617766954004765 3.5
    endloop
  endfacet
  facet normal 0 0 1
    outer loop
      vertex 53.95000000298023 -12.350000001490116 3.5
      vertex 47.52867403626442 -9.238925583660603 3.5
      vertex 47.38252613693476 -9.435983210802078 3.5
    endloop
  endfacet
  facet normal 0 0 1
    outer loop
      vertex 53.95000000298023 -12.350000001490116 3.5
      vertex 47.6548031643033 -9.028491847217083 3.5
      vertex 47.52867403626442 -9.238925583660603 3.5
    endloop
  endfacet
  facet normal 0 0 1
    outer loop
      vertex 53.95000000298023 -12.350000001490116 3.5
      vertex 47.75969883054495 -8.806708581745625 3.5
      vertex 47.6548031643033 -9.028491847217083 3.5
    endloop
  endfacet
  facet normal 0 0 1
    outer loop
      vertex 53.95000000298023 -12.350000001490116 3.5
      vertex 47.84235084056854 -8.575711697340012 3.5
      vertex 47.75969883054495 -8.806708581745625 3.5
    endloop
  endfacet
  facet normal 0 0 1
    outer loop
      vertex 53.95000000298023 -12.350000001490116 3.5
      vertex 47.90196320414543 -8.337725803256035 3.5
      vertex 47.84235084056854 -8.575711697340012 3.5
    endloop
  endfacet
  facet normal 0 0 1
    outer loop
      vertex 53.95000000298023 -12.350000001490116 3.5
      vertex 47.93796181678772 -8.0950428545475 3.5
      vertex 47.90196320414543 -8.337725803256035 3.5
    endloop
  endfacet
  facet normal 0 0 1
    outer loop
      vertex 53.95000000298023 -12.350000001490116 3.5
      vertex 47.95000000298023 -7.850000001490116 3.5
      vertex 47.93796181678772 -8.0950428545475 3.5
    endloop
  endfacet
  facet normal 0 0 1
    outer loop
      vertex 53.95000000298023 -12.350000001490116 3.5
      vertex 47.95000000298023 -7.350000000000001 3.5
      vertex 47.95000000298023 -7.850000001490116 3.5
    endloop
  endfacet
  facet normal 0 0 1
    outer loop
      vertex 53.95000000298023 -12.350000001490116 3.5
      vertex 47.95000000298023 -7.266942535216398 3.5
      vertex 47.95000000298023 -7.350000000000001 3.5
    endloop
  endfacet
  facet normal 0 0 1
    outer loop
      vertex 53.95000000298023 -12.350000001490116 3.5
      vertex 53.95000000298023 12.350000001490116 3.5
      vertex 47.95000000298023 -7.266942535216398 3.5
    endloop
  endfacet
  facet normal 0 0 -1
    outer loop
      vertex -53.87314112484455 -13.130361288785934 0
      vertex 51.84228066636426 10.85 0
      vertex 51.84228066636426 7.15 0
    endloop
  endfacet
  facet normal 0 0 -1
    outer loop
      vertex -53.87314112484455 -13.130361288785934 0
      vertex 53.95000000298023 12.350000001490116 0
      vertex 51.84228066636426 10.85 0
    endloop
  endfacet
  facet normal 0 0 -1
    outer loop
      vertex -53.93073891103268 -12.742068566381931 0
      vertex 53.93073891103268 12.742068566381931 0
      vertex 53.95000000298023 12.350000001490116 0
    endloop
  endfacet
  facet normal 0 0 -1
    outer loop
      vertex -53.95000000298023 -12.350000001490116 0
      vertex 53.87314112484455 13.130361288785934 0
      vertex 53.93073891103268 12.742068566381931 0
    endloop
  endfacet
  facet normal 0 0 -1
    outer loop
      vertex -53.95000000298023 12.350000001490116 0
      vertex 53.77776134759188 13.511138707399368 0
      vertex 53.87314112484455 13.130361288785934 0
    endloop
  endfacet
  facet normal 0 0 -1
    outer loop
      vertex -53.93073891103268 12.742068566381931 0
      vertex 53.64551813155413 13.880733728408813 0
      vertex 53.77776134759188 13.511138707399368 0
    endloop
  endfacet
  facet normal 0 0 -1
    outer loop
      vertex -53.87314112484455 13.130361288785934 0
      vertex 53.47768506407738 14.235586948692799 0
      vertex 53.64551813155413 13.880733728408813 0
    endloop
  endfacet
  facet normal 0 0 -1
    outer loop
      vertex -53.77776134759188 13.511138707399368 0
      vertex 53.275878451764584 14.572280935943127 0
      vertex 53.47768506407738 14.235586948692799 0
    endloop
  endfacet
  facet normal 0 0 -1
    outer loop
      vertex -52.17228093743324 15.675878450274467 0
      vertex 51.111138708889484 16.17776134610176 0
      vertex 51.48073372989893 16.04551813006401 0
    endloop
  endfacet
  facet normal 0 0 -1
    outer loop
      vertex -51.111138708889484 16.17776134610176 0
      vertex 49.95000000298023 16.350000001490116 0
      vertex 50.34206856787205 16.33073890954256 0
    endloop
  endfacet
  facet normal 0 0 -1
    outer loop
      vertex -51.48073372989893 16.04551813006401 0
      vertex 50.34206856787205 16.33073890954256 0
      vertex 50.73036129027605 16.273141123354435 0
    endloop
  endfacet
  facet normal 0 0 -1
    outer loop
      vertex -51.835586950182915 15.877685062587261 0
      vertex 50.73036129027605 16.273141123354435 0
      vertex 51.111138708889484 16.17776134610176 0
    endloop
  endfacet
  facet normal 0 0 -1
    outer loop
      vertex -53.64551813155413 13.880733728408813 0
      vertex 53.042041815817356 14.887573137879372 0
      vertex 53.275878451764584 14.572280935943127 0
    endloop
  endfacet
  facet normal 0 0 -1
    outer loop
      vertex -53.47768506407738 14.235586948692799 0
      vertex 52.77842712402344 15.178427122533321 0
      vertex 53.042041815817356 14.887573137879372 0
    endloop
  endfacet
  facet normal 0 0 -1
    outer loop
      vertex -53.275878451764584 14.572280935943127 0
      vertex 52.48757313936949 15.44204181432724 0
      vertex 52.77842712402344 15.178427122533321 0
    endloop
  endfacet
  facet normal 0 0 -1
    outer loop
      vertex -53.042041815817356 14.887573137879372 0
      vertex 52.17228093743324 15.675878450274467 0
      vertex 52.48757313936949 15.44204181432724 0
    endloop
  endfacet
  facet normal 0 0 -1
    outer loop
      vertex -52.77842712402344 15.178427122533321 0
      vertex 51.835586950182915 15.877685062587261 0
      vertex 52.17228093743324 15.675878450274467 0
    endloop
  endfacet
  facet normal 0 0 -1
    outer loop
      vertex -52.48757313936949 15.44204181432724 0
      vertex 51.48073372989893 16.04551813006401 0
      vertex 51.835586950182915 15.877685062587261 0
    endloop
  endfacet
  facet normal 0 1 0
    outer loop
      vertex -49.95000000298023 16.350000001490116 0
      vertex 49.95000000298023 16.350000001490116 3.5
      vertex 49.95000000298023 16.350000001490116 0
    endloop
  endfacet
  facet normal 0 0 -1
    outer loop
      vertex 52 -7.15 0
      vertex 51.84228066636426 7.15 0
      vertex 52 7.15 0
    endloop
  endfacet
  facet normal 0 0 -1
    outer loop
      vertex 53.95000000298023 12.350000001490116 0
      vertex 52 -7.15 0
      vertex 52 7.15 0
    endloop
  endfacet
  facet normal 0 0 -1
    outer loop
      vertex 53.95000000298023 12.350000001490116 0
      vertex 52 7.15 0
      vertex 52 10.85 0
    endloop
  endfacet
  facet normal 0 0 -1
    outer loop
      vertex 53.95000000298023 12.350000001490116 0
      vertex 52 10.85 0
      vertex 51.84228066636426 10.85 0
    endloop
  endfacet
  facet normal 0.9987954563973425 0.049067670415704694 0
    outer loop
      vertex 53.95000000298023 12.350000001490116 0
      vertex 53.93073891103268 12.742068566381931 0
      vertex 53.95000000298023 12.350000001490116 3.5
    endloop
  endfacet
  facet normal 0.9891765093153607 0.14673047883339677 0
    outer loop
      vertex 53.93073891103268 12.742068566381931 0
      vertex 53.87314112484455 13.130361288785934 0
      vertex 53.93073891103268 12.742068566381931 3.5
    endloop
  endfacet
  facet normal 0.9700312537020961 0.24298017787700282 0
    outer loop
      vertex 53.87314112484455 13.130361288785934 0
      vertex 53.77776134759188 13.511138707399368 0
      vertex 53.87314112484455 13.130361288785934 3.5
    endloop
  endfacet
  facet normal 0.9415440627982695 0.3368898600571533 0
    outer loop
      vertex 53.77776134759188 13.511138707399368 0
      vertex 53.64551813155413 13.880733728408813 0
      vertex 53.77776134759188 13.511138707399368 3.5
    endloop
  endfacet
  facet normal 0.9039892993552973 0.42755508025413363 0
    outer loop
      vertex 53.64551813155413 13.880733728408813 0
      vertex 53.47768506407738 14.235586948692799 0
      vertex 53.64551813155413 13.880733728408813 3.5
    endloop
  endfacet
  facet normal 0.049067670415704694 0.9987954563973425 0
    outer loop
      vertex 49.95000000298023 16.350000001490116 0
      vertex 50.34206856787205 16.33073890954256 3.5
      vertex 50.34206856787205 16.33073890954256 0
    endloop
  endfacet
  facet normal 0.857728607028397 0.5141027491514958 0
    outer loop
      vertex 53.47768506407738 14.235586948692799 0
      vertex 53.275878451764584 14.572280935943127 0
      vertex 53.47768506407738 14.235586948692799 3.5
    endloop
  endfacet
  facet normal 0.8032075288650011 0.5956993080192206 0
    outer loop
      vertex 53.275878451764584 14.572280935943127 0
      vertex 53.042041815817356 14.887573137879372 0
      vertex 53.275878451764584 14.572280935943127 3.5
    endloop
  endfacet
  facet normal 0.7409511174895533 0.6715589635251562 0
    outer loop
      vertex 53.042041815817356 14.887573137879372 0
      vertex 52.77842712402344 15.178427122533321 0
      vertex 53.042041815817356 14.887573137879372 3.5
    endloop
  endfacet
  facet normal 0.6715589635251562 0.7409511174895533 0
    outer loop
      vertex 52.77842712402344 15.178427122533321 0
      vertex 52.48757313936949 15.44204181432724 0
      vertex 52.77842712402344 15.178427122533321 3.5
    endloop
  endfacet
  facet normal 0.5141027491514958 0.857728607028397 0
    outer loop
      vertex 52.17228093743324 15.675878450274467 0
      vertex 51.835586950182915 15.877685062587261 0
      vertex 52.17228093743324 15.675878450274467 3.5
    endloop
  endfacet
  facet normal 0.3368898600571533 0.9415440627982695 0
    outer loop
      vertex 51.111138708889484 16.17776134610176 0
      vertex 51.48073372989893 16.04551813006401 3.5
      vertex 51.48073372989893 16.04551813006401 0
    endloop
  endfacet
  facet normal 0.24298017787700282 0.9700312537020961 0
    outer loop
      vertex 50.73036129027605 16.273141123354435 0
      vertex 51.111138708889484 16.17776134610176 3.5
      vertex 51.111138708889484 16.17776134610176 0
    endloop
  endfacet
  facet normal 0.14673047883339677 0.9891765093153607 0
    outer loop
      vertex 50.34206856787205 16.33073890954256 0
      vertex 50.73036129027605 16.273141123354435 3.5
      vertex 50.73036129027605 16.273141123354435 0
    endloop
  endfacet
  facet normal 0.42755508025413363 0.9039892993552973 0
    outer loop
      vertex 51.835586950182915 15.877685062587261 0
      vertex 51.48073372989893 16.04551813006401 0
      vertex 51.835586950182915 15.877685062587261 3.5
    endloop
  endfacet
  facet normal 0.5956993080192206 0.8032075288650011 0
    outer loop
      vertex 52.17228093743324 15.675878450274467 0
      vertex 52.48757313936949 15.44204181432724 3.5
      vertex 52.48757313936949 15.44204181432724 0
    endloop
  endfacet
  facet normal 0 0 1
    outer loop
      vertex -53.95000000298023 12.350000001490116 3.5
      vertex 45.45000000298023 10.350000001490116 3.5
      vertex 53.87314112484455 13.130361288785934 3.5
    endloop
  endfacet
  facet normal 0 0 1
    outer loop
      vertex -53.95000000298023 12.350000001490116 3.5
      vertex 53.87314112484455 13.130361288785934 3.5
      vertex 53.77776134759188 13.511138707399368 3.5
    endloop
  endfacet
  facet normal 0 0 1
    outer loop
      vertex -53.93073891103268 12.742068566381931 3.5
      vertex 53.77776134759188 13.511138707399368 3.5
      vertex 53.64551813155413 13.880733728408813 3.5
    endloop
  endfacet
  facet normal 0 0 1
    outer loop
      vertex -53.87314112484455 13.130361288785934 3.5
      vertex 53.64551813155413 13.880733728408813 3.5
      vertex 53.47768506407738 14.235586948692799 3.5
    endloop
  endfacet
  facet normal 0 0 1
    outer loop
      vertex -53.77776134759188 13.511138707399368 3.5
      vertex 53.47768506407738 14.235586948692799 3.5
      vertex 53.275878451764584 14.572280935943127 3.5
    endloop
  endfacet
  facet normal 0 0 1
    outer loop
      vertex -52.17228093743324 15.675878450274467 3.5
      vertex 51.48073372989893 16.04551813006401 3.5
      vertex 51.111138708889484 16.17776134610176 3.5
    endloop
  endfacet
  facet normal 0 0 1
    outer loop
      vertex -51.111138708889484 16.17776134610176 3.5
      vertex 50.34206856787205 16.33073890954256 3.5
      vertex 49.95000000298023 16.350000001490116 3.5
    endloop
  endfacet
  facet normal 0 0 1
    outer loop
      vertex -51.48073372989893 16.04551813006401 3.5
      vertex 50.73036129027605 16.273141123354435 3.5
      vertex 50.34206856787205 16.33073890954256 3.5
    endloop
  endfacet
  facet normal 0 0 1
    outer loop
      vertex -51.835586950182915 15.877685062587261 3.5
      vertex 51.111138708889484 16.17776134610176 3.5
      vertex 50.73036129027605 16.273141123354435 3.5
    endloop
  endfacet
  facet normal 0 0 1
    outer loop
      vertex -53.64551813155413 13.880733728408813 3.5
      vertex 53.275878451764584 14.572280935943127 3.5
      vertex 53.042041815817356 14.887573137879372 3.5
    endloop
  endfacet
  facet normal 0 0 1
    outer loop
      vertex -53.47768506407738 14.235586948692799 3.5
      vertex 53.042041815817356 14.887573137879372 3.5
      vertex 52.77842712402344 15.178427122533321 3.5
    endloop
  endfacet
  facet normal 0 0 1
    outer loop
      vertex -53.275878451764584 14.572280935943127 3.5
      vertex 52.77842712402344 15.178427122533321 3.5
      vertex 52.48757313936949 15.44204181432724 3.5
    endloop
  endfacet
  facet normal 0 0 1
    outer loop
      vertex -53.042041815817356 14.887573137879372 3.5
      vertex 52.48757313936949 15.44204181432724 3.5
      vertex 52.17228093743324 15.675878450274467 3.5
    endloop
  endfacet
  facet normal 0 0 1
    outer loop
      vertex -52.77842712402344 15.178427122533321 3.5
      vertex 52.17228093743324 15.675878450274467 3.5
      vertex 51.835586950182915 15.877685062587261 3.5
    endloop
  endfacet
  facet normal 0 0 1
    outer loop
      vertex -52.48757313936949 15.44204181432724 3.5
      vertex 51.835586950182915 15.877685062587261 3.5
      vertex 51.48073372989893 16.04551813006401 3.5
    endloop
  endfacet
  facet normal 1 0 0
    outer loop
      vertex 53.95000000298023 -12.350000001490116 3.5
      vertex 53.95000000298023 12.350000001490116 0
      vertex 53.95000000298023 12.350000001490116 3.5
    endloop
  endfacet
  facet normal 0 0 1
    outer loop
      vertex 53.95000000298023 12.350000001490116 3.5
      vertex 47.95000000298023 -2.3500000000000014 3.5
      vertex 47.95000000298023 -7.266942535216398 3.5
    endloop
  endfacet
  facet normal 0 0 1
    outer loop
      vertex 53.95000000298023 12.350000001490116 3.5
      vertex 47.95000000298023 2.6499999999999986 3.5
      vertex 47.95000000298023 -2.3500000000000014 3.5
    endloop
  endfacet
  facet normal 0 0 1
    outer loop
      vertex 53.95000000298023 12.350000001490116 3.5
      vertex 47.95000000298023 7.850000001490116 3.5
      vertex 47.95000000298023 2.6499999999999986 3.5
    endloop
  endfacet
  facet normal 0.9987954563973425 0.049067670415704694 0
    outer loop
      vertex 53.93073891103268 12.742068566381931 0
      vertex 53.93073891103268 12.742068566381931 3.5
      vertex 53.95000000298023 12.350000001490116 3.5
    endloop
  endfacet
  facet normal 0.9891765093153607 0.14673047883339677 0
    outer loop
      vertex 53.87314112484455 13.130361288785934 0
      vertex 53.87314112484455 13.130361288785934 3.5
      vertex 53.93073891103268 12.742068566381931 3.5
    endloop
  endfacet
  facet normal 0.9700312537020961 0.24298017787700282 0
    outer loop
      vertex 53.77776134759188 13.511138707399368 0
      vertex 53.77776134759188 13.511138707399368 3.5
      vertex 53.87314112484455 13.130361288785934 3.5
    endloop
  endfacet
  facet normal 0.9415440627982695 0.3368898600571533 0
    outer loop
      vertex 53.64551813155413 13.880733728408813 0
      vertex 53.64551813155413 13.880733728408813 3.5
      vertex 53.77776134759188 13.511138707399368 3.5
    endloop
  endfacet
  facet normal 0.9039892993552973 0.42755508025413363 0
    outer loop
      vertex 53.47768506407738 14.235586948692799 0
      vertex 53.47768506407738 14.235586948692799 3.5
      vertex 53.64551813155413 13.880733728408813 3.5
    endloop
  endfacet
  facet normal 0.049067670415704694 0.9987954563973425 0
    outer loop
      vertex 49.95000000298023 16.350000001490116 0
      vertex 49.95000000298023 16.350000001490116 3.5
      vertex 50.34206856787205 16.33073890954256 3.5
    endloop
  endfacet
  facet normal 0.14673047883339677 0.9891765093153607 0
    outer loop
      vertex 50.34206856787205 16.33073890954256 0
      vertex 50.34206856787205 16.33073890954256 3.5
      vertex 50.73036129027605 16.273141123354435 3.5
    endloop
  endfacet
  facet normal 0.857728607028397 0.5141027491514958 0
    outer loop
      vertex 53.275878451764584 14.572280935943127 0
      vertex 53.275878451764584 14.572280935943127 3.5
      vertex 53.47768506407738 14.235586948692799 3.5
    endloop
  endfacet
  facet normal 0.8032075288650011 0.5956993080192206 0
    outer loop
      vertex 53.042041815817356 14.887573137879372 0
      vertex 53.042041815817356 14.887573137879372 3.5
      vertex 53.275878451764584 14.572280935943127 3.5
    endloop
  endfacet
  facet normal 0.7409511174895533 0.6715589635251562 0
    outer loop
      vertex 52.77842712402344 15.178427122533321 0
      vertex 52.77842712402344 15.178427122533321 3.5
      vertex 53.042041815817356 14.887573137879372 3.5
    endloop
  endfacet
  facet normal 0.5141027491514958 0.857728607028397 0
    outer loop
      vertex 51.835586950182915 15.877685062587261 0
      vertex 51.835586950182915 15.877685062587261 3.5
      vertex 52.17228093743324 15.675878450274467 3.5
    endloop
  endfacet
  facet normal 0.24298017787700282 0.9700312537020961 0
    outer loop
      vertex 50.73036129027605 16.273141123354435 0
      vertex 50.73036129027605 16.273141123354435 3.5
      vertex 51.111138708889484 16.17776134610176 3.5
    endloop
  endfacet
  facet normal 0.3368898600571533 0.9415440627982695 0
    outer loop
      vertex 51.111138708889484 16.17776134610176 0
      vertex 51.111138708889484 16.17776134610176 3.5
      vertex 51.48073372989893 16.04551813006401 3.5
    endloop
  endfacet
  facet normal 0.42755508025413363 0.9039892993552973 0
    outer loop
      vertex 51.48073372989893 16.04551813006401 0
      vertex 51.48073372989893 16.04551813006401 3.5
      vertex 51.835586950182915 15.877685062587261 3.5
    endloop
  endfacet
  facet normal 0.6715589635251562 0.7409511174895533 0
    outer loop
      vertex 52.48757313936949 15.44204181432724 0
      vertex 52.48757313936949 15.44204181432724 3.5
      vertex 52.77842712402344 15.178427122533321 3.5
    endloop
  endfacet
  facet normal 0.5956993080192206 0.8032075288650011 0
    outer loop
      vertex 52.17228093743324 15.675878450274467 0
      vertex 52.17228093743324 15.675878450274467 3.5
      vertex 52.48757313936949 15.44204181432724 3.5
    endloop
  endfacet
  facet normal 0 0 1
    outer loop
      vertex 53.95000000298023 12.350000001490116 3.5
      vertex 47.93796181678772 8.0950428545475 3.5
      vertex 47.95000000298023 7.850000001490116 3.5
    endloop
  endfacet
  facet normal 0 0 1
    outer loop
      vertex 53.95000000298023 12.350000001490116 3.5
      vertex 47.90196320414543 8.337725803256035 3.5
      vertex 47.93796181678772 8.0950428545475 3.5
    endloop
  endfacet
  facet normal 0 0 1
    outer loop
      vertex 53.95000000298023 12.350000001490116 3.5
      vertex 47.52867403626442 9.238925583660603 3.5
      vertex 47.6548031643033 9.028491847217083 3.5
    endloop
  endfacet
  facet normal 0 0 1
    outer loop
      vertex 53.95000000298023 12.350000001490116 3.5
      vertex 47.84235084056854 8.575711697340012 3.5
      vertex 47.90196320414543 8.337725803256035 3.5
    endloop
  endfacet
  facet normal 0 0 1
    outer loop
      vertex 53.95000000298023 12.350000001490116 3.5
      vertex 47.75969883054495 8.806708581745625 3.5
      vertex 47.84235084056854 8.575711697340012 3.5
    endloop
  endfacet
  facet normal 0 0 1
    outer loop
      vertex 53.95000000298023 12.350000001490116 3.5
      vertex 47.6548031643033 9.028491847217083 3.5
      vertex 47.75969883054495 8.806708581745625 3.5
    endloop
  endfacet
  facet normal 0 0 1
    outer loop
      vertex 53.95000000298023 12.350000001490116 3.5
      vertex 46.17571169883013 10.242350839078426 3.5
      vertex 46.40670858323574 10.159698829054832 3.5
    endloop
  endfacet
  facet normal 0 0 1
    outer loop
      vertex 53.95000000298023 12.350000001490116 3.5
      vertex 45.93772580474615 10.301963202655315 3.5
      vertex 46.17571169883013 10.242350839078426 3.5
    endloop
  endfacet
  facet normal 0 0 1
    outer loop
      vertex 53.95000000298023 12.350000001490116 3.5
      vertex 45.45000000298023 10.350000001490116 3.5
      vertex 45.69504285603762 10.337961815297604 3.5
    endloop
  endfacet
  facet normal 0 0 1
    outer loop
      vertex 53.95000000298023 12.350000001490116 3.5
      vertex 45.69504285603762 10.337961815297604 3.5
      vertex 45.93772580474615 10.301963202655315 3.5
    endloop
  endfacet
  facet normal 0 0 1
    outer loop
      vertex 53.95000000298023 12.350000001490116 3.5
      vertex 47.38252613693476 9.435983210802078 3.5
      vertex 47.52867403626442 9.238925583660603 3.5
    endloop
  endfacet
  facet normal 0 0 1
    outer loop
      vertex 53.95000000298023 12.350000001490116 3.5
      vertex 47.21776695549488 9.617766954004765 3.5
      vertex 47.38252613693476 9.435983210802078 3.5
    endloop
  endfacet
  facet normal 0 0 1
    outer loop
      vertex 53.95000000298023 12.350000001490116 3.5
      vertex 46.83892558515072 9.928674034774303 3.5
      vertex 47.035983212292194 9.782526135444641 3.5
    endloop
  endfacet
  facet normal 0 0 1
    outer loop
      vertex 53.95000000298023 12.350000001490116 3.5
      vertex 47.035983212292194 9.782526135444641 3.5
      vertex 47.21776695549488 9.617766954004765 3.5
    endloop
  endfacet
  facet normal 0 0 1
    outer loop
      vertex 53.95000000298023 12.350000001490116 3.5
      vertex 46.40670858323574 10.159698829054832 3.5
      vertex 46.6284918487072 10.054803162813187 3.5
    endloop
  endfacet
  facet normal 0 0 1
    outer loop
      vertex 53.95000000298023 12.350000001490116 3.5
      vertex 46.6284918487072 10.054803162813187 3.5
      vertex 46.83892558515072 9.928674034774303 3.5
    endloop
  endfacet
  facet normal 0 0 1
    outer loop
      vertex 53.95000000298023 12.350000001490116 3.5
      vertex 53.93073891103268 12.742068566381931 3.5
      vertex 45.45000000298023 10.350000001490116 3.5
    endloop
  endfacet
  facet normal 0 0 1
    outer loop
      vertex 53.93073891103268 12.742068566381931 3.5
      vertex 53.87314112484455 13.130361288785934 3.5
      vertex 45.45000000298023 10.350000001490116 3.5
    endloop
  endfacet
  facet normal 0 0 1
    outer loop
      vertex -47.6548031643033 -9.028491847217083 2.5
      vertex -47.898888677893645 -8.350000000000001 2.5
      vertex -47.75969883054495 -8.806708581745625 2.5
    endloop
  endfacet
  facet normal 0 0 1
    outer loop
      vertex -47.75969883054495 -8.806708581745625 2.5
      vertex -47.898888677893645 -8.350000000000001 2.5
      vertex -47.84235084056854 -8.575711697340012 2.5
    endloop
  endfacet
  facet normal 0.9700312528108554 0.24298018143503433 -7.606062472829391e-16
    outer loop
      vertex -47.84235084056854 -8.575711697340012 2.5
      vertex -47.898888677893645 -8.350000000000001 2.5
      vertex -47.9000948410801 -8.345184726672198 2.5980171403295604
    endloop
  endfacet
  facet normal 0.740951124514441 0.6715589557743871 0
    outer loop
      vertex -47.21776695549488 -9.617766954004765 2.5
      vertex -47.38252613693476 -9.435983210802078 2.5
      vertex -47.38252613693476 -9.435983210802078 3.5
    endloop
  endfacet
  facet normal 0.8032075265794508 0.5956993111009283 0
    outer loop
      vertex -47.38252613693476 -9.435983210802078 2.5
      vertex -47.52867403626442 -9.238925583660603 2.5
      vertex -47.52867403626442 -9.238925583660603 3.5
    endloop
  endfacet
  facet normal 0.8577286093781414 0.5141027452311838 0
    outer loop
      vertex -47.52867403626442 -9.238925583660603 2.5
      vertex -47.6548031643033 -9.028491847217083 2.5
      vertex -47.6548031643033 -9.028491847217083 3.5
    endloop
  endfacet
  facet normal 0.9039893029043047 0.4275550727503879 0
    outer loop
      vertex -47.6548031643033 -9.028491847217083 2.5
      vertex -47.75969883054495 -8.806708581745625 2.5
      vertex -47.75969883054495 -8.806708581745625 3.5
    endloop
  endfacet
  facet normal 0.9415440610749313 0.336889864873561 0
    outer loop
      vertex -47.75969883054495 -8.806708581745625 2.5
      vertex -47.84235084056854 -8.575711697340012 2.5
      vertex -47.84235084056854 -8.575711697340012 3.5
    endloop
  endfacet
  facet normal 0.9700312528108558 0.242980181435033 2.688150942720292e-15
    outer loop
      vertex -47.84235084056854 -8.575711697340012 2.5
      vertex -47.9000948410801 -8.345184726672198 2.5980171403295604
      vertex -47.90196320414543 -8.337725803256035 3.5
    endloop
  endfacet
  facet normal 0.9700312528107792 0.24298018143533892 0
    outer loop
      vertex -47.90196320414543 -8.337725803256035 2.6483011175352615
      vertex -47.90196320414543 -8.337725803256035 3.5
      vertex -47.9000948410801 -8.345184726672198 2.5980171403295604
    endloop
  endfacet
  facet normal 0.9891765112741091 0.1467304656285882 0
    outer loop
      vertex -47.90196320414543 -8.337725803256035 2.6483011175352615
      vertex -47.90299273339354 -8.330785280403232 2.6950903220161284
      vertex -47.90196320414543 -8.337725803256035 3.5
    endloop
  endfacet
  facet normal 0.9891765112740546 0.14673046562895573 3.2389120570929967e-15
    outer loop
      vertex -47.90299273339354 -8.330785280403232 2.6950903220161284
      vertex -47.90652979659166 -8.306940335732211 2.7902846772544625
      vertex -47.90196320414543 -8.337725803256035 3.5
    endloop
  endfacet
  facet normal 0.989176511274054 0.14673046562896014 3.4324436442245666e-15
    outer loop
      vertex -47.90652979659166 -8.306940335732211 2.7902846772544625
      vertex -47.91143390318476 -8.273879532511287 2.8826834323650896
      vertex -47.90196320414543 -8.337725803256035 3.5
    endloop
  endfacet
  facet normal 0.24298018143504363 0.9700312528108531 0
    outer loop
      vertex -45.93772580474615 -10.301963202655315 2.5
      vertex -46.17571169883013 -10.242350839078426 2.5
      vertex -46.17571169883013 -10.242350839078426 3.5
    endloop
  endfacet
  facet normal 0.14673046562892958 0.9891765112740585 0
    outer loop
      vertex -45.93772580474615 -10.301963202655315 2.5
      vertex -45.93772580474615 -10.301963202655315 3.5
      vertex -45.69504285603762 -10.337961815297604 2.5
    endloop
  endfacet
  facet normal 0.04906768556344164 0.9987954556531818 0
    outer loop
      vertex -45.45000000298023 -10.350000001490116 2.5
      vertex -45.69504285603762 -10.337961815297604 2.5
      vertex -45.69504285603762 -10.337961815297604 3.5
    endloop
  endfacet
  facet normal 0.5141027452311838 0.8577286093781414 0
    outer loop
      vertex -46.6284918487072 -10.054803162813187 2.5
      vertex -46.83892558515072 -9.928674034774303 2.5
      vertex -46.83892558515072 -9.928674034774303 3.5
    endloop
  endfacet
  facet normal 0.4275550727503879 0.9039893029043047 0
    outer loop
      vertex -46.40670858323574 -10.159698829054832 2.5
      vertex -46.6284918487072 -10.054803162813187 2.5
      vertex -46.6284918487072 -10.054803162813187 3.5
    endloop
  endfacet
  facet normal 0.5956993111009283 0.8032075265794508 0
    outer loop
      vertex -46.83892558515072 -9.928674034774303 2.5
      vertex -47.035983212292194 -9.782526135444641 2.5
      vertex -47.035983212292194 -9.782526135444641 3.5
    endloop
  endfacet
  facet normal 0.336889864873561 0.9415440610749313 0
    outer loop
      vertex -46.40670858323574 -10.159698829054832 2.5
      vertex -46.40670858323574 -10.159698829054832 3.5
      vertex -46.17571169883013 -10.242350839078426 2.5
    endloop
  endfacet
  facet normal 0.6715589557743871 0.740951124514441 0
    outer loop
      vertex -47.21776695549488 -9.617766954004765 2.5
      vertex -47.21776695549488 -9.617766954004765 3.5
      vertex -47.035983212292194 -9.782526135444641 2.5
    endloop
  endfacet
  facet normal 0.740951124514441 0.6715589557743871 0
    outer loop
      vertex -47.21776695549488 -9.617766954004765 2.5
      vertex -47.38252613693476 -9.435983210802078 3.5
      vertex -47.21776695549488 -9.617766954004765 3.5
    endloop
  endfacet
  facet normal 0.8032075265794508 0.5956993111009283 0
    outer loop
      vertex -47.38252613693476 -9.435983210802078 2.5
      vertex -47.52867403626442 -9.238925583660603 3.5
      vertex -47.38252613693476 -9.435983210802078 3.5
    endloop
  endfacet
  facet normal 0.9039893029043047 0.4275550727503879 0
    outer loop
      vertex -47.6548031643033 -9.028491847217083 2.5
      vertex -47.75969883054495 -8.806708581745625 3.5
      vertex -47.6548031643033 -9.028491847217083 3.5
    endloop
  endfacet
  facet normal 0.8577286093781414 0.5141027452311838 0
    outer loop
      vertex -47.52867403626442 -9.238925583660603 2.5
      vertex -47.6548031643033 -9.028491847217083 3.5
      vertex -47.52867403626442 -9.238925583660603 3.5
    endloop
  endfacet
  facet normal 0.9415440610749313 0.336889864873561 0
    outer loop
      vertex -47.75969883054495 -8.806708581745625 2.5
      vertex -47.84235084056854 -8.575711697340012 3.5
      vertex -47.75969883054495 -8.806708581745625 3.5
    endloop
  endfacet
  facet normal 0.9700312528108531 0.24298018143504363 0
    outer loop
      vertex -47.84235084056854 -8.575711697340012 2.5
      vertex -47.90196320414543 -8.337725803256035 3.5
      vertex -47.84235084056854 -8.575711697340012 3.5
    endloop
  endfacet
  facet normal 0.989176511274051 0.146730465628979 5.42934592924165e-15
    outer loop
      vertex -47.91143390318476 -8.273879532511287 2.8826834323650896
      vertex -47.917657823945476 -8.231921264348356 2.9713967368259975
      vertex -47.90196320414543 -8.337725803256035 3.5
    endloop
  endfacet
  facet normal 0.9891765112740584 0.14673046562892958 -4.6783495880129415e-15
    outer loop
      vertex -47.917657823945476 -8.231921264348356 2.9713967368259975
      vertex -47.93796181678772 -8.0950428545475 3.5
      vertex -47.90196320414543 -8.337725803256035 3.5
    endloop
  endfacet
  facet normal 0.24298018143504363 0.9700312528108531 0
    outer loop
      vertex -45.93772580474615 -10.301963202655315 2.5
      vertex -46.17571169883013 -10.242350839078426 3.5
      vertex -45.93772580474615 -10.301963202655315 3.5
    endloop
  endfacet
  facet normal 0.14673046562892958 0.9891765112740585 0
    outer loop
      vertex -45.69504285603762 -10.337961815297604 2.5
      vertex -45.93772580474615 -10.301963202655315 3.5
      vertex -45.69504285603762 -10.337961815297604 3.5
    endloop
  endfacet
  facet normal 0.04906768556344164 0.9987954556531818 0
    outer loop
      vertex -45.45000000298023 -10.350000001490116 2.5
      vertex -45.69504285603762 -10.337961815297604 3.5
      vertex -45.45000000298023 -10.350000001490116 3.5
    endloop
  endfacet
  facet normal 0.4275550727503879 0.9039893029043047 0
    outer loop
      vertex -46.40670858323574 -10.159698829054832 2.5
      vertex -46.6284918487072 -10.054803162813187 3.5
      vertex -46.40670858323574 -10.159698829054832 3.5
    endloop
  endfacet
  facet normal 0.5141027452311838 0.8577286093781414 0
    outer loop
      vertex -46.6284918487072 -10.054803162813187 2.5
      vertex -46.83892558515072 -9.928674034774303 3.5
      vertex -46.6284918487072 -10.054803162813187 3.5
    endloop
  endfacet
  facet normal 0.5956993111009283 0.8032075265794508 0
    outer loop
      vertex -46.83892558515072 -9.928674034774303 2.5
      vertex -47.035983212292194 -9.782526135444641 3.5
      vertex -46.83892558515072 -9.928674034774303 3.5
    endloop
  endfacet
  facet normal 0.6715589557743871 0.740951124514441 0
    outer loop
      vertex -47.035983212292194 -9.782526135444641 2.5
      vertex -47.21776695549488 -9.617766954004765 3.5
      vertex -47.035983212292194 -9.782526135444641 3.5
    endloop
  endfacet
  facet normal 0.336889864873561 0.9415440610749313 0
    outer loop
      vertex -46.17571169883013 -10.242350839078426 2.5
      vertex -46.40670858323574 -10.159698829054832 3.5
      vertex -46.17571169883013 -10.242350839078426 3.5
    endloop
  endfacet
  facet normal 1 0 0
    outer loop
      vertex -47.95000000298023 -6.350000000000001 2.5
      vertex -47.95000000298023 -3.3451847266721986 2.5980171403295604
      vertex -47.95000000298023 -6.354815273327804 2.5980171403295604
    endloop
  endfacet
  facet normal 1 0 0
    outer loop
      vertex -47.95000000298023 -6.350000000000001 2.5
      vertex -47.95000000298023 -3.3500000000000014 2.5
      vertex -47.95000000298023 -3.3451847266721986 2.5980171403295604
    endloop
  endfacet
  facet normal 1 0 0
    outer loop
      vertex -47.95000000298023 -1.3500000000000014 2.5
      vertex -47.95000000298023 1.6548152733278017 2.5980171403295604
      vertex -47.95000000298023 -1.3548152733278045 2.5980171403295604
    endloop
  endfacet
  facet normal 1 0 0
    outer loop
      vertex -47.95000000298023 -6.354815273327804 2.5980171403295604
      vertex -47.95000000298023 -3.2738795325112884 2.8826834323650896
      vertex -47.95000000298023 -6.369214719596771 2.6950903220161284
    endloop
  endfacet
  facet normal 1 0 0
    outer loop
      vertex -47.95000000298023 -6.369214719596771 2.6950903220161284
      vertex -47.95000000298023 -3.2738795325112884 2.8826834323650896
      vertex -47.95000000298023 -6.393059664267793 2.7902846772544625
    endloop
  endfacet
  facet normal 1 0 0
    outer loop
      vertex -47.95000000298023 -6.354815273327804 2.5980171403295604
      vertex -47.95000000298023 -3.3451847266721986 2.5980171403295604
      vertex -47.95000000298023 -3.330785280403232 2.6950903220161284
    endloop
  endfacet
  facet normal 1 0 0
    outer loop
      vertex -47.95000000298023 -6.354815273327804 2.5980171403295604
      vertex -47.95000000298023 -3.330785280403232 2.6950903220161284
      vertex -47.95000000298023 -3.30694033573221 2.7902846772544625
    endloop
  endfacet
  facet normal 1 0 0
    outer loop
      vertex -47.95000000298023 -6.354815273327804 2.5980171403295604
      vertex -47.95000000298023 -3.30694033573221 2.7902846772544625
      vertex -47.95000000298023 -3.2738795325112884 2.8826834323650896
    endloop
  endfacet
  facet normal 1 0 0
    outer loop
      vertex -47.95000000298023 -6.393059664267793 2.7902846772544625
      vertex -47.95000000298023 -3.2738795325112884 2.8826834323650896
      vertex -47.95000000298023 -6.4261204674887145 2.8826834323650896
    endloop
  endfacet
  facet normal 1 0 0
    outer loop
      vertex -47.95000000298023 -6.4261204674887145 2.8826834323650896
      vertex -47.95000000298023 -3.2319212643483564 2.9713967368259975
      vertex -47.95000000298023 -6.4680787356516465 2.9713967368259975
    endloop
  endfacet
  facet normal 1 0 0
    outer loop
      vertex -47.95000000298023 -6.4680787356516465 2.9713967368259975
      vertex -47.95000000298023 -3.1814696123025468 3.055570233019602
      vertex -47.95000000298023 -6.5185303876974565 3.055570233019602
    endloop
  endfacet
  facet normal 1 0 0
    outer loop
      vertex -47.95000000298023 -6.4261204674887145 2.8826834323650896
      vertex -47.95000000298023 -3.2738795325112884 2.8826834323650896
      vertex -47.95000000298023 -3.2319212643483564 2.9713967368259975
    endloop
  endfacet
  facet normal 1 0 0
    outer loop
      vertex -47.95000000298023 -6.4680787356516465 2.9713967368259975
      vertex -47.95000000298023 -3.2319212643483564 2.9713967368259975
      vertex -47.95000000298023 -3.1814696123025468 3.055570233019602
    endloop
  endfacet
  facet normal 0.9891765112740802 0.1467304656287829 3.4140819170780704e-14
    outer loop
      vertex -47.917657823945476 -8.231921264348356 2.9713967368259975
      vertex -47.92514161911454 -8.181469612302546 3.055570233019602
      vertex -47.93796181678772 -8.0950428545475 3.5
    endloop
  endfacet
  facet normal 0.9891765112740569 0.14673046562893965 2.993285510333203e-15
    outer loop
      vertex -47.92514161911454 -8.181469612302546 3.055570233019602
      vertex -47.93381321565343 -8.123010453362738 3.1343932841636457
      vertex -47.93796181678772 -8.0950428545475 3.5
    endloop
  endfacet
  facet normal 0.9891765112740514 0.1467304656289779 0
    outer loop
      vertex -47.93381321565343 -8.123010453362738 3.1343932841636457
      vertex -47.93796181678772 -8.0950428545475 3.165250774285785
      vertex -47.93796181678772 -8.0950428545475 3.5
    endloop
  endfacet
  facet normal 0.9987954556531801 0.04906768556347876 0
    outer loop
      vertex -47.93796181678772 -8.0950428545475 3.165250774285785
      vertex -47.93982549699236 -8.05710678118655 3.2071067811865475
      vertex -47.93796181678772 -8.0950428545475 3.5
    endloop
  endfacet
  facet normal 0.9987954556531791 0.049067685563499 -4.547822810451042e-14
    outer loop
      vertex -47.93982549699236 -8.05710678118655 3.2071067811865475
      vertex -47.94339768285679 -7.984393284163647 3.273010453362737
      vertex -47.95000000298023 -7.850000001490116 3.5
    endloop
  endfacet
  facet normal 0.998795455653187 0.04906768556334114 4.821269370398258e-14
    outer loop
      vertex -47.94339768285679 -7.984393284163647 3.273010453362737
      vertex -47.947270011937576 -7.905570233019604 3.3314696123025453
      vertex -47.95000000298023 -7.850000001490116 3.5
    endloop
  endfacet
  facet normal 0.998795455653182 0.04906768556344164 -4.818394941109632e-15
    outer loop
      vertex -47.93982549699236 -8.05710678118655 3.2071067811865475
      vertex -47.95000000298023 -7.850000001490116 3.5
      vertex -47.93796181678772 -8.0950428545475 3.5
    endloop
  endfacet
  facet normal 0.9987954556531796 0.04906768556348701 0
    outer loop
      vertex -47.947270011937576 -7.905570233019604 3.3314696123025453
      vertex -47.95000000298023 -7.850000001490116 3.364777127280684
      vertex -47.95000000298023 -7.850000001490116 3.5
    endloop
  endfacet
  facet normal 1 0 0
    outer loop
      vertex -47.95000000298023 -7.850000001490116 3.364777127280684
      vertex -47.95000000298023 -7.821396736825999 3.381921264348355
      vertex -47.95000000298023 -7.850000001490116 3.5
    endloop
  endfacet
  facet normal 1 0 0
    outer loop
      vertex -47.95000000298023 -7.821396736825999 3.381921264348355
      vertex -47.95000000298023 -7.732683432365091 3.423879532511287
      vertex -47.95000000298023 -7.850000001490116 3.5
    endloop
  endfacet
  facet normal 1 0 0
    outer loop
      vertex -47.95000000298023 -7.732683432365091 3.423879532511287
      vertex -47.95000000298023 -7.6402846772544635 3.4569403357322086
      vertex -47.95000000298023 -7.850000001490116 3.5
    endloop
  endfacet
  facet normal 1 0 0
    outer loop
      vertex -47.95000000298023 -7.6402846772544635 3.4569403357322086
      vertex -47.95000000298023 -7.545090322016129 3.4807852804032304
      vertex -47.95000000298023 -7.850000001490116 3.5
    endloop
  endfacet
  facet normal 1 0 0
    outer loop
      vertex -47.95000000298023 -7.545090322016129 3.4807852804032304
      vertex -47.95000000298023 -7.448017140329562 3.495184726672197
      vertex -47.95000000298023 -7.850000001490116 3.5
    endloop
  endfacet
  facet normal 1 0 0
    outer loop
      vertex -47.95000000298023 -7.448017140329562 3.495184726672197
      vertex -47.95000000298023 -7.350000000000001 3.5
      vertex -47.95000000298023 -7.850000001490116 3.5
    endloop
  endfacet
  facet normal 1 0 0
    outer loop
      vertex -47.95000000298023 -6.5185303876974565 3.055570233019602
      vertex -47.95000000298023 -3.1230104533627383 3.1343932841636457
      vertex -47.95000000298023 -6.5769895466372645 3.1343932841636457
    endloop
  endfacet
  facet normal 1 0 0
    outer loop
      vertex -47.95000000298023 -6.5769895466372645 3.1343932841636457
      vertex -47.95000000298023 -3.057106781186549 3.2071067811865475
      vertex -47.95000000298023 -6.6428932188134535 3.2071067811865475
    endloop
  endfacet
  facet normal 1 0 0
    outer loop
      vertex -47.95000000298023 -6.6428932188134535 3.2071067811865475
      vertex -47.95000000298023 -2.984393284163647 3.273010453362737
      vertex -47.95000000298023 -6.715606715836356 3.273010453362737
    endloop
  endfacet
  facet normal 1 0 0
    outer loop
      vertex -47.95000000298023 -6.5185303876974565 3.055570233019602
      vertex -47.95000000298023 -3.1814696123025468 3.055570233019602
      vertex -47.95000000298023 -3.1230104533627383 3.1343932841636457
    endloop
  endfacet
  facet normal 1 0 0
    outer loop
      vertex -47.95000000298023 -6.5769895466372645 3.1343932841636457
      vertex -47.95000000298023 -3.1230104533627383 3.1343932841636457
      vertex -47.95000000298023 -3.057106781186549 3.2071067811865475
    endloop
  endfacet
  facet normal 1 0 0
    outer loop
      vertex -47.95000000298023 -6.6428932188134535 3.2071067811865475
      vertex -47.95000000298023 -3.057106781186549 3.2071067811865475
      vertex -47.95000000298023 -2.984393284163647 3.273010453362737
    endloop
  endfacet
  facet normal 1 0 0
    outer loop
      vertex -47.95000000298023 -6.794429766980399 3.3314696123025453
      vertex -47.95000000298023 -6.715606715836356 3.273010453362737
      vertex -47.95000000298023 -2.9055702330196036 3.3314696123025453
    endloop
  endfacet
  facet normal 1 0 0
    outer loop
      vertex -47.95000000298023 -6.794429766980399 3.3314696123025453
      vertex -47.95000000298023 -2.821396736825999 3.381921264348355
      vertex -47.95000000298023 -6.8786032631740035 3.381921264348355
    endloop
  endfacet
  facet normal 1 0 0
    outer loop
      vertex -47.95000000298023 -7.2519828596704405 3.495184726672197
      vertex -47.95000000298023 -2.3500000000000014 3.5
      vertex -47.95000000298023 -7.350000000000001 3.5
    endloop
  endfacet
  facet normal 1 0 0
    outer loop
      vertex -47.95000000298023 -6.967316567634912 3.423879532511287
      vertex -47.95000000298023 -6.8786032631740035 3.381921264348355
      vertex -47.95000000298023 -2.732683432365091 3.423879532511287
    endloop
  endfacet
  facet normal 1 0 0
    outer loop
      vertex -47.95000000298023 -6.967316567634912 3.423879532511287
      vertex -47.95000000298023 -2.640284677254464 3.4569403357322086
      vertex -47.95000000298023 -7.059715322745539 3.4569403357322086
    endloop
  endfacet
  facet normal 1 0 0
    outer loop
      vertex -47.95000000298023 -7.1549096779838735 3.4807852804032304
      vertex -47.95000000298023 -7.059715322745539 3.4569403357322086
      vertex -47.95000000298023 -2.3500000000000014 3.5
    endloop
  endfacet
  facet normal 1 0 0
    outer loop
      vertex -47.95000000298023 -7.1549096779838735 3.4807852804032304
      vertex -47.95000000298023 -2.3500000000000014 3.5
      vertex -47.95000000298023 -7.2519828596704405 3.495184726672197
    endloop
  endfacet
  facet normal 1 0 0
    outer loop
      vertex -47.95000000298023 -6.715606715836356 3.273010453362737
      vertex -47.95000000298023 -2.984393284163647 3.273010453362737
      vertex -47.95000000298023 -2.9055702330196036 3.3314696123025453
    endloop
  endfacet
  facet normal 1 0 0
    outer loop
      vertex -47.95000000298023 -6.794429766980399 3.3314696123025453
      vertex -47.95000000298023 -2.9055702330196036 3.3314696123025453
      vertex -47.95000000298023 -2.821396736825999 3.381921264348355
    endloop
  endfacet
  facet normal 1 0 0
    outer loop
      vertex -47.95000000298023 -6.8786032631740035 3.381921264348355
      vertex -47.95000000298023 -2.821396736825999 3.381921264348355
      vertex -47.95000000298023 -2.732683432365091 3.423879532511287
    endloop
  endfacet
  facet normal 1 0 0
    outer loop
      vertex -47.95000000298023 -6.967316567634912 3.423879532511287
      vertex -47.95000000298023 -2.732683432365091 3.423879532511287
      vertex -47.95000000298023 -2.640284677254464 3.4569403357322086
    endloop
  endfacet
  facet normal 1 0 0
    outer loop
      vertex -47.95000000298023 -1.3548152733278045 2.5980171403295604
      vertex -47.95000000298023 1.6692147195967681 2.6950903220161284
      vertex -47.95000000298023 -1.369214719596771 2.6950903220161284
    endloop
  endfacet
  facet normal 1 0 0
    outer loop
      vertex -47.95000000298023 -1.369214719596771 2.6950903220161284
      vertex -47.95000000298023 1.6930596642677898 2.7902846772544625
      vertex -47.95000000298023 -1.3930596642677926 2.7902846772544625
    endloop
  endfacet
  facet normal 1 0 0
    outer loop
      vertex -47.95000000298023 -1.3930596642677926 2.7902846772544625
      vertex -47.95000000298023 1.7261204674887118 2.8826834323650896
      vertex -47.95000000298023 -1.4261204674887147 2.8826834323650896
    endloop
  endfacet
  facet normal 1 0 0
    outer loop
      vertex -47.95000000298023 -1.4261204674887147 2.8826834323650896
      vertex -47.95000000298023 1.9428932188134511 3.2071067811865475
      vertex -47.95000000298023 -1.4680787356516465 2.9713967368259975
    endloop
  endfacet
  facet normal 1 0 0
    outer loop
      vertex -47.95000000298023 -7.059715322745539 3.4569403357322086
      vertex -47.95000000298023 -2.640284677254464 3.4569403357322086
      vertex -47.95000000298023 -2.54509032201613 3.4807852804032304
    endloop
  endfacet
  facet normal 1 0 0
    outer loop
      vertex -47.95000000298023 -7.059715322745539 3.4569403357322086
      vertex -47.95000000298023 -2.54509032201613 3.4807852804032304
      vertex -47.95000000298023 -2.448017140329562 3.495184726672197
    endloop
  endfacet
  facet normal 1 0 0
    outer loop
      vertex -47.95000000298023 -7.059715322745539 3.4569403357322086
      vertex -47.95000000298023 -2.448017140329562 3.495184726672197
      vertex -47.95000000298023 -2.3500000000000014 3.5
    endloop
  endfacet
  facet normal 1 0 0
    outer loop
      vertex -47.95000000298023 -1.4680787356516465 2.9713967368259975
      vertex -47.95000000298023 1.9428932188134511 3.2071067811865475
      vertex -47.95000000298023 -1.518530387697456 3.055570233019602
    endloop
  endfacet
  facet normal 1 0 0
    outer loop
      vertex -47.95000000298023 -1.518530387697456 3.055570233019602
      vertex -47.95000000298023 1.9428932188134511 3.2071067811865475
      vertex -47.95000000298023 -1.5769895466372645 3.1343932841636457
    endloop
  endfacet
  facet normal 1 0 0
    outer loop
      vertex -47.95000000298023 -1.5769895466372645 3.1343932841636457
      vertex -47.95000000298023 1.9428932188134511 3.2071067811865475
      vertex -47.95000000298023 -1.642893218813454 3.2071067811865475
    endloop
  endfacet
  facet normal 1 0 0
    outer loop
      vertex -47.95000000298023 -1.642893218813454 3.2071067811865475
      vertex -47.95000000298023 2.015606715836353 3.273010453362737
      vertex -47.95000000298023 -1.715606715836356 3.273010453362737
    endloop
  endfacet
  facet normal 1 0 0
    outer loop
      vertex -47.95000000298023 -1.715606715836356 3.273010453362737
      vertex -47.95000000298023 2.0944297669803964 3.3314696123025453
      vertex -47.95000000298023 -1.7944297669803992 3.3314696123025453
    endloop
  endfacet
  facet normal 1 0 0
    outer loop
      vertex -47.95000000298023 -1.7944297669803992 3.3314696123025453
      vertex -47.95000000298023 2.178603263174001 3.381921264348355
      vertex -47.95000000298023 -1.8786032631740037 3.381921264348355
    endloop
  endfacet
  facet normal 1 0 0
    outer loop
      vertex -47.95000000298023 -1.8786032631740037 3.381921264348355
      vertex -47.95000000298023 2.267316567634909 3.423879532511287
      vertex -47.95000000298023 -1.9673165676349116 3.423879532511287
    endloop
  endfacet
  facet normal 1 0 0
    outer loop
      vertex -47.95000000298023 -2.059715322745539 3.4569403357322086
      vertex -47.95000000298023 -1.9673165676349116 3.423879532511287
      vertex -47.95000000298023 2.359715322745536 3.4569403357322086
    endloop
  endfacet
  facet normal 1 0 0
    outer loop
      vertex -47.95000000298023 -2.251982859670441 3.495184726672197
      vertex -47.95000000298023 2.6499999999999986 3.5
      vertex -47.95000000298023 -2.3500000000000014 3.5
    endloop
  endfacet
  facet normal 1 0 0
    outer loop
      vertex -47.95000000298023 -2.059715322745539 3.4569403357322086
      vertex -47.95000000298023 2.45490967798387 3.4807852804032304
      vertex -47.95000000298023 -2.154909677983873 3.4807852804032304
    endloop
  endfacet
  facet normal 1 0 0
    outer loop
      vertex -47.95000000298023 -2.154909677983873 3.4807852804032304
      vertex -47.95000000298023 2.551982859670438 3.495184726672197
      vertex -47.95000000298023 -2.251982859670441 3.495184726672197
    endloop
  endfacet
  facet normal 0 0 1
    outer loop
      vertex -45.45000000298023 -10.350000001490116 2.5
      vertex 46.17571169883013 -10.242350839078426 2.5
      vertex -45.69504285603762 -10.337961815297604 2.5
    endloop
  endfacet
  facet normal 0 0 1
    outer loop
      vertex -45.93772580474615 -10.301963202655315 2.5
      vertex -45.69504285603762 -10.337961815297604 2.5
      vertex 46.40670858323574 -10.159698829054832 2.5
    endloop
  endfacet
  facet normal 0 0 1
    outer loop
      vertex -46.40670858323574 -10.159698829054832 2.5
      vertex -46.17571169883013 -10.242350839078426 2.5
      vertex 46.83892558515072 -9.928674034774303 2.5
    endloop
  endfacet
  facet normal 0 0 1
    outer loop
      vertex -46.40670858323574 -10.159698829054832 2.5
      vertex 47.035983212292194 -9.782526135444641 2.5
      vertex -46.6284918487072 -10.054803162813187 2.5
    endloop
  endfacet
  facet normal 0 0 1
    outer loop
      vertex -46.6284918487072 -10.054803162813187 2.5
      vertex 47.21776695549488 -9.617766954004765 2.5
      vertex -46.83892558515072 -9.928674034774303 2.5
    endloop
  endfacet
  facet normal 0 0 1
    outer loop
      vertex -46.83892558515072 -9.928674034774303 2.5
      vertex 47.38252613693476 -9.435983210802078 2.5
      vertex -47.035983212292194 -9.782526135444641 2.5
    endloop
  endfacet
  facet normal 0 0 1
    outer loop
      vertex -47.21776695549488 -9.617766954004765 2.5
      vertex -47.035983212292194 -9.782526135444641 2.5
      vertex 47.52867403626442 -9.238925583660603 2.5
    endloop
  endfacet
  facet normal 0 0 1
    outer loop
      vertex -47.21776695549488 -9.617766954004765 2.5
      vertex 47.6548031643033 -9.028491847217083 2.5
      vertex -47.38252613693476 -9.435983210802078 2.5
    endloop
  endfacet
  facet normal 0 0 1
    outer loop
      vertex -45.93772580474615 -10.301963202655315 2.5
      vertex 46.6284918487072 -10.054803162813187 2.5
      vertex -46.17571169883013 -10.242350839078426 2.5
    endloop
  endfacet
  facet normal 0 0 1
    outer loop
      vertex -47.38252613693476 -9.435983210802078 2.5
      vertex 47.75969883054495 -8.806708581745625 2.5
      vertex -47.52867403626442 -9.238925583660603 2.5
    endloop
  endfacet
  facet normal 0 0 1
    outer loop
      vertex -47.52867403626442 -9.238925583660603 2.5
      vertex 47.84235084056854 -8.575711697340012 2.5
      vertex -47.6548031643033 -9.028491847217083 2.5
    endloop
  endfacet
  facet normal 0 0 1
    outer loop
      vertex -47.6548031643033 -9.028491847217083 2.5
      vertex 47.84235084056854 -8.575711697340012 2.5
      vertex -47.898888677893645 -8.350000000000001 2.5
    endloop
  endfacet
  facet normal 0 1 0
    outer loop
      vertex -45.45000000298023 -10.350000001490116 2.5
      vertex -45.45000000298023 -10.350000001490116 3.5
      vertex 45.45000000298023 -10.350000001490116 2.5
    endloop
  endfacet
  facet normal 0 0 1
    outer loop
      vertex -47.95000000298023 -6.350000000000001 2.5
      vertex 47.95000000298023 -6.350000000000001 2.5
      vertex -47.95000000298023 -3.3500000000000014 2.5
    endloop
  endfacet
  facet normal 0 0 1
    outer loop
      vertex -47.95000000298023 -1.3500000000000014 2.5
      vertex 47.95000000298023 -1.3500000000000014 2.5
      vertex -47.95000000298023 1.6499999999999986 2.5
    endloop
  endfacet
  facet normal 1 0 0
    outer loop
      vertex -47.95000000298023 -1.3500000000000014 2.5
      vertex -47.95000000298023 1.6499999999999986 2.5
      vertex -47.95000000298023 1.6548152733278017 2.5980171403295604
    endloop
  endfacet
  facet normal 1 0 0
    outer loop
      vertex -47.95000000298023 -1.3548152733278045 2.5980171403295604
      vertex -47.95000000298023 1.6548152733278017 2.5980171403295604
      vertex -47.95000000298023 1.6692147195967681 2.6950903220161284
    endloop
  endfacet
  facet normal 1 0 0
    outer loop
      vertex -47.95000000298023 -1.369214719596771 2.6950903220161284
      vertex -47.95000000298023 1.6692147195967681 2.6950903220161284
      vertex -47.95000000298023 1.6930596642677898 2.7902846772544625
    endloop
  endfacet
  facet normal 1 0 0
    outer loop
      vertex -47.95000000298023 -1.3930596642677926 2.7902846772544625
      vertex -47.95000000298023 1.6930596642677898 2.7902846772544625
      vertex -47.95000000298023 1.7261204674887118 2.8826834323650896
    endloop
  endfacet
  facet normal 1 0 0
    outer loop
      vertex -47.95000000298023 -1.4261204674887147 2.8826834323650896
      vertex -47.95000000298023 1.7261204674887118 2.8826834323650896
      vertex -47.95000000298023 1.7680787356516436 2.9713967368259975
    endloop
  endfacet
  facet normal 1 0 0
    outer loop
      vertex -47.95000000298023 -1.4261204674887147 2.8826834323650896
      vertex -47.95000000298023 1.7680787356516436 2.9713967368259975
      vertex -47.95000000298023 1.8185303876974532 3.055570233019602
    endloop
  endfacet
  facet normal 1 0 0
    outer loop
      vertex -47.95000000298023 -1.4261204674887147 2.8826834323650896
      vertex -47.95000000298023 1.8185303876974532 3.055570233019602
      vertex -47.95000000298023 1.8769895466372617 3.1343932841636457
    endloop
  endfacet
  facet normal 1 0 0
    outer loop
      vertex -47.95000000298023 -1.4261204674887147 2.8826834323650896
      vertex -47.95000000298023 1.8769895466372617 3.1343932841636457
      vertex -47.95000000298023 1.9428932188134511 3.2071067811865475
    endloop
  endfacet
  facet normal 1 0 0
    outer loop
      vertex -47.95000000298023 -1.642893218813454 3.2071067811865475
      vertex -47.95000000298023 1.9428932188134511 3.2071067811865475
      vertex -47.95000000298023 2.015606715836353 3.273010453362737
    endloop
  endfacet
  facet normal 1 0 0
    outer loop
      vertex -47.95000000298023 -1.715606715836356 3.273010453362737
      vertex -47.95000000298023 2.015606715836353 3.273010453362737
      vertex -47.95000000298023 2.0944297669803964 3.3314696123025453
    endloop
  endfacet
  facet normal 1 0 0
    outer loop
      vertex -47.95000000298023 -1.7944297669803992 3.3314696123025453
      vertex -47.95000000298023 2.0944297669803964 3.3314696123025453
      vertex -47.95000000298023 2.178603263174001 3.381921264348355
    endloop
  endfacet
  facet normal 1 0 0
    outer loop
      vertex -47.95000000298023 -1.8786032631740037 3.381921264348355
      vertex -47.95000000298023 2.178603263174001 3.381921264348355
      vertex -47.95000000298023 2.267316567634909 3.423879532511287
    endloop
  endfacet
  facet normal 1 0 0
    outer loop
      vertex -47.95000000298023 -1.9673165676349116 3.423879532511287
      vertex -47.95000000298023 2.267316567634909 3.423879532511287
      vertex -47.95000000298023 2.359715322745536 3.4569403357322086
    endloop
  endfacet
  facet normal 1 0 0
    outer loop
      vertex -47.95000000298023 -2.059715322745539 3.4569403357322086
      vertex -47.95000000298023 2.359715322745536 3.4569403357322086
      vertex -47.95000000298023 2.45490967798387 3.4807852804032304
    endloop
  endfacet
  facet normal 1 0 0
    outer loop
      vertex -47.95000000298023 -2.154909677983873 3.4807852804032304
      vertex -47.95000000298023 2.45490967798387 3.4807852804032304
      vertex -47.95000000298023 2.551982859670438 3.495184726672197
    endloop
  endfacet
  facet normal 1 0 0
    outer loop
      vertex -47.95000000298023 -2.251982859670441 3.495184726672197
      vertex -47.95000000298023 2.551982859670438 3.495184726672197
      vertex -47.95000000298023 2.6499999999999986 3.5
    endloop
  endfacet
  facet normal 1 0 0
    outer loop
      vertex -47.95000000298023 3.6499999999999986 2.5
      vertex -47.95000000298023 7.850000001490116 3.5
      vertex -47.95000000298023 3.6451847266721957 2.5980171403295604
    endloop
  endfacet
  facet normal 1 0 0
    outer loop
      vertex -47.95000000298023 3.6451847266721957 2.5980171403295604
      vertex -47.95000000298023 7.850000001490116 3.5
      vertex -47.95000000298023 3.630785280403229 2.6950903220161284
    endloop
  endfacet
  facet normal 1 0 0
    outer loop
      vertex -47.95000000298023 3.630785280403229 2.6950903220161284
      vertex -47.95000000298023 7.850000001490116 3.5
      vertex -47.95000000298023 3.606940335732207 2.7902846772544625
    endloop
  endfacet
  facet normal 1 0 0
    outer loop
      vertex -47.95000000298023 3.606940335732207 2.7902846772544625
      vertex -47.95000000298023 7.850000001490116 3.5
      vertex -47.95000000298023 3.5738795325112855 2.8826834323650896
    endloop
  endfacet
  facet normal 1 0 0
    outer loop
      vertex -47.95000000298023 3.6499999999999986 2.5
      vertex -47.95000000298023 7.850000001490116 2.5
      vertex -47.95000000298023 7.850000001490116 3.5
    endloop
  endfacet
  facet normal 0.9987954556531818 -0.04906768556344164 0
    outer loop
      vertex -47.95000000298023 7.850000001490116 2.5
      vertex -47.93796181678772 8.0950428545475 2.5
      vertex -47.93796181678772 8.0950428545475 3.5
    endloop
  endfacet
  facet normal 1 0 0
    outer loop
      vertex -47.95000000298023 3.5738795325112855 2.8826834323650896
      vertex -47.95000000298023 7.850000001490116 3.5
      vertex -47.95000000298023 3.5319212643483535 2.9713967368259975
    endloop
  endfacet
  facet normal 1 0 0
    outer loop
      vertex -47.95000000298023 3.5319212643483535 2.9713967368259975
      vertex -47.95000000298023 7.850000001490116 3.5
      vertex -47.95000000298023 3.481469612302544 3.055570233019602
    endloop
  endfacet
  facet normal 1 0 0
    outer loop
      vertex -47.95000000298023 3.481469612302544 3.055570233019602
      vertex -47.95000000298023 7.850000001490116 3.5
      vertex -47.95000000298023 3.4230104533627355 3.1343932841636457
    endloop
  endfacet
  facet normal 1 0 0
    outer loop
      vertex -47.95000000298023 3.4230104533627355 3.1343932841636457
      vertex -47.95000000298023 7.850000001490116 3.5
      vertex -47.95000000298023 3.357106781186546 3.2071067811865475
    endloop
  endfacet
  facet normal 1 0 0
    outer loop
      vertex -47.95000000298023 3.357106781186546 3.2071067811865475
      vertex -47.95000000298023 7.850000001490116 3.5
      vertex -47.95000000298023 3.2843932841636443 3.273010453362737
    endloop
  endfacet
  facet normal 1 0 0
    outer loop
      vertex -47.95000000298023 3.2843932841636443 3.273010453362737
      vertex -47.95000000298023 7.850000001490116 3.5
      vertex -47.95000000298023 3.2055702330196008 3.3314696123025453
    endloop
  endfacet
  facet normal 1 0 0
    outer loop
      vertex -47.95000000298023 2.748017140329559 3.495184726672197
      vertex -47.95000000298023 7.850000001490116 3.5
      vertex -47.95000000298023 2.6499999999999986 3.5
    endloop
  endfacet
  facet normal 1 0 0
    outer loop
      vertex -47.95000000298023 2.845090322016127 3.4807852804032304
      vertex -47.95000000298023 2.940284677254461 3.4569403357322086
      vertex -47.95000000298023 7.850000001490116 3.5
    endloop
  endfacet
  facet normal 1 0 0
    outer loop
      vertex -47.95000000298023 2.845090322016127 3.4807852804032304
      vertex -47.95000000298023 7.850000001490116 3.5
      vertex -47.95000000298023 2.748017140329559 3.495184726672197
    endloop
  endfacet
  facet normal 1 0 0
    outer loop
      vertex -47.95000000298023 3.2055702330196008 3.3314696123025453
      vertex -47.95000000298023 7.850000001490116 3.5
      vertex -47.95000000298023 3.121396736825996 3.381921264348355
    endloop
  endfacet
  facet normal 1 0 0
    outer loop
      vertex -47.95000000298023 3.032683432365088 3.423879532511287
      vertex -47.95000000298023 3.121396736825996 3.381921264348355
      vertex -47.95000000298023 7.850000001490116 3.5
    endloop
  endfacet
  facet normal 1 0 0
    outer loop
      vertex -47.95000000298023 3.032683432365088 3.423879532511287
      vertex -47.95000000298023 7.850000001490116 3.5
      vertex -47.95000000298023 2.940284677254461 3.4569403357322086
    endloop
  endfacet
  facet normal 0.9987954556531818 -0.04906768556344164 0
    outer loop
      vertex -47.95000000298023 7.850000001490116 2.5
      vertex -47.93796181678772 8.0950428545475 3.5
      vertex -47.95000000298023 7.850000001490116 3.5
    endloop
  endfacet
  facet normal 0 0 1
    outer loop
      vertex -45.93772580474615 10.301963202655315 2.5
      vertex -45.45000000298023 10.350000001490116 2.5
      vertex -45.69504285603762 10.337961815297604 2.5
    endloop
  endfacet
  facet normal 0.9891765112740585 -0.14673046562892958 0
    outer loop
      vertex -47.93796181678772 8.0950428545475 2.5
      vertex -47.90196320414543 8.337725803256035 2.5
      vertex -47.90196320414543 8.337725803256035 3.5
    endloop
  endfacet
  facet normal 0.9700312528108531 -0.24298018143504363 0
    outer loop
      vertex -47.90196320414543 8.337725803256035 2.5
      vertex -47.84235084056854 8.575711697340012 2.5
      vertex -47.84235084056854 8.575711697340012 3.5
    endloop
  endfacet
  facet normal 0.9415440610749313 -0.336889864873561 0
    outer loop
      vertex -47.84235084056854 8.575711697340012 2.5
      vertex -47.75969883054495 8.806708581745625 2.5
      vertex -47.75969883054495 8.806708581745625 3.5
    endloop
  endfacet
  facet normal 0.9039893029043047 -0.4275550727503879 0
    outer loop
      vertex -47.75969883054495 8.806708581745625 2.5
      vertex -47.6548031643033 9.028491847217083 2.5
      vertex -47.6548031643033 9.028491847217083 3.5
    endloop
  endfacet
  facet normal 0.8577286093781414 -0.5141027452311838 0
    outer loop
      vertex -47.6548031643033 9.028491847217083 2.5
      vertex -47.52867403626442 9.238925583660603 2.5
      vertex -47.52867403626442 9.238925583660603 3.5
    endloop
  endfacet
  facet normal 0.8032075265794508 -0.5956993111009283 0
    outer loop
      vertex -47.52867403626442 9.238925583660603 2.5
      vertex -47.38252613693476 9.435983210802078 2.5
      vertex -47.38252613693476 9.435983210802078 3.5
    endloop
  endfacet
  facet normal 0.740951124514441 -0.6715589557743871 0
    outer loop
      vertex -47.38252613693476 9.435983210802078 2.5
      vertex -47.21776695549488 9.617766954004765 2.5
      vertex -47.21776695549488 9.617766954004765 3.5
    endloop
  endfacet
  facet normal 0.6715589557743871 -0.740951124514441 0
    outer loop
      vertex -47.21776695549488 9.617766954004765 2.5
      vertex -47.035983212292194 9.782526135444641 2.5
      vertex -47.035983212292194 9.782526135444641 3.5
    endloop
  endfacet
  facet normal 0.5956993111009283 -0.8032075265794508 0
    outer loop
      vertex -47.035983212292194 9.782526135444641 2.5
      vertex -46.83892558515072 9.928674034774303 2.5
      vertex -46.83892558515072 9.928674034774303 3.5
    endloop
  endfacet
  facet normal 0.5141027452311838 -0.8577286093781414 0
    outer loop
      vertex -46.83892558515072 9.928674034774303 2.5
      vertex -46.6284918487072 10.054803162813187 2.5
      vertex -46.6284918487072 10.054803162813187 3.5
    endloop
  endfacet
  facet normal 0.4275550727503879 -0.9039893029043047 0
    outer loop
      vertex -46.6284918487072 10.054803162813187 2.5
      vertex -46.40670858323574 10.159698829054832 2.5
      vertex -46.40670858323574 10.159698829054832 3.5
    endloop
  endfacet
  facet normal 0.336889864873561 -0.9415440610749313 0
    outer loop
      vertex -46.40670858323574 10.159698829054832 2.5
      vertex -46.17571169883013 10.242350839078426 2.5
      vertex -46.17571169883013 10.242350839078426 3.5
    endloop
  endfacet
  facet normal 0.24298018143504363 -0.9700312528108531 0
    outer loop
      vertex -46.17571169883013 10.242350839078426 2.5
      vertex -45.93772580474615 10.301963202655315 2.5
      vertex -45.93772580474615 10.301963202655315 3.5
    endloop
  endfacet
  facet normal 0.14673046562892958 -0.9891765112740585 0
    outer loop
      vertex -45.93772580474615 10.301963202655315 2.5
      vertex -45.69504285603762 10.337961815297604 2.5
      vertex -45.69504285603762 10.337961815297604 3.5
    endloop
  endfacet
  facet normal 0.04906768556344164 -0.9987954556531818 0
    outer loop
      vertex -45.69504285603762 10.337961815297604 2.5
      vertex -45.45000000298023 10.350000001490116 2.5
      vertex -45.45000000298023 10.350000001490116 3.5
    endloop
  endfacet
  facet normal 0.9891765112740585 -0.14673046562892958 0
    outer loop
      vertex -47.93796181678772 8.0950428545475 2.5
      vertex -47.90196320414543 8.337725803256035 3.5
      vertex -47.93796181678772 8.0950428545475 3.5
    endloop
  endfacet
  facet normal 0.9700312528108531 -0.24298018143504363 0
    outer loop
      vertex -47.90196320414543 8.337725803256035 2.5
      vertex -47.84235084056854 8.575711697340012 3.5
      vertex -47.90196320414543 8.337725803256035 3.5
    endloop
  endfacet
  facet normal 0.9415440610749313 -0.336889864873561 0
    outer loop
      vertex -47.84235084056854 8.575711697340012 2.5
      vertex -47.75969883054495 8.806708581745625 3.5
      vertex -47.84235084056854 8.575711697340012 3.5
    endloop
  endfacet
  facet normal 0.9039893029043047 -0.4275550727503879 0
    outer loop
      vertex -47.75969883054495 8.806708581745625 2.5
      vertex -47.6548031643033 9.028491847217083 3.5
      vertex -47.75969883054495 8.806708581745625 3.5
    endloop
  endfacet
  facet normal 0.8577286093781414 -0.5141027452311838 0
    outer loop
      vertex -47.6548031643033 9.028491847217083 2.5
      vertex -47.52867403626442 9.238925583660603 3.5
      vertex -47.6548031643033 9.028491847217083 3.5
    endloop
  endfacet
  facet normal 0.8032075265794508 -0.5956993111009283 0
    outer loop
      vertex -47.52867403626442 9.238925583660603 2.5
      vertex -47.38252613693476 9.435983210802078 3.5
      vertex -47.52867403626442 9.238925583660603 3.5
    endloop
  endfacet
  facet normal 0.740951124514441 -0.6715589557743871 0
    outer loop
      vertex -47.38252613693476 9.435983210802078 2.5
      vertex -47.21776695549488 9.617766954004765 3.5
      vertex -47.38252613693476 9.435983210802078 3.5
    endloop
  endfacet
  facet normal 0.6715589557743871 -0.740951124514441 0
    outer loop
      vertex -47.21776695549488 9.617766954004765 2.5
      vertex -47.035983212292194 9.782526135444641 3.5
      vertex -47.21776695549488 9.617766954004765 3.5
    endloop
  endfacet
  facet normal 0.5956993111009283 -0.8032075265794508 0
    outer loop
      vertex -47.035983212292194 9.782526135444641 2.5
      vertex -46.83892558515072 9.928674034774303 3.5
      vertex -47.035983212292194 9.782526135444641 3.5
    endloop
  endfacet
  facet normal 0.5141027452311838 -0.8577286093781414 0
    outer loop
      vertex -46.83892558515072 9.928674034774303 2.5
      vertex -46.6284918487072 10.054803162813187 3.5
      vertex -46.83892558515072 9.928674034774303 3.5
    endloop
  endfacet
  facet normal 0.4275550727503879 -0.9039893029043047 0
    outer loop
      vertex -46.6284918487072 10.054803162813187 2.5
      vertex -46.40670858323574 10.159698829054832 3.5
      vertex -46.6284918487072 10.054803162813187 3.5
    endloop
  endfacet
  facet normal 0.336889864873561 -0.9415440610749313 0
    outer loop
      vertex -46.40670858323574 10.159698829054832 2.5
      vertex -46.17571169883013 10.242350839078426 3.5
      vertex -46.40670858323574 10.159698829054832 3.5
    endloop
  endfacet
  facet normal 0.24298018143504363 -0.9700312528108531 0
    outer loop
      vertex -46.17571169883013 10.242350839078426 2.5
      vertex -45.93772580474615 10.301963202655315 3.5
      vertex -46.17571169883013 10.242350839078426 3.5
    endloop
  endfacet
  facet normal 0.14673046562892958 -0.9891765112740585 0
    outer loop
      vertex -45.93772580474615 10.301963202655315 2.5
      vertex -45.69504285603762 10.337961815297604 3.5
      vertex -45.93772580474615 10.301963202655315 3.5
    endloop
  endfacet
  facet normal 0.04906768556344164 -0.9987954556531818 0
    outer loop
      vertex -45.69504285603762 10.337961815297604 2.5
      vertex -45.45000000298023 10.350000001490116 3.5
      vertex -45.69504285603762 10.337961815297604 3.5
    endloop
  endfacet
  facet normal 0 0 1
    outer loop
      vertex -47.95000000298023 3.6499999999999986 2.5
      vertex 47.95000000298023 3.6499999999999986 2.5
      vertex -47.95000000298023 7.850000001490116 2.5
    endloop
  endfacet
  facet normal 0 0 1
    outer loop
      vertex -47.95000000298023 7.850000001490116 2.5
      vertex 47.84235084056854 8.575711697340012 2.5
      vertex -47.93796181678772 8.0950428545475 2.5
    endloop
  endfacet
  facet normal 0 0 1
    outer loop
      vertex -47.93796181678772 8.0950428545475 2.5
      vertex 47.75969883054495 8.806708581745625 2.5
      vertex -47.90196320414543 8.337725803256035 2.5
    endloop
  endfacet
  facet normal 0 0 1
    outer loop
      vertex -47.90196320414543 8.337725803256035 2.5
      vertex 47.6548031643033 9.028491847217083 2.5
      vertex -47.84235084056854 8.575711697340012 2.5
    endloop
  endfacet
  facet normal 0 0 1
    outer loop
      vertex -47.84235084056854 8.575711697340012 2.5
      vertex 47.52867403626442 9.238925583660603 2.5
      vertex -47.75969883054495 8.806708581745625 2.5
    endloop
  endfacet
  facet normal 0 0 1
    outer loop
      vertex -47.75969883054495 8.806708581745625 2.5
      vertex 47.38252613693476 9.435983210802078 2.5
      vertex -47.6548031643033 9.028491847217083 2.5
    endloop
  endfacet
  facet normal 0 0 1
    outer loop
      vertex -47.6548031643033 9.028491847217083 2.5
      vertex 47.21776695549488 9.617766954004765 2.5
      vertex -47.52867403626442 9.238925583660603 2.5
    endloop
  endfacet
  facet normal 0 0 1
    outer loop
      vertex -47.52867403626442 9.238925583660603 2.5
      vertex 47.035983212292194 9.782526135444641 2.5
      vertex -47.38252613693476 9.435983210802078 2.5
    endloop
  endfacet
  facet normal 0 0 1
    outer loop
      vertex -47.38252613693476 9.435983210802078 2.5
      vertex 46.83892558515072 9.928674034774303 2.5
      vertex -47.21776695549488 9.617766954004765 2.5
    endloop
  endfacet
  facet normal 0 0 1
    outer loop
      vertex -47.21776695549488 9.617766954004765 2.5
      vertex 46.6284918487072 10.054803162813187 2.5
      vertex -47.035983212292194 9.782526135444641 2.5
    endloop
  endfacet
  facet normal 0 0 1
    outer loop
      vertex -47.035983212292194 9.782526135444641 2.5
      vertex 46.40670858323574 10.159698829054832 2.5
      vertex -46.83892558515072 9.928674034774303 2.5
    endloop
  endfacet
  facet normal 0 0 1
    outer loop
      vertex -46.83892558515072 9.928674034774303 2.5
      vertex 46.17571169883013 10.242350839078426 2.5
      vertex -46.6284918487072 10.054803162813187 2.5
    endloop
  endfacet
  facet normal 0 0 1
    outer loop
      vertex -46.6284918487072 10.054803162813187 2.5
      vertex 45.93772580474615 10.301963202655315 2.5
      vertex -46.40670858323574 10.159698829054832 2.5
    endloop
  endfacet
  facet normal 0 0 1
    outer loop
      vertex -46.40670858323574 10.159698829054832 2.5
      vertex 45.69504285603762 10.337961815297604 2.5
      vertex -46.17571169883013 10.242350839078426 2.5
    endloop
  endfacet
  facet normal 0 0 1
    outer loop
      vertex -46.17571169883013 10.242350839078426 2.5
      vertex 45.45000000298023 10.350000001490116 2.5
      vertex -45.93772580474615 10.301963202655315 2.5
    endloop
  endfacet
  facet normal 0 0 1
    outer loop
      vertex -45.93772580474615 10.301963202655315 2.5
      vertex 45.45000000298023 10.350000001490116 2.5
      vertex -45.45000000298023 10.350000001490116 2.5
    endloop
  endfacet
  facet normal 0 -1 0
    outer loop
      vertex -45.45000000298023 10.350000001490116 2.5
      vertex 45.45000000298023 10.350000001490116 3.5
      vertex -45.45000000298023 10.350000001490116 3.5
    endloop
  endfacet
  facet normal 0 0 1
    outer loop
      vertex -45.45000000298023 -10.350000001490116 2.5
      vertex 45.45000000298023 -10.350000001490116 2.5
      vertex 45.93772580474615 -10.301963202655315 2.5
    endloop
  endfacet
  facet normal 0 0 1
    outer loop
      vertex -45.45000000298023 -10.350000001490116 2.5
      vertex 45.93772580474615 -10.301963202655315 2.5
      vertex 46.17571169883013 -10.242350839078426 2.5
    endloop
  endfacet
  facet normal 0 0 1
    outer loop
      vertex -45.69504285603762 -10.337961815297604 2.5
      vertex 46.17571169883013 -10.242350839078426 2.5
      vertex 46.40670858323574 -10.159698829054832 2.5
    endloop
  endfacet
  facet normal 0 0 1
    outer loop
      vertex -45.93772580474615 -10.301963202655315 2.5
      vertex 46.40670858323574 -10.159698829054832 2.5
      vertex 46.6284918487072 -10.054803162813187 2.5
    endloop
  endfacet
  facet normal 0 0 1
    outer loop
      vertex -46.17571169883013 -10.242350839078426 2.5
      vertex 46.6284918487072 -10.054803162813187 2.5
      vertex 46.83892558515072 -9.928674034774303 2.5
    endloop
  endfacet
  facet normal 0 0 1
    outer loop
      vertex -46.40670858323574 -10.159698829054832 2.5
      vertex 46.83892558515072 -9.928674034774303 2.5
      vertex 47.035983212292194 -9.782526135444641 2.5
    endloop
  endfacet
  facet normal 0 0 1
    outer loop
      vertex -46.6284918487072 -10.054803162813187 2.5
      vertex 47.035983212292194 -9.782526135444641 2.5
      vertex 47.21776695549488 -9.617766954004765 2.5
    endloop
  endfacet
  facet normal 0 0 1
    outer loop
      vertex -46.83892558515072 -9.928674034774303 2.5
      vertex 47.21776695549488 -9.617766954004765 2.5
      vertex 47.38252613693476 -9.435983210802078 2.5
    endloop
  endfacet
  facet normal 0 0 1
    outer loop
      vertex -47.035983212292194 -9.782526135444641 2.5
      vertex 47.38252613693476 -9.435983210802078 2.5
      vertex 47.52867403626442 -9.238925583660603 2.5
    endloop
  endfacet
  facet normal 0 0 1
    outer loop
      vertex -47.21776695549488 -9.617766954004765 2.5
      vertex 47.52867403626442 -9.238925583660603 2.5
      vertex 47.6548031643033 -9.028491847217083 2.5
    endloop
  endfacet
  facet normal 0 0 1
    outer loop
      vertex -47.38252613693476 -9.435983210802078 2.5
      vertex 47.6548031643033 -9.028491847217083 2.5
      vertex 47.75969883054495 -8.806708581745625 2.5
    endloop
  endfacet
  facet normal 0 0 1
    outer loop
      vertex -47.52867403626442 -9.238925583660603 2.5
      vertex 47.75969883054495 -8.806708581745625 2.5
      vertex 47.84235084056854 -8.575711697340012 2.5
    endloop
  endfacet
  facet normal 0 0 1
    outer loop
      vertex -47.898888677893645 -8.350000000000001 2.5
      vertex 47.84235084056854 -8.575711697340012 2.5
      vertex 47.898888677893645 -8.350000000000001 2.5
    endloop
  endfacet
  facet normal 0 1 0
    outer loop
      vertex 45.45000000298023 -10.350000001490116 2.5
      vertex -45.45000000298023 -10.350000001490116 3.5
      vertex 45.45000000298023 -10.350000001490116 3.5
    endloop
  endfacet
  facet normal 0 0 1
    outer loop
      vertex -47.95000000298023 -3.3500000000000014 2.5
      vertex 47.95000000298023 -6.350000000000001 2.5
      vertex 47.95000000298023 -3.3500000000000014 2.5
    endloop
  endfacet
  facet normal 0 0 1
    outer loop
      vertex 45.45000000298023 -10.350000001490116 2.5
      vertex 45.69504285603762 -10.337961815297604 2.5
      vertex 45.93772580474615 -10.301963202655315 2.5
    endloop
  endfacet
  facet normal -0.04906768556344164 0.9987954556531818 0
    outer loop
      vertex 45.45000000298023 -10.350000001490116 2.5
      vertex 45.45000000298023 -10.350000001490116 3.5
      vertex 45.69504285603762 -10.337961815297604 2.5
    endloop
  endfacet
  facet normal -0.14673046562892958 0.9891765112740585 0
    outer loop
      vertex 45.69504285603762 -10.337961815297604 2.5
      vertex 45.69504285603762 -10.337961815297604 3.5
      vertex 45.93772580474615 -10.301963202655315 2.5
    endloop
  endfacet
  facet normal -0.24298018143504363 0.9700312528108531 0
    outer loop
      vertex 45.93772580474615 -10.301963202655315 2.5
      vertex 45.93772580474615 -10.301963202655315 3.5
      vertex 46.17571169883013 -10.242350839078426 2.5
    endloop
  endfacet
  facet normal -0.336889864873561 0.9415440610749313 0
    outer loop
      vertex 46.17571169883013 -10.242350839078426 2.5
      vertex 46.17571169883013 -10.242350839078426 3.5
      vertex 46.40670858323574 -10.159698829054832 2.5
    endloop
  endfacet
  facet normal -0.4275550727503879 0.9039893029043047 0
    outer loop
      vertex 46.40670858323574 -10.159698829054832 2.5
      vertex 46.40670858323574 -10.159698829054832 3.5
      vertex 46.6284918487072 -10.054803162813187 2.5
    endloop
  endfacet
  facet normal -0.5141027452311838 0.8577286093781414 0
    outer loop
      vertex 46.6284918487072 -10.054803162813187 2.5
      vertex 46.6284918487072 -10.054803162813187 3.5
      vertex 46.83892558515072 -9.928674034774303 2.5
    endloop
  endfacet
  facet normal -0.5956993111009283 0.8032075265794508 0
    outer loop
      vertex 46.83892558515072 -9.928674034774303 2.5
      vertex 46.83892558515072 -9.928674034774303 3.5
      vertex 47.035983212292194 -9.782526135444641 2.5
    endloop
  endfacet
  facet normal -0.6715589557743871 0.740951124514441 0
    outer loop
      vertex 47.035983212292194 -9.782526135444641 2.5
      vertex 47.035983212292194 -9.782526135444641 3.5
      vertex 47.21776695549488 -9.617766954004765 2.5
    endloop
  endfacet
  facet normal -0.740951124514441 0.6715589557743871 0
    outer loop
      vertex 47.21776695549488 -9.617766954004765 2.5
      vertex 47.21776695549488 -9.617766954004765 3.5
      vertex 47.38252613693476 -9.435983210802078 2.5
    endloop
  endfacet
  facet normal -0.8032075265794508 0.5956993111009283 0
    outer loop
      vertex 47.38252613693476 -9.435983210802078 2.5
      vertex 47.38252613693476 -9.435983210802078 3.5
      vertex 47.52867403626442 -9.238925583660603 2.5
    endloop
  endfacet
  facet normal -0.8577286093781414 0.5141027452311838 0
    outer loop
      vertex 47.52867403626442 -9.238925583660603 2.5
      vertex 47.52867403626442 -9.238925583660603 3.5
      vertex 47.6548031643033 -9.028491847217083 2.5
    endloop
  endfacet
  facet normal -0.9039893029043047 0.4275550727503879 0
    outer loop
      vertex 47.6548031643033 -9.028491847217083 2.5
      vertex 47.6548031643033 -9.028491847217083 3.5
      vertex 47.75969883054495 -8.806708581745625 2.5
    endloop
  endfacet
  facet normal -0.9415440610749313 0.336889864873561 0
    outer loop
      vertex 47.75969883054495 -8.806708581745625 2.5
      vertex 47.75969883054495 -8.806708581745625 3.5
      vertex 47.84235084056854 -8.575711697340012 2.5
    endloop
  endfacet
  facet normal -0.9700312528108554 0.24298018143503436 0
    outer loop
      vertex 47.84235084056854 -8.575711697340012 2.5
      vertex 47.84235084056854 -8.575711697340012 3.5
      vertex 47.898888677893645 -8.350000000000001 2.5
    endloop
  endfacet
  facet normal -0.9700312528108561 0.24298018143503186 -5.992729955501662e-16
    outer loop
      vertex 47.898888677893645 -8.350000000000001 2.5
      vertex 47.84235084056854 -8.575711697340012 3.5
      vertex 47.9000948410801 -8.345184726672198 2.5980171403295604
    endloop
  endfacet
  facet normal -0.9700312528108275 0.24298018143514602 3.0406622574817606e-14
    outer loop
      vertex 47.9000948410801 -8.345184726672198 2.5980171403295604
      vertex 47.84235084056854 -8.575711697340012 3.5
      vertex 47.90196320414543 -8.337725803256035 2.648301117535258
    endloop
  endfacet
  facet normal -0.9891765112741091 0.1467304656285882 0
    outer loop
      vertex 47.90196320414543 -8.337725803256035 2.648301117535258
      vertex 47.90196320414543 -8.337725803256035 3.5
      vertex 47.90299273339354 -8.330785280403232 2.6950903220161284
    endloop
  endfacet
  facet normal -0.9891765112740546 0.14673046562895573 3.2389120570929967e-15
    outer loop
      vertex 47.90299273339354 -8.330785280403232 2.6950903220161284
      vertex 47.90196320414543 -8.337725803256035 3.5
      vertex 47.90652979659166 -8.306940335732211 2.7902846772544625
    endloop
  endfacet
  facet normal -0.989176511274054 0.14673046562896014 3.4324436442245666e-15
    outer loop
      vertex 47.90652979659166 -8.306940335732211 2.7902846772544625
      vertex 47.90196320414543 -8.337725803256035 3.5
      vertex 47.91143390318476 -8.273879532511287 2.8826834323650896
    endloop
  endfacet
  facet normal -0.04906768556344164 0.9987954556531818 0
    outer loop
      vertex 45.69504285603762 -10.337961815297604 2.5
      vertex 45.45000000298023 -10.350000001490116 3.5
      vertex 45.69504285603762 -10.337961815297604 3.5
    endloop
  endfacet
  facet normal -0.14673046562892958 0.9891765112740585 0
    outer loop
      vertex 45.93772580474615 -10.301963202655315 2.5
      vertex 45.69504285603762 -10.337961815297604 3.5
      vertex 45.93772580474615 -10.301963202655315 3.5
    endloop
  endfacet
  facet normal -0.24298018143504363 0.9700312528108531 0
    outer loop
      vertex 46.17571169883013 -10.242350839078426 2.5
      vertex 45.93772580474615 -10.301963202655315 3.5
      vertex 46.17571169883013 -10.242350839078426 3.5
    endloop
  endfacet
  facet normal -0.336889864873561 0.9415440610749313 0
    outer loop
      vertex 46.40670858323574 -10.159698829054832 2.5
      vertex 46.17571169883013 -10.242350839078426 3.5
      vertex 46.40670858323574 -10.159698829054832 3.5
    endloop
  endfacet
  facet normal -0.4275550727503879 0.9039893029043047 0
    outer loop
      vertex 46.6284918487072 -10.054803162813187 2.5
      vertex 46.40670858323574 -10.159698829054832 3.5
      vertex 46.6284918487072 -10.054803162813187 3.5
    endloop
  endfacet
  facet normal -0.5141027452311838 0.8577286093781414 0
    outer loop
      vertex 46.83892558515072 -9.928674034774303 2.5
      vertex 46.6284918487072 -10.054803162813187 3.5
      vertex 46.83892558515072 -9.928674034774303 3.5
    endloop
  endfacet
  facet normal -0.5956993111009283 0.8032075265794508 0
    outer loop
      vertex 47.035983212292194 -9.782526135444641 2.5
      vertex 46.83892558515072 -9.928674034774303 3.5
      vertex 47.035983212292194 -9.782526135444641 3.5
    endloop
  endfacet
  facet normal -0.6715589557743871 0.740951124514441 0
    outer loop
      vertex 47.21776695549488 -9.617766954004765 2.5
      vertex 47.035983212292194 -9.782526135444641 3.5
      vertex 47.21776695549488 -9.617766954004765 3.5
    endloop
  endfacet
  facet normal -0.740951124514441 0.6715589557743871 0
    outer loop
      vertex 47.38252613693476 -9.435983210802078 2.5
      vertex 47.21776695549488 -9.617766954004765 3.5
      vertex 47.38252613693476 -9.435983210802078 3.5
    endloop
  endfacet
  facet normal -0.8032075265794508 0.5956993111009283 0
    outer loop
      vertex 47.52867403626442 -9.238925583660603 2.5
      vertex 47.38252613693476 -9.435983210802078 3.5
      vertex 47.52867403626442 -9.238925583660603 3.5
    endloop
  endfacet
  facet normal -0.8577286093781414 0.5141027452311838 0
    outer loop
      vertex 47.6548031643033 -9.028491847217083 2.5
      vertex 47.52867403626442 -9.238925583660603 3.5
      vertex 47.6548031643033 -9.028491847217083 3.5
    endloop
  endfacet
  facet normal -0.9039893029043047 0.4275550727503879 0
    outer loop
      vertex 47.75969883054495 -8.806708581745625 2.5
      vertex 47.6548031643033 -9.028491847217083 3.5
      vertex 47.75969883054495 -8.806708581745625 3.5
    endloop
  endfacet
  facet normal -0.9415440610749313 0.336889864873561 0
    outer loop
      vertex 47.84235084056854 -8.575711697340012 2.5
      vertex 47.75969883054495 -8.806708581745625 3.5
      vertex 47.84235084056854 -8.575711697340012 3.5
    endloop
  endfacet
  facet normal -0.989176511274051 0.146730465628979 5.42934592924165e-15
    outer loop
      vertex 47.91143390318476 -8.273879532511287 2.8826834323650896
      vertex 47.90196320414543 -8.337725803256035 3.5
      vertex 47.917657823945476 -8.231921264348356 2.9713967368259975
    endloop
  endfacet
  facet normal -0.9891765112740677 0.1467304656288671 -1.7461019386758754e-14
    outer loop
      vertex 47.917657823945476 -8.231921264348356 2.9713967368259975
      vertex 47.90196320414543 -8.337725803256035 3.5
      vertex 47.92514161911454 -8.181469612302546 3.055570233019602
    endloop
  endfacet
  facet normal -0.9700312528108531 0.2429801814350436 0
    outer loop
      vertex 47.90196320414543 -8.337725803256035 2.648301117535258
      vertex 47.84235084056854 -8.575711697340012 3.5
      vertex 47.90196320414543 -8.337725803256035 3.5
    endloop
  endfacet
  facet normal -0.9891765112740578 0.14673046562893463 6.793655673418841e-15
    outer loop
      vertex 47.92514161911454 -8.181469612302546 3.055570233019602
      vertex 47.90196320414543 -8.337725803256035 3.5
      vertex 47.93381321565343 -8.123010453362738 3.1343932841636457
    endloop
  endfacet
  facet normal -0.9891765112740546 0.14673046562895642 1.9882759702753804e-14
    outer loop
      vertex 47.93381321565343 -8.123010453362738 3.1343932841636457
      vertex 47.90196320414543 -8.337725803256035 3.5
      vertex 47.93796181678772 -8.0950428545475 3.165250774285786
    endloop
  endfacet
  facet normal -0.9891765112740585 0.14673046562892958 0
    outer loop
      vertex 47.93796181678772 -8.0950428545475 3.165250774285786
      vertex 47.90196320414543 -8.337725803256035 3.5
      vertex 47.93796181678772 -8.0950428545475 3.5
    endloop
  endfacet
  facet normal -1 0 0
    outer loop
      vertex 47.95000000298023 -6.350000000000001 2.5
      vertex 47.95000000298023 -6.354815273327804 2.5980171403295604
      vertex 47.95000000298023 -3.3500000000000014 2.5
    endloop
  endfacet
  facet normal -1 0 0
    outer loop
      vertex 47.95000000298023 -6.354815273327804 2.5980171403295604
      vertex 47.95000000298023 -3.3451847266721986 2.5980171403295604
      vertex 47.95000000298023 -3.3500000000000014 2.5
    endloop
  endfacet
  facet normal -1 0 0
    outer loop
      vertex 47.95000000298023 -1.3500000000000014 2.5
      vertex 47.95000000298023 -1.3548152733278045 2.5980171403295604
      vertex 47.95000000298023 1.6499999999999986 2.5
    endloop
  endfacet
  facet normal -1 0 0
    outer loop
      vertex 47.95000000298023 -6.354815273327804 2.5980171403295604
      vertex 47.95000000298023 -6.369214719596771 2.6950903220161284
      vertex 47.95000000298023 -3.3451847266721986 2.5980171403295604
    endloop
  endfacet
  facet normal -1 0 0
    outer loop
      vertex 47.95000000298023 -6.369214719596771 2.6950903220161284
      vertex 47.95000000298023 -6.393059664267793 2.7902846772544625
      vertex 47.95000000298023 -3.330785280403232 2.6950903220161284
    endloop
  endfacet
  facet normal -1 0 0
    outer loop
      vertex 47.95000000298023 -6.393059664267793 2.7902846772544625
      vertex 47.95000000298023 -6.4261204674887145 2.8826834323650896
      vertex 47.95000000298023 -3.30694033573221 2.7902846772544625
    endloop
  endfacet
  facet normal -1 0 0
    outer loop
      vertex 47.95000000298023 -6.369214719596771 2.6950903220161284
      vertex 47.95000000298023 -3.330785280403232 2.6950903220161284
      vertex 47.95000000298023 -3.3451847266721986 2.5980171403295604
    endloop
  endfacet
  facet normal -1 0 0
    outer loop
      vertex 47.95000000298023 -6.393059664267793 2.7902846772544625
      vertex 47.95000000298023 -3.30694033573221 2.7902846772544625
      vertex 47.95000000298023 -3.330785280403232 2.6950903220161284
    endloop
  endfacet
  facet normal -1 0 0
    outer loop
      vertex 47.95000000298023 -6.4261204674887145 2.8826834323650896
      vertex 47.95000000298023 -6.4680787356516465 2.9713967368259975
      vertex 47.95000000298023 -3.2738795325112884 2.8826834323650896
    endloop
  endfacet
  facet normal -1 0 0
    outer loop
      vertex 47.95000000298023 -6.4680787356516465 2.9713967368259975
      vertex 47.95000000298023 -6.5185303876974565 3.055570233019602
      vertex 47.95000000298023 -3.2319212643483564 2.9713967368259975
    endloop
  endfacet
  facet normal -1 0 0
    outer loop
      vertex 47.95000000298023 -6.4261204674887145 2.8826834323650896
      vertex 47.95000000298023 -3.2738795325112884 2.8826834323650896
      vertex 47.95000000298023 -3.30694033573221 2.7902846772544625
    endloop
  endfacet
  facet normal -1 0 0
    outer loop
      vertex 47.95000000298023 -6.4680787356516465 2.9713967368259975
      vertex 47.95000000298023 -3.2319212643483564 2.9713967368259975
      vertex 47.95000000298023 -3.2738795325112884 2.8826834323650896
    endloop
  endfacet
  facet normal -1 0 0
    outer loop
      vertex 47.95000000298023 -6.5185303876974565 3.055570233019602
      vertex 47.95000000298023 -3.1814696123025468 3.055570233019602
      vertex 47.95000000298023 -3.2319212643483564 2.9713967368259975
    endloop
  endfacet
  facet normal -0.9987954556531801 0.04906768556347876 0
    outer loop
      vertex 47.93796181678772 -8.0950428545475 3.165250774285786
      vertex 47.93796181678772 -8.0950428545475 3.5
      vertex 47.93982549699236 -8.05710678118655 3.2071067811865475
    endloop
  endfacet
  facet normal -0.998795455653181 0.04906768556346008 -2.4254047509713416e-15
    outer loop
      vertex 47.93982549699236 -8.05710678118655 3.2071067811865475
      vertex 47.93796181678772 -8.0950428545475 3.5
      vertex 47.94339768285679 -7.984393284163647 3.273010453362737
    endloop
  endfacet
  facet normal -0.9987954556531841 0.04906768556340024 -3.1663853323275604e-14
    outer loop
      vertex 47.94339768285679 -7.984393284163647 3.273010453362737
      vertex 47.93796181678772 -8.0950428545475 3.5
      vertex 47.947270011937576 -7.905570233019604 3.3314696123025453
    endloop
  endfacet
  facet normal -0.9987954556531807 0.049067685563463394 3.9506443687220946e-14
    outer loop
      vertex 47.947270011937576 -7.905570233019604 3.3314696123025453
      vertex 47.93796181678772 -8.0950428545475 3.5
      vertex 47.95000000298023 -7.850000001490116 3.364777127280684
    endloop
  endfacet
  facet normal -1 0 0
    outer loop
      vertex 47.95000000298023 -7.850000001490116 3.364777127280684
      vertex 47.95000000298023 -7.850000001490116 3.5
      vertex 47.95000000298023 -7.821396736825999 3.381921264348355
    endloop
  endfacet
  facet normal -1 0 0
    outer loop
      vertex 47.95000000298023 -7.821396736825999 3.381921264348355
      vertex 47.95000000298023 -7.850000001490116 3.5
      vertex 47.95000000298023 -7.732683432365091 3.423879532511287
    endloop
  endfacet
  facet normal -0.998795455653182 0.04906768556344164 0
    outer loop
      vertex 47.95000000298023 -7.850000001490116 3.364777127280684
      vertex 47.93796181678772 -8.0950428545475 3.5
      vertex 47.95000000298023 -7.850000001490116 3.5
    endloop
  endfacet
  facet normal -1 0 0
    outer loop
      vertex 47.95000000298023 -7.732683432365091 3.423879532511287
      vertex 47.95000000298023 -7.850000001490116 3.5
      vertex 47.95000000298023 -7.6402846772544635 3.4569403357322086
    endloop
  endfacet
  facet normal -1 0 0
    outer loop
      vertex 47.95000000298023 -7.6402846772544635 3.4569403357322086
      vertex 47.95000000298023 -7.850000001490116 3.5
      vertex 47.95000000298023 -7.545090322016129 3.4807852804032304
    endloop
  endfacet
  facet normal -1 0 0
    outer loop
      vertex 47.95000000298023 -7.545090322016129 3.4807852804032304
      vertex 47.95000000298023 -7.850000001490116 3.5
      vertex 47.95000000298023 -7.448017140329562 3.495184726672197
    endloop
  endfacet
  facet normal -1 0 0
    outer loop
      vertex 47.95000000298023 -7.448017140329562 3.495184726672197
      vertex 47.95000000298023 -7.850000001490116 3.5
      vertex 47.95000000298023 -7.350000000000001 3.5
    endloop
  endfacet
  facet normal -1 0 0
    outer loop
      vertex 47.95000000298023 -7.2519828596704405 3.495184726672197
      vertex 47.95000000298023 -7.350000000000001 3.5
      vertex 47.95000000298023 -7.266942535216398 3.5
    endloop
  endfacet
  facet normal -1 0 0
    outer loop
      vertex 47.95000000298023 -7.1549096779838735 3.4807852804032304
      vertex 47.95000000298023 -7.2519828596704405 3.495184726672197
      vertex 47.95000000298023 -7.266942535216398 3.5
    endloop
  endfacet
  facet normal -1 0 0
    outer loop
      vertex 47.95000000298023 -6.5185303876974565 3.055570233019602
      vertex 47.95000000298023 -6.5769895466372645 3.1343932841636457
      vertex 47.95000000298023 -3.1814696123025468 3.055570233019602
    endloop
  endfacet
  facet normal -1 0 0
    outer loop
      vertex 47.95000000298023 -6.5769895466372645 3.1343932841636457
      vertex 47.95000000298023 -6.6428932188134535 3.2071067811865475
      vertex 47.95000000298023 -3.1230104533627383 3.1343932841636457
    endloop
  endfacet
  facet normal -1 0 0
    outer loop
      vertex 47.95000000298023 -6.6428932188134535 3.2071067811865475
      vertex 47.95000000298023 -6.715606715836356 3.273010453362737
      vertex 47.95000000298023 -3.057106781186549 3.2071067811865475
    endloop
  endfacet
  facet normal -1 0 0
    outer loop
      vertex 47.95000000298023 -6.794429766980399 3.3314696123025453
      vertex 47.95000000298023 -3.057106781186549 3.2071067811865475
      vertex 47.95000000298023 -6.715606715836356 3.273010453362737
    endloop
  endfacet
  facet normal -1 0 0
    outer loop
      vertex 47.95000000298023 -6.5769895466372645 3.1343932841636457
      vertex 47.95000000298023 -3.1230104533627383 3.1343932841636457
      vertex 47.95000000298023 -3.1814696123025468 3.055570233019602
    endloop
  endfacet
  facet normal -1 0 0
    outer loop
      vertex 47.95000000298023 -6.6428932188134535 3.2071067811865475
      vertex 47.95000000298023 -3.057106781186549 3.2071067811865475
      vertex 47.95000000298023 -3.1230104533627383 3.1343932841636457
    endloop
  endfacet
  facet normal -1 0 0
    outer loop
      vertex 47.95000000298023 -6.967316567634912 3.423879532511287
      vertex 47.95000000298023 -3.057106781186549 3.2071067811865475
      vertex 47.95000000298023 -6.8786032631740035 3.381921264348355
    endloop
  endfacet
  facet normal -1 0 0
    outer loop
      vertex 47.95000000298023 -6.967316567634912 3.423879532511287
      vertex 47.95000000298023 -7.059715322745539 3.4569403357322086
      vertex 47.95000000298023 -3.057106781186549 3.2071067811865475
    endloop
  endfacet
  facet normal -1 0 0
    outer loop
      vertex 47.95000000298023 -7.1549096779838735 3.4807852804032304
      vertex 47.95000000298023 -3.057106781186549 3.2071067811865475
      vertex 47.95000000298023 -7.059715322745539 3.4569403357322086
    endloop
  endfacet
  facet normal -1 0 0
    outer loop
      vertex 47.95000000298023 -6.794429766980399 3.3314696123025453
      vertex 47.95000000298023 -6.8786032631740035 3.381921264348355
      vertex 47.95000000298023 -3.057106781186549 3.2071067811865475
    endloop
  endfacet
  facet normal -1 0 0
    outer loop
      vertex 47.95000000298023 -7.1549096779838735 3.4807852804032304
      vertex 47.95000000298023 -7.266942535216398 3.5
      vertex 47.95000000298023 -3.057106781186549 3.2071067811865475
    endloop
  endfacet
  facet normal -1 0 0
    outer loop
      vertex 47.95000000298023 -3.057106781186549 3.2071067811865475
      vertex 47.95000000298023 -7.266942535216398 3.5
      vertex 47.95000000298023 -2.984393284163647 3.273010453362737
    endloop
  endfacet
  facet normal -1 0 0
    outer loop
      vertex 47.95000000298023 -2.984393284163647 3.273010453362737
      vertex 47.95000000298023 -7.266942535216398 3.5
      vertex 47.95000000298023 -2.9055702330196036 3.3314696123025453
    endloop
  endfacet
  facet normal -1 0 0
    outer loop
      vertex 47.95000000298023 -2.9055702330196036 3.3314696123025453
      vertex 47.95000000298023 -7.266942535216398 3.5
      vertex 47.95000000298023 -2.821396736825999 3.381921264348355
    endloop
  endfacet
  facet normal -1 0 0
    outer loop
      vertex 47.95000000298023 -2.821396736825999 3.381921264348355
      vertex 47.95000000298023 -7.266942535216398 3.5
      vertex 47.95000000298023 -2.732683432365091 3.423879532511287
    endloop
  endfacet
  facet normal -1 0 0
    outer loop
      vertex 47.95000000298023 -2.732683432365091 3.423879532511287
      vertex 47.95000000298023 -7.266942535216398 3.5
      vertex 47.95000000298023 -2.640284677254464 3.4569403357322086
    endloop
  endfacet
  facet normal -1 0 0
    outer loop
      vertex 47.95000000298023 -2.640284677254464 3.4569403357322086
      vertex 47.95000000298023 -7.266942535216398 3.5
      vertex 47.95000000298023 -2.54509032201613 3.4807852804032304
    endloop
  endfacet
  facet normal -1 0 0
    outer loop
      vertex 47.95000000298023 -1.3548152733278045 2.5980171403295604
      vertex 47.95000000298023 -1.369214719596771 2.6950903220161284
      vertex 47.95000000298023 1.6548152733278017 2.5980171403295604
    endloop
  endfacet
  facet normal -1 0 0
    outer loop
      vertex 47.95000000298023 -1.369214719596771 2.6950903220161284
      vertex 47.95000000298023 -1.3930596642677926 2.7902846772544625
      vertex 47.95000000298023 1.6692147195967681 2.6950903220161284
    endloop
  endfacet
  facet normal -1 0 0
    outer loop
      vertex 47.95000000298023 -1.3930596642677926 2.7902846772544625
      vertex 47.95000000298023 -1.4261204674887147 2.8826834323650896
      vertex 47.95000000298023 1.6930596642677898 2.7902846772544625
    endloop
  endfacet
  facet normal -1 0 0
    outer loop
      vertex 47.95000000298023 -1.4261204674887147 2.8826834323650896
      vertex 47.95000000298023 -1.4680787356516465 2.9713967368259975
      vertex 47.95000000298023 1.7261204674887118 2.8826834323650896
    endloop
  endfacet
  facet normal -1 0 0
    outer loop
      vertex 47.95000000298023 -1.4680787356516465 2.9713967368259975
      vertex 47.95000000298023 -1.518530387697456 3.055570233019602
      vertex 47.95000000298023 1.7261204674887118 2.8826834323650896
    endloop
  endfacet
  facet normal -1 0 0
    outer loop
      vertex 47.95000000298023 -1.518530387697456 3.055570233019602
      vertex 47.95000000298023 -1.5769895466372645 3.1343932841636457
      vertex 47.95000000298023 1.7261204674887118 2.8826834323650896
    endloop
  endfacet
  facet normal -1 0 0
    outer loop
      vertex 47.95000000298023 -2.54509032201613 3.4807852804032304
      vertex 47.95000000298023 -7.266942535216398 3.5
      vertex 47.95000000298023 -2.448017140329562 3.495184726672197
    endloop
  endfacet
  facet normal -1 0 0
    outer loop
      vertex 47.95000000298023 -2.448017140329562 3.495184726672197
      vertex 47.95000000298023 -7.266942535216398 3.5
      vertex 47.95000000298023 -2.3500000000000014 3.5
    endloop
  endfacet
  facet normal -1 0 0
    outer loop
      vertex 47.95000000298023 -1.5769895466372645 3.1343932841636457
      vertex 47.95000000298023 -1.642893218813454 3.2071067811865475
      vertex 47.95000000298023 1.7261204674887118 2.8826834323650896
    endloop
  endfacet
  facet normal -1 0 0
    outer loop
      vertex 47.95000000298023 -1.642893218813454 3.2071067811865475
      vertex 47.95000000298023 -1.715606715836356 3.273010453362737
      vertex 47.95000000298023 1.9428932188134511 3.2071067811865475
    endloop
  endfacet
  facet normal -1 0 0
    outer loop
      vertex 47.95000000298023 -1.7944297669803992 3.3314696123025453
      vertex 47.95000000298023 -1.8786032631740037 3.381921264348355
      vertex 47.95000000298023 2.0944297669803964 3.3314696123025453
    endloop
  endfacet
  facet normal -1 0 0
    outer loop
      vertex 47.95000000298023 -1.715606715836356 3.273010453362737
      vertex 47.95000000298023 -1.7944297669803992 3.3314696123025453
      vertex 47.95000000298023 2.015606715836353 3.273010453362737
    endloop
  endfacet
  facet normal -1 0 0
    outer loop
      vertex 47.95000000298023 -1.8786032631740037 3.381921264348355
      vertex 47.95000000298023 -1.9673165676349116 3.423879532511287
      vertex 47.95000000298023 2.178603263174001 3.381921264348355
    endloop
  endfacet
  facet normal -1 0 0
    outer loop
      vertex 47.95000000298023 -2.059715322745539 3.4569403357322086
      vertex 47.95000000298023 2.267316567634909 3.423879532511287
      vertex 47.95000000298023 -1.9673165676349116 3.423879532511287
    endloop
  endfacet
  facet normal -1 0 0
    outer loop
      vertex 47.95000000298023 -2.059715322745539 3.4569403357322086
      vertex 47.95000000298023 -2.154909677983873 3.4807852804032304
      vertex 47.95000000298023 2.359715322745536 3.4569403357322086
    endloop
  endfacet
  facet normal -1 0 0
    outer loop
      vertex 47.95000000298023 -2.154909677983873 3.4807852804032304
      vertex 47.95000000298023 -2.251982859670441 3.495184726672197
      vertex 47.95000000298023 2.45490967798387 3.4807852804032304
    endloop
  endfacet
  facet normal -1 0 0
    outer loop
      vertex 47.95000000298023 -2.251982859670441 3.495184726672197
      vertex 47.95000000298023 -2.3500000000000014 3.5
      vertex 47.95000000298023 2.551982859670438 3.495184726672197
    endloop
  endfacet
  facet normal 0 0 1
    outer loop
      vertex -47.95000000298023 1.6499999999999986 2.5
      vertex 47.95000000298023 -1.3500000000000014 2.5
      vertex 47.95000000298023 1.6499999999999986 2.5
    endloop
  endfacet
  facet normal 0 0 1
    outer loop
      vertex -47.95000000298023 7.850000001490116 2.5
      vertex 47.95000000298023 3.6499999999999986 2.5
      vertex 47.90196320414543 8.337725803256035 2.5
    endloop
  endfacet
  facet normal 0 0 1
    outer loop
      vertex -47.95000000298023 7.850000001490116 2.5
      vertex 47.90196320414543 8.337725803256035 2.5
      vertex 47.84235084056854 8.575711697340012 2.5
    endloop
  endfacet
  facet normal 0 0 1
    outer loop
      vertex -47.93796181678772 8.0950428545475 2.5
      vertex 47.84235084056854 8.575711697340012 2.5
      vertex 47.75969883054495 8.806708581745625 2.5
    endloop
  endfacet
  facet normal 0 0 1
    outer loop
      vertex -47.90196320414543 8.337725803256035 2.5
      vertex 47.75969883054495 8.806708581745625 2.5
      vertex 47.6548031643033 9.028491847217083 2.5
    endloop
  endfacet
  facet normal 0 0 1
    outer loop
      vertex -47.84235084056854 8.575711697340012 2.5
      vertex 47.6548031643033 9.028491847217083 2.5
      vertex 47.52867403626442 9.238925583660603 2.5
    endloop
  endfacet
  facet normal 0 0 1
    outer loop
      vertex -47.75969883054495 8.806708581745625 2.5
      vertex 47.52867403626442 9.238925583660603 2.5
      vertex 47.38252613693476 9.435983210802078 2.5
    endloop
  endfacet
  facet normal 0 0 1
    outer loop
      vertex -46.6284918487072 10.054803162813187 2.5
      vertex 46.17571169883013 10.242350839078426 2.5
      vertex 45.93772580474615 10.301963202655315 2.5
    endloop
  endfacet
  facet normal 0 0 1
    outer loop
      vertex -47.6548031643033 9.028491847217083 2.5
      vertex 47.38252613693476 9.435983210802078 2.5
      vertex 47.21776695549488 9.617766954004765 2.5
    endloop
  endfacet
  facet normal 0 0 1
    outer loop
      vertex -47.52867403626442 9.238925583660603 2.5
      vertex 47.21776695549488 9.617766954004765 2.5
      vertex 47.035983212292194 9.782526135444641 2.5
    endloop
  endfacet
  facet normal 0 0 1
    outer loop
      vertex -47.38252613693476 9.435983210802078 2.5
      vertex 47.035983212292194 9.782526135444641 2.5
      vertex 46.83892558515072 9.928674034774303 2.5
    endloop
  endfacet
  facet normal 0 0 1
    outer loop
      vertex -47.21776695549488 9.617766954004765 2.5
      vertex 46.83892558515072 9.928674034774303 2.5
      vertex 46.6284918487072 10.054803162813187 2.5
    endloop
  endfacet
  facet normal 0 0 1
    outer loop
      vertex -47.035983212292194 9.782526135444641 2.5
      vertex 46.6284918487072 10.054803162813187 2.5
      vertex 46.40670858323574 10.159698829054832 2.5
    endloop
  endfacet
  facet normal 0 0 1
    outer loop
      vertex -46.83892558515072 9.928674034774303 2.5
      vertex 46.40670858323574 10.159698829054832 2.5
      vertex 46.17571169883013 10.242350839078426 2.5
    endloop
  endfacet
  facet normal 0 0 1
    outer loop
      vertex -46.40670858323574 10.159698829054832 2.5
      vertex 45.93772580474615 10.301963202655315 2.5
      vertex 45.69504285603762 10.337961815297604 2.5
    endloop
  endfacet
  facet normal 0 0 1
    outer loop
      vertex -46.17571169883013 10.242350839078426 2.5
      vertex 45.69504285603762 10.337961815297604 2.5
      vertex 45.45000000298023 10.350000001490116 2.5
    endloop
  endfacet
  facet normal 0 -1 0
    outer loop
      vertex -45.45000000298023 10.350000001490116 2.5
      vertex 45.45000000298023 10.350000001490116 2.5
      vertex 45.45000000298023 10.350000001490116 3.5
    endloop
  endfacet
  facet normal -1 0 0
    outer loop
      vertex 47.95000000298023 -1.3548152733278045 2.5980171403295604
      vertex 47.95000000298023 1.6548152733278017 2.5980171403295604
      vertex 47.95000000298023 1.6499999999999986 2.5
    endloop
  endfacet
  facet normal -1 0 0
    outer loop
      vertex 47.95000000298023 3.6499999999999986 2.5
      vertex 47.95000000298023 3.6451847266721957 2.5980171403295604
      vertex 47.95000000298023 7.850000001490116 2.5
    endloop
  endfacet
  facet normal -1 0 0
    outer loop
      vertex 47.95000000298023 3.6451847266721957 2.5980171403295604
      vertex 47.95000000298023 3.630785280403229 2.6950903220161284
      vertex 47.95000000298023 7.850000001490116 2.5
    endloop
  endfacet
  facet normal 0 0 1
    outer loop
      vertex 47.95000000298023 3.6499999999999986 2.5
      vertex 47.95000000298023 7.850000001490116 2.5
      vertex 47.93796181678772 8.0950428545475 2.5
    endloop
  endfacet
  facet normal 0 0 1
    outer loop
      vertex 47.95000000298023 3.6499999999999986 2.5
      vertex 47.93796181678772 8.0950428545475 2.5
      vertex 47.90196320414543 8.337725803256035 2.5
    endloop
  endfacet
  facet normal -1 0 0
    outer loop
      vertex 47.95000000298023 -1.369214719596771 2.6950903220161284
      vertex 47.95000000298023 1.6692147195967681 2.6950903220161284
      vertex 47.95000000298023 1.6548152733278017 2.5980171403295604
    endloop
  endfacet
  facet normal -1 0 0
    outer loop
      vertex 47.95000000298023 -1.3930596642677926 2.7902846772544625
      vertex 47.95000000298023 1.6930596642677898 2.7902846772544625
      vertex 47.95000000298023 1.6692147195967681 2.6950903220161284
    endloop
  endfacet
  facet normal -1 0 0
    outer loop
      vertex 47.95000000298023 -1.4261204674887147 2.8826834323650896
      vertex 47.95000000298023 1.7261204674887118 2.8826834323650896
      vertex 47.95000000298023 1.6930596642677898 2.7902846772544625
    endloop
  endfacet
  facet normal -1 0 0
    outer loop
      vertex 47.95000000298023 -1.642893218813454 3.2071067811865475
      vertex 47.95000000298023 1.7680787356516436 2.9713967368259975
      vertex 47.95000000298023 1.7261204674887118 2.8826834323650896
    endloop
  endfacet
  facet normal -1 0 0
    outer loop
      vertex 47.95000000298023 -1.642893218813454 3.2071067811865475
      vertex 47.95000000298023 1.8185303876974532 3.055570233019602
      vertex 47.95000000298023 1.7680787356516436 2.9713967368259975
    endloop
  endfacet
  facet normal -1 0 0
    outer loop
      vertex 47.95000000298023 -1.642893218813454 3.2071067811865475
      vertex 47.95000000298023 1.8769895466372617 3.1343932841636457
      vertex 47.95000000298023 1.8185303876974532 3.055570233019602
    endloop
  endfacet
  facet normal -1 0 0
    outer loop
      vertex 47.95000000298023 -1.642893218813454 3.2071067811865475
      vertex 47.95000000298023 1.9428932188134511 3.2071067811865475
      vertex 47.95000000298023 1.8769895466372617 3.1343932841636457
    endloop
  endfacet
  facet normal -1 0 0
    outer loop
      vertex 47.95000000298023 -1.715606715836356 3.273010453362737
      vertex 47.95000000298023 2.015606715836353 3.273010453362737
      vertex 47.95000000298023 1.9428932188134511 3.2071067811865475
    endloop
  endfacet
  facet normal -1 0 0
    outer loop
      vertex 47.95000000298023 -1.7944297669803992 3.3314696123025453
      vertex 47.95000000298023 2.0944297669803964 3.3314696123025453
      vertex 47.95000000298023 2.015606715836353 3.273010453362737
    endloop
  endfacet
  facet normal -1 0 0
    outer loop
      vertex 47.95000000298023 -1.8786032631740037 3.381921264348355
      vertex 47.95000000298023 2.178603263174001 3.381921264348355
      vertex 47.95000000298023 2.0944297669803964 3.3314696123025453
    endloop
  endfacet
  facet normal -1 0 0
    outer loop
      vertex 47.95000000298023 -1.9673165676349116 3.423879532511287
      vertex 47.95000000298023 2.267316567634909 3.423879532511287
      vertex 47.95000000298023 2.178603263174001 3.381921264348355
    endloop
  endfacet
  facet normal -1 0 0
    outer loop
      vertex 47.95000000298023 -2.059715322745539 3.4569403357322086
      vertex 47.95000000298023 2.359715322745536 3.4569403357322086
      vertex 47.95000000298023 2.267316567634909 3.423879532511287
    endloop
  endfacet
  facet normal -1 0 0
    outer loop
      vertex 47.95000000298023 -2.154909677983873 3.4807852804032304
      vertex 47.95000000298023 2.45490967798387 3.4807852804032304
      vertex 47.95000000298023 2.359715322745536 3.4569403357322086
    endloop
  endfacet
  facet normal -1 0 0
    outer loop
      vertex 47.95000000298023 -2.251982859670441 3.495184726672197
      vertex 47.95000000298023 2.551982859670438 3.495184726672197
      vertex 47.95000000298023 2.45490967798387 3.4807852804032304
    endloop
  endfacet
  facet normal -1 0 0
    outer loop
      vertex 47.95000000298023 2.551982859670438 3.495184726672197
      vertex 47.95000000298023 -2.3500000000000014 3.5
      vertex 47.95000000298023 2.6499999999999986 3.5
    endloop
  endfacet
  facet normal -1 0 0
    outer loop
      vertex 47.95000000298023 3.630785280403229 2.6950903220161284
      vertex 47.95000000298023 3.606940335732207 2.7902846772544625
      vertex 47.95000000298023 7.850000001490116 2.5
    endloop
  endfacet
  facet normal -1 0 0
    outer loop
      vertex 47.95000000298023 3.606940335732207 2.7902846772544625
      vertex 47.95000000298023 3.5738795325112855 2.8826834323650896
      vertex 47.95000000298023 7.850000001490116 2.5
    endloop
  endfacet
  facet normal -0.9987954556531818 -0.04906768556344164 0
    outer loop
      vertex 47.95000000298023 7.850000001490116 2.5
      vertex 47.95000000298023 7.850000001490116 3.5
      vertex 47.93796181678772 8.0950428545475 2.5
    endloop
  endfacet
  facet normal -1 0 0
    outer loop
      vertex 47.95000000298023 3.5738795325112855 2.8826834323650896
      vertex 47.95000000298023 7.850000001490116 3.5
      vertex 47.95000000298023 7.850000001490116 2.5
    endloop
  endfacet
  facet normal -1 0 0
    outer loop
      vertex 47.95000000298023 3.5738795325112855 2.8826834323650896
      vertex 47.95000000298023 3.5319212643483535 2.9713967368259975
      vertex 47.95000000298023 7.850000001490116 3.5
    endloop
  endfacet
  facet normal -1 0 0
    outer loop
      vertex 47.95000000298023 3.5319212643483535 2.9713967368259975
      vertex 47.95000000298023 3.481469612302544 3.055570233019602
      vertex 47.95000000298023 7.850000001490116 3.5
    endloop
  endfacet
  facet normal -1 0 0
    outer loop
      vertex 47.95000000298023 3.481469612302544 3.055570233019602
      vertex 47.95000000298023 3.4230104533627355 3.1343932841636457
      vertex 47.95000000298023 7.850000001490116 3.5
    endloop
  endfacet
  facet normal -1 0 0
    outer loop
      vertex 47.95000000298023 3.4230104533627355 3.1343932841636457
      vertex 47.95000000298023 3.357106781186546 3.2071067811865475
      vertex 47.95000000298023 7.850000001490116 3.5
    endloop
  endfacet
  facet normal -1 0 0
    outer loop
      vertex 47.95000000298023 3.357106781186546 3.2071067811865475
      vertex 47.95000000298023 3.2843932841636443 3.273010453362737
      vertex 47.95000000298023 7.850000001490116 3.5
    endloop
  endfacet
  facet normal -1 0 0
    outer loop
      vertex 47.95000000298023 3.2843932841636443 3.273010453362737
      vertex 47.95000000298023 3.2055702330196008 3.3314696123025453
      vertex 47.95000000298023 7.850000001490116 3.5
    endloop
  endfacet
  facet normal -1 0 0
    outer loop
      vertex 47.95000000298023 2.748017140329559 3.495184726672197
      vertex 47.95000000298023 2.6499999999999986 3.5
      vertex 47.95000000298023 7.850000001490116 3.5
    endloop
  endfacet
  facet normal -1 0 0
    outer loop
      vertex 47.95000000298023 2.845090322016127 3.4807852804032304
      vertex 47.95000000298023 7.850000001490116 3.5
      vertex 47.95000000298023 2.940284677254461 3.4569403357322086
    endloop
  endfacet
  facet normal -1 0 0
    outer loop
      vertex 47.95000000298023 2.845090322016127 3.4807852804032304
      vertex 47.95000000298023 2.748017140329559 3.495184726672197
      vertex 47.95000000298023 7.850000001490116 3.5
    endloop
  endfacet
  facet normal -1 0 0
    outer loop
      vertex 47.95000000298023 3.2055702330196008 3.3314696123025453
      vertex 47.95000000298023 3.121396736825996 3.381921264348355
      vertex 47.95000000298023 7.850000001490116 3.5
    endloop
  endfacet
  facet normal -1 0 0
    outer loop
      vertex 47.95000000298023 3.032683432365088 3.423879532511287
      vertex 47.95000000298023 7.850000001490116 3.5
      vertex 47.95000000298023 3.121396736825996 3.381921264348355
    endloop
  endfacet
  facet normal -1 0 0
    outer loop
      vertex 47.95000000298023 3.032683432365088 3.423879532511287
      vertex 47.95000000298023 2.940284677254461 3.4569403357322086
      vertex 47.95000000298023 7.850000001490116 3.5
    endloop
  endfacet
  facet normal -0.9987954556531818 -0.04906768556344164 0
    outer loop
      vertex 47.93796181678772 8.0950428545475 2.5
      vertex 47.95000000298023 7.850000001490116 3.5
      vertex 47.93796181678772 8.0950428545475 3.5
    endloop
  endfacet
  facet normal -0.6715589557743871 -0.740951124514441 0
    outer loop
      vertex 47.035983212292194 9.782526135444641 2.5
      vertex 47.21776695549488 9.617766954004765 2.5
      vertex 47.21776695549488 9.617766954004765 3.5
    endloop
  endfacet
  facet normal -0.336889864873561 -0.9415440610749313 0
    outer loop
      vertex 46.17571169883013 10.242350839078426 2.5
      vertex 46.40670858323574 10.159698829054832 2.5
      vertex 46.40670858323574 10.159698829054832 3.5
    endloop
  endfacet
  facet normal -0.5956993111009283 -0.8032075265794508 0
    outer loop
      vertex 47.035983212292194 9.782526135444641 2.5
      vertex 47.035983212292194 9.782526135444641 3.5
      vertex 46.83892558515072 9.928674034774303 2.5
    endloop
  endfacet
  facet normal -0.4275550727503879 -0.9039893029043047 0
    outer loop
      vertex 46.6284918487072 10.054803162813187 2.5
      vertex 46.6284918487072 10.054803162813187 3.5
      vertex 46.40670858323574 10.159698829054832 2.5
    endloop
  endfacet
  facet normal -0.5141027452311838 -0.8577286093781414 0
    outer loop
      vertex 46.83892558515072 9.928674034774303 2.5
      vertex 46.83892558515072 9.928674034774303 3.5
      vertex 46.6284918487072 10.054803162813187 2.5
    endloop
  endfacet
  facet normal -0.04906768556344164 -0.9987954556531818 0
    outer loop
      vertex 45.69504285603762 10.337961815297604 2.5
      vertex 45.69504285603762 10.337961815297604 3.5
      vertex 45.45000000298023 10.350000001490116 2.5
    endloop
  endfacet
  facet normal -0.14673046562892958 -0.9891765112740585 0
    outer loop
      vertex 45.69504285603762 10.337961815297604 2.5
      vertex 45.93772580474615 10.301963202655315 2.5
      vertex 45.93772580474615 10.301963202655315 3.5
    endloop
  endfacet
  facet normal -0.24298018143504363 -0.9700312528108531 0
    outer loop
      vertex 46.17571169883013 10.242350839078426 2.5
      vertex 46.17571169883013 10.242350839078426 3.5
      vertex 45.93772580474615 10.301963202655315 2.5
    endloop
  endfacet
  facet normal -0.9891765112740585 -0.14673046562892958 0
    outer loop
      vertex 47.93796181678772 8.0950428545475 2.5
      vertex 47.93796181678772 8.0950428545475 3.5
      vertex 47.90196320414543 8.337725803256035 2.5
    endloop
  endfacet
  facet normal -0.9700312528108531 -0.24298018143504363 0
    outer loop
      vertex 47.84235084056854 8.575711697340012 2.5
      vertex 47.90196320414543 8.337725803256035 2.5
      vertex 47.90196320414543 8.337725803256035 3.5
    endloop
  endfacet
  facet normal -0.9415440610749313 -0.336889864873561 0
    outer loop
      vertex 47.84235084056854 8.575711697340012 2.5
      vertex 47.84235084056854 8.575711697340012 3.5
      vertex 47.75969883054495 8.806708581745625 2.5
    endloop
  endfacet
  facet normal -0.9039893029043047 -0.4275550727503879 0
    outer loop
      vertex 47.75969883054495 8.806708581745625 2.5
      vertex 47.75969883054495 8.806708581745625 3.5
      vertex 47.6548031643033 9.028491847217083 2.5
    endloop
  endfacet
  facet normal -0.8577286093781414 -0.5141027452311838 0
    outer loop
      vertex 47.6548031643033 9.028491847217083 2.5
      vertex 47.6548031643033 9.028491847217083 3.5
      vertex 47.52867403626442 9.238925583660603 2.5
    endloop
  endfacet
  facet normal -0.8032075265794508 -0.5956993111009283 0
    outer loop
      vertex 47.52867403626442 9.238925583660603 2.5
      vertex 47.52867403626442 9.238925583660603 3.5
      vertex 47.38252613693476 9.435983210802078 2.5
    endloop
  endfacet
  facet normal -0.740951124514441 -0.6715589557743871 0
    outer loop
      vertex 47.38252613693476 9.435983210802078 2.5
      vertex 47.38252613693476 9.435983210802078 3.5
      vertex 47.21776695549488 9.617766954004765 2.5
    endloop
  endfacet
  facet normal -0.336889864873561 -0.9415440610749313 0
    outer loop
      vertex 46.17571169883013 10.242350839078426 2.5
      vertex 46.40670858323574 10.159698829054832 3.5
      vertex 46.17571169883013 10.242350839078426 3.5
    endloop
  endfacet
  facet normal -0.6715589557743871 -0.740951124514441 0
    outer loop
      vertex 47.035983212292194 9.782526135444641 2.5
      vertex 47.21776695549488 9.617766954004765 3.5
      vertex 47.035983212292194 9.782526135444641 3.5
    endloop
  endfacet
  facet normal -0.5956993111009283 -0.8032075265794508 0
    outer loop
      vertex 46.83892558515072 9.928674034774303 2.5
      vertex 47.035983212292194 9.782526135444641 3.5
      vertex 46.83892558515072 9.928674034774303 3.5
    endloop
  endfacet
  facet normal -0.5141027452311838 -0.8577286093781414 0
    outer loop
      vertex 46.6284918487072 10.054803162813187 2.5
      vertex 46.83892558515072 9.928674034774303 3.5
      vertex 46.6284918487072 10.054803162813187 3.5
    endloop
  endfacet
  facet normal -0.4275550727503879 -0.9039893029043047 0
    outer loop
      vertex 46.40670858323574 10.159698829054832 2.5
      vertex 46.6284918487072 10.054803162813187 3.5
      vertex 46.40670858323574 10.159698829054832 3.5
    endloop
  endfacet
  facet normal -0.04906768556344164 -0.9987954556531818 0
    outer loop
      vertex 45.45000000298023 10.350000001490116 2.5
      vertex 45.69504285603762 10.337961815297604 3.5
      vertex 45.45000000298023 10.350000001490116 3.5
    endloop
  endfacet
  facet normal -0.14673046562892958 -0.9891765112740585 0
    outer loop
      vertex 45.69504285603762 10.337961815297604 2.5
      vertex 45.93772580474615 10.301963202655315 3.5
      vertex 45.69504285603762 10.337961815297604 3.5
    endloop
  endfacet
  facet normal -0.24298018143504363 -0.9700312528108531 0
    outer loop
      vertex 45.93772580474615 10.301963202655315 2.5
      vertex 46.17571169883013 10.242350839078426 3.5
      vertex 45.93772580474615 10.301963202655315 3.5
    endloop
  endfacet
  facet normal -0.9891765112740585 -0.14673046562892958 0
    outer loop
      vertex 47.90196320414543 8.337725803256035 2.5
      vertex 47.93796181678772 8.0950428545475 3.5
      vertex 47.90196320414543 8.337725803256035 3.5
    endloop
  endfacet
  facet normal -0.9700312528108531 -0.24298018143504363 0
    outer loop
      vertex 47.84235084056854 8.575711697340012 2.5
      vertex 47.90196320414543 8.337725803256035 3.5
      vertex 47.84235084056854 8.575711697340012 3.5
    endloop
  endfacet
  facet normal -0.9415440610749313 -0.336889864873561 0
    outer loop
      vertex 47.75969883054495 8.806708581745625 2.5
      vertex 47.84235084056854 8.575711697340012 3.5
      vertex 47.75969883054495 8.806708581745625 3.5
    endloop
  endfacet
  facet normal -0.8577286093781414 -0.5141027452311838 0
    outer loop
      vertex 47.52867403626442 9.238925583660603 2.5
      vertex 47.6548031643033 9.028491847217083 3.5
      vertex 47.52867403626442 9.238925583660603 3.5
    endloop
  endfacet
  facet normal -0.9039893029043047 -0.4275550727503879 0
    outer loop
      vertex 47.6548031643033 9.028491847217083 2.5
      vertex 47.75969883054495 8.806708581745625 3.5
      vertex 47.6548031643033 9.028491847217083 3.5
    endloop
  endfacet
  facet normal -0.8032075265794508 -0.5956993111009283 0
    outer loop
      vertex 47.38252613693476 9.435983210802078 2.5
      vertex 47.52867403626442 9.238925583660603 3.5
      vertex 47.38252613693476 9.435983210802078 3.5
    endloop
  endfacet
  facet normal -0.740951124514441 -0.6715589557743871 0
    outer loop
      vertex 47.21776695549488 9.617766954004765 2.5
      vertex 47.38252613693476 9.435983210802078 3.5
      vertex 47.21776695549488 9.617766954004765 3.5
    endloop
  endfacet
endsolid OpenSCAD_Model
