solid OpenSCAD_Model
  facet normal 0 0 -1
    outer loop
      vertex 167 0 0
      vertex 209.00961894323342 35.85874328825385 0
      vertex 210.09969989563146 34.211288940660864 0
    endloop
  endfacet
  facet normal 0 0 -1
    outer loop
      vertex 167 0 0
      vertex 207.51111260566398 39.5120109615815 0
      vertex 208.1418070123307 37.63578585891851 0
    endloop
  endfacet
  facet normal 0 0 -1
    outer loop
      vertex 167 0 0
      vertex 207.12832707939285 41.45531586454838 0
      vertex 207.51111260566398 39.5120109615815 0
    endloop
  endfacet
  facet normal 0 0 -1
    outer loop
      vertex 167 0 0
      vertex 208.1418070123307 37.63578585891851 0
      vertex 209.00961894323342 35.85874328825385 0
    endloop
  endfacet
  facet normal 0 0 -1
    outer loop
      vertex 167 0 0
      vertex 210.09969989563146 34.211288940660864 0
      vertex 211.3933982822018 32.72161121678751 0
    endloop
  endfacet
  facet normal 0 0 -1
    outer loop
      vertex 167 0 0
      vertex 211.3933982822018 32.72161121678751 0
      vertex 212.86857856486918 31.41519891550596 0
    endloop
  endfacet
  facet normal 0 0 -1
    outer loop
      vertex 167 0 0
      vertex 212.86857856486918 31.41519891550596 0
      vertex 214.5 30.31440511349705 0
    endloop
  endfacet
  facet normal 0 0 -1
    outer loop
      vertex 167 0 0
      vertex 214.5 30.31440511349705 0
      vertex 216.25974851452366 29.43806469791086 0
    endloop
  endfacet
  facet normal 0 0 -1
    outer loop
      vertex 167 0 0
      vertex 216.25974851452366 29.43806469791086 0
      vertex 218.1177143234622 28.80117209622553 0
    endloop
  endfacet
  facet normal 0 0 -1
    outer loop
      vertex 167 0 0
      vertex 218.1177143234622 28.80117209622553 0
      vertex 220.0421071166992 28.4146247174359 0
    endloop
  endfacet
  facet normal 0 0 -1
    outer loop
      vertex 167 0 0
      vertex 220.0421071166992 28.4146247174359 0
      vertex 222 28.285036494364213 0
    endloop
  endfacet
  facet normal 0 0 -1
    outer loop
      vertex 167 0 0
      vertex 207 43.43245008214348 0
      vertex 207.12832707939285 41.45531586454838 0
    endloop
  endfacet
  facet normal 0 0 -1
    outer loop
      vertex 167 0 0
      vertex 207.12832707939285 45.40958429973858 0
      vertex 207 43.43245008214348 0
    endloop
  endfacet
  facet normal 0 0 -1
    outer loop
      vertex 167 0 0
      vertex 207.51111260566398 47.35288920270547 0
      vertex 207.12832707939285 45.40958429973858 0
    endloop
  endfacet
  facet normal 0 0 -1
    outer loop
      vertex 167 0 0
      vertex 208.1418070123307 49.229114305368455 0
      vertex 207.51111260566398 47.35288920270547 0
    endloop
  endfacet
  facet normal 0 0 -1
    outer loop
      vertex 167 0 0
      vertex 209.00961894323342 51.00615687603312 0
      vertex 208.1418070123307 49.229114305368455 0
    endloop
  endfacet
  facet normal 0 0 -1
    outer loop
      vertex 167 0 0
      vertex 209.00961894323342 85.85874328825385 0
      vertex 209.00961894323342 51.00615687603312 0
    endloop
  endfacet
  facet normal 0 0 -1
    outer loop
      vertex 167 0 0
      vertex 167 119 0
      vertex 209.00961894323342 85.85874328825385 0
    endloop
  endfacet
  facet normal 0 0 -1
    outer loop
      vertex 208.1418070123307 87.63578585891851 0
      vertex 209.00961894323342 85.85874328825385 0
      vertex 167 119 0
    endloop
  endfacet
  facet normal 0 0 -1
    outer loop
      vertex 208.1418070123307 87.63578585891851 0
      vertex 167 119 0
      vertex 207.51111260566398 89.51201096158151 0
    endloop
  endfacet
  facet normal 0 0 -1
    outer loop
      vertex 207.51111260566398 89.51201096158151 0
      vertex 191.1245286046785 119 0
      vertex 207.12832707939285 91.4553158645484 0
    endloop
  endfacet
  facet normal 0 0 -1
    outer loop
      vertex 207.12832707939285 91.4553158645484 0
      vertex 191.1245286046785 119 0
      vertex 207 93.43245008214349 0
    endloop
  endfacet
  facet normal 0 0 -1
    outer loop
      vertex 207 93.43245008214349 0
      vertex 191.1245286046785 119 0
      vertex 207.12832707939285 95.40958429973858 0
    endloop
  endfacet
  facet normal 0 0 -1
    outer loop
      vertex 207.12832707939285 95.40958429973858 0
      vertex 191.1245286046785 119 0
      vertex 207.51111260566398 97.35288920270547 0
    endloop
  endfacet
  facet normal 0 0 -1
    outer loop
      vertex 207.51111260566398 97.35288920270547 0
      vertex 191.1245286046785 119 0
      vertex 208.1418070123307 99.22911430536846 0
    endloop
  endfacet
  facet normal 0 0 -1
    outer loop
      vertex 208.1418070123307 99.22911430536846 0
      vertex 191.1245286046785 119 0
      vertex 209.00961894323342 101.00615687603312 0
    endloop
  endfacet
  facet normal 0 0 -1
    outer loop
      vertex 209.00961894323342 101.00615687603312 0
      vertex 191.1245286046785 119 0
      vertex 210.09969989563146 102.65361122362611 0
    endloop
  endfacet
  facet normal 0 0 -1
    outer loop
      vertex 167 0 0
      vertex 222 28.285036494364213 0
      vertex 334 8 0
    endloop
  endfacet
  facet normal 0 -1 0
    outer loop
      vertex 167 0 0
      vertex 326 0 14.7
      vertex 167 0 14.7
    endloop
  endfacet
  facet normal 0 -0.13917310096006555 0.9902680687415704
    outer loop
      vertex 167 0 14.7
      vertex 325 17.284292775205678 17.12914893386792
      vertex 167 17.284292775205678 17.12914893386792
    endloop
  endfacet
  facet normal 0 0 -1
    outer loop
      vertex 209.00961894323342 51.00615687603312 0
      vertex 210.09969989563146 84.21128894066086 0
      vertex 210.09969989563146 52.65361122362611 0
    endloop
  endfacet
  facet normal 0 0 -1
    outer loop
      vertex 210.09969989563146 52.65361122362611 0
      vertex 211.3933982822018 82.72161121678751 0
      vertex 211.3933982822018 54.143288947499464 0
    endloop
  endfacet
  facet normal 0 0 -1
    outer loop
      vertex 211.3933982822018 54.143288947499464 0
      vertex 212.86857856486918 81.41519891550595 0
      vertex 212.86857856486918 55.44970124878101 0
    endloop
  endfacet
  facet normal 0 0 -1
    outer loop
      vertex 212.86857856486918 55.44970124878101 0
      vertex 214.5 80.31440511349706 0
      vertex 214.5 56.55049505078992 0
    endloop
  endfacet
  facet normal 0 0 -1
    outer loop
      vertex 214.5 56.55049505078992 0
      vertex 216.25974851452366 79.43806469791086 0
      vertex 216.25974851452366 57.426835466376104 0
    endloop
  endfacet
  facet normal 0 0 -1
    outer loop
      vertex 216.25974851452366 57.426835466376104 0
      vertex 218.1177143234622 78.80117209622553 0
      vertex 218.1177143234622 58.06372806806144 0
    endloop
  endfacet
  facet normal 0 0 -1
    outer loop
      vertex 209.00961894323342 51.00615687603312 0
      vertex 209.00961894323342 85.85874328825385 0
      vertex 210.09969989563146 84.21128894066086 0
    endloop
  endfacet
  facet normal 0 0 -1
    outer loop
      vertex 210.09969989563146 52.65361122362611 0
      vertex 210.09969989563146 84.21128894066086 0
      vertex 211.3933982822018 82.72161121678751 0
    endloop
  endfacet
  facet normal 0 0 -1
    outer loop
      vertex 211.3933982822018 54.143288947499464 0
      vertex 211.3933982822018 82.72161121678751 0
      vertex 212.86857856486918 81.41519891550595 0
    endloop
  endfacet
  facet normal 0 0 -1
    outer loop
      vertex 212.86857856486918 55.44970124878101 0
      vertex 212.86857856486918 81.41519891550595 0
      vertex 214.5 80.31440511349706 0
    endloop
  endfacet
  facet normal 0 0 -1
    outer loop
      vertex 214.5 56.55049505078992 0
      vertex 214.5 80.31440511349706 0
      vertex 216.25974851452366 79.43806469791086 0
    endloop
  endfacet
  facet normal 0 0 -1
    outer loop
      vertex 216.25974851452366 57.426835466376104 0
      vertex 216.25974851452366 79.43806469791086 0
      vertex 218.1177143234622 78.80117209622553 0
    endloop
  endfacet
  facet normal 0 0 -1
    outer loop
      vertex 218.1177143234622 58.06372806806144 0
      vertex 218.1177143234622 78.80117209622553 0
      vertex 220.0421071166992 78.4146247174359 0
    endloop
  endfacet
  facet normal 0 0 -1
    outer loop
      vertex 218.1177143234622 58.06372806806144 0
      vertex 220.0421071166992 78.4146247174359 0
      vertex 220.0421071166992 58.45027544685108 0
    endloop
  endfacet
  facet normal 0 0 -1
    outer loop
      vertex 220.0421071166992 58.45027544685108 0
      vertex 222 78.28503649436422 0
      vertex 222 58.57986366992275 0
    endloop
  endfacet
  facet normal 0 0 -1
    outer loop
      vertex 220.0421071166992 58.45027544685108 0
      vertex 220.0421071166992 78.4146247174359 0
      vertex 222 78.28503649436422 0
    endloop
  endfacet
  facet normal 0 0 -1
    outer loop
      vertex 222 58.57986366992275 0
      vertex 222 78.28503649436422 0
      vertex 292 78.28503649436422 0
    endloop
  endfacet
  facet normal 0 0 -1
    outer loop
      vertex 207.51111260566398 89.51201096158151 0
      vertex 167 119 0
      vertex 191.1245286046785 119 0
    endloop
  endfacet
  facet normal 0 0 -1
    outer loop
      vertex 210.09969989563146 102.65361122362611 0
      vertex 191.1245286046785 119 0
      vertex 211.3933982822018 104.14328894749946 0
    endloop
  endfacet
  facet normal 0 0 -1
    outer loop
      vertex 211.3933982822018 104.14328894749946 0
      vertex 191.1245286046785 119 0
      vertex 212.86857856486918 105.44970124878101 0
    endloop
  endfacet
  facet normal 0 0 -1
    outer loop
      vertex 212.86857856486918 105.44970124878101 0
      vertex 191.1245286046785 119 0
      vertex 214.5 106.55049505078992 0
    endloop
  endfacet
  facet normal 0 1 0
    outer loop
      vertex 167 216.53 0
      vertex 167 216.53 3
      vertex 215 216.53 3
    endloop
  endfacet
  facet normal 0 0 -1
    outer loop
      vertex 167 131.8484441311167 0
      vertex 167 216.53 0
      vertex 241.9 212.28 0
    endloop
  endfacet
  facet normal 0 0 -1
    outer loop
      vertex 167 131.8484441311167 0
      vertex 330 215.4582032302755 0
      vertex 191.1245286046785 119 0
    endloop
  endfacet
  facet normal 0 0 -1
    outer loop
      vertex 214.5 106.55049505078992 0
      vertex 191.1245286046785 119 0
      vertex 330 215.4582032302755 0
    endloop
  endfacet
  facet normal 0 0 -1
    outer loop
      vertex 167 131.8484441311167 0
      vertex 241.9 212.28 0
      vertex 248.1 212.28 0
    endloop
  endfacet
  facet normal 0 0 -1
    outer loop
      vertex 167 216.53 0
      vertex 241.9 215.53 0
      vertex 241.9 212.28 0
    endloop
  endfacet
  facet normal 0 0 -1
    outer loop
      vertex 167 216.53 0
      vertex 248.1 215.53 0
      vertex 241.9 215.53 0
    endloop
  endfacet
  facet normal 0 0 -1
    outer loop
      vertex 167 131.8484441311167 0
      vertex 248.1 212.28 0
      vertex 273.9 212.28 0
    endloop
  endfacet
  facet normal 0 0 -1
    outer loop
      vertex 167 131.8484441311167 0
      vertex 273.9 212.28 0
      vertex 280.09999999999997 212.2800000000004 0
    endloop
  endfacet
  facet normal 0 0 -1
    outer loop
      vertex 167 216.53 0
      vertex 273.9 215.53 0
      vertex 248.1 215.53 0
    endloop
  endfacet
  facet normal 0 1 0
    outer loop
      vertex 167 216.53 0
      vertex 215 216.53 3
      vertex 326 216.53 0
    endloop
  endfacet
  facet normal 0 0 -1
    outer loop
      vertex 167 216.53 0
      vertex 280.09999999999997 215.53 0
      vertex 273.9 215.53 0
    endloop
  endfacet
  facet normal 0 1 0
    outer loop
      vertex 167 216.53 26.235176023632413
      vertex 167 216.53 34.23517602363241
      vertex 215 216.53 26.235176023632413
    endloop
  endfacet
  facet normal 0 1 0
    outer loop
      vertex 167 216.53 34.23517602363241
      vertex 326 216.53 34.23517602363241
      vertex 215 216.53 26.235176023632413
    endloop
  endfacet
  facet normal 0 0 -1
    outer loop
      vertex 167 0 0
      vertex 334 8 0
      vertex 326 0 0
    endloop
  endfacet
  facet normal 0 0 -1
    outer loop
      vertex 222 28.285036494364213 0
      vertex 292 28.285036494364213 0
      vertex 334 8 0
    endloop
  endfacet
  facet normal 0 -1 0
    outer loop
      vertex 167 0 0
      vertex 326 0 0
      vertex 326 0 14.7
    endloop
  endfacet
  facet normal 0 -0.13917310096006552 0.9902680687415703
    outer loop
      vertex 167 0 14.7
      vertex 326 0 14.7
      vertex 325 17.284292775205678 17.12914893386792
    endloop
  endfacet
  facet normal 0 0 -1
    outer loop
      vertex 222 58.57986366992275 0
      vertex 292 78.28503649436422 0
      vertex 292 58.57986366992275 0
    endloop
  endfacet
  facet normal 0 0 -1
    outer loop
      vertex 292 28.285036494364213 0
      vertex 293.95789288330076 28.4146247174359 0
      vertex 334 8 0
    endloop
  endfacet
  facet normal 0 0 -1
    outer loop
      vertex 293.95789288330076 28.4146247174359 0
      vertex 295.88228567653783 28.80117209622553 0
      vertex 334 8 0
    endloop
  endfacet
  facet normal 0 0 -1
    outer loop
      vertex 295.88228567653783 28.80117209622553 0
      vertex 297.74025148547634 29.43806469791086 0
      vertex 334 8 0
    endloop
  endfacet
  facet normal 0 0 -1
    outer loop
      vertex 297.74025148547634 29.43806469791086 0
      vertex 299.5 30.31440511349705 0
      vertex 334 8 0
    endloop
  endfacet
  facet normal 0 0 -1
    outer loop
      vertex 299.5 30.31440511349705 0
      vertex 301.1314214351308 31.415198915505965 0
      vertex 334 8 0
    endloop
  endfacet
  facet normal 0 0 -1
    outer loop
      vertex 301.1314214351308 31.415198915505965 0
      vertex 302.6066017177982 32.72161121678751 0
      vertex 334 8 0
    endloop
  endfacet
  facet normal 0 0 -1
    outer loop
      vertex 302.6066017177982 32.72161121678751 0
      vertex 303.9003001043685 34.211288940660864 0
      vertex 334 8 0
    endloop
  endfacet
  facet normal 0 0 -1
    outer loop
      vertex 303.9003001043685 34.211288940660864 0
      vertex 304.9903810567666 35.85874328825385 0
      vertex 334 8 0
    endloop
  endfacet
  facet normal 0 0 -1
    outer loop
      vertex 326 0 0
      vertex 328.07055236082016 0.2725933896874535 0
      vertex 327.0442095377604 0.06844110900951694 0
    endloop
  endfacet
  facet normal 0 0 -1
    outer loop
      vertex 326 0 0
      vertex 330 1.0717967697244912 0
      vertex 328.07055236082016 0.2725933896874535 0
    endloop
  endfacet
  facet normal 0 0 -1
    outer loop
      vertex 328.07055236082016 0.2725933896874535 0
      vertex 330 1.0717967697244912 0
      vertex 329.06146745892073 0.6089637399097061 0
    endloop
  endfacet
  facet normal 0 0 -1
    outer loop
      vertex 326 0 0
      vertex 334 8 0
      vertex 330 1.0717967697244912 0
    endloop
  endfacet
  facet normal 0 0 -1
    outer loop
      vertex 330 1.0717967697244912 0
      vertex 331.65685424949237 2.3431457505076194 0
      vertex 330.8700914320698 1.6531732776701187 0
    endloop
  endfacet
  facet normal 0 0 -1
    outer loop
      vertex 330 1.0717967697244912 0
      vertex 332.9282032302755 4 0
      vertex 331.65685424949237 2.3431457505076194 0
    endloop
  endfacet
  facet normal 0 0 -1
    outer loop
      vertex 331.65685424949237 2.3431457505076194 0
      vertex 332.9282032302755 4 0
      vertex 332.34682672232987 3.1299085679302348 0
    endloop
  endfacet
  facet normal 0 0 -1
    outer loop
      vertex 330 1.0717967697244912 0
      vertex 334 8 0
      vertex 332.9282032302755 4 0
    endloop
  endfacet
  facet normal 0 0 -1
    outer loop
      vertex 332.9282032302755 4 0
      vertex 334 8 0
      vertex 333.3910362600903 4.938532541079281 0
    endloop
  endfacet
  facet normal 0 0 -1
    outer loop
      vertex 333.3910362600903 4.938532541079281 0
      vertex 334 8 0
      vertex 333.7274066103125 5.929447639179834 0
    endloop
  endfacet
  facet normal 0 0 -1
    outer loop
      vertex 333.7274066103125 5.929447639179834 0
      vertex 334 8 0
      vertex 333.93155889099046 6.955790462239587 0
    endloop
  endfacet
  facet normal 0.06540312923014263 -0.9978589232386036 0
    outer loop
      vertex 326 0 0
      vertex 327.0442095377604 0.06844110900951694 0
      vertex 327.0442095377604 0.06844110900951694 14.7
    endloop
  endfacet
  facet normal 0.1950903220161311 -0.9807852804032299 0
    outer loop
      vertex 327.0442095377604 0.06844110900951694 0
      vertex 328.07055236082016 0.2725933896874535 0
      vertex 327.0442095377604 0.06844110900951694 14.7
    endloop
  endfacet
  facet normal 0.321439465303156 -0.9469301294951075 0
    outer loop
      vertex 328.07055236082016 0.2725933896874535 0
      vertex 329.06146745892073 0.6089637399097061 0
      vertex 328.07055236082016 0.2725933896874535 14.7
    endloop
  endfacet
  facet normal 0.4422886902190064 -0.8968727415326858 0
    outer loop
      vertex 329.06146745892073 0.6089637399097061 0
      vertex 330 1.0717967697244912 0
      vertex 329.06146745892073 0.6089637399097061 14.7
    endloop
  endfacet
  facet normal 0.5555702330195933 -0.8314696123025512 0
    outer loop
      vertex 330 1.0717967697244912 0
      vertex 330.8700914320698 1.6531732776701187 0
      vertex 330 1.0717967697244912 14.7
    endloop
  endfacet
  facet normal 0.6593458151000833 -0.7518398074789647 0
    outer loop
      vertex 330.8700914320698 1.6531732776701187 0
      vertex 331.65685424949237 2.3431457505076194 0
      vertex 331.65685424949237 2.3431457505076194 14.7
    endloop
  endfacet
  facet normal 0.7518398074789798 -0.6593458151000662 0
    outer loop
      vertex 331.65685424949237 2.3431457505076194 0
      vertex 332.34682672232987 3.1299085679302348 0
      vertex 331.65685424949237 2.3431457505076194 14.7
    endloop
  endfacet
  facet normal 0.8314696123025298 -0.5555702330196254 0
    outer loop
      vertex 332.34682672232987 3.1299085679302348 0
      vertex 332.9282032302755 4 0
      vertex 332.34682672232987 3.1299085679302348 14.7
    endloop
  endfacet
  facet normal 0.8968727415326976 -0.44228869021898254 0
    outer loop
      vertex 332.9282032302755 4 0
      vertex 333.3910362600903 4.938532541079281 0
      vertex 332.9282032302755 4 14.7
    endloop
  endfacet
  facet normal 0.9469301294951095 -0.32143946530315026 0
    outer loop
      vertex 333.3910362600903 4.938532541079281 0
      vertex 333.7274066103125 5.929447639179834 0
      vertex 333.7274066103125 5.929447639179834 14.7
    endloop
  endfacet
  facet normal 0.9807852804032315 -0.19509032201612297 0
    outer loop
      vertex 333.7274066103125 5.929447639179834 0
      vertex 333.93155889099046 6.955790462239587 0
      vertex 333.93155889099046 6.955790462239587 14.7
    endloop
  endfacet
  facet normal 0.997858923238602 -0.06540312923016611 0
    outer loop
      vertex 333.93155889099046 6.955790462239587 0
      vertex 334 8 0
      vertex 333.93155889099046 6.955790462239587 14.7
    endloop
  endfacet
  facet normal 0 0 -1
    outer loop
      vertex 304.9903810567666 35.85874328825385 0
      vertex 305.8581929876693 37.63578585891851 0
      vertex 334 8 0
    endloop
  endfacet
  facet normal 0 0 -1
    outer loop
      vertex 305.8581929876693 37.63578585891851 0
      vertex 306.488887394336 39.5120109615815 0
      vertex 334 8 0
    endloop
  endfacet
  facet normal 0 0 -1
    outer loop
      vertex 306.488887394336 39.5120109615815 0
      vertex 306.8716729206072 41.45531586454838 0
      vertex 334 8 0
    endloop
  endfacet
  facet normal 0 0 -1
    outer loop
      vertex 306.8716729206072 41.45531586454838 0
      vertex 307 43.43245008214348 0
      vertex 334 8 0
    endloop
  endfacet
  facet normal 0 0 -1
    outer loop
      vertex 307 43.43245008214348 0
      vertex 306.8716729206072 45.40958429973858 0
      vertex 334 8 0
    endloop
  endfacet
  facet normal 0.06540312923014263 -0.9978589232386036 0
    outer loop
      vertex 326 0 0
      vertex 327.0442095377604 0.06844110900951694 14.7
      vertex 326 0 14.7
    endloop
  endfacet
  facet normal 0.1950903220161311 -0.9807852804032299 0
    outer loop
      vertex 328.07055236082016 0.2725933896874535 0
      vertex 328.07055236082016 0.2725933896874535 14.7
      vertex 327.0442095377604 0.06844110900951694 14.7
    endloop
  endfacet
  facet normal 0.321439465303156 -0.9469301294951075 0
    outer loop
      vertex 329.06146745892073 0.6089637399097061 0
      vertex 329.06146745892073 0.6089637399097061 14.7
      vertex 328.07055236082016 0.2725933896874535 14.7
    endloop
  endfacet
  facet normal 0.4422886902190064 -0.8968727415326858 0
    outer loop
      vertex 330 1.0717967697244912 0
      vertex 330 1.0717967697244912 14.7
      vertex 329.06146745892073 0.6089637399097061 14.7
    endloop
  endfacet
  facet normal 0.5555702330195933 -0.8314696123025512 0
    outer loop
      vertex 330.8700914320698 1.6531732776701187 0
      vertex 330.8700914320698 1.6531732776701187 14.7
      vertex 330 1.0717967697244912 14.7
    endloop
  endfacet
  facet normal 0.6593458151000833 -0.7518398074789647 0
    outer loop
      vertex 330.8700914320698 1.6531732776701187 0
      vertex 331.65685424949237 2.3431457505076194 14.7
      vertex 330.8700914320698 1.6531732776701187 14.7
    endloop
  endfacet
  facet normal 0.7518398074789798 -0.6593458151000662 0
    outer loop
      vertex 332.34682672232987 3.1299085679302348 0
      vertex 332.34682672232987 3.1299085679302348 14.7
      vertex 331.65685424949237 2.3431457505076194 14.7
    endloop
  endfacet
  facet normal 0.8314696123025298 -0.5555702330196254 0
    outer loop
      vertex 332.9282032302755 4 0
      vertex 332.9282032302755 4 14.7
      vertex 332.34682672232987 3.1299085679302348 14.7
    endloop
  endfacet
  facet normal 0.8968727415326976 -0.44228869021898254 0
    outer loop
      vertex 333.3910362600903 4.938532541079281 0
      vertex 333.3910362600903 4.938532541079281 14.7
      vertex 332.9282032302755 4 14.7
    endloop
  endfacet
  facet normal 0.9469301294951095 -0.32143946530315026 0
    outer loop
      vertex 333.3910362600903 4.938532541079281 0
      vertex 333.7274066103125 5.929447639179834 14.7
      vertex 333.3910362600903 4.938532541079281 14.7
    endloop
  endfacet
  facet normal 0.9807852804032315 -0.19509032201612297 0
    outer loop
      vertex 333.7274066103125 5.929447639179834 0
      vertex 333.93155889099046 6.955790462239587 14.7
      vertex 333.7274066103125 5.929447639179834 14.7
    endloop
  endfacet
  facet normal 0.997858923238602 -0.06540312923016611 0
    outer loop
      vertex 334 8 0
      vertex 334 8 14.7
      vertex 333.93155889099046 6.955790462239587 14.7
    endloop
  endfacet
  facet normal 0 0 -1
    outer loop
      vertex 292 58.57986366992275 0
      vertex 293.95789288330076 78.4146247174359 0
      vertex 293.95789288330076 58.45027544685108 0
    endloop
  endfacet
  facet normal 0 0 -1
    outer loop
      vertex 293.95789288330076 58.45027544685108 0
      vertex 295.88228567653783 78.80117209622553 0
      vertex 295.88228567653783 58.06372806806144 0
    endloop
  endfacet
  facet normal 0 0 -1
    outer loop
      vertex 295.88228567653783 58.06372806806144 0
      vertex 297.74025148547634 79.43806469791086 0
      vertex 297.74025148547634 57.426835466376104 0
    endloop
  endfacet
  facet normal 0 0 -1
    outer loop
      vertex 297.74025148547634 57.426835466376104 0
      vertex 299.5 80.31440511349706 0
      vertex 299.5 56.55049505078992 0
    endloop
  endfacet
  facet normal 0 0 -1
    outer loop
      vertex 301.1314214351308 55.44970124878101 0
      vertex 302.6066017177982 82.72161121678751 0
      vertex 302.6066017177982 54.143288947499464 0
    endloop
  endfacet
  facet normal 0 0 -1
    outer loop
      vertex 299.5 56.55049505078992 0
      vertex 301.1314214351308 81.41519891550595 0
      vertex 301.1314214351308 55.44970124878101 0
    endloop
  endfacet
  facet normal 0 0 -1
    outer loop
      vertex 292 58.57986366992275 0
      vertex 292 78.28503649436422 0
      vertex 293.95789288330076 78.4146247174359 0
    endloop
  endfacet
  facet normal 0 0 -1
    outer loop
      vertex 293.95789288330076 58.45027544685108 0
      vertex 293.95789288330076 78.4146247174359 0
      vertex 295.88228567653783 78.80117209622553 0
    endloop
  endfacet
  facet normal 0 0 -1
    outer loop
      vertex 295.88228567653783 58.06372806806144 0
      vertex 295.88228567653783 78.80117209622553 0
      vertex 297.74025148547634 79.43806469791086 0
    endloop
  endfacet
  facet normal 0 0 -1
    outer loop
      vertex 297.74025148547634 57.426835466376104 0
      vertex 297.74025148547634 79.43806469791086 0
      vertex 299.5 80.31440511349706 0
    endloop
  endfacet
  facet normal 0 0 -1
    outer loop
      vertex 299.5 56.55049505078992 0
      vertex 299.5 80.31440511349706 0
      vertex 301.1314214351308 81.41519891550595 0
    endloop
  endfacet
  facet normal 0 0 -1
    outer loop
      vertex 301.1314214351308 55.44970124878101 0
      vertex 301.1314214351308 81.41519891550595 0
      vertex 302.6066017177982 82.72161121678751 0
    endloop
  endfacet
  facet normal 0 0 -1
    outer loop
      vertex 303.9003001043685 52.65361122362611 0
      vertex 302.6066017177982 54.143288947499464 0
      vertex 303.9003001043685 84.21128894066086 0
    endloop
  endfacet
  facet normal 0 0 -1
    outer loop
      vertex 303.9003001043685 52.65361122362611 0
      vertex 304.9903810567666 85.85874328825385 0
      vertex 304.9903810567666 51.00615687603312 0
    endloop
  endfacet
  facet normal 0 0 -1
    outer loop
      vertex 302.6066017177982 54.143288947499464 0
      vertex 302.6066017177982 82.72161121678751 0
      vertex 303.9003001043685 84.21128894066086 0
    endloop
  endfacet
  facet normal 0 0 -1
    outer loop
      vertex 303.9003001043685 52.65361122362611 0
      vertex 303.9003001043685 84.21128894066086 0
      vertex 304.9903810567666 85.85874328825385 0
    endloop
  endfacet
  facet normal 0 0 -1
    outer loop
      vertex 304.9903810567666 51.00615687603312 0
      vertex 304.9903810567666 85.85874328825385 0
      vertex 305.8581929876693 87.63578585891851 0
    endloop
  endfacet
  facet normal 0 0 -1
    outer loop
      vertex 304.9903810567666 51.00615687603312 0
      vertex 305.8581929876693 87.63578585891851 0
      vertex 306.488887394336 89.51201096158151 0
    endloop
  endfacet
  facet normal 0 0 -1
    outer loop
      vertex 304.9903810567666 51.00615687603312 0
      vertex 306.488887394336 89.51201096158151 0
      vertex 306.8716729206072 91.4553158645484 0
    endloop
  endfacet
  facet normal 0 0 -1
    outer loop
      vertex 304.9903810567666 51.00615687603312 0
      vertex 306.8716729206072 91.4553158645484 0
      vertex 307 93.43245008214349 0
    endloop
  endfacet
  facet normal 1 0 0
    outer loop
      vertex 334 8 0
      vertex 334 208.53 0
      vertex 334 8 14.7
    endloop
  endfacet
  facet normal 0 0 -1
    outer loop
      vertex 306.488887394336 47.35288920270547 0
      vertex 305.8581929876693 49.229114305368455 0
      vertex 330 215.4582032302755 0
    endloop
  endfacet
  facet normal 0 0 -1
    outer loop
      vertex 306.488887394336 47.35288920270547 0
      vertex 330 215.4582032302755 0
      vertex 306.8716729206072 45.40958429973858 0
    endloop
  endfacet
  facet normal 0 0 -1
    outer loop
      vertex 304.9903810567666 51.00615687603312 0
      vertex 330 215.4582032302755 0
      vertex 305.8581929876693 49.229114305368455 0
    endloop
  endfacet
  facet normal 0 0 -1
    outer loop
      vertex 306.8716729206072 45.40958429973858 0
      vertex 330 215.4582032302755 0
      vertex 334 8 0
    endloop
  endfacet
  facet normal 1 0 0
    outer loop
      vertex 334 8 14.7
      vertex 334 156.29500000000002 5.5
      vertex 334 156.29500000000002 22.5
    endloop
  endfacet
  facet normal 0.009121507480605907 -0.13916731110650604 0.9902268717928565
    outer loop
      vertex 326 0 14.7
      vertex 327.0442095377604 0.06844110900951694 14.7
      vertex 326 139 34.23517602363241
    endloop
  endfacet
  facet normal 0.02767264937952241 -0.13911980307742275 0.9898888346011472
    outer loop
      vertex 327.0442095377604 0.06844110900951694 14.7
      vertex 328.07055236082016 0.2725933896874535 14.7
      vertex 327.0442095377604 139.0684411090095 34.23517602363241
    endloop
  endfacet
  facet normal 0.0471902694041686 -0.13901805080360694 0.9891648295528545
    outer loop
      vertex 328.07055236082016 0.2725933896874535 14.7
      vertex 329.06146745892073 0.6089637399097061 14.7
      vertex 328.07055236082016 139.27259338968744 34.23517602363241
    endloop
  endfacet
  facet normal 0.06847150248952578 -0.1388464718015621 0.9879439815167077
    outer loop
      vertex 329.06146745892073 0.6089637399097061 14.7
      vertex 330 1.0717967697244912 14.7
      vertex 329.06146745892073 139.6089637399097 34.23517602363241
    endloop
  endfacet
  facet normal 0.09259300104545318 -0.1385752189471201 0.9860139171691009
    outer loop
      vertex 330 1.0717967697244912 14.7
      vertex 330.8700914320698 1.6531732776701187 14.7
      vertex 330 140.0717967697245 34.23517602363241
    endloop
  endfacet
  facet normal 0.12115249091284651 -0.13814793899872593 0.9829736623613151
    outer loop
      vertex 330.8700914320698 1.6531732776701187 14.7
      vertex 331.65685424949237 2.3431457505076194 14.7
      vertex 330.8700914320698 140.6531732776701 34.23517602363241
    endloop
  endfacet
  facet normal 0.15673512462308253 -0.1374530152186789 0.9780290227374034
    outer loop
      vertex 331.65685424949237 2.3431457505076194 14.7
      vertex 332.34682672232987 3.1299085679302348 14.7
      vertex 331.65685424949237 141.34314575050763 34.23517602363241
    endloop
  endfacet
  facet normal 0.20391102946984938 -0.13624899392789416 0.969461966099848
    outer loop
      vertex 332.34682672232987 3.1299085679302348 14.7
      vertex 332.9282032302755 4 14.7
      vertex 332.34682672232987 142.12990856793024 34.23517602363241
    endloop
  endfacet
  facet normal 0.271606231175805 -0.13394137058594216 0.9530423728418557
    outer loop
      vertex 332.9282032302755 4 14.7
      vertex 333.3910362600903 4.938532541079281 14.7
      vertex 332.9282032302755 143 34.23517602363241
    endloop
  endfacet
  facet normal 0.37934594199014693 -0.12877059559108942 0.916250397002219
    outer loop
      vertex 333.3910362600903 4.938532541079281 14.7
      vertex 333.7274066103125 5.929447639179834 14.7
      vertex 333.3910362600903 143.93853254107927 34.23517602363241
    endloop
  endfacet
  facet normal 0.5732810962545734 -0.11403270002999956 0.8113848211551796
    outer loop
      vertex 333.7274066103125 5.929447639179834 14.7
      vertex 333.93155889099046 6.955790462239587 14.7
      vertex 333.7274066103125 144.92944763917984 34.23517602363241
    endloop
  endfacet
  facet normal 0.9046928427203244 -0.05929670169607273 0.4219179558854842
    outer loop
      vertex 333.93155889099046 6.955790462239587 14.7
      vertex 334 8 14.7
      vertex 333.93155889099046 145.95579046223958 34.23517602363241
    endloop
  endfacet
  facet normal 1.2148968909919534e-15 -0.13917310096006547 0.9902680687415704
    outer loop
      vertex 326 0 14.7
      vertex 326 139 34.23517602363241
      vertex 325 17.284292775205678 17.12914893386792
    endloop
  endfacet
  facet normal 1 0 0
    outer loop
      vertex 334 8 14.7
      vertex 334 156.29500000000002 22.5
      vertex 334 147 34.23517602363241
    endloop
  endfacet
  facet normal 0.009121507480606124 -0.13916731110650604 0.9902268717928565
    outer loop
      vertex 327.0442095377604 0.06844110900951694 14.7
      vertex 327.0442095377604 139.0684411090095 34.23517602363241
      vertex 326 139 34.23517602363241
    endloop
  endfacet
  facet normal 0.027672649379522032 -0.13911980307742275 0.9898888346011472
    outer loop
      vertex 328.07055236082016 0.2725933896874535 14.7
      vertex 328.07055236082016 139.27259338968744 34.23517602363241
      vertex 327.0442095377604 139.0684411090095 34.23517602363241
    endloop
  endfacet
  facet normal 0.04719026940417194 -0.1390180508036069 0.9891648295528542
    outer loop
      vertex 329.06146745892073 0.6089637399097061 14.7
      vertex 329.06146745892073 139.6089637399097 34.23517602363241
      vertex 328.07055236082016 139.27259338968744 34.23517602363241
    endloop
  endfacet
  facet normal 0.06847150248952764 -0.1388464718015621 0.9879439815167077
    outer loop
      vertex 330 1.0717967697244912 14.7
      vertex 330 140.0717967697245 34.23517602363241
      vertex 329.06146745892073 139.6089637399097 34.23517602363241
    endloop
  endfacet
  facet normal 0.09259300104545194 -0.1385752189471201 0.9860139171691009
    outer loop
      vertex 330.8700914320698 1.6531732776701187 14.7
      vertex 330.8700914320698 140.6531732776701 34.23517602363241
      vertex 330 140.0717967697245 34.23517602363241
    endloop
  endfacet
  facet normal 0.12115249091285202 -0.13814793899872585 0.9829736623613146
    outer loop
      vertex 331.65685424949237 2.3431457505076194 14.7
      vertex 331.65685424949237 141.34314575050763 34.23517602363241
      vertex 330.8700914320698 140.6531732776701 34.23517602363241
    endloop
  endfacet
  facet normal 0.15673512462308495 -0.13745301521867884 0.9780290227374031
    outer loop
      vertex 332.34682672232987 3.1299085679302348 14.7
      vertex 332.34682672232987 142.12990856793024 34.23517602363241
      vertex 331.65685424949237 141.34314575050763 34.23517602363241
    endloop
  endfacet
  facet normal 0.20391102946984846 -0.1362489939278942 0.9694619660998481
    outer loop
      vertex 332.9282032302755 4 14.7
      vertex 332.9282032302755 143 34.23517602363241
      vertex 332.34682672232987 142.12990856793024 34.23517602363241
    endloop
  endfacet
  facet normal 0.27160623117580457 -0.13394137058594216 0.9530423728418557
    outer loop
      vertex 333.3910362600903 4.938532541079281 14.7
      vertex 333.3910362600903 143.93853254107927 34.23517602363241
      vertex 332.9282032302755 143 34.23517602363241
    endloop
  endfacet
  facet normal 0.37934594199015736 -0.12877059559108883 0.9162503970022149
    outer loop
      vertex 333.7274066103125 5.929447639179834 14.7
      vertex 333.7274066103125 144.92944763917984 34.23517602363241
      vertex 333.3910362600903 143.93853254107927 34.23517602363241
    endloop
  endfacet
  facet normal 0.573281096254568 -0.11403270003000007 0.8113848211551833
    outer loop
      vertex 333.93155889099046 6.955790462239587 14.7
      vertex 333.93155889099046 145.95579046223958 34.23517602363241
      vertex 333.7274066103125 144.92944763917984 34.23517602363241
    endloop
  endfacet
  facet normal 0.9046928427203251 -0.05929670169607251 0.42191795588548264
    outer loop
      vertex 334 8 14.7
      vertex 334 147 34.23517602363241
      vertex 333.93155889099046 145.95579046223958 34.23517602363241
    endloop
  endfacet
  facet normal 0 -0.13917310096006544 0.9902680687415703
    outer loop
      vertex 325 17.284292775205678 17.12914893386792
      vertex 326 139 34.23517602363241
      vertex 325 139 34.23517602363241
    endloop
  endfacet
  facet normal 0 0 -1
    outer loop
      vertex 214.5 106.55049505078992 0
      vertex 330 215.4582032302755 0
      vertex 216.25974851452366 107.4268354663761 0
    endloop
  endfacet
  facet normal 0 0 -1
    outer loop
      vertex 216.25974851452366 107.4268354663761 0
      vertex 330 215.4582032302755 0
      vertex 218.1177143234622 108.06372806806144 0
    endloop
  endfacet
  facet normal 0 0 -1
    outer loop
      vertex 218.1177143234622 108.06372806806144 0
      vertex 330 215.4582032302755 0
      vertex 220.0421071166992 108.45027544685108 0
    endloop
  endfacet
  facet normal 0 0 -1
    outer loop
      vertex 220.0421071166992 108.45027544685108 0
      vertex 330 215.4582032302755 0
      vertex 222 108.57986366992276 0
    endloop
  endfacet
  facet normal 0 0 -1
    outer loop
      vertex 222 108.57986366992276 0
      vertex 330 215.4582032302755 0
      vertex 292 108.57986366992276 0
    endloop
  endfacet
  facet normal 0 0 -1
    outer loop
      vertex 167 131.8484441311167 0
      vertex 280.09999999999997 212.2800000000004 0
      vertex 330 215.4582032302755 0
    endloop
  endfacet
  facet normal 0 0 -1
    outer loop
      vertex 248.1 212.28 0
      vertex 248.1 215.53 0
      vertex 273.9 212.28 0
    endloop
  endfacet
  facet normal 0 0 -1
    outer loop
      vertex 167 216.53 0
      vertex 330 215.4582032302755 0
      vertex 280.09999999999997 215.53 0
    endloop
  endfacet
  facet normal 0 0 -1
    outer loop
      vertex 248.1 215.53 0
      vertex 273.9 215.53 0
      vertex 273.9 212.28 0
    endloop
  endfacet
  facet normal 0 0 -1
    outer loop
      vertex 167 216.53 0
      vertex 326 216.53 0
      vertex 330 215.4582032302755 0
    endloop
  endfacet
  facet normal 0 1 0
    outer loop
      vertex 215 216.53 3
      vertex 215 216.53 26.235176023632413
      vertex 326 216.53 0
    endloop
  endfacet
  facet normal 0 0 -1
    outer loop
      vertex 292 108.57986366992276 0
      vertex 330 215.4582032302755 0
      vertex 293.95789288330076 108.45027544685108 0
    endloop
  endfacet
  facet normal 0 0 -1
    outer loop
      vertex 295.88228567653783 108.06372806806144 0
      vertex 330 215.4582032302755 0
      vertex 297.74025148547634 107.4268354663761 0
    endloop
  endfacet
  facet normal 0 0 -1
    outer loop
      vertex 295.88228567653783 108.06372806806144 0
      vertex 293.95789288330076 108.45027544685108 0
      vertex 330 215.4582032302755 0
    endloop
  endfacet
  facet normal 0 0 -1
    outer loop
      vertex 302.6066017177982 104.14328894749946 0
      vertex 301.1314214351308 105.44970124878101 0
      vertex 330 215.4582032302755 0
    endloop
  endfacet
  facet normal 0 0 -1
    outer loop
      vertex 304.9903810567666 101.00615687603312 0
      vertex 303.9003001043685 102.65361122362611 0
      vertex 330 215.4582032302755 0
    endloop
  endfacet
  facet normal 0 0 -1
    outer loop
      vertex 302.6066017177982 104.14328894749946 0
      vertex 330 215.4582032302755 0
      vertex 303.9003001043685 102.65361122362611 0
    endloop
  endfacet
  facet normal 0 0 -1
    outer loop
      vertex 297.74025148547634 107.4268354663761 0
      vertex 330 215.4582032302755 0
      vertex 299.5 106.55049505078992 0
    endloop
  endfacet
  facet normal 0 0 -1
    outer loop
      vertex 299.5 106.55049505078992 0
      vertex 330 215.4582032302755 0
      vertex 301.1314214351308 105.44970124878101 0
    endloop
  endfacet
  facet normal 0 0 -1
    outer loop
      vertex 304.9903810567666 51.00615687603312 0
      vertex 307 93.43245008214349 0
      vertex 330 215.4582032302755 0
    endloop
  endfacet
  facet normal 0 0 -1
    outer loop
      vertex 307 93.43245008214349 0
      vertex 306.8716729206072 95.40958429973858 0
      vertex 330 215.4582032302755 0
    endloop
  endfacet
  facet normal 1 0 0
    outer loop
      vertex 334 8 14.7
      vertex 334 208.53 0
      vertex 334 156.29500000000002 5.5
    endloop
  endfacet
  facet normal 0 0 -1
    outer loop
      vertex 304.9903810567666 101.00615687603312 0
      vertex 330 215.4582032302755 0
      vertex 305.8581929876693 99.22911430536846 0
    endloop
  endfacet
  facet normal 0 0 -1
    outer loop
      vertex 306.488887394336 97.35288920270547 0
      vertex 305.8581929876693 99.22911430536846 0
      vertex 330 215.4582032302755 0
    endloop
  endfacet
  facet normal 0 0 -1
    outer loop
      vertex 306.488887394336 97.35288920270547 0
      vertex 330 215.4582032302755 0
      vertex 306.8716729206072 95.40958429973858 0
    endloop
  endfacet
  facet normal 0 0 -1
    outer loop
      vertex 334 8 0
      vertex 330 215.4582032302755 0
      vertex 334 208.53 0
    endloop
  endfacet
  facet normal 0 0 -1
    outer loop
      vertex 280.09999999999997 212.2800000000004 0
      vertex 280.09999999999997 215.53 0
      vertex 330 215.4582032302755 0
    endloop
  endfacet
  facet normal 1 0 0
    outer loop
      vertex 334 156.29500000000002 5.5
      vertex 334 208.53 0
      vertex 334 192.29500000000002 5.5
    endloop
  endfacet
  facet normal 0 0 -1
    outer loop
      vertex 326 216.53 0
      vertex 327.0442095377604 216.4615588909905 0
      vertex 328.07055236082016 216.25740661031256 0
    endloop
  endfacet
  facet normal 0 0 -1
    outer loop
      vertex 326 216.53 0
      vertex 328.07055236082016 216.25740661031256 0
      vertex 330 215.4582032302755 0
    endloop
  endfacet
  facet normal 0 0 -1
    outer loop
      vertex 334 208.53 0
      vertex 333.7274066103125 210.60055236082016 0
      vertex 333.93155889099046 209.57420953776042 0
    endloop
  endfacet
  facet normal 0 0 -1
    outer loop
      vertex 328.07055236082016 216.25740661031256 0
      vertex 329.06146745892073 215.9210362600903 0
      vertex 330 215.4582032302755 0
    endloop
  endfacet
  facet normal 0 0 -1
    outer loop
      vertex 330 215.4582032302755 0
      vertex 330.8700914320698 214.8768267223299 0
      vertex 331.65685424949237 214.18685424949237 0
    endloop
  endfacet
  facet normal 0 0 -1
    outer loop
      vertex 334 208.53 0
      vertex 330 215.4582032302755 0
      vertex 332.9282032302755 212.53 0
    endloop
  endfacet
  facet normal 0 0 -1
    outer loop
      vertex 334 208.53 0
      vertex 332.9282032302755 212.53 0
      vertex 333.7274066103125 210.60055236082016 0
    endloop
  endfacet
  facet normal 0 0 -1
    outer loop
      vertex 333.7274066103125 210.60055236082016 0
      vertex 332.9282032302755 212.53 0
      vertex 333.3910362600903 211.59146745892073 0
    endloop
  endfacet
  facet normal 0 0 -1
    outer loop
      vertex 330 215.4582032302755 0
      vertex 331.65685424949237 214.18685424949237 0
      vertex 332.9282032302755 212.53 0
    endloop
  endfacet
  facet normal 0 0 -1
    outer loop
      vertex 332.9282032302755 212.53 0
      vertex 331.65685424949237 214.18685424949237 0
      vertex 332.34682672232987 213.40009143206976 0
    endloop
  endfacet
  facet normal 1 0 0
    outer loop
      vertex 334 208.53 0
      vertex 334 192.29500000000002 22.5
      vertex 334 192.29500000000002 5.5
    endloop
  endfacet
  facet normal 0.06540312923013841 0.9978589232386038 0
    outer loop
      vertex 326 216.53 0
      vertex 327.0442095377604 216.4615588909905 34.23517602363241
      vertex 327.0442095377604 216.4615588909905 0
    endloop
  endfacet
  facet normal 0.1950903220161262 0.9807852804032308 0
    outer loop
      vertex 327.0442095377604 216.4615588909905 0
      vertex 328.07055236082016 216.25740661031256 34.23517602363241
      vertex 328.07055236082016 216.25740661031256 0
    endloop
  endfacet
  facet normal 0.3214394653031689 0.9469301294951032 0
    outer loop
      vertex 328.07055236082016 216.25740661031256 0
      vertex 329.06146745892073 215.9210362600903 34.23517602363241
      vertex 329.06146745892073 215.9210362600903 0
    endloop
  endfacet
  facet normal 0.997858923238602 0.06540312923016545 0
    outer loop
      vertex 334 208.53 0
      vertex 333.93155889099046 209.57420953776042 0
      vertex 334 208.53 34.23517602363241
    endloop
  endfacet
  facet normal 0.44228869021900913 0.8968727415326845 0
    outer loop
      vertex 329.06146745892073 215.9210362600903 0
      vertex 330 215.4582032302755 34.23517602363241
      vertex 330 215.4582032302755 0
    endloop
  endfacet
  facet normal 0.5555702330195792 0.8314696123025606 0
    outer loop
      vertex 330 215.4582032302755 0
      vertex 330.8700914320698 214.8768267223299 34.23517602363241
      vertex 330.8700914320698 214.8768267223299 0
    endloop
  endfacet
  facet normal 0.9807852804032308 0.1950903220161262 0
    outer loop
      vertex 333.93155889099046 209.57420953776042 0
      vertex 333.7274066103125 210.60055236082016 0
      vertex 333.93155889099046 209.57420953776042 34.23517602363241
    endloop
  endfacet
  facet normal 0.9469301294951115 0.32143946530314454 0
    outer loop
      vertex 333.7274066103125 210.60055236082016 0
      vertex 333.3910362600903 211.59146745892073 0
      vertex 333.7274066103125 210.60055236082016 34.23517602363241
    endloop
  endfacet
  facet normal 0.8968727415326951 0.4422886902189872 0
    outer loop
      vertex 332.9282032302755 212.53 0
      vertex 333.3910362600903 211.59146745892073 34.23517602363241
      vertex 333.3910362600903 211.59146745892073 0
    endloop
  endfacet
  facet normal 0.8314696123025271 0.5555702330196293 0
    outer loop
      vertex 332.9282032302755 212.53 0
      vertex 332.34682672232987 213.40009143206976 0
      vertex 332.9282032302755 212.53 34.23517602363241
    endloop
  endfacet
  facet normal 0.6593458151000963 0.7518398074789534 0
    outer loop
      vertex 330.8700914320698 214.8768267223299 0
      vertex 331.65685424949237 214.18685424949237 34.23517602363241
      vertex 331.65685424949237 214.18685424949237 0
    endloop
  endfacet
  facet normal 0.7518398074789786 0.6593458151000674 0
    outer loop
      vertex 331.65685424949237 214.18685424949237 0
      vertex 332.34682672232987 213.40009143206976 34.23517602363241
      vertex 332.34682672232987 213.40009143206976 0
    endloop
  endfacet
  facet normal 0 1 0
    outer loop
      vertex 215 216.53 26.235176023632413
      vertex 326 216.53 34.23517602363241
      vertex 326 216.53 0
    endloop
  endfacet
  facet normal 1 0 0
    outer loop
      vertex 334 208.53 0
      vertex 334 208.53 34.23517602363241
      vertex 334 192.29500000000002 22.5
    endloop
  endfacet
  facet normal 0.06540312923013841 0.9978589232386038 0
    outer loop
      vertex 326 216.53 0
      vertex 326 216.53 34.23517602363241
      vertex 327.0442095377604 216.4615588909905 34.23517602363241
    endloop
  endfacet
  facet normal 0.1950903220161262 0.9807852804032308 0
    outer loop
      vertex 327.0442095377604 216.4615588909905 0
      vertex 327.0442095377604 216.4615588909905 34.23517602363241
      vertex 328.07055236082016 216.25740661031256 34.23517602363241
    endloop
  endfacet
  facet normal 0.3214394653031689 0.9469301294951032 0
    outer loop
      vertex 328.07055236082016 216.25740661031256 0
      vertex 328.07055236082016 216.25740661031256 34.23517602363241
      vertex 329.06146745892073 215.9210362600903 34.23517602363241
    endloop
  endfacet
  facet normal 0.997858923238602 0.06540312923016545 0
    outer loop
      vertex 333.93155889099046 209.57420953776042 0
      vertex 333.93155889099046 209.57420953776042 34.23517602363241
      vertex 334 208.53 34.23517602363241
    endloop
  endfacet
  facet normal 0.44228869021900913 0.8968727415326845 0
    outer loop
      vertex 329.06146745892073 215.9210362600903 0
      vertex 329.06146745892073 215.9210362600903 34.23517602363241
      vertex 330 215.4582032302755 34.23517602363241
    endloop
  endfacet
  facet normal 0.6593458151000963 0.7518398074789534 0
    outer loop
      vertex 330.8700914320698 214.8768267223299 0
      vertex 330.8700914320698 214.8768267223299 34.23517602363241
      vertex 331.65685424949237 214.18685424949237 34.23517602363241
    endloop
  endfacet
  facet normal 0.5555702330195792 0.8314696123025606 0
    outer loop
      vertex 330 215.4582032302755 0
      vertex 330 215.4582032302755 34.23517602363241
      vertex 330.8700914320698 214.8768267223299 34.23517602363241
    endloop
  endfacet
  facet normal 0.8314696123025271 0.5555702330196293 0
    outer loop
      vertex 332.34682672232987 213.40009143206976 0
      vertex 332.34682672232987 213.40009143206976 34.23517602363241
      vertex 332.9282032302755 212.53 34.23517602363241
    endloop
  endfacet
  facet normal 0.9807852804032308 0.1950903220161262 0
    outer loop
      vertex 333.7274066103125 210.60055236082016 0
      vertex 333.7274066103125 210.60055236082016 34.23517602363241
      vertex 333.93155889099046 209.57420953776042 34.23517602363241
    endloop
  endfacet
  facet normal 0.9469301294951115 0.32143946530314454 0
    outer loop
      vertex 333.3910362600903 211.59146745892073 0
      vertex 333.3910362600903 211.59146745892073 34.23517602363241
      vertex 333.7274066103125 210.60055236082016 34.23517602363241
    endloop
  endfacet
  facet normal 0.8968727415326951 0.4422886902189872 0
    outer loop
      vertex 332.9282032302755 212.53 0
      vertex 332.9282032302755 212.53 34.23517602363241
      vertex 333.3910362600903 211.59146745892073 34.23517602363241
    endloop
  endfacet
  facet normal 0.7518398074789786 0.6593458151000674 0
    outer loop
      vertex 331.65685424949237 214.18685424949237 0
      vertex 331.65685424949237 214.18685424949237 34.23517602363241
      vertex 332.34682672232987 213.40009143206976 34.23517602363241
    endloop
  endfacet
  facet normal 1 0 0
    outer loop
      vertex 334 156.29500000000002 22.5
      vertex 334 192.29500000000002 22.5
      vertex 334 147 34.23517602363241
    endloop
  endfacet
  facet normal 1 0 0
    outer loop
      vertex 334 147 34.23517602363241
      vertex 334 192.29500000000002 22.5
      vertex 334 208.53 34.23517602363241
    endloop
  endfacet
  facet normal 0 0 1
    outer loop
      vertex 167 140.0988164418771 34.23517602363241
      vertex 326 216.53 34.23517602363241
      vertex 167 216.53 34.23517602363241
    endloop
  endfacet
  facet normal 0 0 1
    outer loop
      vertex 167 140.0988164418771 34.23517602363241
      vertex 325 140.0988164418771 34.23517602363241
      vertex 326 216.53 34.23517602363241
    endloop
  endfacet
  facet normal 0 0 1
    outer loop
      vertex 325 139 34.23517602363241
      vertex 326 139 34.23517602363241
      vertex 325 140.0988164418771 34.23517602363241
    endloop
  endfacet
  facet normal 0 0 1
    outer loop
      vertex 325 140.0988164418771 34.23517602363241
      vertex 326 139 34.23517602363241
      vertex 326 216.53 34.23517602363241
    endloop
  endfacet
  facet normal 0 0 1
    outer loop
      vertex 326 139 34.23517602363241
      vertex 327.0442095377604 139.0684411090095 34.23517602363241
      vertex 327.0442095377604 216.4615588909905 34.23517602363241
    endloop
  endfacet
  facet normal 0 0 1
    outer loop
      vertex 327.0442095377604 139.0684411090095 34.23517602363241
      vertex 328.07055236082016 139.27259338968744 34.23517602363241
      vertex 328.07055236082016 216.25740661031256 34.23517602363241
    endloop
  endfacet
  facet normal 0 0 1
    outer loop
      vertex 328.07055236082016 139.27259338968744 34.23517602363241
      vertex 329.06146745892073 139.6089637399097 34.23517602363241
      vertex 329.06146745892073 215.9210362600903 34.23517602363241
    endloop
  endfacet
  facet normal 0 0 1
    outer loop
      vertex 329.06146745892073 139.6089637399097 34.23517602363241
      vertex 330 140.0717967697245 34.23517602363241
      vertex 330 215.4582032302755 34.23517602363241
    endloop
  endfacet
  facet normal 0 0 1
    outer loop
      vertex 330 140.0717967697245 34.23517602363241
      vertex 330.8700914320698 140.6531732776701 34.23517602363241
      vertex 330.8700914320698 214.8768267223299 34.23517602363241
    endloop
  endfacet
  facet normal 0 0 1
    outer loop
      vertex 330.8700914320698 140.6531732776701 34.23517602363241
      vertex 331.65685424949237 141.34314575050763 34.23517602363241
      vertex 331.65685424949237 214.18685424949237 34.23517602363241
    endloop
  endfacet
  facet normal 0 0 1
    outer loop
      vertex 331.65685424949237 141.34314575050763 34.23517602363241
      vertex 332.34682672232987 142.12990856793024 34.23517602363241
      vertex 332.34682672232987 213.40009143206976 34.23517602363241
    endloop
  endfacet
  facet normal 0 0 1
    outer loop
      vertex 332.34682672232987 142.12990856793024 34.23517602363241
      vertex 332.9282032302755 143 34.23517602363241
      vertex 332.9282032302755 212.53 34.23517602363241
    endloop
  endfacet
  facet normal 0 0 1
    outer loop
      vertex 332.9282032302755 143 34.23517602363241
      vertex 333.3910362600903 143.93853254107927 34.23517602363241
      vertex 333.3910362600903 211.59146745892073 34.23517602363241
    endloop
  endfacet
  facet normal 0 0 1
    outer loop
      vertex 333.3910362600903 143.93853254107927 34.23517602363241
      vertex 333.7274066103125 144.92944763917984 34.23517602363241
      vertex 333.7274066103125 210.60055236082016 34.23517602363241
    endloop
  endfacet
  facet normal 0 0 1
    outer loop
      vertex 333.7274066103125 144.92944763917984 34.23517602363241
      vertex 333.93155889099046 145.95579046223958 34.23517602363241
      vertex 333.93155889099046 209.57420953776042 34.23517602363241
    endloop
  endfacet
  facet normal 0 0 1
    outer loop
      vertex 333.93155889099046 145.95579046223958 34.23517602363241
      vertex 334 147 34.23517602363241
      vertex 334 208.53 34.23517602363241
    endloop
  endfacet
  facet normal 0 0 1
    outer loop
      vertex 332.34682672232987 142.12990856793024 34.23517602363241
      vertex 332.9282032302755 212.53 34.23517602363241
      vertex 332.34682672232987 213.40009143206976 34.23517602363241
    endloop
  endfacet
  facet normal 0 0 1
    outer loop
      vertex 332.9282032302755 143 34.23517602363241
      vertex 333.3910362600903 211.59146745892073 34.23517602363241
      vertex 332.9282032302755 212.53 34.23517602363241
    endloop
  endfacet
  facet normal 0 0 1
    outer loop
      vertex 333.93155889099046 145.95579046223958 34.23517602363241
      vertex 334 208.53 34.23517602363241
      vertex 333.93155889099046 209.57420953776042 34.23517602363241
    endloop
  endfacet
  facet normal 0 0 1
    outer loop
      vertex 333.7274066103125 144.92944763917984 34.23517602363241
      vertex 333.93155889099046 209.57420953776042 34.23517602363241
      vertex 333.7274066103125 210.60055236082016 34.23517602363241
    endloop
  endfacet
  facet normal 0 0 1
    outer loop
      vertex 333.3910362600903 143.93853254107927 34.23517602363241
      vertex 333.7274066103125 210.60055236082016 34.23517602363241
      vertex 333.3910362600903 211.59146745892073 34.23517602363241
    endloop
  endfacet
  facet normal 0 0 1
    outer loop
      vertex 326 139 34.23517602363241
      vertex 327.0442095377604 216.4615588909905 34.23517602363241
      vertex 326 216.53 34.23517602363241
    endloop
  endfacet
  facet normal 0 0 1
    outer loop
      vertex 327.0442095377604 139.0684411090095 34.23517602363241
      vertex 328.07055236082016 216.25740661031256 34.23517602363241
      vertex 327.0442095377604 216.4615588909905 34.23517602363241
    endloop
  endfacet
  facet normal 0 0 1
    outer loop
      vertex 328.07055236082016 139.27259338968744 34.23517602363241
      vertex 329.06146745892073 215.9210362600903 34.23517602363241
      vertex 328.07055236082016 216.25740661031256 34.23517602363241
    endloop
  endfacet
  facet normal 0 0 1
    outer loop
      vertex 329.06146745892073 139.6089637399097 34.23517602363241
      vertex 330 215.4582032302755 34.23517602363241
      vertex 329.06146745892073 215.9210362600903 34.23517602363241
    endloop
  endfacet
  facet normal 0 0 1
    outer loop
      vertex 330 140.0717967697245 34.23517602363241
      vertex 330.8700914320698 214.8768267223299 34.23517602363241
      vertex 330 215.4582032302755 34.23517602363241
    endloop
  endfacet
  facet normal 0 0 1
    outer loop
      vertex 330.8700914320698 140.6531732776701 34.23517602363241
      vertex 331.65685424949237 214.18685424949237 34.23517602363241
      vertex 330.8700914320698 214.8768267223299 34.23517602363241
    endloop
  endfacet
  facet normal 0 0 1
    outer loop
      vertex 331.65685424949237 141.34314575050763 34.23517602363241
      vertex 332.34682672232987 213.40009143206976 34.23517602363241
      vertex 331.65685424949237 214.18685424949237 34.23517602363241
    endloop
  endfacet
  facet normal 0 0 1
    outer loop
      vertex 190.38060233744358 26.08658283817455 3
      vertex 190.04277569313095 27.347369038899743 3
      vertex 190.17037086855467 26.705904774487397 3
    endloop
  endfacet
  facet normal 0.4422886902190134 0.8968727415326823 0
    outer loop
      vertex 192.5 23.66987298107781 3
      vertex 192.5 23.66987298107781 3.3265837060602577
      vertex 193.08658283817454 23.380602337443566 3
    endloop
  endfacet
  facet normal 0.44228869021901346 0.8968727415326823 0
    outer loop
      vertex 193.08658283817454 23.380602337443566 3
      vertex 192.5 23.66987298107781 3.3265837060602577
      vertex 193.08658283817454 23.380602337443566 3.285929368349003
    endloop
  endfacet
  facet normal 0 0 1
    outer loop
      vertex 190.38060233744358 26.08658283817455 3
      vertex 190.66987298107782 25.5 3
      vertex 191.46446609406726 24.464466094067262 3
    endloop
  endfacet
  facet normal 0 0 1
    outer loop
      vertex 191.03323329854382 24.9561928549564 3
      vertex 191.46446609406726 24.464466094067262 3
      vertex 190.66987298107782 25.5 3
    endloop
  endfacet
  facet normal 0.8314696123025539 0.5555702330195892 0
    outer loop
      vertex 191.03323329854382 24.9561928549564 3
      vertex 190.66987298107782 25.5 3
      vertex 190.66987298107782 25.5 3.5837912849109816
    endloop
  endfacet
  facet normal 0.6593458151000786 0.751839807478969 0
    outer loop
      vertex 191.46446609406726 24.464466094067262 3
      vertex 191.46446609406726 24.464466094067262 3.438256485408567
      vertex 191.95619285495638 24.033233298543824 3
    endloop
  endfacet
  facet normal 0.7518398074789756 0.6593458151000708 0
    outer loop
      vertex 191.03323329854382 24.9561928549564 3
      vertex 191.03323329854382 24.9561928549564 3.507364174829429
      vertex 191.46446609406726 24.464466094067262 3
    endloop
  endfacet
  facet normal 0 0 1
    outer loop
      vertex 190.38060233744358 26.08658283817455 3
      vertex 191.46446609406726 24.464466094067262 3
      vertex 190 28 3
    endloop
  endfacet
  facet normal 0 0 1
    outer loop
      vertex 193.08658283817454 23.380602337443566 3
      vertex 191.46446609406726 24.464466094067262 3
      vertex 191.95619285495638 24.033233298543824 3
    endloop
  endfacet
  facet normal 0.5555702330195905 0.8314696123025531 0
    outer loop
      vertex 192.5 23.66987298107781 3
      vertex 191.95619285495638 24.033233298543824 3
      vertex 191.95619285495638 24.033233298543824 3.3776506683746574
    endloop
  endfacet
  facet normal 0 0 1
    outer loop
      vertex 192.5 23.66987298107781 3
      vertex 193.08658283817454 23.380602337443566 3
      vertex 191.95619285495638 24.033233298543824 3
    endloop
  endfacet
  facet normal 0.8968727415326887 0.4422886902190004 0
    outer loop
      vertex 190.38060233744358 26.08658283817455 3
      vertex 190.38060233744358 26.08658283817455 3.666230126610131
      vertex 190.66987298107782 25.5 3
    endloop
  endfacet
  facet normal 0.9469301294951065 0.32143946530315926 0
    outer loop
      vertex 190.38060233744358 26.08658283817455 3
      vertex 190.17037086855467 26.705904774487397 3
      vertex 190.38060233744358 26.08658283817455 3.666230126610131
    endloop
  endfacet
  facet normal 0.9469301294951064 0.32143946530315926 0
    outer loop
      vertex 190.17037086855467 26.705904774487397 3
      vertex 190.17037086855467 26.705904774487397 3.7532701484890394
      vertex 190.38060233744358 26.08658283817455 3.666230126610131
    endloop
  endfacet
  facet normal 0.9807852804032273 0.195090322016144 0
    outer loop
      vertex 190.17037086855467 26.705904774487397 3
      vertex 190.04277569313095 27.347369038899743 3.843422071641306
      vertex 190.17037086855467 26.705904774487397 3.7532701484890394
    endloop
  endfacet
  facet normal 0.831469612302554 0.5555702330195893 0
    outer loop
      vertex 191.03323329854382 24.9561928549564 3
      vertex 190.66987298107782 25.5 3.5837912849109816
      vertex 191.03323329854382 24.9561928549564 3.507364174829429
    endloop
  endfacet
  facet normal 0.7518398074789756 0.659345815100071 0
    outer loop
      vertex 191.46446609406726 24.464466094067262 3
      vertex 191.03323329854382 24.9561928549564 3.507364174829429
      vertex 191.46446609406726 24.464466094067262 3.438256485408567
    endloop
  endfacet
  facet normal 0.8968727415326887 0.44228869021900047 0
    outer loop
      vertex 190.66987298107782 25.5 3
      vertex 190.38060233744358 26.08658283817455 3.666230126610131
      vertex 190.66987298107782 25.5 3.5837912849109816
    endloop
  endfacet
  facet normal 0.6593458151000785 0.751839807478969 0
    outer loop
      vertex 191.95619285495638 24.033233298543824 3
      vertex 191.46446609406726 24.464466094067262 3.438256485408567
      vertex 191.95619285495638 24.033233298543824 3.3776506683746574
    endloop
  endfacet
  facet normal 0.5555702330195905 0.8314696123025531 0
    outer loop
      vertex 192.5 23.66987298107781 3
      vertex 191.95619285495638 24.033233298543824 3.3776506683746574
      vertex 192.5 23.66987298107781 3.3265837060602577
    endloop
  endfacet
  facet normal 0 0 1
    outer loop
      vertex 193.08658283817454 23.380602337443566 3
      vertex 195 23 3
      vertex 191.46446609406726 24.464466094067262 3
    endloop
  endfacet
  facet normal 0.3214394653031477 0.9469301294951104 0
    outer loop
      vertex 193.08658283817454 23.380602337443566 3
      vertex 193.08658283817454 23.380602337443566 3.285929368349003
      vertex 193.7059047744874 23.17037086855466 3
    endloop
  endfacet
  facet normal 0.32143946530314776 0.9469301294951104 0
    outer loop
      vertex 193.08658283817454 23.380602337443566 3.285929368349003
      vertex 193.7059047744874 23.17037086855466 3.256383262230646
      vertex 193.7059047744874 23.17037086855466 3
    endloop
  endfacet
  facet normal 0 0 1
    outer loop
      vertex 193.08658283817454 23.380602337443566 3
      vertex 193.7059047744874 23.17037086855466 3
      vertex 195 23 3
    endloop
  endfacet
  facet normal 0 0 1
    outer loop
      vertex 193.7059047744874 23.17037086855466 3
      vertex 194.34736903889973 23.04277569313095 3
      vertex 195 23 3
    endloop
  endfacet
  facet normal 0.1950903220161356 0.980785280403229 0
    outer loop
      vertex 193.7059047744874 23.17037086855466 3
      vertex 193.7059047744874 23.17037086855466 3.256383262230646
      vertex 194.34736903889973 23.04277569313095 3
    endloop
  endfacet
  facet normal 0.1950903220161356 0.980785280403229 0
    outer loop
      vertex 194.34736903889973 23.04277569313095 3
      vertex 193.7059047744874 23.17037086855466 3.256383262230646
      vertex 194.34736903889973 23.04277569313095 3.2384509297726
    endloop
  endfacet
  facet normal 0.06540312923014312 0.9978589232386036 0
    outer loop
      vertex 194.34736903889973 23.04277569313095 3
      vertex 194.34736903889973 23.04277569313095 3.2384509297726
      vertex 195 23 3
    endloop
  endfacet
  facet normal 0.0654031292301431 0.9978589232386035 0
    outer loop
      vertex 195 23 3
      vertex 194.34736903889973 23.04277569313095 3.2384509297726
      vertex 195 23 3.232439198155003
    endloop
  endfacet
  facet normal 0 0 1
    outer loop
      vertex 190.38060233744358 26.08658283817455 3
      vertex 190 28 3
      vertex 190.04277569313095 27.347369038899743 3
    endloop
  endfacet
  facet normal 0.9807852804032273 0.195090322016144 0
    outer loop
      vertex 190.17037086855467 26.705904774487397 3
      vertex 190.04277569313095 27.347369038899743 3
      vertex 190.04277569313095 27.347369038899743 3.843422071641306
    endloop
  endfacet
  facet normal 0.9978589232386034 0.06540312923014452 0
    outer loop
      vertex 190.04277569313095 27.347369038899743 3
      vertex 190 28 3
      vertex 190 28 3.93514337166696
    endloop
  endfacet
  facet normal 0.9978589232386034 0.06540312923014453 0
    outer loop
      vertex 190.04277569313095 27.347369038899743 3
      vertex 190 28 3.93514337166696
      vertex 190.04277569313095 27.347369038899743 3.843422071641306
    endloop
  endfacet
  facet normal 0 0 1
    outer loop
      vertex 191.46446609406726 24.464466094067262 3
      vertex 190 83.2 3
      vertex 190 28 3
    endloop
  endfacet
  facet normal 0 0 1
    outer loop
      vertex 191.46446609406726 24.464466094067262 3
      vertex 208.1418070123307 49.65073680947563 3
      vertex 193.39556239372519 83.2 3
    endloop
  endfacet
  facet normal 0 0 1
    outer loop
      vertex 191.46446609406726 24.464466094067262 3
      vertex 210.09969989563146 34.63291144476804 3
      vertex 209.00961894323342 36.280365792361025 3
    endloop
  endfacet
  facet normal 0 0 1
    outer loop
      vertex 191.46446609406726 24.464466094067262 3
      vertex 209.00961894323342 36.280365792361025 3
      vertex 208.1418070123307 38.05740836302569 3
    endloop
  endfacet
  facet normal 0 0 1
    outer loop
      vertex 191.46446609406726 24.464466094067262 3
      vertex 207.51111260566398 39.93363346568868 3
      vertex 207.12832707939285 41.87693836865556 3
    endloop
  endfacet
  facet normal 0 0 1
    outer loop
      vertex 191.46446609406726 24.464466094067262 3
      vertex 207.12832707939285 41.87693836865556 3
      vertex 207 43.85407258625066 3
    endloop
  endfacet
  facet normal 0 0 1
    outer loop
      vertex 191.46446609406726 24.464466094067262 3
      vertex 208.1418070123307 38.05740836302569 3
      vertex 207.51111260566398 39.93363346568868 3
    endloop
  endfacet
  facet normal 0 0 1
    outer loop
      vertex 191.46446609406726 24.464466094067262 3
      vertex 207 43.85407258625066 3
      vertex 207.12832707939285 45.83120680384576 3
    endloop
  endfacet
  facet normal 0 0 1
    outer loop
      vertex 191.46446609406726 24.464466094067262 3
      vertex 207.12832707939285 45.83120680384576 3
      vertex 207.51111260566398 47.774511706812646 3
    endloop
  endfacet
  facet normal 0 0 1
    outer loop
      vertex 191.46446609406726 24.464466094067262 3
      vertex 212.86857856486918 31.836821419613134 3
      vertex 211.3933982822018 33.143233720894685 3
    endloop
  endfacet
  facet normal 0 0 1
    outer loop
      vertex 191.46446609406726 24.464466094067262 3
      vertex 211.3933982822018 33.143233720894685 3
      vertex 210.09969989563146 34.63291144476804 3
    endloop
  endfacet
  facet normal 0 0 1
    outer loop
      vertex 191.46446609406726 24.464466094067262 3
      vertex 216.25974851452366 29.859687202018034 3
      vertex 214.5 30.736027617604222 3
    endloop
  endfacet
  facet normal 0 0 1
    outer loop
      vertex 191.46446609406726 24.464466094067262 3
      vertex 214.5 30.736027617604222 3
      vertex 212.86857856486918 31.836821419613134 3
    endloop
  endfacet
  facet normal 0 0 1
    outer loop
      vertex 191.46446609406726 24.464466094067262 3
      vertex 218.1177143234622 29.222794600332705 3
      vertex 216.25974851452366 29.859687202018034 3
    endloop
  endfacet
  facet normal 0 0 1
    outer loop
      vertex 191.46446609406726 24.464466094067262 3
      vertex 207.51111260566398 47.774511706812646 3
      vertex 208.1418070123307 49.65073680947563 3
    endloop
  endfacet
  facet normal 1 0 0
    outer loop
      vertex 190 28 3
      vertex 190 81 11.383807610893706
      vertex 190 28 3.93514337166696
    endloop
  endfacet
  facet normal 0 0 1
    outer loop
      vertex 191.46446609406726 24.464466094067262 3
      vertex 193.39556239372519 83.2 3
      vertex 190 83.2 3
    endloop
  endfacet
  facet normal 0 0 1
    outer loop
      vertex 208.1418070123307 49.65073680947563 3
      vertex 209.00961894323342 51.427779380140294 3
      vertex 193.39556239372519 83.2 3
    endloop
  endfacet
  facet normal 0 0 1
    outer loop
      vertex 193.39556239372519 83.2 3
      vertex 209.00961894323342 51.427779380140294 3
      vertex 210.09969989563146 53.075233727733284 3
    endloop
  endfacet
  facet normal 0 0 1
    outer loop
      vertex 193.39556239372519 83.2 3
      vertex 210.09969989563146 53.075233727733284 3
      vertex 211.3933982822018 54.56491145160664 3
    endloop
  endfacet
  facet normal 0 0 1
    outer loop
      vertex 193.39556239372519 83.2 3
      vertex 211.3933982822018 54.56491145160664 3
      vertex 211.3933982822018 83.14323372089468 3
    endloop
  endfacet
  facet normal 1 0 0
    outer loop
      vertex 190 28 3
      vertex 190 83.2 3
      vertex 190 81 8.635176023632413
    endloop
  endfacet
  facet normal 1 0 0
    outer loop
      vertex 190 28 3
      vertex 190 81 8.635176023632413
      vertex 190 81 11.383807610893706
    endloop
  endfacet
  facet normal 0 0 1
    outer loop
      vertex 193.39556239372519 83.2 3
      vertex 209.00961894323342 86.28036579236102 3
      vertex 208.1418070123307 88.05740836302569 3
    endloop
  endfacet
  facet normal 0 0 1
    outer loop
      vertex 193.39556239372519 83.2 3
      vertex 208.1418070123307 88.05740836302569 3
      vertex 207.51111260566398 89.93363346568869 3
    endloop
  endfacet
  facet normal 0 0 1
    outer loop
      vertex 193.39556239372519 83.2 3
      vertex 207.51111260566398 89.93363346568869 3
      vertex 207.12832707939285 91.87693836865557 3
    endloop
  endfacet
  facet normal 0 0 1
    outer loop
      vertex 193.39556239372519 83.2 3
      vertex 207.12832707939285 91.87693836865557 3
      vertex 207 93.85407258625067 3
    endloop
  endfacet
  facet normal 0 0 1
    outer loop
      vertex 193.39556239372519 83.2 3
      vertex 207 93.85407258625067 3
      vertex 207.12832707939285 95.83120680384576 3
    endloop
  endfacet
  facet normal 0 0 1
    outer loop
      vertex 193.39556239372519 83.2 3
      vertex 207.12832707939285 95.83120680384576 3
      vertex 207.51111260566398 97.77451170681265 3
    endloop
  endfacet
  facet normal 0 0 1
    outer loop
      vertex 193.39556239372519 83.2 3
      vertex 207.51111260566398 97.77451170681265 3
      vertex 208.1418070123307 99.65073680947563 3
    endloop
  endfacet
  facet normal 0 0 1
    outer loop
      vertex 193.39556239372519 83.2 3
      vertex 211.3933982822018 83.14323372089468 3
      vertex 210.09969989563146 84.63291144476804 3
    endloop
  endfacet
  facet normal 0 0 1
    outer loop
      vertex 193.39556239372519 83.2 3
      vertex 210.09969989563146 84.63291144476804 3
      vertex 209.00961894323342 86.28036579236102 3
    endloop
  endfacet
  facet normal 0 0 1
    outer loop
      vertex 193.39556239372519 83.2 3
      vertex 209.00961894323342 101.4277793801403 3
      vertex 198.73070643576884 119 3
    endloop
  endfacet
  facet normal 0 0 1
    outer loop
      vertex 193.39556239372519 83.2 3
      vertex 208.1418070123307 99.65073680947563 3
      vertex 209.00961894323342 101.4277793801403 3
    endloop
  endfacet
  facet normal 0 0 1
    outer loop
      vertex 209.00961894323342 101.4277793801403 3
      vertex 210.09969989563146 103.07523372773329 3
      vertex 198.73070643576884 119 3
    endloop
  endfacet
  facet normal 1 0 0
    outer loop
      vertex 190 83.2 3
      vertex 190 83.2 8.635176023632413
      vertex 190 81 8.635176023632413
    endloop
  endfacet
  facet normal 0 0 1
    outer loop
      vertex 191.46446609406726 24.464466094067262 3
      vertex 220.0421071166992 28.836247221543072 3
      vertex 218.1177143234622 29.222794600332705 3
    endloop
  endfacet
  facet normal 0 0 1
    outer loop
      vertex 191.46446609406726 24.464466094067262 3
      vertex 222 28.706658998471386 3
      vertex 220.0421071166992 28.836247221543072 3
    endloop
  endfacet
  facet normal 0 1 0
    outer loop
      vertex 195 23 3
      vertex 195 23 3.232439198155003
      vertex 306 23 3
    endloop
  endfacet
  facet normal 0 0 1
    outer loop
      vertex 191.46446609406726 24.464466094067262 3
      vertex 195 23 3
      vertex 309.53553390593277 24.464466094067262 3
    endloop
  endfacet
  facet normal 0 0 1
    outer loop
      vertex 191.46446609406726 24.464466094067262 3
      vertex 311 28 3
      vertex 222 28.706658998471386 3
    endloop
  endfacet
  facet normal 0 0 1
    outer loop
      vertex 211.3933982822018 54.56491145160664 3
      vertex 212.86857856486918 55.87132375288819 3
      vertex 211.3933982822018 83.14323372089468 3
    endloop
  endfacet
  facet normal 0 0 1
    outer loop
      vertex 212.86857856486918 55.87132375288819 3
      vertex 214.5 56.972117554897096 3
      vertex 212.86857856486918 81.83682141961313 3
    endloop
  endfacet
  facet normal 0 0 1
    outer loop
      vertex 214.5 56.972117554897096 3
      vertex 216.25974851452366 57.84845797048328 3
      vertex 214.5 80.73602761760424 3
    endloop
  endfacet
  facet normal 0 0 1
    outer loop
      vertex 216.25974851452366 57.84845797048328 3
      vertex 218.1177143234622 58.48535057216861 3
      vertex 216.25974851452366 79.85968720201804 3
    endloop
  endfacet
  facet normal 0 0 1
    outer loop
      vertex 218.1177143234622 58.48535057216861 3
      vertex 220.0421071166992 58.87189795095826 3
      vertex 218.1177143234622 79.2227946003327 3
    endloop
  endfacet
  facet normal 0 0 1
    outer loop
      vertex 212.86857856486918 55.87132375288819 3
      vertex 212.86857856486918 81.83682141961313 3
      vertex 211.3933982822018 83.14323372089468 3
    endloop
  endfacet
  facet normal 0 0 1
    outer loop
      vertex 214.5 56.972117554897096 3
      vertex 214.5 80.73602761760424 3
      vertex 212.86857856486918 81.83682141961313 3
    endloop
  endfacet
  facet normal 0 0 1
    outer loop
      vertex 216.25974851452366 57.84845797048328 3
      vertex 216.25974851452366 79.85968720201804 3
      vertex 214.5 80.73602761760424 3
    endloop
  endfacet
  facet normal 0 0 1
    outer loop
      vertex 218.1177143234622 58.48535057216861 3
      vertex 218.1177143234622 79.2227946003327 3
      vertex 216.25974851452366 79.85968720201804 3
    endloop
  endfacet
  facet normal 0 0 1
    outer loop
      vertex 220.0421071166992 58.87189795095826 3
      vertex 222 59.00148617402993 3
      vertex 220.0421071166992 78.83624722154308 3
    endloop
  endfacet
  facet normal 0 0 1
    outer loop
      vertex 218.1177143234622 79.2227946003327 3
      vertex 220.0421071166992 58.87189795095826 3
      vertex 220.0421071166992 78.83624722154308 3
    endloop
  endfacet
  facet normal 0 0 1
    outer loop
      vertex 222 59.00148617402993 3
      vertex 222 78.7066589984714 3
      vertex 220.0421071166992 78.83624722154308 3
    endloop
  endfacet
  facet normal 0 0 1
    outer loop
      vertex 222 59.00148617402993 3
      vertex 292 59.00148617402993 3
      vertex 222 78.7066589984714 3
    endloop
  endfacet
  facet normal 0 0 1
    outer loop
      vertex 210.09969989563146 103.07523372773329 3
      vertex 211.3933982822018 104.56491145160663 3
      vertex 198.73070643576884 119 3
    endloop
  endfacet
  facet normal 0 0 1
    outer loop
      vertex 211.3933982822018 104.56491145160663 3
      vertex 212.86857856486918 105.87132375288819 3
      vertex 198.73070643576884 119 3
    endloop
  endfacet
  facet normal 0 0 1
    outer loop
      vertex 212.86857856486918 105.87132375288819 3
      vertex 214.5 106.9721175548971 3
      vertex 198.73070643576884 119 3
    endloop
  endfacet
  facet normal 0 0 1
    outer loop
      vertex 214.5 106.9721175548971 3
      vertex 216.25974851452366 107.84845797048328 3
      vertex 198.73070643576884 119 3
    endloop
  endfacet
  facet normal 0 0 1
    outer loop
      vertex 216.25974851452366 107.84845797048328 3
      vertex 218.1177143234622 108.48535057216861 3
      vertex 198.73070643576884 119 3
    endloop
  endfacet
  facet normal 0 0 1
    outer loop
      vertex 198.73070643576884 119 3
      vertex 218.1177143234622 108.48535057216861 3
      vertex 220.0421071166992 108.87189795095826 3
    endloop
  endfacet
  facet normal 0 0 1
    outer loop
      vertex 198.73070643576884 119 3
      vertex 220.0421071166992 108.87189795095826 3
      vertex 222 109.00148617402994 3
    endloop
  endfacet
  facet normal 0 0 1
    outer loop
      vertex 198.73070643576884 119 3
      vertex 222 109.00148617402994 3
      vertex 292 109.00148617402994 3
    endloop
  endfacet
  facet normal 0 0 1
    outer loop
      vertex 198.73070643576884 119 3
      vertex 292 109.00148617402994 3
      vertex 238.925 119 3
    endloop
  endfacet
  facet normal 0 -1 0
    outer loop
      vertex 237.925 132 3.01
      vertex 238.925 132 3.01
      vertex 237.925 132 18.55139018071567
    endloop
  endfacet
  facet normal 0 1 0
    outer loop
      vertex 195 23 3.232439198155003
      vertex 306 23 3.232439198155003
      vertex 306 23 3
    endloop
  endfacet
  facet normal 0 0 1
    outer loop
      vertex 195 23 3
      vertex 306 23 3
      vertex 309.53553390593277 24.464466094067262 3
    endloop
  endfacet
  facet normal 0 0 1
    outer loop
      vertex 191.46446609406726 24.464466094067262 3
      vertex 309.53553390593277 24.464466094067262 3
      vertex 311 28 3
    endloop
  endfacet
  facet normal 0 0 1
    outer loop
      vertex 222 28.706658998471386 3
      vertex 311 28 3
      vertex 292 28.706658998471386 3
    endloop
  endfacet
  facet normal 0 0 1
    outer loop
      vertex 222 78.7066589984714 3
      vertex 292 59.00148617402993 3
      vertex 292 78.7066589984714 3
    endloop
  endfacet
  facet normal -0.0654031292301431 0.9978589232386035 0
    outer loop
      vertex 306 23 3
      vertex 306 23 3.232439198155003
      vertex 306.6526309611003 23.04277569313095 3
    endloop
  endfacet
  facet normal -0.0654031292301431 0.9978589232386036 0
    outer loop
      vertex 306.6526309611003 23.04277569313095 3
      vertex 306 23 3.232439198155003
      vertex 306.6526309611003 23.04277569313095 3.2384509297725996
    endloop
  endfacet
  facet normal 0 0 1
    outer loop
      vertex 306 23 3
      vertex 306.6526309611003 23.04277569313095 3
      vertex 307.2940952255126 23.17037086855466 3
    endloop
  endfacet
  facet normal 0 0 1
    outer loop
      vertex 306 23 3
      vertex 307.2940952255126 23.17037086855466 3
      vertex 307.91341716182546 23.380602337443566 3
    endloop
  endfacet
  facet normal -0.19509032201613563 0.9807852804032291 0
    outer loop
      vertex 306.6526309611003 23.04277569313095 3
      vertex 306.6526309611003 23.04277569313095 3.2384509297725996
      vertex 307.2940952255126 23.17037086855466 3
    endloop
  endfacet
  facet normal -0.1950903220161356 0.980785280403229 0
    outer loop
      vertex 307.2940952255126 23.17037086855466 3
      vertex 306.6526309611003 23.04277569313095 3.2384509297725996
      vertex 307.2940952255126 23.17037086855466 3.256383262230646
    endloop
  endfacet
  facet normal 0 0 1
    outer loop
      vertex 306 23 3
      vertex 307.91341716182546 23.380602337443566 3
      vertex 309.53553390593277 24.464466094067262 3
    endloop
  endfacet
  facet normal -0.3214394653031477 0.9469301294951104 0
    outer loop
      vertex 307.2940952255126 23.17037086855466 3
      vertex 307.2940952255126 23.17037086855466 3.256383262230646
      vertex 307.91341716182546 23.380602337443566 3
    endloop
  endfacet
  facet normal -0.3214394653031477 0.9469301294951104 0
    outer loop
      vertex 307.2940952255126 23.17037086855466 3.256383262230646
      vertex 307.91341716182546 23.380602337443566 3.285929368349003
      vertex 307.91341716182546 23.380602337443566 3
    endloop
  endfacet
  facet normal -0.44228869021901346 0.8968727415326823 0
    outer loop
      vertex 307.91341716182546 23.380602337443566 3
      vertex 307.91341716182546 23.380602337443566 3.285929368349003
      vertex 308.5 23.66987298107781 3
    endloop
  endfacet
  facet normal -0.4422886902190134 0.8968727415326823 0
    outer loop
      vertex 308.5 23.66987298107781 3
      vertex 307.91341716182546 23.380602337443566 3.285929368349003
      vertex 308.5 23.66987298107781 3.3265837060602577
    endloop
  endfacet
  facet normal 0 0 1
    outer loop
      vertex 307.91341716182546 23.380602337443566 3
      vertex 308.5 23.66987298107781 3
      vertex 309.53553390593277 24.464466094067262 3
    endloop
  endfacet
  facet normal 0 0 1
    outer loop
      vertex 308.5 23.66987298107781 3
      vertex 309.0438071450436 24.033233298543824 3
      vertex 309.53553390593277 24.464466094067262 3
    endloop
  endfacet
  facet normal -0.5555702330195905 0.8314696123025531 0
    outer loop
      vertex 308.5 23.66987298107781 3
      vertex 308.5 23.66987298107781 3.3265837060602577
      vertex 309.0438071450436 24.033233298543824 3
    endloop
  endfacet
  facet normal -0.659345815100057 0.7518398074789878 0
    outer loop
      vertex 309.0438071450436 24.033233298543824 3
      vertex 309.0438071450436 24.033233298543824 3.377650668374657
      vertex 309.53553390593277 24.464466094067262 3
    endloop
  endfacet
  facet normal -0.7518398074789756 0.659345815100071 0
    outer loop
      vertex 309.53553390593277 24.464466094067262 3
      vertex 309.53553390593277 24.464466094067262 3.438256485408567
      vertex 309.9667667014562 24.9561928549564 3
    endloop
  endfacet
  facet normal 0 0 1
    outer loop
      vertex 309.53553390593277 24.464466094067262 3
      vertex 309.9667667014562 24.9561928549564 3
      vertex 310.3301270189222 25.5 3
    endloop
  endfacet
  facet normal 0 0 1
    outer loop
      vertex 309.53553390593277 24.464466094067262 3
      vertex 310.3301270189222 25.5 3
      vertex 310.6193976625564 26.08658283817455 3
    endloop
  endfacet
  facet normal -0.831469612302554 0.5555702330195893 0
    outer loop
      vertex 309.9667667014562 24.9561928549564 3
      vertex 309.9667667014562 24.9561928549564 3.507364174829429
      vertex 310.3301270189222 25.5 3
    endloop
  endfacet
  facet normal 0 0 1
    outer loop
      vertex 309.53553390593277 24.464466094067262 3
      vertex 310.6193976625564 26.08658283817455 3
      vertex 311 28 3
    endloop
  endfacet
  facet normal -0.8968727415327059 0.4422886902189655 0
    outer loop
      vertex 310.3301270189222 25.5 3
      vertex 310.3301270189222 25.5 3.5837912849109816
      vertex 310.6193976625564 26.08658283817455 3
    endloop
  endfacet
  facet normal 0 0 1
    outer loop
      vertex 310.6193976625564 26.08658283817455 3
      vertex 310.82962913144536 26.705904774487397 3
      vertex 311 28 3
    endloop
  endfacet
  facet normal -0.5555702330195904 0.8314696123025532 0
    outer loop
      vertex 309.0438071450436 24.033233298543824 3
      vertex 308.5 23.66987298107781 3.3265837060602577
      vertex 309.0438071450436 24.033233298543824 3.377650668374657
    endloop
  endfacet
  facet normal -0.6593458151000571 0.7518398074789878 0
    outer loop
      vertex 309.53553390593277 24.464466094067262 3
      vertex 309.0438071450436 24.033233298543824 3.377650668374657
      vertex 309.53553390593277 24.464466094067262 3.438256485408567
    endloop
  endfacet
  facet normal -0.7518398074789756 0.6593458151000708 0
    outer loop
      vertex 309.9667667014562 24.9561928549564 3
      vertex 309.53553390593277 24.464466094067262 3.438256485408567
      vertex 309.9667667014562 24.9561928549564 3.507364174829429
    endloop
  endfacet
  facet normal -0.8314696123025539 0.5555702330195892 0
    outer loop
      vertex 310.3301270189222 25.5 3
      vertex 309.9667667014562 24.9561928549564 3.507364174829429
      vertex 310.3301270189222 25.5 3.5837912849109816
    endloop
  endfacet
  facet normal -0.896872741532706 0.4422886902189655 0
    outer loop
      vertex 310.6193976625564 26.08658283817455 3
      vertex 310.3301270189222 25.5 3.5837912849109816
      vertex 310.6193976625564 26.08658283817455 3.6662301266101305
    endloop
  endfacet
  facet normal -0.9469301294950933 0.3214394653031982 0
    outer loop
      vertex 310.6193976625564 26.08658283817455 3
      vertex 310.6193976625564 26.08658283817455 3.6662301266101305
      vertex 310.82962913144536 26.705904774487397 3
    endloop
  endfacet
  facet normal -0.9807852804032273 0.195090322016144 0
    outer loop
      vertex 310.82962913144536 26.705904774487397 3
      vertex 310.82962913144536 26.705904774487397 3.7532701484890394
      vertex 310.9572243068691 27.347369038899743 3
    endloop
  endfacet
  facet normal -0.9469301294950933 0.3214394653031982 0
    outer loop
      vertex 310.82962913144536 26.705904774487397 3
      vertex 310.6193976625564 26.08658283817455 3.6662301266101305
      vertex 310.82962913144536 26.705904774487397 3.7532701484890394
    endloop
  endfacet
  facet normal 0 0 1
    outer loop
      vertex 292 28.706658998471386 3
      vertex 311 28 3
      vertex 293.95789288330076 28.836247221543072 3
    endloop
  endfacet
  facet normal 0 0 1
    outer loop
      vertex 293.95789288330076 28.836247221543072 3
      vertex 311 28 3
      vertex 295.88228567653783 29.222794600332705 3
    endloop
  endfacet
  facet normal 0 0 1
    outer loop
      vertex 295.88228567653783 29.222794600332705 3
      vertex 311 28 3
      vertex 297.74025148547634 29.859687202018034 3
    endloop
  endfacet
  facet normal 0 0 1
    outer loop
      vertex 297.74025148547634 29.859687202018034 3
      vertex 311 28 3
      vertex 299.5 30.736027617604222 3
    endloop
  endfacet
  facet normal 0 0 1
    outer loop
      vertex 299.5 30.736027617604222 3
      vertex 311 28 3
      vertex 301.1314214351308 31.836821419613138 3
    endloop
  endfacet
  facet normal 0 0 1
    outer loop
      vertex 301.1314214351308 31.836821419613138 3
      vertex 311 28 3
      vertex 302.6066017177982 33.143233720894685 3
    endloop
  endfacet
  facet normal 0 0 1
    outer loop
      vertex 302.6066017177982 33.143233720894685 3
      vertex 311 28 3
      vertex 303.9003001043685 34.63291144476804 3
    endloop
  endfacet
  facet normal 0 0 1
    outer loop
      vertex 303.9003001043685 34.63291144476804 3
      vertex 311 28 3
      vertex 304.9903810567666 36.280365792361025 3
    endloop
  endfacet
  facet normal 0 0 1
    outer loop
      vertex 304.9903810567666 36.280365792361025 3
      vertex 311 28 3
      vertex 305.8581929876693 38.05740836302569 3
    endloop
  endfacet
  facet normal 0 0 1
    outer loop
      vertex 305.8581929876693 38.05740836302569 3
      vertex 311 28 3
      vertex 306.488887394336 39.93363346568868 3
    endloop
  endfacet
  facet normal 0 0 1
    outer loop
      vertex 310.82962913144536 26.705904774487397 3
      vertex 310.9572243068691 27.347369038899743 3
      vertex 311 28 3
    endloop
  endfacet
  facet normal -0.9978589232386063 0.06540312923010125 0
    outer loop
      vertex 310.9572243068691 27.347369038899743 3
      vertex 310.9572243068691 27.347369038899743 3.8434220716413057
      vertex 311 28 3
    endloop
  endfacet
  facet normal -0.9807852804032272 0.19509032201614399 0
    outer loop
      vertex 310.82962913144536 26.705904774487397 3.7532701484890394
      vertex 310.9572243068691 27.347369038899743 3.8434220716413057
      vertex 310.9572243068691 27.347369038899743 3
    endloop
  endfacet
  facet normal -0.9978589232386063 0.06540312923010126 0
    outer loop
      vertex 311 28 3
      vertex 310.9572243068691 27.347369038899743 3.8434220716413057
      vertex 311 28 3.9351433716669595
    endloop
  endfacet
  facet normal 0 0 1
    outer loop
      vertex 306.488887394336 39.93363346568868 3
      vertex 311 28 3
      vertex 306.8716729206072 41.87693836865556 3
    endloop
  endfacet
  facet normal 0 0 1
    outer loop
      vertex 311 28 3
      vertex 307 43.85407258625066 3
      vertex 306.8716729206072 41.87693836865556 3
    endloop
  endfacet
  facet normal 0 0 1
    outer loop
      vertex 311 28 3
      vertex 306.8716729206072 45.83120680384576 3
      vertex 307 43.85407258625066 3
    endloop
  endfacet
  facet normal 0 0 1
    outer loop
      vertex 292 59.00148617402993 3
      vertex 293.95789288330076 58.87189795095826 3
      vertex 292 78.7066589984714 3
    endloop
  endfacet
  facet normal 0 0 1
    outer loop
      vertex 293.95789288330076 58.87189795095826 3
      vertex 295.88228567653783 58.48535057216861 3
      vertex 293.95789288330076 78.83624722154308 3
    endloop
  endfacet
  facet normal 0 0 1
    outer loop
      vertex 295.88228567653783 58.48535057216861 3
      vertex 297.74025148547634 57.84845797048328 3
      vertex 295.88228567653783 79.2227946003327 3
    endloop
  endfacet
  facet normal 0 0 1
    outer loop
      vertex 299.5 56.972117554897096 3
      vertex 297.74025148547634 79.85968720201804 3
      vertex 297.74025148547634 57.84845797048328 3
    endloop
  endfacet
  facet normal 0 0 1
    outer loop
      vertex 299.5 56.972117554897096 3
      vertex 301.1314214351308 55.87132375288819 3
      vertex 299.5 80.73602761760424 3
    endloop
  endfacet
  facet normal 0 0 1
    outer loop
      vertex 301.1314214351308 55.87132375288819 3
      vertex 302.6066017177982 54.56491145160664 3
      vertex 301.1314214351308 81.83682141961313 3
    endloop
  endfacet
  facet normal 0 0 1
    outer loop
      vertex 292 78.7066589984714 3
      vertex 293.95789288330076 58.87189795095826 3
      vertex 293.95789288330076 78.83624722154308 3
    endloop
  endfacet
  facet normal 0 0 1
    outer loop
      vertex 295.88228567653783 58.48535057216861 3
      vertex 295.88228567653783 79.2227946003327 3
      vertex 293.95789288330076 78.83624722154308 3
    endloop
  endfacet
  facet normal 0 0 1
    outer loop
      vertex 297.74025148547634 57.84845797048328 3
      vertex 297.74025148547634 79.85968720201804 3
      vertex 295.88228567653783 79.2227946003327 3
    endloop
  endfacet
  facet normal 0 0 1
    outer loop
      vertex 299.5 56.972117554897096 3
      vertex 299.5 80.73602761760424 3
      vertex 297.74025148547634 79.85968720201804 3
    endloop
  endfacet
  facet normal 0 0 1
    outer loop
      vertex 301.1314214351308 55.87132375288819 3
      vertex 301.1314214351308 81.83682141961313 3
      vertex 299.5 80.73602761760424 3
    endloop
  endfacet
  facet normal 0 0 1
    outer loop
      vertex 302.6066017177982 54.56491145160664 3
      vertex 302.6066017177982 83.14323372089468 3
      vertex 301.1314214351308 81.83682141961313 3
    endloop
  endfacet
  facet normal 0 0 1
    outer loop
      vertex 303.9003001043685 53.075233727733284 3
      vertex 302.6066017177982 83.14323372089468 3
      vertex 302.6066017177982 54.56491145160664 3
    endloop
  endfacet
  facet normal 0 0 1
    outer loop
      vertex 304.9903810567666 51.427779380140294 3
      vertex 305.8581929876693 49.65073680947563 3
      vertex 304.9903810567666 86.28036579236102 3
    endloop
  endfacet
  facet normal 0 0 1
    outer loop
      vertex 303.9003001043685 53.075233727733284 3
      vertex 304.9903810567666 51.427779380140294 3
      vertex 303.9003001043685 84.63291144476804 3
    endloop
  endfacet
  facet normal 0 0 1
    outer loop
      vertex 306.488887394336 47.774511706812646 3
      vertex 305.8581929876693 88.05740836302569 3
      vertex 305.8581929876693 49.65073680947563 3
    endloop
  endfacet
  facet normal 0 0 1
    outer loop
      vertex 306.8716729206072 45.83120680384576 3
      vertex 306.488887394336 89.93363346568869 3
      vertex 306.488887394336 47.774511706812646 3
    endloop
  endfacet
  facet normal 0 0 1
    outer loop
      vertex 311 28 3
      vertex 306.8716729206072 91.87693836865557 3
      vertex 306.8716729206072 45.83120680384576 3
    endloop
  endfacet
  facet normal -1 0 0
    outer loop
      vertex 311 28 3
      vertex 311 28 3.9351433716669595
      vertex 311 127 3
    endloop
  endfacet
  facet normal 0 0 1
    outer loop
      vertex 303.9003001043685 53.075233727733284 3
      vertex 303.9003001043685 84.63291144476804 3
      vertex 302.6066017177982 83.14323372089468 3
    endloop
  endfacet
  facet normal 0 0 1
    outer loop
      vertex 304.9903810567666 51.427779380140294 3
      vertex 304.9903810567666 86.28036579236102 3
      vertex 303.9003001043685 84.63291144476804 3
    endloop
  endfacet
  facet normal 0 0 1
    outer loop
      vertex 305.8581929876693 49.65073680947563 3
      vertex 305.8581929876693 88.05740836302569 3
      vertex 304.9903810567666 86.28036579236102 3
    endloop
  endfacet
  facet normal 0 0 1
    outer loop
      vertex 306.488887394336 47.774511706812646 3
      vertex 306.488887394336 89.93363346568869 3
      vertex 305.8581929876693 88.05740836302569 3
    endloop
  endfacet
  facet normal 0 0 1
    outer loop
      vertex 306.8716729206072 45.83120680384576 3
      vertex 306.8716729206072 91.87693836865557 3
      vertex 306.488887394336 89.93363346568869 3
    endloop
  endfacet
  facet normal 0 0 1
    outer loop
      vertex 311 28 3
      vertex 309.53553390593277 130.53553390593274 3
      vertex 306.8716729206072 91.87693836865557 3
    endloop
  endfacet
  facet normal 0 0 1
    outer loop
      vertex 306.8716729206072 91.87693836865557 3
      vertex 309.53553390593277 130.53553390593274 3
      vertex 307 93.85407258625067 3
    endloop
  endfacet
  facet normal 0 0 1
    outer loop
      vertex 307 93.85407258625067 3
      vertex 309.53553390593277 130.53553390593274 3
      vertex 306.8716729206072 95.83120680384576 3
    endloop
  endfacet
  facet normal 0 0 1
    outer loop
      vertex 306.488887394336 97.77451170681265 3
      vertex 306.8716729206072 95.83120680384576 3
      vertex 309.53553390593277 130.53553390593274 3
    endloop
  endfacet
  facet normal 0 0 1
    outer loop
      vertex 311 28 3
      vertex 311 127 3
      vertex 309.53553390593277 130.53553390593274 3
    endloop
  endfacet
  facet normal -1 0 0
    outer loop
      vertex 311 28 3.9351433716669595
      vertex 311 127 17.84868600720371
      vertex 311 127 3
    endloop
  endfacet
  facet normal 0 0 1
    outer loop
      vertex 238.925 119 3
      vertex 306 132 3
      vertex 238.925 132 3
    endloop
  endfacet
  facet normal 0 -1 0
    outer loop
      vertex 238.925 132 3
      vertex 306 132 3
      vertex 238.925 132 3.01
    endloop
  endfacet
  facet normal 0 0 1
    outer loop
      vertex 238.925 119 3
      vertex 292 109.00148617402994 3
      vertex 309.53553390593277 130.53553390593274 3
    endloop
  endfacet
  facet normal 0 0 1
    outer loop
      vertex 238.925 119 3
      vertex 309.53553390593277 130.53553390593274 3
      vertex 306 132 3
    endloop
  endfacet
  facet normal 0 -1 0
    outer loop
      vertex 238.925 132 3.01
      vertex 306 132 3
      vertex 306 132 18.55139018071567
    endloop
  endfacet
  facet normal 0 -1 0
    outer loop
      vertex 238.925 132 3.01
      vertex 306 132 18.55139018071567
      vertex 237.925 132 18.55139018071567
    endloop
  endfacet
  facet normal 0 0 1
    outer loop
      vertex 292 109.00148617402994 3
      vertex 293.95789288330076 108.87189795095826 3
      vertex 309.53553390593277 130.53553390593274 3
    endloop
  endfacet
  facet normal 0 0 1
    outer loop
      vertex 293.95789288330076 108.87189795095826 3
      vertex 295.88228567653783 108.48535057216861 3
      vertex 309.53553390593277 130.53553390593274 3
    endloop
  endfacet
  facet normal 0 0 1
    outer loop
      vertex 297.74025148547634 107.84845797048328 3
      vertex 309.53553390593277 130.53553390593274 3
      vertex 295.88228567653783 108.48535057216861 3
    endloop
  endfacet
  facet normal 0 0 1
    outer loop
      vertex 297.74025148547634 107.84845797048328 3
      vertex 299.5 106.9721175548971 3
      vertex 309.53553390593277 130.53553390593274 3
    endloop
  endfacet
  facet normal 0 0 1
    outer loop
      vertex 299.5 106.9721175548971 3
      vertex 301.1314214351308 105.87132375288819 3
      vertex 309.53553390593277 130.53553390593274 3
    endloop
  endfacet
  facet normal 0 0 1
    outer loop
      vertex 302.6066017177982 104.56491145160663 3
      vertex 309.53553390593277 130.53553390593274 3
      vertex 301.1314214351308 105.87132375288819 3
    endloop
  endfacet
  facet normal 0 0 1
    outer loop
      vertex 306.488887394336 97.77451170681265 3
      vertex 309.53553390593277 130.53553390593274 3
      vertex 305.8581929876693 99.65073680947563 3
    endloop
  endfacet
  facet normal 0 0 1
    outer loop
      vertex 304.9903810567666 101.4277793801403 3
      vertex 305.8581929876693 99.65073680947563 3
      vertex 309.53553390593277 130.53553390593274 3
    endloop
  endfacet
  facet normal 0 0 1
    outer loop
      vertex 302.6066017177982 104.56491145160663 3
      vertex 303.9003001043685 103.07523372773329 3
      vertex 309.53553390593277 130.53553390593274 3
    endloop
  endfacet
  facet normal 0 0 1
    outer loop
      vertex 304.9903810567666 101.4277793801403 3
      vertex 309.53553390593277 130.53553390593274 3
      vertex 303.9003001043685 103.07523372773329 3
    endloop
  endfacet
  facet normal 0 0 1
    outer loop
      vertex 307.2940952255126 131.82962913144536 3
      vertex 306.6526309611003 131.95722430686905 3
      vertex 306 132 3
    endloop
  endfacet
  facet normal 0 0 1
    outer loop
      vertex 307.2940952255126 131.82962913144536 3
      vertex 306 132 3
      vertex 307.91341716182546 131.61939766255642 3
    endloop
  endfacet
  facet normal 0 0 1
    outer loop
      vertex 306 132 3
      vertex 309.53553390593277 130.53553390593274 3
      vertex 307.91341716182546 131.61939766255642 3
    endloop
  endfacet
  facet normal 0 0 1
    outer loop
      vertex 311 127 3
      vertex 310.9572243068691 127.65263096110026 3
      vertex 310.82962913144536 128.2940952255126 3
    endloop
  endfacet
  facet normal 0 0 1
    outer loop
      vertex 311 127 3
      vertex 310.82962913144536 128.2940952255126 3
      vertex 310.6193976625564 128.91341716182546 3
    endloop
  endfacet
  facet normal 0 0 1
    outer loop
      vertex 307.91341716182546 131.61939766255642 3
      vertex 309.0438071450436 130.96676670145618 3
      vertex 308.5 131.3301270189222 3
    endloop
  endfacet
  facet normal 0 0 1
    outer loop
      vertex 307.91341716182546 131.61939766255642 3
      vertex 309.53553390593277 130.53553390593274 3
      vertex 309.0438071450436 130.96676670145618 3
    endloop
  endfacet
  facet normal 0 0 1
    outer loop
      vertex 311 127 3
      vertex 310.6193976625564 128.91341716182546 3
      vertex 309.53553390593277 130.53553390593274 3
    endloop
  endfacet
  facet normal 0 0 1
    outer loop
      vertex 310.3301270189222 129.5 3
      vertex 309.53553390593277 130.53553390593274 3
      vertex 310.6193976625564 128.91341716182546 3
    endloop
  endfacet
  facet normal 0 0 1
    outer loop
      vertex 309.9667667014562 130.04380714504362 3
      vertex 309.53553390593277 130.53553390593274 3
      vertex 310.3301270189222 129.5 3
    endloop
  endfacet
  facet normal -0.19509032201610946 -0.9807852804032342 0
    outer loop
      vertex 307.2940952255126 131.82962913144536 3
      vertex 307.2940952255126 131.82962913144536 18.527446116640032
      vertex 306.6526309611003 131.95722430686905 3
    endloop
  endfacet
  facet normal -0.3214394653031867 -0.9469301294950973 0
    outer loop
      vertex 307.2940952255126 131.82962913144536 3
      vertex 307.91341716182546 131.61939766255642 3
      vertex 307.91341716182546 131.61939766255642 18.49790001052167
    endloop
  endfacet
  facet normal -0.0654031292301431 -0.9978589232386034 0
    outer loop
      vertex 306 132 3
      vertex 306.6526309611003 131.95722430686905 3
      vertex 306.6526309611003 131.95722430686905 18.545378449098074
    endloop
  endfacet
  facet normal -0.9978589232386063 -0.06540312923010125 0
    outer loop
      vertex 311 127 3
      vertex 311 127 17.84868600720371
      vertex 310.9572243068691 127.65263096110026 3
    endloop
  endfacet
  facet normal -0.9469301294950971 -0.3214394653031866 0
    outer loop
      vertex 310.82962913144536 128.2940952255126 3
      vertex 310.82962913144536 128.2940952255126 18.03055923038163
      vertex 310.6193976625564 128.91341716182546 3
    endloop
  endfacet
  facet normal -0.9807852804032267 -0.19509032201614712 0
    outer loop
      vertex 310.9572243068691 127.65263096110026 3
      vertex 310.9572243068691 127.65263096110026 17.940407307229368
      vertex 310.82962913144536 128.2940952255126 3
    endloop
  endfacet
  facet normal -0.4422886902189741 -0.8968727415327018 0
    outer loop
      vertex 307.91341716182546 131.61939766255642 3
      vertex 308.5 131.3301270189222 3
      vertex 308.5 131.3301270189222 18.45724567281042
    endloop
  endfacet
  facet normal -0.5555702330196093 -0.8314696123025406 0
    outer loop
      vertex 308.5 131.3301270189222 3
      vertex 309.0438071450436 130.96676670145618 3
      vertex 309.0438071450436 130.96676670145618 18.406178710496015
    endloop
  endfacet
  facet normal -0.7518398074789663 -0.6593458151000816 0
    outer loop
      vertex 309.9667667014562 130.04380714504362 3
      vertex 309.9667667014562 130.04380714504362 18.276465204041244
      vertex 309.53553390593277 130.53553390593274 3
    endloop
  endfacet
  facet normal -0.8314696123025606 -0.5555702330195792 0
    outer loop
      vertex 309.9667667014562 130.04380714504362 3
      vertex 310.3301270189222 129.5 3
      vertex 310.3301270189222 129.5 18.20003809395969
    endloop
  endfacet
  facet normal -0.65934581510006 -0.751839807478985 0
    outer loop
      vertex 309.0438071450436 130.96676670145618 3
      vertex 309.53553390593277 130.53553390593274 3
      vertex 309.53553390593277 130.53553390593274 18.34557289346211
    endloop
  endfacet
  facet normal -0.8968727415327017 -0.4422886902189741 0
    outer loop
      vertex 310.3301270189222 129.5 3
      vertex 310.6193976625564 128.91341716182546 3
      vertex 310.6193976625564 128.91341716182546 18.117599252260543
    endloop
  endfacet
  facet normal -0.19509032201610946 -0.9807852804032341 0
    outer loop
      vertex 306.6526309611003 131.95722430686905 3
      vertex 307.2940952255126 131.82962913144536 18.527446116640032
      vertex 306.6526309611003 131.95722430686905 18.545378449098074
    endloop
  endfacet
  facet normal -0.3214394653031866 -0.9469301294950971 0
    outer loop
      vertex 307.2940952255126 131.82962913144536 3
      vertex 307.91341716182546 131.61939766255642 18.49790001052167
      vertex 307.2940952255126 131.82962913144536 18.527446116640032
    endloop
  endfacet
  facet normal -0.06540312923014312 -0.9978589232386036 0
    outer loop
      vertex 306 132 3
      vertex 306.6526309611003 131.95722430686905 18.545378449098074
      vertex 306 132 18.55139018071567
    endloop
  endfacet
  facet normal -0.9978589232386061 -0.06540312923010125 0
    outer loop
      vertex 310.9572243068691 127.65263096110026 3
      vertex 311 127 17.84868600720371
      vertex 310.9572243068691 127.65263096110026 17.940407307229368
    endloop
  endfacet
  facet normal -0.9807852804032267 -0.19509032201614712 0
    outer loop
      vertex 310.82962913144536 128.2940952255126 3
      vertex 310.9572243068691 127.65263096110026 17.940407307229368
      vertex 310.82962913144536 128.2940952255126 18.03055923038163
    endloop
  endfacet
  facet normal -0.4422886902189741 -0.8968727415327016 0
    outer loop
      vertex 307.91341716182546 131.61939766255642 3
      vertex 308.5 131.3301270189222 18.45724567281042
      vertex 307.91341716182546 131.61939766255642 18.49790001052167
    endloop
  endfacet
  facet normal -0.6593458151000602 -0.7518398074789852 0
    outer loop
      vertex 309.0438071450436 130.96676670145618 3
      vertex 309.53553390593277 130.53553390593274 18.34557289346211
      vertex 309.0438071450436 130.96676670145618 18.406178710496015
    endloop
  endfacet
  facet normal -0.5555702330196093 -0.8314696123025406 0
    outer loop
      vertex 308.5 131.3301270189222 3
      vertex 309.0438071450436 130.96676670145618 18.406178710496015
      vertex 308.5 131.3301270189222 18.45724567281042
    endloop
  endfacet
  facet normal -0.8968727415327017 -0.4422886902189741 0
    outer loop
      vertex 310.3301270189222 129.5 3
      vertex 310.6193976625564 128.91341716182546 18.117599252260543
      vertex 310.3301270189222 129.5 18.20003809395969
    endloop
  endfacet
  facet normal -0.8314696123025607 -0.5555702330195793 0
    outer loop
      vertex 309.9667667014562 130.04380714504362 3
      vertex 310.3301270189222 129.5 18.20003809395969
      vertex 309.9667667014562 130.04380714504362 18.276465204041244
    endloop
  endfacet
  facet normal -0.7518398074789662 -0.6593458151000816 0
    outer loop
      vertex 309.53553390593277 130.53553390593274 3
      vertex 309.9667667014562 130.04380714504362 18.276465204041244
      vertex 309.53553390593277 130.53553390593274 18.34557289346211
    endloop
  endfacet
  facet normal -0.946930129495097 -0.3214394653031866 0
    outer loop
      vertex 310.6193976625564 128.91341716182546 3
      vertex 310.82962913144536 128.2940952255126 18.03055923038163
      vertex 310.6193976625564 128.91341716182546 18.117599252260543
    endloop
  endfacet
  facet normal -1 0 0
    outer loop
      vertex 325 22.796369953695905 4.402728979905414
      vertex 325 22.5981814714003 4.573499101691636
      vertex 325 22.2592886081202 6.984847120206934
    endloop
  endfacet
  facet normal -1 0 0
    outer loop
      vertex 325 23.015152879793067 4.259288608120201
      vertex 325 22.796369953695905 4.402728979905414
      vertex 325 22.402728979905415 7.203630046304097
    endloop
  endfacet
  facet normal -1 0 0
    outer loop
      vertex 325 23.250786813168176 4.145632290866425
      vertex 325 23.015152879793067 4.259288608120201
      vertex 325 22.573499101691638 7.401818528599701
    endloop
  endfacet
  facet normal -1 0 0
    outer loop
      vertex 325 23.250786813168176 4.145632290866425
      vertex 325 22.768677049348682 7.576021507213444
      vertex 325 23.499239991891116 4.063704719243784
    endloop
  endfacet
  facet normal -1 0 0
    outer loop
      vertex 325 23.499239991891116 4.063704719243784
      vertex 325 22.984923274078593 7.723258320883051
      vertex 325 23.756261313189704 4.014907696717356
    endloop
  endfacet
  facet normal -1 0 0
    outer loop
      vertex 325 24.017453070996748 4.000076153871658
      vertex 325 23.756261313189704 4.014907696717356
      vertex 325 23.218537743021454 7.841009706904881
    endloop
  endfacet
  facet normal -1 0 0
    outer loop
      vertex 325 24.017453070996748 4.000076153871658
      vertex 325 23.465523247843485 7.927260906417246
      vertex 325 24.27834620192013 4.01946386251686
    endloop
  endfacet
  facet normal -1 0 0
    outer loop
      vertex 325 22.5981814714003 4.573499101691636
      vertex 325 22.423978492786556 4.768677049348684
      vertex 325 22.145632290866423 6.749213186831824
    endloop
  endfacet
  facet normal -1 0 0
    outer loop
      vertex 325 22.27674167911695 4.984923274078591
      vertex 325 22.15899029309512 5.218537743021453
      vertex 325 22.014907696717355 6.243738686810295
    endloop
  endfacet
  facet normal -1 0 0
    outer loop
      vertex 325 22.423978492786556 4.768677049348684
      vertex 325 22.27674167911695 4.984923274078591
      vertex 325 22.063704719243784 6.500760008108883
    endloop
  endfacet
  facet normal -1 0 0
    outer loop
      vertex 325 22.15899029309512 5.218537743021453
      vertex 325 22.072739093582754 5.465523247843486
      vertex 325 22.000076153871657 5.982546929003252
    endloop
  endfacet
  facet normal -1 0 0
    outer loop
      vertex 325 22.072739093582754 5.465523247843486
      vertex 325 22.019463862516858 5.721653798079869
      vertex 325 22.000076153871657 5.982546929003252
    endloop
  endfacet
  facet normal -1 0 0
    outer loop
      vertex 325 22.15899029309512 5.218537743021453
      vertex 325 22.000076153871657 5.982546929003252
      vertex 325 22.014907696717355 6.243738686810295
    endloop
  endfacet
  facet normal -1 0 0
    outer loop
      vertex 325 22.27674167911695 4.984923274078591
      vertex 325 22.014907696717355 6.243738686810295
      vertex 325 22.063704719243784 6.500760008108883
    endloop
  endfacet
  facet normal -1 0 0
    outer loop
      vertex 325 22.423978492786556 4.768677049348684
      vertex 325 22.063704719243784 6.500760008108883
      vertex 325 22.145632290866423 6.749213186831824
    endloop
  endfacet
  facet normal -1 0 0
    outer loop
      vertex 325 22.5981814714003 4.573499101691636
      vertex 325 22.145632290866423 6.749213186831824
      vertex 325 22.2592886081202 6.984847120206934
    endloop
  endfacet
  facet normal -1 0 0
    outer loop
      vertex 325 22.796369953695905 4.402728979905414
      vertex 325 22.2592886081202 6.984847120206934
      vertex 325 22.402728979905415 7.203630046304097
    endloop
  endfacet
  facet normal -1 0 0
    outer loop
      vertex 325 23.015152879793067 4.259288608120201
      vertex 325 22.402728979905415 7.203630046304097
      vertex 325 22.573499101691638 7.401818528599701
    endloop
  endfacet
  facet normal -1 0 0
    outer loop
      vertex 325 23.250786813168176 4.145632290866425
      vertex 325 22.573499101691638 7.401818528599701
      vertex 325 22.768677049348682 7.576021507213444
    endloop
  endfacet
  facet normal -1 0 0
    outer loop
      vertex 325 24.27834620192013 4.01946386251686
      vertex 325 23.72165379807987 7.98053613748314
      vertex 325 24.534476752156515 4.072739093582754
    endloop
  endfacet
  facet normal -1 0 0
    outer loop
      vertex 325 24.534476752156515 4.072739093582754
      vertex 325 23.982546929003252 7.999923846128342
      vertex 325 24.781462256978546 4.158990293095119
    endloop
  endfacet
  facet normal -1 0 0
    outer loop
      vertex 325 24.781462256978546 4.158990293095119
      vertex 325 24.243738686810296 7.985092303282644
      vertex 325 25.015076725921407 4.276741679116949
    endloop
  endfacet
  facet normal -1 0 0
    outer loop
      vertex 325 25.015076725921407 4.276741679116949
      vertex 325 24.500760008108884 7.936295280756216
      vertex 325 25.231322950651318 4.423978492786556
    endloop
  endfacet
  facet normal -1 0 0
    outer loop
      vertex 325 25.231322950651318 4.423978492786556
      vertex 325 24.749213186831824 7.854367709133575
      vertex 325 25.426500898308362 4.598181471400299
    endloop
  endfacet
  facet normal -1 0 0
    outer loop
      vertex 325 25.426500898308362 4.598181471400299
      vertex 325 24.984847120206933 7.740711391879799
      vertex 325 25.597271020094585 4.796369953695903
    endloop
  endfacet
  facet normal -1 0 0
    outer loop
      vertex 325 25.597271020094585 4.796369953695903
      vertex 325 25.203630046304095 7.597271020094586
      vertex 325 25.7407113918798 5.015152879793066
    endloop
  endfacet
  facet normal -1 0 0
    outer loop
      vertex 325 25.7407113918798 5.015152879793066
      vertex 325 25.4018185285997 7.426500898308364
      vertex 325 25.854367709133577 5.250786813168176
    endloop
  endfacet
  facet normal -1 0 0
    outer loop
      vertex 325 25.854367709133577 5.250786813168176
      vertex 325 25.576021507213444 7.231322950651316
      vertex 325 25.936295280756216 5.499239991891117
    endloop
  endfacet
  facet normal -1 0 0
    outer loop
      vertex 325 25.936295280756216 5.499239991891117
      vertex 325 25.72325832088305 7.015076725921409
      vertex 325 25.985092303282645 5.756261313189705
    endloop
  endfacet
  facet normal -1 0 0
    outer loop
      vertex 325 25.985092303282645 5.756261313189705
      vertex 325 25.84100970690488 6.781462256978547
      vertex 325 25.999923846128343 6.017453070996748
    endloop
  endfacet
  facet normal -1 0 0
    outer loop
      vertex 325 25.999923846128343 6.017453070996748
      vertex 325 25.927260906417246 6.534476752156514
      vertex 325 25.980536137483142 6.278346201920131
    endloop
  endfacet
  facet normal -1 0 0
    outer loop
      vertex 325 23.499239991891116 4.063704719243784
      vertex 325 22.768677049348682 7.576021507213444
      vertex 325 22.984923274078593 7.723258320883051
    endloop
  endfacet
  facet normal -1 0 0
    outer loop
      vertex 325 23.756261313189704 4.014907696717356
      vertex 325 22.984923274078593 7.723258320883051
      vertex 325 23.218537743021454 7.841009706904881
    endloop
  endfacet
  facet normal -1 0 0
    outer loop
      vertex 325 24.017453070996748 4.000076153871658
      vertex 325 23.218537743021454 7.841009706904881
      vertex 325 23.465523247843485 7.927260906417246
    endloop
  endfacet
  facet normal -1 0 0
    outer loop
      vertex 325 24.27834620192013 4.01946386251686
      vertex 325 23.465523247843485 7.927260906417246
      vertex 325 23.72165379807987 7.98053613748314
    endloop
  endfacet
  facet normal -1 0 0
    outer loop
      vertex 325 24.534476752156515 4.072739093582754
      vertex 325 23.72165379807987 7.98053613748314
      vertex 325 23.982546929003252 7.999923846128342
    endloop
  endfacet
  facet normal -1 0 0
    outer loop
      vertex 325 24.781462256978546 4.158990293095119
      vertex 325 23.982546929003252 7.999923846128342
      vertex 325 24.243738686810296 7.985092303282644
    endloop
  endfacet
  facet normal -1 0 0
    outer loop
      vertex 325 25.015076725921407 4.276741679116949
      vertex 325 24.243738686810296 7.985092303282644
      vertex 325 24.500760008108884 7.936295280756216
    endloop
  endfacet
  facet normal -1 0 0
    outer loop
      vertex 325 25.231322950651318 4.423978492786556
      vertex 325 24.500760008108884 7.936295280756216
      vertex 325 24.749213186831824 7.854367709133575
    endloop
  endfacet
  facet normal -1 0 0
    outer loop
      vertex 325 25.426500898308362 4.598181471400299
      vertex 325 24.749213186831824 7.854367709133575
      vertex 325 24.984847120206933 7.740711391879799
    endloop
  endfacet
  facet normal -1 0 0
    outer loop
      vertex 325 25.597271020094585 4.796369953695903
      vertex 325 24.984847120206933 7.740711391879799
      vertex 325 25.203630046304095 7.597271020094586
    endloop
  endfacet
  facet normal -1 0 0
    outer loop
      vertex 325 25.999923846128343 6.017453070996748
      vertex 325 25.84100970690488 6.781462256978547
      vertex 325 25.927260906417246 6.534476752156514
    endloop
  endfacet
  facet normal -1 0 0
    outer loop
      vertex 325 25.985092303282645 5.756261313189705
      vertex 325 25.72325832088305 7.015076725921409
      vertex 325 25.84100970690488 6.781462256978547
    endloop
  endfacet
  facet normal -1 0 0
    outer loop
      vertex 325 25.936295280756216 5.499239991891117
      vertex 325 25.576021507213444 7.231322950651316
      vertex 325 25.72325832088305 7.015076725921409
    endloop
  endfacet
  facet normal -1 0 0
    outer loop
      vertex 325 25.7407113918798 5.015152879793066
      vertex 325 25.203630046304095 7.597271020094586
      vertex 325 25.4018185285997 7.426500898308364
    endloop
  endfacet
  facet normal -1 0 0
    outer loop
      vertex 325 25.854367709133577 5.250786813168176
      vertex 325 25.4018185285997 7.426500898308364
      vertex 325 25.576021507213444 7.231322950651316
    endloop
  endfacet
  facet normal -1 0 0
    outer loop
      vertex 325 135.9838753423101 20.50881916161913
      vertex 325 135.64498247903 22.920167180134428
      vertex 325 136.18206382460573 20.338049039832907
    endloop
  endfacet
  facet normal -1 0 0
    outer loop
      vertex 325 136.40084675070287 20.194608668047692
      vertex 325 136.18206382460573 20.338049039832907
      vertex 325 135.7884228508152 23.13895010623159
    endloop
  endfacet
  facet normal -1 0 0
    outer loop
      vertex 325 135.80967236369634 20.703997109276173
      vertex 325 135.66243555002677 20.920243334006084
      vertex 325 135.44939859015358 22.436080068036375
    endloop
  endfacet
  facet normal -1 0 0
    outer loop
      vertex 325 135.9838753423101 20.50881916161913
      vertex 325 135.80967236369634 20.703997109276173
      vertex 325 135.53132616177624 22.684533246759315
    endloop
  endfacet
  facet normal -1 0 0
    outer loop
      vertex 325 136.63648068407798 20.080952350793915
      vertex 325 136.40084675070287 20.194608668047692
      vertex 325 135.95919297260144 23.337138588527193
    endloop
  endfacet
  facet normal -1 0 0
    outer loop
      vertex 325 136.88493386280092 19.99902477917128
      vertex 325 136.63648068407798 20.080952350793915
      vertex 325 136.1543709202585 23.511341567140935
    endloop
  endfacet
  facet normal -1 0 0
    outer loop
      vertex 325 136.88493386280092 19.99902477917128
      vertex 325 136.3706171449884 23.658578380810546
      vertex 325 137.14195518409952 19.95022775664485
    endloop
  endfacet
  facet normal -1 0 0
    outer loop
      vertex 325 137.14195518409952 19.95022775664485
      vertex 325 136.60423161393126 23.776329766832372
      vertex 325 137.40314694190656 19.93539621379915
    endloop
  endfacet
  facet normal -1 0 0
    outer loop
      vertex 325 137.40314694190656 19.93539621379915
      vertex 325 136.85121711875328 23.862580966344737
      vertex 325 137.66404007282995 19.954783922444353
    endloop
  endfacet
  facet normal -1 0 0
    outer loop
      vertex 325 137.66404007282995 19.954783922444353
      vertex 325 137.1073476689897 23.915856197410633
      vertex 325 137.92017062306633 20.008059153510246
    endloop
  endfacet
  facet normal -1 0 0
    outer loop
      vertex 325 137.92017062306633 20.008059153510246
      vertex 325 137.36824079991305 23.935243906055835
      vertex 325 138.16715612788835 20.09431035302261
    endloop
  endfacet
  facet normal -1 0 0
    outer loop
      vertex 325 135.66243555002677 20.920243334006084
      vertex 325 135.54468416400493 21.153857802948945
      vertex 325 135.40060156762718 22.179058746737788
    endloop
  endfacet
  facet normal -1 0 0
    outer loop
      vertex 325 135.54468416400493 21.153857802948945
      vertex 325 135.45843296449257 21.400843307770977
      vertex 325 135.38577002478146 21.917866988930747
    endloop
  endfacet
  facet normal -1 0 0
    outer loop
      vertex 325 135.45843296449257 21.400843307770977
      vertex 325 135.40515773342668 21.656973858007362
      vertex 325 135.38577002478146 21.917866988930747
    endloop
  endfacet
  facet normal -1 0 0
    outer loop
      vertex 325 135.54468416400493 21.153857802948945
      vertex 325 135.38577002478146 21.917866988930747
      vertex 325 135.40060156762718 22.179058746737788
    endloop
  endfacet
  facet normal -1 0 0
    outer loop
      vertex 325 135.66243555002677 20.920243334006084
      vertex 325 135.40060156762718 22.179058746737788
      vertex 325 135.44939859015358 22.436080068036375
    endloop
  endfacet
  facet normal -1 0 0
    outer loop
      vertex 325 138.16715612788835 20.09431035302261
      vertex 325 137.6294325577201 23.920412363210136
      vertex 325 138.40077059683122 20.21206173904444
    endloop
  endfacet
  facet normal -1 0 0
    outer loop
      vertex 325 138.40077059683122 20.21206173904444
      vertex 325 137.8864538790187 23.871615340683707
      vertex 325 138.61701682156112 20.35929855271405
    endloop
  endfacet
  facet normal -1 0 0
    outer loop
      vertex 325 138.61701682156112 20.35929855271405
      vertex 325 138.13490705774163 23.789687769061068
      vertex 325 138.81219476921817 20.533501531327794
    endloop
  endfacet
  facet normal -1 0 0
    outer loop
      vertex 325 135.80967236369634 20.703997109276173
      vertex 325 135.44939859015358 22.436080068036375
      vertex 325 135.53132616177624 22.684533246759315
    endloop
  endfacet
  facet normal -1 0 0
    outer loop
      vertex 325 135.9838753423101 20.50881916161913
      vertex 325 135.53132616177624 22.684533246759315
      vertex 325 135.64498247903 22.920167180134428
    endloop
  endfacet
  facet normal -1 0 0
    outer loop
      vertex 325 136.18206382460573 20.338049039832907
      vertex 325 135.64498247903 22.920167180134428
      vertex 325 135.7884228508152 23.13895010623159
    endloop
  endfacet
  facet normal -1 0 0
    outer loop
      vertex 325 136.40084675070287 20.194608668047692
      vertex 325 135.7884228508152 23.13895010623159
      vertex 325 135.95919297260144 23.337138588527193
    endloop
  endfacet
  facet normal -1 0 0
    outer loop
      vertex 325 136.63648068407798 20.080952350793915
      vertex 325 135.95919297260144 23.337138588527193
      vertex 325 136.1543709202585 23.511341567140935
    endloop
  endfacet
  facet normal -1 0 0
    outer loop
      vertex 325 136.88493386280092 19.99902477917128
      vertex 325 136.1543709202585 23.511341567140935
      vertex 325 136.3706171449884 23.658578380810546
    endloop
  endfacet
  facet normal -1 0 0
    outer loop
      vertex 325 137.14195518409952 19.95022775664485
      vertex 325 136.3706171449884 23.658578380810546
      vertex 325 136.60423161393126 23.776329766832372
    endloop
  endfacet
  facet normal -1 0 0
    outer loop
      vertex 325 138.81219476921817 20.533501531327794
      vertex 325 138.37054099111674 23.676031451807294
      vertex 325 138.9829648910044 20.731690013623393
    endloop
  endfacet
  facet normal -1 0 0
    outer loop
      vertex 325 138.9829648910044 20.731690013623393
      vertex 325 138.5893239172139 23.532591080022076
      vertex 325 139.1264052627896 20.95047293972056
    endloop
  endfacet
  facet normal -1 0 0
    outer loop
      vertex 325 139.1264052627896 20.95047293972056
      vertex 325 138.7875123995095 23.361820958235857
      vertex 325 139.2400615800434 21.186106873095667
    endloop
  endfacet
  facet normal -1 0 0
    outer loop
      vertex 325 139.2400615800434 21.186106873095667
      vertex 325 138.96171537812324 23.16664301057881
      vertex 325 139.321989151666 21.434560051818607
    endloop
  endfacet
  facet normal -1 0 0
    outer loop
      vertex 325 139.321989151666 21.434560051818607
      vertex 325 139.10895219179287 22.950396785848902
      vertex 325 139.37078617419246 21.691581373117195
    endloop
  endfacet
  facet normal -1 0 0
    outer loop
      vertex 325 139.37078617419246 21.691581373117195
      vertex 325 139.2267035778147 22.71678231690604
      vertex 325 139.38561771703814 21.952773130924243
    endloop
  endfacet
  facet normal -1 0 0
    outer loop
      vertex 325 139.38561771703814 21.952773130924243
      vertex 325 139.31295477732704 22.469796812084006
      vertex 325 139.36623000839296 22.213666261847624
    endloop
  endfacet
  facet normal -1 0 0
    outer loop
      vertex 325 139.38561771703814 21.952773130924243
      vertex 325 139.2267035778147 22.71678231690604
      vertex 325 139.31295477732704 22.469796812084006
    endloop
  endfacet
  facet normal -1 0 0
    outer loop
      vertex 325 139.37078617419246 21.691581373117195
      vertex 325 139.10895219179287 22.950396785848902
      vertex 325 139.2267035778147 22.71678231690604
    endloop
  endfacet
  facet normal -1 0 0
    outer loop
      vertex 325 137.40314694190656 19.93539621379915
      vertex 325 136.60423161393126 23.776329766832372
      vertex 325 136.85121711875328 23.862580966344737
    endloop
  endfacet
  facet normal -1 0 0
    outer loop
      vertex 325 137.66404007282995 19.954783922444353
      vertex 325 136.85121711875328 23.862580966344737
      vertex 325 137.1073476689897 23.915856197410633
    endloop
  endfacet
  facet normal -1 0 0
    outer loop
      vertex 325 137.92017062306633 20.008059153510246
      vertex 325 137.1073476689897 23.915856197410633
      vertex 325 137.36824079991305 23.935243906055835
    endloop
  endfacet
  facet normal -1 0 0
    outer loop
      vertex 325 138.16715612788835 20.09431035302261
      vertex 325 137.36824079991305 23.935243906055835
      vertex 325 137.6294325577201 23.920412363210136
    endloop
  endfacet
  facet normal -1 0 0
    outer loop
      vertex 325 138.40077059683122 20.21206173904444
      vertex 325 137.6294325577201 23.920412363210136
      vertex 325 137.8864538790187 23.871615340683707
    endloop
  endfacet
  facet normal -1 0 0
    outer loop
      vertex 325 138.61701682156112 20.35929855271405
      vertex 325 137.8864538790187 23.871615340683707
      vertex 325 138.13490705774163 23.789687769061068
    endloop
  endfacet
  facet normal -1 0 0
    outer loop
      vertex 325 138.81219476921817 20.533501531327794
      vertex 325 138.13490705774163 23.789687769061068
      vertex 325 138.37054099111674 23.676031451807294
    endloop
  endfacet
  facet normal -1 0 0
    outer loop
      vertex 325 138.9829648910044 20.731690013623393
      vertex 325 138.37054099111674 23.676031451807294
      vertex 325 138.5893239172139 23.532591080022076
    endloop
  endfacet
  facet normal -1 0 0
    outer loop
      vertex 325 139.321989151666 21.434560051818607
      vertex 325 138.96171537812324 23.16664301057881
      vertex 325 139.10895219179287 22.950396785848902
    endloop
  endfacet
  facet normal -1 0 0
    outer loop
      vertex 325 139.2400615800434 21.186106873095667
      vertex 325 138.7875123995095 23.361820958235857
      vertex 325 138.96171537812324 23.16664301057881
    endloop
  endfacet
  facet normal -1 0 0
    outer loop
      vertex 325 139.1264052627896 20.95047293972056
      vertex 325 138.5893239172139 23.532591080022076
      vertex 325 138.7875123995095 23.361820958235857
    endloop
  endfacet
  facet normal 0 1 0
    outer loop
      vertex 167 81 8.635176023632413
      vertex 167 81 11.383807610893706
      vertex 190 81 8.635176023632413
    endloop
  endfacet
  facet normal 0 1 0
    outer loop
      vertex 167 81 11.383807610893706
      vertex 190 81 11.383807610893706
      vertex 190 81 8.635176023632413
    endloop
  endfacet
  facet normal 0 0 1
    outer loop
      vertex 167 81 8.635176023632413
      vertex 190 83.2 8.635176023632413
      vertex 167 83.2 8.635176023632413
    endloop
  endfacet
  facet normal 0 0 1
    outer loop
      vertex 167 81 8.635176023632413
      vertex 190 81 8.635176023632413
      vertex 190 83.2 8.635176023632413
    endloop
  endfacet
  facet normal -1 0 0
    outer loop
      vertex 200 142.0621222610428 20.265529242160135
      vertex 200 142.5 26.235176023632413
      vertex 200 142.5 20.32706894509078
    endloop
  endfacet
  facet normal -1 0 0
    outer loop
      vertex 200 142.0621222610428 20.265529242160135
      vertex 200 141.1669267856153 26.63517602363241
      vertex 200 142.5 26.63517602363241
    endloop
  endfacet
  facet normal -1 0 0
    outer loop
      vertex 200 142.0621222610428 20.265529242160135
      vertex 200 142.5 26.63517602363241
      vertex 200 142.5 26.235176023632413
    endloop
  endfacet
  facet normal 0 0 -1
    outer loop
      vertex 167 141.16692678561526 26.63517602363241
      vertex 167 142.5 26.63517602363241
      vertex 200 141.1669267856153 26.63517602363241
    endloop
  endfacet
  facet normal 0 -1 0
    outer loop
      vertex 167 142.5 26.235176023632413
      vertex 200 142.5 26.63517602363241
      vertex 167 142.5 26.63517602363241
    endloop
  endfacet
  facet normal 0 0 -1
    outer loop
      vertex 167 142.5 26.63517602363241
      vertex 200 142.5 26.63517602363241
      vertex 200 141.1669267856153 26.63517602363241
    endloop
  endfacet
  facet normal 0 -1 0
    outer loop
      vertex 167 142.5 26.235176023632413
      vertex 200 142.5 26.235176023632413
      vertex 200 142.5 26.63517602363241
    endloop
  endfacet
  facet normal 0.8968727415326887 0.43798436708940824 -0.06155468853734439
    outer loop
      vertex 208.1418070123307 37.63578585891851 0
      vertex 208.1418070123307 38.05740836302569 3
      vertex 209.00961894323342 35.85874328825385 0
    endloop
  endfacet
  facet normal 0.9469301294951062 0.3183112385230833 -0.04473572715718639
    outer loop
      vertex 208.1418070123307 37.63578585891851 0
      vertex 207.51111260566398 39.5120109615815 0
      vertex 207.51111260566398 39.93363346568868 3
    endloop
  endfacet
  facet normal 0.8968727415326887 0.43798436708940824 -0.06155468853734439
    outer loop
      vertex 208.1418070123307 38.05740836302569 3
      vertex 209.00961894323342 36.280365792361025 3
      vertex 209.00961894323342 35.85874328825385 0
    endloop
  endfacet
  facet normal 0.9807852804032302 0.1931917164130842 -0.0271513250822827
    outer loop
      vertex 207.51111260566398 39.5120109615815 0
      vertex 207.12832707939285 41.87693836865556 3
      vertex 207.51111260566398 39.93363346568868 3
    endloop
  endfacet
  facet normal 0.9469301294951062 0.3183112385230833 -0.04473572715718639
    outer loop
      vertex 208.1418070123307 37.63578585891851 0
      vertex 207.51111260566398 39.93363346568868 3
      vertex 208.1418070123307 38.05740836302569 3
    endloop
  endfacet
  facet normal 0.9807852804032302 0.1931917164130842 -0.02715132508228269
    outer loop
      vertex 207.51111260566398 39.5120109615815 0
      vertex 207.12832707939285 41.45531586454838 0
      vertex 207.12832707939285 41.87693836865556 3
    endloop
  endfacet
  facet normal 0.9978589232386036 0.06476663047239045 -0.009102356307451145
    outer loop
      vertex 207.12832707939285 41.45531586454838 0
      vertex 207 43.43245008214348 0
      vertex 207 43.85407258625066 3
    endloop
  endfacet
  facet normal 0.9978589232386036 -0.06476663047239045 0.009102356307451145
    outer loop
      vertex 207 43.43245008214348 0
      vertex 207.12832707939285 45.40958429973858 0
      vertex 207 43.85407258625066 3
    endloop
  endfacet
  facet normal 0.9807852804032303 -0.1931917164130835 0.027151325082282594
    outer loop
      vertex 207.12832707939285 45.40958429973858 0
      vertex 207.51111260566398 47.35288920270547 0
      vertex 207.51111260566398 47.774511706812646 3
    endloop
  endfacet
  facet normal 0.9978589232386036 0.06476663047239045 -0.009102356307451145
    outer loop
      vertex 207.12832707939285 41.45531586454838 0
      vertex 207 43.85407258625066 3
      vertex 207.12832707939285 41.87693836865556 3
    endloop
  endfacet
  facet normal 0.9978589232386036 -0.06476663047239045 0.009102356307451145
    outer loop
      vertex 207.12832707939285 45.40958429973858 0
      vertex 207.12832707939285 45.83120680384576 3
      vertex 207 43.85407258625066 3
    endloop
  endfacet
  facet normal 0.9807852804032303 -0.1931917164130835 0.0271513250822826
    outer loop
      vertex 207.12832707939285 45.40958429973858 0
      vertex 207.51111260566398 47.774511706812646 3
      vertex 207.12832707939285 45.83120680384576 3
    endloop
  endfacet
  facet normal 0.9469301294951058 -0.31831123852308435 0.04473572715718654
    outer loop
      vertex 207.51111260566398 47.35288920270547 0
      vertex 208.1418070123307 49.229114305368455 0
      vertex 208.1418070123307 49.65073680947563 3
    endloop
  endfacet
  facet normal 0.8968727415326887 -0.43798436708940824 0.06155468853734439
    outer loop
      vertex 208.1418070123307 49.229114305368455 0
      vertex 209.00961894323342 51.00615687603312 0
      vertex 209.00961894323342 51.427779380140294 3
    endloop
  endfacet
  facet normal 0.9469301294951058 -0.31831123852308435 0.04473572715718654
    outer loop
      vertex 207.51111260566398 47.35288920270547 0
      vertex 208.1418070123307 49.65073680947563 3
      vertex 207.51111260566398 47.774511706812646 3
    endloop
  endfacet
  facet normal 0.8968727415326887 -0.43798436708940824 0.06155468853734439
    outer loop
      vertex 208.1418070123307 49.229114305368455 0
      vertex 209.00961894323342 51.427779380140294 3
      vertex 208.1418070123307 49.65073680947563 3
    endloop
  endfacet
  facet normal 0.7518398074789749 0.6529291069519843 -0.09176320169251938
    outer loop
      vertex 211.3933982822018 32.72161121678751 0
      vertex 210.09969989563146 34.211288940660864 0
      vertex 211.3933982822018 33.143233720894685 3
    endloop
  endfacet
  facet normal 0.6593458151000691 0.7445229541552408 -0.10463587743206755
    outer loop
      vertex 211.3933982822018 32.72161121678751 0
      vertex 212.86857856486918 31.836821419613134 3
      vertex 212.86857856486918 31.41519891550596 0
    endloop
  endfacet
  facet normal 0.5555702330196015 0.8233778071921442 -0.11571820429820832
    outer loop
      vertex 212.86857856486918 31.41519891550596 0
      vertex 212.86857856486918 31.836821419613134 3
      vertex 214.5 30.31440511349705 0
    endloop
  endfacet
  facet normal 0.6593458151000701 0.7445229541552398 -0.10463587743206829
    outer loop
      vertex 211.3933982822018 32.72161121678751 0
      vertex 211.3933982822018 33.143233720894685 3
      vertex 212.86857856486918 31.836821419613134 3
    endloop
  endfacet
  facet normal 0.5555702330196015 0.8233778071921442 -0.11571820429820832
    outer loop
      vertex 214.5 30.31440511349705 0
      vertex 212.86857856486918 31.836821419613134 3
      vertex 214.5 30.736027617604222 3
    endloop
  endfacet
  facet normal 0.8314696123025477 0.5501634617026219 -0.07732043213044405
    outer loop
      vertex 209.00961894323342 35.85874328825385 0
      vertex 209.00961894323342 36.280365792361025 3
      vertex 210.09969989563146 34.211288940660864 0
    endloop
  endfacet
  facet normal 0.8314696123025477 0.5501634617026219 -0.07732043213044405
    outer loop
      vertex 210.09969989563146 34.211288940660864 0
      vertex 209.00961894323342 36.280365792361025 3
      vertex 210.09969989563146 34.63291144476804 3
    endloop
  endfacet
  facet normal 0.7518398074789749 0.6529291069519843 -0.09176320169251938
    outer loop
      vertex 210.09969989563146 34.211288940660864 0
      vertex 210.09969989563146 34.63291144476804 3
      vertex 211.3933982822018 33.143233720894685 3
    endloop
  endfacet
  facet normal 0.44228869021899836 0.8881444376645343 -0.12482056060565933
    outer loop
      vertex 214.5 30.31440511349705 0
      vertex 216.25974851452366 29.859687202018034 3
      vertex 216.25974851452366 29.43806469791086 0
    endloop
  endfacet
  facet normal 0.3214394653031631 0.9377146705683229 -0.13178720251434972
    outer loop
      vertex 216.25974851452366 29.43806469791086 0
      vertex 218.1177143234622 29.222794600332705 3
      vertex 218.1177143234622 28.80117209622553 0
    endloop
  endfacet
  facet normal 0.1950903220161272 0.9712403454750668 -0.13649892884970452
    outer loop
      vertex 218.1177143234622 28.80117209622553 0
      vertex 218.1177143234622 29.222794600332705 3
      vertex 220.0421071166992 28.4146247174359 0
    endloop
  endfacet
  facet normal 0.44228869021899836 0.8881444376645343 -0.12482056060565934
    outer loop
      vertex 214.5 30.31440511349705 0
      vertex 214.5 30.736027617604222 3
      vertex 216.25974851452366 29.859687202018034 3
    endloop
  endfacet
  facet normal 0.3214394653031631 0.9377146705683229 -0.13178720251434972
    outer loop
      vertex 216.25974851452366 29.43806469791086 0
      vertex 216.25974851452366 29.859687202018034 3
      vertex 218.1177143234622 29.222794600332705 3
    endloop
  endfacet
  facet normal 0.8314696123025488 -0.5501634617026202 0.07732043213044382
    outer loop
      vertex 209.00961894323342 51.00615687603312 0
      vertex 210.09969989563146 52.65361122362611 0
      vertex 209.00961894323342 51.427779380140294 3
    endloop
  endfacet
  facet normal 0.7518398074789749 -0.6529291069519843 0.09176320169251938
    outer loop
      vertex 210.09969989563146 52.65361122362611 0
      vertex 211.3933982822018 54.143288947499464 0
      vertex 210.09969989563146 53.075233727733284 3
    endloop
  endfacet
  facet normal 0.8314696123025488 -0.5501634617026202 0.07732043213044382
    outer loop
      vertex 210.09969989563146 52.65361122362611 0
      vertex 210.09969989563146 53.075233727733284 3
      vertex 209.00961894323342 51.427779380140294 3
    endloop
  endfacet
  facet normal 0.7518398074789749 -0.6529291069519843 0.09176320169251938
    outer loop
      vertex 210.09969989563146 53.075233727733284 3
      vertex 211.3933982822018 54.143288947499464 0
      vertex 211.3933982822018 54.56491145160664 3
    endloop
  endfacet
  facet normal 0.06540312923014574 0.9881478287920347 -0.13887512066778793
    outer loop
      vertex 220.0421071166992 28.4146247174359 0
      vertex 220.0421071166992 28.836247221543072 3
      vertex 222 28.285036494364213 0
    endloop
  endfacet
  facet normal 0.1950903220161272 0.9712403454750668 -0.1364989288497045
    outer loop
      vertex 218.1177143234622 29.222794600332705 3
      vertex 220.0421071166992 28.836247221543072 3
      vertex 220.0421071166992 28.4146247174359 0
    endloop
  endfacet
  facet normal 0.06540312923014574 0.9881478287920347 -0.13887512066778793
    outer loop
      vertex 222 28.285036494364213 0
      vertex 220.0421071166992 28.836247221543072 3
      vertex 222 28.706658998471386 3
    endloop
  endfacet
  facet normal 0 0.9902680687415704 -0.13917310096006502
    outer loop
      vertex 222 28.285036494364213 0
      vertex 222 28.706658998471386 3
      vertex 292 28.285036494364213 0
    endloop
  endfacet
  facet normal 0.6593458151000691 -0.7445229541552408 0.10463587743206841
    outer loop
      vertex 211.3933982822018 54.143288947499464 0
      vertex 212.86857856486918 55.44970124878101 0
      vertex 212.86857856486918 55.87132375288819 3
    endloop
  endfacet
  facet normal 0.5555702330196003 -0.8233778071921449 0.11571820429820939
    outer loop
      vertex 212.86857856486918 55.44970124878101 0
      vertex 214.5 56.55049505078992 0
      vertex 214.5 56.972117554897096 3
    endloop
  endfacet
  facet normal 0.6593458151000691 -0.7445229541552408 0.10463587743206842
    outer loop
      vertex 211.3933982822018 54.143288947499464 0
      vertex 212.86857856486918 55.87132375288819 3
      vertex 211.3933982822018 54.56491145160664 3
    endloop
  endfacet
  facet normal 0.5555702330196003 -0.8233778071921449 0.11571820429820939
    outer loop
      vertex 212.86857856486918 55.44970124878101 0
      vertex 214.5 56.972117554897096 3
      vertex 212.86857856486918 55.87132375288819 3
    endloop
  endfacet
  facet normal 0.4422886902189969 -0.888144437664535 0.12482056060566048
    outer loop
      vertex 214.5 56.55049505078992 0
      vertex 216.25974851452366 57.426835466376104 0
      vertex 214.5 56.972117554897096 3
    endloop
  endfacet
  facet normal 0.32143946530316464 -0.9377146705683223 0.13178720251435075
    outer loop
      vertex 216.25974851452366 57.426835466376104 0
      vertex 218.1177143234622 58.06372806806144 0
      vertex 216.25974851452366 57.84845797048328 3
    endloop
  endfacet
  facet normal 0.4422886902189969 -0.888144437664535 0.12482056060566048
    outer loop
      vertex 216.25974851452366 57.426835466376104 0
      vertex 216.25974851452366 57.84845797048328 3
      vertex 214.5 56.972117554897096 3
    endloop
  endfacet
  facet normal 0.32143946530316464 -0.9377146705683223 0.13178720251435075
    outer loop
      vertex 218.1177143234622 58.06372806806144 0
      vertex 218.1177143234622 58.48535057216861 3
      vertex 216.25974851452366 57.84845797048328 3
    endloop
  endfacet
  facet normal 0.19509032201613236 -0.9712403454750657 0.1364989288497055
    outer loop
      vertex 218.1177143234622 58.06372806806144 0
      vertex 220.0421071166992 58.87189795095826 3
      vertex 218.1177143234622 58.48535057216861 3
    endloop
  endfacet
  facet normal 0.19509032201613236 -0.9712403454750657 0.13649892884970552
    outer loop
      vertex 218.1177143234622 58.06372806806144 0
      vertex 220.0421071166992 58.45027544685108 0
      vertex 220.0421071166992 58.87189795095826 3
    endloop
  endfacet
  facet normal 0.06540312923013858 -0.988147828792035 0.13887512066778915
    outer loop
      vertex 220.0421071166992 58.45027544685108 0
      vertex 222 58.57986366992275 0
      vertex 222 59.00148617402993 3
    endloop
  endfacet
  facet normal 0.06540312923013858 -0.988147828792035 0.13887512066778915
    outer loop
      vertex 220.0421071166992 58.45027544685108 0
      vertex 222 59.00148617402993 3
      vertex 220.0421071166992 58.87189795095826 3
    endloop
  endfacet
  facet normal 0 -0.9902680687415703 0.1391731009600662
    outer loop
      vertex 222 58.57986366992275 0
      vertex 292 59.00148617402993 3
      vertex 222 59.00148617402993 3
    endloop
  endfacet
  facet normal 0 0.9902680687415704 -0.13917310096006502
    outer loop
      vertex 222 28.706658998471386 3
      vertex 292 28.706658998471386 3
      vertex 292 28.285036494364213 0
    endloop
  endfacet
  facet normal 0 -0.9902680687415703 0.1391731009600662
    outer loop
      vertex 222 58.57986366992275 0
      vertex 292 58.57986366992275 0
      vertex 292 59.00148617402993 3
    endloop
  endfacet
  facet normal -0.06540312923014668 0.9881478287920347 -0.13887512066778793
    outer loop
      vertex 292 28.285036494364213 0
      vertex 292 28.706658998471386 3
      vertex 293.95789288330076 28.4146247174359 0
    endloop
  endfacet
  facet normal -0.19509032201612167 0.9712403454750679 -0.13649892884970466
    outer loop
      vertex 293.95789288330076 28.4146247174359 0
      vertex 293.95789288330076 28.836247221543072 3
      vertex 295.88228567653783 28.80117209622553 0
    endloop
  endfacet
  facet normal -0.32143946530316747 0.9377146705683215 -0.1317872025143495
    outer loop
      vertex 295.88228567653783 28.80117209622553 0
      vertex 295.88228567653783 29.222794600332705 3
      vertex 297.74025148547634 29.43806469791086 0
    endloop
  endfacet
  facet normal -0.06540312923014668 0.9881478287920347 -0.13887512066778793
    outer loop
      vertex 292 28.706658998471386 3
      vertex 293.95789288330076 28.836247221543072 3
      vertex 293.95789288330076 28.4146247174359 0
    endloop
  endfacet
  facet normal -0.19509032201612167 0.9712403454750679 -0.13649892884970466
    outer loop
      vertex 295.88228567653783 28.80117209622553 0
      vertex 293.95789288330076 28.836247221543072 3
      vertex 295.88228567653783 29.222794600332705 3
    endloop
  endfacet
  facet normal -0.32143946530316747 0.9377146705683215 -0.1317872025143495
    outer loop
      vertex 297.74025148547634 29.43806469791086 0
      vertex 295.88228567653783 29.222794600332705 3
      vertex 297.74025148547634 29.859687202018034 3
    endloop
  endfacet
  facet normal -0.44228869021899836 0.8881444376645343 -0.12482056060565934
    outer loop
      vertex 297.74025148547634 29.43806469791086 0
      vertex 297.74025148547634 29.859687202018034 3
      vertex 299.5 30.31440511349705 0
    endloop
  endfacet
  facet normal -0.5555702330196095 0.8233778071921389 -0.11571820429820759
    outer loop
      vertex 299.5 30.31440511349705 0
      vertex 299.5 30.736027617604222 3
      vertex 301.1314214351308 31.415198915505965 0
    endloop
  endfacet
  facet normal -0.6593458151000681 0.7445229541552417 -0.10463587743206768
    outer loop
      vertex 301.1314214351308 31.415198915505965 0
      vertex 301.1314214351308 31.836821419613138 3
      vertex 302.6066017177982 32.72161121678751 0
    endloop
  endfacet
  facet normal -0.44228869021899836 0.8881444376645343 -0.12482056060565934
    outer loop
      vertex 299.5 30.31440511349705 0
      vertex 297.74025148547634 29.859687202018034 3
      vertex 299.5 30.736027617604222 3
    endloop
  endfacet
  facet normal -0.5555702330196095 0.8233778071921389 -0.11571820429820759
    outer loop
      vertex 301.1314214351308 31.415198915505965 0
      vertex 299.5 30.736027617604222 3
      vertex 301.1314214351308 31.836821419613138 3
    endloop
  endfacet
  facet normal -0.6593458151000691 0.7445229541552408 -0.10463587743206842
    outer loop
      vertex 302.6066017177982 32.72161121678751 0
      vertex 301.1314214351308 31.836821419613138 3
      vertex 302.6066017177982 33.143233720894685 3
    endloop
  endfacet
  facet normal -0.7518398074789749 0.6529291069519843 -0.09176320169251938
    outer loop
      vertex 302.6066017177982 32.72161121678751 0
      vertex 302.6066017177982 33.143233720894685 3
      vertex 303.9003001043685 34.211288940660864 0
    endloop
  endfacet
  facet normal -0.8314696123025411 0.5501634617026319 -0.07732043213044545
    outer loop
      vertex 303.9003001043685 34.211288940660864 0
      vertex 303.9003001043685 34.63291144476804 3
      vertex 304.9903810567666 35.85874328825385 0
    endloop
  endfacet
  facet normal -0.8968727415326829 0.4379843670894198 -0.06155468853734601
    outer loop
      vertex 304.9903810567666 35.85874328825385 0
      vertex 304.9903810567666 36.280365792361025 3
      vertex 305.8581929876693 37.63578585891851 0
    endloop
  endfacet
  facet normal -0.9469301294951105 0.3183112385230704 -0.044735727157184574
    outer loop
      vertex 305.8581929876693 37.63578585891851 0
      vertex 305.8581929876693 38.05740836302569 3
      vertex 306.488887394336 39.5120109615815 0
    endloop
  endfacet
  facet normal -0.9807852804032273 0.19319171641309796 -0.027151325082284627
    outer loop
      vertex 306.488887394336 39.5120109615815 0
      vertex 306.488887394336 39.93363346568868 3
      vertex 306.8716729206072 41.45531586454838 0
    endloop
  endfacet
  facet normal -0.7518398074789749 0.6529291069519843 -0.09176320169251938
    outer loop
      vertex 302.6066017177982 33.143233720894685 3
      vertex 303.9003001043685 34.63291144476804 3
      vertex 303.9003001043685 34.211288940660864 0
    endloop
  endfacet
  facet normal -0.8314696123025411 0.5501634617026319 -0.07732043213044545
    outer loop
      vertex 304.9903810567666 35.85874328825385 0
      vertex 303.9003001043685 34.63291144476804 3
      vertex 304.9903810567666 36.280365792361025 3
    endloop
  endfacet
  facet normal -0.8968727415326829 0.4379843670894198 -0.06155468853734601
    outer loop
      vertex 305.8581929876693 37.63578585891851 0
      vertex 304.9903810567666 36.280365792361025 3
      vertex 305.8581929876693 38.05740836302569 3
    endloop
  endfacet
  facet normal -0.9469301294951105 0.3183112385230704 -0.044735727157184574
    outer loop
      vertex 306.488887394336 39.5120109615815 0
      vertex 305.8581929876693 38.05740836302569 3
      vertex 306.488887394336 39.93363346568868 3
    endloop
  endfacet
  facet normal -0.9978589232386045 0.06476663047237617 -0.009102356307449136
    outer loop
      vertex 306.8716729206072 41.45531586454838 0
      vertex 306.8716729206072 41.87693836865556 3
      vertex 307 43.43245008214348 0
    endloop
  endfacet
  facet normal -0.9978589232386045 -0.06476663047237617 0.009102356307449136
    outer loop
      vertex 307 43.43245008214348 0
      vertex 307 43.85407258625066 3
      vertex 306.8716729206072 45.40958429973858 0
    endloop
  endfacet
  facet normal -0.9807852804032273 -0.19319171641309726 0.02715132508228453
    outer loop
      vertex 306.488887394336 47.35288920270547 0
      vertex 306.8716729206072 45.40958429973858 0
      vertex 306.8716729206072 45.83120680384576 3
    endloop
  endfacet
  facet normal -0.9807852804032273 0.19319171641309796 -0.027151325082284627
    outer loop
      vertex 306.488887394336 39.93363346568868 3
      vertex 306.8716729206072 41.87693836865556 3
      vertex 306.8716729206072 41.45531586454838 0
    endloop
  endfacet
  facet normal -0.9978589232386045 0.06476663047237617 -0.009102356307449136
    outer loop
      vertex 307 43.43245008214348 0
      vertex 306.8716729206072 41.87693836865556 3
      vertex 307 43.85407258625066 3
    endloop
  endfacet
  facet normal -0.9978589232386045 -0.06476663047237617 0.009102356307449136
    outer loop
      vertex 306.8716729206072 45.40958429973858 0
      vertex 307 43.85407258625066 3
      vertex 306.8716729206072 45.83120680384576 3
    endloop
  endfacet
  facet normal -0.9807852804032273 -0.19319171641309726 0.02715132508228453
    outer loop
      vertex 306.488887394336 47.35288920270547 0
      vertex 306.8716729206072 45.83120680384576 3
      vertex 306.488887394336 47.774511706812646 3
    endloop
  endfacet
  facet normal -0.7518398074789749 -0.6529291069519843 0.09176320169251938
    outer loop
      vertex 303.9003001043685 52.65361122362611 0
      vertex 303.9003001043685 53.075233727733284 3
      vertex 302.6066017177982 54.143288947499464 0
    endloop
  endfacet
  facet normal -0.831469612302542 -0.5501634617026301 0.07732043213044522
    outer loop
      vertex 303.9003001043685 52.65361122362611 0
      vertex 304.9903810567666 51.00615687603312 0
      vertex 304.9903810567666 51.427779380140294 3
    endloop
  endfacet
  facet normal -0.9469301294951101 -0.31831123852307147 0.044735727157184726
    outer loop
      vertex 306.488887394336 47.35288920270547 0
      vertex 306.488887394336 47.774511706812646 3
      vertex 305.8581929876693 49.229114305368455 0
    endloop
  endfacet
  facet normal -0.8968727415326829 -0.4379843670894198 0.061554688537345977
    outer loop
      vertex 304.9903810567666 51.00615687603312 0
      vertex 305.8581929876693 49.229114305368455 0
      vertex 305.8581929876693 49.65073680947563 3
    endloop
  endfacet
  facet normal -0.8968727415326829 -0.4379843670894198 0.06155468853734601
    outer loop
      vertex 304.9903810567666 51.00615687603312 0
      vertex 305.8581929876693 49.65073680947563 3
      vertex 304.9903810567666 51.427779380140294 3
    endloop
  endfacet
  facet normal -0.7518398074789749 -0.6529291069519843 0.09176320169251938
    outer loop
      vertex 303.9003001043685 53.075233727733284 3
      vertex 302.6066017177982 54.56491145160664 3
      vertex 302.6066017177982 54.143288947499464 0
    endloop
  endfacet
  facet normal -0.831469612302542 -0.5501634617026301 0.07732043213044522
    outer loop
      vertex 303.9003001043685 52.65361122362611 0
      vertex 304.9903810567666 51.427779380140294 3
      vertex 303.9003001043685 53.075233727733284 3
    endloop
  endfacet
  facet normal -0.9469301294951101 -0.31831123852307147 0.044735727157184726
    outer loop
      vertex 305.8581929876693 49.229114305368455 0
      vertex 306.488887394336 47.774511706812646 3
      vertex 305.8581929876693 49.65073680947563 3
    endloop
  endfacet
  facet normal -0.06540312923013954 -0.988147828792035 0.13887512066778912
    outer loop
      vertex 292 58.57986366992275 0
      vertex 293.95789288330076 58.45027544685108 0
      vertex 293.95789288330076 58.87189795095826 3
    endloop
  endfacet
  facet normal -0.1950903220161268 -0.9712403454750668 0.13649892884970566
    outer loop
      vertex 293.95789288330076 58.45027544685108 0
      vertex 295.88228567653783 58.06372806806144 0
      vertex 295.88228567653783 58.48535057216861 3
    endloop
  endfacet
  facet normal -0.321439465303169 -0.9377146705683207 0.13178720251435053
    outer loop
      vertex 295.88228567653783 58.06372806806144 0
      vertex 297.74025148547634 57.426835466376104 0
      vertex 297.74025148547634 57.84845797048328 3
    endloop
  endfacet
  facet normal -0.06540312923013954 -0.988147828792035 0.13887512066778912
    outer loop
      vertex 292 58.57986366992275 0
      vertex 293.95789288330076 58.87189795095826 3
      vertex 292 59.00148617402993 3
    endloop
  endfacet
  facet normal -0.1950903220161268 -0.9712403454750668 0.13649892884970566
    outer loop
      vertex 293.95789288330076 58.45027544685108 0
      vertex 295.88228567653783 58.48535057216861 3
      vertex 293.95789288330076 58.87189795095826 3
    endloop
  endfacet
  facet normal -0.321439465303169 -0.9377146705683207 0.13178720251435053
    outer loop
      vertex 295.88228567653783 58.06372806806144 0
      vertex 297.74025148547634 57.84845797048328 3
      vertex 295.88228567653783 58.48535057216861 3
    endloop
  endfacet
  facet normal -0.4422886902189969 -0.888144437664535 0.12482056060566048
    outer loop
      vertex 297.74025148547634 57.426835466376104 0
      vertex 299.5 56.55049505078992 0
      vertex 299.5 56.972117554897096 3
    endloop
  endfacet
  facet normal -0.555570233019607 -0.8233778071921405 0.11571820429820877
    outer loop
      vertex 299.5 56.55049505078992 0
      vertex 301.1314214351308 55.44970124878101 0
      vertex 301.1314214351308 55.87132375288819 3
    endloop
  endfacet
  facet normal -0.6593458151000691 -0.7445229541552408 0.10463587743206844
    outer loop
      vertex 301.1314214351308 55.44970124878101 0
      vertex 302.6066017177982 54.143288947499464 0
      vertex 302.6066017177982 54.56491145160664 3
    endloop
  endfacet
  facet normal -0.4422886902189969 -0.888144437664535 0.12482056060566048
    outer loop
      vertex 297.74025148547634 57.426835466376104 0
      vertex 299.5 56.972117554897096 3
      vertex 297.74025148547634 57.84845797048328 3
    endloop
  endfacet
  facet normal -0.555570233019607 -0.8233778071921405 0.11571820429820877
    outer loop
      vertex 299.5 56.55049505078992 0
      vertex 301.1314214351308 55.87132375288819 3
      vertex 299.5 56.972117554897096 3
    endloop
  endfacet
  facet normal -0.6593458151000691 -0.7445229541552408 0.10463587743206842
    outer loop
      vertex 301.1314214351308 55.44970124878101 0
      vertex 302.6066017177982 54.56491145160664 3
      vertex 301.1314214351308 55.87132375288819 3
    endloop
  endfacet
  facet normal 0.8968727415326887 0.43798436708940824 -0.06155468853734439
    outer loop
      vertex 208.1418070123307 87.63578585891851 0
      vertex 208.1418070123307 88.05740836302569 3
      vertex 209.00961894323342 85.85874328825385 0
    endloop
  endfacet
  facet normal 0.8968727415326887 0.43798436708940824 -0.06155468853734439
    outer loop
      vertex 208.1418070123307 88.05740836302569 3
      vertex 209.00961894323342 86.28036579236102 3
      vertex 209.00961894323342 85.85874328825385 0
    endloop
  endfacet
  facet normal 0.9807852804032303 0.1931917164130835 -0.027151325082282594
    outer loop
      vertex 207.51111260566398 89.51201096158151 0
      vertex 207.12832707939285 91.4553158645484 0
      vertex 207.12832707939285 91.87693836865557 3
    endloop
  endfacet
  facet normal 0.9469301294951066 0.31831123852308224 -0.04473572715718624
    outer loop
      vertex 208.1418070123307 87.63578585891851 0
      vertex 207.51111260566398 89.51201096158151 0
      vertex 207.51111260566398 89.93363346568869 3
    endloop
  endfacet
  facet normal 0.9978589232386034 0.06476663047239067 -0.009102356307451176
    outer loop
      vertex 207.12832707939285 91.4553158645484 0
      vertex 207 93.43245008214349 0
      vertex 207 93.85407258625067 3
    endloop
  endfacet
  facet normal 0.9978589232386034 -0.06476663047239067 0.009102356307451176
    outer loop
      vertex 207 93.43245008214349 0
      vertex 207.12832707939285 95.40958429973858 0
      vertex 207 93.85407258625067 3
    endloop
  endfacet
  facet normal 0.9807852804032303 0.1931917164130835 -0.0271513250822826
    outer loop
      vertex 207.51111260566398 89.51201096158151 0
      vertex 207.12832707939285 91.87693836865557 3
      vertex 207.51111260566398 89.93363346568869 3
    endloop
  endfacet
  facet normal 0.9469301294951066 0.31831123852308224 -0.04473572715718624
    outer loop
      vertex 208.1418070123307 87.63578585891851 0
      vertex 207.51111260566398 89.93363346568869 3
      vertex 208.1418070123307 88.05740836302569 3
    endloop
  endfacet
  facet normal 0.9978589232386034 0.06476663047239067 -0.009102356307451176
    outer loop
      vertex 207.12832707939285 91.4553158645484 0
      vertex 207 93.85407258625067 3
      vertex 207.12832707939285 91.87693836865557 3
    endloop
  endfacet
  facet normal 0.9807852804032303 -0.1931917164130835 0.027151325082282594
    outer loop
      vertex 207.12832707939285 95.40958429973858 0
      vertex 207.51111260566398 97.35288920270547 0
      vertex 207.51111260566398 97.77451170681265 3
    endloop
  endfacet
  facet normal 0.9469301294951058 -0.31831123852308435 0.04473572715718654
    outer loop
      vertex 207.51111260566398 97.35288920270547 0
      vertex 208.1418070123307 99.22911430536846 0
      vertex 207.51111260566398 97.77451170681265 3
    endloop
  endfacet
  facet normal 0.8968727415326887 -0.43798436708940824 0.06155468853734439
    outer loop
      vertex 208.1418070123307 99.22911430536846 0
      vertex 209.00961894323342 101.00615687603312 0
      vertex 208.1418070123307 99.65073680947563 3
    endloop
  endfacet
  facet normal 0.9978589232386034 -0.06476663047239067 0.009102356307451171
    outer loop
      vertex 207 93.85407258625067 3
      vertex 207.12832707939285 95.40958429973858 0
      vertex 207.12832707939285 95.83120680384576 3
    endloop
  endfacet
  facet normal 0.9807852804032303 -0.1931917164130835 0.0271513250822826
    outer loop
      vertex 207.12832707939285 95.40958429973858 0
      vertex 207.51111260566398 97.77451170681265 3
      vertex 207.12832707939285 95.83120680384576 3
    endloop
  endfacet
  facet normal 0.9469301294951058 -0.31831123852308435 0.04473572715718654
    outer loop
      vertex 208.1418070123307 99.22911430536846 0
      vertex 208.1418070123307 99.65073680947563 3
      vertex 207.51111260566398 97.77451170681265 3
    endloop
  endfacet
  facet normal 0.8968727415326887 -0.43798436708940824 0.06155468853734439
    outer loop
      vertex 208.1418070123307 99.65073680947563 3
      vertex 209.00961894323342 101.00615687603312 0
      vertex 209.00961894323342 101.4277793801403 3
    endloop
  endfacet
  facet normal 0.5555702330195953 0.8233778071921483 -0.11571820429820986
    outer loop
      vertex 214.5 80.31440511349706 0
      vertex 212.86857856486918 81.41519891550595 0
      vertex 214.5 80.73602761760424 3
    endloop
  endfacet
  facet normal 0.44228869021900263 0.888144437664532 -0.12482056060566007
    outer loop
      vertex 214.5 80.31440511349706 0
      vertex 214.5 80.73602761760424 3
      vertex 216.25974851452366 79.43806469791086 0
    endloop
  endfacet
  facet normal 0.32143946530316464 0.9377146705683223 -0.13178720251435075
    outer loop
      vertex 216.25974851452366 79.43806469791086 0
      vertex 216.25974851452366 79.85968720201804 3
      vertex 218.1177143234622 78.80117209622553 0
    endloop
  endfacet
  facet normal 0.19509032201612544 0.9712403454750669 -0.1364989288497057
    outer loop
      vertex 218.1177143234622 78.80117209622553 0
      vertex 218.1177143234622 79.2227946003327 3
      vertex 220.0421071166992 78.4146247174359 0
    endloop
  endfacet
  facet normal 0.44228869021900263 0.888144437664532 -0.12482056060566007
    outer loop
      vertex 216.25974851452366 79.43806469791086 0
      vertex 214.5 80.73602761760424 3
      vertex 216.25974851452366 79.85968720201804 3
    endloop
  endfacet
  facet normal 0.32143946530316464 0.9377146705683223 -0.13178720251435075
    outer loop
      vertex 218.1177143234622 78.80117209622553 0
      vertex 216.25974851452366 79.85968720201804 3
      vertex 218.1177143234622 79.2227946003327 3
    endloop
  endfacet
  facet normal 0.06540312923014215 0.9881478287920347 -0.1388751206677891
    outer loop
      vertex 220.0421071166992 78.4146247174359 0
      vertex 220.0421071166992 78.83624722154308 3
      vertex 222 78.28503649436422 0
    endloop
  endfacet
  facet normal 0.19509032201612544 0.9712403454750669 -0.13649892884970566
    outer loop
      vertex 218.1177143234622 79.2227946003327 3
      vertex 220.0421071166992 78.83624722154308 3
      vertex 220.0421071166992 78.4146247174359 0
    endloop
  endfacet
  facet normal 0.06540312923014215 0.9881478287920347 -0.1388751206677891
    outer loop
      vertex 222 78.28503649436422 0
      vertex 220.0421071166992 78.83624722154308 3
      vertex 222 78.7066589984714 3
    endloop
  endfacet
  facet normal 0.7518398074789749 0.6529291069519843 -0.09176320169251938
    outer loop
      vertex 210.09969989563146 84.21128894066086 0
      vertex 211.3933982822018 83.14323372089468 3
      vertex 211.3933982822018 82.72161121678751 0
    endloop
  endfacet
  facet normal 0.8314696123025477 0.5501634617026219 -0.07732043213044405
    outer loop
      vertex 210.09969989563146 84.21128894066086 0
      vertex 209.00961894323342 85.85874328825385 0
      vertex 209.00961894323342 86.28036579236102 3
    endloop
  endfacet
  facet normal 0.6593458151000711 0.744522954155239 -0.10463587743206816
    outer loop
      vertex 211.3933982822018 82.72161121678751 0
      vertex 211.3933982822018 83.14323372089468 3
      vertex 212.86857856486918 81.41519891550595 0
    endloop
  endfacet
  facet normal 0.7518398074789749 0.6529291069519843 -0.09176320169251938
    outer loop
      vertex 210.09969989563146 84.21128894066086 0
      vertex 210.09969989563146 84.63291144476804 3
      vertex 211.3933982822018 83.14323372089468 3
    endloop
  endfacet
  facet normal 0.8314696123025477 0.5501634617026219 -0.07732043213044405
    outer loop
      vertex 210.09969989563146 84.21128894066086 0
      vertex 209.00961894323342 86.28036579236102 3
      vertex 210.09969989563146 84.63291144476804 3
    endloop
  endfacet
  facet normal 0.6593458151000711 0.744522954155239 -0.10463587743206816
    outer loop
      vertex 212.86857856486918 81.41519891550595 0
      vertex 211.3933982822018 83.14323372089468 3
      vertex 212.86857856486918 81.83682141961313 3
    endloop
  endfacet
  facet normal 0.5555702330195953 0.8233778071921483 -0.11571820429820986
    outer loop
      vertex 214.5 80.73602761760424 3
      vertex 212.86857856486918 81.41519891550595 0
      vertex 212.86857856486918 81.83682141961313 3
    endloop
  endfacet
  facet normal 0.83146961230255 -0.5501634617026187 0.07732043213044361
    outer loop
      vertex 209.00961894323342 101.00615687603312 0
      vertex 210.09969989563146 102.65361122362611 0
      vertex 209.00961894323342 101.4277793801403 3
    endloop
  endfacet
  facet normal 0.7518398074789719 -0.6529291069519878 0.09176320169251988
    outer loop
      vertex 210.09969989563146 102.65361122362611 0
      vertex 211.3933982822018 104.14328894749946 0
      vertex 211.3933982822018 104.56491145160663 3
    endloop
  endfacet
  facet normal 0.6593458151000711 -0.744522954155239 0.10463587743206816
    outer loop
      vertex 211.3933982822018 104.14328894749946 0
      vertex 212.86857856486918 105.44970124878101 0
      vertex 211.3933982822018 104.56491145160663 3
    endloop
  endfacet
  facet normal 0.5555702330196003 -0.8233778071921449 0.11571820429820939
    outer loop
      vertex 212.86857856486918 105.44970124878101 0
      vertex 214.5 106.55049505078992 0
      vertex 212.86857856486918 105.87132375288819 3
    endloop
  endfacet
  facet normal 0.83146961230255 -0.5501634617026187 0.07732043213044361
    outer loop
      vertex 210.09969989563146 102.65361122362611 0
      vertex 210.09969989563146 103.07523372773329 3
      vertex 209.00961894323342 101.4277793801403 3
    endloop
  endfacet
  facet normal 0.7518398074789719 -0.6529291069519878 0.09176320169251988
    outer loop
      vertex 210.09969989563146 102.65361122362611 0
      vertex 211.3933982822018 104.56491145160663 3
      vertex 210.09969989563146 103.07523372773329 3
    endloop
  endfacet
  facet normal 0.6593458151000711 -0.744522954155239 0.10463587743206816
    outer loop
      vertex 212.86857856486918 105.44970124878101 0
      vertex 212.86857856486918 105.87132375288819 3
      vertex 211.3933982822018 104.56491145160663 3
    endloop
  endfacet
  facet normal 0.5555702330196003 -0.8233778071921449 0.11571820429820939
    outer loop
      vertex 214.5 106.55049505078992 0
      vertex 214.5 106.9721175548971 3
      vertex 212.86857856486918 105.87132375288819 3
    endloop
  endfacet
  facet normal 0.4422886902189969 -0.888144437664535 0.12482056060566048
    outer loop
      vertex 214.5 106.55049505078992 0
      vertex 216.25974851452366 107.4268354663761 0
      vertex 216.25974851452366 107.84845797048328 3
    endloop
  endfacet
  facet normal 0.32143946530316464 -0.9377146705683223 0.13178720251435075
    outer loop
      vertex 216.25974851452366 107.4268354663761 0
      vertex 218.1177143234622 108.06372806806144 0
      vertex 218.1177143234622 108.48535057216861 3
    endloop
  endfacet
  facet normal 0.4422886902189969 -0.888144437664535 0.12482056060566048
    outer loop
      vertex 214.5 106.55049505078992 0
      vertex 216.25974851452366 107.84845797048328 3
      vertex 214.5 106.9721175548971 3
    endloop
  endfacet
  facet normal 0.32143946530316464 -0.9377146705683223 0.13178720251435075
    outer loop
      vertex 216.25974851452366 107.4268354663761 0
      vertex 218.1177143234622 108.48535057216861 3
      vertex 216.25974851452366 107.84845797048328 3
    endloop
  endfacet
  facet normal 0 0.9902680687415703 -0.1391731009600662
    outer loop
      vertex 222 78.28503649436422 0
      vertex 222 78.7066589984714 3
      vertex 292 78.28503649436422 0
    endloop
  endfacet
  facet normal 0.19509032201613236 -0.9712403454750657 0.1364989288497055
    outer loop
      vertex 218.1177143234622 108.06372806806144 0
      vertex 220.0421071166992 108.87189795095826 3
      vertex 218.1177143234622 108.48535057216861 3
    endloop
  endfacet
  facet normal 0.19509032201613236 -0.9712403454750657 0.13649892884970552
    outer loop
      vertex 218.1177143234622 108.06372806806144 0
      vertex 220.0421071166992 108.45027544685108 0
      vertex 220.0421071166992 108.87189795095826 3
    endloop
  endfacet
  facet normal 0.06540312923014215 -0.9881478287920347 0.1388751206677891
    outer loop
      vertex 220.0421071166992 108.45027544685108 0
      vertex 222 108.57986366992276 0
      vertex 222 109.00148617402994 3
    endloop
  endfacet
  facet normal 0.06540312923014215 -0.9881478287920347 0.1388751206677891
    outer loop
      vertex 220.0421071166992 108.45027544685108 0
      vertex 222 109.00148617402994 3
      vertex 220.0421071166992 108.87189795095826 3
    endloop
  endfacet
  facet normal 0 -0.9902680687415703 0.1391731009600662
    outer loop
      vertex 222 108.57986366992276 0
      vertex 292 109.00148617402994 3
      vertex 222 109.00148617402994 3
    endloop
  endfacet
  facet normal 0 0.9902680687415703 -0.1391731009600662
    outer loop
      vertex 222 78.7066589984714 3
      vertex 292 78.7066589984714 3
      vertex 292 78.28503649436422 0
    endloop
  endfacet
  facet normal -0.0654031292301431 0.9881478287920347 -0.1388751206677891
    outer loop
      vertex 292 78.28503649436422 0
      vertex 292 78.7066589984714 3
      vertex 293.95789288330076 78.4146247174359 0
    endloop
  endfacet
  facet normal -0.1950903220161199 0.9712403454750681 -0.13649892884970583
    outer loop
      vertex 293.95789288330076 78.4146247174359 0
      vertex 293.95789288330076 78.83624722154308 3
      vertex 295.88228567653783 78.80117209622553 0
    endloop
  endfacet
  facet normal -0.321439465303169 0.9377146705683207 -0.13178720251435053
    outer loop
      vertex 295.88228567653783 78.80117209622553 0
      vertex 295.88228567653783 79.2227946003327 3
      vertex 297.74025148547634 79.43806469791086 0
    endloop
  endfacet
  facet normal -0.0654031292301431 0.9881478287920347 -0.1388751206677891
    outer loop
      vertex 292 78.7066589984714 3
      vertex 293.95789288330076 78.83624722154308 3
      vertex 293.95789288330076 78.4146247174359 0
    endloop
  endfacet
  facet normal -0.1950903220161199 0.9712403454750681 -0.13649892884970583
    outer loop
      vertex 295.88228567653783 78.80117209622553 0
      vertex 293.95789288330076 78.83624722154308 3
      vertex 295.88228567653783 79.2227946003327 3
    endloop
  endfacet
  facet normal -0.321439465303169 0.9377146705683207 -0.13178720251435053
    outer loop
      vertex 297.74025148547634 79.43806469791086 0
      vertex 295.88228567653783 79.2227946003327 3
      vertex 297.74025148547634 79.85968720201804 3
    endloop
  endfacet
  facet normal -0.44228869021900263 0.888144437664532 -0.12482056060566007
    outer loop
      vertex 297.74025148547634 79.43806469791086 0
      vertex 297.74025148547634 79.85968720201804 3
      vertex 299.5 80.31440511349706 0
    endloop
  endfacet
  facet normal -0.555570233019602 0.8233778071921437 -0.11571820429820923
    outer loop
      vertex 299.5 80.31440511349706 0
      vertex 299.5 80.73602761760424 3
      vertex 301.1314214351308 81.41519891550595 0
    endloop
  endfacet
  facet normal -0.44228869021900263 0.888144437664532 -0.12482056060566007
    outer loop
      vertex 299.5 80.31440511349706 0
      vertex 297.74025148547634 79.85968720201804 3
      vertex 299.5 80.73602761760424 3
    endloop
  endfacet
  facet normal -0.6593458151000711 0.744522954155239 -0.10463587743206816
    outer loop
      vertex 301.1314214351308 81.41519891550595 0
      vertex 301.1314214351308 81.83682141961313 3
      vertex 302.6066017177982 82.72161121678751 0
    endloop
  endfacet
  facet normal -0.555570233019602 0.8233778071921437 -0.11571820429820923
    outer loop
      vertex 299.5 80.73602761760424 3
      vertex 301.1314214351308 81.83682141961313 3
      vertex 301.1314214351308 81.41519891550595 0
    endloop
  endfacet
  facet normal -0.6593458151000711 0.744522954155239 -0.10463587743206816
    outer loop
      vertex 302.6066017177982 82.72161121678751 0
      vertex 301.1314214351308 81.83682141961313 3
      vertex 302.6066017177982 83.14323372089468 3
    endloop
  endfacet
  facet normal -0.321439465303169 -0.9377146705683207 0.13178720251435053
    outer loop
      vertex 295.88228567653783 108.06372806806144 0
      vertex 297.74025148547634 107.4268354663761 0
      vertex 297.74025148547634 107.84845797048328 3
    endloop
  endfacet
  facet normal -0.321439465303169 -0.9377146705683207 0.13178720251435053
    outer loop
      vertex 295.88228567653783 108.06372806806144 0
      vertex 297.74025148547634 107.84845797048328 3
      vertex 295.88228567653783 108.48535057216861 3
    endloop
  endfacet
  facet normal -0.4422886902189969 -0.888144437664535 0.12482056060566048
    outer loop
      vertex 297.74025148547634 107.4268354663761 0
      vertex 299.5 106.55049505078992 0
      vertex 299.5 106.9721175548971 3
    endloop
  endfacet
  facet normal -0.6593458151000711 -0.744522954155239 0.10463587743206816
    outer loop
      vertex 302.6066017177982 104.14328894749946 0
      vertex 302.6066017177982 104.56491145160663 3
      vertex 301.1314214351308 105.44970124878101 0
    endloop
  endfacet
  facet normal -0.555570233019607 -0.8233778071921405 0.11571820429820877
    outer loop
      vertex 299.5 106.55049505078992 0
      vertex 301.1314214351308 105.44970124878101 0
      vertex 301.1314214351308 105.87132375288819 3
    endloop
  endfacet
  facet normal -0.4422886902189969 -0.888144437664535 0.12482056060566048
    outer loop
      vertex 297.74025148547634 107.4268354663761 0
      vertex 299.5 106.9721175548971 3
      vertex 297.74025148547634 107.84845797048328 3
    endloop
  endfacet
  facet normal -0.555570233019607 -0.8233778071921405 0.11571820429820877
    outer loop
      vertex 299.5 106.55049505078992 0
      vertex 301.1314214351308 105.87132375288819 3
      vertex 299.5 106.9721175548971 3
    endloop
  endfacet
  facet normal -0.6593458151000711 -0.744522954155239 0.10463587743206816
    outer loop
      vertex 301.1314214351308 105.44970124878101 0
      vertex 302.6066017177982 104.56491145160663 3
      vertex 301.1314214351308 105.87132375288819 3
    endloop
  endfacet
  facet normal -0.7518398074789749 0.6529291069519843 -0.09176320169251938
    outer loop
      vertex 302.6066017177982 82.72161121678751 0
      vertex 302.6066017177982 83.14323372089468 3
      vertex 303.9003001043685 84.21128894066086 0
    endloop
  endfacet
  facet normal -0.8314696123025411 0.5501634617026319 -0.07732043213044545
    outer loop
      vertex 303.9003001043685 84.21128894066086 0
      vertex 303.9003001043685 84.63291144476804 3
      vertex 304.9903810567666 85.85874328825385 0
    endloop
  endfacet
  facet normal -0.8968727415326829 0.4379843670894198 -0.06155468853734601
    outer loop
      vertex 304.9903810567666 85.85874328825385 0
      vertex 304.9903810567666 86.28036579236102 3
      vertex 305.8581929876693 87.63578585891851 0
    endloop
  endfacet
  facet normal -0.7518398074789749 0.6529291069519843 -0.09176320169251938
    outer loop
      vertex 302.6066017177982 83.14323372089468 3
      vertex 303.9003001043685 84.63291144476804 3
      vertex 303.9003001043685 84.21128894066086 0
    endloop
  endfacet
  facet normal -0.8314696123025411 0.5501634617026319 -0.07732043213044545
    outer loop
      vertex 304.9903810567666 85.85874328825385 0
      vertex 303.9003001043685 84.63291144476804 3
      vertex 304.9903810567666 86.28036579236102 3
    endloop
  endfacet
  facet normal -0.8968727415326829 0.4379843670894198 -0.06155468853734601
    outer loop
      vertex 305.8581929876693 87.63578585891851 0
      vertex 304.9903810567666 86.28036579236102 3
      vertex 305.8581929876693 88.05740836302569 3
    endloop
  endfacet
  facet normal -0.946930129495111 0.31831123852306936 -0.04473572715718443
    outer loop
      vertex 305.8581929876693 87.63578585891851 0
      vertex 305.8581929876693 88.05740836302569 3
      vertex 306.488887394336 89.51201096158151 0
    endloop
  endfacet
  facet normal -0.9807852804032273 0.19319171641309726 -0.02715132508228453
    outer loop
      vertex 306.488887394336 89.51201096158151 0
      vertex 306.488887394336 89.93363346568869 3
      vertex 306.8716729206072 91.4553158645484 0
    endloop
  endfacet
  facet normal -0.9978589232386043 0.0647666304723764 -0.009102356307449168
    outer loop
      vertex 306.8716729206072 91.4553158645484 0
      vertex 306.8716729206072 91.87693836865557 3
      vertex 307 93.43245008214349 0
    endloop
  endfacet
  facet normal -0.9978589232386043 -0.0647666304723764 0.009102356307449168
    outer loop
      vertex 307 93.43245008214349 0
      vertex 307 93.85407258625067 3
      vertex 306.8716729206072 95.40958429973858 0
    endloop
  endfacet
  facet normal -0.946930129495111 0.31831123852306936 -0.04473572715718443
    outer loop
      vertex 306.488887394336 89.51201096158151 0
      vertex 305.8581929876693 88.05740836302569 3
      vertex 306.488887394336 89.93363346568869 3
    endloop
  endfacet
  facet normal -0.9807852804032273 0.19319171641309726 -0.02715132508228453
    outer loop
      vertex 306.8716729206072 91.4553158645484 0
      vertex 306.488887394336 89.93363346568869 3
      vertex 306.8716729206072 91.87693836865557 3
    endloop
  endfacet
  facet normal -0.9978589232386043 0.0647666304723764 -0.009102356307449168
    outer loop
      vertex 307 93.43245008214349 0
      vertex 306.8716729206072 91.87693836865557 3
      vertex 307 93.85407258625067 3
    endloop
  endfacet
  facet normal -0.9807852804032273 -0.19319171641309726 0.02715132508228453
    outer loop
      vertex 306.488887394336 97.35288920270547 0
      vertex 306.8716729206072 95.40958429973858 0
      vertex 306.8716729206072 95.83120680384576 3
    endloop
  endfacet
  facet normal -0.9469301294951101 -0.31831123852307147 0.044735727157184726
    outer loop
      vertex 306.488887394336 97.35288920270547 0
      vertex 306.488887394336 97.77451170681265 3
      vertex 305.8581929876693 99.22911430536846 0
    endloop
  endfacet
  facet normal -0.8968727415326829 -0.4379843670894198 0.061554688537345977
    outer loop
      vertex 304.9903810567666 101.00615687603312 0
      vertex 305.8581929876693 99.22911430536846 0
      vertex 305.8581929876693 99.65073680947563 3
    endloop
  endfacet
  facet normal -0.8968727415326829 -0.4379843670894198 0.06155468853734601
    outer loop
      vertex 304.9903810567666 101.00615687603312 0
      vertex 305.8581929876693 99.65073680947563 3
      vertex 304.9903810567666 101.4277793801403 3
    endloop
  endfacet
  facet normal -0.9978589232386043 -0.0647666304723764 0.009102356307449168
    outer loop
      vertex 307 93.85407258625067 3
      vertex 306.8716729206072 95.83120680384576 3
      vertex 306.8716729206072 95.40958429973858 0
    endloop
  endfacet
  facet normal -0.9807852804032273 -0.19319171641309726 0.02715132508228453
    outer loop
      vertex 306.488887394336 97.35288920270547 0
      vertex 306.8716729206072 95.83120680384576 3
      vertex 306.488887394336 97.77451170681265 3
    endloop
  endfacet
  facet normal -0.9469301294951101 -0.31831123852307147 0.044735727157184726
    outer loop
      vertex 305.8581929876693 99.22911430536846 0
      vertex 306.488887394336 97.77451170681265 3
      vertex 305.8581929876693 99.65073680947563 3
    endloop
  endfacet
  facet normal -0.7518398074789719 -0.6529291069519878 0.09176320169251988
    outer loop
      vertex 302.6066017177982 104.14328894749946 0
      vertex 303.9003001043685 102.65361122362611 0
      vertex 303.9003001043685 103.07523372773329 3
    endloop
  endfacet
  facet normal -0.8314696123025431 -0.5501634617026284 0.07732043213044498
    outer loop
      vertex 304.9903810567666 101.00615687603312 0
      vertex 304.9903810567666 101.4277793801403 3
      vertex 303.9003001043685 102.65361122362611 0
    endloop
  endfacet
  facet normal -0.7518398074789719 -0.6529291069519878 0.09176320169251988
    outer loop
      vertex 302.6066017177982 104.14328894749946 0
      vertex 303.9003001043685 103.07523372773329 3
      vertex 302.6066017177982 104.56491145160663 3
    endloop
  endfacet
  facet normal -0.8314696123025431 -0.5501634617026284 0.07732043213044498
    outer loop
      vertex 303.9003001043685 102.65361122362611 0
      vertex 304.9903810567666 101.4277793801403 3
      vertex 303.9003001043685 103.07523372773329 3
    endloop
  endfacet
  facet normal 0 -0.9902680687415703 0.1391731009600662
    outer loop
      vertex 222 108.57986366992276 0
      vertex 292 108.57986366992276 0
      vertex 292 109.00148617402994 3
    endloop
  endfacet
  facet normal -0.0654031292301431 -0.9881478287920347 0.1388751206677891
    outer loop
      vertex 292 108.57986366992276 0
      vertex 293.95789288330076 108.45027544685108 0
      vertex 293.95789288330076 108.87189795095826 3
    endloop
  endfacet
  facet normal -0.1950903220161268 -0.9712403454750668 0.13649892884970566
    outer loop
      vertex 295.88228567653783 108.06372806806144 0
      vertex 295.88228567653783 108.48535057216861 3
      vertex 293.95789288330076 108.45027544685108 0
    endloop
  endfacet
  facet normal -0.0654031292301431 -0.9881478287920347 0.1388751206677891
    outer loop
      vertex 292 108.57986366992276 0
      vertex 293.95789288330076 108.87189795095826 3
      vertex 292 109.00148617402994 3
    endloop
  endfacet
  facet normal -0.1950903220161268 -0.9712403454750668 0.13649892884970566
    outer loop
      vertex 293.95789288330076 108.45027544685108 0
      vertex 295.88228567653783 108.48535057216861 3
      vertex 293.95789288330076 108.87189795095826 3
    endloop
  endfacet
  facet normal -1.659006680943214e-16 -0.13917310096006502 0.9902680687415705
    outer loop
      vertex 167 19.31022734046062 2.713875468721276
      vertex 190.38060233744358 26.08658283817455 3.666230126610131
      vertex 190.17037086855467 26.705904774487397 3.7532701484890394
    endloop
  endfacet
  facet normal 1.1128689856600613e-16 -0.13917310096006585 0.9902680687415703
    outer loop
      vertex 167 19.31022734046062 2.713875468721276
      vertex 190.17037086855467 26.705904774487397 3.7532701484890394
      vertex 190.04277569313095 27.347369038899743 3.843422071641306
    endloop
  endfacet
  facet normal -1.1435729667561002e-16 -0.13917310096006485 0.9902680687415704
    outer loop
      vertex 167 19.31022734046062 2.713875468721276
      vertex 190.04277569313095 27.347369038899743 3.843422071641306
      vertex 190 28 3.93514337166696
    endloop
  endfacet
  facet normal -6.722032368777834e-17 -0.13917310096006544 0.9902680687415704
    outer loop
      vertex 167 19.31022734046062 2.713875468721276
      vertex 191.95619285495638 24.033233298543824 3.3776506683746574
      vertex 191.46446609406726 24.464466094067262 3.438256485408567
    endloop
  endfacet
  facet normal 3.779208270165168e-17 -0.13917310096006577 0.9902680687415701
    outer loop
      vertex 167 19.31022734046062 2.713875468721276
      vertex 192.5 23.66987298107781 3.3265837060602577
      vertex 191.95619285495638 24.033233298543824 3.3776506683746574
    endloop
  endfacet
  facet normal 1.0987189175223875e-16 -0.1391731009600664 0.9902680687415701
    outer loop
      vertex 167 19.31022734046062 2.713875468721276
      vertex 193.7059047744874 23.17037086855466 3.256383262230646
      vertex 193.08658283817454 23.380602337443566 3.285929368349003
    endloop
  endfacet
  facet normal -2.242304364418905e-16 -0.13917310096006427 0.9902680687415705
    outer loop
      vertex 167 19.31022734046062 2.713875468721276
      vertex 194.34736903889973 23.04277569313095 3.2384509297726
      vertex 193.7059047744874 23.17037086855466 3.256383262230646
    endloop
  endfacet
  facet normal 0 -0.13917310096006538 0.9902680687415704
    outer loop
      vertex 167 19.31022734046062 2.713875468721276
      vertex 193.08658283817454 23.380602337443566 3.285929368349003
      vertex 192.5 23.66987298107781 3.3265837060602577
    endloop
  endfacet
  facet normal 2.4392361787245793e-16 -0.13917310096006716 0.99026806874157
    outer loop
      vertex 167 19.31022734046062 2.713875468721276
      vertex 195 23 3.232439198155003
      vertex 194.34736903889973 23.04277569313095 3.2384509297726
    endloop
  endfacet
  facet normal 1.7449973550810543e-16 -0.13917310096006602 0.9902680687415703
    outer loop
      vertex 167 19.31022734046062 2.713875468721276
      vertex 191.03323329854382 24.9561928549564 3.507364174829429
      vertex 190.66987298107782 25.5 3.5837912849109816
    endloop
  endfacet
  facet normal 5.611116678821775e-17 -0.13917310096006563 0.9902680687415703
    outer loop
      vertex 167 19.31022734046062 2.713875468721276
      vertex 190.66987298107782 25.5 3.5837912849109816
      vertex 190.38060233744358 26.08658283817455 3.666230126610131
    endloop
  endfacet
  facet normal -1.8513260372149196e-16 -0.1391731009600645 0.9902680687415705
    outer loop
      vertex 167 19.31022734046062 2.713875468721276
      vertex 191.46446609406726 24.464466094067262 3.438256485408567
      vertex 191.03323329854382 24.9561928549564 3.507364174829429
    endloop
  endfacet
  facet normal 2.3088688521722933e-17 -0.13917310096006547 0.9902680687415704
    outer loop
      vertex 167 19.31022734046062 2.713875468721276
      vertex 190 28 3.93514337166696
      vertex 190 81 11.383807610893706
    endloop
  endfacet
  facet normal 0 -0.13917310096006547 0.9902680687415703
    outer loop
      vertex 167 19.31022734046062 2.713875468721276
      vertex 190 81 11.383807610893706
      vertex 167 81 11.383807610893706
    endloop
  endfacet
  facet normal 0 -0.1391731009600654 0.9902680687415704
    outer loop
      vertex 167 19.31022734046062 2.713875468721276
      vertex 325 19.31022734046062 2.713875468721276
      vertex 195 23 3.232439198155003
    endloop
  endfacet
  facet normal 0 0.9902680687415703 0.13917310096006535
    outer loop
      vertex 167 19.31022734046062 2.713875468721276
      vertex 167 17.284292775205678 17.12914893386792
      vertex 325 19.31022734046062 2.713875468721276
    endloop
  endfacet
  facet normal 0 -0.9902680687415706 -0.13917310096006305
    outer loop
      vertex 200 142.0621222610428 20.265529242160135
      vertex 237.925 142.0621222610428 20.265529242160135
      vertex 200 141.1669267856153 26.63517602363241
    endloop
  endfacet
  facet normal 0 -0.9902680687415704 -0.1391731009600647
    outer loop
      vertex 167 141.16692678561526 26.63517602363241
      vertex 325 140.0988164418771 34.23517602363241
      vertex 167 140.0988164418771 34.23517602363241
    endloop
  endfacet
  facet normal 8.528821608478844e-16 -0.9902680687415679 -0.1391731009600821
    outer loop
      vertex 167 141.16692678561526 26.63517602363241
      vertex 200 141.1669267856153 26.63517602363241
      vertex 325 140.0988164418771 34.23517602363241
    endloop
  endfacet
  facet normal 0 -0.1391731009600654 0.9902680687415703
    outer loop
      vertex 195 23 3.232439198155003
      vertex 325 19.31022734046062 2.713875468721276
      vertex 306 23 3.232439198155003
    endloop
  endfacet
  facet normal 0 0.9902680687415703 0.13917310096006535
    outer loop
      vertex 167 17.284292775205678 17.12914893386792
      vertex 325 17.284292775205678 17.12914893386792
      vertex 325 19.31022734046062 2.713875468721276
    endloop
  endfacet
  facet normal 2.1441027319931937e-16 -0.13917310096006433 0.9902680687415704
    outer loop
      vertex 306 23 3.232439198155003
      vertex 325 19.31022734046062 2.713875468721276
      vertex 306.6526309611003 23.04277569313095 3.2384509297725996
    endloop
  endfacet
  facet normal -1.1608672576649463e-16 -0.13917310096006594 0.9902680687415704
    outer loop
      vertex 306.6526309611003 23.04277569313095 3.2384509297725996
      vertex 325 19.31022734046062 2.713875468721276
      vertex 307.2940952255126 23.17037086855466 3.256383262230646
    endloop
  endfacet
  facet normal -1.8209706066194468e-16 -0.13917310096006622 0.9902680687415703
    outer loop
      vertex 307.2940952255126 23.17037086855466 3.256383262230646
      vertex 325 19.31022734046062 2.713875468721276
      vertex 307.91341716182546 23.380602337443566 3.285929368349003
    endloop
  endfacet
  facet normal 2.6247124908311632e-17 -0.13917310096006535 0.9902680687415704
    outer loop
      vertex 307.91341716182546 23.380602337443566 3.285929368349003
      vertex 325 19.31022734046062 2.713875468721276
      vertex 308.5 23.66987298107781 3.3265837060602577
    endloop
  endfacet
  facet normal 1.544080528013617e-16 -0.1391731009600649 0.9902680687415704
    outer loop
      vertex 308.5 23.66987298107781 3.3265837060602577
      vertex 325 19.31022734046062 2.713875468721276
      vertex 309.0438071450436 24.033233298543824 3.377650668374657
    endloop
  endfacet
  facet normal -1.7321648375058667e-16 -0.13917310096006597 0.9902680687415703
    outer loop
      vertex 309.0438071450436 24.033233298543824 3.377650668374657
      vertex 325 19.31022734046062 2.713875468721276
      vertex 309.53553390593277 24.464466094067262 3.438256485408567
    endloop
  endfacet
  facet normal 2.6850642252190736e-16 -0.13917310096006466 0.9902680687415705
    outer loop
      vertex 309.53553390593277 24.464466094067262 3.438256485408567
      vertex 325 19.31022734046062 2.713875468721276
      vertex 309.9667667014562 24.9561928549564 3.507364174829429
    endloop
  endfacet
  facet normal -2.2575990048350366e-16 -0.13917310096006597 0.9902680687415701
    outer loop
      vertex 309.9667667014562 24.9561928549564 3.507364174829429
      vertex 325 19.31022734046062 2.713875468721276
      vertex 310.3301270189222 25.5 3.5837912849109816
    endloop
  endfacet
  facet normal 1.4806105628467183e-16 -0.13917310096006513 0.9902680687415704
    outer loop
      vertex 310.3301270189222 25.5 3.5837912849109816
      vertex 325 19.31022734046062 2.713875468721276
      vertex 310.6193976625564 26.08658283817455 3.6662301266101305
    endloop
  endfacet
  facet normal -6.385269370638612e-17 -0.13917310096006555 0.9902680687415704
    outer loop
      vertex 310.6193976625564 26.08658283817455 3.6662301266101305
      vertex 325 19.31022734046062 2.713875468721276
      vertex 310.82962913144536 26.705904774487397 3.7532701484890394
    endloop
  endfacet
  facet normal 1.9723577156216195e-16 -0.13917310096006508 0.9902680687415703
    outer loop
      vertex 310.82962913144536 26.705904774487397 3.7532701484890394
      vertex 325 19.31022734046062 2.713875468721276
      vertex 310.9572243068691 27.347369038899743 3.8434220716413057
    endloop
  endfacet
  facet normal 2.428109434620201e-16 -0.13917310096006497 0.9902680687415704
    outer loop
      vertex 310.9572243068691 27.347369038899743 3.8434220716413057
      vertex 325 19.31022734046062 2.713875468721276
      vertex 311 28 3.9351433716669595
    endloop
  endfacet
  facet normal -1 0 0
    outer loop
      vertex 325 19.31022734046062 2.713875468721276
      vertex 325 23.015152879793067 4.259288608120201
      vertex 325 23.250786813168176 4.145632290866425
    endloop
  endfacet
  facet normal -1 0 0
    outer loop
      vertex 325 19.31022734046062 2.713875468721276
      vertex 325 23.499239991891116 4.063704719243784
      vertex 325 23.756261313189704 4.014907696717356
    endloop
  endfacet
  facet normal -1 0 0
    outer loop
      vertex 325 19.31022734046062 2.713875468721276
      vertex 325 23.756261313189704 4.014907696717356
      vertex 325 24.017453070996748 4.000076153871658
    endloop
  endfacet
  facet normal -1 0 0
    outer loop
      vertex 325 19.31022734046062 2.713875468721276
      vertex 325 24.017453070996748 4.000076153871658
      vertex 325 24.27834620192013 4.01946386251686
    endloop
  endfacet
  facet normal -1 0 0
    outer loop
      vertex 325 19.31022734046062 2.713875468721276
      vertex 325 24.27834620192013 4.01946386251686
      vertex 325 24.534476752156515 4.072739093582754
    endloop
  endfacet
  facet normal -1 0 0
    outer loop
      vertex 325 19.31022734046062 2.713875468721276
      vertex 325 23.250786813168176 4.145632290866425
      vertex 325 23.499239991891116 4.063704719243784
    endloop
  endfacet
  facet normal -1 0 0
    outer loop
      vertex 325 19.31022734046062 2.713875468721276
      vertex 325 22.796369953695905 4.402728979905414
      vertex 325 23.015152879793067 4.259288608120201
    endloop
  endfacet
  facet normal -1 0 0
    outer loop
      vertex 325 19.31022734046062 2.713875468721276
      vertex 325 22.5981814714003 4.573499101691636
      vertex 325 22.796369953695905 4.402728979905414
    endloop
  endfacet
  facet normal -1 0 0
    outer loop
      vertex 325 19.31022734046062 2.713875468721276
      vertex 325 22.423978492786556 4.768677049348684
      vertex 325 22.5981814714003 4.573499101691636
    endloop
  endfacet
  facet normal -1 0 0
    outer loop
      vertex 325 19.31022734046062 2.713875468721276
      vertex 325 22.27674167911695 4.984923274078591
      vertex 325 22.423978492786556 4.768677049348684
    endloop
  endfacet
  facet normal -1 0 0
    outer loop
      vertex 325 19.31022734046062 2.713875468721276
      vertex 325 22.15899029309512 5.218537743021453
      vertex 325 22.27674167911695 4.984923274078591
    endloop
  endfacet
  facet normal -1 0 0
    outer loop
      vertex 325 19.31022734046062 2.713875468721276
      vertex 325 22.072739093582754 5.465523247843486
      vertex 325 22.15899029309512 5.218537743021453
    endloop
  endfacet
  facet normal -1 0 0
    outer loop
      vertex 325 19.31022734046062 2.713875468721276
      vertex 325 17.284292775205678 17.12914893386792
      vertex 325 22.072739093582754 5.465523247843486
    endloop
  endfacet
  facet normal -1 0 0
    outer loop
      vertex 325 22.072739093582754 5.465523247843486
      vertex 325 17.284292775205678 17.12914893386792
      vertex 325 22.019463862516858 5.721653798079869
    endloop
  endfacet
  facet normal -1 0 0
    outer loop
      vertex 325 22.019463862516858 5.721653798079869
      vertex 325 17.284292775205678 17.12914893386792
      vertex 325 22.000076153871657 5.982546929003252
    endloop
  endfacet
  facet normal -1 0 0
    outer loop
      vertex 325 22.000076153871657 5.982546929003252
      vertex 325 17.284292775205678 17.12914893386792
      vertex 325 22.014907696717355 6.243738686810295
    endloop
  endfacet
  facet normal -1 0 0
    outer loop
      vertex 325 22.014907696717355 6.243738686810295
      vertex 325 17.284292775205678 17.12914893386792
      vertex 325 22.063704719243784 6.500760008108883
    endloop
  endfacet
  facet normal -1 0 0
    outer loop
      vertex 325 22.063704719243784 6.500760008108883
      vertex 325 17.284292775205678 17.12914893386792
      vertex 325 22.145632290866423 6.749213186831824
    endloop
  endfacet
  facet normal -1 0 0
    outer loop
      vertex 325 22.145632290866423 6.749213186831824
      vertex 325 17.284292775205678 17.12914893386792
      vertex 325 22.2592886081202 6.984847120206934
    endloop
  endfacet
  facet normal -1 0 0
    outer loop
      vertex 325 22.2592886081202 6.984847120206934
      vertex 325 17.284292775205678 17.12914893386792
      vertex 325 22.402728979905415 7.203630046304097
    endloop
  endfacet
  facet normal -1 0 0
    outer loop
      vertex 325 22.402728979905415 7.203630046304097
      vertex 325 17.284292775205678 17.12914893386792
      vertex 325 22.573499101691638 7.401818528599701
    endloop
  endfacet
  facet normal -1 0 0
    outer loop
      vertex 325 25.576021507213444 7.231322950651316
      vertex 325 25.4018185285997 7.426500898308364
      vertex 325 17.284292775205678 17.12914893386792
    endloop
  endfacet
  facet normal -1 0 0
    outer loop
      vertex 325 22.573499101691638 7.401818528599701
      vertex 325 17.284292775205678 17.12914893386792
      vertex 325 22.768677049348682 7.576021507213444
    endloop
  endfacet
  facet normal -1 0 0
    outer loop
      vertex 325 22.768677049348682 7.576021507213444
      vertex 325 17.284292775205678 17.12914893386792
      vertex 325 22.984923274078593 7.723258320883051
    endloop
  endfacet
  facet normal -1 0 0
    outer loop
      vertex 325 22.984923274078593 7.723258320883051
      vertex 325 17.284292775205678 17.12914893386792
      vertex 325 23.218537743021454 7.841009706904881
    endloop
  endfacet
  facet normal -1 0 0
    outer loop
      vertex 325 23.218537743021454 7.841009706904881
      vertex 325 17.284292775205678 17.12914893386792
      vertex 325 23.465523247843485 7.927260906417246
    endloop
  endfacet
  facet normal -1 0 0
    outer loop
      vertex 325 23.465523247843485 7.927260906417246
      vertex 325 17.284292775205678 17.12914893386792
      vertex 325 23.72165379807987 7.98053613748314
    endloop
  endfacet
  facet normal -1 0 0
    outer loop
      vertex 325 23.72165379807987 7.98053613748314
      vertex 325 17.284292775205678 17.12914893386792
      vertex 325 23.982546929003252 7.999923846128342
    endloop
  endfacet
  facet normal -1 0 0
    outer loop
      vertex 325 23.982546929003252 7.999923846128342
      vertex 325 17.284292775205678 17.12914893386792
      vertex 325 24.243738686810296 7.985092303282644
    endloop
  endfacet
  facet normal -1 0 0
    outer loop
      vertex 325 25.4018185285997 7.426500898308364
      vertex 325 25.203630046304095 7.597271020094586
      vertex 325 17.284292775205678 17.12914893386792
    endloop
  endfacet
  facet normal -1 0 0
    outer loop
      vertex 325 25.203630046304095 7.597271020094586
      vertex 325 24.984847120206933 7.740711391879799
      vertex 325 17.284292775205678 17.12914893386792
    endloop
  endfacet
  facet normal -1 0 0
    outer loop
      vertex 325 24.984847120206933 7.740711391879799
      vertex 325 24.749213186831824 7.854367709133575
      vertex 325 17.284292775205678 17.12914893386792
    endloop
  endfacet
  facet normal -1 0 0
    outer loop
      vertex 325 24.500760008108884 7.936295280756216
      vertex 325 17.284292775205678 17.12914893386792
      vertex 325 24.749213186831824 7.854367709133575
    endloop
  endfacet
  facet normal -1 0 0
    outer loop
      vertex 325 24.500760008108884 7.936295280756216
      vertex 325 24.243738686810296 7.985092303282644
      vertex 325 17.284292775205678 17.12914893386792
    endloop
  endfacet
  facet normal -3.0460077173138804e-17 -0.1391731009600654 0.9902680687415704
    outer loop
      vertex 311 28 3.9351433716669595
      vertex 325 19.31022734046062 2.713875468721276
      vertex 311 127 17.84868600720371
    endloop
  endfacet
  facet normal -1 0 0
    outer loop
      vertex 325 19.31022734046062 2.713875468721276
      vertex 325 24.534476752156515 4.072739093582754
      vertex 325 137.14195518409952 19.95022775664485
    endloop
  endfacet
  facet normal -1 0 0
    outer loop
      vertex 325 24.534476752156515 4.072739093582754
      vertex 325 24.781462256978546 4.158990293095119
      vertex 325 137.14195518409952 19.95022775664485
    endloop
  endfacet
  facet normal -1 0 0
    outer loop
      vertex 325 24.781462256978546 4.158990293095119
      vertex 325 25.015076725921407 4.276741679116949
      vertex 325 136.88493386280092 19.99902477917128
    endloop
  endfacet
  facet normal -1 0 0
    outer loop
      vertex 325 25.015076725921407 4.276741679116949
      vertex 325 25.231322950651318 4.423978492786556
      vertex 325 136.63648068407798 20.080952350793915
    endloop
  endfacet
  facet normal -1 0 0
    outer loop
      vertex 325 25.231322950651318 4.423978492786556
      vertex 325 25.426500898308362 4.598181471400299
      vertex 325 136.40084675070287 20.194608668047692
    endloop
  endfacet
  facet normal -1 0 0
    outer loop
      vertex 325 25.426500898308362 4.598181471400299
      vertex 325 25.597271020094585 4.796369953695903
      vertex 325 136.40084675070287 20.194608668047692
    endloop
  endfacet
  facet normal -1 0 0
    outer loop
      vertex 325 25.597271020094585 4.796369953695903
      vertex 325 25.7407113918798 5.015152879793066
      vertex 325 135.9838753423101 20.50881916161913
    endloop
  endfacet
  facet normal -1 0 0
    outer loop
      vertex 325 25.7407113918798 5.015152879793066
      vertex 325 25.854367709133577 5.250786813168176
      vertex 325 135.80967236369634 20.703997109276173
    endloop
  endfacet
  facet normal -1 0 0
    outer loop
      vertex 325 25.854367709133577 5.250786813168176
      vertex 325 25.936295280756216 5.499239991891117
      vertex 325 135.80967236369634 20.703997109276173
    endloop
  endfacet
  facet normal -1 0 0
    outer loop
      vertex 325 25.936295280756216 5.499239991891117
      vertex 325 25.985092303282645 5.756261313189705
      vertex 325 139 34.23517602363241
    endloop
  endfacet
  facet normal -1 0 0
    outer loop
      vertex 325 25.985092303282645 5.756261313189705
      vertex 325 25.999923846128343 6.017453070996748
      vertex 325 139 34.23517602363241
    endloop
  endfacet
  facet normal -1 0 0
    outer loop
      vertex 325 25.999923846128343 6.017453070996748
      vertex 325 25.980536137483142 6.278346201920131
      vertex 325 139 34.23517602363241
    endloop
  endfacet
  facet normal -1 0 0
    outer loop
      vertex 325 25.980536137483142 6.278346201920131
      vertex 325 25.927260906417246 6.534476752156514
      vertex 325 139 34.23517602363241
    endloop
  endfacet
  facet normal -1 0 0
    outer loop
      vertex 325 25.927260906417246 6.534476752156514
      vertex 325 25.84100970690488 6.781462256978547
      vertex 325 139 34.23517602363241
    endloop
  endfacet
  facet normal -1 0 0
    outer loop
      vertex 325 25.84100970690488 6.781462256978547
      vertex 325 25.72325832088305 7.015076725921409
      vertex 325 139 34.23517602363241
    endloop
  endfacet
  facet normal -1 0 0
    outer loop
      vertex 325 25.72325832088305 7.015076725921409
      vertex 325 25.576021507213444 7.231322950651316
      vertex 325 139 34.23517602363241
    endloop
  endfacet
  facet normal -2.619512389898987e-16 -0.13917310096006544 0.9902680687415704
    outer loop
      vertex 325 19.31022734046062 2.713875468721276
      vertex 325 142.10346786441534 19.97133998776939
      vertex 311 127 17.84868600720371
    endloop
  endfacet
  facet normal -1 0 0
    outer loop
      vertex 325 19.31022734046062 2.713875468721276
      vertex 325 137.14195518409952 19.95022775664485
      vertex 325 137.40314694190656 19.93539621379915
    endloop
  endfacet
  facet normal -1 0 0
    outer loop
      vertex 325 19.31022734046062 2.713875468721276
      vertex 325 137.40314694190656 19.93539621379915
      vertex 325 137.66404007282995 19.954783922444353
    endloop
  endfacet
  facet normal -1 0 0
    outer loop
      vertex 325 19.31022734046062 2.713875468721276
      vertex 325 137.66404007282995 19.954783922444353
      vertex 325 142.10346786441534 19.97133998776939
    endloop
  endfacet
  facet normal -1 0 0
    outer loop
      vertex 325 24.781462256978546 4.158990293095119
      vertex 325 136.88493386280092 19.99902477917128
      vertex 325 137.14195518409952 19.95022775664485
    endloop
  endfacet
  facet normal -1 0 0
    outer loop
      vertex 325 25.015076725921407 4.276741679116949
      vertex 325 136.63648068407798 20.080952350793915
      vertex 325 136.88493386280092 19.99902477917128
    endloop
  endfacet
  facet normal -1 0 0
    outer loop
      vertex 325 25.231322950651318 4.423978492786556
      vertex 325 136.40084675070287 20.194608668047692
      vertex 325 136.63648068407798 20.080952350793915
    endloop
  endfacet
  facet normal -1 0 0
    outer loop
      vertex 325 25.597271020094585 4.796369953695903
      vertex 325 136.18206382460573 20.338049039832907
      vertex 325 136.40084675070287 20.194608668047692
    endloop
  endfacet
  facet normal -1 0 0
    outer loop
      vertex 325 25.597271020094585 4.796369953695903
      vertex 325 135.9838753423101 20.50881916161913
      vertex 325 136.18206382460573 20.338049039832907
    endloop
  endfacet
  facet normal -1 0 0
    outer loop
      vertex 325 25.7407113918798 5.015152879793066
      vertex 325 135.80967236369634 20.703997109276173
      vertex 325 135.9838753423101 20.50881916161913
    endloop
  endfacet
  facet normal -1 0 0
    outer loop
      vertex 325 25.936295280756216 5.499239991891117
      vertex 325 135.66243555002677 20.920243334006084
      vertex 325 135.80967236369634 20.703997109276173
    endloop
  endfacet
  facet normal -1 0 0
    outer loop
      vertex 325 25.936295280756216 5.499239991891117
      vertex 325 135.54468416400493 21.153857802948945
      vertex 325 135.66243555002677 20.920243334006084
    endloop
  endfacet
  facet normal -1 0 0
    outer loop
      vertex 325 25.936295280756216 5.499239991891117
      vertex 325 135.45843296449257 21.400843307770977
      vertex 325 135.54468416400493 21.153857802948945
    endloop
  endfacet
  facet normal -1 0 0
    outer loop
      vertex 325 25.936295280756216 5.499239991891117
      vertex 325 135.40515773342668 21.656973858007362
      vertex 325 135.45843296449257 21.400843307770977
    endloop
  endfacet
  facet normal -1 0 0
    outer loop
      vertex 325 25.936295280756216 5.499239991891117
      vertex 325 135.38577002478146 21.917866988930747
      vertex 325 135.40515773342668 21.656973858007362
    endloop
  endfacet
  facet normal -1 0 0
    outer loop
      vertex 325 25.936295280756216 5.499239991891117
      vertex 325 135.40060156762718 22.179058746737788
      vertex 325 135.38577002478146 21.917866988930747
    endloop
  endfacet
  facet normal -1 0 0
    outer loop
      vertex 325 25.936295280756216 5.499239991891117
      vertex 325 135.44939859015358 22.436080068036375
      vertex 325 135.40060156762718 22.179058746737788
    endloop
  endfacet
  facet normal -1 0 0
    outer loop
      vertex 325 25.936295280756216 5.499239991891117
      vertex 325 135.53132616177624 22.684533246759315
      vertex 325 135.44939859015358 22.436080068036375
    endloop
  endfacet
  facet normal -1 0 0
    outer loop
      vertex 325 25.936295280756216 5.499239991891117
      vertex 325 135.64498247903 22.920167180134428
      vertex 325 135.53132616177624 22.684533246759315
    endloop
  endfacet
  facet normal -1 0 0
    outer loop
      vertex 325 25.576021507213444 7.231322950651316
      vertex 325 17.284292775205678 17.12914893386792
      vertex 325 139 34.23517602363241
    endloop
  endfacet
  facet normal -1 0 0
    outer loop
      vertex 325 25.936295280756216 5.499239991891117
      vertex 325 135.7884228508152 23.13895010623159
      vertex 325 135.64498247903 22.920167180134428
    endloop
  endfacet
  facet normal -1 0 0
    outer loop
      vertex 325 25.936295280756216 5.499239991891117
      vertex 325 135.95919297260144 23.337138588527193
      vertex 325 135.7884228508152 23.13895010623159
    endloop
  endfacet
  facet normal -1 0 0
    outer loop
      vertex 325 25.936295280756216 5.499239991891117
      vertex 325 136.1543709202585 23.511341567140935
      vertex 325 135.95919297260144 23.337138588527193
    endloop
  endfacet
  facet normal -1 0 0
    outer loop
      vertex 325 25.936295280756216 5.499239991891117
      vertex 325 136.3706171449884 23.658578380810546
      vertex 325 136.1543709202585 23.511341567140935
    endloop
  endfacet
  facet normal -1 0 0
    outer loop
      vertex 325 25.936295280756216 5.499239991891117
      vertex 325 136.60423161393126 23.776329766832372
      vertex 325 136.3706171449884 23.658578380810546
    endloop
  endfacet
  facet normal -1 0 0
    outer loop
      vertex 325 25.936295280756216 5.499239991891117
      vertex 325 136.85121711875328 23.862580966344737
      vertex 325 136.60423161393126 23.776329766832372
    endloop
  endfacet
  facet normal -1 0 0
    outer loop
      vertex 325 25.936295280756216 5.499239991891117
      vertex 325 137.1073476689897 23.915856197410633
      vertex 325 136.85121711875328 23.862580966344737
    endloop
  endfacet
  facet normal -1 0 0
    outer loop
      vertex 325 25.936295280756216 5.499239991891117
      vertex 325 139 34.23517602363241
      vertex 325 137.1073476689897 23.915856197410633
    endloop
  endfacet
  facet normal 0 -0.13917310096006538 0.9902680687415703
    outer loop
      vertex 237.925 132 18.55139018071567
      vertex 306 132 18.55139018071567
      vertex 237.925 142.10346786441534 19.97133998776939
    endloop
  endfacet
  facet normal 0 -0.9902680687415708 -0.13917310096006125
    outer loop
      vertex 237.925 142.0621222610428 20.265529242160135
      vertex 237.925 142.10346786441534 19.97133998776939
      vertex 325 142.10346786441534 19.97133998776939
    endloop
  endfacet
  facet normal -4.855017361410352e-18 -0.9902680687415706 -0.1391731009600631
    outer loop
      vertex 200 141.1669267856153 26.63517602363241
      vertex 237.925 142.0621222610428 20.265529242160135
      vertex 325 142.10346786441534 19.97133998776939
    endloop
  endfacet
  facet normal 0 -0.13917310096006538 0.9902680687415704
    outer loop
      vertex 237.925 142.10346786441534 19.97133998776939
      vertex 306 132 18.55139018071567
      vertex 325 142.10346786441534 19.97133998776939
    endloop
  endfacet
  facet normal -1.5489460423699916e-16 -0.9902680687415704 -0.13917310096006583
    outer loop
      vertex 200 141.1669267856153 26.63517602363241
      vertex 325 142.10346786441534 19.97133998776939
      vertex 325 140.0988164418771 34.23517602363241
    endloop
  endfacet
  facet normal -2.5530343940877115e-15 -0.13917310096006089 0.9902680687415709
    outer loop
      vertex 307.2940952255126 131.82962913144536 18.527446116640032
      vertex 325 142.10346786441534 19.97133998776939
      vertex 306.6526309611003 131.95722430686905 18.545378449098074
    endloop
  endfacet
  facet normal 9.472211612869935e-16 -0.13917310096006713 0.9902680687415701
    outer loop
      vertex 306 132 18.55139018071567
      vertex 306.6526309611003 131.95722430686905 18.545378449098074
      vertex 325 142.10346786441534 19.97133998776939
    endloop
  endfacet
  facet normal 4.7425080255424225e-15 -0.13917310096006993 0.9902680687415696
    outer loop
      vertex 311 127 17.84868600720371
      vertex 325 142.10346786441534 19.97133998776939
      vertex 310.9572243068691 127.65263096110026 17.940407307229368
    endloop
  endfacet
  facet normal -3.0596259324334646e-15 -0.13917310096006252 0.9902680687415707
    outer loop
      vertex 310.9572243068691 127.65263096110026 17.940407307229368
      vertex 325 142.10346786441534 19.97133998776939
      vertex 310.82962913144536 128.2940952255126 18.03055923038163
    endloop
  endfacet
  facet normal 5.648090833704884e-16 -0.13917310096006616 0.9902680687415701
    outer loop
      vertex 310.82962913144536 128.2940952255126 18.03055923038163
      vertex 325 142.10346786441534 19.97133998776939
      vertex 310.6193976625564 128.91341716182546 18.117599252260543
    endloop
  endfacet
  facet normal -8.276049485542657e-16 -0.13917310096006416 0.9902680687415705
    outer loop
      vertex 307.91341716182546 131.61939766255642 18.49790001052167
      vertex 308.5 131.3301270189222 18.45724567281042
      vertex 325 142.10346786441534 19.97133998776939
    endloop
  endfacet
  facet normal 2.300103522117001e-15 -0.13917310096006885 0.9902680687415698
    outer loop
      vertex 309.0438071450436 130.96676670145618 18.406178710496015
      vertex 325 142.10346786441534 19.97133998776939
      vertex 308.5 131.3301270189222 18.45724567281042
    endloop
  endfacet
  facet normal 3.0251265117442793e-15 -0.13917310096007032 0.9902680687415697
    outer loop
      vertex 307.2940952255126 131.82962913144536 18.527446116640032
      vertex 307.91341716182546 131.61939766255642 18.49790001052167
      vertex 325 142.10346786441534 19.97133998776939
    endloop
  endfacet
  facet normal 3.7691548665579783e-16 -0.13917310096006594 0.9902680687415703
    outer loop
      vertex 310.6193976625564 128.91341716182546 18.117599252260543
      vertex 325 142.10346786441534 19.97133998776939
      vertex 310.3301270189222 129.5 18.20003809395969
    endloop
  endfacet
  facet normal 3.4485698380163907e-15 -0.13917310096006982 0.9902680687415698
    outer loop
      vertex 309.9667667014562 130.04380714504362 18.276465204041244
      vertex 325 142.10346786441534 19.97133998776939
      vertex 309.53553390593277 130.53553390593274 18.34557289346211
    endloop
  endfacet
  facet normal -3.799060058060853e-15 -0.1391731009600603 0.990268068741571
    outer loop
      vertex 309.0438071450436 130.96676670145618 18.406178710496015
      vertex 309.53553390593277 130.53553390593274 18.34557289346211
      vertex 325 142.10346786441534 19.97133998776939
    endloop
  endfacet
  facet normal -7.617107326944083e-16 -0.13917310096006466 0.9902680687415704
    outer loop
      vertex 309.9667667014562 130.04380714504362 18.276465204041244
      vertex 310.3301270189222 129.5 18.20003809395969
      vertex 325 142.10346786441534 19.97133998776939
    endloop
  endfacet
  facet normal -1 0 0
    outer loop
      vertex 325 137.66404007282995 19.954783922444353
      vertex 325 137.92017062306633 20.008059153510246
      vertex 325 142.10346786441534 19.97133998776939
    endloop
  endfacet
  facet normal -1 0 0
    outer loop
      vertex 325 137.92017062306633 20.008059153510246
      vertex 325 138.16715612788835 20.09431035302261
      vertex 325 142.10346786441534 19.97133998776939
    endloop
  endfacet
  facet normal -1 0 0
    outer loop
      vertex 325 138.16715612788835 20.09431035302261
      vertex 325 138.40077059683122 20.21206173904444
      vertex 325 142.10346786441534 19.97133998776939
    endloop
  endfacet
  facet normal -1 0 0
    outer loop
      vertex 325 138.40077059683122 20.21206173904444
      vertex 325 138.61701682156112 20.35929855271405
      vertex 325 142.10346786441534 19.97133998776939
    endloop
  endfacet
  facet normal -1 0 0
    outer loop
      vertex 325 138.61701682156112 20.35929855271405
      vertex 325 138.81219476921817 20.533501531327794
      vertex 325 142.10346786441534 19.97133998776939
    endloop
  endfacet
  facet normal -1 0 0
    outer loop
      vertex 325 138.81219476921817 20.533501531327794
      vertex 325 138.9829648910044 20.731690013623393
      vertex 325 142.10346786441534 19.97133998776939
    endloop
  endfacet
  facet normal -1 0 0
    outer loop
      vertex 325 138.9829648910044 20.731690013623393
      vertex 325 139.1264052627896 20.95047293972056
      vertex 325 142.10346786441534 19.97133998776939
    endloop
  endfacet
  facet normal -1 0 0
    outer loop
      vertex 325 139.1264052627896 20.95047293972056
      vertex 325 139.2400615800434 21.186106873095667
      vertex 325 142.10346786441534 19.97133998776939
    endloop
  endfacet
  facet normal -1 0 0
    outer loop
      vertex 325 139.2400615800434 21.186106873095667
      vertex 325 139.321989151666 21.434560051818607
      vertex 325 142.10346786441534 19.97133998776939
    endloop
  endfacet
  facet normal -1 0 0
    outer loop
      vertex 325 142.10346786441534 19.97133998776939
      vertex 325 139.321989151666 21.434560051818607
      vertex 325 139.37078617419246 21.691581373117195
    endloop
  endfacet
  facet normal -1 0 0
    outer loop
      vertex 325 142.10346786441534 19.97133998776939
      vertex 325 139.37078617419246 21.691581373117195
      vertex 325 139.38561771703814 21.952773130924243
    endloop
  endfacet
  facet normal -1 0 0
    outer loop
      vertex 325 142.10346786441534 19.97133998776939
      vertex 325 139.38561771703814 21.952773130924243
      vertex 325 139.36623000839296 22.213666261847624
    endloop
  endfacet
  facet normal -1 0 0
    outer loop
      vertex 325 142.10346786441534 19.97133998776939
      vertex 325 139.36623000839296 22.213666261847624
      vertex 325 140.0988164418771 34.23517602363241
    endloop
  endfacet
  facet normal -1 0 0
    outer loop
      vertex 325 139.36623000839296 22.213666261847624
      vertex 325 139.31295477732704 22.469796812084006
      vertex 325 139 34.23517602363241
    endloop
  endfacet
  facet normal -1 0 0
    outer loop
      vertex 325 139.31295477732704 22.469796812084006
      vertex 325 139.2267035778147 22.71678231690604
      vertex 325 139 34.23517602363241
    endloop
  endfacet
  facet normal -1 0 0
    outer loop
      vertex 325 139.2267035778147 22.71678231690604
      vertex 325 139.10895219179287 22.950396785848902
      vertex 325 139 34.23517602363241
    endloop
  endfacet
  facet normal -1 0 0
    outer loop
      vertex 325 138.5893239172139 23.532591080022076
      vertex 325 138.37054099111674 23.676031451807294
      vertex 325 139 34.23517602363241
    endloop
  endfacet
  facet normal -1 0 0
    outer loop
      vertex 325 138.13490705774163 23.789687769061068
      vertex 325 139 34.23517602363241
      vertex 325 138.37054099111674 23.676031451807294
    endloop
  endfacet
  facet normal -1 0 0
    outer loop
      vertex 325 137.1073476689897 23.915856197410633
      vertex 325 139 34.23517602363241
      vertex 325 137.36824079991305 23.935243906055835
    endloop
  endfacet
  facet normal -1 0 0
    outer loop
      vertex 325 137.6294325577201 23.920412363210136
      vertex 325 139 34.23517602363241
      vertex 325 137.8864538790187 23.871615340683707
    endloop
  endfacet
  facet normal -1 0 0
    outer loop
      vertex 325 137.36824079991305 23.935243906055835
      vertex 325 139 34.23517602363241
      vertex 325 137.6294325577201 23.920412363210136
    endloop
  endfacet
  facet normal -1 0 0
    outer loop
      vertex 325 138.13490705774163 23.789687769061068
      vertex 325 137.8864538790187 23.871615340683707
      vertex 325 139 34.23517602363241
    endloop
  endfacet
  facet normal -1 0 0
    outer loop
      vertex 325 139.10895219179287 22.950396785848902
      vertex 325 138.96171537812324 23.16664301057881
      vertex 325 139 34.23517602363241
    endloop
  endfacet
  facet normal -1 0 0
    outer loop
      vertex 325 138.96171537812324 23.16664301057881
      vertex 325 138.7875123995095 23.361820958235857
      vertex 325 139 34.23517602363241
    endloop
  endfacet
  facet normal -1 0 0
    outer loop
      vertex 325 138.5893239172139 23.532591080022076
      vertex 325 139 34.23517602363241
      vertex 325 138.7875123995095 23.361820958235857
    endloop
  endfacet
  facet normal -1 0 0
    outer loop
      vertex 325 139.36623000839296 22.213666261847624
      vertex 325 139 34.23517602363241
      vertex 325 140.0988164418771 34.23517602363241
    endloop
  endfacet
  facet normal 0 0 1
    outer loop
      vertex 167 83.2 3
      vertex 198.73070643576884 119 3
      vertex 167 119 3
    endloop
  endfacet
  facet normal 0 0 1
    outer loop
      vertex 167 83.2 3
      vertex 190 83.2 3
      vertex 198.73070643576884 119 3
    endloop
  endfacet
  facet normal 0 1 0
    outer loop
      vertex 167 83.2 3
      vertex 167 83.2 8.635176023632413
      vertex 190 83.2 3
    endloop
  endfacet
  facet normal 0 1 0
    outer loop
      vertex 190 83.2 3
      vertex 167 83.2 8.635176023632413
      vertex 190 83.2 8.635176023632413
    endloop
  endfacet
  facet normal 0 0 1
    outer loop
      vertex 190 83.2 3
      vertex 193.39556239372519 83.2 3
      vertex 198.73070643576884 119 3
    endloop
  endfacet
  facet normal -1 0 0
    outer loop
      vertex 237.925 132 3.01
      vertex 237.925 142.5 3.8853062602679356
      vertex 237.925 143.98305671079808 3.01
    endloop
  endfacet
  facet normal -1 0 0
    outer loop
      vertex 237.925 132 3.01
      vertex 237.925 132 18.55139018071567
      vertex 237.925 142.5 3.8853062602679356
    endloop
  endfacet
  facet normal -1 0 0
    outer loop
      vertex 237.925 142.5 3.8853062602679356
      vertex 237.925 132 18.55139018071567
      vertex 237.925 142.10346786441534 19.97133998776939
    endloop
  endfacet
  facet normal -1 0 0
    outer loop
      vertex 237.925 142.5 3.8853062602679356
      vertex 237.925 142.10346786441534 19.97133998776939
      vertex 237.925 142.5 20.32706894509078
    endloop
  endfacet
  facet normal -1 0 0
    outer loop
      vertex 237.925 142.0621222610428 20.265529242160135
      vertex 237.925 142.5 20.32706894509078
      vertex 237.925 142.10346786441534 19.97133998776939
    endloop
  endfacet
  facet normal 0 0.13917310096007116 -0.9902680687415696
    outer loop
      vertex 200 142.0621222610428 20.265529242160135
      vertex 200 142.5 20.32706894509078
      vertex 237.925 142.5 20.32706894509078
    endloop
  endfacet
  facet normal 0 0.13917310096007116 -0.9902680687415696
    outer loop
      vertex 200 142.0621222610428 20.265529242160135
      vertex 237.925 142.5 20.32706894509078
      vertex 237.925 142.0621222610428 20.265529242160135
    endloop
  endfacet
  facet normal 0 -1 0
    outer loop
      vertex 167 193.53 3.01
      vertex 176.755 193.53 3.9399999999999995
      vertex 167 193.53 3.9399999999999995
    endloop
  endfacet
  facet normal 0 -1 0
    outer loop
      vertex 176.755 193.53 3.9399999999999995
      vertex 182.45559810077444 193.53 10.81496318216405
      vertex 182.1830964487968 193.53 10.907465028475169
    endloop
  endfacet
  facet normal 0 -1 0
    outer loop
      vertex 176.755 193.53 3.9399999999999995
      vertex 182.73784237711587 193.53 10.758821304977616
      vertex 182.45559810077444 193.53 10.81496318216405
    endloop
  endfacet
  facet normal 0 -1 0
    outer loop
      vertex 176.755 193.53 3.9399999999999995
      vertex 183.02499999999998 193.53 10.739999999999998
      vertex 182.73784237711587 193.53 10.758821304977616
    endloop
  endfacet
  facet normal 0 -1 0
    outer loop
      vertex 176.755 193.53 3.9399999999999995
      vertex 183.3121576228841 193.53 10.758821304977616
      vertex 183.02499999999998 193.53 10.739999999999998
    endloop
  endfacet
  facet normal 0 -1 0
    outer loop
      vertex 176.755 193.53 3.9399999999999995
      vertex 183.59440189922552 193.53 10.81496318216405
      vertex 183.3121576228841 193.53 10.758821304977616
    endloop
  endfacet
  facet normal 0 -1 0
    outer loop
      vertex 176.755 193.53 3.9399999999999995
      vertex 183.86690355120317 193.53 10.907465028475169
      vertex 183.59440189922552 193.53 10.81496318216405
    endloop
  endfacet
  facet normal 0 -1 0
    outer loop
      vertex 176.755 193.53 3.9399999999999995
      vertex 188.58559810077446 193.53 10.81496318216405
      vertex 188.3130964487968 193.53 10.907465028475169
    endloop
  endfacet
  facet normal 0 -1 0
    outer loop
      vertex 176.755 193.53 3.9399999999999995
      vertex 189.155 193.53 10.739999999999998
      vertex 188.8678423771159 193.53 10.758821304977616
    endloop
  endfacet
  facet normal 0 -1 0
    outer loop
      vertex 176.755 193.53 3.9399999999999995
      vertex 188.8678423771159 193.53 10.758821304977616
      vertex 188.58559810077446 193.53 10.81496318216405
    endloop
  endfacet
  facet normal 0 -1 0
    outer loop
      vertex 176.755 193.53 3.9399999999999995
      vertex 189.4421576228841 193.53 10.758821304977616
      vertex 189.155 193.53 10.739999999999998
    endloop
  endfacet
  facet normal 0 -1 0
    outer loop
      vertex 176.755 193.53 3.9399999999999995
      vertex 195.05367965644038 193.53 8.878679656440358
      vertex 189.9969035512032 193.53 10.907465028475169
    endloop
  endfacet
  facet normal 0 -1 0
    outer loop
      vertex 176.755 193.53 3.9399999999999995
      vertex 189.72440189922554 193.53 10.81496318216405
      vertex 189.4421576228841 193.53 10.758821304977616
    endloop
  endfacet
  facet normal 0 -1 0
    outer loop
      vertex 176.755 193.53 3.9399999999999995
      vertex 189.9969035512032 193.53 10.907465028475169
      vertex 189.72440189922554 193.53 10.81496318216405
    endloop
  endfacet
  facet normal 0 -1 0
    outer loop
      vertex 167 193.53 3.01
      vertex 237.925 193.53 3.01
      vertex 176.755 193.53 3.9399999999999995
    endloop
  endfacet
  facet normal 0 -1 0
    outer loop
      vertex 176.755 193.53 3.9399999999999995
      vertex 197.175 193.53 8
      vertex 196.78342142333986 193.53 8.025665415878569
    endloop
  endfacet
  facet normal 0 -1 0
    outer loop
      vertex 176.755 193.53 3.9399999999999995
      vertex 196.39854286469244 193.53 8.102222521132795
      vertex 196.02694970290474 193.53 8.22836140246614
    endloop
  endfacet
  facet normal 0 -1 0
    outer loop
      vertex 176.755 193.53 3.9399999999999995
      vertex 196.02694970290474 193.53 8.22836140246614
      vertex 195.675 193.53 8.401923788646684
    endloop
  endfacet
  facet normal 0 -1 0
    outer loop
      vertex 176.755 193.53 3.9399999999999995
      vertex 196.78342142333986 193.53 8.025665415878569
      vertex 196.39854286469244 193.53 8.102222521132795
    endloop
  endfacet
  facet normal 0 -1 0
    outer loop
      vertex 176.755 193.53 3.9399999999999995
      vertex 195.34871571297384 193.53 8.619939979126293
      vertex 195.05367965644038 193.53 8.878679656440358
    endloop
  endfacet
  facet normal 0 -1 0
    outer loop
      vertex 176.755 193.53 3.9399999999999995
      vertex 195.675 193.53 8.401923788646684
      vertex 195.34871571297384 193.53 8.619939979126293
    endloop
  endfacet
  facet normal 0 -1 0
    outer loop
      vertex 176.755 193.53 3.9399999999999995
      vertex 237.925 193.53 3.01
      vertex 197.175 193.53 8
    endloop
  endfacet
  facet normal 0 -1 0
    outer loop
      vertex 176.755 193.53 3.9399999999999995
      vertex 181.6857248561808 193.53 11.194622651359282
      vertex 181.46936508138958 193.53 11.384365081389594
    endloop
  endfacet
  facet normal 0 -1 0
    outer loop
      vertex 176.755 193.53 3.9399999999999995
      vertex 181.46936508138958 193.53 11.384365081389594
      vertex 181.27962265135926 193.53 11.600724856180815
    endloop
  endfacet
  facet normal 0 -1 0
    outer loop
      vertex 176.755 193.53 3.9399999999999995
      vertex 181.27962265135926 193.53 11.600724856180815
      vertex 181.1197441116742 193.53 11.84
    endloop
  endfacet
  facet normal 0 -1 0
    outer loop
      vertex 176.755 193.53 3.9399999999999995
      vertex 181.1197441116742 193.53 11.84
      vertex 180.99246502847515 193.53 12.098096448796802
    endloop
  endfacet
  facet normal 0 -1 0
    outer loop
      vertex 176.755 193.53 3.9399999999999995
      vertex 180.99246502847515 193.53 12.098096448796802
      vertex 180.89996318216402 193.53 12.370598100774455
    endloop
  endfacet
  facet normal 0 -1 0
    outer loop
      vertex 176.755 193.53 3.9399999999999995
      vertex 182.1830964487968 193.53 10.907465028475169
      vertex 181.92499999999998 193.53 11.034744111674234
    endloop
  endfacet
  facet normal 0 -1 0
    outer loop
      vertex 176.755 193.53 3.9399999999999995
      vertex 181.92499999999998 193.53 11.034744111674234
      vertex 181.6857248561808 193.53 11.194622651359282
    endloop
  endfacet
  facet normal 0 -1 0
    outer loop
      vertex 176.755 193.53 3.9399999999999995
      vertex 180.89996318216402 193.53 12.370598100774455
      vertex 180.84382130497758 193.53 12.652842377115887
    endloop
  endfacet
  facet normal 0 -1 0
    outer loop
      vertex 176.755 193.53 3.9399999999999995
      vertex 180.84382130497758 193.53 12.652842377115887
      vertex 180.825 193.53 12.94
    endloop
  endfacet
  facet normal 0 -1 0
    outer loop
      vertex 176.755 193.53 3.9399999999999995
      vertex 180.825 193.53 12.94
      vertex 180.84382130497758 193.53 13.227157622884112
    endloop
  endfacet
  facet normal 0 -1 0
    outer loop
      vertex 176.755 193.53 3.9399999999999995
      vertex 180.84382130497758 193.53 13.227157622884112
      vertex 180.89996318216402 193.53 13.509401899225544
    endloop
  endfacet
  facet normal 0 -1 0
    outer loop
      vertex 176.755 193.53 3.9399999999999995
      vertex 188.3130964487968 193.53 10.907465028475169
      vertex 183.86690355120317 193.53 10.907465028475169
    endloop
  endfacet
  facet normal 0 -1 0
    outer loop
      vertex 176.755 193.53 3.9399999999999995
      vertex 180.89996318216402 193.53 13.509401899225544
      vertex 176.755 193.53 14.94
    endloop
  endfacet
  facet normal 0 -1 0
    outer loop
      vertex 183.86690355120317 193.53 10.907465028475169
      vertex 188.055 193.53 11.034744111674234
      vertex 184.12499999999997 193.53 11.034744111674234
    endloop
  endfacet
  facet normal 0 -1 0
    outer loop
      vertex 184.12499999999997 193.53 11.034744111674234
      vertex 187.81572485618082 193.53 11.194622651359282
      vertex 184.36427514381916 193.53 11.194622651359282
    endloop
  endfacet
  facet normal 0 -1 0
    outer loop
      vertex 183.86690355120317 193.53 10.907465028475169
      vertex 188.3130964487968 193.53 10.907465028475169
      vertex 188.055 193.53 11.034744111674234
    endloop
  endfacet
  facet normal 0 -1 0
    outer loop
      vertex 184.12499999999997 193.53 11.034744111674234
      vertex 188.055 193.53 11.034744111674234
      vertex 187.81572485618082 193.53 11.194622651359282
    endloop
  endfacet
  facet normal 0 -1 0
    outer loop
      vertex 184.36427514381916 193.53 11.194622651359282
      vertex 187.5993650813896 193.53 11.384365081389594
      vertex 184.58063491861037 193.53 11.384365081389594
    endloop
  endfacet
  facet normal 0 -1 0
    outer loop
      vertex 184.58063491861037 193.53 11.384365081389594
      vertex 187.5993650813896 193.53 11.384365081389594
      vertex 187.40962265135929 193.53 11.600724856180815
    endloop
  endfacet
  facet normal 0 -1 0
    outer loop
      vertex 184.58063491861037 193.53 11.384365081389594
      vertex 187.40962265135929 193.53 11.600724856180815
      vertex 184.7703773486407 193.53 11.600724856180815
    endloop
  endfacet
  facet normal 0 -1 0
    outer loop
      vertex 184.7703773486407 193.53 11.600724856180815
      vertex 187.24974411167423 193.53 11.84
      vertex 184.93025588832575 193.53 11.84
    endloop
  endfacet
  facet normal 0 -1 0
    outer loop
      vertex 184.7703773486407 193.53 11.600724856180815
      vertex 187.40962265135929 193.53 11.600724856180815
      vertex 187.24974411167423 193.53 11.84
    endloop
  endfacet
  facet normal 0 -1 0
    outer loop
      vertex 184.36427514381916 193.53 11.194622651359282
      vertex 187.81572485618082 193.53 11.194622651359282
      vertex 187.5993650813896 193.53 11.384365081389594
    endloop
  endfacet
  facet normal 0 -1 0
    outer loop
      vertex 184.93025588832575 193.53 11.84
      vertex 187.12246502847518 193.53 12.098096448796802
      vertex 185.0575349715248 193.53 12.098096448796802
    endloop
  endfacet
  facet normal 0 -1 0
    outer loop
      vertex 184.93025588832575 193.53 11.84
      vertex 187.24974411167423 193.53 11.84
      vertex 187.12246502847518 193.53 12.098096448796802
    endloop
  endfacet
  facet normal 0 -1 0
    outer loop
      vertex 185.0575349715248 193.53 12.098096448796802
      vertex 187.02996318216404 193.53 12.370598100774455
      vertex 185.15003681783594 193.53 12.370598100774455
    endloop
  endfacet
  facet normal 0 -1 0
    outer loop
      vertex 185.0575349715248 193.53 12.098096448796802
      vertex 187.12246502847518 193.53 12.098096448796802
      vertex 187.02996318216404 193.53 12.370598100774455
    endloop
  endfacet
  facet normal 0 -1 0
    outer loop
      vertex 185.15003681783594 193.53 12.370598100774455
      vertex 186.9738213049776 193.53 12.652842377115887
      vertex 185.20617869502237 193.53 12.652842377115887
    endloop
  endfacet
  facet normal 0 -1 0
    outer loop
      vertex 185.15003681783594 193.53 12.370598100774455
      vertex 187.02996318216404 193.53 12.370598100774455
      vertex 186.9738213049776 193.53 12.652842377115887
    endloop
  endfacet
  facet normal 0 -1 0
    outer loop
      vertex 185.20617869502237 193.53 12.652842377115887
      vertex 186.9738213049776 193.53 12.652842377115887
      vertex 186.955 193.53 12.94
    endloop
  endfacet
  facet normal 0 -1 0
    outer loop
      vertex 167 193.53 14.94
      vertex 176.755 193.53 14.94
      vertex 183.02499999999998 193.53 15.14
    endloop
  endfacet
  facet normal 0 -1 0
    outer loop
      vertex 176.755 193.53 14.94
      vertex 180.89996318216402 193.53 13.509401899225544
      vertex 180.99246502847515 193.53 13.781903551203197
    endloop
  endfacet
  facet normal 0 -1 0
    outer loop
      vertex 176.755 193.53 14.94
      vertex 180.99246502847515 193.53 13.781903551203197
      vertex 181.1197441116742 193.53 14.04
    endloop
  endfacet
  facet normal 0 -1 0
    outer loop
      vertex 176.755 193.53 14.94
      vertex 181.1197441116742 193.53 14.04
      vertex 181.27962265135926 193.53 14.279275143819184
    endloop
  endfacet
  facet normal 0 -1 0
    outer loop
      vertex 176.755 193.53 14.94
      vertex 181.27962265135926 193.53 14.279275143819184
      vertex 181.46936508138958 193.53 14.495634918610405
    endloop
  endfacet
  facet normal 0 -1 0
    outer loop
      vertex 176.755 193.53 14.94
      vertex 181.46936508138958 193.53 14.495634918610405
      vertex 181.6857248561808 193.53 14.685377348640717
    endloop
  endfacet
  facet normal 0 -1 0
    outer loop
      vertex 176.755 193.53 14.94
      vertex 181.6857248561808 193.53 14.685377348640717
      vertex 181.92499999999998 193.53 14.845255888325765
    endloop
  endfacet
  facet normal 0 -1 0
    outer loop
      vertex 176.755 193.53 14.94
      vertex 181.92499999999998 193.53 14.845255888325765
      vertex 182.1830964487968 193.53 14.97253497152483
    endloop
  endfacet
  facet normal 0 -1 0
    outer loop
      vertex 185.20617869502237 193.53 12.652842377115887
      vertex 186.955 193.53 12.94
      vertex 185.22499999999997 193.53 12.94
    endloop
  endfacet
  facet normal 0 -1 0
    outer loop
      vertex 185.22499999999997 193.53 12.94
      vertex 186.955 193.53 12.94
      vertex 186.9738213049776 193.53 13.227157622884112
    endloop
  endfacet
  facet normal 0 -1 0
    outer loop
      vertex 185.22499999999997 193.53 12.94
      vertex 186.9738213049776 193.53 13.227157622884112
      vertex 185.20617869502237 193.53 13.227157622884112
    endloop
  endfacet
  facet normal 0 -1 0
    outer loop
      vertex 185.20617869502237 193.53 13.227157622884112
      vertex 186.9738213049776 193.53 13.227157622884112
      vertex 187.02996318216404 193.53 13.509401899225544
    endloop
  endfacet
  facet normal 0 -1 0
    outer loop
      vertex 185.20617869502237 193.53 13.227157622884112
      vertex 187.02996318216404 193.53 13.509401899225544
      vertex 185.15003681783594 193.53 13.509401899225544
    endloop
  endfacet
  facet normal 0 -1 0
    outer loop
      vertex 185.15003681783594 193.53 13.509401899225544
      vertex 187.02996318216404 193.53 13.509401899225544
      vertex 187.12246502847518 193.53 13.781903551203197
    endloop
  endfacet
  facet normal 0 -1 0
    outer loop
      vertex 185.15003681783594 193.53 13.509401899225544
      vertex 187.12246502847518 193.53 13.781903551203197
      vertex 185.0575349715248 193.53 13.781903551203197
    endloop
  endfacet
  facet normal 0 -1 0
    outer loop
      vertex 185.0575349715248 193.53 13.781903551203197
      vertex 187.12246502847518 193.53 13.781903551203197
      vertex 187.24974411167423 193.53 14.04
    endloop
  endfacet
  facet normal 0 -1 0
    outer loop
      vertex 185.0575349715248 193.53 13.781903551203197
      vertex 187.24974411167423 193.53 14.04
      vertex 184.93025588832575 193.53 14.04
    endloop
  endfacet
  facet normal 0 -1 0
    outer loop
      vertex 184.93025588832575 193.53 14.04
      vertex 187.24974411167423 193.53 14.04
      vertex 187.40962265135929 193.53 14.279275143819184
    endloop
  endfacet
  facet normal 0 -1 0
    outer loop
      vertex 184.93025588832575 193.53 14.04
      vertex 187.40962265135929 193.53 14.279275143819184
      vertex 184.7703773486407 193.53 14.279275143819184
    endloop
  endfacet
  facet normal 0 -1 0
    outer loop
      vertex 184.7703773486407 193.53 14.279275143819184
      vertex 187.5993650813896 193.53 14.495634918610405
      vertex 184.58063491861037 193.53 14.495634918610405
    endloop
  endfacet
  facet normal 0 -1 0
    outer loop
      vertex 184.7703773486407 193.53 14.279275143819184
      vertex 187.40962265135929 193.53 14.279275143819184
      vertex 187.5993650813896 193.53 14.495634918610405
    endloop
  endfacet
  facet normal 0 -1 0
    outer loop
      vertex 184.58063491861037 193.53 14.495634918610405
      vertex 187.81572485618082 193.53 14.685377348640717
      vertex 184.36427514381916 193.53 14.685377348640717
    endloop
  endfacet
  facet normal 0 -1 0
    outer loop
      vertex 184.36427514381916 193.53 14.685377348640717
      vertex 188.055 193.53 14.845255888325765
      vertex 184.12499999999997 193.53 14.845255888325765
    endloop
  endfacet
  facet normal 0 -1 0
    outer loop
      vertex 183.86690355120317 193.53 14.97253497152483
      vertex 184.12499999999997 193.53 14.845255888325765
      vertex 188.3130964487968 193.53 14.97253497152483
    endloop
  endfacet
  facet normal 0 -1 0
    outer loop
      vertex 184.58063491861037 193.53 14.495634918610405
      vertex 187.5993650813896 193.53 14.495634918610405
      vertex 187.81572485618082 193.53 14.685377348640717
    endloop
  endfacet
  facet normal 0 -1 0
    outer loop
      vertex 184.36427514381916 193.53 14.685377348640717
      vertex 187.81572485618082 193.53 14.685377348640717
      vertex 188.055 193.53 14.845255888325765
    endloop
  endfacet
  facet normal 0 -1 0
    outer loop
      vertex 184.12499999999997 193.53 14.845255888325765
      vertex 188.055 193.53 14.845255888325765
      vertex 188.3130964487968 193.53 14.97253497152483
    endloop
  endfacet
  facet normal 0 -1 0
    outer loop
      vertex 176.755 193.53 14.94
      vertex 182.1830964487968 193.53 14.97253497152483
      vertex 182.45559810077444 193.53 15.06503681783595
    endloop
  endfacet
  facet normal 0 -1 0
    outer loop
      vertex 176.755 193.53 14.94
      vertex 182.45559810077444 193.53 15.06503681783595
      vertex 182.73784237711587 193.53 15.121178695022383
    endloop
  endfacet
  facet normal 0 -1 0
    outer loop
      vertex 176.755 193.53 14.94
      vertex 182.73784237711587 193.53 15.121178695022383
      vertex 183.02499999999998 193.53 15.14
    endloop
  endfacet
  facet normal 0 -1 0
    outer loop
      vertex 183.59440189922552 193.53 15.06503681783595
      vertex 188.8678423771159 193.53 15.121178695022383
      vertex 183.3121576228841 193.53 15.121178695022383
    endloop
  endfacet
  facet normal 0 -1 0
    outer loop
      vertex 183.02499999999998 193.53 15.14
      vertex 183.3121576228841 193.53 15.121178695022383
      vertex 189.155 193.53 15.14
    endloop
  endfacet
  facet normal 0 -1 0
    outer loop
      vertex 183.86690355120317 193.53 14.97253497152483
      vertex 188.58559810077446 193.53 15.06503681783595
      vertex 183.59440189922552 193.53 15.06503681783595
    endloop
  endfacet
  facet normal 0 -1 0
    outer loop
      vertex 183.86690355120317 193.53 14.97253497152483
      vertex 188.3130964487968 193.53 14.97253497152483
      vertex 188.58559810077446 193.53 15.06503681783595
    endloop
  endfacet
  facet normal 0 -1 0
    outer loop
      vertex 183.59440189922552 193.53 15.06503681783595
      vertex 188.58559810077446 193.53 15.06503681783595
      vertex 188.8678423771159 193.53 15.121178695022383
    endloop
  endfacet
  facet normal 0 -1 0
    outer loop
      vertex 183.3121576228841 193.53 15.121178695022383
      vertex 188.8678423771159 193.53 15.121178695022383
      vertex 189.155 193.53 15.14
    endloop
  endfacet
  facet normal 0 -1 0
    outer loop
      vertex 194.5769237886467 193.53 9.5
      vertex 194.40336140246615 193.53 9.851949702904731
      vertex 189.9969035512032 193.53 10.907465028475169
    endloop
  endfacet
  facet normal 0 -1 0
    outer loop
      vertex 194.40336140246615 193.53 9.851949702904731
      vertex 190.255 193.53 11.034744111674234
      vertex 189.9969035512032 193.53 10.907465028475169
    endloop
  endfacet
  facet normal 0 -1 0
    outer loop
      vertex 194.40336140246615 193.53 9.851949702904731
      vertex 194.2772225211328 193.53 10.223542864692437
      vertex 190.255 193.53 11.034744111674234
    endloop
  endfacet
  facet normal 0 -1 0
    outer loop
      vertex 195.05367965644038 193.53 8.878679656440358
      vertex 194.7949399791263 193.53 9.173715712973838
      vertex 189.9969035512032 193.53 10.907465028475169
    endloop
  endfacet
  facet normal 0 -1 0
    outer loop
      vertex 194.7949399791263 193.53 9.173715712973838
      vertex 194.5769237886467 193.53 9.5
      vertex 189.9969035512032 193.53 10.907465028475169
    endloop
  endfacet
  facet normal 0 -1 0
    outer loop
      vertex 194.2772225211328 193.53 10.223542864692437
      vertex 190.49427514381918 193.53 11.194622651359282
      vertex 190.255 193.53 11.034744111674234
    endloop
  endfacet
  facet normal 0 -1 0
    outer loop
      vertex 194.2772225211328 193.53 10.223542864692437
      vertex 190.7106349186104 193.53 11.384365081389594
      vertex 190.49427514381918 193.53 11.194622651359282
    endloop
  endfacet
  facet normal 0 -1 0
    outer loop
      vertex 194.2772225211328 193.53 10.223542864692437
      vertex 194.20066541587858 193.53 10.608421423339845
      vertex 190.7106349186104 193.53 11.384365081389594
    endloop
  endfacet
  facet normal 0 -1 0
    outer loop
      vertex 194.20066541587858 193.53 10.608421423339845
      vertex 190.90037734864072 193.53 11.600724856180815
      vertex 190.7106349186104 193.53 11.384365081389594
    endloop
  endfacet
  facet normal 0 -1 0
    outer loop
      vertex 194.20066541587858 193.53 10.608421423339845
      vertex 194.175 193.53 11
      vertex 190.90037734864072 193.53 11.600724856180815
    endloop
  endfacet
  facet normal 0 -1 0
    outer loop
      vertex 190.90037734864072 193.53 11.600724856180815
      vertex 194.175 193.53 11
      vertex 191.06025588832577 193.53 11.84
    endloop
  endfacet
  facet normal 0 -1 0
    outer loop
      vertex 191.06025588832577 193.53 11.84
      vertex 194.20066541587858 193.53 11.391578576660155
      vertex 191.18753497152483 193.53 12.098096448796802
    endloop
  endfacet
  facet normal 0 -1 0
    outer loop
      vertex 191.18753497152483 193.53 12.098096448796802
      vertex 194.20066541587858 193.53 11.391578576660155
      vertex 191.28003681783596 193.53 12.370598100774455
    endloop
  endfacet
  facet normal 0 -1 0
    outer loop
      vertex 191.28003681783596 193.53 12.370598100774455
      vertex 194.2772225211328 193.53 11.776457135307563
      vertex 191.3361786950224 193.53 12.652842377115887
    endloop
  endfacet
  facet normal 0 -1 0
    outer loop
      vertex 191.3361786950224 193.53 12.652842377115887
      vertex 194.40336140246615 193.53 12.148050297095269
      vertex 191.355 193.53 12.94
    endloop
  endfacet
  facet normal 0 -1 0
    outer loop
      vertex 191.06025588832577 193.53 11.84
      vertex 194.175 193.53 11
      vertex 194.20066541587858 193.53 11.391578576660155
    endloop
  endfacet
  facet normal 0 -1 0
    outer loop
      vertex 191.28003681783596 193.53 12.370598100774455
      vertex 194.20066541587858 193.53 11.391578576660155
      vertex 194.2772225211328 193.53 11.776457135307563
    endloop
  endfacet
  facet normal 0 -1 0
    outer loop
      vertex 191.3361786950224 193.53 12.652842377115887
      vertex 194.2772225211328 193.53 11.776457135307563
      vertex 194.40336140246615 193.53 12.148050297095269
    endloop
  endfacet
  facet normal 0 -1 0
    outer loop
      vertex 194.40336140246615 193.53 12.148050297095269
      vertex 194.5769237886467 193.53 12.5
      vertex 191.355 193.53 12.94
    endloop
  endfacet
  facet normal 0 -1 0
    outer loop
      vertex 194.5769237886467 193.53 12.5
      vertex 191.3361786950224 193.53 13.227157622884112
      vertex 191.355 193.53 12.94
    endloop
  endfacet
  facet normal 0 -1 0
    outer loop
      vertex 194.7949399791263 193.53 12.826284287026162
      vertex 191.28003681783596 193.53 13.509401899225544
      vertex 191.3361786950224 193.53 13.227157622884112
    endloop
  endfacet
  facet normal 0 -1 0
    outer loop
      vertex 191.28003681783596 193.53 13.509401899225544
      vertex 195.05367965644038 193.53 13.121320343559642
      vertex 191.18753497152483 193.53 13.781903551203197
    endloop
  endfacet
  facet normal 0 -1 0
    outer loop
      vertex 191.18753497152483 193.53 13.781903551203197
      vertex 195.05367965644038 193.53 13.121320343559642
      vertex 191.06025588832577 193.53 14.04
    endloop
  endfacet
  facet normal 0 -1 0
    outer loop
      vertex 191.06025588832577 193.53 14.04
      vertex 195.34871571297384 193.53 13.380060020873707
      vertex 190.90037734864072 193.53 14.279275143819184
    endloop
  endfacet
  facet normal 0 -1 0
    outer loop
      vertex 190.90037734864072 193.53 14.279275143819184
      vertex 195.675 193.53 13.598076211353316
      vertex 190.7106349186104 193.53 14.495634918610405
    endloop
  endfacet
  facet normal 0 -1 0
    outer loop
      vertex 190.7106349186104 193.53 14.495634918610405
      vertex 195.675 193.53 13.598076211353316
      vertex 190.49427514381918 193.53 14.685377348640717
    endloop
  endfacet
  facet normal 0 -1 0
    outer loop
      vertex 190.255 193.53 14.845255888325765
      vertex 190.49427514381918 193.53 14.685377348640717
      vertex 195.675 193.53 13.598076211353316
    endloop
  endfacet
  facet normal 0 -1 0
    outer loop
      vertex 189.9969035512032 193.53 14.97253497152483
      vertex 190.255 193.53 14.845255888325765
      vertex 195.675 193.53 13.598076211353316
    endloop
  endfacet
  facet normal 0 -1 0
    outer loop
      vertex 189.9969035512032 193.53 14.97253497152483
      vertex 195.675 193.53 13.598076211353316
      vertex 189.72440189922554 193.53 15.06503681783595
    endloop
  endfacet
  facet normal 0 -1 0
    outer loop
      vertex 194.5769237886467 193.53 12.5
      vertex 194.7949399791263 193.53 12.826284287026162
      vertex 191.3361786950224 193.53 13.227157622884112
    endloop
  endfacet
  facet normal 0 -1 0
    outer loop
      vertex 194.7949399791263 193.53 12.826284287026162
      vertex 195.05367965644038 193.53 13.121320343559642
      vertex 191.28003681783596 193.53 13.509401899225544
    endloop
  endfacet
  facet normal 0 -1 0
    outer loop
      vertex 191.06025588832577 193.53 14.04
      vertex 195.05367965644038 193.53 13.121320343559642
      vertex 195.34871571297384 193.53 13.380060020873707
    endloop
  endfacet
  facet normal 0 -1 0
    outer loop
      vertex 190.90037734864072 193.53 14.279275143819184
      vertex 195.34871571297384 193.53 13.380060020873707
      vertex 195.675 193.53 13.598076211353316
    endloop
  endfacet
  facet normal -1 0 0
    outer loop
      vertex 237.925 143.98305671079808 3.01
      vertex 237.925 142.5 3.8853062602679356
      vertex 237.925 182.29500000000002 9
    endloop
  endfacet
  facet normal -1 0 0
    outer loop
      vertex 237.925 142.5 3.8853062602679356
      vertex 237.925 142.5 20.32706894509078
      vertex 237.925 166.29500000000002 9
    endloop
  endfacet
  facet normal 0 -1 0
    outer loop
      vertex 197.175 193.53 8
      vertex 237.925 193.53 3.01
      vertex 197.56657857666016 193.53 8.025665415878569
    endloop
  endfacet
  facet normal 0 -1 0
    outer loop
      vertex 197.56657857666016 193.53 8.025665415878569
      vertex 237.925 193.53 3.01
      vertex 197.95145713530758 193.53 8.102222521132795
    endloop
  endfacet
  facet normal 0 -1 0
    outer loop
      vertex 197.95145713530758 193.53 8.102222521132795
      vertex 237.925 193.53 3.01
      vertex 198.32305029709528 193.53 8.22836140246614
    endloop
  endfacet
  facet normal 0 -1 0
    outer loop
      vertex 198.32305029709528 193.53 8.22836140246614
      vertex 237.925 193.53 3.01
      vertex 198.675 193.53 8.401923788646684
    endloop
  endfacet
  facet normal 0 -1 0
    outer loop
      vertex 198.675 193.53 8.401923788646684
      vertex 237.925 193.53 3.01
      vertex 199.00128428702618 193.53 8.619939979126293
    endloop
  endfacet
  facet normal 0 -1 0
    outer loop
      vertex 199.00128428702618 193.53 8.619939979126293
      vertex 237.925 193.53 3.01
      vertex 199.29632034355964 193.53 8.878679656440358
    endloop
  endfacet
  facet normal 0 -1 0
    outer loop
      vertex 199.29632034355964 193.53 8.878679656440358
      vertex 237.925 193.53 3.01
      vertex 199.55506002087373 193.53 9.173715712973838
    endloop
  endfacet
  facet normal 0 -1 0
    outer loop
      vertex 199.55506002087373 193.53 9.173715712973838
      vertex 237.925 193.53 3.01
      vertex 199.77307621135333 193.53 9.5
    endloop
  endfacet
  facet normal 0 -1 0
    outer loop
      vertex 199.77307621135333 193.53 9.5
      vertex 237.925 193.53 3.01
      vertex 199.94663859753388 193.53 9.851949702904731
    endloop
  endfacet
  facet normal 0 -1 0
    outer loop
      vertex 199.94663859753388 193.53 9.851949702904731
      vertex 237.925 193.53 3.01
      vertex 200.0727774788672 193.53 10.223542864692437
    endloop
  endfacet
  facet normal 0 -1 0
    outer loop
      vertex 200.0727774788672 193.53 10.223542864692437
      vertex 237.925 193.53 3.01
      vertex 200.14933458412145 193.53 10.608421423339845
    endloop
  endfacet
  facet normal 0 -1 0
    outer loop
      vertex 200.14933458412145 193.53 10.608421423339845
      vertex 237.925 193.53 3.01
      vertex 200.175 193.53 11
    endloop
  endfacet
  facet normal 0 -1 0
    outer loop
      vertex 200.175 193.53 11
      vertex 237.925 193.53 3.01
      vertex 200.14933458412145 193.53 11.391578576660155
    endloop
  endfacet
  facet normal -1 0 0
    outer loop
      vertex 237.925 143.98305671079808 3.01
      vertex 237.925 182.29500000000002 9
      vertex 237.925 193.53 3.01
    endloop
  endfacet
  facet normal -1 0 0
    outer loop
      vertex 237.925 142.5 3.8853062602679356
      vertex 237.925 166.29500000000002 9
      vertex 237.925 182.29500000000002 9
    endloop
  endfacet
  facet normal 0 -1 0
    outer loop
      vertex 200.0727774788672 193.53 11.776457135307563
      vertex 237.925 193.53 3.01
      vertex 199.94663859753388 193.53 12.148050297095269
    endloop
  endfacet
  facet normal 0 -1 0
    outer loop
      vertex 200.14933458412145 193.53 11.391578576660155
      vertex 237.925 193.53 3.01
      vertex 200.0727774788672 193.53 11.776457135307563
    endloop
  endfacet
  facet normal 0 -1 0
    outer loop
      vertex 199.94663859753388 193.53 12.148050297095269
      vertex 237.925 193.53 3.01
      vertex 199.77307621135333 193.53 12.5
    endloop
  endfacet
  facet normal 0 -1 0
    outer loop
      vertex 199.77307621135333 193.53 12.5
      vertex 237.925 193.53 3.01
      vertex 237.925 193.53 26.235176023632413
    endloop
  endfacet
  facet normal -1 0 0
    outer loop
      vertex 237.925 193.53 3.01
      vertex 237.925 182.29500000000002 9
      vertex 237.925 182.29500000000002 19
    endloop
  endfacet
  facet normal -1 0 0
    outer loop
      vertex 237.925 193.53 3.01
      vertex 237.925 182.29500000000002 19
      vertex 237.925 193.53 26.235176023632413
    endloop
  endfacet
  facet normal 0 0 -1
    outer loop
      vertex 167 142.5 26.235176023632413
      vertex 167 193.53 26.235176023632413
      vertex 200 142.5 26.235176023632413
    endloop
  endfacet
  facet normal 0 0 -1
    outer loop
      vertex 200 142.5 26.235176023632413
      vertex 167 193.53 26.235176023632413
      vertex 237.925 142.5 26.235176023632413
    endloop
  endfacet
  facet normal 0 -1 0
    outer loop
      vertex 167 193.53 14.94
      vertex 183.02499999999998 193.53 15.14
      vertex 167 193.53 26.235176023632413
    endloop
  endfacet
  facet normal 0 -1 0
    outer loop
      vertex 183.02499999999998 193.53 15.14
      vertex 189.155 193.53 15.14
      vertex 167 193.53 26.235176023632413
    endloop
  endfacet
  facet normal 0 -1 0
    outer loop
      vertex 189.155 193.53 15.14
      vertex 189.4421576228841 193.53 15.121178695022383
      vertex 167 193.53 26.235176023632413
    endloop
  endfacet
  facet normal 0 -1 0
    outer loop
      vertex 189.72440189922554 193.53 15.06503681783595
      vertex 167 193.53 26.235176023632413
      vertex 189.4421576228841 193.53 15.121178695022383
    endloop
  endfacet
  facet normal 0 -1 0
    outer loop
      vertex 195.675 193.53 13.598076211353316
      vertex 196.02694970290474 193.53 13.77163859753386
      vertex 167 193.53 26.235176023632413
    endloop
  endfacet
  facet normal 0 -1 0
    outer loop
      vertex 196.02694970290474 193.53 13.77163859753386
      vertex 196.39854286469244 193.53 13.897777478867205
      vertex 167 193.53 26.235176023632413
    endloop
  endfacet
  facet normal 0 -1 0
    outer loop
      vertex 196.39854286469244 193.53 13.897777478867205
      vertex 196.78342142333986 193.53 13.974334584121431
      vertex 167 193.53 26.235176023632413
    endloop
  endfacet
  facet normal 0 -1 0
    outer loop
      vertex 196.78342142333986 193.53 13.974334584121431
      vertex 197.175 193.53 14
      vertex 167 193.53 26.235176023632413
    endloop
  endfacet
  facet normal 0 -1 0
    outer loop
      vertex 197.95145713530758 193.53 13.897777478867205
      vertex 167 193.53 26.235176023632413
      vertex 197.56657857666016 193.53 13.974334584121431
    endloop
  endfacet
  facet normal 0 -1 0
    outer loop
      vertex 197.175 193.53 14
      vertex 197.56657857666016 193.53 13.974334584121431
      vertex 167 193.53 26.235176023632413
    endloop
  endfacet
  facet normal 0 -1 0
    outer loop
      vertex 195.675 193.53 13.598076211353316
      vertex 167 193.53 26.235176023632413
      vertex 189.72440189922554 193.53 15.06503681783595
    endloop
  endfacet
  facet normal 0 -1 0
    outer loop
      vertex 197.95145713530758 193.53 13.897777478867205
      vertex 237.925 193.53 26.235176023632413
      vertex 167 193.53 26.235176023632413
    endloop
  endfacet
  facet normal 0 1 0
    outer loop
      vertex 200 142.5 20.32706894509078
      vertex 200 142.5 26.235176023632413
      vertex 237.925 142.5 26.235176023632413
    endloop
  endfacet
  facet normal 0 1 0
    outer loop
      vertex 200 142.5 20.32706894509078
      vertex 237.925 142.5 26.235176023632413
      vertex 237.925 142.5 20.32706894509078
    endloop
  endfacet
  facet normal -1 0 0
    outer loop
      vertex 237.925 166.29500000000002 9
      vertex 237.925 142.5 20.32706894509078
      vertex 237.925 142.5 26.235176023632413
    endloop
  endfacet
  facet normal -1 0 0
    outer loop
      vertex 237.925 166.29500000000002 9
      vertex 237.925 142.5 26.235176023632413
      vertex 237.925 166.29500000000002 19
    endloop
  endfacet
  facet normal 0 -1 0
    outer loop
      vertex 199.55506002087373 193.53 12.826284287026162
      vertex 199.77307621135333 193.53 12.5
      vertex 237.925 193.53 26.235176023632413
    endloop
  endfacet
  facet normal 0 -1 0
    outer loop
      vertex 199.55506002087373 193.53 12.826284287026162
      vertex 237.925 193.53 26.235176023632413
      vertex 199.29632034355964 193.53 13.121320343559642
    endloop
  endfacet
  facet normal 0 -1 0
    outer loop
      vertex 199.29632034355964 193.53 13.121320343559642
      vertex 237.925 193.53 26.235176023632413
      vertex 199.00128428702618 193.53 13.380060020873707
    endloop
  endfacet
  facet normal 0 -1 0
    outer loop
      vertex 198.675 193.53 13.598076211353316
      vertex 199.00128428702618 193.53 13.380060020873707
      vertex 237.925 193.53 26.235176023632413
    endloop
  endfacet
  facet normal 0 -1 0
    outer loop
      vertex 198.675 193.53 13.598076211353316
      vertex 237.925 193.53 26.235176023632413
      vertex 198.32305029709528 193.53 13.77163859753386
    endloop
  endfacet
  facet normal 0 -1 0
    outer loop
      vertex 197.95145713530758 193.53 13.897777478867205
      vertex 198.32305029709528 193.53 13.77163859753386
      vertex 237.925 193.53 26.235176023632413
    endloop
  endfacet
  facet normal -1 0 0
    outer loop
      vertex 237.925 142.5 26.235176023632413
      vertex 237.925 193.53 26.235176023632413
      vertex 237.925 166.29500000000002 19
    endloop
  endfacet
  facet normal -1 0 0
    outer loop
      vertex 237.925 166.29500000000002 19
      vertex 237.925 193.53 26.235176023632413
      vertex 237.925 182.29500000000002 19
    endloop
  endfacet
  facet normal 0 0 -1
    outer loop
      vertex 167 193.53 26.235176023632413
      vertex 237.925 193.53 26.235176023632413
      vertex 237.925 142.5 26.235176023632413
    endloop
  endfacet
  facet normal 0.19509032201613385 0 0.9807852804032294
    outer loop
      vertex 182.45559810077444 193.53 10.81496318216405
      vertex 182.73784237711587 193.53 10.758821304977616
      vertex 182.73784237711587 196.53 10.758821304977616
    endloop
  endfacet
  facet normal 0.44228869021899436 0 0.8968727415326917
    outer loop
      vertex 182.1830964487968 193.53 10.907465028475169
      vertex 182.1830964487968 196.53 10.907465028475169
      vertex 181.92499999999998 193.53 11.034744111674234
    endloop
  endfacet
  facet normal 0.3214394653031647 0 0.9469301294951047
    outer loop
      vertex 182.45559810077444 193.53 10.81496318216405
      vertex 182.45559810077444 196.53 10.81496318216405
      vertex 182.1830964487968 193.53 10.907465028475169
    endloop
  endfacet
  facet normal 0.5555702330196028 0 0.8314696123025448
    outer loop
      vertex 181.92499999999998 193.53 11.034744111674234
      vertex 181.92499999999998 196.53 11.034744111674234
      vertex 181.6857248561808 193.53 11.194622651359282
    endloop
  endfacet
  facet normal 0.19509032201613385 0 0.9807852804032294
    outer loop
      vertex 182.45559810077444 193.53 10.81496318216405
      vertex 182.73784237711587 196.53 10.758821304977616
      vertex 182.45559810077444 196.53 10.81496318216405
    endloop
  endfacet
  facet normal 0.3214394653031647 0 0.9469301294951047
    outer loop
      vertex 182.1830964487968 193.53 10.907465028475169
      vertex 182.45559810077444 196.53 10.81496318216405
      vertex 182.1830964487968 196.53 10.907465028475169
    endloop
  endfacet
  facet normal 0.5555702330196028 0 0.8314696123025448
    outer loop
      vertex 181.6857248561808 193.53 11.194622651359282
      vertex 181.92499999999998 196.53 11.034744111674234
      vertex 181.6857248561808 196.53 11.194622651359282
    endloop
  endfacet
  facet normal 0.44228869021899436 0 0.8968727415326917
    outer loop
      vertex 181.92499999999998 193.53 11.034744111674234
      vertex 182.1830964487968 196.53 10.907465028475169
      vertex 181.92499999999998 196.53 11.034744111674234
    endloop
  endfacet
  facet normal 0.8314696123025362 0 0.5555702330196156
    outer loop
      vertex 181.27962265135926 193.53 11.600724856180815
      vertex 181.27962265135926 196.53 11.600724856180815
      vertex 181.1197441116742 193.53 11.84
    endloop
  endfacet
  facet normal 0.7518398074789642 0 0.6593458151000838
    outer loop
      vertex 181.27962265135926 193.53 11.600724856180815
      vertex 181.46936508138958 196.53 11.384365081389594
      vertex 181.27962265135926 196.53 11.600724856180815
    endloop
  endfacet
  facet normal 0.8314696123025362 0 0.5555702330196156
    outer loop
      vertex 181.1197441116742 193.53 11.84
      vertex 181.27962265135926 196.53 11.600724856180815
      vertex 181.1197441116742 196.53 11.84
    endloop
  endfacet
  facet normal 0.6593458151000756 0 0.7518398074789715
    outer loop
      vertex 181.6857248561808 193.53 11.194622651359282
      vertex 181.6857248561808 196.53 11.194622651359282
      vertex 181.46936508138958 193.53 11.384365081389594
    endloop
  endfacet
  facet normal 0.7518398074789642 0 0.6593458151000838
    outer loop
      vertex 181.27962265135926 193.53 11.600724856180815
      vertex 181.46936508138958 193.53 11.384365081389594
      vertex 181.46936508138958 196.53 11.384365081389594
    endloop
  endfacet
  facet normal 0.6593458151000756 0 0.7518398074789715
    outer loop
      vertex 181.46936508138958 193.53 11.384365081389594
      vertex 181.6857248561808 196.53 11.194622651359282
      vertex 181.46936508138958 196.53 11.384365081389594
    endloop
  endfacet
  facet normal 0.8968727415327016 0 0.44228869021897443
    outer loop
      vertex 181.1197441116742 193.53 11.84
      vertex 181.1197441116742 196.53 11.84
      vertex 180.99246502847515 193.53 12.098096448796802
    endloop
  endfacet
  facet normal 0.9469301294950871 0 0.32143946530321627
    outer loop
      vertex 180.99246502847515 193.53 12.098096448796802
      vertex 180.99246502847515 196.53 12.098096448796802
      vertex 180.89996318216402 193.53 12.370598100774455
    endloop
  endfacet
  facet normal 0.8968727415327016 0 0.44228869021897443
    outer loop
      vertex 180.99246502847515 193.53 12.098096448796802
      vertex 181.1197441116742 196.53 11.84
      vertex 180.99246502847515 196.53 12.098096448796802
    endloop
  endfacet
  facet normal 0.9469301294950871 0 0.32143946530321627
    outer loop
      vertex 180.89996318216402 193.53 12.370598100774455
      vertex 180.99246502847515 196.53 12.098096448796802
      vertex 180.89996318216402 196.53 12.370598100774455
    endloop
  endfacet
  facet normal 0.9807852804032295 0 0.19509032201613263
    outer loop
      vertex 180.89996318216402 193.53 12.370598100774455
      vertex 180.89996318216402 196.53 12.370598100774455
      vertex 180.84382130497758 193.53 12.652842377115887
    endloop
  endfacet
  facet normal 0.997858923238609 0 0.06540312923005807
    outer loop
      vertex 180.84382130497758 193.53 12.652842377115887
      vertex 180.84382130497758 196.53 12.652842377115887
      vertex 180.825 193.53 12.94
    endloop
  endfacet
  facet normal 0.9807852804032295 0 0.19509032201613263
    outer loop
      vertex 180.84382130497758 193.53 12.652842377115887
      vertex 180.89996318216402 196.53 12.370598100774455
      vertex 180.84382130497758 196.53 12.652842377115887
    endloop
  endfacet
  facet normal 0.06540312923014494 0 0.9978589232386034
    outer loop
      vertex 182.73784237711587 193.53 10.758821304977616
      vertex 183.02499999999998 193.53 10.739999999999998
      vertex 183.02499999999998 196.53 10.739999999999998
    endloop
  endfacet
  facet normal -0.06540312923014494 0 0.9978589232386034
    outer loop
      vertex 183.02499999999998 193.53 10.739999999999998
      vertex 183.3121576228841 193.53 10.758821304977616
      vertex 183.3121576228841 196.53 10.758821304977616
    endloop
  endfacet
  facet normal -0.19509032201613385 0 0.9807852804032294
    outer loop
      vertex 183.3121576228841 193.53 10.758821304977616
      vertex 183.59440189922552 193.53 10.81496318216405
      vertex 183.59440189922552 196.53 10.81496318216405
    endloop
  endfacet
  facet normal -0.3214394653031647 0 0.9469301294951047
    outer loop
      vertex 183.59440189922552 193.53 10.81496318216405
      vertex 183.86690355120317 193.53 10.907465028475169
      vertex 183.86690355120317 196.53 10.907465028475169
    endloop
  endfacet
  facet normal 0.06540312923014494 0 0.9978589232386034
    outer loop
      vertex 182.73784237711587 193.53 10.758821304977616
      vertex 183.02499999999998 196.53 10.739999999999998
      vertex 182.73784237711587 196.53 10.758821304977616
    endloop
  endfacet
  facet normal -0.06540312923014494 0 0.9978589232386034
    outer loop
      vertex 183.02499999999998 193.53 10.739999999999998
      vertex 183.3121576228841 196.53 10.758821304977616
      vertex 183.02499999999998 196.53 10.739999999999998
    endloop
  endfacet
  facet normal -0.19509032201613385 0 0.9807852804032294
    outer loop
      vertex 183.3121576228841 193.53 10.758821304977616
      vertex 183.59440189922552 196.53 10.81496318216405
      vertex 183.3121576228841 196.53 10.758821304977616
    endloop
  endfacet
  facet normal -0.3214394653031647 0 0.9469301294951047
    outer loop
      vertex 183.59440189922552 193.53 10.81496318216405
      vertex 183.86690355120317 196.53 10.907465028475169
      vertex 183.59440189922552 196.53 10.81496318216405
    endloop
  endfacet
  facet normal -0.44228869021899436 0 0.8968727415326917
    outer loop
      vertex 183.86690355120317 193.53 10.907465028475169
      vertex 184.12499999999997 196.53 11.034744111674234
      vertex 183.86690355120317 196.53 10.907465028475169
    endloop
  endfacet
  facet normal -0.44228869021899436 0 0.8968727415326917
    outer loop
      vertex 183.86690355120317 193.53 10.907465028475169
      vertex 184.12499999999997 193.53 11.034744111674234
      vertex 184.12499999999997 196.53 11.034744111674234
    endloop
  endfacet
  facet normal -0.5555702330196028 0 0.8314696123025448
    outer loop
      vertex 184.12499999999997 193.53 11.034744111674234
      vertex 184.36427514381916 193.53 11.194622651359282
      vertex 184.36427514381916 196.53 11.194622651359282
    endloop
  endfacet
  facet normal -0.5555702330196028 0 0.8314696123025448
    outer loop
      vertex 184.12499999999997 193.53 11.034744111674234
      vertex 184.36427514381916 196.53 11.194622651359282
      vertex 184.12499999999997 196.53 11.034744111674234
    endloop
  endfacet
  facet normal -0.6593458151000756 0 0.7518398074789715
    outer loop
      vertex 184.36427514381916 193.53 11.194622651359282
      vertex 184.58063491861037 193.53 11.384365081389594
      vertex 184.58063491861037 196.53 11.384365081389594
    endloop
  endfacet
  facet normal -0.7518398074789642 0 0.6593458151000838
    outer loop
      vertex 184.58063491861037 193.53 11.384365081389594
      vertex 184.7703773486407 193.53 11.600724856180815
      vertex 184.7703773486407 196.53 11.600724856180815
    endloop
  endfacet
  facet normal -0.8314696123025362 0 0.5555702330196156
    outer loop
      vertex 184.7703773486407 193.53 11.600724856180815
      vertex 184.93025588832575 193.53 11.84
      vertex 184.93025588832575 196.53 11.84
    endloop
  endfacet
  facet normal -0.6593458151000756 0 0.7518398074789715
    outer loop
      vertex 184.36427514381916 193.53 11.194622651359282
      vertex 184.58063491861037 196.53 11.384365081389594
      vertex 184.36427514381916 196.53 11.194622651359282
    endloop
  endfacet
  facet normal -0.7518398074789642 0 0.6593458151000838
    outer loop
      vertex 184.58063491861037 193.53 11.384365081389594
      vertex 184.7703773486407 196.53 11.600724856180815
      vertex 184.58063491861037 196.53 11.384365081389594
    endloop
  endfacet
  facet normal -0.8314696123025362 0 0.5555702330196156
    outer loop
      vertex 184.7703773486407 193.53 11.600724856180815
      vertex 184.93025588832575 196.53 11.84
      vertex 184.7703773486407 196.53 11.600724856180815
    endloop
  endfacet
  facet normal -0.8968727415327016 0 0.44228869021897443
    outer loop
      vertex 184.93025588832575 193.53 11.84
      vertex 185.0575349715248 193.53 12.098096448796802
      vertex 185.0575349715248 196.53 12.098096448796802
    endloop
  endfacet
  facet normal -0.9469301294950871 0 0.32143946530321627
    outer loop
      vertex 185.0575349715248 193.53 12.098096448796802
      vertex 185.15003681783594 193.53 12.370598100774455
      vertex 185.15003681783594 196.53 12.370598100774455
    endloop
  endfacet
  facet normal -0.8968727415327016 0 0.44228869021897443
    outer loop
      vertex 184.93025588832575 193.53 11.84
      vertex 185.0575349715248 196.53 12.098096448796802
      vertex 184.93025588832575 196.53 11.84
    endloop
  endfacet
  facet normal -0.9469301294950871 0 0.32143946530321627
    outer loop
      vertex 185.0575349715248 193.53 12.098096448796802
      vertex 185.15003681783594 196.53 12.370598100774455
      vertex 185.0575349715248 196.53 12.098096448796802
    endloop
  endfacet
  facet normal -0.9807852804032295 0 0.19509032201613263
    outer loop
      vertex 185.15003681783594 193.53 12.370598100774455
      vertex 185.20617869502237 193.53 12.652842377115887
      vertex 185.20617869502237 196.53 12.652842377115887
    endloop
  endfacet
  facet normal -0.9807852804032295 0 0.19509032201613263
    outer loop
      vertex 185.15003681783594 193.53 12.370598100774455
      vertex 185.20617869502237 196.53 12.652842377115887
      vertex 185.15003681783594 196.53 12.370598100774455
    endloop
  endfacet
  facet normal -0.997858923238609 0 0.06540312923005807
    outer loop
      vertex 185.20617869502237 193.53 12.652842377115887
      vertex 185.22499999999997 196.53 12.94
      vertex 185.20617869502237 196.53 12.652842377115887
    endloop
  endfacet
  facet normal 0.997858923238609 0 -0.06540312923005807
    outer loop
      vertex 180.825 193.53 12.94
      vertex 180.825 196.53 12.94
      vertex 180.84382130497758 193.53 13.227157622884112
    endloop
  endfacet
  facet normal 0.9807852804032295 0 -0.19509032201613263
    outer loop
      vertex 180.84382130497758 193.53 13.227157622884112
      vertex 180.84382130497758 196.53 13.227157622884112
      vertex 180.89996318216402 193.53 13.509401899225544
    endloop
  endfacet
  facet normal 0.997858923238609 0 0.06540312923005807
    outer loop
      vertex 180.84382130497758 196.53 12.652842377115887
      vertex 180.825 196.53 12.94
      vertex 180.825 193.53 12.94
    endloop
  endfacet
  facet normal 0.997858923238609 0 -0.06540312923005807
    outer loop
      vertex 180.84382130497758 193.53 13.227157622884112
      vertex 180.825 196.53 12.94
      vertex 180.84382130497758 196.53 13.227157622884112
    endloop
  endfacet
  facet normal 0.9469301294950871 0 -0.32143946530321627
    outer loop
      vertex 180.89996318216402 193.53 13.509401899225544
      vertex 180.89996318216402 196.53 13.509401899225544
      vertex 180.99246502847515 193.53 13.781903551203197
    endloop
  endfacet
  facet normal 0.8968727415327016 0 -0.44228869021897443
    outer loop
      vertex 180.99246502847515 193.53 13.781903551203197
      vertex 180.99246502847515 196.53 13.781903551203197
      vertex 181.1197441116742 193.53 14.04
    endloop
  endfacet
  facet normal 0.9807852804032295 0 -0.19509032201613263
    outer loop
      vertex 180.89996318216402 193.53 13.509401899225544
      vertex 180.84382130497758 196.53 13.227157622884112
      vertex 180.89996318216402 196.53 13.509401899225544
    endloop
  endfacet
  facet normal 0.9469301294950871 0 -0.32143946530321627
    outer loop
      vertex 180.99246502847515 193.53 13.781903551203197
      vertex 180.89996318216402 196.53 13.509401899225544
      vertex 180.99246502847515 196.53 13.781903551203197
    endloop
  endfacet
  facet normal 0.8314696123025362 0 -0.5555702330196156
    outer loop
      vertex 181.1197441116742 193.53 14.04
      vertex 181.1197441116742 196.53 14.04
      vertex 181.27962265135926 193.53 14.279275143819184
    endloop
  endfacet
  facet normal 0.7518398074789642 0 -0.6593458151000838
    outer loop
      vertex 181.27962265135926 193.53 14.279275143819184
      vertex 181.27962265135926 196.53 14.279275143819184
      vertex 181.46936508138958 193.53 14.495634918610405
    endloop
  endfacet
  facet normal 0.8968727415327016 0 -0.44228869021897443
    outer loop
      vertex 181.1197441116742 193.53 14.04
      vertex 180.99246502847515 196.53 13.781903551203197
      vertex 181.1197441116742 196.53 14.04
    endloop
  endfacet
  facet normal 0.8314696123025362 0 -0.5555702330196156
    outer loop
      vertex 181.27962265135926 193.53 14.279275143819184
      vertex 181.1197441116742 196.53 14.04
      vertex 181.27962265135926 196.53 14.279275143819184
    endloop
  endfacet
  facet normal 0.7518398074789642 0 -0.6593458151000838
    outer loop
      vertex 181.46936508138958 193.53 14.495634918610405
      vertex 181.27962265135926 196.53 14.279275143819184
      vertex 181.46936508138958 196.53 14.495634918610405
    endloop
  endfacet
  facet normal 0.6593458151000756 0 -0.7518398074789715
    outer loop
      vertex 181.46936508138958 193.53 14.495634918610405
      vertex 181.46936508138958 196.53 14.495634918610405
      vertex 181.6857248561808 193.53 14.685377348640717
    endloop
  endfacet
  facet normal 0.5555702330196028 0 -0.8314696123025448
    outer loop
      vertex 181.6857248561808 193.53 14.685377348640717
      vertex 181.6857248561808 196.53 14.685377348640717
      vertex 181.92499999999998 193.53 14.845255888325765
    endloop
  endfacet
  facet normal 0.44228869021899436 0 -0.8968727415326917
    outer loop
      vertex 181.92499999999998 193.53 14.845255888325765
      vertex 181.92499999999998 196.53 14.845255888325765
      vertex 182.1830964487968 193.53 14.97253497152483
    endloop
  endfacet
  facet normal 0.6593458151000756 0 -0.7518398074789715
    outer loop
      vertex 181.6857248561808 193.53 14.685377348640717
      vertex 181.46936508138958 196.53 14.495634918610405
      vertex 181.6857248561808 196.53 14.685377348640717
    endloop
  endfacet
  facet normal 0.5555702330196028 0 -0.8314696123025448
    outer loop
      vertex 181.92499999999998 193.53 14.845255888325765
      vertex 181.6857248561808 196.53 14.685377348640717
      vertex 181.92499999999998 196.53 14.845255888325765
    endloop
  endfacet
  facet normal 0.44228869021899436 0 -0.8968727415326917
    outer loop
      vertex 182.1830964487968 193.53 14.97253497152483
      vertex 181.92499999999998 196.53 14.845255888325765
      vertex 182.1830964487968 196.53 14.97253497152483
    endloop
  endfacet
  facet normal -0.997858923238609 0 0.06540312923005807
    outer loop
      vertex 185.20617869502237 193.53 12.652842377115887
      vertex 185.22499999999997 193.53 12.94
      vertex 185.22499999999997 196.53 12.94
    endloop
  endfacet
  facet normal -0.997858923238609 0 -0.06540312923005807
    outer loop
      vertex 185.22499999999997 193.53 12.94
      vertex 185.20617869502237 193.53 13.227157622884112
      vertex 185.20617869502237 196.53 13.227157622884112
    endloop
  endfacet
  facet normal -0.997858923238609 0 -0.06540312923005807
    outer loop
      vertex 185.22499999999997 193.53 12.94
      vertex 185.20617869502237 196.53 13.227157622884112
      vertex 185.22499999999997 196.53 12.94
    endloop
  endfacet
  facet normal -0.9807852804032295 0 -0.19509032201613263
    outer loop
      vertex 185.20617869502237 193.53 13.227157622884112
      vertex 185.15003681783594 196.53 13.509401899225544
      vertex 185.20617869502237 196.53 13.227157622884112
    endloop
  endfacet
  facet normal -0.9807852804032295 0 -0.19509032201613263
    outer loop
      vertex 185.20617869502237 193.53 13.227157622884112
      vertex 185.15003681783594 193.53 13.509401899225544
      vertex 185.15003681783594 196.53 13.509401899225544
    endloop
  endfacet
  facet normal -0.9469301294950871 0 -0.32143946530321627
    outer loop
      vertex 185.15003681783594 193.53 13.509401899225544
      vertex 185.0575349715248 193.53 13.781903551203197
      vertex 185.0575349715248 196.53 13.781903551203197
    endloop
  endfacet
  facet normal -0.9469301294950871 0 -0.32143946530321627
    outer loop
      vertex 185.15003681783594 193.53 13.509401899225544
      vertex 185.0575349715248 196.53 13.781903551203197
      vertex 185.15003681783594 196.53 13.509401899225544
    endloop
  endfacet
  facet normal -0.8968727415327016 0 -0.44228869021897443
    outer loop
      vertex 185.0575349715248 193.53 13.781903551203197
      vertex 184.93025588832575 196.53 14.04
      vertex 185.0575349715248 196.53 13.781903551203197
    endloop
  endfacet
  facet normal -0.8968727415327016 0 -0.44228869021897443
    outer loop
      vertex 185.0575349715248 193.53 13.781903551203197
      vertex 184.93025588832575 193.53 14.04
      vertex 184.93025588832575 196.53 14.04
    endloop
  endfacet
  facet normal -0.8314696123025362 0 -0.5555702330196156
    outer loop
      vertex 184.93025588832575 193.53 14.04
      vertex 184.7703773486407 193.53 14.279275143819184
      vertex 184.7703773486407 196.53 14.279275143819184
    endloop
  endfacet
  facet normal -0.7518398074789642 0 -0.6593458151000838
    outer loop
      vertex 184.7703773486407 193.53 14.279275143819184
      vertex 184.58063491861037 193.53 14.495634918610405
      vertex 184.58063491861037 196.53 14.495634918610405
    endloop
  endfacet
  facet normal -0.8314696123025362 0 -0.5555702330196156
    outer loop
      vertex 184.93025588832575 193.53 14.04
      vertex 184.7703773486407 196.53 14.279275143819184
      vertex 184.93025588832575 196.53 14.04
    endloop
  endfacet
  facet normal -0.7518398074789642 0 -0.6593458151000838
    outer loop
      vertex 184.7703773486407 193.53 14.279275143819184
      vertex 184.58063491861037 196.53 14.495634918610405
      vertex 184.7703773486407 196.53 14.279275143819184
    endloop
  endfacet
  facet normal -0.44228869021899436 0 -0.8968727415326917
    outer loop
      vertex 183.86690355120317 193.53 14.97253497152483
      vertex 183.86690355120317 196.53 14.97253497152483
      vertex 184.12499999999997 193.53 14.845255888325765
    endloop
  endfacet
  facet normal -0.6593458151000756 0 -0.7518398074789715
    outer loop
      vertex 184.58063491861037 193.53 14.495634918610405
      vertex 184.36427514381916 193.53 14.685377348640717
      vertex 184.36427514381916 196.53 14.685377348640717
    endloop
  endfacet
  facet normal -0.5555702330196028 0 -0.8314696123025448
    outer loop
      vertex 184.36427514381916 193.53 14.685377348640717
      vertex 184.12499999999997 193.53 14.845255888325765
      vertex 184.12499999999997 196.53 14.845255888325765
    endloop
  endfacet
  facet normal -0.6593458151000756 0 -0.7518398074789715
    outer loop
      vertex 184.58063491861037 193.53 14.495634918610405
      vertex 184.36427514381916 196.53 14.685377348640717
      vertex 184.58063491861037 196.53 14.495634918610405
    endloop
  endfacet
  facet normal -0.5555702330196028 0 -0.8314696123025448
    outer loop
      vertex 184.36427514381916 193.53 14.685377348640717
      vertex 184.12499999999997 196.53 14.845255888325765
      vertex 184.36427514381916 196.53 14.685377348640717
    endloop
  endfacet
  facet normal -0.44228869021899436 0 -0.8968727415326917
    outer loop
      vertex 184.12499999999997 193.53 14.845255888325765
      vertex 183.86690355120317 196.53 14.97253497152483
      vertex 184.12499999999997 196.53 14.845255888325765
    endloop
  endfacet
  facet normal 0.3214394653031647 0 -0.9469301294951047
    outer loop
      vertex 182.1830964487968 193.53 14.97253497152483
      vertex 182.1830964487968 196.53 14.97253497152483
      vertex 182.45559810077444 193.53 15.06503681783595
    endloop
  endfacet
  facet normal 0.19509032201613385 0 -0.9807852804032294
    outer loop
      vertex 182.45559810077444 193.53 15.06503681783595
      vertex 182.45559810077444 196.53 15.06503681783595
      vertex 182.73784237711587 193.53 15.121178695022383
    endloop
  endfacet
  facet normal 0.3214394653031647 0 -0.9469301294951047
    outer loop
      vertex 182.1830964487968 196.53 14.97253497152483
      vertex 182.45559810077444 196.53 15.06503681783595
      vertex 182.45559810077444 193.53 15.06503681783595
    endloop
  endfacet
  facet normal 0.19509032201613385 0 -0.9807852804032294
    outer loop
      vertex 182.45559810077444 196.53 15.06503681783595
      vertex 182.73784237711587 196.53 15.121178695022383
      vertex 182.73784237711587 193.53 15.121178695022383
    endloop
  endfacet
  facet normal 0.06540312923014494 0 -0.9978589232386034
    outer loop
      vertex 182.73784237711587 193.53 15.121178695022383
      vertex 182.73784237711587 196.53 15.121178695022383
      vertex 183.02499999999998 193.53 15.14
    endloop
  endfacet
  facet normal -0.06540312923014494 0 -0.9978589232386034
    outer loop
      vertex 183.02499999999998 193.53 15.14
      vertex 183.02499999999998 196.53 15.14
      vertex 183.3121576228841 193.53 15.121178695022383
    endloop
  endfacet
  facet normal -0.19509032201613385 0 -0.9807852804032294
    outer loop
      vertex 183.59440189922552 193.53 15.06503681783595
      vertex 183.3121576228841 193.53 15.121178695022383
      vertex 183.3121576228841 196.53 15.121178695022383
    endloop
  endfacet
  facet normal -0.3214394653031647 0 -0.9469301294951047
    outer loop
      vertex 183.86690355120317 193.53 14.97253497152483
      vertex 183.59440189922552 193.53 15.06503681783595
      vertex 183.59440189922552 196.53 15.06503681783595
    endloop
  endfacet
  facet normal 0.06540312923014494 0 -0.9978589232386034
    outer loop
      vertex 183.02499999999998 193.53 15.14
      vertex 182.73784237711587 196.53 15.121178695022383
      vertex 183.02499999999998 196.53 15.14
    endloop
  endfacet
  facet normal -0.06540312923014494 0 -0.9978589232386034
    outer loop
      vertex 183.3121576228841 193.53 15.121178695022383
      vertex 183.02499999999998 196.53 15.14
      vertex 183.3121576228841 196.53 15.121178695022383
    endloop
  endfacet
  facet normal -0.19509032201613385 0 -0.9807852804032294
    outer loop
      vertex 183.59440189922552 193.53 15.06503681783595
      vertex 183.3121576228841 196.53 15.121178695022383
      vertex 183.59440189922552 196.53 15.06503681783595
    endloop
  endfacet
  facet normal -0.3214394653031647 0 -0.9469301294951047
    outer loop
      vertex 183.86690355120317 193.53 14.97253497152483
      vertex 183.59440189922552 196.53 15.06503681783595
      vertex 183.86690355120317 196.53 14.97253497152483
    endloop
  endfacet
  facet normal 0.6593458151000756 0 0.7518398074789715
    outer loop
      vertex 187.81572485618082 193.53 11.194622651359282
      vertex 187.81572485618082 196.53 11.194622651359282
      vertex 187.5993650813896 193.53 11.384365081389594
    endloop
  endfacet
  facet normal 0.7518398074789642 0 0.6593458151000838
    outer loop
      vertex 187.5993650813896 193.53 11.384365081389594
      vertex 187.5993650813896 196.53 11.384365081389594
      vertex 187.40962265135929 193.53 11.600724856180815
    endloop
  endfacet
  facet normal 0.8314696123025362 0 0.5555702330196156
    outer loop
      vertex 187.40962265135929 193.53 11.600724856180815
      vertex 187.40962265135929 196.53 11.600724856180815
      vertex 187.24974411167423 193.53 11.84
    endloop
  endfacet
  facet normal 0.6593458151000756 0 0.7518398074789715
    outer loop
      vertex 187.5993650813896 193.53 11.384365081389594
      vertex 187.81572485618082 196.53 11.194622651359282
      vertex 187.5993650813896 196.53 11.384365081389594
    endloop
  endfacet
  facet normal 0.7518398074789642 0 0.6593458151000838
    outer loop
      vertex 187.40962265135929 193.53 11.600724856180815
      vertex 187.5993650813896 196.53 11.384365081389594
      vertex 187.40962265135929 196.53 11.600724856180815
    endloop
  endfacet
  facet normal 0.8314696123025362 0 0.5555702330196156
    outer loop
      vertex 187.24974411167423 193.53 11.84
      vertex 187.40962265135929 196.53 11.600724856180815
      vertex 187.24974411167423 196.53 11.84
    endloop
  endfacet
  facet normal 0.8968727415327016 0 0.44228869021897443
    outer loop
      vertex 187.24974411167423 193.53 11.84
      vertex 187.24974411167423 196.53 11.84
      vertex 187.12246502847518 193.53 12.098096448796802
    endloop
  endfacet
  facet normal 0.9469301294950871 0 0.32143946530321627
    outer loop
      vertex 187.12246502847518 193.53 12.098096448796802
      vertex 187.12246502847518 196.53 12.098096448796802
      vertex 187.02996318216404 193.53 12.370598100774455
    endloop
  endfacet
  facet normal 0.8968727415327016 0 0.44228869021897443
    outer loop
      vertex 187.12246502847518 193.53 12.098096448796802
      vertex 187.24974411167423 196.53 11.84
      vertex 187.12246502847518 196.53 12.098096448796802
    endloop
  endfacet
  facet normal 0.9469301294950871 0 0.32143946530321627
    outer loop
      vertex 187.02996318216404 193.53 12.370598100774455
      vertex 187.12246502847518 196.53 12.098096448796802
      vertex 187.02996318216404 196.53 12.370598100774455
    endloop
  endfacet
  facet normal 0.9807852804032295 0 0.19509032201613263
    outer loop
      vertex 187.02996318216404 193.53 12.370598100774455
      vertex 187.02996318216404 196.53 12.370598100774455
      vertex 186.9738213049776 193.53 12.652842377115887
    endloop
  endfacet
  facet normal 0.997858923238609 0 0.06540312923005807
    outer loop
      vertex 186.9738213049776 193.53 12.652842377115887
      vertex 186.9738213049776 196.53 12.652842377115887
      vertex 186.955 193.53 12.94
    endloop
  endfacet
  facet normal 0.9807852804032295 0 0.19509032201613263
    outer loop
      vertex 186.9738213049776 193.53 12.652842377115887
      vertex 187.02996318216404 196.53 12.370598100774455
      vertex 186.9738213049776 196.53 12.652842377115887
    endloop
  endfacet
  facet normal 0.997858923238609 0 -0.06540312923005807
    outer loop
      vertex 186.955 193.53 12.94
      vertex 186.955 196.53 12.94
      vertex 186.9738213049776 193.53 13.227157622884112
    endloop
  endfacet
  facet normal 0.9807852804032295 0 -0.19509032201613263
    outer loop
      vertex 186.9738213049776 193.53 13.227157622884112
      vertex 186.9738213049776 196.53 13.227157622884112
      vertex 187.02996318216404 193.53 13.509401899225544
    endloop
  endfacet
  facet normal 0.997858923238609 0 0.06540312923005807
    outer loop
      vertex 186.9738213049776 196.53 12.652842377115887
      vertex 186.955 196.53 12.94
      vertex 186.955 193.53 12.94
    endloop
  endfacet
  facet normal 0.997858923238609 0 -0.06540312923005807
    outer loop
      vertex 186.9738213049776 193.53 13.227157622884112
      vertex 186.955 196.53 12.94
      vertex 186.9738213049776 196.53 13.227157622884112
    endloop
  endfacet
  facet normal 0.9469301294950871 0 -0.32143946530321627
    outer loop
      vertex 187.02996318216404 193.53 13.509401899225544
      vertex 187.02996318216404 196.53 13.509401899225544
      vertex 187.12246502847518 193.53 13.781903551203197
    endloop
  endfacet
  facet normal 0.8968727415327016 0 -0.44228869021897443
    outer loop
      vertex 187.12246502847518 193.53 13.781903551203197
      vertex 187.12246502847518 196.53 13.781903551203197
      vertex 187.24974411167423 193.53 14.04
    endloop
  endfacet
  facet normal 0.9807852804032295 0 -0.19509032201613263
    outer loop
      vertex 187.02996318216404 193.53 13.509401899225544
      vertex 186.9738213049776 196.53 13.227157622884112
      vertex 187.02996318216404 196.53 13.509401899225544
    endloop
  endfacet
  facet normal 0.9469301294950871 0 -0.32143946530321627
    outer loop
      vertex 187.12246502847518 193.53 13.781903551203197
      vertex 187.02996318216404 196.53 13.509401899225544
      vertex 187.12246502847518 196.53 13.781903551203197
    endloop
  endfacet
  facet normal 0.8314696123025362 0 -0.5555702330196156
    outer loop
      vertex 187.24974411167423 193.53 14.04
      vertex 187.24974411167423 196.53 14.04
      vertex 187.40962265135929 193.53 14.279275143819184
    endloop
  endfacet
  facet normal 0.7518398074789642 0 -0.6593458151000838
    outer loop
      vertex 187.40962265135929 193.53 14.279275143819184
      vertex 187.40962265135929 196.53 14.279275143819184
      vertex 187.5993650813896 193.53 14.495634918610405
    endloop
  endfacet
  facet normal 0.8968727415327016 0 -0.44228869021897443
    outer loop
      vertex 187.24974411167423 193.53 14.04
      vertex 187.12246502847518 196.53 13.781903551203197
      vertex 187.24974411167423 196.53 14.04
    endloop
  endfacet
  facet normal 0.8314696123025362 0 -0.5555702330196156
    outer loop
      vertex 187.40962265135929 193.53 14.279275143819184
      vertex 187.24974411167423 196.53 14.04
      vertex 187.40962265135929 196.53 14.279275143819184
    endloop
  endfacet
  facet normal 0.7518398074789642 0 -0.6593458151000838
    outer loop
      vertex 187.5993650813896 193.53 14.495634918610405
      vertex 187.40962265135929 196.53 14.279275143819184
      vertex 187.5993650813896 196.53 14.495634918610405
    endloop
  endfacet
  facet normal 0.6593458151000756 0 -0.7518398074789715
    outer loop
      vertex 187.5993650813896 193.53 14.495634918610405
      vertex 187.5993650813896 196.53 14.495634918610405
      vertex 187.81572485618082 193.53 14.685377348640717
    endloop
  endfacet
  facet normal 0.6593458151000756 0 -0.7518398074789715
    outer loop
      vertex 187.81572485618082 193.53 14.685377348640717
      vertex 187.5993650813896 196.53 14.495634918610405
      vertex 187.81572485618082 196.53 14.685377348640717
    endloop
  endfacet
  facet normal 0.3214394653031647 0 0.9469301294951047
    outer loop
      vertex 188.3130964487968 193.53 10.907465028475169
      vertex 188.58559810077446 193.53 10.81496318216405
      vertex 188.58559810077446 196.53 10.81496318216405
    endloop
  endfacet
  facet normal 0.44228869021899436 0 0.8968727415326917
    outer loop
      vertex 188.3130964487968 193.53 10.907465028475169
      vertex 188.3130964487968 196.53 10.907465028475169
      vertex 188.055 193.53 11.034744111674234
    endloop
  endfacet
  facet normal 0.19509032201613385 0 0.9807852804032294
    outer loop
      vertex 188.58559810077446 193.53 10.81496318216405
      vertex 188.8678423771159 193.53 10.758821304977616
      vertex 188.8678423771159 196.53 10.758821304977616
    endloop
  endfacet
  facet normal 0.06540312923014494 0 0.9978589232386034
    outer loop
      vertex 188.8678423771159 193.53 10.758821304977616
      vertex 189.155 193.53 10.739999999999998
      vertex 189.155 196.53 10.739999999999998
    endloop
  endfacet
  facet normal 0.5555702330196028 0 0.8314696123025448
    outer loop
      vertex 187.81572485618082 193.53 11.194622651359282
      vertex 188.055 193.53 11.034744111674234
      vertex 188.055 196.53 11.034744111674234
    endloop
  endfacet
  facet normal 0.3214394653031647 0 0.9469301294951047
    outer loop
      vertex 188.3130964487968 193.53 10.907465028475169
      vertex 188.58559810077446 196.53 10.81496318216405
      vertex 188.3130964487968 196.53 10.907465028475169
    endloop
  endfacet
  facet normal 0.19509032201613385 0 0.9807852804032294
    outer loop
      vertex 188.58559810077446 193.53 10.81496318216405
      vertex 188.8678423771159 196.53 10.758821304977616
      vertex 188.58559810077446 196.53 10.81496318216405
    endloop
  endfacet
  facet normal 0.06540312923014494 0 0.9978589232386034
    outer loop
      vertex 188.8678423771159 193.53 10.758821304977616
      vertex 189.155 196.53 10.739999999999998
      vertex 188.8678423771159 196.53 10.758821304977616
    endloop
  endfacet
  facet normal 0.44228869021899436 0 0.8968727415326917
    outer loop
      vertex 188.055 193.53 11.034744111674234
      vertex 188.3130964487968 196.53 10.907465028475169
      vertex 188.055 196.53 11.034744111674234
    endloop
  endfacet
  facet normal 0.5555702330196028 0 0.8314696123025448
    outer loop
      vertex 187.81572485618082 193.53 11.194622651359282
      vertex 188.055 196.53 11.034744111674234
      vertex 187.81572485618082 196.53 11.194622651359282
    endloop
  endfacet
  facet normal -0.06540312923014494 0 0.9978589232386034
    outer loop
      vertex 189.155 193.53 10.739999999999998
      vertex 189.4421576228841 193.53 10.758821304977616
      vertex 189.4421576228841 196.53 10.758821304977616
    endloop
  endfacet
  facet normal -0.19509032201613385 0 0.9807852804032294
    outer loop
      vertex 189.4421576228841 193.53 10.758821304977616
      vertex 189.72440189922554 193.53 10.81496318216405
      vertex 189.72440189922554 196.53 10.81496318216405
    endloop
  endfacet
  facet normal -0.3214394653031647 0 0.9469301294951047
    outer loop
      vertex 189.72440189922554 193.53 10.81496318216405
      vertex 189.9969035512032 193.53 10.907465028475169
      vertex 189.9969035512032 196.53 10.907465028475169
    endloop
  endfacet
  facet normal -0.44228869021899436 0 0.8968727415326917
    outer loop
      vertex 189.9969035512032 193.53 10.907465028475169
      vertex 190.255 193.53 11.034744111674234
      vertex 190.255 196.53 11.034744111674234
    endloop
  endfacet
  facet normal -0.5555702330196028 0 0.8314696123025448
    outer loop
      vertex 190.255 193.53 11.034744111674234
      vertex 190.49427514381918 193.53 11.194622651359282
      vertex 190.49427514381918 196.53 11.194622651359282
    endloop
  endfacet
  facet normal -0.06540312923014494 0 0.9978589232386034
    outer loop
      vertex 189.155 193.53 10.739999999999998
      vertex 189.4421576228841 196.53 10.758821304977616
      vertex 189.155 196.53 10.739999999999998
    endloop
  endfacet
  facet normal -0.19509032201613385 0 0.9807852804032294
    outer loop
      vertex 189.4421576228841 193.53 10.758821304977616
      vertex 189.72440189922554 196.53 10.81496318216405
      vertex 189.4421576228841 196.53 10.758821304977616
    endloop
  endfacet
  facet normal -0.3214394653031647 0 0.9469301294951047
    outer loop
      vertex 189.72440189922554 193.53 10.81496318216405
      vertex 189.9969035512032 196.53 10.907465028475169
      vertex 189.72440189922554 196.53 10.81496318216405
    endloop
  endfacet
  facet normal -0.44228869021899436 0 0.8968727415326917
    outer loop
      vertex 189.9969035512032 193.53 10.907465028475169
      vertex 190.255 196.53 11.034744111674234
      vertex 189.9969035512032 196.53 10.907465028475169
    endloop
  endfacet
  facet normal -0.5555702330196028 0 0.8314696123025448
    outer loop
      vertex 190.255 193.53 11.034744111674234
      vertex 190.49427514381918 196.53 11.194622651359282
      vertex 190.255 196.53 11.034744111674234
    endloop
  endfacet
  facet normal -0.6593458151000756 0 0.7518398074789715
    outer loop
      vertex 190.49427514381918 193.53 11.194622651359282
      vertex 190.7106349186104 193.53 11.384365081389594
      vertex 190.7106349186104 196.53 11.384365081389594
    endloop
  endfacet
  facet normal -0.7518398074789642 0 0.6593458151000838
    outer loop
      vertex 190.7106349186104 193.53 11.384365081389594
      vertex 190.90037734864072 193.53 11.600724856180815
      vertex 190.90037734864072 196.53 11.600724856180815
    endloop
  endfacet
  facet normal -0.8314696123025362 0 0.5555702330196156
    outer loop
      vertex 190.90037734864072 193.53 11.600724856180815
      vertex 191.06025588832577 193.53 11.84
      vertex 191.06025588832577 196.53 11.84
    endloop
  endfacet
  facet normal -0.6593458151000756 0 0.7518398074789715
    outer loop
      vertex 190.49427514381918 193.53 11.194622651359282
      vertex 190.7106349186104 196.53 11.384365081389594
      vertex 190.49427514381918 196.53 11.194622651359282
    endloop
  endfacet
  facet normal -0.7518398074789642 0 0.6593458151000838
    outer loop
      vertex 190.7106349186104 193.53 11.384365081389594
      vertex 190.90037734864072 196.53 11.600724856180815
      vertex 190.7106349186104 196.53 11.384365081389594
    endloop
  endfacet
  facet normal -0.8314696123025362 0 0.5555702330196156
    outer loop
      vertex 190.90037734864072 193.53 11.600724856180815
      vertex 191.06025588832577 196.53 11.84
      vertex 190.90037734864072 196.53 11.600724856180815
    endloop
  endfacet
  facet normal -0.8968727415327016 0 0.44228869021897443
    outer loop
      vertex 191.06025588832577 193.53 11.84
      vertex 191.18753497152483 193.53 12.098096448796802
      vertex 191.18753497152483 196.53 12.098096448796802
    endloop
  endfacet
  facet normal -0.9469301294950871 0 0.32143946530321627
    outer loop
      vertex 191.18753497152483 193.53 12.098096448796802
      vertex 191.28003681783596 193.53 12.370598100774455
      vertex 191.28003681783596 196.53 12.370598100774455
    endloop
  endfacet
  facet normal -0.8968727415327016 0 0.44228869021897443
    outer loop
      vertex 191.06025588832577 193.53 11.84
      vertex 191.18753497152483 196.53 12.098096448796802
      vertex 191.06025588832577 196.53 11.84
    endloop
  endfacet
  facet normal -0.9469301294950871 0 0.32143946530321627
    outer loop
      vertex 191.18753497152483 193.53 12.098096448796802
      vertex 191.28003681783596 196.53 12.370598100774455
      vertex 191.18753497152483 196.53 12.098096448796802
    endloop
  endfacet
  facet normal -0.9807852804032295 0 0.19509032201613263
    outer loop
      vertex 191.28003681783596 193.53 12.370598100774455
      vertex 191.3361786950224 193.53 12.652842377115887
      vertex 191.3361786950224 196.53 12.652842377115887
    endloop
  endfacet
  facet normal -0.9807852804032295 0 0.19509032201613263
    outer loop
      vertex 191.28003681783596 193.53 12.370598100774455
      vertex 191.3361786950224 196.53 12.652842377115887
      vertex 191.28003681783596 196.53 12.370598100774455
    endloop
  endfacet
  facet normal -0.997858923238609 0 0.06540312923005807
    outer loop
      vertex 191.3361786950224 193.53 12.652842377115887
      vertex 191.355 196.53 12.94
      vertex 191.3361786950224 196.53 12.652842377115887
    endloop
  endfacet
  facet normal -0.997858923238609 0 0.06540312923005807
    outer loop
      vertex 191.3361786950224 193.53 12.652842377115887
      vertex 191.355 193.53 12.94
      vertex 191.355 196.53 12.94
    endloop
  endfacet
  facet normal -0.997858923238609 0 -0.06540312923005807
    outer loop
      vertex 191.355 193.53 12.94
      vertex 191.3361786950224 193.53 13.227157622884112
      vertex 191.3361786950224 196.53 13.227157622884112
    endloop
  endfacet
  facet normal -0.997858923238609 0 -0.06540312923005807
    outer loop
      vertex 191.355 193.53 12.94
      vertex 191.3361786950224 196.53 13.227157622884112
      vertex 191.355 196.53 12.94
    endloop
  endfacet
  facet normal -0.9807852804032295 0 -0.19509032201613263
    outer loop
      vertex 191.3361786950224 193.53 13.227157622884112
      vertex 191.28003681783596 196.53 13.509401899225544
      vertex 191.3361786950224 196.53 13.227157622884112
    endloop
  endfacet
  facet normal -0.9807852804032295 0 -0.19509032201613263
    outer loop
      vertex 191.3361786950224 193.53 13.227157622884112
      vertex 191.28003681783596 193.53 13.509401899225544
      vertex 191.28003681783596 196.53 13.509401899225544
    endloop
  endfacet
  facet normal -0.9469301294950871 0 -0.32143946530321627
    outer loop
      vertex 191.28003681783596 193.53 13.509401899225544
      vertex 191.18753497152483 193.53 13.781903551203197
      vertex 191.18753497152483 196.53 13.781903551203197
    endloop
  endfacet
  facet normal -0.9469301294950871 0 -0.32143946530321627
    outer loop
      vertex 191.28003681783596 193.53 13.509401899225544
      vertex 191.18753497152483 196.53 13.781903551203197
      vertex 191.28003681783596 196.53 13.509401899225544
    endloop
  endfacet
  facet normal -0.8968727415327016 0 -0.44228869021897443
    outer loop
      vertex 191.18753497152483 193.53 13.781903551203197
      vertex 191.06025588832577 196.53 14.04
      vertex 191.18753497152483 196.53 13.781903551203197
    endloop
  endfacet
  facet normal 0.5555702330196028 0 -0.8314696123025448
    outer loop
      vertex 187.81572485618082 193.53 14.685377348640717
      vertex 187.81572485618082 196.53 14.685377348640717
      vertex 188.055 193.53 14.845255888325765
    endloop
  endfacet
  facet normal 0.44228869021899436 0 -0.8968727415326917
    outer loop
      vertex 188.055 193.53 14.845255888325765
      vertex 188.055 196.53 14.845255888325765
      vertex 188.3130964487968 193.53 14.97253497152483
    endloop
  endfacet
  facet normal 0.5555702330196028 0 -0.8314696123025448
    outer loop
      vertex 187.81572485618082 196.53 14.685377348640717
      vertex 188.055 196.53 14.845255888325765
      vertex 188.055 193.53 14.845255888325765
    endloop
  endfacet
  facet normal 0.44228869021899436 0 -0.8968727415326917
    outer loop
      vertex 188.3130964487968 193.53 14.97253497152483
      vertex 188.055 196.53 14.845255888325765
      vertex 188.3130964487968 196.53 14.97253497152483
    endloop
  endfacet
  facet normal -0.5555702330196028 0 -0.8314696123025448
    outer loop
      vertex 190.255 193.53 14.845255888325765
      vertex 190.255 196.53 14.845255888325765
      vertex 190.49427514381918 193.53 14.685377348640717
    endloop
  endfacet
  facet normal -0.44228869021899436 0 -0.8968727415326917
    outer loop
      vertex 189.9969035512032 193.53 14.97253497152483
      vertex 189.9969035512032 196.53 14.97253497152483
      vertex 190.255 193.53 14.845255888325765
    endloop
  endfacet
  facet normal -0.5555702330196028 0 -0.8314696123025448
    outer loop
      vertex 190.49427514381918 193.53 14.685377348640717
      vertex 190.255 196.53 14.845255888325765
      vertex 190.49427514381918 196.53 14.685377348640717
    endloop
  endfacet
  facet normal -0.44228869021899436 0 -0.8968727415326917
    outer loop
      vertex 190.255 193.53 14.845255888325765
      vertex 189.9969035512032 196.53 14.97253497152483
      vertex 190.255 196.53 14.845255888325765
    endloop
  endfacet
  facet normal -0.8968727415327016 0 -0.44228869021897443
    outer loop
      vertex 191.18753497152483 193.53 13.781903551203197
      vertex 191.06025588832577 193.53 14.04
      vertex 191.06025588832577 196.53 14.04
    endloop
  endfacet
  facet normal -0.8314696123025362 0 -0.5555702330196156
    outer loop
      vertex 191.06025588832577 193.53 14.04
      vertex 190.90037734864072 193.53 14.279275143819184
      vertex 190.90037734864072 196.53 14.279275143819184
    endloop
  endfacet
  facet normal -0.7518398074789642 0 -0.6593458151000838
    outer loop
      vertex 190.90037734864072 193.53 14.279275143819184
      vertex 190.7106349186104 193.53 14.495634918610405
      vertex 190.7106349186104 196.53 14.495634918610405
    endloop
  endfacet
  facet normal -0.8314696123025362 0 -0.5555702330196156
    outer loop
      vertex 191.06025588832577 193.53 14.04
      vertex 190.90037734864072 196.53 14.279275143819184
      vertex 191.06025588832577 196.53 14.04
    endloop
  endfacet
  facet normal -0.7518398074789642 0 -0.6593458151000838
    outer loop
      vertex 190.90037734864072 193.53 14.279275143819184
      vertex 190.7106349186104 196.53 14.495634918610405
      vertex 190.90037734864072 196.53 14.279275143819184
    endloop
  endfacet
  facet normal -0.6593458151000756 0 -0.7518398074789715
    outer loop
      vertex 190.7106349186104 193.53 14.495634918610405
      vertex 190.49427514381918 193.53 14.685377348640717
      vertex 190.49427514381918 196.53 14.685377348640717
    endloop
  endfacet
  facet normal -0.6593458151000756 0 -0.7518398074789715
    outer loop
      vertex 190.7106349186104 193.53 14.495634918610405
      vertex 190.49427514381918 196.53 14.685377348640717
      vertex 190.7106349186104 196.53 14.495634918610405
    endloop
  endfacet
  facet normal 0.3214394653031647 0 -0.9469301294951047
    outer loop
      vertex 188.3130964487968 193.53 14.97253497152483
      vertex 188.3130964487968 196.53 14.97253497152483
      vertex 188.58559810077446 193.53 15.06503681783595
    endloop
  endfacet
  facet normal 0.19509032201613385 0 -0.9807852804032294
    outer loop
      vertex 188.58559810077446 193.53 15.06503681783595
      vertex 188.58559810077446 196.53 15.06503681783595
      vertex 188.8678423771159 193.53 15.121178695022383
    endloop
  endfacet
  facet normal 0.06540312923014494 0 -0.9978589232386034
    outer loop
      vertex 188.8678423771159 193.53 15.121178695022383
      vertex 188.8678423771159 196.53 15.121178695022383
      vertex 189.155 193.53 15.14
    endloop
  endfacet
  facet normal 0.3214394653031647 0 -0.9469301294951047
    outer loop
      vertex 188.3130964487968 196.53 14.97253497152483
      vertex 188.58559810077446 196.53 15.06503681783595
      vertex 188.58559810077446 193.53 15.06503681783595
    endloop
  endfacet
  facet normal 0.19509032201613385 0 -0.9807852804032294
    outer loop
      vertex 188.8678423771159 193.53 15.121178695022383
      vertex 188.58559810077446 196.53 15.06503681783595
      vertex 188.8678423771159 196.53 15.121178695022383
    endloop
  endfacet
  facet normal 0.06540312923014494 0 -0.9978589232386034
    outer loop
      vertex 189.155 193.53 15.14
      vertex 188.8678423771159 196.53 15.121178695022383
      vertex 189.155 196.53 15.14
    endloop
  endfacet
  facet normal -0.3214394653031647 0 -0.9469301294951047
    outer loop
      vertex 189.9969035512032 193.53 14.97253497152483
      vertex 189.72440189922554 193.53 15.06503681783595
      vertex 189.72440189922554 196.53 15.06503681783595
    endloop
  endfacet
  facet normal -0.19509032201613385 0 -0.9807852804032294
    outer loop
      vertex 189.72440189922554 193.53 15.06503681783595
      vertex 189.4421576228841 193.53 15.121178695022383
      vertex 189.4421576228841 196.53 15.121178695022383
    endloop
  endfacet
  facet normal -0.06540312923014494 0 -0.9978589232386034
    outer loop
      vertex 189.155 193.53 15.14
      vertex 189.155 196.53 15.14
      vertex 189.4421576228841 193.53 15.121178695022383
    endloop
  endfacet
  facet normal -0.19509032201613385 0 -0.9807852804032294
    outer loop
      vertex 189.72440189922554 193.53 15.06503681783595
      vertex 189.4421576228841 196.53 15.121178695022383
      vertex 189.72440189922554 196.53 15.06503681783595
    endloop
  endfacet
  facet normal -0.06540312923014494 0 -0.9978589232386034
    outer loop
      vertex 189.4421576228841 193.53 15.121178695022383
      vertex 189.155 196.53 15.14
      vertex 189.4421576228841 196.53 15.121178695022383
    endloop
  endfacet
  facet normal -0.3214394653031647 0 -0.9469301294951047
    outer loop
      vertex 189.9969035512032 193.53 14.97253497152483
      vertex 189.72440189922554 196.53 15.06503681783595
      vertex 189.9969035512032 196.53 14.97253497152483
    endloop
  endfacet
  facet normal 0 0 1
    outer loop
      vertex 167 193.53 3.9399999999999995
      vertex 176.755 196.53 3.9399999999999995
      vertex 167 196.53 3.9399999999999995
    endloop
  endfacet
  facet normal 0 0 1
    outer loop
      vertex 167 193.53 3.9399999999999995
      vertex 176.755 193.53 3.9399999999999995
      vertex 176.755 196.53 3.9399999999999995
    endloop
  endfacet
  facet normal -1 0 0
    outer loop
      vertex 176.755 193.53 3.9399999999999995
      vertex 176.755 196.53 14.94
      vertex 176.755 196.53 3.9399999999999995
    endloop
  endfacet
  facet normal -1 0 0
    outer loop
      vertex 176.755 193.53 3.9399999999999995
      vertex 176.755 193.53 14.94
      vertex 176.755 196.53 14.94
    endloop
  endfacet
  facet normal 0 0 -1
    outer loop
      vertex 167 193.53 14.94
      vertex 167 196.53 14.94
      vertex 176.755 193.53 14.94
    endloop
  endfacet
  facet normal 0 0 -1
    outer loop
      vertex 167 196.53 14.94
      vertex 176.755 196.53 14.94
      vertex 176.755 193.53 14.94
    endloop
  endfacet
  facet normal 0.5555702330195917 0 0.8314696123025522
    outer loop
      vertex 195.675 193.53 8.401923788646684
      vertex 195.675 196.53 8.401923788646684
      vertex 195.34871571297384 193.53 8.619939979126293
    endloop
  endfacet
  facet normal 0.5555702330195917 0 0.8314696123025522
    outer loop
      vertex 195.675 196.53 8.401923788646684
      vertex 195.34871571297384 196.53 8.619939979126293
      vertex 195.34871571297384 193.53 8.619939979126293
    endloop
  endfacet
  facet normal 0.0654031292301441 0 0.9978589232386035
    outer loop
      vertex 196.78342142333986 193.53 8.025665415878569
      vertex 197.175 196.53 8
      vertex 196.78342142333986 196.53 8.025665415878569
    endloop
  endfacet
  facet normal 0.0654031292301441 0 0.9978589232386035
    outer loop
      vertex 197.175 193.53 8
      vertex 197.175 196.53 8
      vertex 196.78342142333986 193.53 8.025665415878569
    endloop
  endfacet
  facet normal -0.0654031292301441 0 0.9978589232386035
    outer loop
      vertex 197.175 193.53 8
      vertex 197.56657857666016 193.53 8.025665415878569
      vertex 197.56657857666016 196.53 8.025665415878569
    endloop
  endfacet
  facet normal -0.0654031292301441 0 0.9978589232386035
    outer loop
      vertex 197.175 193.53 8
      vertex 197.56657857666016 196.53 8.025665415878569
      vertex 197.175 196.53 8
    endloop
  endfacet
  facet normal 0.3214394653031678 0 0.9469301294951036
    outer loop
      vertex 196.02694970290474 193.53 8.22836140246614
      vertex 196.39854286469244 193.53 8.102222521132795
      vertex 196.39854286469244 196.53 8.102222521132795
    endloop
  endfacet
  facet normal 0.4422886902189983 0 0.8968727415326898
    outer loop
      vertex 195.675 193.53 8.401923788646684
      vertex 196.02694970290474 193.53 8.22836140246614
      vertex 196.02694970290474 196.53 8.22836140246614
    endloop
  endfacet
  facet normal 0.19509032201612367 0 0.9807852804032314
    outer loop
      vertex 196.39854286469244 193.53 8.102222521132795
      vertex 196.78342142333986 193.53 8.025665415878569
      vertex 196.78342142333986 196.53 8.025665415878569
    endloop
  endfacet
  facet normal 0.3214394653031678 0 0.9469301294951036
    outer loop
      vertex 196.02694970290474 193.53 8.22836140246614
      vertex 196.39854286469244 196.53 8.102222521132795
      vertex 196.02694970290474 196.53 8.22836140246614
    endloop
  endfacet
  facet normal 0.19509032201612367 0 0.9807852804032314
    outer loop
      vertex 196.39854286469244 193.53 8.102222521132795
      vertex 196.78342142333986 196.53 8.025665415878569
      vertex 196.39854286469244 196.53 8.102222521132795
    endloop
  endfacet
  facet normal 0.4422886902189983 0 0.8968727415326898
    outer loop
      vertex 195.675 193.53 8.401923788646684
      vertex 196.02694970290474 196.53 8.22836140246614
      vertex 195.675 196.53 8.401923788646684
    endloop
  endfacet
  facet normal -0.19509032201612367 0 0.9807852804032314
    outer loop
      vertex 197.56657857666016 193.53 8.025665415878569
      vertex 197.95145713530758 193.53 8.102222521132795
      vertex 197.95145713530758 196.53 8.102222521132795
    endloop
  endfacet
  facet normal -0.3214394653031678 0 0.9469301294951036
    outer loop
      vertex 197.95145713530758 193.53 8.102222521132795
      vertex 198.32305029709528 193.53 8.22836140246614
      vertex 198.32305029709528 196.53 8.22836140246614
    endloop
  endfacet
  facet normal -0.19509032201612367 0 0.9807852804032314
    outer loop
      vertex 197.56657857666016 193.53 8.025665415878569
      vertex 197.95145713530758 196.53 8.102222521132795
      vertex 197.56657857666016 196.53 8.025665415878569
    endloop
  endfacet
  facet normal -0.3214394653031678 0 0.9469301294951036
    outer loop
      vertex 197.95145713530758 193.53 8.102222521132795
      vertex 198.32305029709528 196.53 8.22836140246614
      vertex 197.95145713530758 196.53 8.102222521132795
    endloop
  endfacet
  facet normal -0.4422886902189983 0 0.8968727415326898
    outer loop
      vertex 198.32305029709528 193.53 8.22836140246614
      vertex 198.675 193.53 8.401923788646684
      vertex 198.675 196.53 8.401923788646684
    endloop
  endfacet
  facet normal -0.5555702330195917 0 0.8314696123025522
    outer loop
      vertex 198.675 193.53 8.401923788646684
      vertex 199.00128428702618 193.53 8.619939979126293
      vertex 199.00128428702618 196.53 8.619939979126293
    endloop
  endfacet
  facet normal -0.4422886902189983 0 0.8968727415326898
    outer loop
      vertex 198.32305029709528 193.53 8.22836140246614
      vertex 198.675 196.53 8.401923788646684
      vertex 198.32305029709528 196.53 8.22836140246614
    endloop
  endfacet
  facet normal -0.5555702330195917 0 0.8314696123025522
    outer loop
      vertex 198.675 193.53 8.401923788646684
      vertex 199.00128428702618 196.53 8.619939979126293
      vertex 198.675 196.53 8.401923788646684
    endloop
  endfacet
  facet normal 0.6593458151000949 0 0.7518398074789545
    outer loop
      vertex 195.34871571297384 193.53 8.619939979126293
      vertex 195.34871571297384 196.53 8.619939979126293
      vertex 195.05367965644038 193.53 8.878679656440358
    endloop
  endfacet
  facet normal 0.7518398074789516 0 0.659345815100098
    outer loop
      vertex 195.05367965644038 193.53 8.878679656440358
      vertex 195.05367965644038 196.53 8.878679656440358
      vertex 194.7949399791263 193.53 9.173715712973838
    endloop
  endfacet
  facet normal 0.6593458151000949 0 0.7518398074789545
    outer loop
      vertex 195.05367965644038 193.53 8.878679656440358
      vertex 195.34871571297384 196.53 8.619939979126293
      vertex 195.05367965644038 196.53 8.878679656440358
    endloop
  endfacet
  facet normal 0.7518398074789516 0 0.659345815100098
    outer loop
      vertex 194.7949399791263 193.53 9.173715712973838
      vertex 195.05367965644038 196.53 8.878679656440358
      vertex 194.7949399791263 196.53 9.173715712973838
    endloop
  endfacet
  facet normal 0.831469612302555 0 0.5555702330195875
    outer loop
      vertex 194.7949399791263 193.53 9.173715712973838
      vertex 194.7949399791263 196.53 9.173715712973838
      vertex 194.5769237886467 193.53 9.5
    endloop
  endfacet
  facet normal 0.8968727415326834 0 0.44228869021901096
    outer loop
      vertex 194.5769237886467 193.53 9.5
      vertex 194.5769237886467 196.53 9.5
      vertex 194.40336140246615 193.53 9.851949702904731
    endloop
  endfacet
  facet normal 0.831469612302555 0 0.5555702330195875
    outer loop
      vertex 194.5769237886467 193.53 9.5
      vertex 194.7949399791263 196.53 9.173715712973838
      vertex 194.5769237886467 196.53 9.5
    endloop
  endfacet
  facet normal 0.9469301294951147 0 0.3214394653031352
    outer loop
      vertex 194.40336140246615 193.53 9.851949702904731
      vertex 194.40336140246615 196.53 9.851949702904731
      vertex 194.2772225211328 193.53 10.223542864692437
    endloop
  endfacet
  facet normal 0.9469301294951147 0 0.3214394653031352
    outer loop
      vertex 194.2772225211328 193.53 10.223542864692437
      vertex 194.40336140246615 196.53 9.851949702904731
      vertex 194.2772225211328 196.53 10.223542864692437
    endloop
  endfacet
  facet normal 0.8968727415326834 0 0.44228869021901096
    outer loop
      vertex 194.40336140246615 193.53 9.851949702904731
      vertex 194.5769237886467 196.53 9.5
      vertex 194.40336140246615 196.53 9.851949702904731
    endloop
  endfacet
  facet normal 0.9807852804032244 0 0.19509032201615756
    outer loop
      vertex 194.2772225211328 193.53 10.223542864692437
      vertex 194.2772225211328 196.53 10.223542864692437
      vertex 194.20066541587858 193.53 10.608421423339845
    endloop
  endfacet
  facet normal 0.9807852804032244 0 0.19509032201615756
    outer loop
      vertex 194.20066541587858 193.53 10.608421423339845
      vertex 194.2772225211328 196.53 10.223542864692437
      vertex 194.20066541587858 196.53 10.608421423339845
    endloop
  endfacet
  facet normal 0.9978589232386043 0 0.06540312923012997
    outer loop
      vertex 194.20066541587858 193.53 10.608421423339845
      vertex 194.20066541587858 196.53 10.608421423339845
      vertex 194.175 193.53 11
    endloop
  endfacet
  facet normal 0.9978589232386043 0 -0.06540312923012997
    outer loop
      vertex 194.175 193.53 11
      vertex 194.175 196.53 11
      vertex 194.20066541587858 193.53 11.391578576660155
    endloop
  endfacet
  facet normal 0.9978589232386043 0 0.06540312923012997
    outer loop
      vertex 194.20066541587858 196.53 10.608421423339845
      vertex 194.175 196.53 11
      vertex 194.175 193.53 11
    endloop
  endfacet
  facet normal 0.9807852804032244 0 -0.19509032201615756
    outer loop
      vertex 194.20066541587858 193.53 11.391578576660155
      vertex 194.20066541587858 196.53 11.391578576660155
      vertex 194.2772225211328 193.53 11.776457135307563
    endloop
  endfacet
  facet normal 0.9978589232386043 0 -0.06540312923012997
    outer loop
      vertex 194.20066541587858 193.53 11.391578576660155
      vertex 194.175 196.53 11
      vertex 194.20066541587858 196.53 11.391578576660155
    endloop
  endfacet
  facet normal 0.9807852804032244 0 -0.19509032201615756
    outer loop
      vertex 194.2772225211328 193.53 11.776457135307563
      vertex 194.20066541587858 196.53 11.391578576660155
      vertex 194.2772225211328 196.53 11.776457135307563
    endloop
  endfacet
  facet normal 0.9469301294951147 0 -0.3214394653031352
    outer loop
      vertex 194.2772225211328 193.53 11.776457135307563
      vertex 194.2772225211328 196.53 11.776457135307563
      vertex 194.40336140246615 193.53 12.148050297095269
    endloop
  endfacet
  facet normal 0.9469301294951147 0 -0.3214394653031352
    outer loop
      vertex 194.40336140246615 193.53 12.148050297095269
      vertex 194.2772225211328 196.53 11.776457135307563
      vertex 194.40336140246615 196.53 12.148050297095269
    endloop
  endfacet
  facet normal 0.8968727415326834 0 -0.44228869021901096
    outer loop
      vertex 194.40336140246615 193.53 12.148050297095269
      vertex 194.40336140246615 196.53 12.148050297095269
      vertex 194.5769237886467 193.53 12.5
    endloop
  endfacet
  facet normal 0.831469612302555 0 -0.5555702330195875
    outer loop
      vertex 194.5769237886467 193.53 12.5
      vertex 194.5769237886467 196.53 12.5
      vertex 194.7949399791263 193.53 12.826284287026162
    endloop
  endfacet
  facet normal 0.8968727415326834 0 -0.44228869021901096
    outer loop
      vertex 194.5769237886467 193.53 12.5
      vertex 194.40336140246615 196.53 12.148050297095269
      vertex 194.5769237886467 196.53 12.5
    endloop
  endfacet
  facet normal 0.831469612302555 0 -0.5555702330195875
    outer loop
      vertex 194.7949399791263 193.53 12.826284287026162
      vertex 194.5769237886467 196.53 12.5
      vertex 194.7949399791263 196.53 12.826284287026162
    endloop
  endfacet
  facet normal -0.6593458151000949 0 0.7518398074789545
    outer loop
      vertex 199.00128428702618 193.53 8.619939979126293
      vertex 199.29632034355964 193.53 8.878679656440358
      vertex 199.29632034355964 196.53 8.878679656440358
    endloop
  endfacet
  facet normal -0.7518398074789516 0 0.659345815100098
    outer loop
      vertex 199.29632034355964 193.53 8.878679656440358
      vertex 199.55506002087373 193.53 9.173715712973838
      vertex 199.55506002087373 196.53 9.173715712973838
    endloop
  endfacet
  facet normal -0.6593458151000949 0 0.7518398074789545
    outer loop
      vertex 199.00128428702618 193.53 8.619939979126293
      vertex 199.29632034355964 196.53 8.878679656440358
      vertex 199.00128428702618 196.53 8.619939979126293
    endloop
  endfacet
  facet normal -0.7518398074789516 0 0.659345815100098
    outer loop
      vertex 199.29632034355964 193.53 8.878679656440358
      vertex 199.55506002087373 196.53 9.173715712973838
      vertex 199.29632034355964 196.53 8.878679656440358
    endloop
  endfacet
  facet normal -0.831469612302555 0 0.5555702330195875
    outer loop
      vertex 199.55506002087373 193.53 9.173715712973838
      vertex 199.77307621135333 193.53 9.5
      vertex 199.77307621135333 196.53 9.5
    endloop
  endfacet
  facet normal -0.831469612302555 0 0.5555702330195875
    outer loop
      vertex 199.55506002087373 193.53 9.173715712973838
      vertex 199.77307621135333 196.53 9.5
      vertex 199.55506002087373 196.53 9.173715712973838
    endloop
  endfacet
  facet normal -0.8968727415326834 0 0.44228869021901096
    outer loop
      vertex 199.77307621135333 193.53 9.5
      vertex 199.94663859753388 196.53 9.851949702904731
      vertex 199.77307621135333 196.53 9.5
    endloop
  endfacet
  facet normal -0.8968727415326834 0 0.44228869021901096
    outer loop
      vertex 199.77307621135333 193.53 9.5
      vertex 199.94663859753388 193.53 9.851949702904731
      vertex 199.94663859753388 196.53 9.851949702904731
    endloop
  endfacet
  facet normal -0.9469301294951147 0 0.3214394653031352
    outer loop
      vertex 199.94663859753388 193.53 9.851949702904731
      vertex 200.0727774788672 193.53 10.223542864692437
      vertex 200.0727774788672 196.53 10.223542864692437
    endloop
  endfacet
  facet normal -0.9469301294951147 0 0.3214394653031352
    outer loop
      vertex 199.94663859753388 193.53 9.851949702904731
      vertex 200.0727774788672 196.53 10.223542864692437
      vertex 199.94663859753388 196.53 9.851949702904731
    endloop
  endfacet
  facet normal -0.9807852804032244 0 0.19509032201615756
    outer loop
      vertex 200.0727774788672 193.53 10.223542864692437
      vertex 200.14933458412145 193.53 10.608421423339845
      vertex 200.14933458412145 196.53 10.608421423339845
    endloop
  endfacet
  facet normal -0.9807852804032244 0 0.19509032201615756
    outer loop
      vertex 200.0727774788672 193.53 10.223542864692437
      vertex 200.14933458412145 196.53 10.608421423339845
      vertex 200.0727774788672 196.53 10.223542864692437
    endloop
  endfacet
  facet normal -0.9978589232386043 0 0.06540312923012997
    outer loop
      vertex 200.14933458412145 193.53 10.608421423339845
      vertex 200.175 193.53 11
      vertex 200.175 196.53 11
    endloop
  endfacet
  facet normal -0.9978589232386043 0 0.06540312923012997
    outer loop
      vertex 200.14933458412145 193.53 10.608421423339845
      vertex 200.175 196.53 11
      vertex 200.14933458412145 196.53 10.608421423339845
    endloop
  endfacet
  facet normal -0.9978589232386043 0 -0.06540312923012997
    outer loop
      vertex 200.175 193.53 11
      vertex 200.14933458412145 196.53 11.391578576660155
      vertex 200.175 196.53 11
    endloop
  endfacet
  facet normal -0.9978589232386043 0 -0.06540312923012997
    outer loop
      vertex 200.175 193.53 11
      vertex 200.14933458412145 193.53 11.391578576660155
      vertex 200.14933458412145 196.53 11.391578576660155
    endloop
  endfacet
  facet normal -0.9807852804032244 0 -0.19509032201615756
    outer loop
      vertex 200.14933458412145 193.53 11.391578576660155
      vertex 200.0727774788672 193.53 11.776457135307563
      vertex 200.0727774788672 196.53 11.776457135307563
    endloop
  endfacet
  facet normal -0.9807852804032244 0 -0.19509032201615756
    outer loop
      vertex 200.14933458412145 193.53 11.391578576660155
      vertex 200.0727774788672 196.53 11.776457135307563
      vertex 200.14933458412145 196.53 11.391578576660155
    endloop
  endfacet
  facet normal -0.9469301294951147 0 -0.3214394653031352
    outer loop
      vertex 200.0727774788672 193.53 11.776457135307563
      vertex 199.94663859753388 193.53 12.148050297095269
      vertex 199.94663859753388 196.53 12.148050297095269
    endloop
  endfacet
  facet normal -0.9469301294951147 0 -0.3214394653031352
    outer loop
      vertex 200.0727774788672 193.53 11.776457135307563
      vertex 199.94663859753388 196.53 12.148050297095269
      vertex 200.0727774788672 196.53 11.776457135307563
    endloop
  endfacet
  facet normal -0.8968727415326834 0 -0.44228869021901096
    outer loop
      vertex 199.94663859753388 193.53 12.148050297095269
      vertex 199.77307621135333 196.53 12.5
      vertex 199.94663859753388 196.53 12.148050297095269
    endloop
  endfacet
  facet normal -0.8968727415326834 0 -0.44228869021901096
    outer loop
      vertex 199.94663859753388 193.53 12.148050297095269
      vertex 199.77307621135333 193.53 12.5
      vertex 199.77307621135333 196.53 12.5
    endloop
  endfacet
  facet normal -0.831469612302555 0 -0.5555702330195875
    outer loop
      vertex 199.55506002087373 193.53 12.826284287026162
      vertex 199.55506002087373 196.53 12.826284287026162
      vertex 199.77307621135333 193.53 12.5
    endloop
  endfacet
  facet normal -0.831469612302555 0 -0.5555702330195875
    outer loop
      vertex 199.77307621135333 193.53 12.5
      vertex 199.55506002087373 196.53 12.826284287026162
      vertex 199.77307621135333 196.53 12.5
    endloop
  endfacet
  facet normal 0.7518398074789516 0 -0.659345815100098
    outer loop
      vertex 194.7949399791263 193.53 12.826284287026162
      vertex 194.7949399791263 196.53 12.826284287026162
      vertex 195.05367965644038 193.53 13.121320343559642
    endloop
  endfacet
  facet normal 0.6593458151000949 0 -0.7518398074789545
    outer loop
      vertex 195.05367965644038 193.53 13.121320343559642
      vertex 195.05367965644038 196.53 13.121320343559642
      vertex 195.34871571297384 193.53 13.380060020873707
    endloop
  endfacet
  facet normal 0.7518398074789516 0 -0.659345815100098
    outer loop
      vertex 194.7949399791263 196.53 12.826284287026162
      vertex 195.05367965644038 196.53 13.121320343559642
      vertex 195.05367965644038 193.53 13.121320343559642
    endloop
  endfacet
  facet normal 0.6593458151000949 0 -0.7518398074789545
    outer loop
      vertex 195.34871571297384 193.53 13.380060020873707
      vertex 195.05367965644038 196.53 13.121320343559642
      vertex 195.34871571297384 196.53 13.380060020873707
    endloop
  endfacet
  facet normal 0.5555702330195917 0 -0.8314696123025522
    outer loop
      vertex 195.34871571297384 193.53 13.380060020873707
      vertex 195.34871571297384 196.53 13.380060020873707
      vertex 195.675 193.53 13.598076211353316
    endloop
  endfacet
  facet normal 0.5555702330195917 0 -0.8314696123025522
    outer loop
      vertex 195.675 193.53 13.598076211353316
      vertex 195.34871571297384 196.53 13.380060020873707
      vertex 195.675 196.53 13.598076211353316
    endloop
  endfacet
  facet normal 0.4422886902189983 0 -0.8968727415326898
    outer loop
      vertex 195.675 193.53 13.598076211353316
      vertex 195.675 196.53 13.598076211353316
      vertex 196.02694970290474 193.53 13.77163859753386
    endloop
  endfacet
  facet normal 0.3214394653031678 0 -0.9469301294951036
    outer loop
      vertex 196.02694970290474 193.53 13.77163859753386
      vertex 196.02694970290474 196.53 13.77163859753386
      vertex 196.39854286469244 193.53 13.897777478867205
    endloop
  endfacet
  facet normal 0.4422886902189983 0 -0.8968727415326898
    outer loop
      vertex 196.02694970290474 193.53 13.77163859753386
      vertex 195.675 196.53 13.598076211353316
      vertex 196.02694970290474 196.53 13.77163859753386
    endloop
  endfacet
  facet normal 0.3214394653031678 0 -0.9469301294951036
    outer loop
      vertex 196.39854286469244 193.53 13.897777478867205
      vertex 196.02694970290474 196.53 13.77163859753386
      vertex 196.39854286469244 196.53 13.897777478867205
    endloop
  endfacet
  facet normal -0.3214394653031678 0 -0.9469301294951036
    outer loop
      vertex 197.95145713530758 193.53 13.897777478867205
      vertex 197.95145713530758 196.53 13.897777478867205
      vertex 198.32305029709528 193.53 13.77163859753386
    endloop
  endfacet
  facet normal -0.3214394653031678 0 -0.9469301294951036
    outer loop
      vertex 197.95145713530758 196.53 13.897777478867205
      vertex 198.32305029709528 196.53 13.77163859753386
      vertex 198.32305029709528 193.53 13.77163859753386
    endloop
  endfacet
  facet normal 0.19509032201612367 0 -0.9807852804032314
    outer loop
      vertex 196.39854286469244 193.53 13.897777478867205
      vertex 196.39854286469244 196.53 13.897777478867205
      vertex 196.78342142333986 193.53 13.974334584121431
    endloop
  endfacet
  facet normal 0.0654031292301441 0 -0.9978589232386035
    outer loop
      vertex 196.78342142333986 193.53 13.974334584121431
      vertex 196.78342142333986 196.53 13.974334584121431
      vertex 197.175 193.53 14
    endloop
  endfacet
  facet normal 0.19509032201612367 0 -0.9807852804032314
    outer loop
      vertex 196.78342142333986 193.53 13.974334584121431
      vertex 196.39854286469244 196.53 13.897777478867205
      vertex 196.78342142333986 196.53 13.974334584121431
    endloop
  endfacet
  facet normal -0.0654031292301441 0 -0.9978589232386035
    outer loop
      vertex 197.175 193.53 14
      vertex 197.175 196.53 14
      vertex 197.56657857666016 193.53 13.974334584121431
    endloop
  endfacet
  facet normal -0.19509032201612367 0 -0.9807852804032314
    outer loop
      vertex 197.95145713530758 193.53 13.897777478867205
      vertex 197.56657857666016 193.53 13.974334584121431
      vertex 197.56657857666016 196.53 13.974334584121431
    endloop
  endfacet
  facet normal 0.0654031292301441 0 -0.9978589232386035
    outer loop
      vertex 197.175 193.53 14
      vertex 196.78342142333986 196.53 13.974334584121431
      vertex 197.175 196.53 14
    endloop
  endfacet
  facet normal -0.0654031292301441 0 -0.9978589232386035
    outer loop
      vertex 197.56657857666016 193.53 13.974334584121431
      vertex 197.175 196.53 14
      vertex 197.56657857666016 196.53 13.974334584121431
    endloop
  endfacet
  facet normal -0.19509032201612367 0 -0.9807852804032314
    outer loop
      vertex 197.95145713530758 193.53 13.897777478867205
      vertex 197.56657857666016 196.53 13.974334584121431
      vertex 197.95145713530758 196.53 13.897777478867205
    endloop
  endfacet
  facet normal -0.7518398074789516 0 -0.659345815100098
    outer loop
      vertex 199.55506002087373 193.53 12.826284287026162
      vertex 199.29632034355964 193.53 13.121320343559642
      vertex 199.29632034355964 196.53 13.121320343559642
    endloop
  endfacet
  facet normal -0.6593458151000949 0 -0.7518398074789545
    outer loop
      vertex 199.29632034355964 193.53 13.121320343559642
      vertex 199.00128428702618 193.53 13.380060020873707
      vertex 199.00128428702618 196.53 13.380060020873707
    endloop
  endfacet
  facet normal -0.7518398074789516 0 -0.659345815100098
    outer loop
      vertex 199.55506002087373 193.53 12.826284287026162
      vertex 199.29632034355964 196.53 13.121320343559642
      vertex 199.55506002087373 196.53 12.826284287026162
    endloop
  endfacet
  facet normal -0.6593458151000949 0 -0.7518398074789545
    outer loop
      vertex 199.29632034355964 193.53 13.121320343559642
      vertex 199.00128428702618 196.53 13.380060020873707
      vertex 199.29632034355964 196.53 13.121320343559642
    endloop
  endfacet
  facet normal -0.5555702330195917 0 -0.8314696123025522
    outer loop
      vertex 198.675 193.53 13.598076211353316
      vertex 198.675 196.53 13.598076211353316
      vertex 199.00128428702618 193.53 13.380060020873707
    endloop
  endfacet
  facet normal -0.4422886902189983 0 -0.8968727415326898
    outer loop
      vertex 198.675 193.53 13.598076211353316
      vertex 198.32305029709528 193.53 13.77163859753386
      vertex 198.32305029709528 196.53 13.77163859753386
    endloop
  endfacet
  facet normal -0.5555702330195917 0 -0.8314696123025522
    outer loop
      vertex 199.00128428702618 193.53 13.380060020873707
      vertex 198.675 196.53 13.598076211353316
      vertex 199.00128428702618 196.53 13.380060020873707
    endloop
  endfacet
  facet normal -0.4422886902189983 0 -0.8968727415326898
    outer loop
      vertex 198.675 193.53 13.598076211353316
      vertex 198.32305029709528 196.53 13.77163859753386
      vertex 198.675 196.53 13.598076211353316
    endloop
  endfacet
  facet normal 0 0.6593458151001117 0.7518398074789399
    outer loop
      vertex 325.01 160.63327381104222 12.833273811042197
      vertex 328 160.63327381104222 12.833273811042197
      vertex 325.01 160.7955436421356 12.690966988519461
    endloop
  endfacet
  facet normal 0 0.19509032201612592 0.980785280403231
    outer loop
      vertex 325.01 161.37294857558086 12.406222386623037
      vertex 328 161.37294857558086 12.406222386623037
      vertex 325.01 161.58463178283694 12.364115978733214
    endloop
  endfacet
  facet normal 0 0.4422886902190352 0.8968727415326716
    outer loop
      vertex 325.01 161.1685723365976 12.475598771356378
      vertex 325.01 160.97500000000002 12.571058083755677
      vertex 328 160.97500000000002 12.571058083755677
    endloop
  endfacet
  facet normal 0 0.3214394653031383 0.9469301294951137
    outer loop
      vertex 325.01 161.37294857558086 12.406222386623037
      vertex 325.01 161.1685723365976 12.475598771356378
      vertex 328 161.1685723365976 12.475598771356378
    endloop
  endfacet
  facet normal 0 0.06540312923015118 0.9978589232386029
    outer loop
      vertex 325.01 161.58463178283694 12.364115978733214
      vertex 328 161.58463178283694 12.364115978733214
      vertex 325.01 161.8 12.35
    endloop
  endfacet
  facet normal 0 -0.06540312923015118 0.9978589232386029
    outer loop
      vertex 325.01 161.8 12.35
      vertex 328 161.8 12.35
      vertex 325.01 162.0153682171631 12.364115978733214
    endloop
  endfacet
  facet normal 0 -0.19509032201612592 0.980785280403231
    outer loop
      vertex 325.01 162.0153682171631 12.364115978733214
      vertex 328 162.0153682171631 12.364115978733214
      vertex 325.01 162.22705142441916 12.406222386623037
    endloop
  endfacet
  facet normal 0 -0.3214394653031383 0.9469301294951137
    outer loop
      vertex 325.01 162.22705142441916 12.406222386623037
      vertex 328 162.22705142441916 12.406222386623037
      vertex 325.01 162.43142766340242 12.475598771356378
    endloop
  endfacet
  facet normal 0 0.555570233019553 0.8314696123025782
    outer loop
      vertex 325.01 160.97500000000002 12.571058083755677
      vertex 325.01 160.7955436421356 12.690966988519461
      vertex 328 160.7955436421356 12.690966988519461
    endloop
  endfacet
  facet normal 0 0.3214394653031383 0.9469301294951137
    outer loop
      vertex 325.01 161.37294857558086 12.406222386623037
      vertex 328 161.1685723365976 12.475598771356378
      vertex 328 161.37294857558086 12.406222386623037
    endloop
  endfacet
  facet normal 0 0.19509032201612592 0.980785280403231
    outer loop
      vertex 325.01 161.58463178283694 12.364115978733214
      vertex 328 161.37294857558086 12.406222386623037
      vertex 328 161.58463178283694 12.364115978733214
    endloop
  endfacet
  facet normal 0 0.4422886902190352 0.8968727415326716
    outer loop
      vertex 325.01 161.1685723365976 12.475598771356378
      vertex 328 160.97500000000002 12.571058083755677
      vertex 328 161.1685723365976 12.475598771356378
    endloop
  endfacet
  facet normal 0 0.06540312923015118 0.9978589232386029
    outer loop
      vertex 325.01 161.8 12.35
      vertex 328 161.58463178283694 12.364115978733214
      vertex 328 161.8 12.35
    endloop
  endfacet
  facet normal 0 -0.06540312923015118 0.9978589232386029
    outer loop
      vertex 325.01 162.0153682171631 12.364115978733214
      vertex 328 161.8 12.35
      vertex 328 162.0153682171631 12.364115978733214
    endloop
  endfacet
  facet normal 0 -0.19509032201612592 0.980785280403231
    outer loop
      vertex 325.01 162.22705142441916 12.406222386623037
      vertex 328 162.0153682171631 12.364115978733214
      vertex 328 162.22705142441916 12.406222386623037
    endloop
  endfacet
  facet normal 0 -0.3214394653031383 0.9469301294951137
    outer loop
      vertex 328 162.22705142441916 12.406222386623037
      vertex 328 162.43142766340242 12.475598771356378
      vertex 325.01 162.43142766340242 12.475598771356378
    endloop
  endfacet
  facet normal 0 0.555570233019553 0.8314696123025782
    outer loop
      vertex 325.01 160.97500000000002 12.571058083755677
      vertex 328 160.7955436421356 12.690966988519461
      vertex 328 160.97500000000002 12.571058083755677
    endloop
  endfacet
  facet normal 0 0.6593458151001117 0.7518398074789399
    outer loop
      vertex 325.01 160.7955436421356 12.690966988519461
      vertex 328 160.63327381104222 12.833273811042197
      vertex 328 160.7955436421356 12.690966988519461
    endloop
  endfacet
  facet normal 0 0.7518398074789308 0.6593458151001221
    outer loop
      vertex 325.01 160.63327381104222 12.833273811042197
      vertex 325.01 160.49096698851946 12.995543642135612
      vertex 328 160.49096698851946 12.995543642135612
    endloop
  endfacet
  facet normal 0 0.8314696123025667 0.5555702330195701
    outer loop
      vertex 325.01 160.49096698851946 12.995543642135612
      vertex 325.01 160.37105808375568 13.175
      vertex 328 160.37105808375568 13.175
    endloop
  endfacet
  facet normal 0 0.8968727415326877 0.4422886902190026
    outer loop
      vertex 325.01 160.37105808375568 13.175
      vertex 325.01 160.27559877135639 13.368572336597602
      vertex 328 160.27559877135639 13.368572336597602
    endloop
  endfacet
  facet normal 0 0.9469301294950968 0.321439465303188
    outer loop
      vertex 325.01 160.27559877135639 13.368572336597602
      vertex 325.01 160.20622238662304 13.57294857558084
      vertex 328 160.20622238662304 13.57294857558084
    endloop
  endfacet
  facet normal 0 0.9807852804032485 0.19509032201603724
    outer loop
      vertex 325.01 160.20622238662304 13.57294857558084
      vertex 325.01 160.16411597873324 13.784631782836914
      vertex 328 160.16411597873324 13.784631782836914
    endloop
  endfacet
  facet normal 0 0.7518398074789308 0.6593458151001221
    outer loop
      vertex 325.01 160.63327381104222 12.833273811042197
      vertex 328 160.49096698851946 12.995543642135612
      vertex 328 160.63327381104222 12.833273811042197
    endloop
  endfacet
  facet normal 0 0.8314696123025667 0.5555702330195701
    outer loop
      vertex 325.01 160.49096698851946 12.995543642135612
      vertex 328 160.37105808375568 13.175
      vertex 328 160.49096698851946 12.995543642135612
    endloop
  endfacet
  facet normal 0 0.8968727415326877 0.4422886902190026
    outer loop
      vertex 325.01 160.37105808375568 13.175
      vertex 328 160.27559877135639 13.368572336597602
      vertex 328 160.37105808375568 13.175
    endloop
  endfacet
  facet normal 0 0.9469301294950968 0.321439465303188
    outer loop
      vertex 325.01 160.27559877135639 13.368572336597602
      vertex 328 160.20622238662304 13.57294857558084
      vertex 328 160.27559877135639 13.368572336597602
    endloop
  endfacet
  facet normal 0 0.9807852804032485 0.19509032201603724
    outer loop
      vertex 325.01 160.20622238662304 13.57294857558084
      vertex 328 160.16411597873324 13.784631782836914
      vertex 328 160.20622238662304 13.57294857558084
    endloop
  endfacet
  facet normal 0 0.9978589232385984 0.06540312923022172
    outer loop
      vertex 325.01 160.16411597873324 13.784631782836914
      vertex 328 160.15 14
      vertex 328 160.16411597873324 13.784631782836914
    endloop
  endfacet
  facet normal 0 0.9978589232385984 0.06540312923022172
    outer loop
      vertex 325.01 160.16411597873324 13.784631782836914
      vertex 325.01 160.15 14
      vertex 328 160.15 14
    endloop
  endfacet
  facet normal 0 0.9978589232385984 -0.06540312923022172
    outer loop
      vertex 325.01 160.15 14
      vertex 325.01 160.16411597873324 14.215368217163086
      vertex 328 160.16411597873324 14.215368217163086
    endloop
  endfacet
  facet normal 0 0.9807852804032485 -0.19509032201603724
    outer loop
      vertex 325.01 160.16411597873324 14.215368217163086
      vertex 325.01 160.20622238662304 14.42705142441916
      vertex 328 160.20622238662304 14.42705142441916
    endloop
  endfacet
  facet normal 0 0.9469301294950968 -0.321439465303188
    outer loop
      vertex 325.01 160.20622238662304 14.42705142441916
      vertex 325.01 160.27559877135639 14.631427663402398
      vertex 328 160.27559877135639 14.631427663402398
    endloop
  endfacet
  facet normal 0 0.8968727415326877 -0.4422886902190026
    outer loop
      vertex 325.01 160.27559877135639 14.631427663402398
      vertex 325.01 160.37105808375568 14.825
      vertex 328 160.37105808375568 14.825
    endloop
  endfacet
  facet normal 0 0.8314696123025667 -0.5555702330195701
    outer loop
      vertex 325.01 160.37105808375568 14.825
      vertex 325.01 160.49096698851946 15.004456357864388
      vertex 328 160.49096698851946 15.004456357864388
    endloop
  endfacet
  facet normal 0 0.9978589232385984 -0.06540312923022172
    outer loop
      vertex 325.01 160.15 14
      vertex 328 160.16411597873324 14.215368217163086
      vertex 328 160.15 14
    endloop
  endfacet
  facet normal 0 0.9807852804032485 -0.19509032201603724
    outer loop
      vertex 325.01 160.16411597873324 14.215368217163086
      vertex 328 160.20622238662304 14.42705142441916
      vertex 328 160.16411597873324 14.215368217163086
    endloop
  endfacet
  facet normal 0 0.9469301294950968 -0.321439465303188
    outer loop
      vertex 325.01 160.20622238662304 14.42705142441916
      vertex 328 160.27559877135639 14.631427663402398
      vertex 328 160.20622238662304 14.42705142441916
    endloop
  endfacet
  facet normal 0 0.8968727415326877 -0.4422886902190026
    outer loop
      vertex 325.01 160.27559877135639 14.631427663402398
      vertex 328 160.37105808375568 14.825
      vertex 328 160.27559877135639 14.631427663402398
    endloop
  endfacet
  facet normal 0 0.8314696123025667 -0.5555702330195701
    outer loop
      vertex 325.01 160.37105808375568 14.825
      vertex 328 160.49096698851946 15.004456357864388
      vertex 328 160.37105808375568 14.825
    endloop
  endfacet
  facet normal 0 0.7518398074789308 -0.6593458151001221
    outer loop
      vertex 325.01 160.49096698851946 15.004456357864388
      vertex 325.01 160.63327381104222 15.166726188957803
      vertex 328 160.63327381104222 15.166726188957803
    endloop
  endfacet
  facet normal 0 0.6593458151001117 -0.7518398074789399
    outer loop
      vertex 325.01 160.63327381104222 15.166726188957803
      vertex 325.01 160.7955436421356 15.309033011480539
      vertex 328 160.7955436421356 15.309033011480539
    endloop
  endfacet
  facet normal 0 0.555570233019553 -0.8314696123025782
    outer loop
      vertex 325.01 160.7955436421356 15.309033011480539
      vertex 325.01 160.97500000000002 15.428941916244323
      vertex 328 160.97500000000002 15.428941916244323
    endloop
  endfacet
  facet normal 0 0.4422886902190352 -0.8968727415326716
    outer loop
      vertex 325.01 160.97500000000002 15.428941916244323
      vertex 325.01 161.1685723365976 15.524401228643622
      vertex 328 161.1685723365976 15.524401228643622
    endloop
  endfacet
  facet normal 0 0.3214394653031383 -0.9469301294951137
    outer loop
      vertex 325.01 161.1685723365976 15.524401228643622
      vertex 325.01 161.37294857558086 15.593777613376963
      vertex 328 161.37294857558086 15.593777613376963
    endloop
  endfacet
  facet normal 0 0.19509032201612592 -0.980785280403231
    outer loop
      vertex 325.01 161.37294857558086 15.593777613376963
      vertex 325.01 161.58463178283694 15.635884021266786
      vertex 328 161.58463178283694 15.635884021266786
    endloop
  endfacet
  facet normal 0 0.06540312923015118 -0.9978589232386029
    outer loop
      vertex 325.01 161.58463178283694 15.635884021266786
      vertex 325.01 161.8 15.65
      vertex 328 161.8 15.65
    endloop
  endfacet
  facet normal 0 -0.06540312923015118 -0.9978589232386029
    outer loop
      vertex 325.01 162.0153682171631 15.635884021266786
      vertex 328 162.0153682171631 15.635884021266786
      vertex 325.01 161.8 15.65
    endloop
  endfacet
  facet normal 0 -0.3214394653031383 -0.9469301294951137
    outer loop
      vertex 325.01 162.22705142441916 15.593777613376963
      vertex 325.01 162.43142766340242 15.524401228643622
      vertex 328 162.43142766340242 15.524401228643622
    endloop
  endfacet
  facet normal 0 -0.19509032201612592 -0.980785280403231
    outer loop
      vertex 325.01 162.0153682171631 15.635884021266786
      vertex 325.01 162.22705142441916 15.593777613376963
      vertex 328 162.22705142441916 15.593777613376963
    endloop
  endfacet
  facet normal 0 0.7518398074789308 -0.6593458151001221
    outer loop
      vertex 325.01 160.49096698851946 15.004456357864388
      vertex 328 160.63327381104222 15.166726188957803
      vertex 328 160.49096698851946 15.004456357864388
    endloop
  endfacet
  facet normal 0 0.6593458151001117 -0.7518398074789399
    outer loop
      vertex 325.01 160.63327381104222 15.166726188957803
      vertex 328 160.7955436421356 15.309033011480539
      vertex 328 160.63327381104222 15.166726188957803
    endloop
  endfacet
  facet normal 0 0.555570233019553 -0.8314696123025782
    outer loop
      vertex 325.01 160.7955436421356 15.309033011480539
      vertex 328 160.97500000000002 15.428941916244323
      vertex 328 160.7955436421356 15.309033011480539
    endloop
  endfacet
  facet normal 0 0.4422886902190352 -0.8968727415326716
    outer loop
      vertex 325.01 160.97500000000002 15.428941916244323
      vertex 328 161.1685723365976 15.524401228643622
      vertex 328 160.97500000000002 15.428941916244323
    endloop
  endfacet
  facet normal 0 0.3214394653031383 -0.9469301294951137
    outer loop
      vertex 325.01 161.1685723365976 15.524401228643622
      vertex 328 161.37294857558086 15.593777613376963
      vertex 328 161.1685723365976 15.524401228643622
    endloop
  endfacet
  facet normal 0 0.19509032201612592 -0.980785280403231
    outer loop
      vertex 325.01 161.37294857558086 15.593777613376963
      vertex 328 161.58463178283694 15.635884021266786
      vertex 328 161.37294857558086 15.593777613376963
    endloop
  endfacet
  facet normal 0 0.06540312923015118 -0.9978589232386029
    outer loop
      vertex 325.01 161.58463178283694 15.635884021266786
      vertex 328 161.8 15.65
      vertex 328 161.58463178283694 15.635884021266786
    endloop
  endfacet
  facet normal 0 -0.06540312923015118 -0.9978589232386029
    outer loop
      vertex 325.01 161.8 15.65
      vertex 328 162.0153682171631 15.635884021266786
      vertex 328 161.8 15.65
    endloop
  endfacet
  facet normal 0 -0.3214394653031383 -0.9469301294951137
    outer loop
      vertex 325.01 162.22705142441916 15.593777613376963
      vertex 328 162.43142766340242 15.524401228643622
      vertex 328 162.22705142441916 15.593777613376963
    endloop
  endfacet
  facet normal 0 -0.19509032201612592 -0.980785280403231
    outer loop
      vertex 325.01 162.0153682171631 15.635884021266786
      vertex 328 162.22705142441916 15.593777613376963
      vertex 328 162.0153682171631 15.635884021266786
    endloop
  endfacet
  facet normal 0 -0.4422886902190352 0.8968727415326716
    outer loop
      vertex 325.01 162.43142766340242 12.475598771356378
      vertex 328 162.43142766340242 12.475598771356378
      vertex 325.01 162.625 12.571058083755677
    endloop
  endfacet
  facet normal 0 -0.555570233019553 0.8314696123025782
    outer loop
      vertex 325.01 162.625 12.571058083755677
      vertex 328 162.625 12.571058083755677
      vertex 325.01 162.8044563578644 12.690966988519461
    endloop
  endfacet
  facet normal 0 -0.6593458151001117 0.7518398074789399
    outer loop
      vertex 325.01 162.8044563578644 12.690966988519461
      vertex 328 162.8044563578644 12.690966988519461
      vertex 325.01 162.9667261889578 12.833273811042197
    endloop
  endfacet
  facet normal 0 -0.4422886902190352 0.8968727415326716
    outer loop
      vertex 325.01 162.625 12.571058083755677
      vertex 328 162.43142766340242 12.475598771356378
      vertex 328 162.625 12.571058083755677
    endloop
  endfacet
  facet normal 0 -0.555570233019553 0.8314696123025782
    outer loop
      vertex 325.01 162.8044563578644 12.690966988519461
      vertex 328 162.625 12.571058083755677
      vertex 328 162.8044563578644 12.690966988519461
    endloop
  endfacet
  facet normal 0 -0.6593458151001117 0.7518398074789399
    outer loop
      vertex 325.01 162.9667261889578 12.833273811042197
      vertex 328 162.8044563578644 12.690966988519461
      vertex 328 162.9667261889578 12.833273811042197
    endloop
  endfacet
  facet normal 0 -0.7518398074789308 0.6593458151001221
    outer loop
      vertex 325.01 162.9667261889578 12.833273811042197
      vertex 328 162.9667261889578 12.833273811042197
      vertex 325.01 163.10903301148056 12.995543642135612
    endloop
  endfacet
  facet normal 0 -0.8314696123025667 0.5555702330195701
    outer loop
      vertex 325.01 163.10903301148056 12.995543642135612
      vertex 328 163.10903301148056 12.995543642135612
      vertex 325.01 163.22894191624434 13.175
    endloop
  endfacet
  facet normal 0 -0.8968727415326877 0.4422886902190026
    outer loop
      vertex 325.01 163.22894191624434 13.175
      vertex 328 163.22894191624434 13.175
      vertex 325.01 163.32440122864364 13.368572336597602
    endloop
  endfacet
  facet normal 0 -0.9469301294950968 0.321439465303188
    outer loop
      vertex 325.01 163.32440122864364 13.368572336597602
      vertex 328 163.32440122864364 13.368572336597602
      vertex 325.01 163.39377761337698 13.57294857558084
    endloop
  endfacet
  facet normal 0 -0.9807852804032485 0.19509032201603724
    outer loop
      vertex 325.01 163.39377761337698 13.57294857558084
      vertex 328 163.39377761337698 13.57294857558084
      vertex 325.01 163.4358840212668 13.784631782836914
    endloop
  endfacet
  facet normal 0 -0.9978589232385984 0.06540312923022172
    outer loop
      vertex 325.01 163.4358840212668 13.784631782836914
      vertex 328 163.4358840212668 13.784631782836914
      vertex 325.01 163.45000000000002 14
    endloop
  endfacet
  facet normal 0 -0.7518398074789308 0.6593458151001221
    outer loop
      vertex 328 162.9667261889578 12.833273811042197
      vertex 328 163.10903301148056 12.995543642135612
      vertex 325.01 163.10903301148056 12.995543642135612
    endloop
  endfacet
  facet normal 0 -0.8314696123025667 0.5555702330195701
    outer loop
      vertex 325.01 163.22894191624434 13.175
      vertex 328 163.10903301148056 12.995543642135612
      vertex 328 163.22894191624434 13.175
    endloop
  endfacet
  facet normal 0 -0.8968727415326877 0.4422886902190026
    outer loop
      vertex 325.01 163.32440122864364 13.368572336597602
      vertex 328 163.22894191624434 13.175
      vertex 328 163.32440122864364 13.368572336597602
    endloop
  endfacet
  facet normal 0 -0.9469301294950968 0.321439465303188
    outer loop
      vertex 325.01 163.39377761337698 13.57294857558084
      vertex 328 163.32440122864364 13.368572336597602
      vertex 328 163.39377761337698 13.57294857558084
    endloop
  endfacet
  facet normal 0 -0.9807852804032485 0.19509032201603724
    outer loop
      vertex 325.01 163.4358840212668 13.784631782836914
      vertex 328 163.39377761337698 13.57294857558084
      vertex 328 163.4358840212668 13.784631782836914
    endloop
  endfacet
  facet normal 0 -0.9978589232385984 -0.06540312923022172
    outer loop
      vertex 325.01 163.45000000000002 14
      vertex 328 163.45000000000002 14
      vertex 325.01 163.4358840212668 14.215368217163086
    endloop
  endfacet
  facet normal 0 -0.9807852804032485 -0.19509032201603724
    outer loop
      vertex 325.01 163.4358840212668 14.215368217163086
      vertex 328 163.4358840212668 14.215368217163086
      vertex 325.01 163.39377761337698 14.42705142441916
    endloop
  endfacet
  facet normal 0 -0.9469301294950968 -0.321439465303188
    outer loop
      vertex 325.01 163.39377761337698 14.42705142441916
      vertex 328 163.39377761337698 14.42705142441916
      vertex 325.01 163.32440122864364 14.631427663402398
    endloop
  endfacet
  facet normal 0 -0.8968727415326877 -0.4422886902190026
    outer loop
      vertex 325.01 163.32440122864364 14.631427663402398
      vertex 328 163.32440122864364 14.631427663402398
      vertex 325.01 163.22894191624434 14.825
    endloop
  endfacet
  facet normal 0 -0.8314696123025667 -0.5555702330195701
    outer loop
      vertex 325.01 163.22894191624434 14.825
      vertex 328 163.22894191624434 14.825
      vertex 325.01 163.10903301148056 15.004456357864388
    endloop
  endfacet
  facet normal 0 -0.9978589232385984 0.06540312923022172
    outer loop
      vertex 328 163.4358840212668 13.784631782836914
      vertex 328 163.45000000000002 14
      vertex 325.01 163.45000000000002 14
    endloop
  endfacet
  facet normal 0 -0.9978589232385984 -0.06540312923022172
    outer loop
      vertex 325.01 163.4358840212668 14.215368217163086
      vertex 328 163.45000000000002 14
      vertex 328 163.4358840212668 14.215368217163086
    endloop
  endfacet
  facet normal 0 -0.9807852804032485 -0.19509032201603724
    outer loop
      vertex 325.01 163.39377761337698 14.42705142441916
      vertex 328 163.4358840212668 14.215368217163086
      vertex 328 163.39377761337698 14.42705142441916
    endloop
  endfacet
  facet normal 0 -0.9469301294950968 -0.321439465303188
    outer loop
      vertex 325.01 163.32440122864364 14.631427663402398
      vertex 328 163.39377761337698 14.42705142441916
      vertex 328 163.32440122864364 14.631427663402398
    endloop
  endfacet
  facet normal 0 -0.8314696123025667 -0.5555702330195701
    outer loop
      vertex 328 163.22894191624434 14.825
      vertex 328 163.10903301148056 15.004456357864388
      vertex 325.01 163.10903301148056 15.004456357864388
    endloop
  endfacet
  facet normal 0 -0.8968727415326877 -0.4422886902190026
    outer loop
      vertex 325.01 163.22894191624434 14.825
      vertex 328 163.32440122864364 14.631427663402398
      vertex 328 163.22894191624434 14.825
    endloop
  endfacet
  facet normal 0 -0.7518398074789308 -0.6593458151001221
    outer loop
      vertex 325.01 163.10903301148056 15.004456357864388
      vertex 328 163.10903301148056 15.004456357864388
      vertex 325.01 162.9667261889578 15.166726188957803
    endloop
  endfacet
  facet normal 0 -0.6593458151001117 -0.7518398074789399
    outer loop
      vertex 325.01 162.9667261889578 15.166726188957803
      vertex 328 162.9667261889578 15.166726188957803
      vertex 325.01 162.8044563578644 15.309033011480539
    endloop
  endfacet
  facet normal 0 -0.555570233019553 -0.8314696123025782
    outer loop
      vertex 325.01 162.8044563578644 15.309033011480539
      vertex 328 162.8044563578644 15.309033011480539
      vertex 325.01 162.625 15.428941916244323
    endloop
  endfacet
  facet normal 0 -0.4422886902190352 -0.8968727415326716
    outer loop
      vertex 325.01 162.625 15.428941916244323
      vertex 328 162.625 15.428941916244323
      vertex 325.01 162.43142766340242 15.524401228643622
    endloop
  endfacet
  facet normal 0 -0.7518398074789308 -0.6593458151001221
    outer loop
      vertex 325.01 162.9667261889578 15.166726188957803
      vertex 328 163.10903301148056 15.004456357864388
      vertex 328 162.9667261889578 15.166726188957803
    endloop
  endfacet
  facet normal 0 -0.6593458151001117 -0.7518398074789399
    outer loop
      vertex 325.01 162.8044563578644 15.309033011480539
      vertex 328 162.9667261889578 15.166726188957803
      vertex 328 162.8044563578644 15.309033011480539
    endloop
  endfacet
  facet normal 0 -0.555570233019553 -0.8314696123025782
    outer loop
      vertex 325.01 162.625 15.428941916244323
      vertex 328 162.8044563578644 15.309033011480539
      vertex 328 162.625 15.428941916244323
    endloop
  endfacet
  facet normal 0 -0.4422886902190352 -0.8968727415326716
    outer loop
      vertex 325.01 162.43142766340242 15.524401228643622
      vertex 328 162.625 15.428941916244323
      vertex 328 162.43142766340242 15.524401228643622
    endloop
  endfacet
  facet normal 0 0.4422886902190352 0.8968727415326716
    outer loop
      vertex 325.01 185.96500000000003 12.571058083755677
      vertex 328 185.96500000000003 12.571058083755677
      vertex 325.01 186.15857233659762 12.475598771356378
    endloop
  endfacet
  facet normal 0 0.555570233019553 0.8314696123025782
    outer loop
      vertex 325.01 185.96500000000003 12.571058083755677
      vertex 325.01 185.78554364213562 12.690966988519461
      vertex 328 185.78554364213562 12.690966988519461
    endloop
  endfacet
  facet normal 0 0.6593458151001117 0.7518398074789399
    outer loop
      vertex 325.01 185.78554364213562 12.690966988519461
      vertex 325.01 185.62327381104222 12.833273811042197
      vertex 328 185.62327381104222 12.833273811042197
    endloop
  endfacet
  facet normal 0 0.19509032201612592 0.980785280403231
    outer loop
      vertex 325.01 186.36294857558087 12.406222386623037
      vertex 328 186.36294857558087 12.406222386623037
      vertex 325.01 186.57463178283695 12.364115978733214
    endloop
  endfacet
  facet normal 0 0.06540312923015118 0.9978589232386029
    outer loop
      vertex 325.01 186.57463178283695 12.364115978733214
      vertex 328 186.57463178283695 12.364115978733214
      vertex 325.01 186.79000000000002 12.35
    endloop
  endfacet
  facet normal 0 -0.06540312923015118 0.9978589232386029
    outer loop
      vertex 325.01 186.79000000000002 12.35
      vertex 328 186.79000000000002 12.35
      vertex 325.01 187.0053682171631 12.364115978733214
    endloop
  endfacet
  facet normal 0 0.3214394653031383 0.9469301294951137
    outer loop
      vertex 325.01 186.36294857558087 12.406222386623037
      vertex 325.01 186.15857233659762 12.475598771356378
      vertex 328 186.15857233659762 12.475598771356378
    endloop
  endfacet
  facet normal 0 -0.19509032201612592 0.980785280403231
    outer loop
      vertex 325.01 187.0053682171631 12.364115978733214
      vertex 328 187.0053682171631 12.364115978733214
      vertex 325.01 187.21705142441917 12.406222386623037
    endloop
  endfacet
  facet normal 0 -0.3214394653031383 0.9469301294951137
    outer loop
      vertex 325.01 187.21705142441917 12.406222386623037
      vertex 328 187.21705142441917 12.406222386623037
      vertex 325.01 187.42142766340243 12.475598771356378
    endloop
  endfacet
  facet normal 0 -0.4422886902190352 0.8968727415326716
    outer loop
      vertex 325.01 187.42142766340243 12.475598771356378
      vertex 328 187.42142766340243 12.475598771356378
      vertex 325.01 187.615 12.571058083755677
    endloop
  endfacet
  facet normal 0 -0.555570233019553 0.8314696123025782
    outer loop
      vertex 325.01 187.615 12.571058083755677
      vertex 328 187.615 12.571058083755677
      vertex 325.01 187.79445635786442 12.690966988519461
    endloop
  endfacet
  facet normal 0 -0.6593458151001117 0.7518398074789399
    outer loop
      vertex 325.01 187.79445635786442 12.690966988519461
      vertex 328 187.79445635786442 12.690966988519461
      vertex 325.01 187.95672618895782 12.833273811042197
    endloop
  endfacet
  facet normal 0 0.555570233019553 0.8314696123025782
    outer loop
      vertex 325.01 185.96500000000003 12.571058083755677
      vertex 328 185.78554364213562 12.690966988519461
      vertex 328 185.96500000000003 12.571058083755677
    endloop
  endfacet
  facet normal 0 0.6593458151001117 0.7518398074789399
    outer loop
      vertex 325.01 185.78554364213562 12.690966988519461
      vertex 328 185.62327381104222 12.833273811042197
      vertex 328 185.78554364213562 12.690966988519461
    endloop
  endfacet
  facet normal 0 0.3214394653031383 0.9469301294951137
    outer loop
      vertex 325.01 186.36294857558087 12.406222386623037
      vertex 328 186.15857233659762 12.475598771356378
      vertex 328 186.36294857558087 12.406222386623037
    endloop
  endfacet
  facet normal 0 0.06540312923015118 0.9978589232386029
    outer loop
      vertex 325.01 186.79000000000002 12.35
      vertex 328 186.57463178283695 12.364115978733214
      vertex 328 186.79000000000002 12.35
    endloop
  endfacet
  facet normal 0 0.19509032201612592 0.980785280403231
    outer loop
      vertex 325.01 186.57463178283695 12.364115978733214
      vertex 328 186.36294857558087 12.406222386623037
      vertex 328 186.57463178283695 12.364115978733214
    endloop
  endfacet
  facet normal 0 0.4422886902190352 0.8968727415326716
    outer loop
      vertex 325.01 186.15857233659762 12.475598771356378
      vertex 328 185.96500000000003 12.571058083755677
      vertex 328 186.15857233659762 12.475598771356378
    endloop
  endfacet
  facet normal 0 -0.06540312923015118 0.9978589232386029
    outer loop
      vertex 325.01 187.0053682171631 12.364115978733214
      vertex 328 186.79000000000002 12.35
      vertex 328 187.0053682171631 12.364115978733214
    endloop
  endfacet
  facet normal 0 -0.19509032201612592 0.980785280403231
    outer loop
      vertex 325.01 187.21705142441917 12.406222386623037
      vertex 328 187.0053682171631 12.364115978733214
      vertex 328 187.21705142441917 12.406222386623037
    endloop
  endfacet
  facet normal 0 -0.3214394653031383 0.9469301294951137
    outer loop
      vertex 325.01 187.42142766340243 12.475598771356378
      vertex 328 187.21705142441917 12.406222386623037
      vertex 328 187.42142766340243 12.475598771356378
    endloop
  endfacet
  facet normal 0 -0.4422886902190352 0.8968727415326716
    outer loop
      vertex 325.01 187.615 12.571058083755677
      vertex 328 187.42142766340243 12.475598771356378
      vertex 328 187.615 12.571058083755677
    endloop
  endfacet
  facet normal 0 -0.555570233019553 0.8314696123025782
    outer loop
      vertex 325.01 187.79445635786442 12.690966988519461
      vertex 328 187.615 12.571058083755677
      vertex 328 187.79445635786442 12.690966988519461
    endloop
  endfacet
  facet normal 0 -0.6593458151001117 0.7518398074789399
    outer loop
      vertex 325.01 187.95672618895782 12.833273811042197
      vertex 328 187.79445635786442 12.690966988519461
      vertex 328 187.95672618895782 12.833273811042197
    endloop
  endfacet
  facet normal 0 0.7518398074789308 0.6593458151001221
    outer loop
      vertex 325.01 185.62327381104222 12.833273811042197
      vertex 325.01 185.48096698851947 12.995543642135612
      vertex 328 185.48096698851947 12.995543642135612
    endloop
  endfacet
  facet normal 0 0.8314696123025667 0.5555702330195701
    outer loop
      vertex 325.01 185.48096698851947 12.995543642135612
      vertex 325.01 185.3610580837557 13.175
      vertex 328 185.3610580837557 13.175
    endloop
  endfacet
  facet normal 0 0.8968727415326877 0.4422886902190026
    outer loop
      vertex 325.01 185.3610580837557 13.175
      vertex 325.01 185.2655987713564 13.368572336597602
      vertex 328 185.2655987713564 13.368572336597602
    endloop
  endfacet
  facet normal 0 0.9469301294950968 0.321439465303188
    outer loop
      vertex 325.01 185.2655987713564 13.368572336597602
      vertex 325.01 185.19622238662305 13.57294857558084
      vertex 328 185.19622238662305 13.57294857558084
    endloop
  endfacet
  facet normal 0 0.9807852804032485 0.19509032201603724
    outer loop
      vertex 325.01 185.19622238662305 13.57294857558084
      vertex 325.01 185.15411597873324 13.784631782836914
      vertex 328 185.15411597873324 13.784631782836914
    endloop
  endfacet
  facet normal 0 -0.7518398074789308 0.6593458151001221
    outer loop
      vertex 325.01 187.95672618895782 12.833273811042197
      vertex 328 187.95672618895782 12.833273811042197
      vertex 325.01 188.09903301148057 12.995543642135612
    endloop
  endfacet
  facet normal 0 -0.8314696123025667 0.5555702330195701
    outer loop
      vertex 325.01 188.09903301148057 12.995543642135612
      vertex 328 188.09903301148057 12.995543642135612
      vertex 325.01 188.21894191624435 13.175
    endloop
  endfacet
  facet normal 0 -0.8968727415326877 0.4422886902190026
    outer loop
      vertex 325.01 188.21894191624435 13.175
      vertex 328 188.21894191624435 13.175
      vertex 325.01 188.31440122864365 13.368572336597602
    endloop
  endfacet
  facet normal 0 -0.9469301294950968 0.321439465303188
    outer loop
      vertex 325.01 188.31440122864365 13.368572336597602
      vertex 328 188.31440122864365 13.368572336597602
      vertex 325.01 188.383777613377 13.57294857558084
    endloop
  endfacet
  facet normal 0 -0.9807852804032485 0.19509032201603724
    outer loop
      vertex 325.01 188.383777613377 13.57294857558084
      vertex 328 188.383777613377 13.57294857558084
      vertex 325.01 188.4258840212668 13.784631782836914
    endloop
  endfacet
  facet normal 0 -0.9978589232385984 0.06540312923022172
    outer loop
      vertex 325.01 188.4258840212668 13.784631782836914
      vertex 328 188.4258840212668 13.784631782836914
      vertex 325.01 188.44000000000003 14
    endloop
  endfacet
  facet normal 0 0.7518398074789308 0.6593458151001221
    outer loop
      vertex 325.01 185.62327381104222 12.833273811042197
      vertex 328 185.48096698851947 12.995543642135612
      vertex 328 185.62327381104222 12.833273811042197
    endloop
  endfacet
  facet normal 0 0.8314696123025667 0.5555702330195701
    outer loop
      vertex 325.01 185.48096698851947 12.995543642135612
      vertex 328 185.3610580837557 13.175
      vertex 328 185.48096698851947 12.995543642135612
    endloop
  endfacet
  facet normal 0 0.8968727415326877 0.4422886902190026
    outer loop
      vertex 325.01 185.3610580837557 13.175
      vertex 328 185.2655987713564 13.368572336597602
      vertex 328 185.3610580837557 13.175
    endloop
  endfacet
  facet normal 0 0.9469301294950968 0.321439465303188
    outer loop
      vertex 325.01 185.2655987713564 13.368572336597602
      vertex 328 185.19622238662305 13.57294857558084
      vertex 328 185.2655987713564 13.368572336597602
    endloop
  endfacet
  facet normal 0 0.9807852804032485 0.19509032201603724
    outer loop
      vertex 325.01 185.19622238662305 13.57294857558084
      vertex 328 185.15411597873324 13.784631782836914
      vertex 328 185.19622238662305 13.57294857558084
    endloop
  endfacet
  facet normal 0 0.9978589232385984 0.06540312923022172
    outer loop
      vertex 325.01 185.15411597873324 13.784631782836914
      vertex 328 185.14000000000001 14
      vertex 328 185.15411597873324 13.784631782836914
    endloop
  endfacet
  facet normal 0 -0.7518398074789308 0.6593458151001221
    outer loop
      vertex 328 187.95672618895782 12.833273811042197
      vertex 328 188.09903301148057 12.995543642135612
      vertex 325.01 188.09903301148057 12.995543642135612
    endloop
  endfacet
  facet normal 0 -0.8314696123025667 0.5555702330195701
    outer loop
      vertex 325.01 188.21894191624435 13.175
      vertex 328 188.09903301148057 12.995543642135612
      vertex 328 188.21894191624435 13.175
    endloop
  endfacet
  facet normal 0 -0.8968727415326877 0.4422886902190026
    outer loop
      vertex 325.01 188.31440122864365 13.368572336597602
      vertex 328 188.21894191624435 13.175
      vertex 328 188.31440122864365 13.368572336597602
    endloop
  endfacet
  facet normal 0 -0.9469301294950968 0.321439465303188
    outer loop
      vertex 325.01 188.383777613377 13.57294857558084
      vertex 328 188.31440122864365 13.368572336597602
      vertex 328 188.383777613377 13.57294857558084
    endloop
  endfacet
  facet normal 0 -0.9807852804032485 0.19509032201603724
    outer loop
      vertex 325.01 188.4258840212668 13.784631782836914
      vertex 328 188.383777613377 13.57294857558084
      vertex 328 188.4258840212668 13.784631782836914
    endloop
  endfacet
  facet normal 0 0.9978589232385984 0.06540312923022172
    outer loop
      vertex 325.01 185.15411597873324 13.784631782836914
      vertex 325.01 185.14000000000001 14
      vertex 328 185.14000000000001 14
    endloop
  endfacet
  facet normal 0 0.9978589232385984 -0.06540312923022172
    outer loop
      vertex 325.01 185.14000000000001 14
      vertex 325.01 185.15411597873324 14.215368217163086
      vertex 328 185.15411597873324 14.215368217163086
    endloop
  endfacet
  facet normal 0 0.9807852804032485 -0.19509032201603724
    outer loop
      vertex 325.01 185.15411597873324 14.215368217163086
      vertex 325.01 185.19622238662305 14.42705142441916
      vertex 328 185.19622238662305 14.42705142441916
    endloop
  endfacet
  facet normal 0 0.9469301294950968 -0.321439465303188
    outer loop
      vertex 325.01 185.19622238662305 14.42705142441916
      vertex 325.01 185.2655987713564 14.631427663402398
      vertex 328 185.2655987713564 14.631427663402398
    endloop
  endfacet
  facet normal 0 0.8968727415326877 -0.4422886902190026
    outer loop
      vertex 325.01 185.2655987713564 14.631427663402398
      vertex 325.01 185.3610580837557 14.825
      vertex 328 185.3610580837557 14.825
    endloop
  endfacet
  facet normal 0 0.8314696123025667 -0.5555702330195701
    outer loop
      vertex 325.01 185.3610580837557 14.825
      vertex 325.01 185.48096698851947 15.004456357864388
      vertex 328 185.48096698851947 15.004456357864388
    endloop
  endfacet
  facet normal 0 -0.9978589232385984 -0.06540312923022172
    outer loop
      vertex 325.01 188.44000000000003 14
      vertex 328 188.44000000000003 14
      vertex 325.01 188.4258840212668 14.215368217163086
    endloop
  endfacet
  facet normal 0 -0.9807852804032485 -0.19509032201603724
    outer loop
      vertex 325.01 188.4258840212668 14.215368217163086
      vertex 328 188.4258840212668 14.215368217163086
      vertex 325.01 188.383777613377 14.42705142441916
    endloop
  endfacet
  facet normal 0 -0.9469301294950968 -0.321439465303188
    outer loop
      vertex 325.01 188.383777613377 14.42705142441916
      vertex 328 188.383777613377 14.42705142441916
      vertex 325.01 188.31440122864365 14.631427663402398
    endloop
  endfacet
  facet normal 0 -0.8968727415326877 -0.4422886902190026
    outer loop
      vertex 325.01 188.31440122864365 14.631427663402398
      vertex 328 188.31440122864365 14.631427663402398
      vertex 325.01 188.21894191624435 14.825
    endloop
  endfacet
  facet normal 0 -0.8314696123025667 -0.5555702330195701
    outer loop
      vertex 325.01 188.21894191624435 14.825
      vertex 328 188.21894191624435 14.825
      vertex 325.01 188.09903301148057 15.004456357864388
    endloop
  endfacet
  facet normal 0 0.9978589232385984 -0.06540312923022172
    outer loop
      vertex 325.01 185.14000000000001 14
      vertex 328 185.15411597873324 14.215368217163086
      vertex 328 185.14000000000001 14
    endloop
  endfacet
  facet normal 0 0.9807852804032485 -0.19509032201603724
    outer loop
      vertex 325.01 185.15411597873324 14.215368217163086
      vertex 328 185.19622238662305 14.42705142441916
      vertex 328 185.15411597873324 14.215368217163086
    endloop
  endfacet
  facet normal 0 0.9469301294950968 -0.321439465303188
    outer loop
      vertex 325.01 185.19622238662305 14.42705142441916
      vertex 328 185.2655987713564 14.631427663402398
      vertex 328 185.19622238662305 14.42705142441916
    endloop
  endfacet
  facet normal 0 0.8968727415326877 -0.4422886902190026
    outer loop
      vertex 325.01 185.2655987713564 14.631427663402398
      vertex 328 185.3610580837557 14.825
      vertex 328 185.2655987713564 14.631427663402398
    endloop
  endfacet
  facet normal 0 0.8314696123025667 -0.5555702330195701
    outer loop
      vertex 325.01 185.3610580837557 14.825
      vertex 328 185.48096698851947 15.004456357864388
      vertex 328 185.3610580837557 14.825
    endloop
  endfacet
  facet normal 0 -0.9978589232385984 0.06540312923022172
    outer loop
      vertex 328 188.4258840212668 13.784631782836914
      vertex 328 188.44000000000003 14
      vertex 325.01 188.44000000000003 14
    endloop
  endfacet
  facet normal 0 -0.9978589232385984 -0.06540312923022172
    outer loop
      vertex 325.01 188.4258840212668 14.215368217163086
      vertex 328 188.44000000000003 14
      vertex 328 188.4258840212668 14.215368217163086
    endloop
  endfacet
  facet normal 0 -0.9807852804032485 -0.19509032201603724
    outer loop
      vertex 325.01 188.383777613377 14.42705142441916
      vertex 328 188.4258840212668 14.215368217163086
      vertex 328 188.383777613377 14.42705142441916
    endloop
  endfacet
  facet normal 0 -0.9469301294950968 -0.321439465303188
    outer loop
      vertex 325.01 188.31440122864365 14.631427663402398
      vertex 328 188.383777613377 14.42705142441916
      vertex 328 188.31440122864365 14.631427663402398
    endloop
  endfacet
  facet normal 0 -0.8968727415326877 -0.4422886902190026
    outer loop
      vertex 325.01 188.21894191624435 14.825
      vertex 328 188.31440122864365 14.631427663402398
      vertex 328 188.21894191624435 14.825
    endloop
  endfacet
  facet normal 0 -0.8314696123025667 -0.5555702330195701
    outer loop
      vertex 328 188.21894191624435 14.825
      vertex 328 188.09903301148057 15.004456357864388
      vertex 325.01 188.09903301148057 15.004456357864388
    endloop
  endfacet
  facet normal 0 0.7518398074789308 -0.6593458151001221
    outer loop
      vertex 325.01 185.48096698851947 15.004456357864388
      vertex 325.01 185.62327381104222 15.166726188957803
      vertex 328 185.62327381104222 15.166726188957803
    endloop
  endfacet
  facet normal 0 0.6593458151001117 -0.7518398074789399
    outer loop
      vertex 325.01 185.62327381104222 15.166726188957803
      vertex 325.01 185.78554364213562 15.309033011480539
      vertex 328 185.78554364213562 15.309033011480539
    endloop
  endfacet
  facet normal 0 0.555570233019553 -0.8314696123025782
    outer loop
      vertex 325.01 185.78554364213562 15.309033011480539
      vertex 325.01 185.96500000000003 15.428941916244323
      vertex 328 185.96500000000003 15.428941916244323
    endloop
  endfacet
  facet normal 0 0.4422886902190352 -0.8968727415326716
    outer loop
      vertex 325.01 185.96500000000003 15.428941916244323
      vertex 325.01 186.15857233659762 15.524401228643622
      vertex 328 186.15857233659762 15.524401228643622
    endloop
  endfacet
  facet normal 0 -0.555570233019553 -0.8314696123025782
    outer loop
      vertex 325.01 187.615 15.428941916244323
      vertex 325.01 187.79445635786442 15.309033011480539
      vertex 328 187.79445635786442 15.309033011480539
    endloop
  endfacet
  facet normal 0 -0.4422886902190352 -0.8968727415326716
    outer loop
      vertex 325.01 187.615 15.428941916244323
      vertex 328 187.615 15.428941916244323
      vertex 325.01 187.42142766340243 15.524401228643622
    endloop
  endfacet
  facet normal 0 -0.7518398074789308 -0.6593458151001221
    outer loop
      vertex 325.01 188.09903301148057 15.004456357864388
      vertex 328 188.09903301148057 15.004456357864388
      vertex 325.01 187.95672618895782 15.166726188957803
    endloop
  endfacet
  facet normal 0 -0.6593458151001117 -0.7518398074789399
    outer loop
      vertex 325.01 187.95672618895782 15.166726188957803
      vertex 328 187.95672618895782 15.166726188957803
      vertex 325.01 187.79445635786442 15.309033011480539
    endloop
  endfacet
  facet normal 0 0.3214394653031383 -0.9469301294951137
    outer loop
      vertex 325.01 186.15857233659762 15.524401228643622
      vertex 325.01 186.36294857558087 15.593777613376963
      vertex 328 186.36294857558087 15.593777613376963
    endloop
  endfacet
  facet normal 0 0.19509032201612592 -0.980785280403231
    outer loop
      vertex 325.01 186.36294857558087 15.593777613376963
      vertex 325.01 186.57463178283695 15.635884021266786
      vertex 328 186.57463178283695 15.635884021266786
    endloop
  endfacet
  facet normal 0 0.06540312923015118 -0.9978589232386029
    outer loop
      vertex 325.01 186.57463178283695 15.635884021266786
      vertex 325.01 186.79000000000002 15.65
      vertex 328 186.79000000000002 15.65
    endloop
  endfacet
  facet normal 0 -0.06540312923015118 -0.9978589232386029
    outer loop
      vertex 325.01 186.79000000000002 15.65
      vertex 325.01 187.0053682171631 15.635884021266786
      vertex 328 187.0053682171631 15.635884021266786
    endloop
  endfacet
  facet normal 0 -0.19509032201612592 -0.980785280403231
    outer loop
      vertex 325.01 187.0053682171631 15.635884021266786
      vertex 325.01 187.21705142441917 15.593777613376963
      vertex 328 187.21705142441917 15.593777613376963
    endloop
  endfacet
  facet normal 0 -0.3214394653031383 -0.9469301294951137
    outer loop
      vertex 325.01 187.21705142441917 15.593777613376963
      vertex 325.01 187.42142766340243 15.524401228643622
      vertex 328 187.42142766340243 15.524401228643622
    endloop
  endfacet
  facet normal 0 0.7518398074789308 -0.6593458151001221
    outer loop
      vertex 325.01 185.48096698851947 15.004456357864388
      vertex 328 185.62327381104222 15.166726188957803
      vertex 328 185.48096698851947 15.004456357864388
    endloop
  endfacet
  facet normal 0 0.6593458151001117 -0.7518398074789399
    outer loop
      vertex 325.01 185.62327381104222 15.166726188957803
      vertex 328 185.78554364213562 15.309033011480539
      vertex 328 185.62327381104222 15.166726188957803
    endloop
  endfacet
  facet normal 0 0.555570233019553 -0.8314696123025782
    outer loop
      vertex 325.01 185.78554364213562 15.309033011480539
      vertex 328 185.96500000000003 15.428941916244323
      vertex 328 185.78554364213562 15.309033011480539
    endloop
  endfacet
  facet normal 0 0.4422886902190352 -0.8968727415326716
    outer loop
      vertex 325.01 185.96500000000003 15.428941916244323
      vertex 328 186.15857233659762 15.524401228643622
      vertex 328 185.96500000000003 15.428941916244323
    endloop
  endfacet
  facet normal 0 -0.555570233019553 -0.8314696123025782
    outer loop
      vertex 325.01 187.615 15.428941916244323
      vertex 328 187.79445635786442 15.309033011480539
      vertex 328 187.615 15.428941916244323
    endloop
  endfacet
  facet normal 0 -0.4422886902190352 -0.8968727415326716
    outer loop
      vertex 325.01 187.42142766340243 15.524401228643622
      vertex 328 187.615 15.428941916244323
      vertex 328 187.42142766340243 15.524401228643622
    endloop
  endfacet
  facet normal 0 -0.7518398074789308 -0.6593458151001221
    outer loop
      vertex 325.01 187.95672618895782 15.166726188957803
      vertex 328 188.09903301148057 15.004456357864388
      vertex 328 187.95672618895782 15.166726188957803
    endloop
  endfacet
  facet normal 0 -0.6593458151001117 -0.7518398074789399
    outer loop
      vertex 325.01 187.79445635786442 15.309033011480539
      vertex 328 187.95672618895782 15.166726188957803
      vertex 328 187.79445635786442 15.309033011480539
    endloop
  endfacet
  facet normal 0 0.3214394653031383 -0.9469301294951137
    outer loop
      vertex 325.01 186.15857233659762 15.524401228643622
      vertex 328 186.36294857558087 15.593777613376963
      vertex 328 186.15857233659762 15.524401228643622
    endloop
  endfacet
  facet normal 0 0.19509032201612592 -0.980785280403231
    outer loop
      vertex 325.01 186.36294857558087 15.593777613376963
      vertex 328 186.57463178283695 15.635884021266786
      vertex 328 186.36294857558087 15.593777613376963
    endloop
  endfacet
  facet normal 0 0.06540312923015118 -0.9978589232386029
    outer loop
      vertex 325.01 186.57463178283695 15.635884021266786
      vertex 328 186.79000000000002 15.65
      vertex 328 186.57463178283695 15.635884021266786
    endloop
  endfacet
  facet normal 0 -0.06540312923015118 -0.9978589232386029
    outer loop
      vertex 325.01 186.79000000000002 15.65
      vertex 328 187.0053682171631 15.635884021266786
      vertex 328 186.79000000000002 15.65
    endloop
  endfacet
  facet normal 0 -0.3214394653031383 -0.9469301294951137
    outer loop
      vertex 325.01 187.21705142441917 15.593777613376963
      vertex 328 187.42142766340243 15.524401228643622
      vertex 328 187.21705142441917 15.593777613376963
    endloop
  endfacet
  facet normal 0 -0.19509032201612592 -0.980785280403231
    outer loop
      vertex 325.01 187.0053682171631 15.635884021266786
      vertex 328 187.21705142441917 15.593777613376963
      vertex 328 187.0053682171631 15.635884021266786
    endloop
  endfacet
  facet normal 1 0 0
    outer loop
      vertex 328 156.29500000000002 5.5
      vertex 328 167.04774363160135 10.211081452667713
      vertex 328 161.58463178283694 12.364115978733214
    endloop
  endfacet
  facet normal 1 0 0
    outer loop
      vertex 328 156.29500000000002 5.5
      vertex 328 160.37105808375568 13.175
      vertex 328 160.27559877135639 13.368572336597602
    endloop
  endfacet
  facet normal 1 0 0
    outer loop
      vertex 328 156.29500000000002 5.5
      vertex 328 161.58463178283694 12.364115978733214
      vertex 328 161.37294857558086 12.406222386623037
    endloop
  endfacet
  facet normal 1 0 0
    outer loop
      vertex 328 156.29500000000002 5.5
      vertex 328 161.37294857558086 12.406222386623037
      vertex 328 161.1685723365976 12.475598771356378
    endloop
  endfacet
  facet normal 1 0 0
    outer loop
      vertex 328 156.29500000000002 5.5
      vertex 328 160.97500000000002 12.571058083755677
      vertex 328 160.7955436421356 12.690966988519461
    endloop
  endfacet
  facet normal 1 0 0
    outer loop
      vertex 328 156.29500000000002 5.5
      vertex 328 161.1685723365976 12.475598771356378
      vertex 328 160.97500000000002 12.571058083755677
    endloop
  endfacet
  facet normal 1 0 0
    outer loop
      vertex 328 156.29500000000002 5.5
      vertex 328 160.7955436421356 12.690966988519461
      vertex 328 160.63327381104222 12.833273811042197
    endloop
  endfacet
  facet normal 1 0 0
    outer loop
      vertex 328 156.29500000000002 5.5
      vertex 328 160.63327381104222 12.833273811042197
      vertex 328 160.49096698851946 12.995543642135612
    endloop
  endfacet
  facet normal 1 0 0
    outer loop
      vertex 328 156.29500000000002 5.5
      vertex 328 160.49096698851946 12.995543642135612
      vertex 328 160.37105808375568 13.175
    endloop
  endfacet
  facet normal 1 0 0
    outer loop
      vertex 328 156.29500000000002 5.5
      vertex 328 160.27559877135639 13.368572336597602
      vertex 328 160.20622238662304 13.57294857558084
    endloop
  endfacet
  facet normal 1 0 0
    outer loop
      vertex 328 156.29500000000002 5.5
      vertex 328 160.20622238662304 13.57294857558084
      vertex 328 160.16411597873324 13.784631782836914
    endloop
  endfacet
  facet normal 1 0 0
    outer loop
      vertex 328 156.29500000000002 5.5
      vertex 328 160.16411597873324 13.784631782836914
      vertex 328 160.15 14
    endloop
  endfacet
  facet normal 0 1 0
    outer loop
      vertex 328 156.29500000000002 5.5
      vertex 334 156.29500000000002 22.5
      vertex 334 156.29500000000002 5.5
    endloop
  endfacet
  facet normal 1 0 0
    outer loop
      vertex 328 156.29500000000002 5.5
      vertex 328 160.15 14
      vertex 328 156.29500000000002 22.5
    endloop
  endfacet
  facet normal 1 0 0
    outer loop
      vertex 328 160.15 14
      vertex 328 160.16411597873324 14.215368217163086
      vertex 328 156.29500000000002 22.5
    endloop
  endfacet
  facet normal 1 0 0
    outer loop
      vertex 328 160.16411597873324 14.215368217163086
      vertex 328 160.20622238662304 14.42705142441916
      vertex 328 156.29500000000002 22.5
    endloop
  endfacet
  facet normal 0 1 0
    outer loop
      vertex 328 156.29500000000002 5.5
      vertex 328 156.29500000000002 22.5
      vertex 334 156.29500000000002 22.5
    endloop
  endfacet
  facet normal 0 0 1
    outer loop
      vertex 328 156.29500000000002 5.5
      vertex 334 156.29500000000002 5.5
      vertex 328 192.29500000000002 5.5
    endloop
  endfacet
  facet normal 1 0 0
    outer loop
      vertex 328 156.29500000000002 5.5
      vertex 328 167.6624381375313 9.568963184952736
      vertex 328 167.56197371900083 9.598245896399021
    endloop
  endfacet
  facet normal 1 0 0
    outer loop
      vertex 328 156.29500000000002 5.5
      vertex 328 167.76586523473264 9.553044237196445
      vertex 328 167.6624381375313 9.568963184952736
    endloop
  endfacet
  facet normal 1 0 0
    outer loop
      vertex 328 156.29500000000002 5.5
      vertex 328 167.83558983176948 9.549999997019768
      vertex 328 167.76586523473264 9.553044237196445
    endloop
  endfacet
  facet normal 1 0 0
    outer loop
      vertex 328 156.29500000000002 5.5
      vertex 328 167.56197371900083 9.598245896399021
      vertex 328 167.46619093984367 9.640391327440739
    endloop
  endfacet
  facet normal 1 0 0
    outer loop
      vertex 328 156.29500000000002 5.5
      vertex 328 167.46619093984367 9.640391327440739
      vertex 328 167.37672868192197 9.694678358733654
    endloop
  endfacet
  facet normal 1 0 0
    outer loop
      vertex 328 156.29500000000002 5.5
      vertex 328 167.37672868192197 9.694678358733654
      vertex 328 167.29511766701938 9.760178126394749
    endloop
  endfacet
  facet normal 1 0 0
    outer loop
      vertex 328 156.29500000000002 5.5
      vertex 328 167.29511766701938 9.760178126394749
      vertex 328 167.2227542755008 9.835769906640053
    endloop
  endfacet
  facet normal 1 0 0
    outer loop
      vertex 328 156.29500000000002 5.5
      vertex 328 167.2227542755008 9.835769906640053
      vertex 328 167.16087667465212 9.920160308480263
    endloop
  endfacet
  facet normal 1 0 0
    outer loop
      vertex 328 156.29500000000002 5.5
      vertex 328 167.16087667465212 9.920160308480263
      vertex 328 167.11054359942676 10.011905387043953
    endloop
  endfacet
  facet normal 1 0 0
    outer loop
      vertex 328 156.29500000000002 5.5
      vertex 328 167.11054359942676 10.011905387043953
      vertex 328 167.0726162698865 10.109435357153416
    endloop
  endfacet
  facet normal 1 0 0
    outer loop
      vertex 328 156.29500000000002 5.5
      vertex 328 192.29500000000002 5.5
      vertex 328 167.83558983176948 9.549999997019768
    endloop
  endfacet
  facet normal 0 0 1
    outer loop
      vertex 334 156.29500000000002 5.5
      vertex 334 192.29500000000002 5.5
      vertex 328 192.29500000000002 5.5
    endloop
  endfacet
  facet normal 1 0 0
    outer loop
      vertex 328 192.29500000000002 5.5
      vertex 328 180.75441016823055 9.549999997019768
      vertex 328 167.83558983176948 9.549999997019768
    endloop
  endfacet
  facet normal 1 0 0
    outer loop
      vertex 328 192.29500000000002 5.5
      vertex 328 180.85883112072946 9.556844107806683
      vertex 328 180.75441016823055 9.549999997019768
    endloop
  endfacet
  facet normal 1 0 0
    outer loop
      vertex 328 192.29500000000002 5.5
      vertex 328 180.9614654016495 9.577259331941605
      vertex 328 180.85883112072946 9.556844107806683
    endloop
  endfacet
  facet normal 1 0 0
    outer loop
      vertex 328 192.29500000000002 5.5
      vertex 328 181.06055691659452 9.610896371304989
      vertex 328 180.9614654016495 9.577259331941605
    endloop
  endfacet
  facet normal 1 0 0
    outer loop
      vertex 328 192.29500000000002 5.5
      vertex 328 181.15441016674043 9.657179668545723
      vertex 328 181.06055691659452 9.610896371304989
    endloop
  endfacet
  facet normal 1 0 0
    outer loop
      vertex 328 192.29500000000002 5.5
      vertex 328 181.24141931355 9.715317323803902
      vertex 328 181.15441016674043 9.657179668545723
    endloop
  endfacet
  facet normal 1 0 0
    outer loop
      vertex 328 192.29500000000002 5.5
      vertex 328 181.32009558945896 9.784314572811127
      vertex 328 181.24141931355 9.715317323803902
    endloop
  endfacet
  facet normal 1 0 0
    outer loop
      vertex 328 192.29500000000002 5.5
      vertex 328 181.38909283846618 9.862990848720074
      vertex 328 181.32009558945896 9.784314572811127
    endloop
  endfacet
  facet normal 1 0 0
    outer loop
      vertex 328 192.29500000000002 5.5
      vertex 328 181.44723049372436 9.949999995529652
      vertex 328 181.38909283846618 9.862990848720074
    endloop
  endfacet
  facet normal 1 0 0
    outer loop
      vertex 328 192.29500000000002 5.5
      vertex 328 181.4935137909651 10.043853245675564
      vertex 328 181.44723049372436 9.949999995529652
    endloop
  endfacet
  facet normal 1 0 0
    outer loop
      vertex 328 156.29500000000002 5.5
      vertex 328 167.0726162698865 10.109435357153416
      vertex 328 167.04774363160135 10.211081452667713
    endloop
  endfacet
  facet normal 1 0 0
    outer loop
      vertex 328 161.58463178283694 12.364115978733214
      vertex 328 167.04774363160135 10.211081452667713
      vertex 328 161.8 12.35
    endloop
  endfacet
  facet normal 1 0 0
    outer loop
      vertex 328 161.8 12.35
      vertex 328 167.04774363160135 10.211081452667713
      vertex 328 162.0153682171631 12.364115978733214
    endloop
  endfacet
  facet normal 1 0 0
    outer loop
      vertex 328 162.0153682171631 12.364115978733214
      vertex 328 167.04774363160135 10.211081452667713
      vertex 328 162.22705142441916 12.406222386623037
    endloop
  endfacet
  facet normal 1 0 0
    outer loop
      vertex 328 162.22705142441916 12.406222386623037
      vertex 328 167.04774363160135 10.211081452667713
      vertex 328 162.43142766340242 12.475598771356378
    endloop
  endfacet
  facet normal 1 0 0
    outer loop
      vertex 328 167.04774363160135 10.211081452667713
      vertex 328 162.625 12.571058083755677
      vertex 328 162.43142766340242 12.475598771356378
    endloop
  endfacet
  facet normal 1 0 0
    outer loop
      vertex 328 167.04774363160135 10.211081452667713
      vertex 328 162.8044563578644 12.690966988519461
      vertex 328 162.625 12.571058083755677
    endloop
  endfacet
  facet normal 1 0 0
    outer loop
      vertex 328 167.04774363160135 10.211081452667713
      vertex 328 162.9667261889578 12.833273811042197
      vertex 328 162.8044563578644 12.690966988519461
    endloop
  endfacet
  facet normal 1 0 0
    outer loop
      vertex 328 167.04774363160135 10.211081452667713
      vertex 328 163.10903301148056 12.995543642135612
      vertex 328 162.9667261889578 12.833273811042197
    endloop
  endfacet
  facet normal 1 0 0
    outer loop
      vertex 328 167.04774363160135 10.211081452667713
      vertex 328 163.22894191624434 13.175
      vertex 328 163.10903301148056 12.995543642135612
    endloop
  endfacet
  facet normal 1 0 0
    outer loop
      vertex 328 167.04774363160135 10.211081452667713
      vertex 328 163.32440122864364 13.368572336597602
      vertex 328 163.22894191624434 13.175
    endloop
  endfacet
  facet normal 1 0 0
    outer loop
      vertex 328 167.04774363160135 10.211081452667713
      vertex 328 163.39377761337698 13.57294857558084
      vertex 328 163.32440122864364 13.368572336597602
    endloop
  endfacet
  facet normal 1 0 0
    outer loop
      vertex 328 192.29500000000002 5.5
      vertex 328 186.36294857558087 12.406222386623037
      vertex 328 181.4935137909651 10.043853245675564
    endloop
  endfacet
  facet normal 1 0 0
    outer loop
      vertex 328 192.29500000000002 5.5
      vertex 328 186.79000000000002 12.35
      vertex 328 186.57463178283695 12.364115978733214
    endloop
  endfacet
  facet normal 1 0 0
    outer loop
      vertex 328 192.29500000000002 5.5
      vertex 328 186.57463178283695 12.364115978733214
      vertex 328 186.36294857558087 12.406222386623037
    endloop
  endfacet
  facet normal 1 0 0
    outer loop
      vertex 328 192.29500000000002 5.5
      vertex 328 187.0053682171631 12.364115978733214
      vertex 328 186.79000000000002 12.35
    endloop
  endfacet
  facet normal 1 0 0
    outer loop
      vertex 328 192.29500000000002 5.5
      vertex 328 187.21705142441917 12.406222386623037
      vertex 328 187.0053682171631 12.364115978733214
    endloop
  endfacet
  facet normal 1 0 0
    outer loop
      vertex 328 192.29500000000002 5.5
      vertex 328 187.42142766340243 12.475598771356378
      vertex 328 187.21705142441917 12.406222386623037
    endloop
  endfacet
  facet normal 1 0 0
    outer loop
      vertex 328 192.29500000000002 5.5
      vertex 328 187.615 12.571058083755677
      vertex 328 187.42142766340243 12.475598771356378
    endloop
  endfacet
  facet normal 1 0 0
    outer loop
      vertex 328 192.29500000000002 5.5
      vertex 328 187.79445635786442 12.690966988519461
      vertex 328 187.615 12.571058083755677
    endloop
  endfacet
  facet normal 1 0 0
    outer loop
      vertex 328 192.29500000000002 5.5
      vertex 328 187.95672618895782 12.833273811042197
      vertex 328 187.79445635786442 12.690966988519461
    endloop
  endfacet
  facet normal 1 0 0
    outer loop
      vertex 328 192.29500000000002 5.5
      vertex 328 188.09903301148057 12.995543642135612
      vertex 328 187.95672618895782 12.833273811042197
    endloop
  endfacet
  facet normal 1 0 0
    outer loop
      vertex 328 181.4935137909651 10.043853245675564
      vertex 328 186.15857233659762 12.475598771356378
      vertex 328 181.52715083032848 10.142944760620594
    endloop
  endfacet
  facet normal 1 0 0
    outer loop
      vertex 328 181.52715083032848 10.142944760620594
      vertex 328 186.15857233659762 12.475598771356378
      vertex 328 181.54225636839868 10.211081452667713
    endloop
  endfacet
  facet normal 1 0 0
    outer loop
      vertex 328 181.4935137909651 10.043853245675564
      vertex 328 186.36294857558087 12.406222386623037
      vertex 328 186.15857233659762 12.475598771356378
    endloop
  endfacet
  facet normal 1 0 0
    outer loop
      vertex 328 181.54225636839868 10.211081452667713
      vertex 328 186.15857233659762 12.475598771356378
      vertex 328 185.96500000000003 12.571058083755677
    endloop
  endfacet
  facet normal 1 0 0
    outer loop
      vertex 328 181.54225636839868 10.211081452667713
      vertex 328 185.78554364213562 12.690966988519461
      vertex 328 185.62327381104222 12.833273811042197
    endloop
  endfacet
  facet normal 1 0 0
    outer loop
      vertex 328 181.54225636839868 10.211081452667713
      vertex 328 185.62327381104222 12.833273811042197
      vertex 328 185.48096698851947 12.995543642135612
    endloop
  endfacet
  facet normal 1 0 0
    outer loop
      vertex 328 181.54225636839868 10.211081452667713
      vertex 328 185.48096698851947 12.995543642135612
      vertex 328 185.3610580837557 13.175
    endloop
  endfacet
  facet normal 1 0 0
    outer loop
      vertex 328 181.54225636839868 10.211081452667713
      vertex 328 185.3610580837557 13.175
      vertex 328 185.2655987713564 13.368572336597602
    endloop
  endfacet
  facet normal 1 0 0
    outer loop
      vertex 328 181.54225636839868 10.211081452667713
      vertex 328 185.96500000000003 12.571058083755677
      vertex 328 185.78554364213562 12.690966988519461
    endloop
  endfacet
  facet normal 1 0 0
    outer loop
      vertex 328 181.54225636839868 10.211081452667713
      vertex 328 185.2655987713564 13.368572336597602
      vertex 328 185.19622238662305 13.57294857558084
    endloop
  endfacet
  facet normal 1 0 0
    outer loop
      vertex 328 181.54225636839868 10.211081452667713
      vertex 328 185.19622238662305 13.57294857558084
      vertex 328 185.15411597873324 13.784631782836914
    endloop
  endfacet
  facet normal 1 0 0
    outer loop
      vertex 328 181.54225636839868 10.211081452667713
      vertex 328 185.15411597873324 13.784631782836914
      vertex 328 185.14000000000001 14
    endloop
  endfacet
  facet normal 1 0 0
    outer loop
      vertex 328 167.04774363160135 10.211081452667713
      vertex 328 165.760556666255 17.511081464588642
      vertex 328 163.39377761337698 13.57294857558084
    endloop
  endfacet
  facet normal 1 0 0
    outer loop
      vertex 328 163.39377761337698 13.57294857558084
      vertex 328 165.760556666255 17.511081464588642
      vertex 328 163.4358840212668 13.784631782836914
    endloop
  endfacet
  facet normal 1 0 0
    outer loop
      vertex 328 163.4358840212668 13.784631782836914
      vertex 328 165.760556666255 17.511081464588642
      vertex 328 163.45000000000002 14
    endloop
  endfacet
  facet normal 1 0 0
    outer loop
      vertex 328 163.45000000000002 14
      vertex 328 165.760556666255 17.511081464588642
      vertex 328 163.4358840212668 14.215368217163086
    endloop
  endfacet
  facet normal 1 0 0
    outer loop
      vertex 328 163.4358840212668 14.215368217163086
      vertex 328 165.760556666255 17.511081464588642
      vertex 328 163.39377761337698 14.42705142441916
    endloop
  endfacet
  facet normal 1 0 0
    outer loop
      vertex 328 163.22894191624434 14.825
      vertex 328 165.760556666255 17.511081464588642
      vertex 328 163.10903301148056 15.004456357864388
    endloop
  endfacet
  facet normal 1 0 0
    outer loop
      vertex 328 163.10903301148056 15.004456357864388
      vertex 328 165.760556666255 17.511081464588642
      vertex 328 162.9667261889578 15.166726188957803
    endloop
  endfacet
  facet normal 1 0 0
    outer loop
      vertex 328 162.9667261889578 15.166726188957803
      vertex 328 165.760556666255 17.511081464588642
      vertex 328 162.8044563578644 15.309033011480539
    endloop
  endfacet
  facet normal 1 0 0
    outer loop
      vertex 328 163.39377761337698 14.42705142441916
      vertex 328 165.760556666255 17.511081464588642
      vertex 328 163.32440122864364 14.631427663402398
    endloop
  endfacet
  facet normal 1 0 0
    outer loop
      vertex 328 163.32440122864364 14.631427663402398
      vertex 328 165.760556666255 17.511081464588642
      vertex 328 163.22894191624434 14.825
    endloop
  endfacet
  facet normal 1 0 0
    outer loop
      vertex 328 162.8044563578644 15.309033011480539
      vertex 328 165.760556666255 17.511081464588642
      vertex 328 162.625 15.428941916244323
    endloop
  endfacet
  facet normal 1 0 0
    outer loop
      vertex 328 162.625 15.428941916244323
      vertex 328 165.74840286940338 17.650000005960464
      vertex 328 162.43142766340242 15.524401228643622
    endloop
  endfacet
  facet normal 1 0 0
    outer loop
      vertex 328 162.22705142441916 15.593777613376963
      vertex 328 162.43142766340242 15.524401228643622
      vertex 328 165.7552469801903 17.754420958459377
    endloop
  endfacet
  facet normal 1 0 0
    outer loop
      vertex 328 162.0153682171631 15.635884021266786
      vertex 328 162.22705142441916 15.593777613376963
      vertex 328 165.77566220432522 17.857055239379406
    endloop
  endfacet
  facet normal 1 0 0
    outer loop
      vertex 328 162.625 15.428941916244323
      vertex 328 165.760556666255 17.511081464588642
      vertex 328 165.7552469801903 17.54557905346155
    endloop
  endfacet
  facet normal 1 0 0
    outer loop
      vertex 328 162.625 15.428941916244323
      vertex 328 165.7552469801903 17.54557905346155
      vertex 328 165.74840286940338 17.650000005960464
    endloop
  endfacet
  facet normal 1 0 0
    outer loop
      vertex 328 162.43142766340242 15.524401228643622
      vertex 328 165.74840286940338 17.650000005960464
      vertex 328 165.7552469801903 17.754420958459377
    endloop
  endfacet
  facet normal 1 0 0
    outer loop
      vertex 328 162.22705142441916 15.593777613376963
      vertex 328 165.7552469801903 17.754420958459377
      vertex 328 165.77566220432522 17.857055239379406
    endloop
  endfacet
  facet normal 1 0 0
    outer loop
      vertex 328 181.54225636839868 10.211081452667713
      vertex 328 185.14000000000001 14
      vertex 328 182.82944333374502 17.511081464588642
    endloop
  endfacet
  facet normal 1 0 0
    outer loop
      vertex 328 185.14000000000001 14
      vertex 328 185.15411597873324 14.215368217163086
      vertex 328 182.82944333374502 17.511081464588642
    endloop
  endfacet
  facet normal 1 0 0
    outer loop
      vertex 328 185.15411597873324 14.215368217163086
      vertex 328 185.19622238662305 14.42705142441916
      vertex 328 182.82944333374502 17.511081464588642
    endloop
  endfacet
  facet normal 1 0 0
    outer loop
      vertex 328 185.19622238662305 14.42705142441916
      vertex 328 185.2655987713564 14.631427663402398
      vertex 328 182.82944333374502 17.511081464588642
    endloop
  endfacet
  facet normal 1 0 0
    outer loop
      vertex 328 185.2655987713564 14.631427663402398
      vertex 328 185.3610580837557 14.825
      vertex 328 182.82944333374502 17.511081464588642
    endloop
  endfacet
  facet normal 1 0 0
    outer loop
      vertex 328 185.3610580837557 14.825
      vertex 328 185.48096698851947 15.004456357864388
      vertex 328 182.82944333374502 17.511081464588642
    endloop
  endfacet
  facet normal 1 0 0
    outer loop
      vertex 328 185.48096698851947 15.004456357864388
      vertex 328 185.62327381104222 15.166726188957803
      vertex 328 182.82944333374502 17.511081464588642
    endloop
  endfacet
  facet normal 1 0 0
    outer loop
      vertex 328 185.62327381104222 15.166726188957803
      vertex 328 185.78554364213562 15.309033011480539
      vertex 328 182.82944333374502 17.511081464588642
    endloop
  endfacet
  facet normal 1 0 0
    outer loop
      vertex 328 185.78554364213562 15.309033011480539
      vertex 328 185.96500000000003 15.428941916244323
      vertex 328 182.82944333374502 17.511081464588642
    endloop
  endfacet
  facet normal 1 0 0
    outer loop
      vertex 328 185.96500000000003 15.428941916244323
      vertex 328 182.84083571106197 17.615104496479034
      vertex 328 182.82944333374502 17.511081464588642
    endloop
  endfacet
  facet normal 1 0 0
    outer loop
      vertex 328 192.29500000000002 5.5
      vertex 328 188.21894191624435 13.175
      vertex 328 188.09903301148057 12.995543642135612
    endloop
  endfacet
  facet normal 1 0 0
    outer loop
      vertex 328 192.29500000000002 5.5
      vertex 328 188.31440122864365 13.368572336597602
      vertex 328 188.21894191624435 13.175
    endloop
  endfacet
  facet normal 1 0 0
    outer loop
      vertex 328 192.29500000000002 5.5
      vertex 328 188.383777613377 13.57294857558084
      vertex 328 188.31440122864365 13.368572336597602
    endloop
  endfacet
  facet normal 1 0 0
    outer loop
      vertex 328 192.29500000000002 5.5
      vertex 328 188.4258840212668 13.784631782836914
      vertex 328 188.383777613377 13.57294857558084
    endloop
  endfacet
  facet normal 1 0 0
    outer loop
      vertex 328 192.29500000000002 5.5
      vertex 328 188.44000000000003 14
      vertex 328 188.4258840212668 13.784631782836914
    endloop
  endfacet
  facet normal 1 0 0
    outer loop
      vertex 328 192.29500000000002 5.5
      vertex 328 188.4258840212668 14.215368217163086
      vertex 328 188.44000000000003 14
    endloop
  endfacet
  facet normal 1 0 0
    outer loop
      vertex 328 192.29500000000002 5.5
      vertex 328 188.383777613377 14.42705142441916
      vertex 328 188.4258840212668 14.215368217163086
    endloop
  endfacet
  facet normal 1 0 0
    outer loop
      vertex 328 192.29500000000002 5.5
      vertex 328 188.31440122864365 14.631427663402398
      vertex 328 188.383777613377 14.42705142441916
    endloop
  endfacet
  facet normal 0 -1 0
    outer loop
      vertex 328 192.29500000000002 5.5
      vertex 334 192.29500000000002 5.5
      vertex 328 192.29500000000002 22.5
    endloop
  endfacet
  facet normal 1 0 0
    outer loop
      vertex 328 192.29500000000002 5.5
      vertex 328 192.29500000000002 22.5
      vertex 328 188.31440122864365 14.631427663402398
    endloop
  endfacet
  facet normal 0 -1 0
    outer loop
      vertex 334 192.29500000000002 5.5
      vertex 334 192.29500000000002 22.5
      vertex 328 192.29500000000002 22.5
    endloop
  endfacet
  facet normal 1 0 0
    outer loop
      vertex 328 160.20622238662304 14.42705142441916
      vertex 328 160.27559877135639 14.631427663402398
      vertex 328 156.29500000000002 22.5
    endloop
  endfacet
  facet normal 1 0 0
    outer loop
      vertex 328 160.27559877135639 14.631427663402398
      vertex 328 160.37105808375568 14.825
      vertex 328 156.29500000000002 22.5
    endloop
  endfacet
  facet normal 1 0 0
    outer loop
      vertex 328 160.37105808375568 14.825
      vertex 328 160.49096698851946 15.004456357864388
      vertex 328 156.29500000000002 22.5
    endloop
  endfacet
  facet normal 1 0 0
    outer loop
      vertex 328 160.49096698851946 15.004456357864388
      vertex 328 160.63327381104222 15.166726188957803
      vertex 328 156.29500000000002 22.5
    endloop
  endfacet
  facet normal 1 0 0
    outer loop
      vertex 328 160.63327381104222 15.166726188957803
      vertex 328 160.7955436421356 15.309033011480539
      vertex 328 156.29500000000002 22.5
    endloop
  endfacet
  facet normal 1 0 0
    outer loop
      vertex 328 160.7955436421356 15.309033011480539
      vertex 328 160.97500000000002 15.428941916244323
      vertex 328 156.29500000000002 22.5
    endloop
  endfacet
  facet normal 1 0 0
    outer loop
      vertex 328 160.97500000000002 15.428941916244323
      vertex 328 161.1685723365976 15.524401228643622
      vertex 328 156.29500000000002 22.5
    endloop
  endfacet
  facet normal 1 0 0
    outer loop
      vertex 328 161.1685723365976 15.524401228643622
      vertex 328 161.37294857558086 15.593777613376963
      vertex 328 156.29500000000002 22.5
    endloop
  endfacet
  facet normal 1 0 0
    outer loop
      vertex 328 161.37294857558086 15.593777613376963
      vertex 328 161.58463178283694 15.635884021266786
      vertex 328 156.29500000000002 22.5
    endloop
  endfacet
  facet normal 1 0 0
    outer loop
      vertex 328 161.58463178283694 15.635884021266786
      vertex 328 161.8 15.65
      vertex 328 156.29500000000002 22.5
    endloop
  endfacet
  facet normal 1 0 0
    outer loop
      vertex 328 162.0153682171631 15.635884021266786
      vertex 328 156.29500000000002 22.5
      vertex 328 161.8 15.65
    endloop
  endfacet
  facet normal 1 0 0
    outer loop
      vertex 328 162.0153682171631 15.635884021266786
      vertex 328 165.77566220432522 17.857055239379406
      vertex 328 156.29500000000002 22.5
    endloop
  endfacet
  facet normal 1 0 0
    outer loop
      vertex 328 156.29500000000002 22.5
      vertex 328 165.77566220432522 17.857055239379406
      vertex 328 165.8092992436886 17.956146754324436
    endloop
  endfacet
  facet normal 1 0 0
    outer loop
      vertex 328 156.29500000000002 22.5
      vertex 328 165.8092992436886 17.956146754324436
      vertex 328 165.85558254092933 18.05000000447035
    endloop
  endfacet
  facet normal 1 0 0
    outer loop
      vertex 328 156.29500000000002 22.5
      vertex 328 165.85558254092933 18.05000000447035
      vertex 328 165.9137201961875 18.137009151279926
    endloop
  endfacet
  facet normal 1 0 0
    outer loop
      vertex 328 156.29500000000002 22.5
      vertex 328 165.9137201961875 18.137009151279926
      vertex 328 165.98271744519474 18.215685427188873
    endloop
  endfacet
  facet normal 1 0 0
    outer loop
      vertex 328 156.29500000000002 22.5
      vertex 328 165.98271744519474 18.215685427188873
      vertex 328 166.06139372110368 18.2846826761961
    endloop
  endfacet
  facet normal 1 0 0
    outer loop
      vertex 328 156.29500000000002 22.5
      vertex 328 166.06139372110368 18.2846826761961
      vertex 328 166.14840286791326 18.342820331454277
    endloop
  endfacet
  facet normal 1 0 0
    outer loop
      vertex 328 156.29500000000002 22.5
      vertex 328 166.14840286791326 18.342820331454277
      vertex 328 166.24225611805917 18.38910362869501
    endloop
  endfacet
  facet normal 1 0 0
    outer loop
      vertex 328 156.29500000000002 22.5
      vertex 328 166.24225611805917 18.38910362869501
      vertex 328 166.3413476330042 18.422740668058395
    endloop
  endfacet
  facet normal 1 0 0
    outer loop
      vertex 328 156.29500000000002 22.5
      vertex 328 166.3413476330042 18.422740668058395
      vertex 328 166.44398191392423 18.443155892193317
    endloop
  endfacet
  facet normal 1 0 0
    outer loop
      vertex 328 156.29500000000002 22.5
      vertex 328 166.44398191392423 18.443155892193317
      vertex 328 166.54840286642315 18.450000002980232
    endloop
  endfacet
  facet normal 1 0 0
    outer loop
      vertex 328 156.29500000000002 22.5
      vertex 328 166.54840286642315 18.450000002980232
      vertex 328 182.0415971335769 18.450000002980232
    endloop
  endfacet
  facet normal 1 0 0
    outer loop
      vertex 328 188.09903301148057 15.004456357864388
      vertex 328 192.29500000000002 22.5
      vertex 328 187.95672618895782 15.166726188957803
    endloop
  endfacet
  facet normal 1 0 0
    outer loop
      vertex 328 185.96500000000003 15.428941916244323
      vertex 328 186.15857233659762 15.524401228643622
      vertex 328 192.29500000000002 22.5
    endloop
  endfacet
  facet normal 1 0 0
    outer loop
      vertex 328 186.15857233659762 15.524401228643622
      vertex 328 186.36294857558087 15.593777613376963
      vertex 328 192.29500000000002 22.5
    endloop
  endfacet
  facet normal 1 0 0
    outer loop
      vertex 328 186.36294857558087 15.593777613376963
      vertex 328 186.57463178283695 15.635884021266786
      vertex 328 192.29500000000002 22.5
    endloop
  endfacet
  facet normal 1 0 0
    outer loop
      vertex 328 187.95672618895782 15.166726188957803
      vertex 328 192.29500000000002 22.5
      vertex 328 187.79445635786442 15.309033011480539
    endloop
  endfacet
  facet normal 1 0 0
    outer loop
      vertex 328 187.615 15.428941916244323
      vertex 328 187.79445635786442 15.309033011480539
      vertex 328 192.29500000000002 22.5
    endloop
  endfacet
  facet normal 1 0 0
    outer loop
      vertex 328 187.21705142441917 15.593777613376963
      vertex 328 187.42142766340243 15.524401228643622
      vertex 328 192.29500000000002 22.5
    endloop
  endfacet
  facet normal 1 0 0
    outer loop
      vertex 328 187.0053682171631 15.635884021266786
      vertex 328 187.21705142441917 15.593777613376963
      vertex 328 192.29500000000002 22.5
    endloop
  endfacet
  facet normal 1 0 0
    outer loop
      vertex 328 187.615 15.428941916244323
      vertex 328 192.29500000000002 22.5
      vertex 328 187.42142766340243 15.524401228643622
    endloop
  endfacet
  facet normal 1 0 0
    outer loop
      vertex 328 186.57463178283695 15.635884021266786
      vertex 328 186.79000000000002 15.65
      vertex 328 192.29500000000002 22.5
    endloop
  endfacet
  facet normal 1 0 0
    outer loop
      vertex 328 186.79000000000002 15.65
      vertex 328 187.0053682171631 15.635884021266786
      vertex 328 192.29500000000002 22.5
    endloop
  endfacet
  facet normal 1 0 0
    outer loop
      vertex 328 185.96500000000003 15.428941916244323
      vertex 328 192.29500000000002 22.5
      vertex 328 182.84083571106197 17.615104496479034
    endloop
  endfacet
  facet normal 1 0 0
    outer loop
      vertex 328 156.29500000000002 22.5
      vertex 328 182.0415971335769 18.450000002980232
      vertex 328 192.29500000000002 22.5
    endloop
  endfacet
  facet normal 1 0 0
    outer loop
      vertex 328 182.84083571106197 17.615104496479034
      vertex 328 192.29500000000002 22.5
      vertex 328 182.83855289041998 17.719724602997303
    endloop
  endfacet
  facet normal 1 0 0
    outer loop
      vertex 328 182.83855289041998 17.719724602997303
      vertex 328 192.29500000000002 22.5
      vertex 328 182.82263394266369 17.82315170019865
    endloop
  endfacet
  facet normal 1 0 0
    outer loop
      vertex 328 182.82263394266369 17.82315170019865
      vertex 328 192.29500000000002 22.5
      vertex 328 182.7933512312174 17.923616118729115
    endloop
  endfacet
  facet normal 1 0 0
    outer loop
      vertex 328 182.7933512312174 17.923616118729115
      vertex 328 192.29500000000002 22.5
      vertex 328 182.75120580017568 18.019398897886276
    endloop
  endfacet
  facet normal 1 0 0
    outer loop
      vertex 328 182.69691876888277 18.108861155807972
      vertex 328 182.75120580017568 18.019398897886276
      vertex 328 192.29500000000002 22.5
    endloop
  endfacet
  facet normal 1 0 0
    outer loop
      vertex 328 182.63141900122167 18.190472170710564
      vertex 328 192.29500000000002 22.5
      vertex 328 182.55582722097637 18.262835562229156
    endloop
  endfacet
  facet normal 1 0 0
    outer loop
      vertex 328 182.69691876888277 18.108861155807972
      vertex 328 192.29500000000002 22.5
      vertex 328 182.63141900122167 18.190472170710564
    endloop
  endfacet
  facet normal 1 0 0
    outer loop
      vertex 328 182.1805156749487 18.437846206128597
      vertex 328 182.282161770463 18.412973567843437
      vertex 328 192.29500000000002 22.5
    endloop
  endfacet
  facet normal 1 0 0
    outer loop
      vertex 328 182.37969174057247 18.375046238303185
      vertex 328 192.29500000000002 22.5
      vertex 328 182.282161770463 18.412973567843437
    endloop
  endfacet
  facet normal 1 0 0
    outer loop
      vertex 328 182.55582722097637 18.262835562229156
      vertex 328 192.29500000000002 22.5
      vertex 328 182.47143681913616 18.32471316307783
    endloop
  endfacet
  facet normal 1 0 0
    outer loop
      vertex 328 182.47143681913616 18.32471316307783
      vertex 328 192.29500000000002 22.5
      vertex 328 182.37969174057247 18.375046238303185
    endloop
  endfacet
  facet normal 1 0 0
    outer loop
      vertex 328 182.0415971335769 18.450000002980232
      vertex 328 182.07649264305832 18.44923858344555
      vertex 328 192.29500000000002 22.5
    endloop
  endfacet
  facet normal 1 0 0
    outer loop
      vertex 328 182.07649264305832 18.44923858344555
      vertex 328 182.1805156749487 18.437846206128597
      vertex 328 192.29500000000002 22.5
    endloop
  endfacet
  facet normal 0 0 -1
    outer loop
      vertex 328 156.29500000000002 22.5
      vertex 334 192.29500000000002 22.5
      vertex 334 156.29500000000002 22.5
    endloop
  endfacet
  facet normal 0 0 -1
    outer loop
      vertex 328 156.29500000000002 22.5
      vertex 328 192.29500000000002 22.5
      vertex 334 192.29500000000002 22.5
    endloop
  endfacet
  facet normal 1 0 0
    outer loop
      vertex 328 188.31440122864365 14.631427663402398
      vertex 328 192.29500000000002 22.5
      vertex 328 188.21894191624435 14.825
    endloop
  endfacet
  facet normal 1 0 0
    outer loop
      vertex 328 188.21894191624435 14.825
      vertex 328 192.29500000000002 22.5
      vertex 328 188.09903301148057 15.004456357864388
    endloop
  endfacet
  facet normal 0 0.043619366287231606 0.9990482225021474
    outer loop
      vertex 325.01 167.76586523473264 9.553044237196445
      vertex 328 167.76586523473264 9.553044237196445
      vertex 325.01 167.83558983176948 9.549999997019768
    endloop
  endfacet
  facet normal 0 0.2798290477692466 0.9600498445521236
    outer loop
      vertex 325.01 167.6624381375313 9.568963184952736
      vertex 325.01 167.56197371900083 9.598245896399021
      vertex 328 167.56197371900083 9.598245896399021
    endloop
  endfacet
  facet normal 0 0.4027466861317488 0.9153114807593613
    outer loop
      vertex 325.01 167.56197371900083 9.598245896399021
      vertex 325.01 167.46619093984367 9.640391327440739
      vertex 328 167.46619093984367 9.640391327440739
    endloop
  endfacet
  facet normal 0 0.15212333895977342 0.988361517737174
    outer loop
      vertex 325.01 167.76586523473264 9.553044237196445
      vertex 325.01 167.6624381375313 9.568963184952736
      vertex 328 167.6624381375313 9.568963184952736
    endloop
  endfacet
  facet normal 0 0.043619366287231606 0.9990482225021474
    outer loop
      vertex 325.01 167.83558983176948 9.549999997019768
      vertex 328 167.76586523473264 9.553044237196445
      vertex 328 167.83558983176948 9.549999997019768
    endloop
  endfacet
  facet normal 0 0.15212333895977342 0.988361517737174
    outer loop
      vertex 325.01 167.76586523473264 9.553044237196445
      vertex 328 167.6624381375313 9.568963184952736
      vertex 328 167.76586523473264 9.553044237196445
    endloop
  endfacet
  facet normal 0 0.2798290477692466 0.9600498445521236
    outer loop
      vertex 325.01 167.6624381375313 9.568963184952736
      vertex 328 167.56197371900083 9.598245896399021
      vertex 328 167.6624381375313 9.568963184952736
    endloop
  endfacet
  facet normal 0 0.4027466861317488 0.9153114807593613
    outer loop
      vertex 325.01 167.56197371900083 9.598245896399021
      vertex 328 167.46619093984367 9.640391327440739
      vertex 328 167.56197371900083 9.598245896399021
    endloop
  endfacet
  facet normal 0 0.518773261848885 0.8549118684347928
    outer loop
      vertex 325.01 167.46619093984367 9.640391327440739
      vertex 325.01 167.37672868192197 9.694678358733654
      vertex 328 167.37672868192197 9.694678358733654
    endloop
  endfacet
  facet normal 0 0.6259234917754943 0.7798844673690922
    outer loop
      vertex 325.01 167.37672868192197 9.694678358733654
      vertex 325.01 167.29511766701938 9.760178126394749
      vertex 328 167.29511766701938 9.760178126394749
    endloop
  endfacet
  facet normal 0 0.7223639405435209 0.6915130782584207
    outer loop
      vertex 325.01 167.29511766701938 9.760178126394749
      vertex 325.01 167.2227542755008 9.835769906640053
      vertex 328 167.2227542755008 9.835769906640053
    endloop
  endfacet
  facet normal 0 0.8064446127884277 0.5913096367424794
    outer loop
      vertex 325.01 167.2227542755008 9.835769906640053
      vertex 325.01 167.16087667465212 9.920160308480263
      vertex 328 167.16087667465212 9.920160308480263
    endloop
  endfacet
  facet normal 0 0.8767267494824208 0.48098878026622266
    outer loop
      vertex 325.01 167.16087667465212 9.920160308480263
      vertex 325.01 167.11054359942676 10.011905387043953
      vertex 328 167.11054359942676 10.011905387043953
    endloop
  endfacet
  facet normal 0 0.9320078742977542 0.362438025387764
    outer loop
      vertex 325.01 167.11054359942676 10.011905387043953
      vertex 325.01 167.0726162698865 10.109435357153416
      vertex 328 167.0726162698865 10.109435357153416
    endloop
  endfacet
  facet normal 0 0.9713420765368411 0.23768586484916976
    outer loop
      vertex 325.01 167.0726162698865 10.109435357153416
      vertex 325.01 167.04774363160135 10.211081452667713
      vertex 328 167.04774363160135 10.211081452667713
    endloop
  endfacet
  facet normal 0 0.518773261848885 0.8549118684347928
    outer loop
      vertex 325.01 167.46619093984367 9.640391327440739
      vertex 328 167.37672868192197 9.694678358733654
      vertex 328 167.46619093984367 9.640391327440739
    endloop
  endfacet
  facet normal 0 0.6259234917754943 0.7798844673690922
    outer loop
      vertex 325.01 167.37672868192197 9.694678358733654
      vertex 328 167.29511766701938 9.760178126394749
      vertex 328 167.37672868192197 9.694678358733654
    endloop
  endfacet
  facet normal 0 0.7223639405435209 0.6915130782584207
    outer loop
      vertex 325.01 167.29511766701938 9.760178126394749
      vertex 328 167.2227542755008 9.835769906640053
      vertex 328 167.29511766701938 9.760178126394749
    endloop
  endfacet
  facet normal 0 0.8064446127884277 0.5913096367424794
    outer loop
      vertex 325.01 167.2227542755008 9.835769906640053
      vertex 328 167.16087667465212 9.920160308480263
      vertex 328 167.2227542755008 9.835769906640053
    endloop
  endfacet
  facet normal 0 0.8767267494824208 0.48098878026622266
    outer loop
      vertex 325.01 167.16087667465212 9.920160308480263
      vertex 328 167.11054359942676 10.011905387043953
      vertex 328 167.16087667465212 9.920160308480263
    endloop
  endfacet
  facet normal 0 0.9320078742977542 0.362438025387764
    outer loop
      vertex 325.01 167.11054359942676 10.011905387043953
      vertex 328 167.0726162698865 10.109435357153416
      vertex 328 167.11054359942676 10.011905387043953
    endloop
  endfacet
  facet normal 0 0.9713420765368411 0.23768586484916976
    outer loop
      vertex 325.01 167.0726162698865 10.109435357153416
      vertex 328 167.04774363160135 10.211081452667713
      vertex 328 167.0726162698865 10.109435357153416
    endloop
  endfacet
  facet normal 0 0 1
    outer loop
      vertex 325.01 167.83558983176948 9.549999997019768
      vertex 328 167.83558983176948 9.549999997019768
      vertex 325.01 180.75441016823055 9.549999997019768
    endloop
  endfacet
  facet normal 0 0.9848077529182534 0.17364817819977313
    outer loop
      vertex 325.01 167.04774363160135 10.211081452667713
      vertex 328 165.760556666255 17.511081464588642
      vertex 328 167.04774363160135 10.211081452667713
    endloop
  endfacet
  facet normal 0 -0.06540312894155129 0.9978589232575188
    outer loop
      vertex 325.01 180.75441016823055 9.549999997019768
      vertex 328 180.75441016823055 9.549999997019768
      vertex 325.01 180.85883112072946 9.556844107806683
    endloop
  endfacet
  facet normal 0 -0.1950902883977413 0.980785287090343
    outer loop
      vertex 325.01 180.85883112072946 9.556844107806683
      vertex 328 180.85883112072946 9.556844107806683
      vertex 325.01 180.9614654016495 9.577259331941605
    endloop
  endfacet
  facet normal 0 -0.3214394875653658 0.9469301219381053
    outer loop
      vertex 325.01 180.9614654016495 9.577259331941605
      vertex 328 180.9614654016495 9.577259331941605
      vertex 325.01 181.06055691659452 9.610896371304989
    endloop
  endfacet
  facet normal 0 -0.4422886611100638 0.8968727558876272
    outer loop
      vertex 325.01 181.06055691659452 9.610896371304989
      vertex 328 181.06055691659452 9.610896371304989
      vertex 325.01 181.15441016674043 9.657179668545723
    endloop
  endfacet
  facet normal 0 0 1
    outer loop
      vertex 328 167.83558983176948 9.549999997019768
      vertex 328 180.75441016823055 9.549999997019768
      vertex 325.01 180.75441016823055 9.549999997019768
    endloop
  endfacet
  facet normal 0 -0.06540312894155129 0.9978589232575188
    outer loop
      vertex 325.01 180.85883112072946 9.556844107806683
      vertex 328 180.75441016823055 9.549999997019768
      vertex 328 180.85883112072946 9.556844107806683
    endloop
  endfacet
  facet normal 0 -0.1950902883977413 0.980785287090343
    outer loop
      vertex 325.01 180.9614654016495 9.577259331941605
      vertex 328 180.85883112072946 9.556844107806683
      vertex 328 180.9614654016495 9.577259331941605
    endloop
  endfacet
  facet normal 0 -0.3214394875653658 0.9469301219381053
    outer loop
      vertex 325.01 181.06055691659452 9.610896371304989
      vertex 328 180.9614654016495 9.577259331941605
      vertex 328 181.06055691659452 9.610896371304989
    endloop
  endfacet
  facet normal 0 -0.5555702466055247 0.831469603224722
    outer loop
      vertex 325.01 181.15441016674043 9.657179668545723
      vertex 328 181.15441016674043 9.657179668545723
      vertex 325.01 181.24141931355 9.715317323803902
    endloop
  endfacet
  facet normal 0 -0.6593458520432711 0.7518397750806568
    outer loop
      vertex 325.01 181.24141931355 9.715317323803902
      vertex 328 181.24141931355 9.715317323803902
      vertex 325.01 181.32009558945896 9.784314572811127
    endloop
  endfacet
  facet normal 0 -0.7518397750806568 0.6593458520432711
    outer loop
      vertex 325.01 181.32009558945896 9.784314572811127
      vertex 328 181.32009558945896 9.784314572811127
      vertex 325.01 181.38909283846618 9.862990848720074
    endloop
  endfacet
  facet normal 0 -0.831469603224722 0.5555702466055247
    outer loop
      vertex 325.01 181.38909283846618 9.862990848720074
      vertex 328 181.38909283846618 9.862990848720074
      vertex 325.01 181.44723049372436 9.949999995529652
    endloop
  endfacet
  facet normal 0 -0.8968727558876272 0.4422886611100638
    outer loop
      vertex 325.01 181.44723049372436 9.949999995529652
      vertex 328 181.44723049372436 9.949999995529652
      vertex 325.01 181.4935137909651 10.043853245675564
    endloop
  endfacet
  facet normal 0 -0.9469301219381053 0.3214394875653658
    outer loop
      vertex 325.01 181.4935137909651 10.043853245675564
      vertex 328 181.4935137909651 10.043853245675564
      vertex 325.01 181.52715083032848 10.142944760620594
    endloop
  endfacet
  facet normal 0 -0.9762960158603856 0.2164395745124671
    outer loop
      vertex 325.01 181.52715083032848 10.142944760620594
      vertex 328 181.52715083032848 10.142944760620594
      vertex 325.01 181.54225636839868 10.211081452667713
    endloop
  endfacet
  facet normal 0 -0.4422886611100638 0.8968727558876272
    outer loop
      vertex 328 181.06055691659452 9.610896371304989
      vertex 328 181.15441016674043 9.657179668545723
      vertex 325.01 181.15441016674043 9.657179668545723
    endloop
  endfacet
  facet normal 0 -0.5555702466055247 0.831469603224722
    outer loop
      vertex 325.01 181.24141931355 9.715317323803902
      vertex 328 181.15441016674043 9.657179668545723
      vertex 328 181.24141931355 9.715317323803902
    endloop
  endfacet
  facet normal 0 -0.6593458520432711 0.7518397750806568
    outer loop
      vertex 325.01 181.32009558945896 9.784314572811127
      vertex 328 181.24141931355 9.715317323803902
      vertex 328 181.32009558945896 9.784314572811127
    endloop
  endfacet
  facet normal 0 -0.7518397750806568 0.6593458520432711
    outer loop
      vertex 325.01 181.38909283846618 9.862990848720074
      vertex 328 181.32009558945896 9.784314572811127
      vertex 328 181.38909283846618 9.862990848720074
    endloop
  endfacet
  facet normal 0 -0.831469603224722 0.5555702466055247
    outer loop
      vertex 325.01 181.44723049372436 9.949999995529652
      vertex 328 181.38909283846618 9.862990848720074
      vertex 328 181.44723049372436 9.949999995529652
    endloop
  endfacet
  facet normal 0 -0.8968727558876272 0.4422886611100638
    outer loop
      vertex 325.01 181.4935137909651 10.043853245675564
      vertex 328 181.44723049372436 9.949999995529652
      vertex 328 181.4935137909651 10.043853245675564
    endloop
  endfacet
  facet normal 0 -0.9469301219381053 0.3214394875653658
    outer loop
      vertex 325.01 181.52715083032848 10.142944760620594
      vertex 328 181.4935137909651 10.043853245675564
      vertex 328 181.52715083032848 10.142944760620594
    endloop
  endfacet
  facet normal 0 -0.9762960158603856 0.2164395745124671
    outer loop
      vertex 325.01 181.54225636839868 10.211081452667713
      vertex 328 181.52715083032848 10.142944760620594
      vertex 328 181.54225636839868 10.211081452667713
    endloop
  endfacet
  facet normal 0 -0.9848077529182534 0.17364817819977313
    outer loop
      vertex 325.01 181.54225636839868 10.211081452667713
      vertex 328 181.54225636839868 10.211081452667713
      vertex 325.01 182.82944333374502 17.511081464588642
    endloop
  endfacet
  facet normal 0 0.9848077529182534 0.17364817819977313
    outer loop
      vertex 325.01 167.04774363160135 10.211081452667713
      vertex 325.01 165.760556666255 17.511081464588642
      vertex 328 165.760556666255 17.511081464588642
    endloop
  endfacet
  facet normal 0 -0.9848077529182534 0.17364817819977313
    outer loop
      vertex 328 181.54225636839868 10.211081452667713
      vertex 328 182.82944333374502 17.511081464588642
      vertex 325.01 182.82944333374502 17.511081464588642
    endloop
  endfacet
  facet normal 0 0.9883615134998632 0.1521233664900284
    outer loop
      vertex 325.01 165.760556666255 17.511081464588642
      vertex 325.01 165.7552469801903 17.54557905346155
      vertex 328 165.7552469801903 17.54557905346155
    endloop
  endfacet
  facet normal 0 0.9978589232575188 0.06540312894155129
    outer loop
      vertex 325.01 165.7552469801903 17.54557905346155
      vertex 325.01 165.74840286940338 17.650000005960464
      vertex 328 165.74840286940338 17.650000005960464
    endloop
  endfacet
  facet normal 0 0.9978589232575188 -0.06540312894155129
    outer loop
      vertex 325.01 165.74840286940338 17.650000005960464
      vertex 325.01 165.7552469801903 17.754420958459377
      vertex 328 165.7552469801903 17.754420958459377
    endloop
  endfacet
  facet normal 0 0.980785287090343 -0.1950902883977413
    outer loop
      vertex 325.01 165.7552469801903 17.754420958459377
      vertex 325.01 165.77566220432522 17.857055239379406
      vertex 328 165.77566220432522 17.857055239379406
    endloop
  endfacet
  facet normal 0 0.9469301219381053 -0.3214394875653658
    outer loop
      vertex 325.01 165.77566220432522 17.857055239379406
      vertex 325.01 165.8092992436886 17.956146754324436
      vertex 328 165.8092992436886 17.956146754324436
    endloop
  endfacet
  facet normal 0 0.8968727558876272 -0.4422886611100638
    outer loop
      vertex 325.01 165.8092992436886 17.956146754324436
      vertex 325.01 165.85558254092933 18.05000000447035
      vertex 328 165.85558254092933 18.05000000447035
    endloop
  endfacet
  facet normal 0 0.831469603224722 -0.5555702466055247
    outer loop
      vertex 325.01 165.85558254092933 18.05000000447035
      vertex 325.01 165.9137201961875 18.137009151279926
      vertex 328 165.9137201961875 18.137009151279926
    endloop
  endfacet
  facet normal 0 0.9883615134998632 0.1521233664900284
    outer loop
      vertex 325.01 165.760556666255 17.511081464588642
      vertex 328 165.7552469801903 17.54557905346155
      vertex 328 165.760556666255 17.511081464588642
    endloop
  endfacet
  facet normal 0 0.9978589232575188 0.06540312894155129
    outer loop
      vertex 325.01 165.7552469801903 17.54557905346155
      vertex 328 165.74840286940338 17.650000005960464
      vertex 328 165.7552469801903 17.54557905346155
    endloop
  endfacet
  facet normal 0 0.9978589232575188 -0.06540312894155129
    outer loop
      vertex 325.01 165.74840286940338 17.650000005960464
      vertex 328 165.7552469801903 17.754420958459377
      vertex 328 165.74840286940338 17.650000005960464
    endloop
  endfacet
  facet normal 0 0.980785287090343 -0.1950902883977413
    outer loop
      vertex 325.01 165.7552469801903 17.754420958459377
      vertex 328 165.77566220432522 17.857055239379406
      vertex 328 165.7552469801903 17.754420958459377
    endloop
  endfacet
  facet normal 0 0.9469301219381053 -0.3214394875653658
    outer loop
      vertex 325.01 165.77566220432522 17.857055239379406
      vertex 328 165.8092992436886 17.956146754324436
      vertex 328 165.77566220432522 17.857055239379406
    endloop
  endfacet
  facet normal 0 0.8968727558876272 -0.4422886611100638
    outer loop
      vertex 325.01 165.8092992436886 17.956146754324436
      vertex 328 165.85558254092933 18.05000000447035
      vertex 328 165.8092992436886 17.956146754324436
    endloop
  endfacet
  facet normal 0 0.831469603224722 -0.5555702466055247
    outer loop
      vertex 325.01 165.85558254092933 18.05000000447035
      vertex 328 165.9137201961875 18.137009151279926
      vertex 328 165.85558254092933 18.05000000447035
    endloop
  endfacet
  facet normal 0 0.7518397750806568 -0.6593458520432711
    outer loop
      vertex 325.01 165.9137201961875 18.137009151279926
      vertex 328 165.98271744519474 18.215685427188873
      vertex 328 165.9137201961875 18.137009151279926
    endloop
  endfacet
  facet normal 0 0.7518397750806568 -0.6593458520432711
    outer loop
      vertex 325.01 165.9137201961875 18.137009151279926
      vertex 325.01 165.98271744519474 18.215685427188873
      vertex 328 165.98271744519474 18.215685427188873
    endloop
  endfacet
  facet normal 0 0.6593458520432711 -0.7518397750806568
    outer loop
      vertex 325.01 165.98271744519474 18.215685427188873
      vertex 325.01 166.06139372110368 18.2846826761961
      vertex 328 166.06139372110368 18.2846826761961
    endloop
  endfacet
  facet normal 0 0.5555702466055247 -0.831469603224722
    outer loop
      vertex 325.01 166.06139372110368 18.2846826761961
      vertex 325.01 166.14840286791326 18.342820331454277
      vertex 328 166.14840286791326 18.342820331454277
    endloop
  endfacet
  facet normal 0 0.4422886611100638 -0.8968727558876272
    outer loop
      vertex 325.01 166.14840286791326 18.342820331454277
      vertex 325.01 166.24225611805917 18.38910362869501
      vertex 328 166.24225611805917 18.38910362869501
    endloop
  endfacet
  facet normal 0 0.3214394875653658 -0.9469301219381053
    outer loop
      vertex 325.01 166.24225611805917 18.38910362869501
      vertex 325.01 166.3413476330042 18.422740668058395
      vertex 328 166.3413476330042 18.422740668058395
    endloop
  endfacet
  facet normal 0 0.1950902883977413 -0.980785287090343
    outer loop
      vertex 325.01 166.3413476330042 18.422740668058395
      vertex 325.01 166.44398191392423 18.443155892193317
      vertex 328 166.44398191392423 18.443155892193317
    endloop
  endfacet
  facet normal 0 0.06540312894155129 -0.9978589232575188
    outer loop
      vertex 325.01 166.44398191392423 18.443155892193317
      vertex 325.01 166.54840286642315 18.450000002980232
      vertex 328 166.54840286642315 18.450000002980232
    endloop
  endfacet
  facet normal 0 0.6593458520432711 -0.7518397750806568
    outer loop
      vertex 325.01 165.98271744519474 18.215685427188873
      vertex 328 166.06139372110368 18.2846826761961
      vertex 328 165.98271744519474 18.215685427188873
    endloop
  endfacet
  facet normal 0 0.5555702466055247 -0.831469603224722
    outer loop
      vertex 325.01 166.06139372110368 18.2846826761961
      vertex 328 166.14840286791326 18.342820331454277
      vertex 328 166.06139372110368 18.2846826761961
    endloop
  endfacet
  facet normal 0 0.4422886611100638 -0.8968727558876272
    outer loop
      vertex 325.01 166.14840286791326 18.342820331454277
      vertex 328 166.24225611805917 18.38910362869501
      vertex 328 166.14840286791326 18.342820331454277
    endloop
  endfacet
  facet normal 0 0.3214394875653658 -0.9469301219381053
    outer loop
      vertex 325.01 166.24225611805917 18.38910362869501
      vertex 328 166.3413476330042 18.422740668058395
      vertex 328 166.24225611805917 18.38910362869501
    endloop
  endfacet
  facet normal 0 0.1950902883977413 -0.980785287090343
    outer loop
      vertex 325.01 166.3413476330042 18.422740668058395
      vertex 328 166.44398191392423 18.443155892193317
      vertex 328 166.3413476330042 18.422740668058395
    endloop
  endfacet
  facet normal 0 0.06540312894155129 -0.9978589232575188
    outer loop
      vertex 325.01 166.44398191392423 18.443155892193317
      vertex 328 166.54840286642315 18.450000002980232
      vertex 328 166.44398191392423 18.443155892193317
    endloop
  endfacet
  facet normal 0 0 -1
    outer loop
      vertex 325.01 166.54840286642315 18.450000002980232
      vertex 328 182.0415971335769 18.450000002980232
      vertex 328 166.54840286642315 18.450000002980232
    endloop
  endfacet
  facet normal 0 -0.7798844673690922 -0.6259234917754943
    outer loop
      vertex 325.01 182.69691876888277 18.108861155807972
      vertex 328 182.69691876888277 18.108861155807972
      vertex 325.01 182.63141900122167 18.190472170710564
    endloop
  endfacet
  facet normal 0 -0.7798844673690922 -0.6259234917754943
    outer loop
      vertex 328 182.69691876888277 18.108861155807972
      vertex 328 182.63141900122167 18.190472170710564
      vertex 325.01 182.63141900122167 18.190472170710564
    endloop
  endfacet
  facet normal 0 0 -1
    outer loop
      vertex 325.01 166.54840286642315 18.450000002980232
      vertex 325.01 182.0415971335769 18.450000002980232
      vertex 328 182.0415971335769 18.450000002980232
    endloop
  endfacet
  facet normal 0 -0.6915130782584207 -0.7223639405435209
    outer loop
      vertex 325.01 182.63141900122167 18.190472170710564
      vertex 328 182.63141900122167 18.190472170710564
      vertex 325.01 182.55582722097637 18.262835562229156
    endloop
  endfacet
  facet normal 0 -0.5913096367424794 -0.8064446127884277
    outer loop
      vertex 325.01 182.55582722097637 18.262835562229156
      vertex 328 182.55582722097637 18.262835562229156
      vertex 325.01 182.47143681913616 18.32471316307783
    endloop
  endfacet
  facet normal 0 -0.23768586484916976 -0.9713420765368411
    outer loop
      vertex 325.01 182.1805156749487 18.437846206128597
      vertex 325.01 182.282161770463 18.412973567843437
      vertex 328 182.282161770463 18.412973567843437
    endloop
  endfacet
  facet normal 0 -0.021814793659234923 -0.9997620290737216
    outer loop
      vertex 325.01 182.0415971335769 18.450000002980232
      vertex 325.01 182.07649264305832 18.44923858344555
      vertex 328 182.07649264305832 18.44923858344555
    endloop
  endfacet
  facet normal 0 -0.10886689845590003 -0.994056335637268
    outer loop
      vertex 325.01 182.07649264305832 18.44923858344555
      vertex 325.01 182.1805156749487 18.437846206128597
      vertex 328 182.1805156749487 18.437846206128597
    endloop
  endfacet
  facet normal 0 -0.48098878026622266 -0.8767267494824208
    outer loop
      vertex 325.01 182.47143681913616 18.32471316307783
      vertex 328 182.47143681913616 18.32471316307783
      vertex 325.01 182.37969174057247 18.375046238303185
    endloop
  endfacet
  facet normal 0 -0.362438025387764 -0.9320078742977542
    outer loop
      vertex 325.01 182.37969174057247 18.375046238303185
      vertex 328 182.37969174057247 18.375046238303185
      vertex 325.01 182.282161770463 18.412973567843437
    endloop
  endfacet
  facet normal 0 -0.6915130782584207 -0.7223639405435209
    outer loop
      vertex 325.01 182.55582722097637 18.262835562229156
      vertex 328 182.63141900122167 18.190472170710564
      vertex 328 182.55582722097637 18.262835562229156
    endloop
  endfacet
  facet normal 0 -0.5913096367424794 -0.8064446127884277
    outer loop
      vertex 325.01 182.47143681913616 18.32471316307783
      vertex 328 182.55582722097637 18.262835562229156
      vertex 328 182.47143681913616 18.32471316307783
    endloop
  endfacet
  facet normal 0 -0.021814793659234923 -0.9997620290737216
    outer loop
      vertex 325.01 182.0415971335769 18.450000002980232
      vertex 328 182.07649264305832 18.44923858344555
      vertex 328 182.0415971335769 18.450000002980232
    endloop
  endfacet
  facet normal 0 -0.23768586484916976 -0.9713420765368411
    outer loop
      vertex 325.01 182.1805156749487 18.437846206128597
      vertex 328 182.282161770463 18.412973567843437
      vertex 328 182.1805156749487 18.437846206128597
    endloop
  endfacet
  facet normal 0 -0.10886689845590003 -0.994056335637268
    outer loop
      vertex 325.01 182.07649264305832 18.44923858344555
      vertex 328 182.1805156749487 18.437846206128597
      vertex 328 182.07649264305832 18.44923858344555
    endloop
  endfacet
  facet normal 0 -0.48098878026622266 -0.8767267494824208
    outer loop
      vertex 325.01 182.37969174057247 18.375046238303185
      vertex 328 182.47143681913616 18.32471316307783
      vertex 328 182.37969174057247 18.375046238303185
    endloop
  endfacet
  facet normal 0 -0.362438025387764 -0.9320078742977542
    outer loop
      vertex 325.01 182.282161770463 18.412973567843437
      vertex 328 182.37969174057247 18.375046238303185
      vertex 328 182.282161770463 18.412973567843437
    endloop
  endfacet
  facet normal 0 -0.994056335637268 0.10886689845590003
    outer loop
      vertex 325.01 182.82944333374502 17.511081464588642
      vertex 328 182.82944333374502 17.511081464588642
      vertex 325.01 182.84083571106197 17.615104496479034
    endloop
  endfacet
  facet normal 0 -0.9997620267054005 -0.02181490219804731
    outer loop
      vertex 325.01 182.84083571106197 17.615104496479034
      vertex 328 182.84083571106197 17.615104496479034
      vertex 325.01 182.83855289041998 17.719724602997303
    endloop
  endfacet
  facet normal 0 -0.988361517737174 -0.15212333895977342
    outer loop
      vertex 325.01 182.83855289041998 17.719724602997303
      vertex 328 182.83855289041998 17.719724602997303
      vertex 325.01 182.82263394266369 17.82315170019865
    endloop
  endfacet
  facet normal 0 -0.9600498445521236 -0.2798290477692466
    outer loop
      vertex 325.01 182.82263394266369 17.82315170019865
      vertex 328 182.82263394266369 17.82315170019865
      vertex 325.01 182.7933512312174 17.923616118729115
    endloop
  endfacet
  facet normal 0 -0.9153114807593613 -0.4027466861317488
    outer loop
      vertex 325.01 182.7933512312174 17.923616118729115
      vertex 328 182.7933512312174 17.923616118729115
      vertex 325.01 182.75120580017568 18.019398897886276
    endloop
  endfacet
  facet normal 0 -0.8549118684347928 -0.518773261848885
    outer loop
      vertex 325.01 182.69691876888277 18.108861155807972
      vertex 325.01 182.75120580017568 18.019398897886276
      vertex 328 182.75120580017568 18.019398897886276
    endloop
  endfacet
  facet normal 0 -0.994056335637268 0.10886689845590003
    outer loop
      vertex 325.01 182.84083571106197 17.615104496479034
      vertex 328 182.82944333374502 17.511081464588642
      vertex 328 182.84083571106197 17.615104496479034
    endloop
  endfacet
  facet normal 0 -0.9997620267054005 -0.02181490219804731
    outer loop
      vertex 325.01 182.83855289041998 17.719724602997303
      vertex 328 182.84083571106197 17.615104496479034
      vertex 328 182.83855289041998 17.719724602997303
    endloop
  endfacet
  facet normal 0 -0.988361517737174 -0.15212333895977342
    outer loop
      vertex 325.01 182.82263394266369 17.82315170019865
      vertex 328 182.83855289041998 17.719724602997303
      vertex 328 182.82263394266369 17.82315170019865
    endloop
  endfacet
  facet normal 0 -0.9600498445521236 -0.2798290477692466
    outer loop
      vertex 325.01 182.7933512312174 17.923616118729115
      vertex 328 182.82263394266369 17.82315170019865
      vertex 328 182.7933512312174 17.923616118729115
    endloop
  endfacet
  facet normal 0 -0.9153114807593613 -0.4027466861317488
    outer loop
      vertex 325.01 182.75120580017568 18.019398897886276
      vertex 328 182.7933512312174 17.923616118729115
      vertex 328 182.75120580017568 18.019398897886276
    endloop
  endfacet
  facet normal 0 -0.8549118684347928 -0.518773261848885
    outer loop
      vertex 325.01 182.69691876888277 18.108861155807972
      vertex 328 182.75120580017568 18.019398897886276
      vertex 328 182.69691876888277 18.108861155807972
    endloop
  endfacet
  facet normal 1 0 0
    outer loop
      vertex 307 157.29500000000002 6
      vertex 307 166.29500000000002 19
      vertex 307 157.29500000000002 22
    endloop
  endfacet
  facet normal 0 1 0
    outer loop
      vertex 307 157.29500000000002 6
      vertex 307 157.29500000000002 22
      vertex 325.01 157.29500000000002 22
    endloop
  endfacet
  facet normal 0 1 0
    outer loop
      vertex 307 157.29500000000002 6
      vertex 325.01 157.29500000000002 22
      vertex 325.01 157.29500000000002 6
    endloop
  endfacet
  facet normal -1 0 0
    outer loop
      vertex 325.01 157.29500000000002 6
      vertex 325.01 162.22705142441916 12.406222386623037
      vertex 325.01 167.11054359942676 10.011905387043953
    endloop
  endfacet
  facet normal -1 0 0
    outer loop
      vertex 325.01 157.29500000000002 6
      vertex 325.01 160.97500000000002 12.571058083755677
      vertex 325.01 161.1685723365976 12.475598771356378
    endloop
  endfacet
  facet normal -1 0 0
    outer loop
      vertex 325.01 157.29500000000002 6
      vertex 325.01 160.7955436421356 12.690966988519461
      vertex 325.01 160.97500000000002 12.571058083755677
    endloop
  endfacet
  facet normal -1 0 0
    outer loop
      vertex 325.01 157.29500000000002 6
      vertex 325.01 161.1685723365976 12.475598771356378
      vertex 325.01 161.37294857558086 12.406222386623037
    endloop
  endfacet
  facet normal -1 0 0
    outer loop
      vertex 325.01 157.29500000000002 6
      vertex 325.01 161.37294857558086 12.406222386623037
      vertex 325.01 161.58463178283694 12.364115978733214
    endloop
  endfacet
  facet normal -1 0 0
    outer loop
      vertex 325.01 157.29500000000002 6
      vertex 325.01 161.58463178283694 12.364115978733214
      vertex 325.01 161.8 12.35
    endloop
  endfacet
  facet normal -1 0 0
    outer loop
      vertex 325.01 157.29500000000002 6
      vertex 325.01 161.8 12.35
      vertex 325.01 162.0153682171631 12.364115978733214
    endloop
  endfacet
  facet normal -1 0 0
    outer loop
      vertex 325.01 157.29500000000002 6
      vertex 325.01 162.0153682171631 12.364115978733214
      vertex 325.01 162.22705142441916 12.406222386623037
    endloop
  endfacet
  facet normal -1 0 0
    outer loop
      vertex 325.01 157.29500000000002 6
      vertex 325.01 160.63327381104222 12.833273811042197
      vertex 325.01 160.7955436421356 12.690966988519461
    endloop
  endfacet
  facet normal -1 0 0
    outer loop
      vertex 325.01 157.29500000000002 6
      vertex 325.01 160.49096698851946 12.995543642135612
      vertex 325.01 160.63327381104222 12.833273811042197
    endloop
  endfacet
  facet normal -1 0 0
    outer loop
      vertex 325.01 157.29500000000002 6
      vertex 325.01 160.37105808375568 13.175
      vertex 325.01 160.49096698851946 12.995543642135612
    endloop
  endfacet
  facet normal -1 0 0
    outer loop
      vertex 325.01 157.29500000000002 6
      vertex 325.01 160.27559877135639 13.368572336597602
      vertex 325.01 160.37105808375568 13.175
    endloop
  endfacet
  facet normal -1 0 0
    outer loop
      vertex 325.01 157.29500000000002 6
      vertex 325.01 160.20622238662304 13.57294857558084
      vertex 325.01 160.27559877135639 13.368572336597602
    endloop
  endfacet
  facet normal -1 0 0
    outer loop
      vertex 325.01 157.29500000000002 6
      vertex 325.01 160.16411597873324 13.784631782836914
      vertex 325.01 160.20622238662304 13.57294857558084
    endloop
  endfacet
  facet normal -1 0 0
    outer loop
      vertex 325.01 157.29500000000002 6
      vertex 325.01 160.15 14
      vertex 325.01 160.16411597873324 13.784631782836914
    endloop
  endfacet
  facet normal -1 0 0
    outer loop
      vertex 325.01 157.29500000000002 6
      vertex 325.01 160.16411597873324 14.215368217163086
      vertex 325.01 160.15 14
    endloop
  endfacet
  facet normal -1 0 0
    outer loop
      vertex 325.01 157.29500000000002 6
      vertex 325.01 160.20622238662304 14.42705142441916
      vertex 325.01 160.16411597873324 14.215368217163086
    endloop
  endfacet
  facet normal -1 0 0
    outer loop
      vertex 325.01 157.29500000000002 6
      vertex 325.01 160.27559877135639 14.631427663402398
      vertex 325.01 160.20622238662304 14.42705142441916
    endloop
  endfacet
  facet normal -1 0 0
    outer loop
      vertex 325.01 157.29500000000002 6
      vertex 325.01 157.29500000000002 22
      vertex 325.01 160.27559877135639 14.631427663402398
    endloop
  endfacet
  facet normal 1 0 0
    outer loop
      vertex 307 157.29500000000002 6
      vertex 307 182.29500000000002 9
      vertex 307 166.29500000000002 9
    endloop
  endfacet
  facet normal 0 0 1
    outer loop
      vertex 307 157.29500000000002 6
      vertex 325.01 191.29500000000002 6
      vertex 307 191.29500000000002 6
    endloop
  endfacet
  facet normal 1 0 0
    outer loop
      vertex 307 157.29500000000002 6
      vertex 307 191.29500000000002 6
      vertex 307 182.29500000000002 9
    endloop
  endfacet
  facet normal 0 0 1
    outer loop
      vertex 307 157.29500000000002 6
      vertex 325.01 157.29500000000002 6
      vertex 325.01 191.29500000000002 6
    endloop
  endfacet
  facet normal -1 0 0
    outer loop
      vertex 325.01 157.29500000000002 6
      vertex 325.01 167.37672868192197 9.694678358733654
      vertex 325.01 167.46619093984367 9.640391327440739
    endloop
  endfacet
  facet normal -1 0 0
    outer loop
      vertex 325.01 157.29500000000002 6
      vertex 325.01 167.29511766701938 9.760178126394749
      vertex 325.01 167.37672868192197 9.694678358733654
    endloop
  endfacet
  facet normal -1 0 0
    outer loop
      vertex 325.01 157.29500000000002 6
      vertex 325.01 167.2227542755008 9.835769906640053
      vertex 325.01 167.29511766701938 9.760178126394749
    endloop
  endfacet
  facet normal -1 0 0
    outer loop
      vertex 325.01 157.29500000000002 6
      vertex 325.01 167.56197371900083 9.598245896399021
      vertex 325.01 167.6624381375313 9.568963184952736
    endloop
  endfacet
  facet normal -1 0 0
    outer loop
      vertex 325.01 157.29500000000002 6
      vertex 325.01 167.6624381375313 9.568963184952736
      vertex 325.01 167.76586523473264 9.553044237196445
    endloop
  endfacet
  facet normal -1 0 0
    outer loop
      vertex 325.01 157.29500000000002 6
      vertex 325.01 167.76586523473264 9.553044237196445
      vertex 325.01 167.83558983176948 9.549999997019768
    endloop
  endfacet
  facet normal -1 0 0
    outer loop
      vertex 325.01 157.29500000000002 6
      vertex 325.01 167.46619093984367 9.640391327440739
      vertex 325.01 167.56197371900083 9.598245896399021
    endloop
  endfacet
  facet normal -1 0 0
    outer loop
      vertex 325.01 157.29500000000002 6
      vertex 325.01 167.83558983176948 9.549999997019768
      vertex 325.01 180.75441016823055 9.549999997019768
    endloop
  endfacet
  facet normal -1 0 0
    outer loop
      vertex 325.01 157.29500000000002 6
      vertex 325.01 180.75441016823055 9.549999997019768
      vertex 325.01 191.29500000000002 6
    endloop
  endfacet
  facet normal -1 0 0
    outer loop
      vertex 325.01 191.29500000000002 6
      vertex 325.01 180.75441016823055 9.549999997019768
      vertex 325.01 180.85883112072946 9.556844107806683
    endloop
  endfacet
  facet normal -1 0 0
    outer loop
      vertex 325.01 191.29500000000002 6
      vertex 325.01 180.85883112072946 9.556844107806683
      vertex 325.01 180.9614654016495 9.577259331941605
    endloop
  endfacet
  facet normal -1 0 0
    outer loop
      vertex 325.01 191.29500000000002 6
      vertex 325.01 180.9614654016495 9.577259331941605
      vertex 325.01 181.06055691659452 9.610896371304989
    endloop
  endfacet
  facet normal -1 0 0
    outer loop
      vertex 325.01 191.29500000000002 6
      vertex 325.01 181.06055691659452 9.610896371304989
      vertex 325.01 181.15441016674043 9.657179668545723
    endloop
  endfacet
  facet normal -1 0 0
    outer loop
      vertex 325.01 191.29500000000002 6
      vertex 325.01 181.15441016674043 9.657179668545723
      vertex 325.01 181.24141931355 9.715317323803902
    endloop
  endfacet
  facet normal -1 0 0
    outer loop
      vertex 325.01 191.29500000000002 6
      vertex 325.01 181.24141931355 9.715317323803902
      vertex 325.01 181.32009558945896 9.784314572811127
    endloop
  endfacet
  facet normal -1 0 0
    outer loop
      vertex 325.01 191.29500000000002 6
      vertex 325.01 181.32009558945896 9.784314572811127
      vertex 325.01 181.38909283846618 9.862990848720074
    endloop
  endfacet
  facet normal 1 0 0
    outer loop
      vertex 307 157.29500000000002 6
      vertex 307 166.29500000000002 9
      vertex 307 166.29500000000002 19
    endloop
  endfacet
  facet normal 1 0 0
    outer loop
      vertex 307 191.29500000000002 6
      vertex 307 191.29500000000002 22
      vertex 307 182.29500000000002 9
    endloop
  endfacet
  facet normal 1 0 0
    outer loop
      vertex 307 182.29500000000002 9
      vertex 307 191.29500000000002 22
      vertex 307 182.29500000000002 19
    endloop
  endfacet
  facet normal 0 -1 0
    outer loop
      vertex 307 191.29500000000002 6
      vertex 325.01 191.29500000000002 6
      vertex 307 191.29500000000002 22
    endloop
  endfacet
  facet normal -1 0 0
    outer loop
      vertex 325.01 157.29500000000002 6
      vertex 325.01 167.16087667465212 9.920160308480263
      vertex 325.01 167.2227542755008 9.835769906640053
    endloop
  endfacet
  facet normal -1 0 0
    outer loop
      vertex 325.01 157.29500000000002 6
      vertex 325.01 167.11054359942676 10.011905387043953
      vertex 325.01 167.16087667465212 9.920160308480263
    endloop
  endfacet
  facet normal -1 0 0
    outer loop
      vertex 325.01 162.22705142441916 12.406222386623037
      vertex 325.01 167.0726162698865 10.109435357153416
      vertex 325.01 167.11054359942676 10.011905387043953
    endloop
  endfacet
  facet normal -1 0 0
    outer loop
      vertex 325.01 167.0726162698865 10.109435357153416
      vertex 325.01 162.43142766340242 12.475598771356378
      vertex 325.01 167.04774363160135 10.211081452667713
    endloop
  endfacet
  facet normal -1 0 0
    outer loop
      vertex 325.01 162.22705142441916 12.406222386623037
      vertex 325.01 162.43142766340242 12.475598771356378
      vertex 325.01 167.0726162698865 10.109435357153416
    endloop
  endfacet
  facet normal -1 0 0
    outer loop
      vertex 325.01 167.04774363160135 10.211081452667713
      vertex 325.01 162.43142766340242 12.475598771356378
      vertex 325.01 162.625 12.571058083755677
    endloop
  endfacet
  facet normal -1 0 0
    outer loop
      vertex 325.01 167.04774363160135 10.211081452667713
      vertex 325.01 162.625 12.571058083755677
      vertex 325.01 162.8044563578644 12.690966988519461
    endloop
  endfacet
  facet normal -1 0 0
    outer loop
      vertex 325.01 167.04774363160135 10.211081452667713
      vertex 325.01 162.8044563578644 12.690966988519461
      vertex 325.01 162.9667261889578 12.833273811042197
    endloop
  endfacet
  facet normal -1 0 0
    outer loop
      vertex 325.01 167.04774363160135 10.211081452667713
      vertex 325.01 162.9667261889578 12.833273811042197
      vertex 325.01 163.10903301148056 12.995543642135612
    endloop
  endfacet
  facet normal -1 0 0
    outer loop
      vertex 325.01 167.04774363160135 10.211081452667713
      vertex 325.01 163.10903301148056 12.995543642135612
      vertex 325.01 163.22894191624434 13.175
    endloop
  endfacet
  facet normal -1 0 0
    outer loop
      vertex 325.01 167.04774363160135 10.211081452667713
      vertex 325.01 163.22894191624434 13.175
      vertex 325.01 163.32440122864364 13.368572336597602
    endloop
  endfacet
  facet normal -1 0 0
    outer loop
      vertex 325.01 167.04774363160135 10.211081452667713
      vertex 325.01 163.32440122864364 13.368572336597602
      vertex 325.01 163.39377761337698 13.57294857558084
    endloop
  endfacet
  facet normal -1 0 0
    outer loop
      vertex 325.01 167.04774363160135 10.211081452667713
      vertex 325.01 163.39377761337698 13.57294857558084
      vertex 325.01 163.4358840212668 13.784631782836914
    endloop
  endfacet
  facet normal -1 0 0
    outer loop
      vertex 325.01 167.04774363160135 10.211081452667713
      vertex 325.01 163.4358840212668 13.784631782836914
      vertex 325.01 163.45000000000002 14
    endloop
  endfacet
  facet normal -1 0 0
    outer loop
      vertex 325.01 191.29500000000002 6
      vertex 325.01 181.38909283846618 9.862990848720074
      vertex 325.01 181.44723049372436 9.949999995529652
    endloop
  endfacet
  facet normal -1 0 0
    outer loop
      vertex 325.01 191.29500000000002 6
      vertex 325.01 181.44723049372436 9.949999995529652
      vertex 325.01 181.4935137909651 10.043853245675564
    endloop
  endfacet
  facet normal -1 0 0
    outer loop
      vertex 325.01 191.29500000000002 6
      vertex 325.01 181.4935137909651 10.043853245675564
      vertex 325.01 181.52715083032848 10.142944760620594
    endloop
  endfacet
  facet normal -1 0 0
    outer loop
      vertex 325.01 191.29500000000002 6
      vertex 325.01 181.52715083032848 10.142944760620594
      vertex 325.01 181.54225636839868 10.211081452667713
    endloop
  endfacet
  facet normal -1 0 0
    outer loop
      vertex 325.01 191.29500000000002 6
      vertex 325.01 181.54225636839868 10.211081452667713
      vertex 325.01 187.0053682171631 12.364115978733214
    endloop
  endfacet
  facet normal -1 0 0
    outer loop
      vertex 325.01 191.29500000000002 6
      vertex 325.01 187.0053682171631 12.364115978733214
      vertex 325.01 187.21705142441917 12.406222386623037
    endloop
  endfacet
  facet normal -1 0 0
    outer loop
      vertex 325.01 191.29500000000002 6
      vertex 325.01 187.21705142441917 12.406222386623037
      vertex 325.01 187.42142766340243 12.475598771356378
    endloop
  endfacet
  facet normal -1 0 0
    outer loop
      vertex 325.01 191.29500000000002 6
      vertex 325.01 187.42142766340243 12.475598771356378
      vertex 325.01 187.615 12.571058083755677
    endloop
  endfacet
  facet normal -1 0 0
    outer loop
      vertex 325.01 191.29500000000002 6
      vertex 325.01 187.615 12.571058083755677
      vertex 325.01 187.79445635786442 12.690966988519461
    endloop
  endfacet
  facet normal -1 0 0
    outer loop
      vertex 325.01 191.29500000000002 6
      vertex 325.01 187.79445635786442 12.690966988519461
      vertex 325.01 187.95672618895782 12.833273811042197
    endloop
  endfacet
  facet normal -1 0 0
    outer loop
      vertex 325.01 191.29500000000002 6
      vertex 325.01 187.95672618895782 12.833273811042197
      vertex 325.01 188.09903301148057 12.995543642135612
    endloop
  endfacet
  facet normal -1 0 0
    outer loop
      vertex 325.01 181.54225636839868 10.211081452667713
      vertex 325.01 186.15857233659762 12.475598771356378
      vertex 325.01 186.36294857558087 12.406222386623037
    endloop
  endfacet
  facet normal -1 0 0
    outer loop
      vertex 325.01 181.54225636839868 10.211081452667713
      vertex 325.01 185.96500000000003 12.571058083755677
      vertex 325.01 186.15857233659762 12.475598771356378
    endloop
  endfacet
  facet normal -1 0 0
    outer loop
      vertex 325.01 181.54225636839868 10.211081452667713
      vertex 325.01 186.36294857558087 12.406222386623037
      vertex 325.01 186.57463178283695 12.364115978733214
    endloop
  endfacet
  facet normal -1 0 0
    outer loop
      vertex 325.01 181.54225636839868 10.211081452667713
      vertex 325.01 186.57463178283695 12.364115978733214
      vertex 325.01 186.79000000000002 12.35
    endloop
  endfacet
  facet normal -1 0 0
    outer loop
      vertex 325.01 181.54225636839868 10.211081452667713
      vertex 325.01 186.79000000000002 12.35
      vertex 325.01 187.0053682171631 12.364115978733214
    endloop
  endfacet
  facet normal -1 0 0
    outer loop
      vertex 325.01 191.29500000000002 6
      vertex 325.01 188.09903301148057 12.995543642135612
      vertex 325.01 188.21894191624435 13.175
    endloop
  endfacet
  facet normal -1 0 0
    outer loop
      vertex 325.01 191.29500000000002 6
      vertex 325.01 188.21894191624435 13.175
      vertex 325.01 188.31440122864365 13.368572336597602
    endloop
  endfacet
  facet normal -1 0 0
    outer loop
      vertex 325.01 191.29500000000002 6
      vertex 325.01 188.31440122864365 13.368572336597602
      vertex 325.01 188.383777613377 13.57294857558084
    endloop
  endfacet
  facet normal -1 0 0
    outer loop
      vertex 325.01 191.29500000000002 6
      vertex 325.01 188.383777613377 13.57294857558084
      vertex 325.01 188.4258840212668 13.784631782836914
    endloop
  endfacet
  facet normal -1 0 0
    outer loop
      vertex 325.01 191.29500000000002 6
      vertex 325.01 188.4258840212668 13.784631782836914
      vertex 325.01 188.44000000000003 14
    endloop
  endfacet
  facet normal -1 0 0
    outer loop
      vertex 325.01 181.54225636839868 10.211081452667713
      vertex 325.01 185.62327381104222 12.833273811042197
      vertex 325.01 185.78554364213562 12.690966988519461
    endloop
  endfacet
  facet normal -1 0 0
    outer loop
      vertex 325.01 181.54225636839868 10.211081452667713
      vertex 325.01 185.48096698851947 12.995543642135612
      vertex 325.01 185.62327381104222 12.833273811042197
    endloop
  endfacet
  facet normal -1 0 0
    outer loop
      vertex 325.01 181.54225636839868 10.211081452667713
      vertex 325.01 185.3610580837557 13.175
      vertex 325.01 185.48096698851947 12.995543642135612
    endloop
  endfacet
  facet normal -1 0 0
    outer loop
      vertex 325.01 181.54225636839868 10.211081452667713
      vertex 325.01 185.2655987713564 13.368572336597602
      vertex 325.01 185.3610580837557 13.175
    endloop
  endfacet
  facet normal -1 0 0
    outer loop
      vertex 325.01 181.54225636839868 10.211081452667713
      vertex 325.01 185.78554364213562 12.690966988519461
      vertex 325.01 185.96500000000003 12.571058083755677
    endloop
  endfacet
  facet normal -1 0 0
    outer loop
      vertex 325.01 181.54225636839868 10.211081452667713
      vertex 325.01 185.19622238662305 13.57294857558084
      vertex 325.01 185.2655987713564 13.368572336597602
    endloop
  endfacet
  facet normal -1 0 0
    outer loop
      vertex 325.01 167.04774363160135 10.211081452667713
      vertex 325.01 163.45000000000002 14
      vertex 325.01 165.760556666255 17.511081464588642
    endloop
  endfacet
  facet normal -1 0 0
    outer loop
      vertex 325.01 163.45000000000002 14
      vertex 325.01 163.4358840212668 14.215368217163086
      vertex 325.01 165.760556666255 17.511081464588642
    endloop
  endfacet
  facet normal -1 0 0
    outer loop
      vertex 325.01 163.4358840212668 14.215368217163086
      vertex 325.01 163.39377761337698 14.42705142441916
      vertex 325.01 165.760556666255 17.511081464588642
    endloop
  endfacet
  facet normal -1 0 0
    outer loop
      vertex 325.01 163.22894191624434 14.825
      vertex 325.01 163.10903301148056 15.004456357864388
      vertex 325.01 165.760556666255 17.511081464588642
    endloop
  endfacet
  facet normal -1 0 0
    outer loop
      vertex 325.01 163.10903301148056 15.004456357864388
      vertex 325.01 162.9667261889578 15.166726188957803
      vertex 325.01 165.760556666255 17.511081464588642
    endloop
  endfacet
  facet normal -1 0 0
    outer loop
      vertex 325.01 162.9667261889578 15.166726188957803
      vertex 325.01 162.8044563578644 15.309033011480539
      vertex 325.01 165.760556666255 17.511081464588642
    endloop
  endfacet
  facet normal -1 0 0
    outer loop
      vertex 325.01 163.39377761337698 14.42705142441916
      vertex 325.01 163.32440122864364 14.631427663402398
      vertex 325.01 165.760556666255 17.511081464588642
    endloop
  endfacet
  facet normal -1 0 0
    outer loop
      vertex 325.01 163.32440122864364 14.631427663402398
      vertex 325.01 163.22894191624434 14.825
      vertex 325.01 165.760556666255 17.511081464588642
    endloop
  endfacet
  facet normal -1 0 0
    outer loop
      vertex 325.01 162.625 15.428941916244323
      vertex 325.01 162.43142766340242 15.524401228643622
      vertex 325.01 165.7552469801903 17.54557905346155
    endloop
  endfacet
  facet normal -1 0 0
    outer loop
      vertex 325.01 162.8044563578644 15.309033011480539
      vertex 325.01 162.625 15.428941916244323
      vertex 325.01 165.760556666255 17.511081464588642
    endloop
  endfacet
  facet normal -1 0 0
    outer loop
      vertex 325.01 162.625 15.428941916244323
      vertex 325.01 165.7552469801903 17.54557905346155
      vertex 325.01 165.760556666255 17.511081464588642
    endloop
  endfacet
  facet normal -1 0 0
    outer loop
      vertex 325.01 162.43142766340242 15.524401228643622
      vertex 325.01 165.74840286940338 17.650000005960464
      vertex 325.01 165.7552469801903 17.54557905346155
    endloop
  endfacet
  facet normal -1 0 0
    outer loop
      vertex 325.01 181.54225636839868 10.211081452667713
      vertex 325.01 182.82944333374502 17.511081464588642
      vertex 325.01 185.19622238662305 13.57294857558084
    endloop
  endfacet
  facet normal -1 0 0
    outer loop
      vertex 325.01 185.19622238662305 13.57294857558084
      vertex 325.01 182.82944333374502 17.511081464588642
      vertex 325.01 185.15411597873324 13.784631782836914
    endloop
  endfacet
  facet normal -1 0 0
    outer loop
      vertex 325.01 185.15411597873324 13.784631782836914
      vertex 325.01 182.82944333374502 17.511081464588642
      vertex 325.01 185.14000000000001 14
    endloop
  endfacet
  facet normal -1 0 0
    outer loop
      vertex 325.01 185.14000000000001 14
      vertex 325.01 182.82944333374502 17.511081464588642
      vertex 325.01 185.15411597873324 14.215368217163086
    endloop
  endfacet
  facet normal -1 0 0
    outer loop
      vertex 325.01 185.15411597873324 14.215368217163086
      vertex 325.01 182.82944333374502 17.511081464588642
      vertex 325.01 185.19622238662305 14.42705142441916
    endloop
  endfacet
  facet normal -1 0 0
    outer loop
      vertex 325.01 185.19622238662305 14.42705142441916
      vertex 325.01 182.82944333374502 17.511081464588642
      vertex 325.01 185.2655987713564 14.631427663402398
    endloop
  endfacet
  facet normal -1 0 0
    outer loop
      vertex 325.01 185.2655987713564 14.631427663402398
      vertex 325.01 182.82944333374502 17.511081464588642
      vertex 325.01 185.3610580837557 14.825
    endloop
  endfacet
  facet normal -1 0 0
    outer loop
      vertex 325.01 185.3610580837557 14.825
      vertex 325.01 182.82944333374502 17.511081464588642
      vertex 325.01 185.48096698851947 15.004456357864388
    endloop
  endfacet
  facet normal -1 0 0
    outer loop
      vertex 325.01 185.48096698851947 15.004456357864388
      vertex 325.01 182.82944333374502 17.511081464588642
      vertex 325.01 185.62327381104222 15.166726188957803
    endloop
  endfacet
  facet normal -1 0 0
    outer loop
      vertex 325.01 185.62327381104222 15.166726188957803
      vertex 325.01 182.82944333374502 17.511081464588642
      vertex 325.01 185.78554364213562 15.309033011480539
    endloop
  endfacet
  facet normal -1 0 0
    outer loop
      vertex 325.01 185.78554364213562 15.309033011480539
      vertex 325.01 182.82944333374502 17.511081464588642
      vertex 325.01 185.96500000000003 15.428941916244323
    endloop
  endfacet
  facet normal -1 0 0
    outer loop
      vertex 325.01 185.96500000000003 15.428941916244323
      vertex 325.01 182.84083571106197 17.615104496479034
      vertex 325.01 186.15857233659762 15.524401228643622
    endloop
  endfacet
  facet normal -1 0 0
    outer loop
      vertex 325.01 186.15857233659762 15.524401228643622
      vertex 325.01 182.83855289041998 17.719724602997303
      vertex 325.01 186.36294857558087 15.593777613376963
    endloop
  endfacet
  facet normal -1 0 0
    outer loop
      vertex 325.01 186.36294857558087 15.593777613376963
      vertex 325.01 182.7933512312174 17.923616118729115
      vertex 325.01 186.57463178283695 15.635884021266786
    endloop
  endfacet
  facet normal -1 0 0
    outer loop
      vertex 325.01 185.96500000000003 15.428941916244323
      vertex 325.01 182.82944333374502 17.511081464588642
      vertex 325.01 182.84083571106197 17.615104496479034
    endloop
  endfacet
  facet normal -1 0 0
    outer loop
      vertex 325.01 186.15857233659762 15.524401228643622
      vertex 325.01 182.84083571106197 17.615104496479034
      vertex 325.01 182.83855289041998 17.719724602997303
    endloop
  endfacet
  facet normal -1 0 0
    outer loop
      vertex 325.01 186.36294857558087 15.593777613376963
      vertex 325.01 182.83855289041998 17.719724602997303
      vertex 325.01 182.82263394266369 17.82315170019865
    endloop
  endfacet
  facet normal -1 0 0
    outer loop
      vertex 325.01 186.36294857558087 15.593777613376963
      vertex 325.01 182.82263394266369 17.82315170019865
      vertex 325.01 182.7933512312174 17.923616118729115
    endloop
  endfacet
  facet normal -1 0 0
    outer loop
      vertex 325.01 188.44000000000003 14
      vertex 325.01 188.4258840212668 14.215368217163086
      vertex 325.01 191.29500000000002 22
    endloop
  endfacet
  facet normal -1 0 0
    outer loop
      vertex 325.01 188.4258840212668 14.215368217163086
      vertex 325.01 188.383777613377 14.42705142441916
      vertex 325.01 191.29500000000002 22
    endloop
  endfacet
  facet normal -1 0 0
    outer loop
      vertex 325.01 188.383777613377 14.42705142441916
      vertex 325.01 188.31440122864365 14.631427663402398
      vertex 325.01 191.29500000000002 22
    endloop
  endfacet
  facet normal 0 -1 0
    outer loop
      vertex 325.01 191.29500000000002 6
      vertex 325.01 191.29500000000002 22
      vertex 307 191.29500000000002 22
    endloop
  endfacet
  facet normal -1 0 0
    outer loop
      vertex 325.01 191.29500000000002 6
      vertex 325.01 188.44000000000003 14
      vertex 325.01 191.29500000000002 22
    endloop
  endfacet
  facet normal -1 0 0
    outer loop
      vertex 325.01 160.27559877135639 14.631427663402398
      vertex 325.01 157.29500000000002 22
      vertex 325.01 160.37105808375568 14.825
    endloop
  endfacet
  facet normal -1 0 0
    outer loop
      vertex 325.01 160.37105808375568 14.825
      vertex 325.01 157.29500000000002 22
      vertex 325.01 160.49096698851946 15.004456357864388
    endloop
  endfacet
  facet normal -1 0 0
    outer loop
      vertex 325.01 160.49096698851946 15.004456357864388
      vertex 325.01 157.29500000000002 22
      vertex 325.01 160.63327381104222 15.166726188957803
    endloop
  endfacet
  facet normal -1 0 0
    outer loop
      vertex 325.01 160.63327381104222 15.166726188957803
      vertex 325.01 157.29500000000002 22
      vertex 325.01 160.7955436421356 15.309033011480539
    endloop
  endfacet
  facet normal -1 0 0
    outer loop
      vertex 325.01 160.7955436421356 15.309033011480539
      vertex 325.01 157.29500000000002 22
      vertex 325.01 160.97500000000002 15.428941916244323
    endloop
  endfacet
  facet normal -1 0 0
    outer loop
      vertex 325.01 160.97500000000002 15.428941916244323
      vertex 325.01 157.29500000000002 22
      vertex 325.01 161.1685723365976 15.524401228643622
    endloop
  endfacet
  facet normal -1 0 0
    outer loop
      vertex 325.01 161.1685723365976 15.524401228643622
      vertex 325.01 157.29500000000002 22
      vertex 325.01 161.37294857558086 15.593777613376963
    endloop
  endfacet
  facet normal -1 0 0
    outer loop
      vertex 325.01 161.37294857558086 15.593777613376963
      vertex 325.01 157.29500000000002 22
      vertex 325.01 161.58463178283694 15.635884021266786
    endloop
  endfacet
  facet normal -1 0 0
    outer loop
      vertex 325.01 161.58463178283694 15.635884021266786
      vertex 325.01 157.29500000000002 22
      vertex 325.01 161.8 15.65
    endloop
  endfacet
  facet normal -1 0 0
    outer loop
      vertex 325.01 162.22705142441916 15.593777613376963
      vertex 325.01 157.29500000000002 22
      vertex 325.01 162.43142766340242 15.524401228643622
    endloop
  endfacet
  facet normal -1 0 0
    outer loop
      vertex 325.01 162.0153682171631 15.635884021266786
      vertex 325.01 161.8 15.65
      vertex 325.01 157.29500000000002 22
    endloop
  endfacet
  facet normal -1 0 0
    outer loop
      vertex 325.01 162.0153682171631 15.635884021266786
      vertex 325.01 157.29500000000002 22
      vertex 325.01 162.22705142441916 15.593777613376963
    endloop
  endfacet
  facet normal -1 0 0
    outer loop
      vertex 325.01 162.43142766340242 15.524401228643622
      vertex 325.01 157.29500000000002 22
      vertex 325.01 165.74840286940338 17.650000005960464
    endloop
  endfacet
  facet normal 1 0 0
    outer loop
      vertex 307 157.29500000000002 22
      vertex 307 166.29500000000002 19
      vertex 307 191.29500000000002 22
    endloop
  endfacet
  facet normal 1 0 0
    outer loop
      vertex 307 166.29500000000002 19
      vertex 307 182.29500000000002 19
      vertex 307 191.29500000000002 22
    endloop
  endfacet
  facet normal 0 0 -1
    outer loop
      vertex 307 157.29500000000002 22
      vertex 307 191.29500000000002 22
      vertex 325.01 157.29500000000002 22
    endloop
  endfacet
  facet normal -1 0 0
    outer loop
      vertex 325.01 157.29500000000002 22
      vertex 325.01 165.7552469801903 17.754420958459377
      vertex 325.01 165.74840286940338 17.650000005960464
    endloop
  endfacet
  facet normal -1 0 0
    outer loop
      vertex 325.01 157.29500000000002 22
      vertex 325.01 165.77566220432522 17.857055239379406
      vertex 325.01 165.7552469801903 17.754420958459377
    endloop
  endfacet
  facet normal -1 0 0
    outer loop
      vertex 325.01 157.29500000000002 22
      vertex 325.01 165.8092992436886 17.956146754324436
      vertex 325.01 165.77566220432522 17.857055239379406
    endloop
  endfacet
  facet normal -1 0 0
    outer loop
      vertex 325.01 157.29500000000002 22
      vertex 325.01 165.85558254092933 18.05000000447035
      vertex 325.01 165.8092992436886 17.956146754324436
    endloop
  endfacet
  facet normal -1 0 0
    outer loop
      vertex 325.01 157.29500000000002 22
      vertex 325.01 165.9137201961875 18.137009151279926
      vertex 325.01 165.85558254092933 18.05000000447035
    endloop
  endfacet
  facet normal -1 0 0
    outer loop
      vertex 325.01 157.29500000000002 22
      vertex 325.01 165.98271744519474 18.215685427188873
      vertex 325.01 165.9137201961875 18.137009151279926
    endloop
  endfacet
  facet normal -1 0 0
    outer loop
      vertex 325.01 157.29500000000002 22
      vertex 325.01 166.06139372110368 18.2846826761961
      vertex 325.01 165.98271744519474 18.215685427188873
    endloop
  endfacet
  facet normal -1 0 0
    outer loop
      vertex 325.01 157.29500000000002 22
      vertex 325.01 166.14840286791326 18.342820331454277
      vertex 325.01 166.06139372110368 18.2846826761961
    endloop
  endfacet
  facet normal -1 0 0
    outer loop
      vertex 325.01 157.29500000000002 22
      vertex 325.01 166.24225611805917 18.38910362869501
      vertex 325.01 166.14840286791326 18.342820331454277
    endloop
  endfacet
  facet normal -1 0 0
    outer loop
      vertex 325.01 157.29500000000002 22
      vertex 325.01 166.3413476330042 18.422740668058395
      vertex 325.01 166.24225611805917 18.38910362869501
    endloop
  endfacet
  facet normal -1 0 0
    outer loop
      vertex 325.01 157.29500000000002 22
      vertex 325.01 166.44398191392423 18.443155892193317
      vertex 325.01 166.3413476330042 18.422740668058395
    endloop
  endfacet
  facet normal -1 0 0
    outer loop
      vertex 325.01 157.29500000000002 22
      vertex 325.01 166.54840286642315 18.450000002980232
      vertex 325.01 166.44398191392423 18.443155892193317
    endloop
  endfacet
  facet normal -1 0 0
    outer loop
      vertex 325.01 157.29500000000002 22
      vertex 325.01 191.29500000000002 22
      vertex 325.01 166.54840286642315 18.450000002980232
    endloop
  endfacet
  facet normal -1 0 0
    outer loop
      vertex 325.01 188.31440122864365 14.631427663402398
      vertex 325.01 188.21894191624435 14.825
      vertex 325.01 191.29500000000002 22
    endloop
  endfacet
  facet normal -1 0 0
    outer loop
      vertex 325.01 188.21894191624435 14.825
      vertex 325.01 188.09903301148057 15.004456357864388
      vertex 325.01 191.29500000000002 22
    endloop
  endfacet
  facet normal -1 0 0
    outer loop
      vertex 325.01 187.95672618895782 15.166726188957803
      vertex 325.01 187.79445635786442 15.309033011480539
      vertex 325.01 191.29500000000002 22
    endloop
  endfacet
  facet normal -1 0 0
    outer loop
      vertex 325.01 188.09903301148057 15.004456357864388
      vertex 325.01 187.95672618895782 15.166726188957803
      vertex 325.01 191.29500000000002 22
    endloop
  endfacet
  facet normal -1 0 0
    outer loop
      vertex 325.01 187.615 15.428941916244323
      vertex 325.01 191.29500000000002 22
      vertex 325.01 187.79445635786442 15.309033011480539
    endloop
  endfacet
  facet normal -1 0 0
    outer loop
      vertex 325.01 187.615 15.428941916244323
      vertex 325.01 187.42142766340243 15.524401228643622
      vertex 325.01 191.29500000000002 22
    endloop
  endfacet
  facet normal -1 0 0
    outer loop
      vertex 325.01 186.57463178283695 15.635884021266786
      vertex 325.01 191.29500000000002 22
      vertex 325.01 186.79000000000002 15.65
    endloop
  endfacet
  facet normal -1 0 0
    outer loop
      vertex 325.01 186.79000000000002 15.65
      vertex 325.01 191.29500000000002 22
      vertex 325.01 187.0053682171631 15.635884021266786
    endloop
  endfacet
  facet normal -1 0 0
    outer loop
      vertex 325.01 187.0053682171631 15.635884021266786
      vertex 325.01 191.29500000000002 22
      vertex 325.01 187.21705142441917 15.593777613376963
    endloop
  endfacet
  facet normal -1 0 0
    outer loop
      vertex 325.01 187.21705142441917 15.593777613376963
      vertex 325.01 191.29500000000002 22
      vertex 325.01 187.42142766340243 15.524401228643622
    endloop
  endfacet
  facet normal -1 0 0
    outer loop
      vertex 325.01 186.57463178283695 15.635884021266786
      vertex 325.01 182.7933512312174 17.923616118729115
      vertex 325.01 191.29500000000002 22
    endloop
  endfacet
  facet normal -1 0 0
    outer loop
      vertex 325.01 166.54840286642315 18.450000002980232
      vertex 325.01 191.29500000000002 22
      vertex 325.01 182.0415971335769 18.450000002980232
    endloop
  endfacet
  facet normal -1 0 0
    outer loop
      vertex 325.01 182.7933512312174 17.923616118729115
      vertex 325.01 182.75120580017568 18.019398897886276
      vertex 325.01 191.29500000000002 22
    endloop
  endfacet
  facet normal -1 0 0
    outer loop
      vertex 325.01 182.69691876888277 18.108861155807972
      vertex 325.01 191.29500000000002 22
      vertex 325.01 182.75120580017568 18.019398897886276
    endloop
  endfacet
  facet normal -1 0 0
    outer loop
      vertex 325.01 182.69691876888277 18.108861155807972
      vertex 325.01 182.63141900122167 18.190472170710564
      vertex 325.01 191.29500000000002 22
    endloop
  endfacet
  facet normal -1 0 0
    outer loop
      vertex 325.01 182.63141900122167 18.190472170710564
      vertex 325.01 182.55582722097637 18.262835562229156
      vertex 325.01 191.29500000000002 22
    endloop
  endfacet
  facet normal -1 0 0
    outer loop
      vertex 325.01 182.0415971335769 18.450000002980232
      vertex 325.01 191.29500000000002 22
      vertex 325.01 182.07649264305832 18.44923858344555
    endloop
  endfacet
  facet normal -1 0 0
    outer loop
      vertex 325.01 182.07649264305832 18.44923858344555
      vertex 325.01 191.29500000000002 22
      vertex 325.01 182.1805156749487 18.437846206128597
    endloop
  endfacet
  facet normal -1 0 0
    outer loop
      vertex 325.01 182.55582722097637 18.262835562229156
      vertex 325.01 182.47143681913616 18.32471316307783
      vertex 325.01 191.29500000000002 22
    endloop
  endfacet
  facet normal -1 0 0
    outer loop
      vertex 325.01 182.47143681913616 18.32471316307783
      vertex 325.01 182.37969174057247 18.375046238303185
      vertex 325.01 191.29500000000002 22
    endloop
  endfacet
  facet normal -1 0 0
    outer loop
      vertex 325.01 182.37969174057247 18.375046238303185
      vertex 325.01 182.282161770463 18.412973567843437
      vertex 325.01 191.29500000000002 22
    endloop
  endfacet
  facet normal -1 0 0
    outer loop
      vertex 325.01 182.1805156749487 18.437846206128597
      vertex 325.01 191.29500000000002 22
      vertex 325.01 182.282161770463 18.412973567843437
    endloop
  endfacet
  facet normal 0 0 -1
    outer loop
      vertex 325.01 157.29500000000002 22
      vertex 307 191.29500000000002 22
      vertex 325.01 191.29500000000002 22
    endloop
  endfacet
  facet normal 0 0 1
    outer loop
      vertex 237.925 166.29500000000002 9
      vertex 307 166.29500000000002 9
      vertex 237.925 182.29500000000002 9
    endloop
  endfacet
  facet normal 0 -1 0
    outer loop
      vertex 237.925 182.29500000000002 9
      vertex 307 182.29500000000002 9
      vertex 237.925 182.29500000000002 19
    endloop
  endfacet
  facet normal 0 1 0
    outer loop
      vertex 237.925 166.29500000000002 9
      vertex 237.925 166.29500000000002 19
      vertex 307 166.29500000000002 19
    endloop
  endfacet
  facet normal 0 1 0
    outer loop
      vertex 237.925 166.29500000000002 9
      vertex 307 166.29500000000002 19
      vertex 307 166.29500000000002 9
    endloop
  endfacet
  facet normal 0 0 1
    outer loop
      vertex 237.925 182.29500000000002 9
      vertex 307 166.29500000000002 9
      vertex 307 182.29500000000002 9
    endloop
  endfacet
  facet normal 0 -1 0
    outer loop
      vertex 237.925 182.29500000000002 19
      vertex 307 182.29500000000002 9
      vertex 307 182.29500000000002 19
    endloop
  endfacet
  facet normal 0 0 -1
    outer loop
      vertex 237.925 166.29500000000002 19
      vertex 237.925 182.29500000000002 19
      vertex 307 182.29500000000002 19
    endloop
  endfacet
  facet normal 0 0 -1
    outer loop
      vertex 237.925 166.29500000000002 19
      vertex 307 182.29500000000002 19
      vertex 307 166.29500000000002 19
    endloop
  endfacet
  facet normal 0 1 0
    outer loop
      vertex 167 196.53 3
      vertex 167 196.53 3.9399999999999995
      vertex 215 196.53 3
    endloop
  endfacet
  facet normal 0 1 0
    outer loop
      vertex 167 196.53 3.9399999999999995
      vertex 176.755 196.53 3.9399999999999995
      vertex 215 196.53 3
    endloop
  endfacet
  facet normal 0 0 1
    outer loop
      vertex 167 196.53 3
      vertex 215 216.53 3
      vertex 167 216.53 3
    endloop
  endfacet
  facet normal 0 1 0
    outer loop
      vertex 176.755 196.53 3.9399999999999995
      vertex 182.1830964487968 196.53 10.907465028475169
      vertex 182.45559810077444 196.53 10.81496318216405
    endloop
  endfacet
  facet normal 0 1 0
    outer loop
      vertex 176.755 196.53 3.9399999999999995
      vertex 182.45559810077444 196.53 10.81496318216405
      vertex 182.73784237711587 196.53 10.758821304977616
    endloop
  endfacet
  facet normal 0 1 0
    outer loop
      vertex 176.755 196.53 3.9399999999999995
      vertex 182.73784237711587 196.53 10.758821304977616
      vertex 183.02499999999998 196.53 10.739999999999998
    endloop
  endfacet
  facet normal 0 1 0
    outer loop
      vertex 176.755 196.53 3.9399999999999995
      vertex 183.02499999999998 196.53 10.739999999999998
      vertex 183.3121576228841 196.53 10.758821304977616
    endloop
  endfacet
  facet normal 0 1 0
    outer loop
      vertex 176.755 196.53 3.9399999999999995
      vertex 183.3121576228841 196.53 10.758821304977616
      vertex 183.59440189922552 196.53 10.81496318216405
    endloop
  endfacet
  facet normal 0 1 0
    outer loop
      vertex 176.755 196.53 3.9399999999999995
      vertex 183.59440189922552 196.53 10.81496318216405
      vertex 183.86690355120317 196.53 10.907465028475169
    endloop
  endfacet
  facet normal 0 1 0
    outer loop
      vertex 176.755 196.53 3.9399999999999995
      vertex 183.86690355120317 196.53 10.907465028475169
      vertex 188.58559810077446 196.53 10.81496318216405
    endloop
  endfacet
  facet normal 0 1 0
    outer loop
      vertex 176.755 196.53 3.9399999999999995
      vertex 188.8678423771159 196.53 10.758821304977616
      vertex 189.155 196.53 10.739999999999998
    endloop
  endfacet
  facet normal 0 1 0
    outer loop
      vertex 176.755 196.53 3.9399999999999995
      vertex 188.58559810077446 196.53 10.81496318216405
      vertex 188.8678423771159 196.53 10.758821304977616
    endloop
  endfacet
  facet normal 0 1 0
    outer loop
      vertex 176.755 196.53 3.9399999999999995
      vertex 189.155 196.53 10.739999999999998
      vertex 196.02694970290474 196.53 8.22836140246614
    endloop
  endfacet
  facet normal 0 0 1
    outer loop
      vertex 167 196.53 3
      vertex 215 196.53 3
      vertex 215 216.53 3
    endloop
  endfacet
  facet normal 0 1 0
    outer loop
      vertex 176.755 196.53 3.9399999999999995
      vertex 197.175 196.53 8
      vertex 215 196.53 3
    endloop
  endfacet
  facet normal 0 1 0
    outer loop
      vertex 176.755 196.53 3.9399999999999995
      vertex 196.78342142333986 196.53 8.025665415878569
      vertex 197.175 196.53 8
    endloop
  endfacet
  facet normal 0 1 0
    outer loop
      vertex 176.755 196.53 3.9399999999999995
      vertex 196.02694970290474 196.53 8.22836140246614
      vertex 196.39854286469244 196.53 8.102222521132795
    endloop
  endfacet
  facet normal 0 1 0
    outer loop
      vertex 176.755 196.53 3.9399999999999995
      vertex 196.39854286469244 196.53 8.102222521132795
      vertex 196.78342142333986 196.53 8.025665415878569
    endloop
  endfacet
  facet normal 0 1 0
    outer loop
      vertex 197.175 196.53 8
      vertex 197.56657857666016 196.53 8.025665415878569
      vertex 215 196.53 3
    endloop
  endfacet
  facet normal 0 1 0
    outer loop
      vertex 197.56657857666016 196.53 8.025665415878569
      vertex 197.95145713530758 196.53 8.102222521132795
      vertex 215 196.53 3
    endloop
  endfacet
  facet normal 0 1 0
    outer loop
      vertex 197.95145713530758 196.53 8.102222521132795
      vertex 198.32305029709528 196.53 8.22836140246614
      vertex 215 196.53 3
    endloop
  endfacet
  facet normal 0 1 0
    outer loop
      vertex 198.32305029709528 196.53 8.22836140246614
      vertex 198.675 196.53 8.401923788646684
      vertex 215 196.53 3
    endloop
  endfacet
  facet normal 0 1 0
    outer loop
      vertex 198.675 196.53 8.401923788646684
      vertex 199.00128428702618 196.53 8.619939979126293
      vertex 215 196.53 3
    endloop
  endfacet
  facet normal 0 1 0
    outer loop
      vertex 199.00128428702618 196.53 8.619939979126293
      vertex 199.29632034355964 196.53 8.878679656440358
      vertex 215 196.53 3
    endloop
  endfacet
  facet normal 0 1 0
    outer loop
      vertex 199.29632034355964 196.53 8.878679656440358
      vertex 199.55506002087373 196.53 9.173715712973838
      vertex 215 196.53 3
    endloop
  endfacet
  facet normal 0 1 0
    outer loop
      vertex 199.55506002087373 196.53 9.173715712973838
      vertex 199.77307621135333 196.53 9.5
      vertex 215 196.53 3
    endloop
  endfacet
  facet normal 0 1 0
    outer loop
      vertex 199.77307621135333 196.53 9.5
      vertex 199.94663859753388 196.53 9.851949702904731
      vertex 215 196.53 3
    endloop
  endfacet
  facet normal 0 1 0
    outer loop
      vertex 199.94663859753388 196.53 9.851949702904731
      vertex 200.0727774788672 196.53 10.223542864692437
      vertex 215 196.53 3
    endloop
  endfacet
  facet normal 0 1 0
    outer loop
      vertex 176.755 196.53 3.9399999999999995
      vertex 181.46936508138958 196.53 11.384365081389594
      vertex 181.6857248561808 196.53 11.194622651359282
    endloop
  endfacet
  facet normal 0 1 0
    outer loop
      vertex 176.755 196.53 3.9399999999999995
      vertex 181.27962265135926 196.53 11.600724856180815
      vertex 181.46936508138958 196.53 11.384365081389594
    endloop
  endfacet
  facet normal 0 1 0
    outer loop
      vertex 176.755 196.53 3.9399999999999995
      vertex 181.1197441116742 196.53 11.84
      vertex 181.27962265135926 196.53 11.600724856180815
    endloop
  endfacet
  facet normal 0 1 0
    outer loop
      vertex 176.755 196.53 3.9399999999999995
      vertex 181.92499999999998 196.53 11.034744111674234
      vertex 182.1830964487968 196.53 10.907465028475169
    endloop
  endfacet
  facet normal 0 1 0
    outer loop
      vertex 176.755 196.53 3.9399999999999995
      vertex 181.6857248561808 196.53 11.194622651359282
      vertex 181.92499999999998 196.53 11.034744111674234
    endloop
  endfacet
  facet normal 0 1 0
    outer loop
      vertex 176.755 196.53 3.9399999999999995
      vertex 176.755 196.53 14.94
      vertex 181.1197441116742 196.53 11.84
    endloop
  endfacet
  facet normal 0 1 0
    outer loop
      vertex 183.86690355120317 196.53 10.907465028475169
      vertex 184.12499999999997 196.53 11.034744111674234
      vertex 188.3130964487968 196.53 10.907465028475169
    endloop
  endfacet
  facet normal 0 1 0
    outer loop
      vertex 184.12499999999997 196.53 11.034744111674234
      vertex 184.36427514381916 196.53 11.194622651359282
      vertex 188.055 196.53 11.034744111674234
    endloop
  endfacet
  facet normal 0 1 0
    outer loop
      vertex 183.86690355120317 196.53 10.907465028475169
      vertex 188.3130964487968 196.53 10.907465028475169
      vertex 188.58559810077446 196.53 10.81496318216405
    endloop
  endfacet
  facet normal 0 1 0
    outer loop
      vertex 184.12499999999997 196.53 11.034744111674234
      vertex 188.055 196.53 11.034744111674234
      vertex 188.3130964487968 196.53 10.907465028475169
    endloop
  endfacet
  facet normal 0 1 0
    outer loop
      vertex 184.36427514381916 196.53 11.194622651359282
      vertex 187.81572485618082 196.53 11.194622651359282
      vertex 188.055 196.53 11.034744111674234
    endloop
  endfacet
  facet normal 0 1 0
    outer loop
      vertex 184.36427514381916 196.53 11.194622651359282
      vertex 184.58063491861037 196.53 11.384365081389594
      vertex 187.81572485618082 196.53 11.194622651359282
    endloop
  endfacet
  facet normal 0 1 0
    outer loop
      vertex 184.58063491861037 196.53 11.384365081389594
      vertex 184.7703773486407 196.53 11.600724856180815
      vertex 187.5993650813896 196.53 11.384365081389594
    endloop
  endfacet
  facet normal 0 1 0
    outer loop
      vertex 184.7703773486407 196.53 11.600724856180815
      vertex 184.93025588832575 196.53 11.84
      vertex 187.40962265135929 196.53 11.600724856180815
    endloop
  endfacet
  facet normal 0 1 0
    outer loop
      vertex 187.40962265135929 196.53 11.600724856180815
      vertex 184.93025588832575 196.53 11.84
      vertex 187.24974411167423 196.53 11.84
    endloop
  endfacet
  facet normal 0 1 0
    outer loop
      vertex 184.58063491861037 196.53 11.384365081389594
      vertex 187.5993650813896 196.53 11.384365081389594
      vertex 187.81572485618082 196.53 11.194622651359282
    endloop
  endfacet
  facet normal 0 1 0
    outer loop
      vertex 184.7703773486407 196.53 11.600724856180815
      vertex 187.40962265135929 196.53 11.600724856180815
      vertex 187.5993650813896 196.53 11.384365081389594
    endloop
  endfacet
  facet normal 0 1 0
    outer loop
      vertex 184.93025588832575 196.53 11.84
      vertex 185.0575349715248 196.53 12.098096448796802
      vertex 187.24974411167423 196.53 11.84
    endloop
  endfacet
  facet normal 0 1 0
    outer loop
      vertex 185.0575349715248 196.53 12.098096448796802
      vertex 187.12246502847518 196.53 12.098096448796802
      vertex 187.24974411167423 196.53 11.84
    endloop
  endfacet
  facet normal 0 1 0
    outer loop
      vertex 185.0575349715248 196.53 12.098096448796802
      vertex 185.15003681783594 196.53 12.370598100774455
      vertex 187.12246502847518 196.53 12.098096448796802
    endloop
  endfacet
  facet normal 0 1 0
    outer loop
      vertex 185.15003681783594 196.53 12.370598100774455
      vertex 187.02996318216404 196.53 12.370598100774455
      vertex 187.12246502847518 196.53 12.098096448796802
    endloop
  endfacet
  facet normal 0 1 0
    outer loop
      vertex 185.15003681783594 196.53 12.370598100774455
      vertex 185.20617869502237 196.53 12.652842377115887
      vertex 187.02996318216404 196.53 12.370598100774455
    endloop
  endfacet
  facet normal 0 1 0
    outer loop
      vertex 185.20617869502237 196.53 12.652842377115887
      vertex 186.9738213049776 196.53 12.652842377115887
      vertex 187.02996318216404 196.53 12.370598100774455
    endloop
  endfacet
  facet normal 0 1 0
    outer loop
      vertex 185.20617869502237 196.53 12.652842377115887
      vertex 185.22499999999997 196.53 12.94
      vertex 186.9738213049776 196.53 12.652842377115887
    endloop
  endfacet
  facet normal 0 1 0
    outer loop
      vertex 181.1197441116742 196.53 11.84
      vertex 176.755 196.53 14.94
      vertex 180.99246502847515 196.53 12.098096448796802
    endloop
  endfacet
  facet normal 0 1 0
    outer loop
      vertex 180.99246502847515 196.53 12.098096448796802
      vertex 176.755 196.53 14.94
      vertex 180.89996318216402 196.53 12.370598100774455
    endloop
  endfacet
  facet normal 0 1 0
    outer loop
      vertex 180.89996318216402 196.53 12.370598100774455
      vertex 176.755 196.53 14.94
      vertex 180.84382130497758 196.53 12.652842377115887
    endloop
  endfacet
  facet normal 0 1 0
    outer loop
      vertex 180.84382130497758 196.53 12.652842377115887
      vertex 176.755 196.53 14.94
      vertex 180.825 196.53 12.94
    endloop
  endfacet
  facet normal 0 1 0
    outer loop
      vertex 176.755 196.53 14.94
      vertex 180.84382130497758 196.53 13.227157622884112
      vertex 180.825 196.53 12.94
    endloop
  endfacet
  facet normal 0 1 0
    outer loop
      vertex 176.755 196.53 14.94
      vertex 180.89996318216402 196.53 13.509401899225544
      vertex 180.84382130497758 196.53 13.227157622884112
    endloop
  endfacet
  facet normal 0 1 0
    outer loop
      vertex 176.755 196.53 14.94
      vertex 180.99246502847515 196.53 13.781903551203197
      vertex 180.89996318216402 196.53 13.509401899225544
    endloop
  endfacet
  facet normal 0 1 0
    outer loop
      vertex 176.755 196.53 14.94
      vertex 181.1197441116742 196.53 14.04
      vertex 180.99246502847515 196.53 13.781903551203197
    endloop
  endfacet
  facet normal 0 1 0
    outer loop
      vertex 176.755 196.53 14.94
      vertex 181.27962265135926 196.53 14.279275143819184
      vertex 181.1197441116742 196.53 14.04
    endloop
  endfacet
  facet normal 0 1 0
    outer loop
      vertex 176.755 196.53 14.94
      vertex 181.46936508138958 196.53 14.495634918610405
      vertex 181.27962265135926 196.53 14.279275143819184
    endloop
  endfacet
  facet normal 0 1 0
    outer loop
      vertex 176.755 196.53 14.94
      vertex 181.6857248561808 196.53 14.685377348640717
      vertex 181.46936508138958 196.53 14.495634918610405
    endloop
  endfacet
  facet normal 0 1 0
    outer loop
      vertex 176.755 196.53 14.94
      vertex 181.92499999999998 196.53 14.845255888325765
      vertex 181.6857248561808 196.53 14.685377348640717
    endloop
  endfacet
  facet normal 0 1 0
    outer loop
      vertex 176.755 196.53 14.94
      vertex 182.1830964487968 196.53 14.97253497152483
      vertex 181.92499999999998 196.53 14.845255888325765
    endloop
  endfacet
  facet normal 0 1 0
    outer loop
      vertex 185.22499999999997 196.53 12.94
      vertex 185.20617869502237 196.53 13.227157622884112
      vertex 186.955 196.53 12.94
    endloop
  endfacet
  facet normal 0 1 0
    outer loop
      vertex 186.9738213049776 196.53 12.652842377115887
      vertex 185.22499999999997 196.53 12.94
      vertex 186.955 196.53 12.94
    endloop
  endfacet
  facet normal 0 1 0
    outer loop
      vertex 185.20617869502237 196.53 13.227157622884112
      vertex 185.15003681783594 196.53 13.509401899225544
      vertex 186.9738213049776 196.53 13.227157622884112
    endloop
  endfacet
  facet normal 0 1 0
    outer loop
      vertex 185.20617869502237 196.53 13.227157622884112
      vertex 186.9738213049776 196.53 13.227157622884112
      vertex 186.955 196.53 12.94
    endloop
  endfacet
  facet normal 0 1 0
    outer loop
      vertex 185.15003681783594 196.53 13.509401899225544
      vertex 185.0575349715248 196.53 13.781903551203197
      vertex 187.02996318216404 196.53 13.509401899225544
    endloop
  endfacet
  facet normal 0 1 0
    outer loop
      vertex 185.15003681783594 196.53 13.509401899225544
      vertex 187.02996318216404 196.53 13.509401899225544
      vertex 186.9738213049776 196.53 13.227157622884112
    endloop
  endfacet
  facet normal 0 1 0
    outer loop
      vertex 185.0575349715248 196.53 13.781903551203197
      vertex 184.93025588832575 196.53 14.04
      vertex 187.12246502847518 196.53 13.781903551203197
    endloop
  endfacet
  facet normal 0 1 0
    outer loop
      vertex 185.0575349715248 196.53 13.781903551203197
      vertex 187.12246502847518 196.53 13.781903551203197
      vertex 187.02996318216404 196.53 13.509401899225544
    endloop
  endfacet
  facet normal 0 1 0
    outer loop
      vertex 184.93025588832575 196.53 14.04
      vertex 184.7703773486407 196.53 14.279275143819184
      vertex 187.24974411167423 196.53 14.04
    endloop
  endfacet
  facet normal 0 1 0
    outer loop
      vertex 187.12246502847518 196.53 13.781903551203197
      vertex 184.93025588832575 196.53 14.04
      vertex 187.24974411167423 196.53 14.04
    endloop
  endfacet
  facet normal 0 1 0
    outer loop
      vertex 184.7703773486407 196.53 14.279275143819184
      vertex 184.58063491861037 196.53 14.495634918610405
      vertex 187.40962265135929 196.53 14.279275143819184
    endloop
  endfacet
  facet normal 0 1 0
    outer loop
      vertex 184.7703773486407 196.53 14.279275143819184
      vertex 187.40962265135929 196.53 14.279275143819184
      vertex 187.24974411167423 196.53 14.04
    endloop
  endfacet
  facet normal 0 1 0
    outer loop
      vertex 184.58063491861037 196.53 14.495634918610405
      vertex 187.5993650813896 196.53 14.495634918610405
      vertex 187.40962265135929 196.53 14.279275143819184
    endloop
  endfacet
  facet normal 0 1 0
    outer loop
      vertex 184.58063491861037 196.53 14.495634918610405
      vertex 184.36427514381916 196.53 14.685377348640717
      vertex 187.5993650813896 196.53 14.495634918610405
    endloop
  endfacet
  facet normal 0 1 0
    outer loop
      vertex 184.36427514381916 196.53 14.685377348640717
      vertex 184.12499999999997 196.53 14.845255888325765
      vertex 187.81572485618082 196.53 14.685377348640717
    endloop
  endfacet
  facet normal 0 1 0
    outer loop
      vertex 183.86690355120317 196.53 14.97253497152483
      vertex 188.055 196.53 14.845255888325765
      vertex 184.12499999999997 196.53 14.845255888325765
    endloop
  endfacet
  facet normal 0 1 0
    outer loop
      vertex 184.36427514381916 196.53 14.685377348640717
      vertex 187.81572485618082 196.53 14.685377348640717
      vertex 187.5993650813896 196.53 14.495634918610405
    endloop
  endfacet
  facet normal 0 1 0
    outer loop
      vertex 184.12499999999997 196.53 14.845255888325765
      vertex 188.055 196.53 14.845255888325765
      vertex 187.81572485618082 196.53 14.685377348640717
    endloop
  endfacet
  facet normal 0 1 0
    outer loop
      vertex 183.86690355120317 196.53 14.97253497152483
      vertex 188.3130964487968 196.53 14.97253497152483
      vertex 188.055 196.53 14.845255888325765
    endloop
  endfacet
  facet normal 0 1 0
    outer loop
      vertex 176.755 196.53 14.94
      vertex 182.45559810077444 196.53 15.06503681783595
      vertex 182.1830964487968 196.53 14.97253497152483
    endloop
  endfacet
  facet normal 0 1 0
    outer loop
      vertex 183.86690355120317 196.53 14.97253497152483
      vertex 183.59440189922552 196.53 15.06503681783595
      vertex 188.3130964487968 196.53 14.97253497152483
    endloop
  endfacet
  facet normal 0 1 0
    outer loop
      vertex 183.59440189922552 196.53 15.06503681783595
      vertex 183.3121576228841 196.53 15.121178695022383
      vertex 188.58559810077446 196.53 15.06503681783595
    endloop
  endfacet
  facet normal 0 1 0
    outer loop
      vertex 183.02499999999998 196.53 15.14
      vertex 188.8678423771159 196.53 15.121178695022383
      vertex 183.3121576228841 196.53 15.121178695022383
    endloop
  endfacet
  facet normal 0 1 0
    outer loop
      vertex 183.59440189922552 196.53 15.06503681783595
      vertex 188.58559810077446 196.53 15.06503681783595
      vertex 188.3130964487968 196.53 14.97253497152483
    endloop
  endfacet
  facet normal 0 1 0
    outer loop
      vertex 183.3121576228841 196.53 15.121178695022383
      vertex 188.8678423771159 196.53 15.121178695022383
      vertex 188.58559810077446 196.53 15.06503681783595
    endloop
  endfacet
  facet normal 0 1 0
    outer loop
      vertex 195.05367965644038 196.53 8.878679656440358
      vertex 189.155 196.53 10.739999999999998
      vertex 189.4421576228841 196.53 10.758821304977616
    endloop
  endfacet
  facet normal 0 1 0
    outer loop
      vertex 195.05367965644038 196.53 8.878679656440358
      vertex 189.4421576228841 196.53 10.758821304977616
      vertex 189.72440189922554 196.53 10.81496318216405
    endloop
  endfacet
  facet normal 0 1 0
    outer loop
      vertex 194.5769237886467 196.53 9.5
      vertex 190.255 196.53 11.034744111674234
      vertex 194.40336140246615 196.53 9.851949702904731
    endloop
  endfacet
  facet normal 0 1 0
    outer loop
      vertex 194.7949399791263 196.53 9.173715712973838
      vertex 189.72440189922554 196.53 10.81496318216405
      vertex 189.9969035512032 196.53 10.907465028475169
    endloop
  endfacet
  facet normal 0 1 0
    outer loop
      vertex 194.5769237886467 196.53 9.5
      vertex 189.9969035512032 196.53 10.907465028475169
      vertex 190.255 196.53 11.034744111674234
    endloop
  endfacet
  facet normal 0 1 0
    outer loop
      vertex 194.40336140246615 196.53 9.851949702904731
      vertex 190.255 196.53 11.034744111674234
      vertex 190.49427514381918 196.53 11.194622651359282
    endloop
  endfacet
  facet normal 0 1 0
    outer loop
      vertex 195.675 196.53 8.401923788646684
      vertex 196.02694970290474 196.53 8.22836140246614
      vertex 189.155 196.53 10.739999999999998
    endloop
  endfacet
  facet normal 0 1 0
    outer loop
      vertex 195.675 196.53 8.401923788646684
      vertex 189.155 196.53 10.739999999999998
      vertex 195.34871571297384 196.53 8.619939979126293
    endloop
  endfacet
  facet normal 0 1 0
    outer loop
      vertex 195.34871571297384 196.53 8.619939979126293
      vertex 189.155 196.53 10.739999999999998
      vertex 195.05367965644038 196.53 8.878679656440358
    endloop
  endfacet
  facet normal 0 1 0
    outer loop
      vertex 195.05367965644038 196.53 8.878679656440358
      vertex 189.72440189922554 196.53 10.81496318216405
      vertex 194.7949399791263 196.53 9.173715712973838
    endloop
  endfacet
  facet normal 0 1 0
    outer loop
      vertex 194.7949399791263 196.53 9.173715712973838
      vertex 189.9969035512032 196.53 10.907465028475169
      vertex 194.5769237886467 196.53 9.5
    endloop
  endfacet
  facet normal 0 1 0
    outer loop
      vertex 194.40336140246615 196.53 9.851949702904731
      vertex 190.7106349186104 196.53 11.384365081389594
      vertex 194.2772225211328 196.53 10.223542864692437
    endloop
  endfacet
  facet normal 0 1 0
    outer loop
      vertex 194.40336140246615 196.53 9.851949702904731
      vertex 190.49427514381918 196.53 11.194622651359282
      vertex 190.7106349186104 196.53 11.384365081389594
    endloop
  endfacet
  facet normal 0 1 0
    outer loop
      vertex 194.2772225211328 196.53 10.223542864692437
      vertex 190.7106349186104 196.53 11.384365081389594
      vertex 190.90037734864072 196.53 11.600724856180815
    endloop
  endfacet
  facet normal 0 1 0
    outer loop
      vertex 194.20066541587858 196.53 10.608421423339845
      vertex 190.90037734864072 196.53 11.600724856180815
      vertex 191.06025588832577 196.53 11.84
    endloop
  endfacet
  facet normal 0 1 0
    outer loop
      vertex 191.06025588832577 196.53 11.84
      vertex 191.18753497152483 196.53 12.098096448796802
      vertex 194.175 196.53 11
    endloop
  endfacet
  facet normal 0 1 0
    outer loop
      vertex 191.18753497152483 196.53 12.098096448796802
      vertex 191.28003681783596 196.53 12.370598100774455
      vertex 194.20066541587858 196.53 11.391578576660155
    endloop
  endfacet
  facet normal 0 1 0
    outer loop
      vertex 191.28003681783596 196.53 12.370598100774455
      vertex 191.3361786950224 196.53 12.652842377115887
      vertex 194.2772225211328 196.53 11.776457135307563
    endloop
  endfacet
  facet normal 0 1 0
    outer loop
      vertex 191.3361786950224 196.53 12.652842377115887
      vertex 191.355 196.53 12.94
      vertex 194.2772225211328 196.53 11.776457135307563
    endloop
  endfacet
  facet normal 0 1 0
    outer loop
      vertex 194.40336140246615 196.53 12.148050297095269
      vertex 191.355 196.53 12.94
      vertex 191.3361786950224 196.53 13.227157622884112
    endloop
  endfacet
  facet normal 0 1 0
    outer loop
      vertex 194.2772225211328 196.53 10.223542864692437
      vertex 190.90037734864072 196.53 11.600724856180815
      vertex 194.20066541587858 196.53 10.608421423339845
    endloop
  endfacet
  facet normal 0 1 0
    outer loop
      vertex 194.20066541587858 196.53 10.608421423339845
      vertex 191.06025588832577 196.53 11.84
      vertex 194.175 196.53 11
    endloop
  endfacet
  facet normal 0 1 0
    outer loop
      vertex 191.18753497152483 196.53 12.098096448796802
      vertex 194.20066541587858 196.53 11.391578576660155
      vertex 194.175 196.53 11
    endloop
  endfacet
  facet normal 0 1 0
    outer loop
      vertex 191.28003681783596 196.53 12.370598100774455
      vertex 194.2772225211328 196.53 11.776457135307563
      vertex 194.20066541587858 196.53 11.391578576660155
    endloop
  endfacet
  facet normal 0 1 0
    outer loop
      vertex 194.2772225211328 196.53 11.776457135307563
      vertex 191.355 196.53 12.94
      vertex 194.40336140246615 196.53 12.148050297095269
    endloop
  endfacet
  facet normal 0 1 0
    outer loop
      vertex 194.40336140246615 196.53 12.148050297095269
      vertex 191.3361786950224 196.53 13.227157622884112
      vertex 194.5769237886467 196.53 12.5
    endloop
  endfacet
  facet normal 0 1 0
    outer loop
      vertex 194.5769237886467 196.53 12.5
      vertex 191.3361786950224 196.53 13.227157622884112
      vertex 191.28003681783596 196.53 13.509401899225544
    endloop
  endfacet
  facet normal 0 1 0
    outer loop
      vertex 194.7949399791263 196.53 12.826284287026162
      vertex 191.28003681783596 196.53 13.509401899225544
      vertex 191.18753497152483 196.53 13.781903551203197
    endloop
  endfacet
  facet normal 0 1 0
    outer loop
      vertex 191.18753497152483 196.53 13.781903551203197
      vertex 191.06025588832577 196.53 14.04
      vertex 195.05367965644038 196.53 13.121320343559642
    endloop
  endfacet
  facet normal 0 1 0
    outer loop
      vertex 191.06025588832577 196.53 14.04
      vertex 190.90037734864072 196.53 14.279275143819184
      vertex 195.34871571297384 196.53 13.380060020873707
    endloop
  endfacet
  facet normal 0 1 0
    outer loop
      vertex 190.90037734864072 196.53 14.279275143819184
      vertex 190.7106349186104 196.53 14.495634918610405
      vertex 195.675 196.53 13.598076211353316
    endloop
  endfacet
  facet normal 0 1 0
    outer loop
      vertex 190.7106349186104 196.53 14.495634918610405
      vertex 190.49427514381918 196.53 14.685377348640717
      vertex 196.02694970290474 196.53 13.77163859753386
    endloop
  endfacet
  facet normal 0 1 0
    outer loop
      vertex 190.255 196.53 14.845255888325765
      vertex 196.39854286469244 196.53 13.897777478867205
      vertex 190.49427514381918 196.53 14.685377348640717
    endloop
  endfacet
  facet normal 0 1 0
    outer loop
      vertex 194.5769237886467 196.53 12.5
      vertex 191.28003681783596 196.53 13.509401899225544
      vertex 194.7949399791263 196.53 12.826284287026162
    endloop
  endfacet
  facet normal 0 1 0
    outer loop
      vertex 194.7949399791263 196.53 12.826284287026162
      vertex 191.18753497152483 196.53 13.781903551203197
      vertex 195.05367965644038 196.53 13.121320343559642
    endloop
  endfacet
  facet normal 0 1 0
    outer loop
      vertex 191.06025588832577 196.53 14.04
      vertex 195.34871571297384 196.53 13.380060020873707
      vertex 195.05367965644038 196.53 13.121320343559642
    endloop
  endfacet
  facet normal 0 1 0
    outer loop
      vertex 190.90037734864072 196.53 14.279275143819184
      vertex 195.675 196.53 13.598076211353316
      vertex 195.34871571297384 196.53 13.380060020873707
    endloop
  endfacet
  facet normal 0 1 0
    outer loop
      vertex 190.7106349186104 196.53 14.495634918610405
      vertex 196.02694970290474 196.53 13.77163859753386
      vertex 195.675 196.53 13.598076211353316
    endloop
  endfacet
  facet normal 0 1 0
    outer loop
      vertex 190.49427514381918 196.53 14.685377348640717
      vertex 196.39854286469244 196.53 13.897777478867205
      vertex 196.02694970290474 196.53 13.77163859753386
    endloop
  endfacet
  facet normal 0 1 0
    outer loop
      vertex 200.0727774788672 196.53 10.223542864692437
      vertex 200.14933458412145 196.53 10.608421423339845
      vertex 215 196.53 26.235176023632413
    endloop
  endfacet
  facet normal 0 1 0
    outer loop
      vertex 200.14933458412145 196.53 10.608421423339845
      vertex 200.175 196.53 11
      vertex 215 196.53 26.235176023632413
    endloop
  endfacet
  facet normal 0 1 0
    outer loop
      vertex 200.175 196.53 11
      vertex 200.14933458412145 196.53 11.391578576660155
      vertex 215 196.53 26.235176023632413
    endloop
  endfacet
  facet normal 0 1 0
    outer loop
      vertex 200.14933458412145 196.53 11.391578576660155
      vertex 200.0727774788672 196.53 11.776457135307563
      vertex 215 196.53 26.235176023632413
    endloop
  endfacet
  facet normal 0 1 0
    outer loop
      vertex 200.0727774788672 196.53 11.776457135307563
      vertex 199.94663859753388 196.53 12.148050297095269
      vertex 215 196.53 26.235176023632413
    endloop
  endfacet
  facet normal 0 1 0
    outer loop
      vertex 199.94663859753388 196.53 12.148050297095269
      vertex 199.77307621135333 196.53 12.5
      vertex 215 196.53 26.235176023632413
    endloop
  endfacet
  facet normal -1 0 0
    outer loop
      vertex 215 196.53 3
      vertex 215 216.53 26.235176023632413
      vertex 215 216.53 3
    endloop
  endfacet
  facet normal 0 1 0
    outer loop
      vertex 200.0727774788672 196.53 10.223542864692437
      vertex 215 196.53 26.235176023632413
      vertex 215 196.53 3
    endloop
  endfacet
  facet normal 0 1 0
    outer loop
      vertex 167 196.53 14.94
      vertex 167 196.53 26.235176023632413
      vertex 176.755 196.53 14.94
    endloop
  endfacet
  facet normal 0 1 0
    outer loop
      vertex 176.755 196.53 14.94
      vertex 167 196.53 26.235176023632413
      vertex 215 196.53 26.235176023632413
    endloop
  endfacet
  facet normal 0 1 0
    outer loop
      vertex 176.755 196.53 14.94
      vertex 215 196.53 26.235176023632413
      vertex 182.45559810077444 196.53 15.06503681783595
    endloop
  endfacet
  facet normal 0 1 0
    outer loop
      vertex 182.45559810077444 196.53 15.06503681783595
      vertex 215 196.53 26.235176023632413
      vertex 182.73784237711587 196.53 15.121178695022383
    endloop
  endfacet
  facet normal 0 1 0
    outer loop
      vertex 182.73784237711587 196.53 15.121178695022383
      vertex 215 196.53 26.235176023632413
      vertex 183.02499999999998 196.53 15.14
    endloop
  endfacet
  facet normal 0 1 0
    outer loop
      vertex 183.02499999999998 196.53 15.14
      vertex 215 196.53 26.235176023632413
      vertex 188.8678423771159 196.53 15.121178695022383
    endloop
  endfacet
  facet normal 0 1 0
    outer loop
      vertex 188.8678423771159 196.53 15.121178695022383
      vertex 215 196.53 26.235176023632413
      vertex 189.155 196.53 15.14
    endloop
  endfacet
  facet normal 0 1 0
    outer loop
      vertex 189.155 196.53 15.14
      vertex 215 196.53 26.235176023632413
      vertex 189.4421576228841 196.53 15.121178695022383
    endloop
  endfacet
  facet normal 0 1 0
    outer loop
      vertex 189.9969035512032 196.53 14.97253497152483
      vertex 189.72440189922554 196.53 15.06503681783595
      vertex 215 196.53 26.235176023632413
    endloop
  endfacet
  facet normal 0 1 0
    outer loop
      vertex 189.72440189922554 196.53 15.06503681783595
      vertex 189.4421576228841 196.53 15.121178695022383
      vertex 215 196.53 26.235176023632413
    endloop
  endfacet
  facet normal 0 1 0
    outer loop
      vertex 196.39854286469244 196.53 13.897777478867205
      vertex 215 196.53 26.235176023632413
      vertex 196.78342142333986 196.53 13.974334584121431
    endloop
  endfacet
  facet normal 0 1 0
    outer loop
      vertex 197.95145713530758 196.53 13.897777478867205
      vertex 197.56657857666016 196.53 13.974334584121431
      vertex 215 196.53 26.235176023632413
    endloop
  endfacet
  facet normal 0 1 0
    outer loop
      vertex 196.78342142333986 196.53 13.974334584121431
      vertex 215 196.53 26.235176023632413
      vertex 197.175 196.53 14
    endloop
  endfacet
  facet normal 0 1 0
    outer loop
      vertex 197.175 196.53 14
      vertex 215 196.53 26.235176023632413
      vertex 197.56657857666016 196.53 13.974334584121431
    endloop
  endfacet
  facet normal 0 1 0
    outer loop
      vertex 189.9969035512032 196.53 14.97253497152483
      vertex 215 196.53 26.235176023632413
      vertex 190.255 196.53 14.845255888325765
    endloop
  endfacet
  facet normal 0 1 0
    outer loop
      vertex 190.255 196.53 14.845255888325765
      vertex 215 196.53 26.235176023632413
      vertex 196.39854286469244 196.53 13.897777478867205
    endloop
  endfacet
  facet normal 0 1 0
    outer loop
      vertex 199.55506002087373 196.53 12.826284287026162
      vertex 215 196.53 26.235176023632413
      vertex 199.77307621135333 196.53 12.5
    endloop
  endfacet
  facet normal 0 1 0
    outer loop
      vertex 199.55506002087373 196.53 12.826284287026162
      vertex 199.29632034355964 196.53 13.121320343559642
      vertex 215 196.53 26.235176023632413
    endloop
  endfacet
  facet normal 0 1 0
    outer loop
      vertex 199.29632034355964 196.53 13.121320343559642
      vertex 199.00128428702618 196.53 13.380060020873707
      vertex 215 196.53 26.235176023632413
    endloop
  endfacet
  facet normal 0 1 0
    outer loop
      vertex 198.675 196.53 13.598076211353316
      vertex 198.32305029709528 196.53 13.77163859753386
      vertex 215 196.53 26.235176023632413
    endloop
  endfacet
  facet normal 0 1 0
    outer loop
      vertex 198.675 196.53 13.598076211353316
      vertex 215 196.53 26.235176023632413
      vertex 199.00128428702618 196.53 13.380060020873707
    endloop
  endfacet
  facet normal 0 1 0
    outer loop
      vertex 197.95145713530758 196.53 13.897777478867205
      vertex 215 196.53 26.235176023632413
      vertex 198.32305029709528 196.53 13.77163859753386
    endloop
  endfacet
  facet normal 0 0 -1
    outer loop
      vertex 167 196.53 26.235176023632413
      vertex 167 216.53 26.235176023632413
      vertex 215 196.53 26.235176023632413
    endloop
  endfacet
  facet normal 0 0 -1
    outer loop
      vertex 167 216.53 26.235176023632413
      vertex 215 216.53 26.235176023632413
      vertex 215 196.53 26.235176023632413
    endloop
  endfacet
  facet normal -1 0 0
    outer loop
      vertex 215 196.53 3
      vertex 215 196.53 26.235176023632413
      vertex 215 216.53 26.235176023632413
    endloop
  endfacet
  facet normal -0.6593458151000803 -0.7518398074789673 0
    outer loop
      vertex 229.4501262658471 125.09133426584708 3.01
      vertex 229.79433499846948 124.78947130898068 3.01
      vertex 229.4501262658471 125.09133426584708 6
    endloop
  endfacet
  facet normal -0.9469301294950934 -0.321439465303198 0
    outer loop
      vertex 228.54425960798827 126.66034134214118 3.01
      vertex 228.69142163621052 126.22681598672219 3.01
      vertex 228.54425960798827 126.66034134214118 6
    endloop
  endfacet
  facet normal -0.8968727415326907 -0.4422886902189967 0
    outer loop
      vertex 228.89391108675449 125.816208 3.01
      vertex 228.69142163621052 126.22681598672219 6
      vertex 228.69142163621052 126.22681598672219 3.01
    endloop
  endfacet
  facet normal -0.7518398074789789 -0.6593458151000671 0
    outer loop
      vertex 229.4501262658471 125.09133426584708 3.01
      vertex 229.1482633089807 125.43554299846949 6
      vertex 229.1482633089807 125.43554299846949 3.01
    endloop
  endfacet
  facet normal -0.831469612302551 -0.5555702330195935 0
    outer loop
      vertex 228.89391108675449 125.816208 3.01
      vertex 229.1482633089807 125.43554299846949 3.01
      vertex 228.89391108675449 125.816208 6
    endloop
  endfacet
  facet normal -0.9807852804032345 -0.19509032201610832 0
    outer loop
      vertex 228.54425960798827 126.66034134214118 3.01
      vertex 228.45494298519168 127.10936632722982 6
      vertex 228.45494298519168 127.10936632722982 3.01
    endloop
  endfacet
  facet normal -0.9978589232386031 -0.06540312923015051 0
    outer loop
      vertex 228.45494298519168 127.10936632722982 3.01
      vertex 228.425 127.566208 6
      vertex 228.425 127.566208 3.01
    endloop
  endfacet
  facet normal -0.9978589232386031 0.06540312923015051 0
    outer loop
      vertex 228.425 127.566208 3.01
      vertex 228.45494298519168 128.02304967277018 6
      vertex 228.45494298519168 128.02304967277018 3.01
    endloop
  endfacet
  facet normal -0.9807852804032345 0.19509032201610832 0
    outer loop
      vertex 228.45494298519168 128.02304967277018 3.01
      vertex 228.54425960798827 128.47207465785883 6
      vertex 228.54425960798827 128.47207465785883 3.01
    endloop
  endfacet
  facet normal -0.9469301294950934 0.321439465303198 0
    outer loop
      vertex 228.54425960798827 128.47207465785883 3.01
      vertex 228.69142163621052 128.90560001327782 6
      vertex 228.69142163621052 128.90560001327782 3.01
    endloop
  endfacet
  facet normal -0.8968727415326967 0.44228869021898437 0
    outer loop
      vertex 228.69142163621052 128.90560001327782 3.01
      vertex 228.89391108675449 129.31620800000002 6
      vertex 228.89391108675449 129.31620800000002 3.01
    endloop
  endfacet
  facet normal -0.8314696123025415 0.5555702330196078 0
    outer loop
      vertex 228.89391108675449 129.31620800000002 3.01
      vertex 229.1482633089807 129.69687300153052 6
      vertex 229.1482633089807 129.69687300153052 3.01
    endloop
  endfacet
  facet normal -0.7518398074789789 0.6593458151000671 0
    outer loop
      vertex 229.1482633089807 129.69687300153052 3.01
      vertex 229.4501262658471 130.04108173415293 6
      vertex 229.4501262658471 130.04108173415293 3.01
    endloop
  endfacet
  facet normal -0.8968727415326907 -0.4422886902189967 0
    outer loop
      vertex 228.89391108675449 125.816208 3.01
      vertex 228.89391108675449 125.816208 6
      vertex 228.69142163621052 126.22681598672219 6
    endloop
  endfacet
  facet normal -0.9469301294950934 -0.321439465303198 0
    outer loop
      vertex 228.69142163621052 126.22681598672219 3.01
      vertex 228.69142163621052 126.22681598672219 6
      vertex 228.54425960798827 126.66034134214118 6
    endloop
  endfacet
  facet normal -0.9807852804032345 -0.19509032201610832 0
    outer loop
      vertex 228.54425960798827 126.66034134214118 3.01
      vertex 228.54425960798827 126.66034134214118 6
      vertex 228.45494298519168 127.10936632722982 6
    endloop
  endfacet
  facet normal -0.831469612302551 -0.5555702330195935 0
    outer loop
      vertex 229.1482633089807 125.43554299846949 3.01
      vertex 229.1482633089807 125.43554299846949 6
      vertex 228.89391108675449 125.816208 6
    endloop
  endfacet
  facet normal -0.7518398074789789 -0.6593458151000671 0
    outer loop
      vertex 229.4501262658471 125.09133426584708 3.01
      vertex 229.4501262658471 125.09133426584708 6
      vertex 229.1482633089807 125.43554299846949 6
    endloop
  endfacet
  facet normal -0.9978589232386031 -0.06540312923015051 0
    outer loop
      vertex 228.45494298519168 127.10936632722982 3.01
      vertex 228.45494298519168 127.10936632722982 6
      vertex 228.425 127.566208 6
    endloop
  endfacet
  facet normal -0.9978589232386031 0.06540312923015051 0
    outer loop
      vertex 228.425 127.566208 3.01
      vertex 228.425 127.566208 6
      vertex 228.45494298519168 128.02304967277018 6
    endloop
  endfacet
  facet normal -0.9807852804032345 0.19509032201610832 0
    outer loop
      vertex 228.45494298519168 128.02304967277018 3.01
      vertex 228.45494298519168 128.02304967277018 6
      vertex 228.54425960798827 128.47207465785883 6
    endloop
  endfacet
  facet normal 0 0 1
    outer loop
      vertex 228.89391108675449 125.816208 6
      vertex 229.1482633089807 125.43554299846949 6
      vertex 228.89391108675449 129.31620800000002 6
    endloop
  endfacet
  facet normal 0 0 1
    outer loop
      vertex 229.4501262658471 125.09133426584708 6
      vertex 229.1482633089807 129.69687300153052 6
      vertex 229.1482633089807 125.43554299846949 6
    endloop
  endfacet
  facet normal 0 0 1
    outer loop
      vertex 229.4501262658471 125.09133426584708 6
      vertex 229.79433499846948 124.78947130898068 6
      vertex 229.4501262658471 130.04108173415293 6
    endloop
  endfacet
  facet normal 0 0 1
    outer loop
      vertex 228.54425960798827 126.66034134214118 6
      vertex 228.69142163621052 126.22681598672219 6
      vertex 228.54425960798827 128.47207465785883 6
    endloop
  endfacet
  facet normal 0 0 1
    outer loop
      vertex 228.54425960798827 126.66034134214118 6
      vertex 228.45494298519168 128.02304967277018 6
      vertex 228.45494298519168 127.10936632722982 6
    endloop
  endfacet
  facet normal 0 0 1
    outer loop
      vertex 228.45494298519168 127.10936632722982 6
      vertex 228.45494298519168 128.02304967277018 6
      vertex 228.425 127.566208 6
    endloop
  endfacet
  facet normal 0 0 1
    outer loop
      vertex 228.54425960798827 126.66034134214118 6
      vertex 228.54425960798827 128.47207465785883 6
      vertex 228.45494298519168 128.02304967277018 6
    endloop
  endfacet
  facet normal 0 0 1
    outer loop
      vertex 228.89391108675449 125.816208 6
      vertex 228.69142163621052 128.90560001327782 6
      vertex 228.69142163621052 126.22681598672219 6
    endloop
  endfacet
  facet normal 0 0 1
    outer loop
      vertex 228.69142163621052 126.22681598672219 6
      vertex 228.69142163621052 128.90560001327782 6
      vertex 228.54425960798827 128.47207465785883 6
    endloop
  endfacet
  facet normal 0 0 1
    outer loop
      vertex 228.89391108675449 125.816208 6
      vertex 228.89391108675449 129.31620800000002 6
      vertex 228.69142163621052 128.90560001327782 6
    endloop
  endfacet
  facet normal 0 0 1
    outer loop
      vertex 229.1482633089807 125.43554299846949 6
      vertex 229.1482633089807 129.69687300153052 6
      vertex 228.89391108675449 129.31620800000002 6
    endloop
  endfacet
  facet normal 0 0 1
    outer loop
      vertex 229.4501262658471 125.09133426584708 6
      vertex 229.4501262658471 130.04108173415293 6
      vertex 229.1482633089807 129.69687300153052 6
    endloop
  endfacet
  facet normal -0.9469301294950934 0.321439465303198 0
    outer loop
      vertex 228.54425960798827 128.47207465785883 3.01
      vertex 228.54425960798827 128.47207465785883 6
      vertex 228.69142163621052 128.90560001327782 6
    endloop
  endfacet
  facet normal -0.8968727415326967 0.44228869021898437 0
    outer loop
      vertex 228.69142163621052 128.90560001327782 3.01
      vertex 228.69142163621052 128.90560001327782 6
      vertex 228.89391108675449 129.31620800000002 6
    endloop
  endfacet
  facet normal -0.8314696123025415 0.5555702330196078 0
    outer loop
      vertex 228.89391108675449 129.31620800000002 3.01
      vertex 228.89391108675449 129.31620800000002 6
      vertex 229.1482633089807 129.69687300153052 6
    endloop
  endfacet
  facet normal -0.7518398074789789 0.6593458151000671 0
    outer loop
      vertex 229.1482633089807 129.69687300153052 3.01
      vertex 229.1482633089807 129.69687300153052 6
      vertex 229.4501262658471 130.04108173415293 6
    endloop
  endfacet
  facet normal -0.6593458151000979 0.751839807478952 0
    outer loop
      vertex 229.4501262658471 130.04108173415293 3.01
      vertex 229.4501262658471 130.04108173415293 6
      vertex 229.79433499846948 130.34294469101934 6
    endloop
  endfacet
  facet normal -0.5555702330196007 -0.8314696123025462 0
    outer loop
      vertex 229.79433499846948 124.78947130898068 3.01
      vertex 230.175 124.53511908675446 3.01
      vertex 229.79433499846948 124.78947130898068 6
    endloop
  endfacet
  facet normal -0.32143946530317014 -0.9469301294951027 0
    outer loop
      vertex 230.5856079867222 124.3326296362105 3.01
      vertex 231.0191333421412 124.18546760798826 3.01
      vertex 230.5856079867222 124.3326296362105 6
    endloop
  endfacet
  facet normal -0.44228869021898437 -0.8968727415326967 0
    outer loop
      vertex 230.175 124.53511908675446 3.01
      vertex 230.5856079867222 124.3326296362105 3.01
      vertex 230.175 124.53511908675446 6
    endloop
  endfacet
  facet normal -0.19509032201610832 -0.9807852804032345 0
    outer loop
      vertex 231.0191333421412 124.18546760798826 3.01
      vertex 231.46815832722984 124.09615098519167 3.01
      vertex 231.0191333421412 124.18546760798826 6
    endloop
  endfacet
  facet normal -0.06540312923015253 -0.9978589232386029 0
    outer loop
      vertex 231.46815832722984 124.09615098519167 3.01
      vertex 231.925 124.066208 3.01
      vertex 231.46815832722984 124.09615098519167 6
    endloop
  endfacet
  facet normal 0.06540312923015253 -0.9978589232386029 0
    outer loop
      vertex 231.925 124.066208 3.01
      vertex 232.38184167277018 124.09615098519167 3.01
      vertex 231.925 124.066208 6
    endloop
  endfacet
  facet normal 0.19509032201610832 -0.9807852804032345 0
    outer loop
      vertex 232.38184167277018 124.09615098519167 3.01
      vertex 232.83086665785882 124.18546760798826 3.01
      vertex 232.38184167277018 124.09615098519167 6
    endloop
  endfacet
  facet normal 0.32143946530317014 -0.9469301294951027 0
    outer loop
      vertex 232.83086665785882 124.18546760798826 3.01
      vertex 233.2643920132778 124.3326296362105 3.01
      vertex 232.83086665785882 124.18546760798826 6
    endloop
  endfacet
  facet normal 0.44228869021898437 -0.8968727415326967 0
    outer loop
      vertex 233.2643920132778 124.3326296362105 3.01
      vertex 233.675 124.53511908675446 3.01
      vertex 233.2643920132778 124.3326296362105 6
    endloop
  endfacet
  facet normal 0.5555702330196007 -0.8314696123025462 0
    outer loop
      vertex 233.675 124.53511908675446 3.01
      vertex 234.05566500153054 124.78947130898068 3.01
      vertex 233.675 124.53511908675446 6
    endloop
  endfacet
  facet normal 0.6593458151000803 -0.7518398074789673 0
    outer loop
      vertex 234.05566500153054 124.78947130898068 3.01
      vertex 234.39987373415292 125.09133426584708 3.01
      vertex 234.05566500153054 124.78947130898068 6
    endloop
  endfacet
  facet normal 0.7518398074789789 -0.6593458151000671 0
    outer loop
      vertex 234.39987373415292 125.09133426584708 3.01
      vertex 234.70173669101933 125.43554299846949 3.01
      vertex 234.39987373415292 125.09133426584708 6
    endloop
  endfacet
  facet normal 0.831469612302551 -0.5555702330195935 0
    outer loop
      vertex 234.70173669101933 125.43554299846949 3.01
      vertex 234.95608891324554 125.816208 3.01
      vertex 234.70173669101933 125.43554299846949 6
    endloop
  endfacet
  facet normal -0.6593458151000979 0.751839807478952 0
    outer loop
      vertex 229.4501262658471 130.04108173415293 3.01
      vertex 229.79433499846948 130.34294469101934 6
      vertex 229.79433499846948 130.34294469101934 3.01
    endloop
  endfacet
  facet normal -0.5555702330195793 0.8314696123025607 0
    outer loop
      vertex 229.79433499846948 130.34294469101934 3.01
      vertex 230.175 130.59729691324554 6
      vertex 230.175 130.59729691324554 3.01
    endloop
  endfacet
  facet normal -0.44228869021898437 0.8968727415326967 0
    outer loop
      vertex 230.175 130.59729691324554 3.01
      vertex 230.5856079867222 130.7997863637895 6
      vertex 230.5856079867222 130.7997863637895 3.01
    endloop
  endfacet
  facet normal -0.3214394653031423 0.9469301294951122 0
    outer loop
      vertex 230.5856079867222 130.7997863637895 3.01
      vertex 231.0191333421412 130.94694839201173 6
      vertex 231.0191333421412 130.94694839201173 3.01
    endloop
  endfacet
  facet normal -0.19509032201616805 0.9807852804032225 0
    outer loop
      vertex 231.0191333421412 130.94694839201173 3.01
      vertex 231.46815832722984 131.03626501480835 6
      vertex 231.46815832722984 131.03626501480835 3.01
    endloop
  endfacet
  facet normal -0.06540312923015253 0.9978589232386029 0
    outer loop
      vertex 231.46815832722984 131.03626501480835 3.01
      vertex 231.925 131.06620800000002 6
      vertex 231.925 131.06620800000002 3.01
    endloop
  endfacet
  facet normal 0.06540312923015253 0.9978589232386029 0
    outer loop
      vertex 231.925 131.06620800000002 3.01
      vertex 232.38184167277018 131.03626501480835 6
      vertex 232.38184167277018 131.03626501480835 3.01
    endloop
  endfacet
  facet normal 0.19509032201616805 0.9807852804032225 0
    outer loop
      vertex 232.38184167277018 131.03626501480835 3.01
      vertex 232.83086665785882 130.94694839201173 6
      vertex 232.83086665785882 130.94694839201173 3.01
    endloop
  endfacet
  facet normal 0.3214394653031423 0.9469301294951122 0
    outer loop
      vertex 232.83086665785882 130.94694839201173 3.01
      vertex 233.2643920132778 130.7997863637895 6
      vertex 233.2643920132778 130.7997863637895 3.01
    endloop
  endfacet
  facet normal 0.44228869021898437 0.8968727415326967 0
    outer loop
      vertex 233.2643920132778 130.7997863637895 3.01
      vertex 233.675 130.59729691324554 6
      vertex 233.675 130.59729691324554 3.01
    endloop
  endfacet
  facet normal 0.6593458151000979 0.751839807478952 0
    outer loop
      vertex 234.39987373415292 130.04108173415293 3.01
      vertex 234.05566500153054 130.34294469101934 3.01
      vertex 234.39987373415292 130.04108173415293 6
    endloop
  endfacet
  facet normal 0.7518398074789789 0.6593458151000671 0
    outer loop
      vertex 234.39987373415292 130.04108173415293 3.01
      vertex 234.70173669101933 129.69687300153052 6
      vertex 234.70173669101933 129.69687300153052 3.01
    endloop
  endfacet
  facet normal 0.5555702330195793 0.8314696123025607 0
    outer loop
      vertex 233.675 130.59729691324554 3.01
      vertex 234.05566500153054 130.34294469101934 6
      vertex 234.05566500153054 130.34294469101934 3.01
    endloop
  endfacet
  facet normal 0.8968727415326907 -0.4422886902189967 0
    outer loop
      vertex 234.95608891324554 125.816208 3.01
      vertex 235.1585783637895 126.22681598672219 3.01
      vertex 234.95608891324554 125.816208 6
    endloop
  endfacet
  facet normal 0.9469301294950934 -0.321439465303198 0
    outer loop
      vertex 235.1585783637895 126.22681598672219 3.01
      vertex 235.30574039201176 126.66034134214118 3.01
      vertex 235.1585783637895 126.22681598672219 6
    endloop
  endfacet
  facet normal 0.9807852804032345 -0.19509032201610832 0
    outer loop
      vertex 235.30574039201176 126.66034134214118 3.01
      vertex 235.39505701480834 127.10936632722982 3.01
      vertex 235.30574039201176 126.66034134214118 6
    endloop
  endfacet
  facet normal 0.9978589232386031 -0.06540312923015051 0
    outer loop
      vertex 235.39505701480834 127.10936632722982 3.01
      vertex 235.425 127.566208 3.01
      vertex 235.39505701480834 127.10936632722982 6
    endloop
  endfacet
  facet normal 0.9978589232386031 0.06540312923015051 0
    outer loop
      vertex 235.425 127.566208 3.01
      vertex 235.39505701480834 128.02304967277018 3.01
      vertex 235.425 127.566208 6
    endloop
  endfacet
  facet normal 0.9807852804032345 0.19509032201610832 0
    outer loop
      vertex 235.39505701480834 128.02304967277018 3.01
      vertex 235.30574039201176 128.47207465785883 3.01
      vertex 235.39505701480834 128.02304967277018 6
    endloop
  endfacet
  facet normal 0.8968727415326967 0.44228869021898437 0
    outer loop
      vertex 235.1585783637895 128.90560001327782 3.01
      vertex 234.95608891324554 129.31620800000002 3.01
      vertex 235.1585783637895 128.90560001327782 6
    endloop
  endfacet
  facet normal 0.9469301294950934 0.321439465303198 0
    outer loop
      vertex 235.30574039201176 128.47207465785883 3.01
      vertex 235.1585783637895 128.90560001327782 3.01
      vertex 235.30574039201176 128.47207465785883 6
    endloop
  endfacet
  facet normal 0.8314696123025415 0.5555702330196078 0
    outer loop
      vertex 234.70173669101933 129.69687300153052 3.01
      vertex 234.95608891324554 129.31620800000002 6
      vertex 234.95608891324554 129.31620800000002 3.01
    endloop
  endfacet
  facet normal -0.6593458151000803 -0.7518398074789673 0
    outer loop
      vertex 229.4501262658471 125.09133426584708 6
      vertex 229.79433499846948 124.78947130898068 3.01
      vertex 229.79433499846948 124.78947130898068 6
    endloop
  endfacet
  facet normal -0.5555702330196007 -0.8314696123025462 0
    outer loop
      vertex 230.175 124.53511908675446 3.01
      vertex 230.175 124.53511908675446 6
      vertex 229.79433499846948 124.78947130898068 6
    endloop
  endfacet
  facet normal -0.32143946530317014 -0.9469301294951027 0
    outer loop
      vertex 231.0191333421412 124.18546760798826 3.01
      vertex 231.0191333421412 124.18546760798826 6
      vertex 230.5856079867222 124.3326296362105 6
    endloop
  endfacet
  facet normal -0.44228869021898437 -0.8968727415326967 0
    outer loop
      vertex 230.5856079867222 124.3326296362105 3.01
      vertex 230.5856079867222 124.3326296362105 6
      vertex 230.175 124.53511908675446 6
    endloop
  endfacet
  facet normal -0.19509032201610832 -0.9807852804032345 0
    outer loop
      vertex 231.46815832722984 124.09615098519167 3.01
      vertex 231.46815832722984 124.09615098519167 6
      vertex 231.0191333421412 124.18546760798826 6
    endloop
  endfacet
  facet normal -0.06540312923015253 -0.9978589232386029 0
    outer loop
      vertex 231.925 124.066208 3.01
      vertex 231.925 124.066208 6
      vertex 231.46815832722984 124.09615098519167 6
    endloop
  endfacet
  facet normal 0.06540312923015253 -0.9978589232386029 0
    outer loop
      vertex 232.38184167277018 124.09615098519167 3.01
      vertex 232.38184167277018 124.09615098519167 6
      vertex 231.925 124.066208 6
    endloop
  endfacet
  facet normal 0.19509032201610832 -0.9807852804032345 0
    outer loop
      vertex 232.83086665785882 124.18546760798826 3.01
      vertex 232.83086665785882 124.18546760798826 6
      vertex 232.38184167277018 124.09615098519167 6
    endloop
  endfacet
  facet normal 0.32143946530317014 -0.9469301294951027 0
    outer loop
      vertex 233.2643920132778 124.3326296362105 3.01
      vertex 233.2643920132778 124.3326296362105 6
      vertex 232.83086665785882 124.18546760798826 6
    endloop
  endfacet
  facet normal 0.44228869021898437 -0.8968727415326967 0
    outer loop
      vertex 233.675 124.53511908675446 3.01
      vertex 233.675 124.53511908675446 6
      vertex 233.2643920132778 124.3326296362105 6
    endloop
  endfacet
  facet normal 0.5555702330196007 -0.8314696123025462 0
    outer loop
      vertex 234.05566500153054 124.78947130898068 3.01
      vertex 234.05566500153054 124.78947130898068 6
      vertex 233.675 124.53511908675446 6
    endloop
  endfacet
  facet normal 0.6593458151000803 -0.7518398074789673 0
    outer loop
      vertex 234.39987373415292 125.09133426584708 3.01
      vertex 234.39987373415292 125.09133426584708 6
      vertex 234.05566500153054 124.78947130898068 6
    endloop
  endfacet
  facet normal 0.7518398074789789 -0.6593458151000671 0
    outer loop
      vertex 234.70173669101933 125.43554299846949 3.01
      vertex 234.70173669101933 125.43554299846949 6
      vertex 234.39987373415292 125.09133426584708 6
    endloop
  endfacet
  facet normal 0 0 1
    outer loop
      vertex 230.5856079867222 124.3326296362105 6
      vertex 231.0191333421412 124.18546760798826 6
      vertex 230.79916697508025 126.916208 6
    endloop
  endfacet
  facet normal 0 0 1
    outer loop
      vertex 231.0191333421412 124.18546760798826 6
      vertex 231.46815832722984 124.09615098519167 6
      vertex 231.275 126.44037497508023 6
    endloop
  endfacet
  facet normal 0 0 1
    outer loop
      vertex 231.46815832722984 124.09615098519167 6
      vertex 231.925 124.066208 6
      vertex 231.75531595011395 126.27732968021405 6
    endloop
  endfacet
  facet normal 0 0 1
    outer loop
      vertex 231.925 124.066208 6
      vertex 232.38184167277018 124.09615098519167 6
      vertex 232.09468404988607 126.27732968021405 6
    endloop
  endfacet
  facet normal 0 0 1
    outer loop
      vertex 229.79433499846948 124.78947130898068 6
      vertex 230.175 124.53511908675446 6
      vertex 229.79433499846948 130.34294469101934 6
    endloop
  endfacet
  facet normal 0 0 1
    outer loop
      vertex 231.0191333421412 124.18546760798826 6
      vertex 230.8936406576214 126.77481814228867 6
      vertex 230.79916697508025 126.916208 6
    endloop
  endfacet
  facet normal 0 0 1
    outer loop
      vertex 230.175 124.53511908675446 6
      vertex 230.5856079867222 124.3326296362105 6
      vertex 230.175 130.59729691324554 6
    endloop
  endfacet
  facet normal 0 0 1
    outer loop
      vertex 230.5856079867222 124.3326296362105 6
      vertex 230.79916697508025 126.916208 6
      vertex 230.72395660773535 127.06871953792539 6
    endloop
  endfacet
  facet normal 0 0 1
    outer loop
      vertex 230.5856079867222 124.3326296362105 6
      vertex 230.72395660773535 127.06871953792539 6
      vertex 230.66929642582423 127.22974324136672 6
    endloop
  endfacet
  facet normal 0 0 1
    outer loop
      vertex 230.5856079867222 124.3326296362105 6
      vertex 230.66929642582423 127.22974324136672 6
      vertex 230.63612168021405 127.39652395011393 6
    endloop
  endfacet
  facet normal 0 0 1
    outer loop
      vertex 230.5856079867222 124.3326296362105 6
      vertex 230.63612168021405 127.39652395011393 6
      vertex 230.625 127.566208 6
    endloop
  endfacet
  facet normal 0 0 1
    outer loop
      vertex 229.4501262658471 130.04108173415293 6
      vertex 229.79433499846948 124.78947130898068 6
      vertex 229.79433499846948 130.34294469101934 6
    endloop
  endfacet
  facet normal 0 0 1
    outer loop
      vertex 230.175 124.53511908675446 6
      vertex 230.175 130.59729691324554 6
      vertex 229.79433499846948 130.34294469101934 6
    endloop
  endfacet
  facet normal 0 0 1
    outer loop
      vertex 230.5856079867222 124.3326296362105 6
      vertex 230.625 127.566208 6
      vertex 230.5856079867222 130.7997863637895 6
    endloop
  endfacet
  facet normal 0 0 1
    outer loop
      vertex 231.0191333421412 124.18546760798826 6
      vertex 231.1336101422887 126.5348486576214 6
      vertex 231.0057611844575 126.64696918445749 6
    endloop
  endfacet
  facet normal 0 0 1
    outer loop
      vertex 231.0191333421412 124.18546760798826 6
      vertex 231.0057611844575 126.64696918445749 6
      vertex 230.8936406576214 126.77481814228867 6
    endloop
  endfacet
  facet normal 0 0 1
    outer loop
      vertex 231.0191333421412 124.18546760798826 6
      vertex 231.275 126.44037497508023 6
      vertex 231.1336101422887 126.5348486576214 6
    endloop
  endfacet
  facet normal 0 0 1
    outer loop
      vertex 231.46815832722984 124.09615098519167 6
      vertex 231.58853524136674 126.31050442582422 6
      vertex 231.4275115379254 126.36516460773532 6
    endloop
  endfacet
  facet normal 0 0 1
    outer loop
      vertex 231.46815832722984 124.09615098519167 6
      vertex 231.4275115379254 126.36516460773532 6
      vertex 231.275 126.44037497508023 6
    endloop
  endfacet
  facet normal 0 0 1
    outer loop
      vertex 231.46815832722984 124.09615098519167 6
      vertex 231.75531595011395 126.27732968021405 6
      vertex 231.58853524136674 126.31050442582422 6
    endloop
  endfacet
  facet normal 0 0 1
    outer loop
      vertex 231.925 124.066208 6
      vertex 231.925 126.266208 6
      vertex 231.75531595011395 126.27732968021405 6
    endloop
  endfacet
  facet normal 0 0 1
    outer loop
      vertex 231.925 124.066208 6
      vertex 232.09468404988607 126.27732968021405 6
      vertex 231.925 126.266208 6
    endloop
  endfacet
  facet normal 0 0 1
    outer loop
      vertex 232.38184167277018 124.09615098519167 6
      vertex 232.83086665785882 124.18546760798826 6
      vertex 232.26146475863328 126.31050442582422 6
    endloop
  endfacet
  facet normal 0 0 1
    outer loop
      vertex 232.83086665785882 124.18546760798826 6
      vertex 233.2643920132778 124.3326296362105 6
      vertex 232.71638985771133 126.5348486576214 6
    endloop
  endfacet
  facet normal 0 0 1
    outer loop
      vertex 232.09468404988607 126.27732968021405 6
      vertex 232.38184167277018 124.09615098519167 6
      vertex 232.26146475863328 126.31050442582422 6
    endloop
  endfacet
  facet normal 0 0 1
    outer loop
      vertex 232.83086665785882 124.18546760798826 6
      vertex 232.42248846207463 126.36516460773532 6
      vertex 232.26146475863328 126.31050442582422 6
    endloop
  endfacet
  facet normal 0 0 1
    outer loop
      vertex 232.83086665785882 124.18546760798826 6
      vertex 232.57500000000002 126.44037497508023 6
      vertex 232.42248846207463 126.36516460773532 6
    endloop
  endfacet
  facet normal 0 0 1
    outer loop
      vertex 232.83086665785882 124.18546760798826 6
      vertex 232.71638985771133 126.5348486576214 6
      vertex 232.57500000000002 126.44037497508023 6
    endloop
  endfacet
  facet normal 0 0 1
    outer loop
      vertex 233.2643920132778 124.3326296362105 6
      vertex 232.95635934237862 126.77481814228867 6
      vertex 232.84423881554252 126.64696918445749 6
    endloop
  endfacet
  facet normal 0 0 1
    outer loop
      vertex 233.2643920132778 124.3326296362105 6
      vertex 232.84423881554252 126.64696918445749 6
      vertex 232.71638985771133 126.5348486576214 6
    endloop
  endfacet
  facet normal 0 0 1
    outer loop
      vertex 233.2643920132778 124.3326296362105 6
      vertex 233.05083302491977 126.916208 6
      vertex 232.95635934237862 126.77481814228867 6
    endloop
  endfacet
  facet normal 0 0 1
    outer loop
      vertex 233.2643920132778 124.3326296362105 6
      vertex 233.12604339226468 127.06871953792539 6
      vertex 233.05083302491977 126.916208 6
    endloop
  endfacet
  facet normal 0 0 1
    outer loop
      vertex 233.2643920132778 124.3326296362105 6
      vertex 233.1807035741758 127.22974324136672 6
      vertex 233.12604339226468 127.06871953792539 6
    endloop
  endfacet
  facet normal 0 0 1
    outer loop
      vertex 233.2643920132778 124.3326296362105 6
      vertex 233.21387831978598 127.39652395011393 6
      vertex 233.1807035741758 127.22974324136672 6
    endloop
  endfacet
  facet normal 0 0 1
    outer loop
      vertex 233.2643920132778 124.3326296362105 6
      vertex 233.22500000000002 127.566208 6
      vertex 233.21387831978598 127.39652395011393 6
    endloop
  endfacet
  facet normal 0 0 1
    outer loop
      vertex 233.2643920132778 124.3326296362105 6
      vertex 233.675 124.53511908675446 6
      vertex 233.2643920132778 130.7997863637895 6
    endloop
  endfacet
  facet normal 0 0 1
    outer loop
      vertex 233.2643920132778 124.3326296362105 6
      vertex 233.2643920132778 130.7997863637895 6
      vertex 233.22500000000002 127.566208 6
    endloop
  endfacet
  facet normal 0 0 1
    outer loop
      vertex 233.675 124.53511908675446 6
      vertex 234.05566500153054 124.78947130898068 6
      vertex 233.675 130.59729691324554 6
    endloop
  endfacet
  facet normal 0 0 1
    outer loop
      vertex 234.05566500153054 124.78947130898068 6
      vertex 234.39987373415292 125.09133426584708 6
      vertex 234.05566500153054 130.34294469101934 6
    endloop
  endfacet
  facet normal 0 0 1
    outer loop
      vertex 234.39987373415292 125.09133426584708 6
      vertex 234.70173669101933 125.43554299846949 6
      vertex 234.39987373415292 130.04108173415293 6
    endloop
  endfacet
  facet normal 0 0 1
    outer loop
      vertex 234.70173669101933 125.43554299846949 6
      vertex 234.95608891324554 125.816208 6
      vertex 234.70173669101933 129.69687300153052 6
    endloop
  endfacet
  facet normal 0 0 1
    outer loop
      vertex 234.39987373415292 125.09133426584708 6
      vertex 234.39987373415292 130.04108173415293 6
      vertex 234.05566500153054 130.34294469101934 6
    endloop
  endfacet
  facet normal 0 0 1
    outer loop
      vertex 234.70173669101933 125.43554299846949 6
      vertex 234.70173669101933 129.69687300153052 6
      vertex 234.39987373415292 130.04108173415293 6
    endloop
  endfacet
  facet normal -0.5555702330195793 0.8314696123025607 0
    outer loop
      vertex 229.79433499846948 130.34294469101934 3.01
      vertex 229.79433499846948 130.34294469101934 6
      vertex 230.175 130.59729691324554 6
    endloop
  endfacet
  facet normal -0.44228869021898437 0.8968727415326967 0
    outer loop
      vertex 230.175 130.59729691324554 3.01
      vertex 230.175 130.59729691324554 6
      vertex 230.5856079867222 130.7997863637895 6
    endloop
  endfacet
  facet normal -0.3214394653031423 0.9469301294951122 0
    outer loop
      vertex 230.5856079867222 130.7997863637895 3.01
      vertex 230.5856079867222 130.7997863637895 6
      vertex 231.0191333421412 130.94694839201173 6
    endloop
  endfacet
  facet normal -0.19509032201616805 0.9807852804032225 0
    outer loop
      vertex 231.0191333421412 130.94694839201173 3.01
      vertex 231.0191333421412 130.94694839201173 6
      vertex 231.46815832722984 131.03626501480835 6
    endloop
  endfacet
  facet normal -0.06540312923015253 0.9978589232386029 0
    outer loop
      vertex 231.46815832722984 131.03626501480835 3.01
      vertex 231.46815832722984 131.03626501480835 6
      vertex 231.925 131.06620800000002 6
    endloop
  endfacet
  facet normal 0.06540312923015253 0.9978589232386029 0
    outer loop
      vertex 231.925 131.06620800000002 3.01
      vertex 231.925 131.06620800000002 6
      vertex 232.38184167277018 131.03626501480835 6
    endloop
  endfacet
  facet normal 0.19509032201616805 0.9807852804032225 0
    outer loop
      vertex 232.38184167277018 131.03626501480835 3.01
      vertex 232.38184167277018 131.03626501480835 6
      vertex 232.83086665785882 130.94694839201173 6
    endloop
  endfacet
  facet normal 0.3214394653031423 0.9469301294951122 0
    outer loop
      vertex 232.83086665785882 130.94694839201173 3.01
      vertex 232.83086665785882 130.94694839201173 6
      vertex 233.2643920132778 130.7997863637895 6
    endloop
  endfacet
  facet normal 0.44228869021898437 0.8968727415326967 0
    outer loop
      vertex 233.2643920132778 130.7997863637895 3.01
      vertex 233.2643920132778 130.7997863637895 6
      vertex 233.675 130.59729691324554 6
    endloop
  endfacet
  facet normal 0.6593458151000979 0.751839807478952 0
    outer loop
      vertex 234.05566500153054 130.34294469101934 3.01
      vertex 234.05566500153054 130.34294469101934 6
      vertex 234.39987373415292 130.04108173415293 6
    endloop
  endfacet
  facet normal 0.7518398074789789 0.6593458151000671 0
    outer loop
      vertex 234.39987373415292 130.04108173415293 3.01
      vertex 234.39987373415292 130.04108173415293 6
      vertex 234.70173669101933 129.69687300153052 6
    endloop
  endfacet
  facet normal 0.8314696123025415 0.5555702330196078 0
    outer loop
      vertex 234.70173669101933 129.69687300153052 3.01
      vertex 234.70173669101933 129.69687300153052 6
      vertex 234.95608891324554 129.31620800000002 6
    endloop
  endfacet
  facet normal 0.5555702330195793 0.8314696123025607 0
    outer loop
      vertex 233.675 130.59729691324554 3.01
      vertex 233.675 130.59729691324554 6
      vertex 234.05566500153054 130.34294469101934 6
    endloop
  endfacet
  facet normal 0 0 1
    outer loop
      vertex 230.5856079867222 124.3326296362105 6
      vertex 230.5856079867222 130.7997863637895 6
      vertex 230.175 130.59729691324554 6
    endloop
  endfacet
  facet normal 0 0 1
    outer loop
      vertex 230.625 127.566208 6
      vertex 230.63612168021405 127.73589204988608 6
      vertex 230.5856079867222 130.7997863637895 6
    endloop
  endfacet
  facet normal 0 0 1
    outer loop
      vertex 230.66929642582423 127.90267275863329 6
      vertex 230.72395660773535 128.06369646207463 6
      vertex 230.5856079867222 130.7997863637895 6
    endloop
  endfacet
  facet normal 0 0 1
    outer loop
      vertex 230.63612168021405 127.73589204988608 6
      vertex 230.66929642582423 127.90267275863329 6
      vertex 230.5856079867222 130.7997863637895 6
    endloop
  endfacet
  facet normal 0 0 1
    outer loop
      vertex 230.72395660773535 128.06369646207463 6
      vertex 230.79916697508025 128.216208 6
      vertex 230.5856079867222 130.7997863637895 6
    endloop
  endfacet
  facet normal 0 0 1
    outer loop
      vertex 230.79916697508025 128.216208 6
      vertex 230.8936406576214 128.35759785771134 6
      vertex 230.5856079867222 130.7997863637895 6
    endloop
  endfacet
  facet normal 0 0 1
    outer loop
      vertex 230.8936406576214 128.35759785771134 6
      vertex 231.0057611844575 128.4854468155425 6
      vertex 230.5856079867222 130.7997863637895 6
    endloop
  endfacet
  facet normal 0 0 1
    outer loop
      vertex 231.0057611844575 128.4854468155425 6
      vertex 231.1336101422887 128.5975673423786 6
      vertex 230.5856079867222 130.7997863637895 6
    endloop
  endfacet
  facet normal 0 0 1
    outer loop
      vertex 230.5856079867222 130.7997863637895 6
      vertex 231.1336101422887 128.5975673423786 6
      vertex 231.0191333421412 130.94694839201173 6
    endloop
  endfacet
  facet normal 0 0 1
    outer loop
      vertex 231.1336101422887 128.5975673423786 6
      vertex 231.275 128.69204102491977 6
      vertex 231.0191333421412 130.94694839201173 6
    endloop
  endfacet
  facet normal 0 0 1
    outer loop
      vertex 231.275 128.69204102491977 6
      vertex 231.4275115379254 128.76725139226468 6
      vertex 231.0191333421412 130.94694839201173 6
    endloop
  endfacet
  facet normal 0 0 1
    outer loop
      vertex 231.4275115379254 128.76725139226468 6
      vertex 231.58853524136674 128.8219115741758 6
      vertex 231.0191333421412 130.94694839201173 6
    endloop
  endfacet
  facet normal 0 0 1
    outer loop
      vertex 231.58853524136674 128.8219115741758 6
      vertex 231.75531595011395 128.85508631978595 6
      vertex 231.46815832722984 131.03626501480835 6
    endloop
  endfacet
  facet normal 0 0 1
    outer loop
      vertex 231.75531595011395 128.85508631978595 6
      vertex 231.925 128.866208 6
      vertex 231.46815832722984 131.03626501480835 6
    endloop
  endfacet
  facet normal 0 0 1
    outer loop
      vertex 231.925 128.866208 6
      vertex 232.09468404988607 128.85508631978595 6
      vertex 231.925 131.06620800000002 6
    endloop
  endfacet
  facet normal 0 0 1
    outer loop
      vertex 231.58853524136674 128.8219115741758 6
      vertex 231.46815832722984 131.03626501480835 6
      vertex 231.0191333421412 130.94694839201173 6
    endloop
  endfacet
  facet normal 0 0 1
    outer loop
      vertex 231.925 128.866208 6
      vertex 231.925 131.06620800000002 6
      vertex 231.46815832722984 131.03626501480835 6
    endloop
  endfacet
  facet normal 0 0 1
    outer loop
      vertex 232.09468404988607 128.85508631978595 6
      vertex 232.38184167277018 131.03626501480835 6
      vertex 231.925 131.06620800000002 6
    endloop
  endfacet
  facet normal 0 0 1
    outer loop
      vertex 232.84423881554252 128.4854468155425 6
      vertex 232.95635934237862 128.35759785771134 6
      vertex 232.83086665785882 130.94694839201173 6
    endloop
  endfacet
  facet normal 0 0 1
    outer loop
      vertex 232.84423881554252 128.4854468155425 6
      vertex 232.83086665785882 130.94694839201173 6
      vertex 232.71638985771133 128.5975673423786 6
    endloop
  endfacet
  facet normal 0 0 1
    outer loop
      vertex 232.26146475863328 128.8219115741758 6
      vertex 232.42248846207463 128.76725139226468 6
      vertex 232.38184167277018 131.03626501480835 6
    endloop
  endfacet
  facet normal 0 0 1
    outer loop
      vertex 232.09468404988607 128.85508631978595 6
      vertex 232.26146475863328 128.8219115741758 6
      vertex 232.38184167277018 131.03626501480835 6
    endloop
  endfacet
  facet normal 0 0 1
    outer loop
      vertex 232.42248846207463 128.76725139226468 6
      vertex 232.57500000000002 128.69204102491977 6
      vertex 232.38184167277018 131.03626501480835 6
    endloop
  endfacet
  facet normal 0 0 1
    outer loop
      vertex 232.71638985771133 128.5975673423786 6
      vertex 232.83086665785882 130.94694839201173 6
      vertex 232.57500000000002 128.69204102491977 6
    endloop
  endfacet
  facet normal 0 0 1
    outer loop
      vertex 232.57500000000002 128.69204102491977 6
      vertex 232.83086665785882 130.94694839201173 6
      vertex 232.38184167277018 131.03626501480835 6
    endloop
  endfacet
  facet normal 0 0 1
    outer loop
      vertex 233.1807035741758 127.90267275863329 6
      vertex 233.2643920132778 130.7997863637895 6
      vertex 233.12604339226468 128.06369646207463 6
    endloop
  endfacet
  facet normal 0 0 1
    outer loop
      vertex 232.95635934237862 128.35759785771134 6
      vertex 233.05083302491977 128.216208 6
      vertex 232.83086665785882 130.94694839201173 6
    endloop
  endfacet
  facet normal 0 0 1
    outer loop
      vertex 233.12604339226468 128.06369646207463 6
      vertex 233.2643920132778 130.7997863637895 6
      vertex 233.05083302491977 128.216208 6
    endloop
  endfacet
  facet normal 0 0 1
    outer loop
      vertex 233.22500000000002 127.566208 6
      vertex 233.2643920132778 130.7997863637895 6
      vertex 233.21387831978598 127.73589204988608 6
    endloop
  endfacet
  facet normal 0 0 1
    outer loop
      vertex 233.1807035741758 127.90267275863329 6
      vertex 233.21387831978598 127.73589204988608 6
      vertex 233.2643920132778 130.7997863637895 6
    endloop
  endfacet
  facet normal 0 0 1
    outer loop
      vertex 233.675 124.53511908675446 6
      vertex 233.675 130.59729691324554 6
      vertex 233.2643920132778 130.7997863637895 6
    endloop
  endfacet
  facet normal 0 0 1
    outer loop
      vertex 233.05083302491977 128.216208 6
      vertex 233.2643920132778 130.7997863637895 6
      vertex 232.83086665785882 130.94694839201173 6
    endloop
  endfacet
  facet normal 0 0 1
    outer loop
      vertex 234.05566500153054 124.78947130898068 6
      vertex 234.05566500153054 130.34294469101934 6
      vertex 233.675 130.59729691324554 6
    endloop
  endfacet
  facet normal 0.831469612302551 -0.5555702330195935 0
    outer loop
      vertex 234.95608891324554 125.816208 3.01
      vertex 234.95608891324554 125.816208 6
      vertex 234.70173669101933 125.43554299846949 6
    endloop
  endfacet
  facet normal 0.8968727415326907 -0.4422886902189967 0
    outer loop
      vertex 235.1585783637895 126.22681598672219 3.01
      vertex 235.1585783637895 126.22681598672219 6
      vertex 234.95608891324554 125.816208 6
    endloop
  endfacet
  facet normal 0.9469301294950934 -0.321439465303198 0
    outer loop
      vertex 235.30574039201176 126.66034134214118 3.01
      vertex 235.30574039201176 126.66034134214118 6
      vertex 235.1585783637895 126.22681598672219 6
    endloop
  endfacet
  facet normal 0.9807852804032345 -0.19509032201610832 0
    outer loop
      vertex 235.39505701480834 127.10936632722982 3.01
      vertex 235.39505701480834 127.10936632722982 6
      vertex 235.30574039201176 126.66034134214118 6
    endloop
  endfacet
  facet normal 0.9978589232386031 -0.06540312923015051 0
    outer loop
      vertex 235.425 127.566208 3.01
      vertex 235.425 127.566208 6
      vertex 235.39505701480834 127.10936632722982 6
    endloop
  endfacet
  facet normal 0.9978589232386031 0.06540312923015051 0
    outer loop
      vertex 235.39505701480834 128.02304967277018 3.01
      vertex 235.39505701480834 128.02304967277018 6
      vertex 235.425 127.566208 6
    endloop
  endfacet
  facet normal 0.9807852804032345 0.19509032201610832 0
    outer loop
      vertex 235.30574039201176 128.47207465785883 3.01
      vertex 235.30574039201176 128.47207465785883 6
      vertex 235.39505701480834 128.02304967277018 6
    endloop
  endfacet
  facet normal 0 0 1
    outer loop
      vertex 234.95608891324554 125.816208 6
      vertex 235.1585783637895 126.22681598672219 6
      vertex 234.95608891324554 129.31620800000002 6
    endloop
  endfacet
  facet normal 0 0 1
    outer loop
      vertex 235.1585783637895 126.22681598672219 6
      vertex 235.30574039201176 126.66034134214118 6
      vertex 235.1585783637895 128.90560001327782 6
    endloop
  endfacet
  facet normal 0 0 1
    outer loop
      vertex 235.30574039201176 126.66034134214118 6
      vertex 235.39505701480834 127.10936632722982 6
      vertex 235.30574039201176 128.47207465785883 6
    endloop
  endfacet
  facet normal 0 0 1
    outer loop
      vertex 235.39505701480834 127.10936632722982 6
      vertex 235.425 127.566208 6
      vertex 235.39505701480834 128.02304967277018 6
    endloop
  endfacet
  facet normal 0 0 1
    outer loop
      vertex 234.70173669101933 129.69687300153052 6
      vertex 234.95608891324554 125.816208 6
      vertex 234.95608891324554 129.31620800000002 6
    endloop
  endfacet
  facet normal 0 0 1
    outer loop
      vertex 235.1585783637895 126.22681598672219 6
      vertex 235.1585783637895 128.90560001327782 6
      vertex 234.95608891324554 129.31620800000002 6
    endloop
  endfacet
  facet normal 0 0 1
    outer loop
      vertex 235.30574039201176 126.66034134214118 6
      vertex 235.30574039201176 128.47207465785883 6
      vertex 235.1585783637895 128.90560001327782 6
    endloop
  endfacet
  facet normal 0 0 1
    outer loop
      vertex 235.39505701480834 127.10936632722982 6
      vertex 235.39505701480834 128.02304967277018 6
      vertex 235.30574039201176 128.47207465785883 6
    endloop
  endfacet
  facet normal 0.8968727415326967 0.44228869021898437 0
    outer loop
      vertex 234.95608891324554 129.31620800000002 3.01
      vertex 234.95608891324554 129.31620800000002 6
      vertex 235.1585783637895 128.90560001327782 6
    endloop
  endfacet
  facet normal 0.9469301294950934 0.321439465303198 0
    outer loop
      vertex 235.1585783637895 128.90560001327782 3.01
      vertex 235.1585783637895 128.90560001327782 6
      vertex 235.30574039201176 128.47207465785883 6
    endloop
  endfacet
  facet normal -1 0 0
    outer loop
      vertex 226.70009 186.5 3.01
      vertex 226.70009 186.5 6
      vertex 226.70009 192.9 6
    endloop
  endfacet
  facet normal -1 0 0
    outer loop
      vertex 226.70009 186.5 3.01
      vertex 226.70009 192.9 6
      vertex 226.70009 192.9 3.01
    endloop
  endfacet
  facet normal 0 -1 0
    outer loop
      vertex 226.70009 186.5 3.01
      vertex 236.70009 186.5 3.01
      vertex 226.70009 186.5 6
    endloop
  endfacet
  facet normal 1 0 0
    outer loop
      vertex 236.70009 186.5 3.01
      vertex 236.70009 192.9 3.01
      vertex 236.70009 186.5 6
    endloop
  endfacet
  facet normal 0 -1 0
    outer loop
      vertex 226.70009 186.5 6
      vertex 236.70009 186.5 3.01
      vertex 236.70009 186.5 6
    endloop
  endfacet
  facet normal 0 0 1
    outer loop
      vertex 226.70009 186.5 6
      vertex 236.70009 186.5 6
      vertex 226.70009 192.9 6
    endloop
  endfacet
  facet normal 0 1 0
    outer loop
      vertex 226.70009 192.9 3.01
      vertex 236.70009 192.9 6
      vertex 236.70009 192.9 3.01
    endloop
  endfacet
  facet normal 0 1 0
    outer loop
      vertex 226.70009 192.9 3.01
      vertex 226.70009 192.9 6
      vertex 236.70009 192.9 6
    endloop
  endfacet
  facet normal 0 0 1
    outer loop
      vertex 226.70009 192.9 6
      vertex 236.70009 186.5 6
      vertex 236.70009 192.9 6
    endloop
  endfacet
  facet normal 1 0 0
    outer loop
      vertex 236.70009 186.5 6
      vertex 236.70009 192.9 3.01
      vertex 236.70009 192.9 6
    endloop
  endfacet
  facet normal 0 0 -1
    outer loop
      vertex 167 119 0
      vertex 167 131.8484441311167 0
      vertex 191.1245286046785 119 0
    endloop
  endfacet
  facet normal 0 -1 0
    outer loop
      vertex 167 119 3
      vertex 198.73070643576884 119 3
      vertex 167 119 3.01
    endloop
  endfacet
  facet normal 0 -1 0
    outer loop
      vertex 167 119 3.01
      vertex 198.73070643576884 119 3
      vertex 238.925 119 3.01
    endloop
  endfacet
  facet normal 0 0 1
    outer loop
      vertex 167 119 3.01
      vertex 229.1482633089807 125.43554299846949 3.01
      vertex 228.89391108675449 125.816208 3.01
    endloop
  endfacet
  facet normal 0 0 1
    outer loop
      vertex 167 119 3.01
      vertex 229.79433499846948 124.78947130898068 3.01
      vertex 229.4501262658471 125.09133426584708 3.01
    endloop
  endfacet
  facet normal 0 0 1
    outer loop
      vertex 167 119 3.01
      vertex 229.4501262658471 125.09133426584708 3.01
      vertex 229.1482633089807 125.43554299846949 3.01
    endloop
  endfacet
  facet normal 0 0 1
    outer loop
      vertex 167 119 3.01
      vertex 228.69142163621052 126.22681598672219 3.01
      vertex 228.54425960798827 126.66034134214118 3.01
    endloop
  endfacet
  facet normal 0 0 1
    outer loop
      vertex 167 119 3.01
      vertex 228.54425960798827 126.66034134214118 3.01
      vertex 228.45494298519168 127.10936632722982 3.01
    endloop
  endfacet
  facet normal 0 0 1
    outer loop
      vertex 167 119 3.01
      vertex 228.45494298519168 127.10936632722982 3.01
      vertex 228.425 127.566208 3.01
    endloop
  endfacet
  facet normal 0 0 1
    outer loop
      vertex 167 119 3.01
      vertex 228.425 127.566208 3.01
      vertex 228.45494298519168 128.02304967277018 3.01
    endloop
  endfacet
  facet normal 0 0 1
    outer loop
      vertex 167 119 3.01
      vertex 228.45494298519168 128.02304967277018 3.01
      vertex 228.54425960798827 128.47207465785883 3.01
    endloop
  endfacet
  facet normal 0 0 1
    outer loop
      vertex 167 119 3.01
      vertex 228.89391108675449 125.816208 3.01
      vertex 228.69142163621052 126.22681598672219 3.01
    endloop
  endfacet
  facet normal 0 0 1
    outer loop
      vertex 167 119 3.01
      vertex 228.54425960798827 128.47207465785883 3.01
      vertex 228.69142163621052 128.90560001327782 3.01
    endloop
  endfacet
  facet normal 0 0 1
    outer loop
      vertex 167 119 3.01
      vertex 228.69142163621052 128.90560001327782 3.01
      vertex 228.89391108675449 129.31620800000002 3.01
    endloop
  endfacet
  facet normal 0 0 1
    outer loop
      vertex 167 119 3.01
      vertex 228.89391108675449 129.31620800000002 3.01
      vertex 229.1482633089807 129.69687300153052 3.01
    endloop
  endfacet
  facet normal 0 0 1
    outer loop
      vertex 167 119 3.01
      vertex 229.1482633089807 129.69687300153052 3.01
      vertex 229.4501262658471 130.04108173415293 3.01
    endloop
  endfacet
  facet normal 0 0 1
    outer loop
      vertex 167 119 3.01
      vertex 229.4501262658471 130.04108173415293 3.01
      vertex 229.79433499846948 130.34294469101934 3.01
    endloop
  endfacet
  facet normal 0 0 1
    outer loop
      vertex 167 119 3.01
      vertex 226.70009 192.9 3.01
      vertex 167 193.53 3.01
    endloop
  endfacet
  facet normal 0 0 1
    outer loop
      vertex 167 119 3.01
      vertex 226.70009 186.5 3.01
      vertex 226.70009 192.9 3.01
    endloop
  endfacet
  facet normal 0 0 1
    outer loop
      vertex 167 119 3.01
      vertex 238.925 119 3.01
      vertex 231.925 124.066208 3.01
    endloop
  endfacet
  facet normal 0 0 1
    outer loop
      vertex 167 119 3.01
      vertex 230.5856079867222 124.3326296362105 3.01
      vertex 230.175 124.53511908675446 3.01
    endloop
  endfacet
  facet normal 0 0 1
    outer loop
      vertex 167 119 3.01
      vertex 230.175 124.53511908675446 3.01
      vertex 229.79433499846948 124.78947130898068 3.01
    endloop
  endfacet
  facet normal 0 0 1
    outer loop
      vertex 167 119 3.01
      vertex 231.0191333421412 124.18546760798826 3.01
      vertex 230.5856079867222 124.3326296362105 3.01
    endloop
  endfacet
  facet normal 0 0 1
    outer loop
      vertex 167 119 3.01
      vertex 231.46815832722984 124.09615098519167 3.01
      vertex 231.0191333421412 124.18546760798826 3.01
    endloop
  endfacet
  facet normal 0 0 1
    outer loop
      vertex 167 119 3.01
      vertex 231.925 124.066208 3.01
      vertex 231.46815832722984 124.09615098519167 3.01
    endloop
  endfacet
  facet normal 0 0 1
    outer loop
      vertex 167 119 3.01
      vertex 229.79433499846948 130.34294469101934 3.01
      vertex 230.175 130.59729691324554 3.01
    endloop
  endfacet
  facet normal 0 0 1
    outer loop
      vertex 167 119 3.01
      vertex 230.175 130.59729691324554 3.01
      vertex 230.5856079867222 130.7997863637895 3.01
    endloop
  endfacet
  facet normal 0 0 1
    outer loop
      vertex 167 119 3.01
      vertex 230.5856079867222 130.7997863637895 3.01
      vertex 237.925 143.98305671079808 3.01
    endloop
  endfacet
  facet normal 0 -1 0
    outer loop
      vertex 198.73070643576884 119 3
      vertex 238.925 119 3
      vertex 238.925 119 3.01
    endloop
  endfacet
  facet normal 0 0 1
    outer loop
      vertex 167 119 3.01
      vertex 237.925 143.98305671079808 3.01
      vertex 226.70009 186.5 3.01
    endloop
  endfacet
  facet normal 0 0 1
    outer loop
      vertex 238.925 119 3.01
      vertex 232.38184167277018 124.09615098519167 3.01
      vertex 231.925 124.066208 3.01
    endloop
  endfacet
  facet normal 0 0 1
    outer loop
      vertex 238.925 119 3.01
      vertex 232.83086665785882 124.18546760798826 3.01
      vertex 232.38184167277018 124.09615098519167 3.01
    endloop
  endfacet
  facet normal 0 0 1
    outer loop
      vertex 230.5856079867222 130.7997863637895 3.01
      vertex 231.0191333421412 130.94694839201173 3.01
      vertex 237.925 143.98305671079808 3.01
    endloop
  endfacet
  facet normal 0 0 1
    outer loop
      vertex 231.0191333421412 130.94694839201173 3.01
      vertex 231.46815832722984 131.03626501480835 3.01
      vertex 237.925 143.98305671079808 3.01
    endloop
  endfacet
  facet normal 0 0 1
    outer loop
      vertex 232.38184167277018 131.03626501480835 3.01
      vertex 232.83086665785882 130.94694839201173 3.01
      vertex 237.925 143.98305671079808 3.01
    endloop
  endfacet
  facet normal 0 0 1
    outer loop
      vertex 232.83086665785882 130.94694839201173 3.01
      vertex 233.2643920132778 130.7997863637895 3.01
      vertex 237.925 143.98305671079808 3.01
    endloop
  endfacet
  facet normal 0 0 1
    outer loop
      vertex 238.925 119 3.01
      vertex 233.2643920132778 124.3326296362105 3.01
      vertex 232.83086665785882 124.18546760798826 3.01
    endloop
  endfacet
  facet normal 0 0 1
    outer loop
      vertex 238.925 119 3.01
      vertex 233.675 124.53511908675446 3.01
      vertex 233.2643920132778 124.3326296362105 3.01
    endloop
  endfacet
  facet normal 0 0 1
    outer loop
      vertex 238.925 119 3.01
      vertex 234.05566500153054 124.78947130898068 3.01
      vertex 233.675 124.53511908675446 3.01
    endloop
  endfacet
  facet normal 0 0 1
    outer loop
      vertex 238.925 119 3.01
      vertex 234.39987373415292 125.09133426584708 3.01
      vertex 234.05566500153054 124.78947130898068 3.01
    endloop
  endfacet
  facet normal 0 0 1
    outer loop
      vertex 238.925 119 3.01
      vertex 234.70173669101933 125.43554299846949 3.01
      vertex 234.39987373415292 125.09133426584708 3.01
    endloop
  endfacet
  facet normal 0 0 1
    outer loop
      vertex 238.925 119 3.01
      vertex 234.95608891324554 125.816208 3.01
      vertex 234.70173669101933 125.43554299846949 3.01
    endloop
  endfacet
  facet normal 0 0 1
    outer loop
      vertex 238.925 119 3.01
      vertex 235.1585783637895 126.22681598672219 3.01
      vertex 234.95608891324554 125.816208 3.01
    endloop
  endfacet
  facet normal 0 0 1
    outer loop
      vertex 238.925 119 3.01
      vertex 235.30574039201176 126.66034134214118 3.01
      vertex 235.1585783637895 126.22681598672219 3.01
    endloop
  endfacet
  facet normal 0 0 1
    outer loop
      vertex 238.925 119 3.01
      vertex 235.39505701480834 127.10936632722982 3.01
      vertex 235.30574039201176 126.66034134214118 3.01
    endloop
  endfacet
  facet normal 0 0 1
    outer loop
      vertex 238.925 119 3.01
      vertex 235.425 127.566208 3.01
      vertex 235.39505701480834 127.10936632722982 3.01
    endloop
  endfacet
  facet normal 0 0 1
    outer loop
      vertex 238.925 119 3.01
      vertex 235.39505701480834 128.02304967277018 3.01
      vertex 235.425 127.566208 3.01
    endloop
  endfacet
  facet normal 0 0 1
    outer loop
      vertex 238.925 119 3.01
      vertex 235.30574039201176 128.47207465785883 3.01
      vertex 235.39505701480834 128.02304967277018 3.01
    endloop
  endfacet
  facet normal 1 0 0
    outer loop
      vertex 238.925 119 3
      vertex 238.925 132 3.01
      vertex 238.925 119 3.01
    endloop
  endfacet
  facet normal 0 0 1
    outer loop
      vertex 238.925 119 3.01
      vertex 238.925 132 3.01
      vertex 235.30574039201176 128.47207465785883 3.01
    endloop
  endfacet
  facet normal 1 0 0
    outer loop
      vertex 238.925 119 3
      vertex 238.925 132 3
      vertex 238.925 132 3.01
    endloop
  endfacet
  facet normal 0 0 1
    outer loop
      vertex 235.30574039201176 128.47207465785883 3.01
      vertex 237.925 132 3.01
      vertex 235.1585783637895 128.90560001327782 3.01
    endloop
  endfacet
  facet normal 0 0 1
    outer loop
      vertex 235.1585783637895 128.90560001327782 3.01
      vertex 237.925 132 3.01
      vertex 234.95608891324554 129.31620800000002 3.01
    endloop
  endfacet
  facet normal 0 0 1
    outer loop
      vertex 233.675 130.59729691324554 3.01
      vertex 234.05566500153054 130.34294469101934 3.01
      vertex 237.925 132 3.01
    endloop
  endfacet
  facet normal 0 0 1
    outer loop
      vertex 234.39987373415292 130.04108173415293 3.01
      vertex 237.925 132 3.01
      vertex 234.05566500153054 130.34294469101934 3.01
    endloop
  endfacet
  facet normal 0 0 1
    outer loop
      vertex 233.2643920132778 130.7997863637895 3.01
      vertex 233.675 130.59729691324554 3.01
      vertex 237.925 132 3.01
    endloop
  endfacet
  facet normal 0 0 1
    outer loop
      vertex 234.39987373415292 130.04108173415293 3.01
      vertex 234.70173669101933 129.69687300153052 3.01
      vertex 237.925 132 3.01
    endloop
  endfacet
  facet normal 0 0 1
    outer loop
      vertex 234.70173669101933 129.69687300153052 3.01
      vertex 234.95608891324554 129.31620800000002 3.01
      vertex 237.925 132 3.01
    endloop
  endfacet
  facet normal 0 0 1
    outer loop
      vertex 235.30574039201176 128.47207465785883 3.01
      vertex 238.925 132 3.01
      vertex 237.925 132 3.01
    endloop
  endfacet
  facet normal 0 0 1
    outer loop
      vertex 231.46815832722984 131.03626501480835 3.01
      vertex 231.925 131.06620800000002 3.01
      vertex 237.925 143.98305671079808 3.01
    endloop
  endfacet
  facet normal 0 0 1
    outer loop
      vertex 231.925 131.06620800000002 3.01
      vertex 232.38184167277018 131.03626501480835 3.01
      vertex 237.925 143.98305671079808 3.01
    endloop
  endfacet
  facet normal 0 0 1
    outer loop
      vertex 233.2643920132778 130.7997863637895 3.01
      vertex 237.925 132 3.01
      vertex 237.925 143.98305671079808 3.01
    endloop
  endfacet
  facet normal 0 0 1
    outer loop
      vertex 167 193.53 3.01
      vertex 226.70009 192.9 3.01
      vertex 237.925 193.53 3.01
    endloop
  endfacet
  facet normal 0 0 1
    outer loop
      vertex 237.925 143.98305671079808 3.01
      vertex 236.70009 186.5 3.01
      vertex 226.70009 186.5 3.01
    endloop
  endfacet
  facet normal 0 0 1
    outer loop
      vertex 237.925 143.98305671079808 3.01
      vertex 236.70009 192.9 3.01
      vertex 236.70009 186.5 3.01
    endloop
  endfacet
  facet normal 0 0 1
    outer loop
      vertex 237.925 143.98305671079808 3.01
      vertex 237.925 193.53 3.01
      vertex 236.70009 192.9 3.01
    endloop
  endfacet
  facet normal 0 0 1
    outer loop
      vertex 226.70009 192.9 3.01
      vertex 236.70009 192.9 3.01
      vertex 237.925 193.53 3.01
    endloop
  endfacet
  facet normal 0 0 1
    outer loop
      vertex 230.72395660773535 127.06871953792539 1
      vertex 230.72395660773535 128.06369646207463 1
      vertex 230.66929642582423 127.22974324136672 1
    endloop
  endfacet
  facet normal 0 0 1
    outer loop
      vertex 230.63612168021405 127.39652395011393 1
      vertex 230.63612168021405 127.73589204988608 1
      vertex 230.625 127.566208 1
    endloop
  endfacet
  facet normal 0 0 1
    outer loop
      vertex 230.66929642582423 127.22974324136672 1
      vertex 230.66929642582423 127.90267275863329 1
      vertex 230.63612168021405 127.39652395011393 1
    endloop
  endfacet
  facet normal 0 0 1
    outer loop
      vertex 230.63612168021405 127.39652395011393 1
      vertex 230.66929642582423 127.90267275863329 1
      vertex 230.63612168021405 127.73589204988608 1
    endloop
  endfacet
  facet normal 0 0 1
    outer loop
      vertex 230.8936406576214 126.77481814228867 1
      vertex 230.8936406576214 128.35759785771134 1
      vertex 230.79916697508025 126.916208 1
    endloop
  endfacet
  facet normal 0 0 1
    outer loop
      vertex 230.72395660773535 127.06871953792539 1
      vertex 230.79916697508025 126.916208 1
      vertex 230.79916697508025 128.216208 1
    endloop
  endfacet
  facet normal 0 0 1
    outer loop
      vertex 230.66929642582423 127.22974324136672 1
      vertex 230.72395660773535 128.06369646207463 1
      vertex 230.66929642582423 127.90267275863329 1
    endloop
  endfacet
  facet normal 0 0 1
    outer loop
      vertex 230.72395660773535 127.06871953792539 1
      vertex 230.79916697508025 128.216208 1
      vertex 230.72395660773535 128.06369646207463 1
    endloop
  endfacet
  facet normal 0 0 1
    outer loop
      vertex 230.79916697508025 126.916208 1
      vertex 230.8936406576214 128.35759785771134 1
      vertex 230.79916697508025 128.216208 1
    endloop
  endfacet
  facet normal 0 0 1
    outer loop
      vertex 231.0057611844575 126.64696918445749 1
      vertex 231.1336101422887 126.5348486576214 1
      vertex 231.1336101422887 128.5975673423786 1
    endloop
  endfacet
  facet normal 0 0 1
    outer loop
      vertex 231.1336101422887 126.5348486576214 1
      vertex 231.275 126.44037497508023 1
      vertex 231.275 128.69204102491977 1
    endloop
  endfacet
  facet normal 0 0 1
    outer loop
      vertex 230.8936406576214 126.77481814228867 1
      vertex 231.0057611844575 126.64696918445749 1
      vertex 231.0057611844575 128.4854468155425 1
    endloop
  endfacet
  facet normal 0 0 1
    outer loop
      vertex 231.275 126.44037497508023 1
      vertex 231.4275115379254 126.36516460773532 1
      vertex 231.4275115379254 128.76725139226468 1
    endloop
  endfacet
  facet normal 0 0 1
    outer loop
      vertex 231.4275115379254 126.36516460773532 1
      vertex 231.58853524136674 126.31050442582422 1
      vertex 231.58853524136674 128.8219115741758 1
    endloop
  endfacet
  facet normal 0 0 1
    outer loop
      vertex 230.8936406576214 126.77481814228867 1
      vertex 231.0057611844575 128.4854468155425 1
      vertex 230.8936406576214 128.35759785771134 1
    endloop
  endfacet
  facet normal 0 0 1
    outer loop
      vertex 231.0057611844575 126.64696918445749 1
      vertex 231.1336101422887 128.5975673423786 1
      vertex 231.0057611844575 128.4854468155425 1
    endloop
  endfacet
  facet normal 0 0 1
    outer loop
      vertex 231.1336101422887 126.5348486576214 1
      vertex 231.275 128.69204102491977 1
      vertex 231.1336101422887 128.5975673423786 1
    endloop
  endfacet
  facet normal 0 0 1
    outer loop
      vertex 231.275 126.44037497508023 1
      vertex 231.4275115379254 128.76725139226468 1
      vertex 231.275 128.69204102491977 1
    endloop
  endfacet
  facet normal 0 0 1
    outer loop
      vertex 231.4275115379254 126.36516460773532 1
      vertex 231.58853524136674 128.8219115741758 1
      vertex 231.4275115379254 128.76725139226468 1
    endloop
  endfacet
  facet normal 0 0 1
    outer loop
      vertex 231.58853524136674 126.31050442582422 1
      vertex 231.75531595011395 126.27732968021405 1
      vertex 231.75531595011395 128.85508631978595 1
    endloop
  endfacet
  facet normal 0 0 1
    outer loop
      vertex 231.75531595011395 126.27732968021405 1
      vertex 231.925 126.266208 1
      vertex 231.925 128.866208 1
    endloop
  endfacet
  facet normal 0 0 1
    outer loop
      vertex 231.925 126.266208 1
      vertex 232.09468404988607 126.27732968021405 1
      vertex 232.09468404988607 128.85508631978595 1
    endloop
  endfacet
  facet normal 0 0 1
    outer loop
      vertex 232.09468404988607 126.27732968021405 1
      vertex 232.26146475863328 126.31050442582422 1
      vertex 232.26146475863328 128.8219115741758 1
    endloop
  endfacet
  facet normal 0 0 1
    outer loop
      vertex 231.58853524136674 126.31050442582422 1
      vertex 231.75531595011395 128.85508631978595 1
      vertex 231.58853524136674 128.8219115741758 1
    endloop
  endfacet
  facet normal 0 0 1
    outer loop
      vertex 231.75531595011395 126.27732968021405 1
      vertex 231.925 128.866208 1
      vertex 231.75531595011395 128.85508631978595 1
    endloop
  endfacet
  facet normal 0 0 1
    outer loop
      vertex 231.925 126.266208 1
      vertex 232.09468404988607 128.85508631978595 1
      vertex 231.925 128.866208 1
    endloop
  endfacet
  facet normal 0 0 1
    outer loop
      vertex 232.09468404988607 126.27732968021405 1
      vertex 232.26146475863328 128.8219115741758 1
      vertex 232.09468404988607 128.85508631978595 1
    endloop
  endfacet
  facet normal 0 0 1
    outer loop
      vertex 232.26146475863328 126.31050442582422 1
      vertex 232.42248846207463 126.36516460773532 1
      vertex 232.42248846207463 128.76725139226468 1
    endloop
  endfacet
  facet normal 0 0 1
    outer loop
      vertex 232.42248846207463 126.36516460773532 1
      vertex 232.57500000000002 126.44037497508023 1
      vertex 232.57500000000002 128.69204102491977 1
    endloop
  endfacet
  facet normal 0 0 1
    outer loop
      vertex 232.57500000000002 126.44037497508023 1
      vertex 232.71638985771133 126.5348486576214 1
      vertex 232.71638985771133 128.5975673423786 1
    endloop
  endfacet
  facet normal 0 0 1
    outer loop
      vertex 232.71638985771133 126.5348486576214 1
      vertex 232.84423881554252 126.64696918445749 1
      vertex 232.84423881554252 128.4854468155425 1
    endloop
  endfacet
  facet normal 0 0 1
    outer loop
      vertex 232.26146475863328 126.31050442582422 1
      vertex 232.42248846207463 128.76725139226468 1
      vertex 232.26146475863328 128.8219115741758 1
    endloop
  endfacet
  facet normal 0 0 1
    outer loop
      vertex 232.42248846207463 126.36516460773532 1
      vertex 232.57500000000002 128.69204102491977 1
      vertex 232.42248846207463 128.76725139226468 1
    endloop
  endfacet
  facet normal 0 0 1
    outer loop
      vertex 232.57500000000002 126.44037497508023 1
      vertex 232.71638985771133 128.5975673423786 1
      vertex 232.57500000000002 128.69204102491977 1
    endloop
  endfacet
  facet normal 0 0 1
    outer loop
      vertex 232.84423881554252 126.64696918445749 1
      vertex 232.95635934237862 128.35759785771134 1
      vertex 232.84423881554252 128.4854468155425 1
    endloop
  endfacet
  facet normal 0 0 1
    outer loop
      vertex 232.71638985771133 126.5348486576214 1
      vertex 232.84423881554252 128.4854468155425 1
      vertex 232.71638985771133 128.5975673423786 1
    endloop
  endfacet
  facet normal 0 0 1
    outer loop
      vertex 232.84423881554252 126.64696918445749 1
      vertex 232.95635934237862 126.77481814228867 1
      vertex 232.95635934237862 128.35759785771134 1
    endloop
  endfacet
  facet normal 0 0 1
    outer loop
      vertex 232.95635934237862 126.77481814228867 1
      vertex 233.05083302491977 126.916208 1
      vertex 233.05083302491977 128.216208 1
    endloop
  endfacet
  facet normal 0 0 1
    outer loop
      vertex 233.05083302491977 126.916208 1
      vertex 233.12604339226468 127.06871953792539 1
      vertex 233.12604339226468 128.06369646207463 1
    endloop
  endfacet
  facet normal 0 0 1
    outer loop
      vertex 233.12604339226468 127.06871953792539 1
      vertex 233.1807035741758 127.22974324136672 1
      vertex 233.1807035741758 127.90267275863329 1
    endloop
  endfacet
  facet normal 0 0 1
    outer loop
      vertex 233.1807035741758 127.22974324136672 1
      vertex 233.21387831978598 127.39652395011393 1
      vertex 233.21387831978598 127.73589204988608 1
    endloop
  endfacet
  facet normal 0 0 1
    outer loop
      vertex 233.1807035741758 127.22974324136672 1
      vertex 233.21387831978598 127.73589204988608 1
      vertex 233.1807035741758 127.90267275863329 1
    endloop
  endfacet
  facet normal 0 0 1
    outer loop
      vertex 233.12604339226468 127.06871953792539 1
      vertex 233.1807035741758 127.90267275863329 1
      vertex 233.12604339226468 128.06369646207463 1
    endloop
  endfacet
  facet normal 0 0 1
    outer loop
      vertex 233.21387831978598 127.39652395011393 1
      vertex 233.22500000000002 127.566208 1
      vertex 233.21387831978598 127.73589204988608 1
    endloop
  endfacet
  facet normal 0 0 1
    outer loop
      vertex 232.95635934237862 126.77481814228867 1
      vertex 233.05083302491977 128.216208 1
      vertex 232.95635934237862 128.35759785771134 1
    endloop
  endfacet
  facet normal 0 0 1
    outer loop
      vertex 233.05083302491977 126.916208 1
      vertex 233.12604339226468 128.06369646207463 1
      vertex 233.05083302491977 128.216208 1
    endloop
  endfacet
  facet normal 0.8314696123025761 0.5555702330195561 0
    outer loop
      vertex 230.8936406576214 126.77481814228867 1
      vertex 230.79916697508025 126.916208 1
      vertex 230.79916697508025 126.916208 6
    endloop
  endfacet
  facet normal 0.8968727415326843 0.4422886902190095 0
    outer loop
      vertex 230.72395660773535 127.06871953792539 1
      vertex 230.72395660773535 127.06871953792539 6
      vertex 230.79916697508025 126.916208 1
    endloop
  endfacet
  facet normal 0.9469301294950974 0.32143946530318623 0
    outer loop
      vertex 230.72395660773535 127.06871953792539 1
      vertex 230.66929642582423 127.22974324136672 1
      vertex 230.66929642582423 127.22974324136672 6
    endloop
  endfacet
  facet normal 0.980785280403211 0.19509032201622595 0
    outer loop
      vertex 230.66929642582423 127.22974324136672 1
      vertex 230.63612168021405 127.39652395011393 1
      vertex 230.63612168021405 127.39652395011393 6
    endloop
  endfacet
  facet normal 0.9978589232386038 0.06540312923013912 0
    outer loop
      vertex 230.63612168021405 127.39652395011393 1
      vertex 230.625 127.566208 1
      vertex 230.625 127.566208 6
    endloop
  endfacet
  facet normal 0.9978589232386038 -0.06540312923013912 0
    outer loop
      vertex 230.625 127.566208 1
      vertex 230.63612168021405 127.73589204988608 1
      vertex 230.63612168021405 127.73589204988608 6
    endloop
  endfacet
  facet normal 0.980785280403211 -0.19509032201622595 0
    outer loop
      vertex 230.63612168021405 127.73589204988608 1
      vertex 230.66929642582423 127.90267275863329 1
      vertex 230.66929642582423 127.90267275863329 6
    endloop
  endfacet
  facet normal 0.9469301294951059 -0.32143946530316075 0
    outer loop
      vertex 230.66929642582423 127.90267275863329 1
      vertex 230.72395660773535 128.06369646207463 1
      vertex 230.72395660773535 128.06369646207463 6
    endloop
  endfacet
  facet normal 0.8968727415326516 -0.4422886902190758 0
    outer loop
      vertex 230.72395660773535 128.06369646207463 1
      vertex 230.79916697508025 128.216208 1
      vertex 230.79916697508025 128.216208 6
    endloop
  endfacet
  facet normal 0.8314696123026019 -0.5555702330195176 0
    outer loop
      vertex 230.79916697508025 128.216208 1
      vertex 230.8936406576214 128.35759785771134 1
      vertex 230.8936406576214 128.35759785771134 6
    endloop
  endfacet
  facet normal 0.6593458151000232 0.7518398074790175 0
    outer loop
      vertex 231.0057611844575 126.64696918445749 1
      vertex 231.0057611844575 126.64696918445749 6
      vertex 231.1336101422887 126.5348486576214 1
    endloop
  endfacet
  facet normal 0.7518398074789812 0.6593458151000646 0
    outer loop
      vertex 230.8936406576214 126.77481814228867 1
      vertex 230.8936406576214 126.77481814228867 6
      vertex 231.0057611844575 126.64696918445749 1
    endloop
  endfacet
  facet normal 0.5555702330196525 0.8314696123025116 0
    outer loop
      vertex 231.1336101422887 126.5348486576214 1
      vertex 231.1336101422887 126.5348486576214 6
      vertex 231.275 126.44037497508023 1
    endloop
  endfacet
  facet normal 0.4422886902190095 0.8968727415326843 0
    outer loop
      vertex 231.275 126.44037497508023 1
      vertex 231.275 126.44037497508023 6
      vertex 231.4275115379254 126.36516460773532 1
    endloop
  endfacet
  facet normal 0.3214394653030858 0.9469301294951313 0
    outer loop
      vertex 231.4275115379254 126.36516460773532 1
      vertex 231.4275115379254 126.36516460773532 6
      vertex 231.58853524136674 126.31050442582422 1
    endloop
  endfacet
  facet normal 0.19509032201614554 0.980785280403227 0
    outer loop
      vertex 231.58853524136674 126.31050442582422 1
      vertex 231.58853524136674 126.31050442582422 6
      vertex 231.75531595011395 126.27732968021405 1
    endloop
  endfacet
  facet normal 0.06540312923014457 0.9978589232386035 0
    outer loop
      vertex 231.75531595011395 126.27732968021405 1
      vertex 231.75531595011395 126.27732968021405 6
      vertex 231.925 126.266208 1
    endloop
  endfacet
  facet normal -0.06540312923014457 0.9978589232386035 0
    outer loop
      vertex 231.925 126.266208 1
      vertex 231.925 126.266208 6
      vertex 232.09468404988607 126.27732968021405 1
    endloop
  endfacet
  facet normal -0.19509032201614554 0.980785280403227 0
    outer loop
      vertex 232.09468404988607 126.27732968021405 1
      vertex 232.09468404988607 126.27732968021405 6
      vertex 232.26146475863328 126.31050442582422 1
    endloop
  endfacet
  facet normal 0.7518398074789449 -0.659345815100106 0
    outer loop
      vertex 230.8936406576214 128.35759785771134 1
      vertex 231.0057611844575 128.4854468155425 1
      vertex 231.0057611844575 128.4854468155425 6
    endloop
  endfacet
  facet normal 0.6593458151000232 -0.7518398074790175 0
    outer loop
      vertex 231.0057611844575 128.4854468155425 1
      vertex 231.1336101422887 128.5975673423786 1
      vertex 231.1336101422887 128.5975673423786 6
    endloop
  endfacet
  facet normal -0.3214394653030858 0.9469301294951313 0
    outer loop
      vertex 232.26146475863328 126.31050442582422 1
      vertex 232.26146475863328 126.31050442582422 6
      vertex 232.42248846207463 126.36516460773532 1
    endloop
  endfacet
  facet normal -0.4422886902190095 0.8968727415326843 0
    outer loop
      vertex 232.42248846207463 126.36516460773532 1
      vertex 232.42248846207463 126.36516460773532 6
      vertex 232.57500000000002 126.44037497508023 1
    endloop
  endfacet
  facet normal -0.5555702330196525 0.8314696123025116 0
    outer loop
      vertex 232.57500000000002 126.44037497508023 1
      vertex 232.57500000000002 126.44037497508023 6
      vertex 232.71638985771133 126.5348486576214 1
    endloop
  endfacet
  facet normal -0.6593458151000232 0.7518398074790175 0
    outer loop
      vertex 232.71638985771133 126.5348486576214 1
      vertex 232.71638985771133 126.5348486576214 6
      vertex 232.84423881554252 126.64696918445749 1
    endloop
  endfacet
  facet normal -0.7518398074789812 0.6593458151000646 0
    outer loop
      vertex 232.84423881554252 126.64696918445749 1
      vertex 232.84423881554252 126.64696918445749 6
      vertex 232.95635934237862 126.77481814228867 1
    endloop
  endfacet
  facet normal -0.8314696123025761 0.5555702330195561 0
    outer loop
      vertex 232.95635934237862 126.77481814228867 1
      vertex 232.95635934237862 126.77481814228867 6
      vertex 233.05083302491977 126.916208 1
    endloop
  endfacet
  facet normal -0.6593458151000232 -0.7518398074790175 0
    outer loop
      vertex 232.84423881554252 128.4854468155425 1
      vertex 232.84423881554252 128.4854468155425 6
      vertex 232.71638985771133 128.5975673423786 1
    endloop
  endfacet
  facet normal -0.8968727415326843 0.4422886902190095 0
    outer loop
      vertex 233.05083302491977 126.916208 1
      vertex 233.05083302491977 126.916208 6
      vertex 233.12604339226468 127.06871953792539 1
    endloop
  endfacet
  facet normal -0.9469301294950974 0.32143946530318623 0
    outer loop
      vertex 233.12604339226468 127.06871953792539 1
      vertex 233.12604339226468 127.06871953792539 6
      vertex 233.1807035741758 127.22974324136672 1
    endloop
  endfacet
  facet normal -0.980785280403211 0.19509032201622595 0
    outer loop
      vertex 233.1807035741758 127.22974324136672 1
      vertex 233.1807035741758 127.22974324136672 6
      vertex 233.21387831978598 127.39652395011393 1
    endloop
  endfacet
  facet normal -0.9978589232386038 0.06540312923013912 0
    outer loop
      vertex 233.21387831978598 127.39652395011393 1
      vertex 233.21387831978598 127.39652395011393 6
      vertex 233.22500000000002 127.566208 1
    endloop
  endfacet
  facet normal -0.9978589232386038 -0.06540312923013912 0
    outer loop
      vertex 233.22500000000002 127.566208 1
      vertex 233.22500000000002 127.566208 6
      vertex 233.21387831978598 127.73589204988608 1
    endloop
  endfacet
  facet normal -0.980785280403211 -0.19509032201622595 0
    outer loop
      vertex 233.1807035741758 127.90267275863329 1
      vertex 233.21387831978598 127.73589204988608 1
      vertex 233.21387831978598 127.73589204988608 6
    endloop
  endfacet
  facet normal -0.9469301294951059 -0.32143946530316075 0
    outer loop
      vertex 233.1807035741758 127.90267275863329 1
      vertex 233.1807035741758 127.90267275863329 6
      vertex 233.12604339226468 128.06369646207463 1
    endloop
  endfacet
  facet normal -0.8968727415326516 -0.4422886902190758 0
    outer loop
      vertex 233.12604339226468 128.06369646207463 1
      vertex 233.12604339226468 128.06369646207463 6
      vertex 233.05083302491977 128.216208 1
    endloop
  endfacet
  facet normal -0.8314696123026019 -0.5555702330195176 0
    outer loop
      vertex 232.95635934237862 128.35759785771134 1
      vertex 233.05083302491977 128.216208 1
      vertex 233.05083302491977 128.216208 6
    endloop
  endfacet
  facet normal -0.7518398074789449 -0.659345815100106 0
    outer loop
      vertex 232.84423881554252 128.4854468155425 1
      vertex 232.95635934237862 128.35759785771134 1
      vertex 232.95635934237862 128.35759785771134 6
    endloop
  endfacet
  facet normal 0.5555702330197103 -0.8314696123024731 0
    outer loop
      vertex 231.1336101422887 128.5975673423786 1
      vertex 231.275 128.69204102491977 1
      vertex 231.275 128.69204102491977 6
    endloop
  endfacet
  facet normal 0.4422886902190095 -0.8968727415326843 0
    outer loop
      vertex 231.275 128.69204102491977 1
      vertex 231.4275115379254 128.76725139226468 1
      vertex 231.4275115379254 128.76725139226468 6
    endloop
  endfacet
  facet normal 0.32143946530316075 -0.9469301294951059 0
    outer loop
      vertex 231.4275115379254 128.76725139226468 1
      vertex 231.58853524136674 128.8219115741758 1
      vertex 231.58853524136674 128.8219115741758 6
    endloop
  endfacet
  facet normal 0.19509032201606513 -0.980785280403243 0
    outer loop
      vertex 231.58853524136674 128.8219115741758 1
      vertex 231.75531595011395 128.85508631978595 1
      vertex 231.75531595011395 128.85508631978595 6
    endloop
  endfacet
  facet normal 0.06540312923014457 -0.9978589232386035 0
    outer loop
      vertex 231.75531595011395 128.85508631978595 1
      vertex 231.925 128.866208 1
      vertex 231.925 128.866208 6
    endloop
  endfacet
  facet normal -0.06540312923014457 -0.9978589232386035 0
    outer loop
      vertex 231.925 128.866208 1
      vertex 232.09468404988607 128.85508631978595 1
      vertex 232.09468404988607 128.85508631978595 6
    endloop
  endfacet
  facet normal -0.19509032201606513 -0.980785280403243 0
    outer loop
      vertex 232.09468404988607 128.85508631978595 1
      vertex 232.26146475863328 128.8219115741758 1
      vertex 232.26146475863328 128.8219115741758 6
    endloop
  endfacet
  facet normal -0.32143946530316075 -0.9469301294951059 0
    outer loop
      vertex 232.26146475863328 128.8219115741758 1
      vertex 232.42248846207463 128.76725139226468 1
      vertex 232.42248846207463 128.76725139226468 6
    endloop
  endfacet
  facet normal -0.4422886902190095 -0.8968727415326843 0
    outer loop
      vertex 232.42248846207463 128.76725139226468 1
      vertex 232.57500000000002 128.69204102491977 1
      vertex 232.57500000000002 128.69204102491977 6
    endloop
  endfacet
  facet normal -0.5555702330197103 -0.8314696123024731 0
    outer loop
      vertex 232.71638985771133 128.5975673423786 1
      vertex 232.71638985771133 128.5975673423786 6
      vertex 232.57500000000002 128.69204102491977 1
    endloop
  endfacet
  facet normal 0.8314696123025761 0.5555702330195561 0
    outer loop
      vertex 230.8936406576214 126.77481814228867 1
      vertex 230.79916697508025 126.916208 6
      vertex 230.8936406576214 126.77481814228867 6
    endloop
  endfacet
  facet normal 0.9469301294950974 0.32143946530318623 0
    outer loop
      vertex 230.72395660773535 127.06871953792539 1
      vertex 230.66929642582423 127.22974324136672 6
      vertex 230.72395660773535 127.06871953792539 6
    endloop
  endfacet
  facet normal 0.980785280403211 0.19509032201622595 0
    outer loop
      vertex 230.66929642582423 127.22974324136672 1
      vertex 230.63612168021405 127.39652395011393 6
      vertex 230.66929642582423 127.22974324136672 6
    endloop
  endfacet
  facet normal 0.8968727415326843 0.4422886902190095 0
    outer loop
      vertex 230.79916697508025 126.916208 1
      vertex 230.72395660773535 127.06871953792539 6
      vertex 230.79916697508025 126.916208 6
    endloop
  endfacet
  facet normal 0.9978589232386038 0.06540312923013912 0
    outer loop
      vertex 230.63612168021405 127.39652395011393 1
      vertex 230.625 127.566208 6
      vertex 230.63612168021405 127.39652395011393 6
    endloop
  endfacet
  facet normal 0.9978589232386038 -0.06540312923013912 0
    outer loop
      vertex 230.625 127.566208 1
      vertex 230.63612168021405 127.73589204988608 6
      vertex 230.625 127.566208 6
    endloop
  endfacet
  facet normal 0.980785280403211 -0.19509032201622595 0
    outer loop
      vertex 230.63612168021405 127.73589204988608 1
      vertex 230.66929642582423 127.90267275863329 6
      vertex 230.63612168021405 127.73589204988608 6
    endloop
  endfacet
  facet normal 0.9469301294951059 -0.32143946530316075 0
    outer loop
      vertex 230.66929642582423 127.90267275863329 1
      vertex 230.72395660773535 128.06369646207463 6
      vertex 230.66929642582423 127.90267275863329 6
    endloop
  endfacet
  facet normal 0.8968727415326516 -0.4422886902190758 0
    outer loop
      vertex 230.72395660773535 128.06369646207463 1
      vertex 230.79916697508025 128.216208 6
      vertex 230.72395660773535 128.06369646207463 6
    endloop
  endfacet
  facet normal 0.8314696123026019 -0.5555702330195176 0
    outer loop
      vertex 230.79916697508025 128.216208 1
      vertex 230.8936406576214 128.35759785771134 6
      vertex 230.79916697508025 128.216208 6
    endloop
  endfacet
  facet normal 0.6593458151000232 0.7518398074790175 0
    outer loop
      vertex 231.1336101422887 126.5348486576214 1
      vertex 231.0057611844575 126.64696918445749 6
      vertex 231.1336101422887 126.5348486576214 6
    endloop
  endfacet
  facet normal 0.7518398074789812 0.6593458151000646 0
    outer loop
      vertex 231.0057611844575 126.64696918445749 1
      vertex 230.8936406576214 126.77481814228867 6
      vertex 231.0057611844575 126.64696918445749 6
    endloop
  endfacet
  facet normal 0.5555702330196525 0.8314696123025116 0
    outer loop
      vertex 231.275 126.44037497508023 1
      vertex 231.1336101422887 126.5348486576214 6
      vertex 231.275 126.44037497508023 6
    endloop
  endfacet
  facet normal 0.4422886902190095 0.8968727415326843 0
    outer loop
      vertex 231.4275115379254 126.36516460773532 1
      vertex 231.275 126.44037497508023 6
      vertex 231.4275115379254 126.36516460773532 6
    endloop
  endfacet
  facet normal 0.3214394653030858 0.9469301294951313 0
    outer loop
      vertex 231.58853524136674 126.31050442582422 1
      vertex 231.4275115379254 126.36516460773532 6
      vertex 231.58853524136674 126.31050442582422 6
    endloop
  endfacet
  facet normal 0.19509032201614554 0.980785280403227 0
    outer loop
      vertex 231.75531595011395 126.27732968021405 1
      vertex 231.58853524136674 126.31050442582422 6
      vertex 231.75531595011395 126.27732968021405 6
    endloop
  endfacet
  facet normal 0.06540312923014457 0.9978589232386035 0
    outer loop
      vertex 231.925 126.266208 1
      vertex 231.75531595011395 126.27732968021405 6
      vertex 231.925 126.266208 6
    endloop
  endfacet
  facet normal -0.06540312923014457 0.9978589232386035 0
    outer loop
      vertex 232.09468404988607 126.27732968021405 1
      vertex 231.925 126.266208 6
      vertex 232.09468404988607 126.27732968021405 6
    endloop
  endfacet
  facet normal -0.19509032201614554 0.980785280403227 0
    outer loop
      vertex 232.26146475863328 126.31050442582422 1
      vertex 232.09468404988607 126.27732968021405 6
      vertex 232.26146475863328 126.31050442582422 6
    endloop
  endfacet
  facet normal 0.6593458151000232 -0.7518398074790175 0
    outer loop
      vertex 231.0057611844575 128.4854468155425 1
      vertex 231.1336101422887 128.5975673423786 6
      vertex 231.0057611844575 128.4854468155425 6
    endloop
  endfacet
  facet normal 0.7518398074789449 -0.659345815100106 0
    outer loop
      vertex 230.8936406576214 128.35759785771134 1
      vertex 231.0057611844575 128.4854468155425 6
      vertex 230.8936406576214 128.35759785771134 6
    endloop
  endfacet
  facet normal -0.3214394653030858 0.9469301294951313 0
    outer loop
      vertex 232.42248846207463 126.36516460773532 1
      vertex 232.26146475863328 126.31050442582422 6
      vertex 232.42248846207463 126.36516460773532 6
    endloop
  endfacet
  facet normal -0.4422886902190095 0.8968727415326843 0
    outer loop
      vertex 232.57500000000002 126.44037497508023 1
      vertex 232.42248846207463 126.36516460773532 6
      vertex 232.57500000000002 126.44037497508023 6
    endloop
  endfacet
  facet normal -0.5555702330196525 0.8314696123025116 0
    outer loop
      vertex 232.71638985771133 126.5348486576214 1
      vertex 232.57500000000002 126.44037497508023 6
      vertex 232.71638985771133 126.5348486576214 6
    endloop
  endfacet
  facet normal -0.6593458151000232 0.7518398074790175 0
    outer loop
      vertex 232.84423881554252 126.64696918445749 1
      vertex 232.71638985771133 126.5348486576214 6
      vertex 232.84423881554252 126.64696918445749 6
    endloop
  endfacet
  facet normal -0.7518398074789812 0.6593458151000646 0
    outer loop
      vertex 232.95635934237862 126.77481814228867 1
      vertex 232.84423881554252 126.64696918445749 6
      vertex 232.95635934237862 126.77481814228867 6
    endloop
  endfacet
  facet normal -0.8314696123025761 0.5555702330195561 0
    outer loop
      vertex 233.05083302491977 126.916208 1
      vertex 232.95635934237862 126.77481814228867 6
      vertex 233.05083302491977 126.916208 6
    endloop
  endfacet
  facet normal -0.6593458151000232 -0.7518398074790175 0
    outer loop
      vertex 232.71638985771133 128.5975673423786 1
      vertex 232.84423881554252 128.4854468155425 6
      vertex 232.71638985771133 128.5975673423786 6
    endloop
  endfacet
  facet normal -0.7518398074789449 -0.659345815100106 0
    outer loop
      vertex 232.84423881554252 128.4854468155425 1
      vertex 232.95635934237862 128.35759785771134 6
      vertex 232.84423881554252 128.4854468155425 6
    endloop
  endfacet
  facet normal -0.8968727415326843 0.4422886902190095 0
    outer loop
      vertex 233.12604339226468 127.06871953792539 1
      vertex 233.05083302491977 126.916208 6
      vertex 233.12604339226468 127.06871953792539 6
    endloop
  endfacet
  facet normal -0.9469301294950974 0.32143946530318623 0
    outer loop
      vertex 233.1807035741758 127.22974324136672 1
      vertex 233.12604339226468 127.06871953792539 6
      vertex 233.1807035741758 127.22974324136672 6
    endloop
  endfacet
  facet normal -0.980785280403211 0.19509032201622595 0
    outer loop
      vertex 233.21387831978598 127.39652395011393 1
      vertex 233.1807035741758 127.22974324136672 6
      vertex 233.21387831978598 127.39652395011393 6
    endloop
  endfacet
  facet normal -0.9978589232386038 0.06540312923013912 0
    outer loop
      vertex 233.22500000000002 127.566208 1
      vertex 233.21387831978598 127.39652395011393 6
      vertex 233.22500000000002 127.566208 6
    endloop
  endfacet
  facet normal -0.9978589232386038 -0.06540312923013912 0
    outer loop
      vertex 233.21387831978598 127.73589204988608 1
      vertex 233.22500000000002 127.566208 6
      vertex 233.21387831978598 127.73589204988608 6
    endloop
  endfacet
  facet normal -0.980785280403211 -0.19509032201622595 0
    outer loop
      vertex 233.1807035741758 127.90267275863329 1
      vertex 233.21387831978598 127.73589204988608 6
      vertex 233.1807035741758 127.90267275863329 6
    endloop
  endfacet
  facet normal -0.9469301294951059 -0.32143946530316075 0
    outer loop
      vertex 233.12604339226468 128.06369646207463 1
      vertex 233.1807035741758 127.90267275863329 6
      vertex 233.12604339226468 128.06369646207463 6
    endloop
  endfacet
  facet normal -0.8314696123026019 -0.5555702330195176 0
    outer loop
      vertex 232.95635934237862 128.35759785771134 1
      vertex 233.05083302491977 128.216208 6
      vertex 232.95635934237862 128.35759785771134 6
    endloop
  endfacet
  facet normal -0.8968727415326516 -0.4422886902190758 0
    outer loop
      vertex 233.05083302491977 128.216208 1
      vertex 233.12604339226468 128.06369646207463 6
      vertex 233.05083302491977 128.216208 6
    endloop
  endfacet
  facet normal 0.5555702330197103 -0.8314696123024731 0
    outer loop
      vertex 231.1336101422887 128.5975673423786 1
      vertex 231.275 128.69204102491977 6
      vertex 231.1336101422887 128.5975673423786 6
    endloop
  endfacet
  facet normal 0.4422886902190095 -0.8968727415326843 0
    outer loop
      vertex 231.275 128.69204102491977 1
      vertex 231.4275115379254 128.76725139226468 6
      vertex 231.275 128.69204102491977 6
    endloop
  endfacet
  facet normal 0.32143946530316075 -0.9469301294951059 0
    outer loop
      vertex 231.4275115379254 128.76725139226468 1
      vertex 231.58853524136674 128.8219115741758 6
      vertex 231.4275115379254 128.76725139226468 6
    endloop
  endfacet
  facet normal 0.19509032201606513 -0.980785280403243 0
    outer loop
      vertex 231.58853524136674 128.8219115741758 1
      vertex 231.75531595011395 128.85508631978595 6
      vertex 231.58853524136674 128.8219115741758 6
    endloop
  endfacet
  facet normal 0.06540312923014457 -0.9978589232386035 0
    outer loop
      vertex 231.75531595011395 128.85508631978595 1
      vertex 231.925 128.866208 6
      vertex 231.75531595011395 128.85508631978595 6
    endloop
  endfacet
  facet normal -0.06540312923014457 -0.9978589232386035 0
    outer loop
      vertex 231.925 128.866208 1
      vertex 232.09468404988607 128.85508631978595 6
      vertex 231.925 128.866208 6
    endloop
  endfacet
  facet normal -0.19509032201606513 -0.980785280403243 0
    outer loop
      vertex 232.09468404988607 128.85508631978595 1
      vertex 232.26146475863328 128.8219115741758 6
      vertex 232.09468404988607 128.85508631978595 6
    endloop
  endfacet
  facet normal -0.32143946530316075 -0.9469301294951059 0
    outer loop
      vertex 232.26146475863328 128.8219115741758 1
      vertex 232.42248846207463 128.76725139226468 6
      vertex 232.26146475863328 128.8219115741758 6
    endloop
  endfacet
  facet normal -0.4422886902190095 -0.8968727415326843 0
    outer loop
      vertex 232.42248846207463 128.76725139226468 1
      vertex 232.57500000000002 128.69204102491977 6
      vertex 232.42248846207463 128.76725139226468 6
    endloop
  endfacet
  facet normal -0.5555702330197103 -0.8314696123024731 0
    outer loop
      vertex 232.57500000000002 128.69204102491977 1
      vertex 232.71638985771133 128.5975673423786 6
      vertex 232.57500000000002 128.69204102491977 6
    endloop
  endfacet
  facet normal 0.9978589232386023 0 -0.06540312923016253
    outer loop
      vertex 273.9 212.28 15.925
      vertex 273.9265209297412 215.53 16.32963119588216
      vertex 273.9265209297412 212.28 16.32963119588216
    endloop
  endfacet
  facet normal 0.9978589232386023 0 -0.06540312923016253
    outer loop
      vertex 273.9 212.28 15.925
      vertex 273.9 215.53 15.925
      vertex 273.9265209297412 215.53 16.32963119588216
    endloop
  endfacet
  facet normal 0.9807852804032239 0 -0.19509032201616094
    outer loop
      vertex 273.9265209297412 212.28 16.32963119588216
      vertex 273.9265209297412 215.53 16.32963119588216
      vertex 274.0056299385039 215.53 16.727339039817814
    endloop
  endfacet
  facet normal 0.9807852804032239 0 -0.19509032201616094
    outer loop
      vertex 273.9265209297412 212.28 16.32963119588216
      vertex 274.0056299385039 215.53 16.727339039817814
      vertex 274.0056299385039 212.28 16.727339039817814
    endloop
  endfacet
  facet normal 0 1 0
    outer loop
      vertex 273.9 212.28 15.925
      vertex 273.9265209297412 212.28 16.32963119588216
      vertex 280.0734790702588 212.28 16.32963119588216
    endloop
  endfacet
  facet normal 0 1 0
    outer loop
      vertex 273.9265209297412 212.28 16.32963119588216
      vertex 274.0056299385039 212.28 16.727339039817814
      vertex 279.9943700614961 212.28 16.727339039817814
    endloop
  endfacet
  facet normal 0 1 0
    outer loop
      vertex 274.0056299385039 212.28 16.727339039817814
      vertex 274.135973449215 212.28 17.111318640331778
      vertex 279.864026550785 212.28 17.111318640331778
    endloop
  endfacet
  facet normal 0 -1 0
    outer loop
      vertex 273.9 215.53 15.925
      vertex 280.1 215.53 15.925
      vertex 273.9265209297412 215.53 16.32963119588216
    endloop
  endfacet
  facet normal 0 -1 0
    outer loop
      vertex 273.9265209297412 215.53 16.32963119588216
      vertex 280.0734790702588 215.53 16.32963119588216
      vertex 274.0056299385039 215.53 16.727339039817814
    endloop
  endfacet
  facet normal 0.9469301294951228 0 -0.3214394653031111
    outer loop
      vertex 274.0056299385039 212.28 16.727339039817814
      vertex 274.135973449215 215.53 17.111318640331778
      vertex 274.135973449215 212.28 17.111318640331778
    endloop
  endfacet
  facet normal 0.9469301294951228 0 -0.3214394653031111
    outer loop
      vertex 274.0056299385039 212.28 16.727339039817814
      vertex 274.0056299385039 215.53 16.727339039817814
      vertex 274.135973449215 215.53 17.111318640331778
    endloop
  endfacet
  facet normal 0 -1 0
    outer loop
      vertex 274.0056299385039 215.53 16.727339039817814
      vertex 279.9943700614961 215.53 16.727339039817814
      vertex 274.135973449215 215.53 17.111318640331778
    endloop
  endfacet
  facet normal -1.123115937166797e-12 1 1.7135437905268693e-11
    outer loop
      vertex 273.9 212.28 15.925
      vertex 280.0734790702588 212.28 16.32963119588216
      vertex 280.09999999999997 212.28000000000696 15.924999999999134
    endloop
  endfacet
  facet normal 0 1 0
    outer loop
      vertex 273.9265209297412 212.28 16.32963119588216
      vertex 279.9943700614961 212.28 16.727339039817814
      vertex 280.0734790702588 212.28 16.32963119588216
    endloop
  endfacet
  facet normal 0 1 0
    outer loop
      vertex 274.0056299385039 212.28 16.727339039817814
      vertex 279.864026550785 212.28 17.111318640331778
      vertex 279.9943700614961 212.28 16.727339039817814
    endloop
  endfacet
  facet normal 0 -1 0
    outer loop
      vertex 273.9265209297412 215.53 16.32963119588216
      vertex 280.1 215.53 15.925
      vertex 280.0734790702588 215.53 16.32963119588216
    endloop
  endfacet
  facet normal 0 -1 0
    outer loop
      vertex 274.0056299385039 215.53 16.727339039817814
      vertex 280.0734790702588 215.53 16.32963119588216
      vertex 279.9943700614961 215.53 16.727339039817814
    endloop
  endfacet
  facet normal 0 -1 0
    outer loop
      vertex 274.135973449215 215.53 17.111318640331778
      vertex 279.9943700614961 215.53 16.727339039817814
      vertex 279.864026550785 215.53 17.111318640331778
    endloop
  endfacet
  facet normal -0.9978589232386206 3.489760281526878e-14 -0.06540312922988344
    outer loop
      vertex 280.09999999999997 212.28000000000696 15.924999999999134
      vertex 280.0734790702588 212.28 16.32963119588216
      vertex 280.1 215.53 15.925
    endloop
  endfacet
  facet normal -0.9978589232386023 0 -0.06540312923016253
    outer loop
      vertex 280.1 215.53 15.925
      vertex 280.0734790702588 212.28 16.32963119588216
      vertex 280.0734790702588 215.53 16.32963119588216
    endloop
  endfacet
  facet normal -0.9807852804032239 0 -0.19509032201616094
    outer loop
      vertex 280.0734790702588 212.28 16.32963119588216
      vertex 279.9943700614961 212.28 16.727339039817814
      vertex 280.0734790702588 215.53 16.32963119588216
    endloop
  endfacet
  facet normal -0.9807852804032239 0 -0.19509032201616094
    outer loop
      vertex 279.9943700614961 212.28 16.727339039817814
      vertex 279.9943700614961 215.53 16.727339039817814
      vertex 280.0734790702588 215.53 16.32963119588216
    endloop
  endfacet
  facet normal -0.9469301294951228 0 -0.3214394653031111
    outer loop
      vertex 279.9943700614961 212.28 16.727339039817814
      vertex 279.864026550785 212.28 17.111318640331778
      vertex 279.9943700614961 215.53 16.727339039817814
    endloop
  endfacet
  facet normal -0.9469301294951228 0 -0.3214394653031111
    outer loop
      vertex 279.864026550785 212.28 17.111318640331778
      vertex 279.864026550785 215.53 17.111318640331778
      vertex 279.9943700614961 215.53 16.727339039817814
    endloop
  endfacet
  facet normal 0 1 0
    outer loop
      vertex 274.135973449215 212.28 17.111318640331778
      vertex 274.3153212482682 212.28 17.475
      vertex 279.6846787517318 212.28 17.475
    endloop
  endfacet
  facet normal 0 1 0
    outer loop
      vertex 274.3153212482682 212.28 17.475
      vertex 274.5406046450972 212.28 17.812160429927033
      vertex 279.4593953549028 212.28 17.812160429927033
    endloop
  endfacet
  facet normal 0 1 0
    outer loop
      vertex 274.5406046450972 212.28 17.812160429927033
      vertex 274.8079689783217 212.28 18.117031021678297
      vertex 279.1920310216783 212.28 18.117031021678297
    endloop
  endfacet
  facet normal 0.8968727415326861 0 -0.4422886902190057
    outer loop
      vertex 274.135973449215 212.28 17.111318640331778
      vertex 274.3153212482682 215.53 17.475
      vertex 274.3153212482682 212.28 17.475
    endloop
  endfacet
  facet normal 0.8968727415326861 0 -0.4422886902190057
    outer loop
      vertex 274.135973449215 212.28 17.111318640331778
      vertex 274.135973449215 215.53 17.111318640331778
      vertex 274.3153212482682 215.53 17.475
    endloop
  endfacet
  facet normal 0.8314696123025143 0 -0.5555702330196487
    outer loop
      vertex 274.3153212482682 212.28 17.475
      vertex 274.3153212482682 215.53 17.475
      vertex 274.5406046450972 215.53 17.812160429927033
    endloop
  endfacet
  facet normal 0 -1 0
    outer loop
      vertex 274.135973449215 215.53 17.111318640331778
      vertex 279.864026550785 215.53 17.111318640331778
      vertex 274.3153212482682 215.53 17.475
    endloop
  endfacet
  facet normal 0 -1 0
    outer loop
      vertex 274.3153212482682 215.53 17.475
      vertex 279.6846787517318 215.53 17.475
      vertex 274.5406046450972 215.53 17.812160429927033
    endloop
  endfacet
  facet normal 0.8314696123025143 0 -0.5555702330196487
    outer loop
      vertex 274.3153212482682 212.28 17.475
      vertex 274.5406046450972 215.53 17.812160429927033
      vertex 274.5406046450972 212.28 17.812160429927033
    endloop
  endfacet
  facet normal 0.7518398074789918 0 -0.6593458151000523
    outer loop
      vertex 274.5406046450972 212.28 17.812160429927033
      vertex 274.5406046450972 215.53 17.812160429927033
      vertex 274.8079689783217 215.53 18.117031021678297
    endloop
  endfacet
  facet normal 0.7518398074789918 0 -0.6593458151000523
    outer loop
      vertex 274.5406046450972 212.28 17.812160429927033
      vertex 274.8079689783217 215.53 18.117031021678297
      vertex 274.8079689783217 212.28 18.117031021678297
    endloop
  endfacet
  facet normal 0 -1 0
    outer loop
      vertex 274.5406046450972 215.53 17.812160429927033
      vertex 279.4593953549028 215.53 17.812160429927033
      vertex 274.8079689783217 215.53 18.117031021678297
    endloop
  endfacet
  facet normal 0 1 0
    outer loop
      vertex 274.8079689783217 212.28 18.117031021678297
      vertex 275.112839570073 212.28 18.38439535490283
      vertex 278.887160429927 212.28 18.38439535490283
    endloop
  endfacet
  facet normal 0 1 0
    outer loop
      vertex 275.112839570073 212.28 18.38439535490283
      vertex 275.45 212.28 18.60967875173176
      vertex 278.55 212.28 18.60967875173176
    endloop
  endfacet
  facet normal 0 1 0
    outer loop
      vertex 275.45 212.28 18.60967875173176
      vertex 275.81368135966824 212.28 18.78902655078499
      vertex 278.18631864033176 212.28 18.78902655078499
    endloop
  endfacet
  facet normal 0.6593458151000282 0 -0.7518398074790132
    outer loop
      vertex 274.8079689783217 212.28 18.117031021678297
      vertex 274.8079689783217 215.53 18.117031021678297
      vertex 275.112839570073 212.28 18.38439535490283
    endloop
  endfacet
  facet normal 0.6593458151000282 0 -0.7518398074790132
    outer loop
      vertex 274.8079689783217 215.53 18.117031021678297
      vertex 275.112839570073 215.53 18.38439535490283
      vertex 275.112839570073 212.28 18.38439535490283
    endloop
  endfacet
  facet normal 0.5555702330196467 0 -0.8314696123025155
    outer loop
      vertex 275.112839570073 212.28 18.38439535490283
      vertex 275.112839570073 215.53 18.38439535490283
      vertex 275.45 212.28 18.60967875173176
    endloop
  endfacet
  facet normal 0.44228869021897427 0 -0.8968727415327016
    outer loop
      vertex 275.45 212.28 18.60967875173176
      vertex 275.45 215.53 18.60967875173176
      vertex 275.81368135966824 212.28 18.78902655078499
    endloop
  endfacet
  facet normal 0.5555702330196467 0 -0.8314696123025155
    outer loop
      vertex 275.45 212.28 18.60967875173176
      vertex 275.112839570073 215.53 18.38439535490283
      vertex 275.45 215.53 18.60967875173176
    endloop
  endfacet
  facet normal 0 -1 0
    outer loop
      vertex 274.8079689783217 215.53 18.117031021678297
      vertex 279.1920310216783 215.53 18.117031021678297
      vertex 275.112839570073 215.53 18.38439535490283
    endloop
  endfacet
  facet normal 0 -1 0
    outer loop
      vertex 275.112839570073 215.53 18.38439535490283
      vertex 278.887160429927 215.53 18.38439535490283
      vertex 275.45 215.53 18.60967875173176
    endloop
  endfacet
  facet normal 0.44228869021897427 0 -0.8968727415327016
    outer loop
      vertex 275.81368135966824 212.28 18.78902655078499
      vertex 275.45 215.53 18.60967875173176
      vertex 275.81368135966824 215.53 18.78902655078499
    endloop
  endfacet
  facet normal 0.3214394653031742 0 -0.9469301294951015
    outer loop
      vertex 275.81368135966824 212.28 18.78902655078499
      vertex 275.81368135966824 215.53 18.78902655078499
      vertex 276.1976609601822 212.28 18.919370061496114
    endloop
  endfacet
  facet normal 0.1950903220161155 0 -0.980785280403233
    outer loop
      vertex 276.1976609601822 212.28 18.919370061496114
      vertex 276.1976609601822 215.53 18.919370061496114
      vertex 276.59536880411787 212.28 18.998479070258814
    endloop
  endfacet
  facet normal 0.3214394653031742 0 -0.9469301294951015
    outer loop
      vertex 276.1976609601822 212.28 18.919370061496114
      vertex 275.81368135966824 215.53 18.78902655078499
      vertex 276.1976609601822 215.53 18.919370061496114
    endloop
  endfacet
  facet normal 0.1950903220161155 0 -0.980785280403233
    outer loop
      vertex 276.1976609601822 215.53 18.919370061496114
      vertex 276.59536880411787 215.53 18.998479070258814
      vertex 276.59536880411787 212.28 18.998479070258814
    endloop
  endfacet
  facet normal 0 1 0
    outer loop
      vertex 274.135973449215 212.28 17.111318640331778
      vertex 279.6846787517318 212.28 17.475
      vertex 279.864026550785 212.28 17.111318640331778
    endloop
  endfacet
  facet normal 0 1 0
    outer loop
      vertex 274.3153212482682 212.28 17.475
      vertex 279.4593953549028 212.28 17.812160429927033
      vertex 279.6846787517318 212.28 17.475
    endloop
  endfacet
  facet normal 0 1 0
    outer loop
      vertex 274.5406046450972 212.28 17.812160429927033
      vertex 279.1920310216783 212.28 18.117031021678297
      vertex 279.4593953549028 212.28 17.812160429927033
    endloop
  endfacet
  facet normal 0 -1 0
    outer loop
      vertex 279.864026550785 215.53 17.111318640331778
      vertex 279.6846787517318 215.53 17.475
      vertex 274.3153212482682 215.53 17.475
    endloop
  endfacet
  facet normal 0 -1 0
    outer loop
      vertex 274.5406046450972 215.53 17.812160429927033
      vertex 279.6846787517318 215.53 17.475
      vertex 279.4593953549028 215.53 17.812160429927033
    endloop
  endfacet
  facet normal 0 -1 0
    outer loop
      vertex 274.8079689783217 215.53 18.117031021678297
      vertex 279.4593953549028 215.53 17.812160429927033
      vertex 279.1920310216783 215.53 18.117031021678297
    endloop
  endfacet
  facet normal -0.8968727415326861 0 -0.4422886902190057
    outer loop
      vertex 279.864026550785 212.28 17.111318640331778
      vertex 279.6846787517318 212.28 17.475
      vertex 279.864026550785 215.53 17.111318640331778
    endloop
  endfacet
  facet normal -0.8968727415326861 0 -0.4422886902190057
    outer loop
      vertex 279.864026550785 215.53 17.111318640331778
      vertex 279.6846787517318 212.28 17.475
      vertex 279.6846787517318 215.53 17.475
    endloop
  endfacet
  facet normal -0.8314696123025143 0 -0.5555702330196487
    outer loop
      vertex 279.6846787517318 212.28 17.475
      vertex 279.4593953549028 212.28 17.812160429927033
      vertex 279.6846787517318 215.53 17.475
    endloop
  endfacet
  facet normal -0.7518398074789918 0 -0.6593458151000523
    outer loop
      vertex 279.1920310216783 212.28 18.117031021678297
      vertex 279.4593953549028 215.53 17.812160429927033
      vertex 279.4593953549028 212.28 17.812160429927033
    endloop
  endfacet
  facet normal -0.8314696123025143 0 -0.5555702330196487
    outer loop
      vertex 279.4593953549028 212.28 17.812160429927033
      vertex 279.4593953549028 215.53 17.812160429927033
      vertex 279.6846787517318 215.53 17.475
    endloop
  endfacet
  facet normal -0.7518398074789918 0 -0.6593458151000523
    outer loop
      vertex 279.1920310216783 212.28 18.117031021678297
      vertex 279.1920310216783 215.53 18.117031021678297
      vertex 279.4593953549028 215.53 17.812160429927033
    endloop
  endfacet
  facet normal 0 1 0
    outer loop
      vertex 274.8079689783217 212.28 18.117031021678297
      vertex 278.887160429927 212.28 18.38439535490283
      vertex 279.1920310216783 212.28 18.117031021678297
    endloop
  endfacet
  facet normal 0 1 0
    outer loop
      vertex 275.112839570073 212.28 18.38439535490283
      vertex 278.55 212.28 18.60967875173176
      vertex 278.887160429927 212.28 18.38439535490283
    endloop
  endfacet
  facet normal 0 1 0
    outer loop
      vertex 275.45 212.28 18.60967875173176
      vertex 278.18631864033176 212.28 18.78902655078499
      vertex 278.55 212.28 18.60967875173176
    endloop
  endfacet
  facet normal 0 1 0
    outer loop
      vertex 275.81368135966824 212.28 18.78902655078499
      vertex 276.1976609601822 212.28 18.919370061496114
      vertex 277.8023390398178 212.28 18.919370061496114
    endloop
  endfacet
  facet normal 0 1 0
    outer loop
      vertex 276.1976609601822 212.28 18.919370061496114
      vertex 276.59536880411787 212.28 18.998479070258814
      vertex 277.40463119588213 212.28 18.998479070258814
    endloop
  endfacet
  facet normal 0 1 0
    outer loop
      vertex 276.1976609601822 212.28 18.919370061496114
      vertex 277.40463119588213 212.28 18.998479070258814
      vertex 277.8023390398178 212.28 18.919370061496114
    endloop
  endfacet
  facet normal 0 1 0
    outer loop
      vertex 275.81368135966824 212.28 18.78902655078499
      vertex 277.8023390398178 212.28 18.919370061496114
      vertex 278.18631864033176 212.28 18.78902655078499
    endloop
  endfacet
  facet normal 0 1 0
    outer loop
      vertex 276.59536880411787 212.28 18.998479070258814
      vertex 277 212.28 19.025000000000002
      vertex 277.40463119588213 212.28 18.998479070258814
    endloop
  endfacet
  facet normal 0 -1 0
    outer loop
      vertex 275.112839570073 215.53 18.38439535490283
      vertex 279.1920310216783 215.53 18.117031021678297
      vertex 278.887160429927 215.53 18.38439535490283
    endloop
  endfacet
  facet normal 0 -1 0
    outer loop
      vertex 275.45 215.53 18.60967875173176
      vertex 278.55 215.53 18.60967875173176
      vertex 275.81368135966824 215.53 18.78902655078499
    endloop
  endfacet
  facet normal 0 -1 0
    outer loop
      vertex 275.45 215.53 18.60967875173176
      vertex 278.887160429927 215.53 18.38439535490283
      vertex 278.55 215.53 18.60967875173176
    endloop
  endfacet
  facet normal -0.6593458151000282 0 -0.7518398074790132
    outer loop
      vertex 279.1920310216783 212.28 18.117031021678297
      vertex 278.887160429927 212.28 18.38439535490283
      vertex 278.887160429927 215.53 18.38439535490283
    endloop
  endfacet
  facet normal -0.6593458151000282 0 -0.7518398074790132
    outer loop
      vertex 279.1920310216783 212.28 18.117031021678297
      vertex 278.887160429927 215.53 18.38439535490283
      vertex 279.1920310216783 215.53 18.117031021678297
    endloop
  endfacet
  facet normal -0.44228869021897427 0 -0.8968727415327016
    outer loop
      vertex 278.55 212.28 18.60967875173176
      vertex 278.18631864033176 215.53 18.78902655078499
      vertex 278.55 215.53 18.60967875173176
    endloop
  endfacet
  facet normal -0.5555702330196467 0 -0.8314696123025155
    outer loop
      vertex 278.887160429927 212.28 18.38439535490283
      vertex 278.55 212.28 18.60967875173176
      vertex 278.55 215.53 18.60967875173176
    endloop
  endfacet
  facet normal -0.5555702330196467 0 -0.8314696123025155
    outer loop
      vertex 278.887160429927 212.28 18.38439535490283
      vertex 278.55 215.53 18.60967875173176
      vertex 278.887160429927 215.53 18.38439535490283
    endloop
  endfacet
  facet normal -0.1950903220161155 0 -0.980785280403233
    outer loop
      vertex 277.8023390398178 212.28 18.919370061496114
      vertex 277.40463119588213 212.28 18.998479070258814
      vertex 277.40463119588213 215.53 18.998479070258814
    endloop
  endfacet
  facet normal -0.1950903220161155 0 -0.980785280403233
    outer loop
      vertex 277.8023390398178 212.28 18.919370061496114
      vertex 277.40463119588213 215.53 18.998479070258814
      vertex 277.8023390398178 215.53 18.919370061496114
    endloop
  endfacet
  facet normal 0.06540312923014965 0 -0.997858923238603
    outer loop
      vertex 276.59536880411787 212.28 18.998479070258814
      vertex 276.59536880411787 215.53 18.998479070258814
      vertex 277 212.28 19.025000000000002
    endloop
  endfacet
  facet normal -0.06540312923014965 0 -0.997858923238603
    outer loop
      vertex 277 212.28 19.025000000000002
      vertex 277 215.53 19.025000000000002
      vertex 277.40463119588213 212.28 18.998479070258814
    endloop
  endfacet
  facet normal 0.06540312923014965 0 -0.997858923238603
    outer loop
      vertex 277 212.28 19.025000000000002
      vertex 276.59536880411787 215.53 18.998479070258814
      vertex 277 215.53 19.025000000000002
    endloop
  endfacet
  facet normal -0.06540312923014965 0 -0.997858923238603
    outer loop
      vertex 277.40463119588213 212.28 18.998479070258814
      vertex 277 215.53 19.025000000000002
      vertex 277.40463119588213 215.53 18.998479070258814
    endloop
  endfacet
  facet normal 0 -1 0
    outer loop
      vertex 275.81368135966824 215.53 18.78902655078499
      vertex 278.18631864033176 215.53 18.78902655078499
      vertex 276.1976609601822 215.53 18.919370061496114
    endloop
  endfacet
  facet normal 0 -1 0
    outer loop
      vertex 276.1976609601822 215.53 18.919370061496114
      vertex 277.8023390398178 215.53 18.919370061496114
      vertex 276.59536880411787 215.53 18.998479070258814
    endloop
  endfacet
  facet normal 0 -1 0
    outer loop
      vertex 275.81368135966824 215.53 18.78902655078499
      vertex 278.55 215.53 18.60967875173176
      vertex 278.18631864033176 215.53 18.78902655078499
    endloop
  endfacet
  facet normal 0 -1 0
    outer loop
      vertex 276.1976609601822 215.53 18.919370061496114
      vertex 278.18631864033176 215.53 18.78902655078499
      vertex 277.8023390398178 215.53 18.919370061496114
    endloop
  endfacet
  facet normal 0 -1 0
    outer loop
      vertex 277.8023390398178 215.53 18.919370061496114
      vertex 277.40463119588213 215.53 18.998479070258814
      vertex 276.59536880411787 215.53 18.998479070258814
    endloop
  endfacet
  facet normal 0 -1 0
    outer loop
      vertex 276.59536880411787 215.53 18.998479070258814
      vertex 277.40463119588213 215.53 18.998479070258814
      vertex 277 215.53 19.025000000000002
    endloop
  endfacet
  facet normal -0.44228869021897427 0 -0.8968727415327016
    outer loop
      vertex 278.55 212.28 18.60967875173176
      vertex 278.18631864033176 212.28 18.78902655078499
      vertex 278.18631864033176 215.53 18.78902655078499
    endloop
  endfacet
  facet normal -0.3214394653031742 0 -0.9469301294951015
    outer loop
      vertex 277.8023390398178 212.28 18.919370061496114
      vertex 277.8023390398178 215.53 18.919370061496114
      vertex 278.18631864033176 212.28 18.78902655078499
    endloop
  endfacet
  facet normal -0.3214394653031742 0 -0.9469301294951015
    outer loop
      vertex 278.18631864033176 212.28 18.78902655078499
      vertex 277.8023390398178 215.53 18.919370061496114
      vertex 278.18631864033176 215.53 18.78902655078499
    endloop
  endfacet
  facet normal 1 0 0
    outer loop
      vertex 273.9 212.28 0
      vertex 273.9 215.53 0
      vertex 273.9 215.53 15.925
    endloop
  endfacet
  facet normal -6.41780535525253e-14 1 0
    outer loop
      vertex 273.9 212.28 0
      vertex 273.9 212.28 15.925
      vertex 280.09999999999997 212.2800000000004 0
    endloop
  endfacet
  facet normal 0 -1 0
    outer loop
      vertex 273.9 215.53 0
      vertex 280.09999999999997 215.53 0
      vertex 280.1 215.53 15.925
    endloop
  endfacet
  facet normal -1 0 0
    outer loop
      vertex 280.09999999999997 212.2800000000004 0
      vertex 280.09999999999997 212.28000000000696 15.924999999999134
      vertex 280.09999999999997 215.53 0
    endloop
  endfacet
  facet normal 1 0 0
    outer loop
      vertex 273.9 212.28 0
      vertex 273.9 215.53 15.925
      vertex 273.9 212.28 15.925
    endloop
  endfacet
  facet normal 0 -1 0
    outer loop
      vertex 273.9 215.53 0
      vertex 280.1 215.53 15.925
      vertex 273.9 215.53 15.925
    endloop
  endfacet
  facet normal -1.1231159371692504e-12 1 -4.122709499795091e-13
    outer loop
      vertex 280.09999999999997 212.2800000000004 0
      vertex 273.9 212.28 15.925
      vertex 280.09999999999997 212.28000000000696 15.924999999999134
    endloop
  endfacet
  facet normal -1 1.7490282726438988e-14 3.56944545436785e-15
    outer loop
      vertex 280.09999999999997 215.53 0
      vertex 280.09999999999997 212.28000000000696 15.924999999999134
      vertex 280.1 215.53 15.925
    endloop
  endfacet
  facet normal 0 1 0
    outer loop
      vertex 241.9265209297412 212.28 15.52036880411784
      vertex 241.9 212.28 15.925
      vertex 248.1 212.28 15.925
    endloop
  endfacet
  facet normal 0 -1 0
    outer loop
      vertex 241.9265209297412 215.53 15.52036880411784
      vertex 248.0734790702588 215.53 15.52036880411784
      vertex 241.9 215.53 15.925
    endloop
  endfacet
  facet normal 0.9978589232386023 0 -0.06540312923016253
    outer loop
      vertex 241.9 212.28 15.925
      vertex 241.9265209297412 215.53 16.32963119588216
      vertex 241.9265209297412 212.28 16.32963119588216
    endloop
  endfacet
  facet normal 0.9978589232386023 0 -0.06540312923016253
    outer loop
      vertex 241.9 212.28 15.925
      vertex 241.9 215.53 15.925
      vertex 241.9265209297412 215.53 16.32963119588216
    endloop
  endfacet
  facet normal 0.9807852804032374 0 -0.19509032201609355
    outer loop
      vertex 241.9265209297412 212.28 16.32963119588216
      vertex 241.9265209297412 215.53 16.32963119588216
      vertex 242.0056299385039 215.53 16.727339039817814
    endloop
  endfacet
  facet normal 0.9807852804032374 0 -0.19509032201609355
    outer loop
      vertex 241.9265209297412 212.28 16.32963119588216
      vertex 242.0056299385039 215.53 16.727339039817814
      vertex 242.0056299385039 212.28 16.727339039817814
    endloop
  endfacet
  facet normal 0.9469301294951014 0 -0.32143946530317397
    outer loop
      vertex 242.0056299385039 212.28 16.727339039817814
      vertex 242.13597344921502 215.53 17.111318640331778
      vertex 242.13597344921502 212.28 17.111318640331778
    endloop
  endfacet
  facet normal 0.9469301294951014 0 -0.32143946530317397
    outer loop
      vertex 242.0056299385039 212.28 16.727339039817814
      vertex 242.0056299385039 215.53 16.727339039817814
      vertex 242.13597344921502 215.53 17.111318640331778
    endloop
  endfacet
  facet normal 0 1 0
    outer loop
      vertex 241.9 212.28 15.925
      vertex 241.9265209297412 212.28 16.32963119588216
      vertex 248.0734790702588 212.28 16.32963119588216
    endloop
  endfacet
  facet normal 0 1 0
    outer loop
      vertex 241.9265209297412 212.28 16.32963119588216
      vertex 242.0056299385039 212.28 16.727339039817814
      vertex 247.9943700614961 212.28 16.727339039817814
    endloop
  endfacet
  facet normal 0 1 0
    outer loop
      vertex 242.0056299385039 212.28 16.727339039817814
      vertex 242.13597344921502 212.28 17.111318640331778
      vertex 247.86402655078498 212.28 17.111318640331778
    endloop
  endfacet
  facet normal 0 -1 0
    outer loop
      vertex 241.9 215.53 15.925
      vertex 248.1 215.53 15.925
      vertex 241.9265209297412 215.53 16.32963119588216
    endloop
  endfacet
  facet normal 0 -1 0
    outer loop
      vertex 241.9265209297412 215.53 16.32963119588216
      vertex 248.0734790702588 215.53 16.32963119588216
      vertex 242.0056299385039 215.53 16.727339039817814
    endloop
  endfacet
  facet normal 0 -1 0
    outer loop
      vertex 242.0056299385039 215.53 16.727339039817814
      vertex 247.9943700614961 215.53 16.727339039817814
      vertex 242.13597344921502 215.53 17.111318640331778
    endloop
  endfacet
  facet normal 0 1 0
    outer loop
      vertex 241.9265209297412 212.28 15.52036880411784
      vertex 248.1 212.28 15.925
      vertex 248.0734790702588 212.28 15.52036880411784
    endloop
  endfacet
  facet normal 0 -1 0
    outer loop
      vertex 241.9 215.53 15.925
      vertex 248.0734790702588 215.53 15.52036880411784
      vertex 248.1 215.53 15.925
    endloop
  endfacet
  facet normal 0 1 0
    outer loop
      vertex 241.9 212.28 15.925
      vertex 248.0734790702588 212.28 16.32963119588216
      vertex 248.1 212.28 15.925
    endloop
  endfacet
  facet normal 0 1 0
    outer loop
      vertex 241.9265209297412 212.28 16.32963119588216
      vertex 247.9943700614961 212.28 16.727339039817814
      vertex 248.0734790702588 212.28 16.32963119588216
    endloop
  endfacet
  facet normal 0 1 0
    outer loop
      vertex 242.0056299385039 212.28 16.727339039817814
      vertex 247.86402655078498 212.28 17.111318640331778
      vertex 247.9943700614961 212.28 16.727339039817814
    endloop
  endfacet
  facet normal 0 -1 0
    outer loop
      vertex 241.9265209297412 215.53 16.32963119588216
      vertex 248.1 215.53 15.925
      vertex 248.0734790702588 215.53 16.32963119588216
    endloop
  endfacet
  facet normal 0 -1 0
    outer loop
      vertex 242.0056299385039 215.53 16.727339039817814
      vertex 248.0734790702588 215.53 16.32963119588216
      vertex 247.9943700614961 215.53 16.727339039817814
    endloop
  endfacet
  facet normal 0 -1 0
    outer loop
      vertex 242.13597344921502 215.53 17.111318640331778
      vertex 247.9943700614961 215.53 16.727339039817814
      vertex 247.86402655078498 215.53 17.111318640331778
    endloop
  endfacet
  facet normal -0.9978589232386023 0 -0.06540312923016253
    outer loop
      vertex 248.1 212.28 15.925
      vertex 248.0734790702588 212.28 16.32963119588216
      vertex 248.1 215.53 15.925
    endloop
  endfacet
  facet normal -0.9978589232386023 0 -0.06540312923016253
    outer loop
      vertex 248.1 215.53 15.925
      vertex 248.0734790702588 212.28 16.32963119588216
      vertex 248.0734790702588 215.53 16.32963119588216
    endloop
  endfacet
  facet normal -0.9807852804032374 0 -0.19509032201609355
    outer loop
      vertex 248.0734790702588 212.28 16.32963119588216
      vertex 247.9943700614961 212.28 16.727339039817814
      vertex 248.0734790702588 215.53 16.32963119588216
    endloop
  endfacet
  facet normal -0.9807852804032374 0 -0.19509032201609355
    outer loop
      vertex 247.9943700614961 212.28 16.727339039817814
      vertex 247.9943700614961 215.53 16.727339039817814
      vertex 248.0734790702588 215.53 16.32963119588216
    endloop
  endfacet
  facet normal -0.9469301294951014 0 -0.32143946530317397
    outer loop
      vertex 247.86402655078498 212.28 17.111318640331778
      vertex 247.9943700614961 215.53 16.727339039817814
      vertex 247.9943700614961 212.28 16.727339039817814
    endloop
  endfacet
  facet normal -0.9469301294951014 0 -0.32143946530317397
    outer loop
      vertex 247.86402655078498 212.28 17.111318640331778
      vertex 247.86402655078498 215.53 17.111318640331778
      vertex 247.9943700614961 215.53 16.727339039817814
    endloop
  endfacet
  facet normal 0.8968727415326861 0 -0.4422886902190057
    outer loop
      vertex 242.13597344921502 212.28 17.111318640331778
      vertex 242.31532124826825 215.53 17.475
      vertex 242.31532124826825 212.28 17.475
    endloop
  endfacet
  facet normal 0.8968727415326861 0 -0.4422886902190057
    outer loop
      vertex 242.13597344921502 212.28 17.111318640331778
      vertex 242.13597344921502 215.53 17.111318640331778
      vertex 242.31532124826825 215.53 17.475
    endloop
  endfacet
  facet normal 0.8314696123025465 0 -0.5555702330196002
    outer loop
      vertex 242.31532124826825 212.28 17.475
      vertex 242.31532124826825 215.53 17.475
      vertex 242.54060464509718 215.53 17.812160429927033
    endloop
  endfacet
  facet normal 0.8314696123025465 0 -0.5555702330196002
    outer loop
      vertex 242.31532124826825 212.28 17.475
      vertex 242.54060464509718 215.53 17.812160429927033
      vertex 242.54060464509718 212.28 17.812160429927033
    endloop
  endfacet
  facet normal 0.7518398074789918 0 -0.6593458151000523
    outer loop
      vertex 242.54060464509718 212.28 17.812160429927033
      vertex 242.54060464509718 215.53 17.812160429927033
      vertex 242.8079689783217 215.53 18.117031021678297
    endloop
  endfacet
  facet normal 0 1 0
    outer loop
      vertex 242.13597344921502 212.28 17.111318640331778
      vertex 242.31532124826825 212.28 17.475
      vertex 247.68467875173175 212.28 17.475
    endloop
  endfacet
  facet normal 0 1 0
    outer loop
      vertex 242.31532124826825 212.28 17.475
      vertex 242.54060464509718 212.28 17.812160429927033
      vertex 247.45939535490282 212.28 17.812160429927033
    endloop
  endfacet
  facet normal 0 1 0
    outer loop
      vertex 242.54060464509718 212.28 17.812160429927033
      vertex 242.8079689783217 212.28 18.117031021678297
      vertex 247.1920310216783 212.28 18.117031021678297
    endloop
  endfacet
  facet normal 0 -1 0
    outer loop
      vertex 242.13597344921502 215.53 17.111318640331778
      vertex 247.86402655078498 215.53 17.111318640331778
      vertex 242.31532124826825 215.53 17.475
    endloop
  endfacet
  facet normal 0 -1 0
    outer loop
      vertex 242.31532124826825 215.53 17.475
      vertex 247.68467875173175 215.53 17.475
      vertex 242.54060464509718 215.53 17.812160429927033
    endloop
  endfacet
  facet normal 0.7518398074789918 0 -0.6593458151000523
    outer loop
      vertex 242.54060464509718 212.28 17.812160429927033
      vertex 242.8079689783217 215.53 18.117031021678297
      vertex 242.8079689783217 212.28 18.117031021678297
    endloop
  endfacet
  facet normal 0 -1 0
    outer loop
      vertex 242.54060464509718 215.53 17.812160429927033
      vertex 247.45939535490282 215.53 17.812160429927033
      vertex 242.8079689783217 215.53 18.117031021678297
    endloop
  endfacet
  facet normal 0 1 0
    outer loop
      vertex 242.8079689783217 212.28 18.117031021678297
      vertex 243.11283957007296 212.28 18.38439535490283
      vertex 246.88716042992704 212.28 18.38439535490283
    endloop
  endfacet
  facet normal 0 1 0
    outer loop
      vertex 243.11283957007296 212.28 18.38439535490283
      vertex 243.45 212.28 18.60967875173176
      vertex 246.55 212.28 18.60967875173176
    endloop
  endfacet
  facet normal 0 1 0
    outer loop
      vertex 243.45 212.28 18.60967875173176
      vertex 243.8136813596682 212.28 18.78902655078499
      vertex 246.1863186403318 212.28 18.78902655078499
    endloop
  endfacet
  facet normal 0 1 0
    outer loop
      vertex 243.8136813596682 212.28 18.78902655078499
      vertex 244.1976609601822 212.28 18.919370061496114
      vertex 245.8023390398178 212.28 18.919370061496114
    endloop
  endfacet
  facet normal 0 1 0
    outer loop
      vertex 243.8136813596682 212.28 18.78902655078499
      vertex 245.8023390398178 212.28 18.919370061496114
      vertex 246.1863186403318 212.28 18.78902655078499
    endloop
  endfacet
  facet normal 0 1 0
    outer loop
      vertex 244.1976609601822 212.28 18.919370061496114
      vertex 244.59536880411784 212.28 18.998479070258814
      vertex 245.40463119588216 212.28 18.998479070258814
    endloop
  endfacet
  facet normal 0 1 0
    outer loop
      vertex 244.1976609601822 212.28 18.919370061496114
      vertex 245.40463119588216 212.28 18.998479070258814
      vertex 245.8023390398178 212.28 18.919370061496114
    endloop
  endfacet
  facet normal 0 1 0
    outer loop
      vertex 244.59536880411784 212.28 18.998479070258814
      vertex 245 212.28 19.025000000000002
      vertex 245.40463119588216 212.28 18.998479070258814
    endloop
  endfacet
  facet normal 0.6593458151000628 0 -0.7518398074789826
    outer loop
      vertex 242.8079689783217 212.28 18.117031021678297
      vertex 242.8079689783217 215.53 18.117031021678297
      vertex 243.11283957007296 212.28 18.38439535490283
    endloop
  endfacet
  facet normal 0.6593458151000628 0 -0.7518398074789826
    outer loop
      vertex 242.8079689783217 215.53 18.117031021678297
      vertex 243.11283957007296 215.53 18.38439535490283
      vertex 243.11283957007296 212.28 18.38439535490283
    endloop
  endfacet
  facet normal 0.5555702330196143 0 -0.831469612302537
    outer loop
      vertex 243.11283957007296 212.28 18.38439535490283
      vertex 243.11283957007296 215.53 18.38439535490283
      vertex 243.45 212.28 18.60967875173176
    endloop
  endfacet
  facet normal 0.4422886902190022 0 -0.8968727415326879
    outer loop
      vertex 243.45 212.28 18.60967875173176
      vertex 243.45 215.53 18.60967875173176
      vertex 243.8136813596682 212.28 18.78902655078499
    endloop
  endfacet
  facet normal 0.5555702330196143 0 -0.831469612302537
    outer loop
      vertex 243.45 212.28 18.60967875173176
      vertex 243.11283957007296 215.53 18.38439535490283
      vertex 243.45 215.53 18.60967875173176
    endloop
  endfacet
  facet normal 0 -1 0
    outer loop
      vertex 242.8079689783217 215.53 18.117031021678297
      vertex 247.1920310216783 215.53 18.117031021678297
      vertex 243.11283957007296 215.53 18.38439535490283
    endloop
  endfacet
  facet normal 0 -1 0
    outer loop
      vertex 243.11283957007296 215.53 18.38439535490283
      vertex 246.88716042992704 215.53 18.38439535490283
      vertex 243.45 215.53 18.60967875173176
    endloop
  endfacet
  facet normal 0 -1 0
    outer loop
      vertex 243.45 215.53 18.60967875173176
      vertex 246.55 215.53 18.60967875173176
      vertex 243.8136813596682 215.53 18.78902655078499
    endloop
  endfacet
  facet normal 0.3214394653031528 0 -0.9469301294951087
    outer loop
      vertex 243.8136813596682 212.28 18.78902655078499
      vertex 243.8136813596682 215.53 18.78902655078499
      vertex 244.1976609601822 212.28 18.919370061496114
    endloop
  endfacet
  facet normal 0.4422886902190022 0 -0.8968727415326879
    outer loop
      vertex 243.8136813596682 212.28 18.78902655078499
      vertex 243.45 215.53 18.60967875173176
      vertex 243.8136813596682 215.53 18.78902655078499
    endloop
  endfacet
  facet normal 0.19509032201612891 0 -0.9807852804032303
    outer loop
      vertex 244.1976609601822 212.28 18.919370061496114
      vertex 244.1976609601822 215.53 18.919370061496114
      vertex 244.59536880411784 212.28 18.998479070258814
    endloop
  endfacet
  facet normal 0.3214394653031528 0 -0.9469301294951087
    outer loop
      vertex 244.1976609601822 212.28 18.919370061496114
      vertex 243.8136813596682 215.53 18.78902655078499
      vertex 244.1976609601822 215.53 18.919370061496114
    endloop
  endfacet
  facet normal 0.19509032201612891 0 -0.9807852804032303
    outer loop
      vertex 244.59536880411784 212.28 18.998479070258814
      vertex 244.1976609601822 215.53 18.919370061496114
      vertex 244.59536880411784 215.53 18.998479070258814
    endloop
  endfacet
  facet normal 0.06540312923014509 0 -0.9978589232386034
    outer loop
      vertex 244.59536880411784 212.28 18.998479070258814
      vertex 244.59536880411784 215.53 18.998479070258814
      vertex 245 212.28 19.025000000000002
    endloop
  endfacet
  facet normal -0.06540312923014509 0 -0.9978589232386034
    outer loop
      vertex 245 212.28 19.025000000000002
      vertex 245 215.53 19.025000000000002
      vertex 245.40463119588216 212.28 18.998479070258814
    endloop
  endfacet
  facet normal 0.06540312923014509 0 -0.9978589232386034
    outer loop
      vertex 245 212.28 19.025000000000002
      vertex 244.59536880411784 215.53 18.998479070258814
      vertex 245 215.53 19.025000000000002
    endloop
  endfacet
  facet normal -0.06540312923014509 0 -0.9978589232386034
    outer loop
      vertex 245 215.53 19.025000000000002
      vertex 245.40463119588216 215.53 18.998479070258814
      vertex 245.40463119588216 212.28 18.998479070258814
    endloop
  endfacet
  facet normal 0 -1 0
    outer loop
      vertex 243.8136813596682 215.53 18.78902655078499
      vertex 246.1863186403318 215.53 18.78902655078499
      vertex 244.1976609601822 215.53 18.919370061496114
    endloop
  endfacet
  facet normal 0 -1 0
    outer loop
      vertex 244.1976609601822 215.53 18.919370061496114
      vertex 245.8023390398178 215.53 18.919370061496114
      vertex 244.59536880411784 215.53 18.998479070258814
    endloop
  endfacet
  facet normal 0 -1 0
    outer loop
      vertex 244.59536880411784 215.53 18.998479070258814
      vertex 245.8023390398178 215.53 18.919370061496114
      vertex 245.40463119588216 215.53 18.998479070258814
    endloop
  endfacet
  facet normal 0 -1 0
    outer loop
      vertex 244.59536880411784 215.53 18.998479070258814
      vertex 245.40463119588216 215.53 18.998479070258814
      vertex 245 215.53 19.025000000000002
    endloop
  endfacet
  facet normal 0 1 0
    outer loop
      vertex 242.13597344921502 212.28 17.111318640331778
      vertex 247.68467875173175 212.28 17.475
      vertex 247.86402655078498 212.28 17.111318640331778
    endloop
  endfacet
  facet normal 0 1 0
    outer loop
      vertex 242.31532124826825 212.28 17.475
      vertex 247.45939535490282 212.28 17.812160429927033
      vertex 247.68467875173175 212.28 17.475
    endloop
  endfacet
  facet normal 0 1 0
    outer loop
      vertex 242.54060464509718 212.28 17.812160429927033
      vertex 247.1920310216783 212.28 18.117031021678297
      vertex 247.45939535490282 212.28 17.812160429927033
    endloop
  endfacet
  facet normal 0 -1 0
    outer loop
      vertex 247.86402655078498 215.53 17.111318640331778
      vertex 247.68467875173175 215.53 17.475
      vertex 242.31532124826825 215.53 17.475
    endloop
  endfacet
  facet normal -0.8968727415326861 0 -0.4422886902190057
    outer loop
      vertex 247.86402655078498 212.28 17.111318640331778
      vertex 247.68467875173175 212.28 17.475
      vertex 247.86402655078498 215.53 17.111318640331778
    endloop
  endfacet
  facet normal -0.8968727415326861 0 -0.4422886902190057
    outer loop
      vertex 247.86402655078498 215.53 17.111318640331778
      vertex 247.68467875173175 212.28 17.475
      vertex 247.68467875173175 215.53 17.475
    endloop
  endfacet
  facet normal -0.8314696123025465 0 -0.5555702330196002
    outer loop
      vertex 247.68467875173175 212.28 17.475
      vertex 247.45939535490282 212.28 17.812160429927033
      vertex 247.68467875173175 215.53 17.475
    endloop
  endfacet
  facet normal 0 -1 0
    outer loop
      vertex 242.54060464509718 215.53 17.812160429927033
      vertex 247.68467875173175 215.53 17.475
      vertex 247.45939535490282 215.53 17.812160429927033
    endloop
  endfacet
  facet normal 0 -1 0
    outer loop
      vertex 242.8079689783217 215.53 18.117031021678297
      vertex 247.45939535490282 215.53 17.812160429927033
      vertex 247.1920310216783 215.53 18.117031021678297
    endloop
  endfacet
  facet normal -0.7518398074789918 0 -0.6593458151000523
    outer loop
      vertex 247.45939535490282 212.28 17.812160429927033
      vertex 247.1920310216783 212.28 18.117031021678297
      vertex 247.45939535490282 215.53 17.812160429927033
    endloop
  endfacet
  facet normal -0.8314696123025465 0 -0.5555702330196002
    outer loop
      vertex 247.45939535490282 212.28 17.812160429927033
      vertex 247.45939535490282 215.53 17.812160429927033
      vertex 247.68467875173175 215.53 17.475
    endloop
  endfacet
  facet normal -0.7518398074789918 0 -0.6593458151000523
    outer loop
      vertex 247.1920310216783 212.28 18.117031021678297
      vertex 247.1920310216783 215.53 18.117031021678297
      vertex 247.45939535490282 215.53 17.812160429927033
    endloop
  endfacet
  facet normal 0 1 0
    outer loop
      vertex 242.8079689783217 212.28 18.117031021678297
      vertex 246.88716042992704 212.28 18.38439535490283
      vertex 247.1920310216783 212.28 18.117031021678297
    endloop
  endfacet
  facet normal 0 1 0
    outer loop
      vertex 243.11283957007296 212.28 18.38439535490283
      vertex 246.55 212.28 18.60967875173176
      vertex 246.88716042992704 212.28 18.38439535490283
    endloop
  endfacet
  facet normal 0 1 0
    outer loop
      vertex 243.45 212.28 18.60967875173176
      vertex 246.1863186403318 212.28 18.78902655078499
      vertex 246.55 212.28 18.60967875173176
    endloop
  endfacet
  facet normal -0.4422886902190022 0 -0.8968727415326879
    outer loop
      vertex 246.55 212.28 18.60967875173176
      vertex 246.1863186403318 215.53 18.78902655078499
      vertex 246.55 215.53 18.60967875173176
    endloop
  endfacet
  facet normal 0 -1 0
    outer loop
      vertex 243.11283957007296 215.53 18.38439535490283
      vertex 247.1920310216783 215.53 18.117031021678297
      vertex 246.88716042992704 215.53 18.38439535490283
    endloop
  endfacet
  facet normal 0 -1 0
    outer loop
      vertex 243.45 215.53 18.60967875173176
      vertex 246.88716042992704 215.53 18.38439535490283
      vertex 246.55 215.53 18.60967875173176
    endloop
  endfacet
  facet normal -0.6593458151000628 0 -0.7518398074789826
    outer loop
      vertex 247.1920310216783 212.28 18.117031021678297
      vertex 246.88716042992704 212.28 18.38439535490283
      vertex 246.88716042992704 215.53 18.38439535490283
    endloop
  endfacet
  facet normal -0.6593458151000628 0 -0.7518398074789826
    outer loop
      vertex 247.1920310216783 212.28 18.117031021678297
      vertex 246.88716042992704 215.53 18.38439535490283
      vertex 247.1920310216783 215.53 18.117031021678297
    endloop
  endfacet
  facet normal -0.5555702330196143 0 -0.831469612302537
    outer loop
      vertex 246.55 212.28 18.60967875173176
      vertex 246.55 215.53 18.60967875173176
      vertex 246.88716042992704 212.28 18.38439535490283
    endloop
  endfacet
  facet normal -0.5555702330196143 0 -0.831469612302537
    outer loop
      vertex 246.88716042992704 212.28 18.38439535490283
      vertex 246.55 215.53 18.60967875173176
      vertex 246.88716042992704 215.53 18.38439535490283
    endloop
  endfacet
  facet normal -0.19509032201612891 0 -0.9807852804032303
    outer loop
      vertex 245.8023390398178 212.28 18.919370061496114
      vertex 245.40463119588216 212.28 18.998479070258814
      vertex 245.40463119588216 215.53 18.998479070258814
    endloop
  endfacet
  facet normal -0.3214394653031528 0 -0.9469301294951087
    outer loop
      vertex 245.8023390398178 212.28 18.919370061496114
      vertex 245.8023390398178 215.53 18.919370061496114
      vertex 246.1863186403318 212.28 18.78902655078499
    endloop
  endfacet
  facet normal -0.19509032201612891 0 -0.9807852804032303
    outer loop
      vertex 245.8023390398178 212.28 18.919370061496114
      vertex 245.40463119588216 215.53 18.998479070258814
      vertex 245.8023390398178 215.53 18.919370061496114
    endloop
  endfacet
  facet normal -0.4422886902190022 0 -0.8968727415326879
    outer loop
      vertex 246.55 212.28 18.60967875173176
      vertex 246.1863186403318 212.28 18.78902655078499
      vertex 246.1863186403318 215.53 18.78902655078499
    endloop
  endfacet
  facet normal -0.3214394653031528 0 -0.9469301294951087
    outer loop
      vertex 246.1863186403318 212.28 18.78902655078499
      vertex 245.8023390398178 215.53 18.919370061496114
      vertex 246.1863186403318 215.53 18.78902655078499
    endloop
  endfacet
  facet normal 0 -1 0
    outer loop
      vertex 243.8136813596682 215.53 18.78902655078499
      vertex 246.55 215.53 18.60967875173176
      vertex 246.1863186403318 215.53 18.78902655078499
    endloop
  endfacet
  facet normal 0 -1 0
    outer loop
      vertex 244.1976609601822 215.53 18.919370061496114
      vertex 246.1863186403318 215.53 18.78902655078499
      vertex 245.8023390398178 215.53 18.919370061496114
    endloop
  endfacet
  facet normal 1 0 0
    outer loop
      vertex 241.9 212.28 0
      vertex 241.9 215.53 0
      vertex 241.9 215.53 15.925
    endloop
  endfacet
  facet normal 0 1 0
    outer loop
      vertex 241.9 212.28 0
      vertex 241.9265209297412 212.28 15.52036880411784
      vertex 248.1 212.28 0
    endloop
  endfacet
  facet normal 0 -1 0
    outer loop
      vertex 241.9 215.53 0
      vertex 248.1 215.53 0
      vertex 248.0734790702588 215.53 15.52036880411784
    endloop
  endfacet
  facet normal -1 0 0
    outer loop
      vertex 248.1 212.28 0
      vertex 248.1 212.28 15.925
      vertex 248.1 215.53 0
    endloop
  endfacet
  facet normal 0 1 0
    outer loop
      vertex 241.9 212.28 0
      vertex 241.9 212.28 15.925
      vertex 241.9265209297412 212.28 15.52036880411784
    endloop
  endfacet
  facet normal 1 0 0
    outer loop
      vertex 241.9 212.28 0
      vertex 241.9 215.53 15.925
      vertex 241.9 212.28 15.925
    endloop
  endfacet
  facet normal 0 -1 0
    outer loop
      vertex 241.9 215.53 0
      vertex 241.9265209297412 215.53 15.52036880411784
      vertex 241.9 215.53 15.925
    endloop
  endfacet
  facet normal 0 -1 0
    outer loop
      vertex 241.9 215.53 0
      vertex 248.0734790702588 215.53 15.52036880411784
      vertex 241.9265209297412 215.53 15.52036880411784
    endloop
  endfacet
  facet normal 0 1 0
    outer loop
      vertex 248.1 212.28 0
      vertex 241.9265209297412 212.28 15.52036880411784
      vertex 248.0734790702588 212.28 15.52036880411784
    endloop
  endfacet
  facet normal 0 1 0
    outer loop
      vertex 248.1 212.28 0
      vertex 248.0734790702588 212.28 15.52036880411784
      vertex 248.1 212.28 15.925
    endloop
  endfacet
  facet normal -1 0 0
    outer loop
      vertex 248.1 215.53 0
      vertex 248.1 212.28 15.925
      vertex 248.1 215.53 15.925
    endloop
  endfacet
  facet normal 0 -1 0
    outer loop
      vertex 248.1 215.53 0
      vertex 248.1 215.53 15.925
      vertex 248.0734790702588 215.53 15.52036880411784
    endloop
  endfacet
  facet normal -1 0 0
    outer loop
      vertex 167 0 0
      vertex 167 17.284292775205678 17.12914893386792
      vertex 167 19.31022734046062 2.713875468721276
    endloop
  endfacet
  facet normal -1 0 0
    outer loop
      vertex 167 0 0
      vertex 167 19.31022734046062 2.713875468721276
      vertex 167 65.35634414167646 6.642054018786335
    endloop
  endfacet
  facet normal -1 0 0
    outer loop
      vertex 167 0 0
      vertex 167 65.65 2.1617314097820155
      vertex 167 65.96675473261426 2.0055252622195257
    endloop
  endfacet
  facet normal -1 0 0
    outer loop
      vertex 167 0 0
      vertex 167 65.35634414167646 2.357945981213665
      vertex 167 65.65 2.1617314097820155
    endloop
  endfacet
  facet normal -1 0 0
    outer loop
      vertex 167 0 0
      vertex 167 65.09081169079631 2.5908116907963215
      vertex 167 65.35634414167646 2.357945981213665
    endloop
  endfacet
  facet normal -1 0 0
    outer loop
      vertex 167 0 0
      vertex 167 64.85794598121366 2.856344141676454
      vertex 167 65.09081169079631 2.5908116907963215
    endloop
  endfacet
  facet normal -1 0 0
    outer loop
      vertex 167 0 0
      vertex 167 64.66173140978202 3.15
      vertex 167 64.85794598121366 2.856344141676454
    endloop
  endfacet
  facet normal -1 0 0
    outer loop
      vertex 167 0 0
      vertex 167 66.30118857822319 1.8920002690195155
      vertex 167 66.64757928100586 1.8230988742907117
    endloop
  endfacet
  facet normal -1 0 0
    outer loop
      vertex 167 0 0
      vertex 167 65.96675473261426 2.0055252622195257
      vertex 167 66.30118857822319 1.8920002690195155
    endloop
  endfacet
  facet normal -1 0 0
    outer loop
      vertex 167 0 0
      vertex 167 66.64757928100586 1.8230988742907117
      vertex 167 67 1.7999999999999998
    endloop
  endfacet
  facet normal -1 0 0
    outer loop
      vertex 167 0 0
      vertex 167 67 1.7999999999999998
      vertex 167 78.64757928100586 1.8230988742907117
    endloop
  endfacet
  facet normal -1 0 0
    outer loop
      vertex 167 0 0
      vertex 167 78.64757928100586 1.8230988742907117
      vertex 167 79 1.7999999999999998
    endloop
  endfacet
  facet normal -1 0 0
    outer loop
      vertex 167 0 0
      vertex 167 64.50552526221952 3.4667547326142576
      vertex 167 64.66173140978202 3.15
    endloop
  endfacet
  facet normal -1 0 0
    outer loop
      vertex 167 0 0
      vertex 167 64.39200026901952 3.801188578223194
      vertex 167 64.50552526221952 3.4667547326142576
    endloop
  endfacet
  facet normal -1 0 0
    outer loop
      vertex 167 0 0
      vertex 167 64.32309887429071 4.147579281005861
      vertex 167 64.39200026901952 3.801188578223194
    endloop
  endfacet
  facet normal -1 0 0
    outer loop
      vertex 167 0 0
      vertex 167 64.3 4.5
      vertex 167 64.32309887429071 4.147579281005861
    endloop
  endfacet
  facet normal -1 0 0
    outer loop
      vertex 167 0 0
      vertex 167 64.32309887429071 4.852420718994139
      vertex 167 64.3 4.5
    endloop
  endfacet
  facet normal -1 0 0
    outer loop
      vertex 167 0 0
      vertex 167 64.39200026901952 5.198811421776806
      vertex 167 64.32309887429071 4.852420718994139
    endloop
  endfacet
  facet normal -1 0 0
    outer loop
      vertex 167 0 0
      vertex 167 64.50552526221952 5.533245267385743
      vertex 167 64.39200026901952 5.198811421776806
    endloop
  endfacet
  facet normal -1 0 0
    outer loop
      vertex 167 0 0
      vertex 167 64.66173140978202 5.85
      vertex 167 64.50552526221952 5.533245267385743
    endloop
  endfacet
  facet normal -1 0 0
    outer loop
      vertex 167 0 0
      vertex 167 64.85794598121366 6.143655858323546
      vertex 167 64.66173140978202 5.85
    endloop
  endfacet
  facet normal -1 0 0
    outer loop
      vertex 167 0 0
      vertex 167 65.09081169079631 6.409188309203678
      vertex 167 64.85794598121366 6.143655858323546
    endloop
  endfacet
  facet normal -1 0 0
    outer loop
      vertex 167 0 0
      vertex 167 65.35634414167646 6.642054018786335
      vertex 167 65.09081169079631 6.409188309203678
    endloop
  endfacet
  facet normal -1 0 0
    outer loop
      vertex 167 19.31022734046062 2.713875468721276
      vertex 167 65.65 6.838268590217984
      vertex 167 65.35634414167646 6.642054018786335
    endloop
  endfacet
  facet normal -1 0 0
    outer loop
      vertex 167 19.31022734046062 2.713875468721276
      vertex 167 65.96675473261426 6.994474737780474
      vertex 167 65.65 6.838268590217984
    endloop
  endfacet
  facet normal -1 0 0
    outer loop
      vertex 167 19.31022734046062 2.713875468721276
      vertex 167 66.30118857822319 7.1079997309804845
      vertex 167 65.96675473261426 6.994474737780474
    endloop
  endfacet
  facet normal -1 0 0
    outer loop
      vertex 167 19.31022734046062 2.713875468721276
      vertex 167 66.64757928100586 7.176901125709288
      vertex 167 66.30118857822319 7.1079997309804845
    endloop
  endfacet
  facet normal -1 0 0
    outer loop
      vertex 167 0 0
      vertex 167 0 14.7
      vertex 167 17.284292775205678 17.12914893386792
    endloop
  endfacet
  facet normal -1 0 0
    outer loop
      vertex 167 0 0
      vertex 167 79 1.7999999999999998
      vertex 167 119 0
    endloop
  endfacet
  facet normal -1 0 0
    outer loop
      vertex 167 67 1.7999999999999998
      vertex 167 67.35242071899414 1.8230988742907117
      vertex 167 78.64757928100586 1.8230988742907117
    endloop
  endfacet
  facet normal -1 0 0
    outer loop
      vertex 167 67.35242071899414 1.8230988742907117
      vertex 167 67.69881142177681 1.8920002690195155
      vertex 167 78.64757928100586 1.8230988742907117
    endloop
  endfacet
  facet normal -1 0 0
    outer loop
      vertex 167 67.69881142177681 1.8920002690195155
      vertex 167 68.03324526738574 2.0055252622195257
      vertex 167 78.30118857822319 1.8920002690195155
    endloop
  endfacet
  facet normal -1 0 0
    outer loop
      vertex 167 68.03324526738574 2.0055252622195257
      vertex 167 68.35 2.1617314097820155
      vertex 167 77.96675473261426 2.0055252622195257
    endloop
  endfacet
  facet normal -1 0 0
    outer loop
      vertex 167 78.30118857822319 1.8920002690195155
      vertex 167 78.64757928100586 1.8230988742907117
      vertex 167 67.69881142177681 1.8920002690195155
    endloop
  endfacet
  facet normal -1 0 0
    outer loop
      vertex 167 77.96675473261426 2.0055252622195257
      vertex 167 78.30118857822319 1.8920002690195155
      vertex 167 68.03324526738574 2.0055252622195257
    endloop
  endfacet
  facet normal -1 0 0
    outer loop
      vertex 167 68.35 2.1617314097820155
      vertex 167 77.65 2.1617314097820155
      vertex 167 77.96675473261426 2.0055252622195257
    endloop
  endfacet
  facet normal -1 0 0
    outer loop
      vertex 167 68.35 2.1617314097820155
      vertex 167 68.64365585832354 2.357945981213665
      vertex 167 77.65 2.1617314097820155
    endloop
  endfacet
  facet normal -1 0 0
    outer loop
      vertex 167 68.64365585832354 2.357945981213665
      vertex 167 68.90918830920369 2.5908116907963215
      vertex 167 77.35634414167646 2.357945981213665
    endloop
  endfacet
  facet normal -1 0 0
    outer loop
      vertex 167 77.09081169079631 2.5908116907963215
      vertex 167 68.90918830920369 2.5908116907963215
      vertex 167 69.14205401878634 2.856344141676454
    endloop
  endfacet
  facet normal -1 0 0
    outer loop
      vertex 167 69.33826859021798 3.15
      vertex 167 76.85794598121366 2.856344141676454
      vertex 167 69.14205401878634 2.856344141676454
    endloop
  endfacet
  facet normal -1 0 0
    outer loop
      vertex 167 77.09081169079631 2.5908116907963215
      vertex 167 69.14205401878634 2.856344141676454
      vertex 167 76.85794598121366 2.856344141676454
    endloop
  endfacet
  facet normal -1 0 0
    outer loop
      vertex 167 69.33826859021798 3.15
      vertex 167 76.66173140978202 3.15
      vertex 167 76.85794598121366 2.856344141676454
    endloop
  endfacet
  facet normal -1 0 0
    outer loop
      vertex 167 69.49447473778048 3.4667547326142576
      vertex 167 76.66173140978202 3.15
      vertex 167 69.33826859021798 3.15
    endloop
  endfacet
  facet normal -1 0 0
    outer loop
      vertex 167 69.60799973098048 3.801188578223194
      vertex 167 76.50552526221952 3.4667547326142576
      vertex 167 69.49447473778048 3.4667547326142576
    endloop
  endfacet
  facet normal -1 0 0
    outer loop
      vertex 167 69.49447473778048 3.4667547326142576
      vertex 167 76.50552526221952 3.4667547326142576
      vertex 167 76.66173140978202 3.15
    endloop
  endfacet
  facet normal -1 0 0
    outer loop
      vertex 167 69.60799973098048 3.801188578223194
      vertex 167 76.39200026901952 3.801188578223194
      vertex 167 76.50552526221952 3.4667547326142576
    endloop
  endfacet
  facet normal -1 0 0
    outer loop
      vertex 167 69.67690112570929 4.147579281005861
      vertex 167 76.39200026901952 3.801188578223194
      vertex 167 69.60799973098048 3.801188578223194
    endloop
  endfacet
  facet normal -1 0 0
    outer loop
      vertex 167 69.7 4.5
      vertex 167 76.32309887429071 4.147579281005861
      vertex 167 69.67690112570929 4.147579281005861
    endloop
  endfacet
  facet normal -1 0 0
    outer loop
      vertex 167 69.67690112570929 4.147579281005861
      vertex 167 76.32309887429071 4.147579281005861
      vertex 167 76.39200026901952 3.801188578223194
    endloop
  endfacet
  facet normal -1 0 0
    outer loop
      vertex 167 77.35634414167646 2.357945981213665
      vertex 167 77.65 2.1617314097820155
      vertex 167 68.64365585832354 2.357945981213665
    endloop
  endfacet
  facet normal -1 0 0
    outer loop
      vertex 167 68.90918830920369 2.5908116907963215
      vertex 167 77.09081169079631 2.5908116907963215
      vertex 167 77.35634414167646 2.357945981213665
    endloop
  endfacet
  facet normal -1 0 0
    outer loop
      vertex 167 19.31022734046062 2.713875468721276
      vertex 167 81 8.635176023632413
      vertex 167 66.64757928100586 7.176901125709288
    endloop
  endfacet
  facet normal -1 0 0
    outer loop
      vertex 167 19.31022734046062 2.713875468721276
      vertex 167 81 11.383807610893706
      vertex 167 81 8.635176023632413
    endloop
  endfacet
  facet normal -1 0 0
    outer loop
      vertex 167 69.67690112570929 4.852420718994139
      vertex 167 76.3 4.5
      vertex 167 69.7 4.5
    endloop
  endfacet
  facet normal -1 0 0
    outer loop
      vertex 167 69.7 4.5
      vertex 167 76.3 4.5
      vertex 167 76.32309887429071 4.147579281005861
    endloop
  endfacet
  facet normal -1 0 0
    outer loop
      vertex 167 69.67690112570929 4.852420718994139
      vertex 167 76.32309887429071 4.852420718994139
      vertex 167 76.3 4.5
    endloop
  endfacet
  facet normal -1 0 0
    outer loop
      vertex 167 69.60799973098048 5.198811421776806
      vertex 167 76.32309887429071 4.852420718994139
      vertex 167 69.67690112570929 4.852420718994139
    endloop
  endfacet
  facet normal -1 0 0
    outer loop
      vertex 167 69.49447473778048 5.533245267385743
      vertex 167 76.39200026901952 5.198811421776806
      vertex 167 69.60799973098048 5.198811421776806
    endloop
  endfacet
  facet normal -1 0 0
    outer loop
      vertex 167 69.60799973098048 5.198811421776806
      vertex 167 76.39200026901952 5.198811421776806
      vertex 167 76.32309887429071 4.852420718994139
    endloop
  endfacet
  facet normal -1 0 0
    outer loop
      vertex 167 69.33826859021798 5.85
      vertex 167 76.50552526221952 5.533245267385743
      vertex 167 69.49447473778048 5.533245267385743
    endloop
  endfacet
  facet normal -1 0 0
    outer loop
      vertex 167 69.49447473778048 5.533245267385743
      vertex 167 76.50552526221952 5.533245267385743
      vertex 167 76.39200026901952 5.198811421776806
    endloop
  endfacet
  facet normal -1 0 0
    outer loop
      vertex 167 69.33826859021798 5.85
      vertex 167 76.66173140978202 5.85
      vertex 167 76.50552526221952 5.533245267385743
    endloop
  endfacet
  facet normal -1 0 0
    outer loop
      vertex 167 69.14205401878634 6.143655858323546
      vertex 167 76.66173140978202 5.85
      vertex 167 69.33826859021798 5.85
    endloop
  endfacet
  facet normal -1 0 0
    outer loop
      vertex 167 68.90918830920369 6.409188309203678
      vertex 167 76.85794598121366 6.143655858323546
      vertex 167 69.14205401878634 6.143655858323546
    endloop
  endfacet
  facet normal -1 0 0
    outer loop
      vertex 167 69.14205401878634 6.143655858323546
      vertex 167 76.85794598121366 6.143655858323546
      vertex 167 76.66173140978202 5.85
    endloop
  endfacet
  facet normal -1 0 0
    outer loop
      vertex 167 68.90918830920369 6.409188309203678
      vertex 167 77.09081169079631 6.409188309203678
      vertex 167 76.85794598121366 6.143655858323546
    endloop
  endfacet
  facet normal -1 0 0
    outer loop
      vertex 167 68.64365585832354 6.642054018786335
      vertex 167 77.09081169079631 6.409188309203678
      vertex 167 68.90918830920369 6.409188309203678
    endloop
  endfacet
  facet normal -1 0 0
    outer loop
      vertex 167 68.64365585832354 6.642054018786335
      vertex 167 68.35 6.838268590217984
      vertex 167 77.35634414167646 6.642054018786335
    endloop
  endfacet
  facet normal -1 0 0
    outer loop
      vertex 167 68.35 6.838268590217984
      vertex 167 68.03324526738574 6.994474737780474
      vertex 167 77.65 6.838268590217984
    endloop
  endfacet
  facet normal -1 0 0
    outer loop
      vertex 167 68.64365585832354 6.642054018786335
      vertex 167 77.35634414167646 6.642054018786335
      vertex 167 77.09081169079631 6.409188309203678
    endloop
  endfacet
  facet normal -1 0 0
    outer loop
      vertex 167 68.03324526738574 6.994474737780474
      vertex 167 67.69881142177681 7.1079997309804845
      vertex 167 77.96675473261426 6.994474737780474
    endloop
  endfacet
  facet normal -1 0 0
    outer loop
      vertex 167 81 8.635176023632413
      vertex 167 67 7.2
      vertex 167 66.64757928100586 7.176901125709288
    endloop
  endfacet
  facet normal -1 0 0
    outer loop
      vertex 167 81 8.635176023632413
      vertex 167 67.35242071899414 7.176901125709288
      vertex 167 67 7.2
    endloop
  endfacet
  facet normal -1 0 0
    outer loop
      vertex 167 83.2 8.635176023632413
      vertex 167 67.69881142177681 7.1079997309804845
      vertex 167 67.35242071899414 7.176901125709288
    endloop
  endfacet
  facet normal -1 0 0
    outer loop
      vertex 167 68.35 6.838268590217984
      vertex 167 77.65 6.838268590217984
      vertex 167 77.35634414167646 6.642054018786335
    endloop
  endfacet
  facet normal -1 0 0
    outer loop
      vertex 167 68.03324526738574 6.994474737780474
      vertex 167 77.96675473261426 6.994474737780474
      vertex 167 77.65 6.838268590217984
    endloop
  endfacet
  facet normal -1 0 0
    outer loop
      vertex 167 67.69881142177681 7.1079997309804845
      vertex 167 78.30118857822319 7.1079997309804845
      vertex 167 77.96675473261426 6.994474737780474
    endloop
  endfacet
  facet normal -1 0 0
    outer loop
      vertex 167 67.69881142177681 7.1079997309804845
      vertex 167 78.64757928100586 7.176901125709288
      vertex 167 78.30118857822319 7.1079997309804845
    endloop
  endfacet
  facet normal -1 0 0
    outer loop
      vertex 167 67.69881142177681 7.1079997309804845
      vertex 167 79 7.2
      vertex 167 78.64757928100586 7.176901125709288
    endloop
  endfacet
  facet normal -1 0 0
    outer loop
      vertex 167 83.2 8.635176023632413
      vertex 167 79 7.2
      vertex 167 67.69881142177681 7.1079997309804845
    endloop
  endfacet
  facet normal -1 0 0
    outer loop
      vertex 167 81 8.635176023632413
      vertex 167 83.2 8.635176023632413
      vertex 167 67.35242071899414 7.176901125709288
    endloop
  endfacet
  facet normal -1 0 0
    outer loop
      vertex 167 83.2 8.635176023632413
      vertex 167 80.35 6.838268590217984
      vertex 167 80.03324526738574 6.994474737780474
    endloop
  endfacet
  facet normal -1 0 0
    outer loop
      vertex 167 83.2 8.635176023632413
      vertex 167 80.03324526738574 6.994474737780474
      vertex 167 79.69881142177681 7.1079997309804845
    endloop
  endfacet
  facet normal -1 0 0
    outer loop
      vertex 167 83.2 8.635176023632413
      vertex 167 79.35242071899414 7.176901125709288
      vertex 167 79 7.2
    endloop
  endfacet
  facet normal -1 0 0
    outer loop
      vertex 167 83.2 8.635176023632413
      vertex 167 79.69881142177681 7.1079997309804845
      vertex 167 79.35242071899414 7.176901125709288
    endloop
  endfacet
  facet normal -1 0 0
    outer loop
      vertex 167 119 0
      vertex 167 79 1.7999999999999998
      vertex 167 79.35242071899414 1.8230988742907117
    endloop
  endfacet
  facet normal -1 0 0
    outer loop
      vertex 167 119 0
      vertex 167 79.35242071899414 1.8230988742907117
      vertex 167 79.69881142177681 1.8920002690195155
    endloop
  endfacet
  facet normal -1 0 0
    outer loop
      vertex 167 119 0
      vertex 167 79.69881142177681 1.8920002690195155
      vertex 167 80.03324526738574 2.0055252622195257
    endloop
  endfacet
  facet normal -1 0 0
    outer loop
      vertex 167 119 0
      vertex 167 80.03324526738574 2.0055252622195257
      vertex 167 80.35 2.1617314097820155
    endloop
  endfacet
  facet normal -1 0 0
    outer loop
      vertex 167 119 0
      vertex 167 80.35 2.1617314097820155
      vertex 167 80.64365585832354 2.357945981213665
    endloop
  endfacet
  facet normal -1 0 0
    outer loop
      vertex 167 83.2 3
      vertex 167 119 0
      vertex 167 80.64365585832354 2.357945981213665
    endloop
  endfacet
  facet normal -1 0 0
    outer loop
      vertex 167 83.2 3
      vertex 167 80.64365585832354 2.357945981213665
      vertex 167 80.90918830920369 2.5908116907963215
    endloop
  endfacet
  facet normal -1 0 0
    outer loop
      vertex 167 83.2 3
      vertex 167 80.90918830920369 2.5908116907963215
      vertex 167 81.14205401878634 2.856344141676454
    endloop
  endfacet
  facet normal -1 0 0
    outer loop
      vertex 167 83.2 3
      vertex 167 81.14205401878634 2.856344141676454
      vertex 167 81.33826859021798 3.15
    endloop
  endfacet
  facet normal -1 0 0
    outer loop
      vertex 167 83.2 3
      vertex 167 81.33826859021798 3.15
      vertex 167 81.49447473778048 3.4667547326142576
    endloop
  endfacet
  facet normal -1 0 0
    outer loop
      vertex 167 83.2 3
      vertex 167 81.49447473778048 3.4667547326142576
      vertex 167 81.60799973098048 3.801188578223194
    endloop
  endfacet
  facet normal -1 0 0
    outer loop
      vertex 167 83.2 3
      vertex 167 81.60799973098048 3.801188578223194
      vertex 167 81.67690112570929 4.147579281005861
    endloop
  endfacet
  facet normal -1 0 0
    outer loop
      vertex 167 83.2 3
      vertex 167 81.67690112570929 4.147579281005861
      vertex 167 81.7 4.5
    endloop
  endfacet
  facet normal -1 0 0
    outer loop
      vertex 167 83.2 3
      vertex 167 119 3
      vertex 167 119 0
    endloop
  endfacet
  facet normal -1 0 0
    outer loop
      vertex 167 83.2 3
      vertex 167 81.7 4.5
      vertex 167 83.2 8.635176023632413
    endloop
  endfacet
  facet normal -1 0 0
    outer loop
      vertex 167 83.2 8.635176023632413
      vertex 167 81.7 4.5
      vertex 167 81.67690112570929 4.852420718994139
    endloop
  endfacet
  facet normal -1 0 0
    outer loop
      vertex 167 83.2 8.635176023632413
      vertex 167 81.67690112570929 4.852420718994139
      vertex 167 81.60799973098048 5.198811421776806
    endloop
  endfacet
  facet normal -1 0 0
    outer loop
      vertex 167 83.2 8.635176023632413
      vertex 167 81.49447473778048 5.533245267385743
      vertex 167 81.33826859021798 5.85
    endloop
  endfacet
  facet normal -1 0 0
    outer loop
      vertex 167 83.2 8.635176023632413
      vertex 167 81.60799973098048 5.198811421776806
      vertex 167 81.49447473778048 5.533245267385743
    endloop
  endfacet
  facet normal -1 0 0
    outer loop
      vertex 167 83.2 8.635176023632413
      vertex 167 81.33826859021798 5.85
      vertex 167 81.14205401878634 6.143655858323546
    endloop
  endfacet
  facet normal -1 0 0
    outer loop
      vertex 167 83.2 8.635176023632413
      vertex 167 81.14205401878634 6.143655858323546
      vertex 167 80.90918830920369 6.409188309203678
    endloop
  endfacet
  facet normal -1 0 0
    outer loop
      vertex 167 83.2 8.635176023632413
      vertex 167 80.90918830920369 6.409188309203678
      vertex 167 80.64365585832354 6.642054018786335
    endloop
  endfacet
  facet normal -1 0 0
    outer loop
      vertex 167 83.2 8.635176023632413
      vertex 167 80.64365585832354 6.642054018786335
      vertex 167 80.35 6.838268590217984
    endloop
  endfacet
  facet normal -1 0 0
    outer loop
      vertex 167 119 0
      vertex 167 119 3
      vertex 167 131.8484441311167 0
    endloop
  endfacet
  facet normal -1 0 0
    outer loop
      vertex 167 119 3
      vertex 167 119 3.01
      vertex 167 131.8484441311167 0
    endloop
  endfacet
  facet normal -1 0 0
    outer loop
      vertex 167 119 3.01
      vertex 167 216.53 0
      vertex 167 131.8484441311167 0
    endloop
  endfacet
  facet normal -1 0 0
    outer loop
      vertex 167 119 3.01
      vertex 167 193.53 3.01
      vertex 167 216.53 0
    endloop
  endfacet
  facet normal -1 0 0
    outer loop
      vertex 167 193.53 3.01
      vertex 167 196.53 3
      vertex 167 216.53 0
    endloop
  endfacet
  facet normal -1 0 0
    outer loop
      vertex 167 193.53 3.01
      vertex 167 193.53 3.9399999999999995
      vertex 167 196.53 3
    endloop
  endfacet
  facet normal -1 0 0
    outer loop
      vertex 167 193.53 3.9399999999999995
      vertex 167 196.53 3.9399999999999995
      vertex 167 196.53 3
    endloop
  endfacet
  facet normal -1 0 0
    outer loop
      vertex 167 196.53 3
      vertex 167 216.53 3
      vertex 167 216.53 0
    endloop
  endfacet
  facet normal -1 0 0
    outer loop
      vertex 167 141.16692678561526 26.63517602363241
      vertex 167 140.0988164418771 34.23517602363241
      vertex 167 142.5 26.63517602363241
    endloop
  endfacet
  facet normal -1 0 0
    outer loop
      vertex 167 142.5 26.235176023632413
      vertex 167 142.5 26.63517602363241
      vertex 167 193.53 26.235176023632413
    endloop
  endfacet
  facet normal -1 0 0
    outer loop
      vertex 167 142.5 26.63517602363241
      vertex 167 166.87134414167645 28.093122004846077
      vertex 167 167.165 27.896907433414427
    endloop
  endfacet
  facet normal -1 0 0
    outer loop
      vertex 167 142.5 26.63517602363241
      vertex 167 166.60581169079632 28.325987714428734
      vertex 167 166.87134414167645 28.093122004846077
    endloop
  endfacet
  facet normal -1 0 0
    outer loop
      vertex 167 142.5 26.63517602363241
      vertex 167 167.81618857822318 27.627176292651928
      vertex 167 168.16257928100583 27.558274897923123
    endloop
  endfacet
  facet normal -1 0 0
    outer loop
      vertex 167 142.5 26.63517602363241
      vertex 167 168.16257928100583 27.558274897923123
      vertex 167 168.515 27.535176023632413
    endloop
  endfacet
  facet normal -1 0 0
    outer loop
      vertex 167 142.5 26.63517602363241
      vertex 167 167.48175473261423 27.740701285851937
      vertex 167 167.81618857822318 27.627176292651928
    endloop
  endfacet
  facet normal -1 0 0
    outer loop
      vertex 167 142.5 26.63517602363241
      vertex 167 167.165 27.896907433414427
      vertex 167 167.48175473261423 27.740701285851937
    endloop
  endfacet
  facet normal -1 0 0
    outer loop
      vertex 167 142.5 26.63517602363241
      vertex 167 166.37294598121366 28.591520165308868
      vertex 167 166.60581169079632 28.325987714428734
    endloop
  endfacet
  facet normal -1 0 0
    outer loop
      vertex 167 142.5 26.63517602363241
      vertex 167 166.176731409782 28.88517602363241
      vertex 167 166.37294598121366 28.591520165308868
    endloop
  endfacet
  facet normal -1 0 0
    outer loop
      vertex 167 142.5 26.63517602363241
      vertex 167 166.0205252622195 29.20193075624667
      vertex 167 166.176731409782 28.88517602363241
    endloop
  endfacet
  facet normal -1 0 0
    outer loop
      vertex 167 142.5 26.63517602363241
      vertex 167 165.9070002690195 29.536364601855606
      vertex 167 166.0205252622195 29.20193075624667
    endloop
  endfacet
  facet normal -1 0 0
    outer loop
      vertex 167 142.5 26.63517602363241
      vertex 167 165.8380988742907 29.882755304638273
      vertex 167 165.9070002690195 29.536364601855606
    endloop
  endfacet
  facet normal -1 0 0
    outer loop
      vertex 167 142.5 26.63517602363241
      vertex 167 165.815 30.235176023632413
      vertex 167 165.8380988742907 29.882755304638273
    endloop
  endfacet
  facet normal -1 0 0
    outer loop
      vertex 167 142.5 26.63517602363241
      vertex 167 140.0988164418771 34.23517602363241
      vertex 167 165.815 30.235176023632413
    endloop
  endfacet
  facet normal -1 0 0
    outer loop
      vertex 167 140.0988164418771 34.23517602363241
      vertex 167 165.8380988742907 30.587596742626552
      vertex 167 165.815 30.235176023632413
    endloop
  endfacet
  facet normal -1 0 0
    outer loop
      vertex 167 140.0988164418771 34.23517602363241
      vertex 167 165.9070002690195 30.93398744540922
      vertex 167 165.8380988742907 30.587596742626552
    endloop
  endfacet
  facet normal -1 0 0
    outer loop
      vertex 167 140.0988164418771 34.23517602363241
      vertex 167 166.0205252622195 31.268421291018154
      vertex 167 165.9070002690195 30.93398744540922
    endloop
  endfacet
  facet normal -1 0 0
    outer loop
      vertex 167 140.0988164418771 34.23517602363241
      vertex 167 166.176731409782 31.585176023632414
      vertex 167 166.0205252622195 31.268421291018154
    endloop
  endfacet
  facet normal -1 0 0
    outer loop
      vertex 167 140.0988164418771 34.23517602363241
      vertex 167 166.37294598121366 31.878831881955957
      vertex 167 166.176731409782 31.585176023632414
    endloop
  endfacet
  facet normal -1 0 0
    outer loop
      vertex 167 140.0988164418771 34.23517602363241
      vertex 167 166.60581169079632 32.14436433283609
      vertex 167 166.37294598121366 31.878831881955957
    endloop
  endfacet
  facet normal -1 0 0
    outer loop
      vertex 167 140.0988164418771 34.23517602363241
      vertex 167 166.87134414167645 32.377230042418745
      vertex 167 166.60581169079632 32.14436433283609
    endloop
  endfacet
  facet normal -1 0 0
    outer loop
      vertex 167 140.0988164418771 34.23517602363241
      vertex 167 167.165 32.5734446138504
      vertex 167 166.87134414167645 32.377230042418745
    endloop
  endfacet
  facet normal -1 0 0
    outer loop
      vertex 167 140.0988164418771 34.23517602363241
      vertex 167 167.48175473261423 32.729650761412884
      vertex 167 167.165 32.5734446138504
    endloop
  endfacet
  facet normal -1 0 0
    outer loop
      vertex 167 140.0988164418771 34.23517602363241
      vertex 167 167.81618857822318 32.8431757546129
      vertex 167 167.48175473261423 32.729650761412884
    endloop
  endfacet
  facet normal -1 0 0
    outer loop
      vertex 167 140.0988164418771 34.23517602363241
      vertex 167 168.16257928100583 32.9120771493417
      vertex 167 167.81618857822318 32.8431757546129
    endloop
  endfacet
  facet normal -1 0 0
    outer loop
      vertex 167 140.0988164418771 34.23517602363241
      vertex 167 168.515 32.935176023632415
      vertex 167 168.16257928100583 32.9120771493417
    endloop
  endfacet
  facet normal -1 0 0
    outer loop
      vertex 167 193.53 14.94
      vertex 167 196.53 26.235176023632413
      vertex 167 196.53 14.94
    endloop
  endfacet
  facet normal -1 0 0
    outer loop
      vertex 167 193.53 14.94
      vertex 167 193.53 26.235176023632413
      vertex 167 196.53 26.235176023632413
    endloop
  endfacet
  facet normal -1 0 0
    outer loop
      vertex 167 142.5 26.63517602363241
      vertex 167 168.515 27.535176023632413
      vertex 167 193.53 26.235176023632413
    endloop
  endfacet
  facet normal -1 0 0
    outer loop
      vertex 167 193.53 26.235176023632413
      vertex 167 168.515 27.535176023632413
      vertex 167 168.86742071899414 27.558274897923123
    endloop
  endfacet
  facet normal -1 0 0
    outer loop
      vertex 167 193.53 26.235176023632413
      vertex 167 168.86742071899414 27.558274897923123
      vertex 167 169.2138114217768 27.627176292651928
    endloop
  endfacet
  facet normal -1 0 0
    outer loop
      vertex 167 193.53 26.235176023632413
      vertex 167 169.2138114217768 27.627176292651928
      vertex 167 169.54824526738574 27.740701285851937
    endloop
  endfacet
  facet normal -1 0 0
    outer loop
      vertex 167 193.53 26.235176023632413
      vertex 167 169.54824526738574 27.740701285851937
      vertex 167 169.86499999999998 27.896907433414427
    endloop
  endfacet
  facet normal -1 0 0
    outer loop
      vertex 167 193.53 26.235176023632413
      vertex 167 169.86499999999998 27.896907433414427
      vertex 167 170.15865585832353 28.093122004846077
    endloop
  endfacet
  facet normal -1 0 0
    outer loop
      vertex 167 193.53 26.235176023632413
      vertex 167 170.15865585832353 28.093122004846077
      vertex 167 170.42418830920366 28.325987714428734
    endloop
  endfacet
  facet normal -1 0 0
    outer loop
      vertex 167 193.53 26.235176023632413
      vertex 167 170.42418830920366 28.325987714428734
      vertex 167 170.6570540187863 28.591520165308868
    endloop
  endfacet
  facet normal -1 0 0
    outer loop
      vertex 167 193.53 26.235176023632413
      vertex 167 171.19190112570928 29.882755304638273
      vertex 167 196.53 26.235176023632413
    endloop
  endfacet
  facet normal -1 0 0
    outer loop
      vertex 167 193.53 26.235176023632413
      vertex 167 170.6570540187863 28.591520165308868
      vertex 167 170.85326859021797 28.88517602363241
    endloop
  endfacet
  facet normal -1 0 0
    outer loop
      vertex 167 193.53 26.235176023632413
      vertex 167 170.85326859021797 28.88517602363241
      vertex 167 171.00947473778047 29.20193075624667
    endloop
  endfacet
  facet normal -1 0 0
    outer loop
      vertex 167 193.53 26.235176023632413
      vertex 167 171.00947473778047 29.20193075624667
      vertex 167 171.12299973098047 29.536364601855606
    endloop
  endfacet
  facet normal -1 0 0
    outer loop
      vertex 167 193.53 26.235176023632413
      vertex 167 171.12299973098047 29.536364601855606
      vertex 167 171.19190112570928 29.882755304638273
    endloop
  endfacet
  facet normal -1 0 0
    outer loop
      vertex 167 196.53 26.235176023632413
      vertex 167 171.19190112570928 29.882755304638273
      vertex 167 171.21499999999997 30.235176023632413
    endloop
  endfacet
  facet normal -1 0 0
    outer loop
      vertex 167 196.53 26.235176023632413
      vertex 167 171.21499999999997 30.235176023632413
      vertex 167 171.19190112570928 30.587596742626552
    endloop
  endfacet
  facet normal -1 0 0
    outer loop
      vertex 167 196.53 26.235176023632413
      vertex 167 171.19190112570928 30.587596742626552
      vertex 167 171.12299973098047 30.93398744540922
    endloop
  endfacet
  facet normal -1 0 0
    outer loop
      vertex 167 196.53 26.235176023632413
      vertex 167 171.12299973098047 30.93398744540922
      vertex 167 171.00947473778047 31.268421291018154
    endloop
  endfacet
  facet normal -1 0 0
    outer loop
      vertex 167 196.53 26.235176023632413
      vertex 167 171.00947473778047 31.268421291018154
      vertex 167 170.85326859021797 31.585176023632414
    endloop
  endfacet
  facet normal -1 0 0
    outer loop
      vertex 167 196.53 26.235176023632413
      vertex 167 170.85326859021797 31.585176023632414
      vertex 167 170.6570540187863 31.878831881955957
    endloop
  endfacet
  facet normal -1 0 0
    outer loop
      vertex 167 140.0988164418771 34.23517602363241
      vertex 167 207.8311885782232 32.8431757546129
      vertex 167 168.515 32.935176023632415
    endloop
  endfacet
  facet normal -1 0 0
    outer loop
      vertex 167 170.42418830920366 32.14436433283609
      vertex 167 206.38794598121368 31.878831881955957
      vertex 167 170.6570540187863 31.878831881955957
    endloop
  endfacet
  facet normal -1 0 0
    outer loop
      vertex 167 206.62081169079633 32.14436433283609
      vertex 167 170.42418830920366 32.14436433283609
      vertex 167 170.15865585832353 32.377230042418745
    endloop
  endfacet
  facet normal -1 0 0
    outer loop
      vertex 167 170.15865585832353 32.377230042418745
      vertex 167 169.86499999999998 32.5734446138504
      vertex 167 206.88634414167646 32.377230042418745
    endloop
  endfacet
  facet normal -1 0 0
    outer loop
      vertex 167 169.86499999999998 32.5734446138504
      vertex 167 169.54824526738574 32.729650761412884
      vertex 167 207.18 32.5734446138504
    endloop
  endfacet
  facet normal -1 0 0
    outer loop
      vertex 167 168.86742071899414 32.9120771493417
      vertex 167 168.515 32.935176023632415
      vertex 167 207.8311885782232 32.8431757546129
    endloop
  endfacet
  facet normal -1 0 0
    outer loop
      vertex 167 169.54824526738574 32.729650761412884
      vertex 167 169.2138114217768 32.8431757546129
      vertex 167 207.49675473261425 32.729650761412884
    endloop
  endfacet
  facet normal -1 0 0
    outer loop
      vertex 167 169.2138114217768 32.8431757546129
      vertex 167 168.86742071899414 32.9120771493417
      vertex 167 207.8311885782232 32.8431757546129
    endloop
  endfacet
  facet normal -1 0 0
    outer loop
      vertex 167 140.0988164418771 34.23517602363241
      vertex 167 208.17757928100588 32.9120771493417
      vertex 167 207.8311885782232 32.8431757546129
    endloop
  endfacet
  facet normal -1 0 0
    outer loop
      vertex 167 140.0988164418771 34.23517602363241
      vertex 167 208.53 32.935176023632415
      vertex 167 208.17757928100588 32.9120771493417
    endloop
  endfacet
  facet normal -1 0 0
    outer loop
      vertex 167 140.0988164418771 34.23517602363241
      vertex 167 216.53 34.23517602363241
      vertex 167 208.53 32.935176023632415
    endloop
  endfacet
  facet normal -1 0 0
    outer loop
      vertex 167 196.53 26.235176023632413
      vertex 167 170.6570540187863 31.878831881955957
      vertex 167 206.03552526221952 31.268421291018154
    endloop
  endfacet
  facet normal -1 0 0
    outer loop
      vertex 167 196.53 26.235176023632413
      vertex 167 206.03552526221952 29.20193075624667
      vertex 167 206.19173140978202 28.88517602363241
    endloop
  endfacet
  facet normal -1 0 0
    outer loop
      vertex 167 196.53 26.235176023632413
      vertex 167 205.92200026901952 29.536364601855606
      vertex 167 206.03552526221952 29.20193075624667
    endloop
  endfacet
  facet normal -1 0 0
    outer loop
      vertex 167 196.53 26.235176023632413
      vertex 167 205.8530988742907 29.882755304638273
      vertex 167 205.92200026901952 29.536364601855606
    endloop
  endfacet
  facet normal -1 0 0
    outer loop
      vertex 167 196.53 26.235176023632413
      vertex 167 205.83 30.235176023632413
      vertex 167 205.8530988742907 29.882755304638273
    endloop
  endfacet
  facet normal -1 0 0
    outer loop
      vertex 167 196.53 26.235176023632413
      vertex 167 205.8530988742907 30.587596742626552
      vertex 167 205.83 30.235176023632413
    endloop
  endfacet
  facet normal -1 0 0
    outer loop
      vertex 167 196.53 26.235176023632413
      vertex 167 205.92200026901952 30.93398744540922
      vertex 167 205.8530988742907 30.587596742626552
    endloop
  endfacet
  facet normal -1 0 0
    outer loop
      vertex 167 196.53 26.235176023632413
      vertex 167 206.03552526221952 31.268421291018154
      vertex 167 205.92200026901952 30.93398744540922
    endloop
  endfacet
  facet normal -1 0 0
    outer loop
      vertex 167 196.53 26.235176023632413
      vertex 167 208.88242071899413 27.558274897923123
      vertex 167 216.53 26.235176023632413
    endloop
  endfacet
  facet normal -1 0 0
    outer loop
      vertex 167 196.53 26.235176023632413
      vertex 167 207.8311885782232 27.627176292651928
      vertex 167 208.17757928100588 27.558274897923123
    endloop
  endfacet
  facet normal -1 0 0
    outer loop
      vertex 167 196.53 26.235176023632413
      vertex 167 208.17757928100588 27.558274897923123
      vertex 167 208.53 27.535176023632413
    endloop
  endfacet
  facet normal -1 0 0
    outer loop
      vertex 167 196.53 26.235176023632413
      vertex 167 208.53 27.535176023632413
      vertex 167 208.88242071899413 27.558274897923123
    endloop
  endfacet
  facet normal -1 0 0
    outer loop
      vertex 167 196.53 26.235176023632413
      vertex 167 207.49675473261425 27.740701285851937
      vertex 167 207.8311885782232 27.627176292651928
    endloop
  endfacet
  facet normal -1 0 0
    outer loop
      vertex 167 196.53 26.235176023632413
      vertex 167 207.18 27.896907433414427
      vertex 167 207.49675473261425 27.740701285851937
    endloop
  endfacet
  facet normal -1 0 0
    outer loop
      vertex 167 196.53 26.235176023632413
      vertex 167 206.88634414167646 28.093122004846077
      vertex 167 207.18 27.896907433414427
    endloop
  endfacet
  facet normal -1 0 0
    outer loop
      vertex 167 196.53 26.235176023632413
      vertex 167 206.62081169079633 28.325987714428734
      vertex 167 206.88634414167646 28.093122004846077
    endloop
  endfacet
  facet normal -1 0 0
    outer loop
      vertex 167 196.53 26.235176023632413
      vertex 167 206.38794598121368 28.591520165308868
      vertex 167 206.62081169079633 28.325987714428734
    endloop
  endfacet
  facet normal -1 0 0
    outer loop
      vertex 167 216.53 26.235176023632413
      vertex 167 208.88242071899413 27.558274897923123
      vertex 167 209.2288114217768 27.627176292651928
    endloop
  endfacet
  facet normal -1 0 0
    outer loop
      vertex 167 216.53 26.235176023632413
      vertex 167 209.2288114217768 27.627176292651928
      vertex 167 209.56324526738575 27.740701285851937
    endloop
  endfacet
  facet normal -1 0 0
    outer loop
      vertex 167 216.53 26.235176023632413
      vertex 167 209.56324526738575 27.740701285851937
      vertex 167 209.88 27.896907433414427
    endloop
  endfacet
  facet normal -1 0 0
    outer loop
      vertex 167 216.53 26.235176023632413
      vertex 167 209.88 27.896907433414427
      vertex 167 210.17365585832354 28.093122004846077
    endloop
  endfacet
  facet normal -1 0 0
    outer loop
      vertex 167 216.53 26.235176023632413
      vertex 167 210.17365585832354 28.093122004846077
      vertex 167 210.43918830920367 28.325987714428734
    endloop
  endfacet
  facet normal -1 0 0
    outer loop
      vertex 167 216.53 26.235176023632413
      vertex 167 210.43918830920367 28.325987714428734
      vertex 167 210.67205401878633 28.591520165308868
    endloop
  endfacet
  facet normal -1 0 0
    outer loop
      vertex 167 196.53 26.235176023632413
      vertex 167 206.19173140978202 28.88517602363241
      vertex 167 206.38794598121368 28.591520165308868
    endloop
  endfacet
  facet normal -1 0 0
    outer loop
      vertex 167 216.53 26.235176023632413
      vertex 167 210.67205401878633 28.591520165308868
      vertex 167 210.86826859021798 28.88517602363241
    endloop
  endfacet
  facet normal -1 0 0
    outer loop
      vertex 167 216.53 26.235176023632413
      vertex 167 210.86826859021798 28.88517602363241
      vertex 167 211.02447473778048 29.20193075624667
    endloop
  endfacet
  facet normal -1 0 0
    outer loop
      vertex 167 216.53 26.235176023632413
      vertex 167 211.02447473778048 29.20193075624667
      vertex 167 211.13799973098048 29.536364601855606
    endloop
  endfacet
  facet normal -1 0 0
    outer loop
      vertex 167 216.53 26.235176023632413
      vertex 167 211.13799973098048 29.536364601855606
      vertex 167 211.2069011257093 29.882755304638273
    endloop
  endfacet
  facet normal -1 0 0
    outer loop
      vertex 167 216.53 26.235176023632413
      vertex 167 211.2069011257093 29.882755304638273
      vertex 167 211.23 30.235176023632413
    endloop
  endfacet
  facet normal -1 0 0
    outer loop
      vertex 167 216.53 26.235176023632413
      vertex 167 211.23 30.235176023632413
      vertex 167 211.2069011257093 30.587596742626552
    endloop
  endfacet
  facet normal -1 0 0
    outer loop
      vertex 167 206.03552526221952 31.268421291018154
      vertex 167 170.6570540187863 31.878831881955957
      vertex 167 206.19173140978202 31.585176023632414
    endloop
  endfacet
  facet normal -1 0 0
    outer loop
      vertex 167 206.19173140978202 31.585176023632414
      vertex 167 170.6570540187863 31.878831881955957
      vertex 167 206.38794598121368 31.878831881955957
    endloop
  endfacet
  facet normal -1 0 0
    outer loop
      vertex 167 170.42418830920366 32.14436433283609
      vertex 167 206.62081169079633 32.14436433283609
      vertex 167 206.38794598121368 31.878831881955957
    endloop
  endfacet
  facet normal -1 0 0
    outer loop
      vertex 167 170.15865585832353 32.377230042418745
      vertex 167 206.88634414167646 32.377230042418745
      vertex 167 206.62081169079633 32.14436433283609
    endloop
  endfacet
  facet normal -1 0 0
    outer loop
      vertex 167 169.86499999999998 32.5734446138504
      vertex 167 207.18 32.5734446138504
      vertex 167 206.88634414167646 32.377230042418745
    endloop
  endfacet
  facet normal -1 0 0
    outer loop
      vertex 167 169.54824526738574 32.729650761412884
      vertex 167 207.49675473261425 32.729650761412884
      vertex 167 207.18 32.5734446138504
    endloop
  endfacet
  facet normal -1 0 0
    outer loop
      vertex 167 169.2138114217768 32.8431757546129
      vertex 167 207.8311885782232 32.8431757546129
      vertex 167 207.49675473261425 32.729650761412884
    endloop
  endfacet
  facet normal -1 0 0
    outer loop
      vertex 167 216.53 26.235176023632413
      vertex 167 211.2069011257093 30.587596742626552
      vertex 167 216.53 34.23517602363241
    endloop
  endfacet
  facet normal -1 0 0
    outer loop
      vertex 167 216.53 34.23517602363241
      vertex 167 211.2069011257093 30.587596742626552
      vertex 167 211.13799973098048 30.93398744540922
    endloop
  endfacet
  facet normal -1 0 0
    outer loop
      vertex 167 216.53 34.23517602363241
      vertex 167 211.13799973098048 30.93398744540922
      vertex 167 211.02447473778048 31.268421291018154
    endloop
  endfacet
  facet normal -1 0 0
    outer loop
      vertex 167 216.53 34.23517602363241
      vertex 167 211.02447473778048 31.268421291018154
      vertex 167 210.86826859021798 31.585176023632414
    endloop
  endfacet
  facet normal -1 0 0
    outer loop
      vertex 167 216.53 34.23517602363241
      vertex 167 210.86826859021798 31.585176023632414
      vertex 167 210.67205401878633 31.878831881955957
    endloop
  endfacet
  facet normal -1 0 0
    outer loop
      vertex 167 216.53 34.23517602363241
      vertex 167 210.67205401878633 31.878831881955957
      vertex 167 210.43918830920367 32.14436433283609
    endloop
  endfacet
  facet normal -1 0 0
    outer loop
      vertex 167 216.53 34.23517602363241
      vertex 167 210.17365585832354 32.377230042418745
      vertex 167 209.88 32.5734446138504
    endloop
  endfacet
  facet normal -1 0 0
    outer loop
      vertex 167 216.53 34.23517602363241
      vertex 167 210.43918830920367 32.14436433283609
      vertex 167 210.17365585832354 32.377230042418745
    endloop
  endfacet
  facet normal -1 0 0
    outer loop
      vertex 167 216.53 34.23517602363241
      vertex 167 208.88242071899413 32.9120771493417
      vertex 167 208.53 32.935176023632415
    endloop
  endfacet
  facet normal -1 0 0
    outer loop
      vertex 167 216.53 34.23517602363241
      vertex 167 209.56324526738575 32.729650761412884
      vertex 167 209.2288114217768 32.8431757546129
    endloop
  endfacet
  facet normal -1 0 0
    outer loop
      vertex 167 216.53 34.23517602363241
      vertex 167 209.88 32.5734446138504
      vertex 167 209.56324526738575 32.729650761412884
    endloop
  endfacet
  facet normal -1 0 0
    outer loop
      vertex 167 216.53 34.23517602363241
      vertex 167 209.2288114217768 32.8431757546129
      vertex 167 208.88242071899413 32.9120771493417
    endloop
  endfacet
  facet normal 0 0.44228869021900213 0.8968727415326879
    outer loop
      vertex 176.99 65.65 2.1617314097820155
      vertex 167 65.96675473261426 2.0055252622195257
      vertex 167 65.65 2.1617314097820155
    endloop
  endfacet
  facet normal 0 0.19509032201612617 0.980785280403231
    outer loop
      vertex 176.99 66.30118857822319 1.8920002690195155
      vertex 167 66.64757928100586 1.8230988742907117
      vertex 167 66.30118857822319 1.8920002690195155
    endloop
  endfacet
  facet normal 0 0.06540312923014308 0.9978589232386036
    outer loop
      vertex 176.99 66.64757928100586 1.8230988742907117
      vertex 167 67 1.7999999999999998
      vertex 167 66.64757928100586 1.8230988742907117
    endloop
  endfacet
  facet normal 0 -0.06540312923014308 0.9978589232386036
    outer loop
      vertex 176.99 67 1.7999999999999998
      vertex 167 67.35242071899414 1.8230988742907117
      vertex 167 67 1.7999999999999998
    endloop
  endfacet
  facet normal 0 -0.19509032201612617 0.980785280403231
    outer loop
      vertex 176.99 67.35242071899414 1.8230988742907117
      vertex 167 67.69881142177681 1.8920002690195155
      vertex 167 67.35242071899414 1.8230988742907117
    endloop
  endfacet
  facet normal 0 0.3214394653031693 0.946930129495103
    outer loop
      vertex 176.99 65.96675473261426 2.0055252622195257
      vertex 167 66.30118857822319 1.8920002690195155
      vertex 167 65.96675473261426 2.0055252622195257
    endloop
  endfacet
  facet normal 0 0.44228869021900213 0.8968727415326879
    outer loop
      vertex 176.99 65.96675473261426 2.0055252622195257
      vertex 167 65.96675473261426 2.0055252622195257
      vertex 176.99 65.65 2.1617314097820155
    endloop
  endfacet
  facet normal 0 0.19509032201612617 0.980785280403231
    outer loop
      vertex 176.99 66.30118857822319 1.8920002690195155
      vertex 176.99 66.64757928100586 1.8230988742907117
      vertex 167 66.64757928100586 1.8230988742907117
    endloop
  endfacet
  facet normal 0 0.06540312923014308 0.9978589232386036
    outer loop
      vertex 176.99 66.64757928100586 1.8230988742907117
      vertex 176.99 67 1.7999999999999998
      vertex 167 67 1.7999999999999998
    endloop
  endfacet
  facet normal 0 -0.06540312923014308 0.9978589232386036
    outer loop
      vertex 176.99 67 1.7999999999999998
      vertex 176.99 67.35242071899414 1.8230988742907117
      vertex 167 67.35242071899414 1.8230988742907117
    endloop
  endfacet
  facet normal 0 -0.19509032201612617 0.980785280403231
    outer loop
      vertex 176.99 67.35242071899414 1.8230988742907117
      vertex 176.99 67.69881142177681 1.8920002690195155
      vertex 167 67.69881142177681 1.8920002690195155
    endloop
  endfacet
  facet normal 0 0.3214394653031693 0.946930129495103
    outer loop
      vertex 176.99 65.96675473261426 2.0055252622195257
      vertex 176.99 66.30118857822319 1.8920002690195155
      vertex 167 66.30118857822319 1.8920002690195155
    endloop
  endfacet
  facet normal 0 0.5555702330196011 0.831469612302546
    outer loop
      vertex 176.99 65.35634414167646 2.357945981213665
      vertex 167 65.65 2.1617314097820155
      vertex 167 65.35634414167646 2.357945981213665
    endloop
  endfacet
  facet normal 0 0.6593458151000524 0.7518398074789918
    outer loop
      vertex 176.99 65.09081169079631 2.5908116907963215
      vertex 167 65.35634414167646 2.357945981213665
      vertex 167 65.09081169079631 2.5908116907963215
    endloop
  endfacet
  facet normal 0 0.7518398074789807 0.659345815100065
    outer loop
      vertex 176.99 64.85794598121366 2.856344141676454
      vertex 167 65.09081169079631 2.5908116907963215
      vertex 167 64.85794598121366 2.856344141676454
    endloop
  endfacet
  facet normal 0 0.8314696123025587 0.5555702330195822
    outer loop
      vertex 176.99 64.66173140978202 3.15
      vertex 167 64.85794598121366 2.856344141676454
      vertex 167 64.66173140978202 3.15
    endloop
  endfacet
  facet normal 0 0.8968727415326768 0.4422886902190244
    outer loop
      vertex 176.99 64.50552526221952 3.4667547326142576
      vertex 167 64.66173140978202 3.15
      vertex 167 64.50552526221952 3.4667547326142576
    endloop
  endfacet
  facet normal 0 0.9469301294951125 0.3214394653031414
    outer loop
      vertex 176.99 64.39200026901952 3.801188578223194
      vertex 167 64.50552526221952 3.4667547326142576
      vertex 167 64.39200026901952 3.801188578223194
    endloop
  endfacet
  facet normal 0 0.9807852804032262 0.1950903220161501
    outer loop
      vertex 176.99 64.32309887429071 4.147579281005861
      vertex 167 64.39200026901952 3.801188578223194
      vertex 167 64.32309887429071 4.147579281005861
    endloop
  endfacet
  facet normal 0 0.5555702330196011 0.831469612302546
    outer loop
      vertex 176.99 65.65 2.1617314097820155
      vertex 167 65.65 2.1617314097820155
      vertex 176.99 65.35634414167646 2.357945981213665
    endloop
  endfacet
  facet normal 0 0.6593458151000524 0.7518398074789918
    outer loop
      vertex 176.99 65.35634414167646 2.357945981213665
      vertex 167 65.35634414167646 2.357945981213665
      vertex 176.99 65.09081169079631 2.5908116907963215
    endloop
  endfacet
  facet normal 0 0.7518398074789807 0.659345815100065
    outer loop
      vertex 176.99 65.09081169079631 2.5908116907963215
      vertex 167 65.09081169079631 2.5908116907963215
      vertex 176.99 64.85794598121366 2.856344141676454
    endloop
  endfacet
  facet normal 0 0.8314696123025587 0.5555702330195822
    outer loop
      vertex 176.99 64.85794598121366 2.856344141676454
      vertex 167 64.85794598121366 2.856344141676454
      vertex 176.99 64.66173140978202 3.15
    endloop
  endfacet
  facet normal 0 0.8968727415326768 0.4422886902190244
    outer loop
      vertex 176.99 64.66173140978202 3.15
      vertex 167 64.66173140978202 3.15
      vertex 176.99 64.50552526221952 3.4667547326142576
    endloop
  endfacet
  facet normal 0 0.9469301294951125 0.3214394653031414
    outer loop
      vertex 176.99 64.50552526221952 3.4667547326142576
      vertex 167 64.50552526221952 3.4667547326142576
      vertex 176.99 64.39200026901952 3.801188578223194
    endloop
  endfacet
  facet normal 0 0.9807852804032262 0.1950903220161501
    outer loop
      vertex 176.99 64.39200026901952 3.801188578223194
      vertex 167 64.39200026901952 3.801188578223194
      vertex 176.99 64.32309887429071 4.147579281005861
    endloop
  endfacet
  facet normal 0 0.9978589232386038 0.06540312923013807
    outer loop
      vertex 176.99 64.32309887429071 4.147579281005861
      vertex 167 64.32309887429071 4.147579281005861
      vertex 176.99 64.3 4.5
    endloop
  endfacet
  facet normal -1 0 0
    outer loop
      vertex 176.99 65.65 2.1617314097820155
      vertex 176.99 65.35634414167646 2.357945981213665
      vertex 176.99 65.35634414167646 6.642054018786335
    endloop
  endfacet
  facet normal -1 0 0
    outer loop
      vertex 176.99 65.96675473261426 2.0055252622195257
      vertex 176.99 65.65 2.1617314097820155
      vertex 176.99 65.65 6.838268590217984
    endloop
  endfacet
  facet normal -1 0 0
    outer loop
      vertex 176.99 66.30118857822319 1.8920002690195155
      vertex 176.99 66.30118857822319 7.1079997309804845
      vertex 176.99 66.64757928100586 1.8230988742907117
    endloop
  endfacet
  facet normal -1 0 0
    outer loop
      vertex 176.99 66.64757928100586 1.8230988742907117
      vertex 176.99 66.64757928100586 7.176901125709288
      vertex 176.99 67 1.7999999999999998
    endloop
  endfacet
  facet normal -1 0 0
    outer loop
      vertex 176.99 65.96675473261426 2.0055252622195257
      vertex 176.99 65.96675473261426 6.994474737780474
      vertex 176.99 66.30118857822319 1.8920002690195155
    endloop
  endfacet
  facet normal -1 0 0
    outer loop
      vertex 176.99 67 1.7999999999999998
      vertex 176.99 67 7.2
      vertex 176.99 67.35242071899414 1.8230988742907117
    endloop
  endfacet
  facet normal -1 0 0
    outer loop
      vertex 176.99 67.35242071899414 1.8230988742907117
      vertex 176.99 67.35242071899414 7.176901125709288
      vertex 176.99 67.69881142177681 1.8920002690195155
    endloop
  endfacet
  facet normal -1 0 0
    outer loop
      vertex 176.99 65.09081169079631 2.5908116907963215
      vertex 176.99 64.85794598121366 2.856344141676454
      vertex 176.99 64.85794598121366 6.143655858323546
    endloop
  endfacet
  facet normal -1 0 0
    outer loop
      vertex 176.99 64.85794598121366 2.856344141676454
      vertex 176.99 64.66173140978202 3.15
      vertex 176.99 64.66173140978202 5.85
    endloop
  endfacet
  facet normal -1 0 0
    outer loop
      vertex 176.99 65.35634414167646 2.357945981213665
      vertex 176.99 65.09081169079631 2.5908116907963215
      vertex 176.99 65.09081169079631 6.409188309203678
    endloop
  endfacet
  facet normal -1 0 0
    outer loop
      vertex 176.99 64.66173140978202 3.15
      vertex 176.99 64.50552526221952 3.4667547326142576
      vertex 176.99 64.50552526221952 5.533245267385743
    endloop
  endfacet
  facet normal -1 0 0
    outer loop
      vertex 176.99 64.50552526221952 3.4667547326142576
      vertex 176.99 64.39200026901952 3.801188578223194
      vertex 176.99 64.39200026901952 5.198811421776806
    endloop
  endfacet
  facet normal -1 0 0
    outer loop
      vertex 176.99 64.39200026901952 3.801188578223194
      vertex 176.99 64.32309887429071 4.147579281005861
      vertex 176.99 64.32309887429071 4.852420718994139
    endloop
  endfacet
  facet normal 0 -0.3214394653031693 0.946930129495103
    outer loop
      vertex 176.99 67.69881142177681 1.8920002690195155
      vertex 167 68.03324526738574 2.0055252622195257
      vertex 167 67.69881142177681 1.8920002690195155
    endloop
  endfacet
  facet normal 0 -0.44228869021900213 0.8968727415326879
    outer loop
      vertex 176.99 68.03324526738574 2.0055252622195257
      vertex 167 68.35 2.1617314097820155
      vertex 167 68.03324526738574 2.0055252622195257
    endloop
  endfacet
  facet normal 0 -0.3214394653031693 0.946930129495103
    outer loop
      vertex 176.99 67.69881142177681 1.8920002690195155
      vertex 176.99 68.03324526738574 2.0055252622195257
      vertex 167 68.03324526738574 2.0055252622195257
    endloop
  endfacet
  facet normal 0 -0.44228869021900213 0.8968727415326879
    outer loop
      vertex 176.99 68.03324526738574 2.0055252622195257
      vertex 176.99 68.35 2.1617314097820155
      vertex 167 68.35 2.1617314097820155
    endloop
  endfacet
  facet normal 0 -0.5555702330196011 0.831469612302546
    outer loop
      vertex 176.99 68.35 2.1617314097820155
      vertex 167 68.64365585832354 2.357945981213665
      vertex 167 68.35 2.1617314097820155
    endloop
  endfacet
  facet normal 0 -0.6593458151000524 0.7518398074789918
    outer loop
      vertex 176.99 68.64365585832354 2.357945981213665
      vertex 167 68.90918830920369 2.5908116907963215
      vertex 167 68.64365585832354 2.357945981213665
    endloop
  endfacet
  facet normal 0 -0.7518398074789807 0.659345815100065
    outer loop
      vertex 176.99 68.90918830920369 2.5908116907963215
      vertex 167 69.14205401878634 2.856344141676454
      vertex 167 68.90918830920369 2.5908116907963215
    endloop
  endfacet
  facet normal 0 -0.8314696123025587 0.5555702330195822
    outer loop
      vertex 176.99 69.14205401878634 2.856344141676454
      vertex 167 69.33826859021798 3.15
      vertex 167 69.14205401878634 2.856344141676454
    endloop
  endfacet
  facet normal 0 -0.8968727415326768 0.4422886902190244
    outer loop
      vertex 176.99 69.33826859021798 3.15
      vertex 167 69.49447473778048 3.4667547326142576
      vertex 167 69.33826859021798 3.15
    endloop
  endfacet
  facet normal 0 -0.9469301294951125 0.3214394653031414
    outer loop
      vertex 176.99 69.49447473778048 3.4667547326142576
      vertex 167 69.60799973098048 3.801188578223194
      vertex 167 69.49447473778048 3.4667547326142576
    endloop
  endfacet
  facet normal 0 -0.9807852804032262 0.1950903220161501
    outer loop
      vertex 176.99 69.60799973098048 3.801188578223194
      vertex 167 69.67690112570929 4.147579281005861
      vertex 167 69.60799973098048 3.801188578223194
    endloop
  endfacet
  facet normal 0 -0.9978589232386038 0.06540312923013807
    outer loop
      vertex 176.99 69.67690112570929 4.147579281005861
      vertex 167 69.7 4.5
      vertex 167 69.67690112570929 4.147579281005861
    endloop
  endfacet
  facet normal 0 -0.5555702330196011 0.831469612302546
    outer loop
      vertex 176.99 68.35 2.1617314097820155
      vertex 176.99 68.64365585832354 2.357945981213665
      vertex 167 68.64365585832354 2.357945981213665
    endloop
  endfacet
  facet normal 0 -0.6593458151000524 0.7518398074789918
    outer loop
      vertex 176.99 68.64365585832354 2.357945981213665
      vertex 176.99 68.90918830920369 2.5908116907963215
      vertex 167 68.90918830920369 2.5908116907963215
    endloop
  endfacet
  facet normal 0 -0.7518398074789807 0.659345815100065
    outer loop
      vertex 176.99 68.90918830920369 2.5908116907963215
      vertex 176.99 69.14205401878634 2.856344141676454
      vertex 167 69.14205401878634 2.856344141676454
    endloop
  endfacet
  facet normal 0 -0.8314696123025587 0.5555702330195822
    outer loop
      vertex 176.99 69.14205401878634 2.856344141676454
      vertex 176.99 69.33826859021798 3.15
      vertex 167 69.33826859021798 3.15
    endloop
  endfacet
  facet normal 0 -0.8968727415326768 0.4422886902190244
    outer loop
      vertex 176.99 69.33826859021798 3.15
      vertex 176.99 69.49447473778048 3.4667547326142576
      vertex 167 69.49447473778048 3.4667547326142576
    endloop
  endfacet
  facet normal 0 -0.9469301294951125 0.3214394653031414
    outer loop
      vertex 176.99 69.49447473778048 3.4667547326142576
      vertex 176.99 69.60799973098048 3.801188578223194
      vertex 167 69.60799973098048 3.801188578223194
    endloop
  endfacet
  facet normal 0 -0.9807852804032262 0.1950903220161501
    outer loop
      vertex 176.99 69.60799973098048 3.801188578223194
      vertex 176.99 69.67690112570929 4.147579281005861
      vertex 167 69.67690112570929 4.147579281005861
    endloop
  endfacet
  facet normal -1 0 0
    outer loop
      vertex 176.99 67.69881142177681 1.8920002690195155
      vertex 176.99 67.69881142177681 7.1079997309804845
      vertex 176.99 68.03324526738574 2.0055252622195257
    endloop
  endfacet
  facet normal -1 0 0
    outer loop
      vertex 176.99 68.03324526738574 2.0055252622195257
      vertex 176.99 68.03324526738574 6.994474737780474
      vertex 176.99 68.35 2.1617314097820155
    endloop
  endfacet
  facet normal -1 0 0
    outer loop
      vertex 176.99 68.35 2.1617314097820155
      vertex 176.99 68.35 6.838268590217984
      vertex 176.99 68.64365585832354 2.357945981213665
    endloop
  endfacet
  facet normal -1 0 0
    outer loop
      vertex 176.99 68.64365585832354 2.357945981213665
      vertex 176.99 68.64365585832354 6.642054018786335
      vertex 176.99 68.90918830920369 2.5908116907963215
    endloop
  endfacet
  facet normal -1 0 0
    outer loop
      vertex 176.99 68.90918830920369 2.5908116907963215
      vertex 176.99 68.90918830920369 6.409188309203678
      vertex 176.99 69.14205401878634 2.856344141676454
    endloop
  endfacet
  facet normal -1 0 0
    outer loop
      vertex 176.99 69.14205401878634 2.856344141676454
      vertex 176.99 69.14205401878634 6.143655858323546
      vertex 176.99 69.33826859021798 3.15
    endloop
  endfacet
  facet normal -1 0 0
    outer loop
      vertex 176.99 69.33826859021798 3.15
      vertex 176.99 69.33826859021798 5.85
      vertex 176.99 69.49447473778048 3.4667547326142576
    endloop
  endfacet
  facet normal -1 0 0
    outer loop
      vertex 176.99 69.49447473778048 3.4667547326142576
      vertex 176.99 69.49447473778048 5.533245267385743
      vertex 176.99 69.60799973098048 3.801188578223194
    endloop
  endfacet
  facet normal 0 0.9978589232386038 0.06540312923013807
    outer loop
      vertex 176.99 64.3 4.5
      vertex 167 64.32309887429071 4.147579281005861
      vertex 167 64.3 4.5
    endloop
  endfacet
  facet normal 0 0.9978589232386038 -0.06540312923013807
    outer loop
      vertex 176.99 64.32309887429071 4.852420718994139
      vertex 167 64.3 4.5
      vertex 167 64.32309887429071 4.852420718994139
    endloop
  endfacet
  facet normal 0 0.9807852804032262 -0.19509032201614987
    outer loop
      vertex 176.99 64.39200026901952 5.198811421776806
      vertex 167 64.32309887429071 4.852420718994139
      vertex 167 64.39200026901952 5.198811421776806
    endloop
  endfacet
  facet normal 0 0.9469301294951125 -0.3214394653031414
    outer loop
      vertex 176.99 64.50552526221952 5.533245267385743
      vertex 167 64.39200026901952 5.198811421776806
      vertex 167 64.50552526221952 5.533245267385743
    endloop
  endfacet
  facet normal 0 0.8968727415326764 -0.4422886902190254
    outer loop
      vertex 176.99 64.66173140978202 5.85
      vertex 167 64.50552526221952 5.533245267385743
      vertex 167 64.66173140978202 5.85
    endloop
  endfacet
  facet normal 0 0.8314696123025593 -0.555570233019581
    outer loop
      vertex 176.99 64.85794598121366 6.143655858323546
      vertex 167 64.66173140978202 5.85
      vertex 167 64.85794598121366 6.143655858323546
    endloop
  endfacet
  facet normal 0 0.7518398074789796 -0.6593458151000662
    outer loop
      vertex 176.99 65.09081169079631 6.409188309203678
      vertex 167 64.85794598121366 6.143655858323546
      vertex 167 65.09081169079631 6.409188309203678
    endloop
  endfacet
  facet normal 0 0.9978589232386038 -0.06540312923013807
    outer loop
      vertex 176.99 64.3 4.5
      vertex 167 64.3 4.5
      vertex 176.99 64.32309887429071 4.852420718994139
    endloop
  endfacet
  facet normal 0 0.9807852804032262 -0.19509032201614987
    outer loop
      vertex 176.99 64.32309887429071 4.852420718994139
      vertex 167 64.32309887429071 4.852420718994139
      vertex 176.99 64.39200026901952 5.198811421776806
    endloop
  endfacet
  facet normal 0 0.9469301294951125 -0.3214394653031414
    outer loop
      vertex 176.99 64.39200026901952 5.198811421776806
      vertex 167 64.39200026901952 5.198811421776806
      vertex 176.99 64.50552526221952 5.533245267385743
    endloop
  endfacet
  facet normal -1 0 0
    outer loop
      vertex 176.99 64.32309887429071 4.147579281005861
      vertex 176.99 64.3 4.5
      vertex 176.99 64.32309887429071 4.852420718994139
    endloop
  endfacet
  facet normal -1 0 0
    outer loop
      vertex 176.99 64.39200026901952 3.801188578223194
      vertex 176.99 64.32309887429071 4.852420718994139
      vertex 176.99 64.39200026901952 5.198811421776806
    endloop
  endfacet
  facet normal -1 0 0
    outer loop
      vertex 176.99 64.50552526221952 3.4667547326142576
      vertex 176.99 64.39200026901952 5.198811421776806
      vertex 176.99 64.50552526221952 5.533245267385743
    endloop
  endfacet
  facet normal -1 0 0
    outer loop
      vertex 176.99 64.66173140978202 3.15
      vertex 176.99 64.50552526221952 5.533245267385743
      vertex 176.99 64.66173140978202 5.85
    endloop
  endfacet
  facet normal -1 0 0
    outer loop
      vertex 176.99 64.85794598121366 2.856344141676454
      vertex 176.99 64.66173140978202 5.85
      vertex 176.99 64.85794598121366 6.143655858323546
    endloop
  endfacet
  facet normal -1 0 0
    outer loop
      vertex 176.99 65.09081169079631 2.5908116907963215
      vertex 176.99 64.85794598121366 6.143655858323546
      vertex 176.99 65.09081169079631 6.409188309203678
    endloop
  endfacet
  facet normal -1 0 0
    outer loop
      vertex 176.99 65.35634414167646 2.357945981213665
      vertex 176.99 65.09081169079631 6.409188309203678
      vertex 176.99 65.35634414167646 6.642054018786335
    endloop
  endfacet
  facet normal -1 0 0
    outer loop
      vertex 176.99 65.65 2.1617314097820155
      vertex 176.99 65.35634414167646 6.642054018786335
      vertex 176.99 65.65 6.838268590217984
    endloop
  endfacet
  facet normal -1 0 0
    outer loop
      vertex 176.99 65.96675473261426 2.0055252622195257
      vertex 176.99 65.65 6.838268590217984
      vertex 176.99 65.96675473261426 6.994474737780474
    endloop
  endfacet
  facet normal -1 0 0
    outer loop
      vertex 176.99 66.30118857822319 1.8920002690195155
      vertex 176.99 65.96675473261426 6.994474737780474
      vertex 176.99 66.30118857822319 7.1079997309804845
    endloop
  endfacet
  facet normal 0 0.8968727415326764 -0.4422886902190254
    outer loop
      vertex 176.99 64.50552526221952 5.533245267385743
      vertex 167 64.50552526221952 5.533245267385743
      vertex 176.99 64.66173140978202 5.85
    endloop
  endfacet
  facet normal 0 0.8314696123025593 -0.555570233019581
    outer loop
      vertex 176.99 64.66173140978202 5.85
      vertex 167 64.66173140978202 5.85
      vertex 176.99 64.85794598121366 6.143655858323546
    endloop
  endfacet
  facet normal 0 0.7518398074789796 -0.6593458151000662
    outer loop
      vertex 176.99 64.85794598121366 6.143655858323546
      vertex 167 64.85794598121366 6.143655858323546
      vertex 176.99 65.09081169079631 6.409188309203678
    endloop
  endfacet
  facet normal -1 0 0
    outer loop
      vertex 176.99 66.64757928100586 1.8230988742907117
      vertex 176.99 66.30118857822319 7.1079997309804845
      vertex 176.99 66.64757928100586 7.176901125709288
    endloop
  endfacet
  facet normal -1 0 0
    outer loop
      vertex 176.99 67 1.7999999999999998
      vertex 176.99 66.64757928100586 7.176901125709288
      vertex 176.99 67 7.2
    endloop
  endfacet
  facet normal -1 0 0
    outer loop
      vertex 176.99 67.35242071899414 1.8230988742907117
      vertex 176.99 67 7.2
      vertex 176.99 67.35242071899414 7.176901125709288
    endloop
  endfacet
  facet normal -1 0 0
    outer loop
      vertex 176.99 67.69881142177681 1.8920002690195155
      vertex 176.99 67.35242071899414 7.176901125709288
      vertex 176.99 67.69881142177681 7.1079997309804845
    endloop
  endfacet
  facet normal 0 0.6593458151000532 -0.7518398074789913
    outer loop
      vertex 176.99 65.35634414167646 6.642054018786335
      vertex 167 65.09081169079631 6.409188309203678
      vertex 167 65.35634414167646 6.642054018786335
    endloop
  endfacet
  facet normal 0 0.5555702330196002 -0.8314696123025466
    outer loop
      vertex 176.99 65.65 6.838268590217984
      vertex 167 65.35634414167646 6.642054018786335
      vertex 167 65.65 6.838268590217984
    endloop
  endfacet
  facet normal 0 0.44228869021900313 -0.8968727415326875
    outer loop
      vertex 176.99 65.96675473261426 6.994474737780474
      vertex 167 65.65 6.838268590217984
      vertex 167 65.96675473261426 6.994474737780474
    endloop
  endfacet
  facet normal 0 0.3214394653031693 -0.946930129495103
    outer loop
      vertex 176.99 66.30118857822319 7.1079997309804845
      vertex 167 65.96675473261426 6.994474737780474
      vertex 167 66.30118857822319 7.1079997309804845
    endloop
  endfacet
  facet normal 0 0.19509032201612617 -0.980785280403231
    outer loop
      vertex 176.99 66.64757928100586 7.176901125709288
      vertex 167 66.30118857822319 7.1079997309804845
      vertex 167 66.64757928100586 7.176901125709288
    endloop
  endfacet
  facet normal 0 0.06540312923014308 -0.9978589232386036
    outer loop
      vertex 176.99 67 7.2
      vertex 167 66.64757928100586 7.176901125709288
      vertex 167 67 7.2
    endloop
  endfacet
  facet normal 0 -0.06540312923014308 -0.9978589232386036
    outer loop
      vertex 176.99 67.35242071899414 7.176901125709288
      vertex 167 67 7.2
      vertex 167 67.35242071899414 7.176901125709288
    endloop
  endfacet
  facet normal 0 -0.19509032201612617 -0.980785280403231
    outer loop
      vertex 176.99 67.69881142177681 7.1079997309804845
      vertex 167 67.35242071899414 7.176901125709288
      vertex 167 67.69881142177681 7.1079997309804845
    endloop
  endfacet
  facet normal 0 0.6593458151000532 -0.7518398074789913
    outer loop
      vertex 176.99 65.09081169079631 6.409188309203678
      vertex 167 65.09081169079631 6.409188309203678
      vertex 176.99 65.35634414167646 6.642054018786335
    endloop
  endfacet
  facet normal 0 0.5555702330196002 -0.8314696123025466
    outer loop
      vertex 176.99 65.35634414167646 6.642054018786335
      vertex 167 65.35634414167646 6.642054018786335
      vertex 176.99 65.65 6.838268590217984
    endloop
  endfacet
  facet normal 0 0.44228869021900313 -0.8968727415326875
    outer loop
      vertex 176.99 65.65 6.838268590217984
      vertex 167 65.65 6.838268590217984
      vertex 176.99 65.96675473261426 6.994474737780474
    endloop
  endfacet
  facet normal 0 0.3214394653031693 -0.946930129495103
    outer loop
      vertex 176.99 65.96675473261426 6.994474737780474
      vertex 167 65.96675473261426 6.994474737780474
      vertex 176.99 66.30118857822319 7.1079997309804845
    endloop
  endfacet
  facet normal 0 0.19509032201612617 -0.980785280403231
    outer loop
      vertex 176.99 66.30118857822319 7.1079997309804845
      vertex 167 66.30118857822319 7.1079997309804845
      vertex 176.99 66.64757928100586 7.176901125709288
    endloop
  endfacet
  facet normal 0 0.06540312923014308 -0.9978589232386036
    outer loop
      vertex 176.99 66.64757928100586 7.176901125709288
      vertex 167 66.64757928100586 7.176901125709288
      vertex 176.99 67 7.2
    endloop
  endfacet
  facet normal 0 -0.06540312923014308 -0.9978589232386036
    outer loop
      vertex 176.99 67 7.2
      vertex 167 67 7.2
      vertex 176.99 67.35242071899414 7.176901125709288
    endloop
  endfacet
  facet normal 0 -0.19509032201612617 -0.980785280403231
    outer loop
      vertex 176.99 67.69881142177681 7.1079997309804845
      vertex 176.99 67.35242071899414 7.176901125709288
      vertex 167 67.35242071899414 7.176901125709288
    endloop
  endfacet
  facet normal 0 -0.9978589232386038 -0.06540312923013807
    outer loop
      vertex 176.99 69.7 4.5
      vertex 167 69.67690112570929 4.852420718994139
      vertex 167 69.7 4.5
    endloop
  endfacet
  facet normal 0 -0.9807852804032262 -0.19509032201614987
    outer loop
      vertex 176.99 69.67690112570929 4.852420718994139
      vertex 167 69.60799973098048 5.198811421776806
      vertex 167 69.67690112570929 4.852420718994139
    endloop
  endfacet
  facet normal 0 -0.9469301294951125 -0.3214394653031414
    outer loop
      vertex 176.99 69.60799973098048 5.198811421776806
      vertex 167 69.49447473778048 5.533245267385743
      vertex 167 69.60799973098048 5.198811421776806
    endloop
  endfacet
  facet normal 0 -0.8968727415326764 -0.4422886902190254
    outer loop
      vertex 176.99 69.49447473778048 5.533245267385743
      vertex 167 69.33826859021798 5.85
      vertex 167 69.49447473778048 5.533245267385743
    endloop
  endfacet
  facet normal 0 -0.8314696123025593 -0.555570233019581
    outer loop
      vertex 176.99 69.33826859021798 5.85
      vertex 167 69.14205401878634 6.143655858323546
      vertex 167 69.33826859021798 5.85
    endloop
  endfacet
  facet normal 0 -0.7518398074789796 -0.6593458151000662
    outer loop
      vertex 176.99 69.14205401878634 6.143655858323546
      vertex 167 68.90918830920369 6.409188309203678
      vertex 167 69.14205401878634 6.143655858323546
    endloop
  endfacet
  facet normal 0 -0.9978589232386038 0.06540312923013807
    outer loop
      vertex 176.99 69.67690112570929 4.147579281005861
      vertex 176.99 69.7 4.5
      vertex 167 69.7 4.5
    endloop
  endfacet
  facet normal 0 -0.9978589232386038 -0.06540312923013807
    outer loop
      vertex 176.99 69.7 4.5
      vertex 176.99 69.67690112570929 4.852420718994139
      vertex 167 69.67690112570929 4.852420718994139
    endloop
  endfacet
  facet normal 0 -0.9807852804032262 -0.19509032201614987
    outer loop
      vertex 176.99 69.67690112570929 4.852420718994139
      vertex 176.99 69.60799973098048 5.198811421776806
      vertex 167 69.60799973098048 5.198811421776806
    endloop
  endfacet
  facet normal -1 0 0
    outer loop
      vertex 176.99 69.60799973098048 3.801188578223194
      vertex 176.99 69.60799973098048 5.198811421776806
      vertex 176.99 69.67690112570929 4.147579281005861
    endloop
  endfacet
  facet normal -1 0 0
    outer loop
      vertex 176.99 69.67690112570929 4.147579281005861
      vertex 176.99 69.67690112570929 4.852420718994139
      vertex 176.99 69.7 4.5
    endloop
  endfacet
  facet normal -1 0 0
    outer loop
      vertex 176.99 69.67690112570929 4.147579281005861
      vertex 176.99 69.60799973098048 5.198811421776806
      vertex 176.99 69.67690112570929 4.852420718994139
    endloop
  endfacet
  facet normal -1 0 0
    outer loop
      vertex 176.99 69.33826859021798 3.15
      vertex 176.99 69.14205401878634 6.143655858323546
      vertex 176.99 69.33826859021798 5.85
    endloop
  endfacet
  facet normal -1 0 0
    outer loop
      vertex 176.99 68.35 2.1617314097820155
      vertex 176.99 68.03324526738574 6.994474737780474
      vertex 176.99 68.35 6.838268590217984
    endloop
  endfacet
  facet normal -1 0 0
    outer loop
      vertex 176.99 68.90918830920369 2.5908116907963215
      vertex 176.99 68.64365585832354 6.642054018786335
      vertex 176.99 68.90918830920369 6.409188309203678
    endloop
  endfacet
  facet normal -1 0 0
    outer loop
      vertex 176.99 69.14205401878634 2.856344141676454
      vertex 176.99 68.90918830920369 6.409188309203678
      vertex 176.99 69.14205401878634 6.143655858323546
    endloop
  endfacet
  facet normal -1 0 0
    outer loop
      vertex 176.99 68.64365585832354 2.357945981213665
      vertex 176.99 68.35 6.838268590217984
      vertex 176.99 68.64365585832354 6.642054018786335
    endloop
  endfacet
  facet normal -1 0 0
    outer loop
      vertex 176.99 69.60799973098048 3.801188578223194
      vertex 176.99 69.49447473778048 5.533245267385743
      vertex 176.99 69.60799973098048 5.198811421776806
    endloop
  endfacet
  facet normal -1 0 0
    outer loop
      vertex 176.99 69.49447473778048 3.4667547326142576
      vertex 176.99 69.33826859021798 5.85
      vertex 176.99 69.49447473778048 5.533245267385743
    endloop
  endfacet
  facet normal 0 -0.9469301294951125 -0.3214394653031414
    outer loop
      vertex 176.99 69.60799973098048 5.198811421776806
      vertex 176.99 69.49447473778048 5.533245267385743
      vertex 167 69.49447473778048 5.533245267385743
    endloop
  endfacet
  facet normal 0 -0.8968727415326764 -0.4422886902190254
    outer loop
      vertex 176.99 69.49447473778048 5.533245267385743
      vertex 176.99 69.33826859021798 5.85
      vertex 167 69.33826859021798 5.85
    endloop
  endfacet
  facet normal 0 -0.8314696123025593 -0.555570233019581
    outer loop
      vertex 176.99 69.33826859021798 5.85
      vertex 176.99 69.14205401878634 6.143655858323546
      vertex 167 69.14205401878634 6.143655858323546
    endloop
  endfacet
  facet normal 0 -0.7518398074789796 -0.6593458151000662
    outer loop
      vertex 176.99 69.14205401878634 6.143655858323546
      vertex 176.99 68.90918830920369 6.409188309203678
      vertex 167 68.90918830920369 6.409188309203678
    endloop
  endfacet
  facet normal -1 0 0
    outer loop
      vertex 176.99 68.03324526738574 2.0055252622195257
      vertex 176.99 67.69881142177681 7.1079997309804845
      vertex 176.99 68.03324526738574 6.994474737780474
    endloop
  endfacet
  facet normal 0 -0.6593458151000532 -0.7518398074789913
    outer loop
      vertex 176.99 68.90918830920369 6.409188309203678
      vertex 167 68.64365585832354 6.642054018786335
      vertex 167 68.90918830920369 6.409188309203678
    endloop
  endfacet
  facet normal 0 -0.44228869021900313 -0.8968727415326875
    outer loop
      vertex 176.99 68.35 6.838268590217984
      vertex 167 68.03324526738574 6.994474737780474
      vertex 167 68.35 6.838268590217984
    endloop
  endfacet
  facet normal 0 -0.5555702330196002 -0.8314696123025466
    outer loop
      vertex 176.99 68.64365585832354 6.642054018786335
      vertex 167 68.35 6.838268590217984
      vertex 167 68.64365585832354 6.642054018786335
    endloop
  endfacet
  facet normal 0 -0.3214394653031693 -0.946930129495103
    outer loop
      vertex 176.99 68.03324526738574 6.994474737780474
      vertex 167 67.69881142177681 7.1079997309804845
      vertex 167 68.03324526738574 6.994474737780474
    endloop
  endfacet
  facet normal 0 -0.6593458151000532 -0.7518398074789913
    outer loop
      vertex 176.99 68.64365585832354 6.642054018786335
      vertex 167 68.64365585832354 6.642054018786335
      vertex 176.99 68.90918830920369 6.409188309203678
    endloop
  endfacet
  facet normal 0 -0.5555702330196002 -0.8314696123025466
    outer loop
      vertex 176.99 68.64365585832354 6.642054018786335
      vertex 176.99 68.35 6.838268590217984
      vertex 167 68.35 6.838268590217984
    endloop
  endfacet
  facet normal 0 -0.44228869021900313 -0.8968727415326875
    outer loop
      vertex 176.99 68.35 6.838268590217984
      vertex 176.99 68.03324526738574 6.994474737780474
      vertex 167 68.03324526738574 6.994474737780474
    endloop
  endfacet
  facet normal 0 -0.3214394653031693 -0.946930129495103
    outer loop
      vertex 176.99 67.69881142177681 7.1079997309804845
      vertex 167 67.69881142177681 7.1079997309804845
      vertex 176.99 68.03324526738574 6.994474737780474
    endloop
  endfacet
  facet normal 0 0.44228869021900213 0.8968727415326879
    outer loop
      vertex 176.99 77.65 2.1617314097820155
      vertex 167 77.96675473261426 2.0055252622195257
      vertex 167 77.65 2.1617314097820155
    endloop
  endfacet
  facet normal 0 0.19509032201612617 0.980785280403231
    outer loop
      vertex 176.99 78.30118857822319 1.8920002690195155
      vertex 167 78.64757928100586 1.8230988742907117
      vertex 167 78.30118857822319 1.8920002690195155
    endloop
  endfacet
  facet normal 0 0.06540312923014308 0.9978589232386036
    outer loop
      vertex 176.99 78.64757928100586 1.8230988742907117
      vertex 167 79 1.7999999999999998
      vertex 167 78.64757928100586 1.8230988742907117
    endloop
  endfacet
  facet normal 0 -0.06540312923014308 0.9978589232386036
    outer loop
      vertex 176.99 79 1.7999999999999998
      vertex 167 79.35242071899414 1.8230988742907117
      vertex 167 79 1.7999999999999998
    endloop
  endfacet
  facet normal 0 -0.19509032201612617 0.980785280403231
    outer loop
      vertex 176.99 79.35242071899414 1.8230988742907117
      vertex 167 79.69881142177681 1.8920002690195155
      vertex 167 79.35242071899414 1.8230988742907117
    endloop
  endfacet
  facet normal 0 0.3214394653031693 0.946930129495103
    outer loop
      vertex 176.99 77.96675473261426 2.0055252622195257
      vertex 167 78.30118857822319 1.8920002690195155
      vertex 167 77.96675473261426 2.0055252622195257
    endloop
  endfacet
  facet normal 0 -0.3214394653031693 0.946930129495103
    outer loop
      vertex 176.99 79.69881142177681 1.8920002690195155
      vertex 167 80.03324526738574 2.0055252622195257
      vertex 167 79.69881142177681 1.8920002690195155
    endloop
  endfacet
  facet normal 0 -0.44228869021900213 0.8968727415326879
    outer loop
      vertex 176.99 80.03324526738574 2.0055252622195257
      vertex 167 80.35 2.1617314097820155
      vertex 167 80.03324526738574 2.0055252622195257
    endloop
  endfacet
  facet normal 0 0.19509032201612617 0.980785280403231
    outer loop
      vertex 176.99 78.30118857822319 1.8920002690195155
      vertex 176.99 78.64757928100586 1.8230988742907117
      vertex 167 78.64757928100586 1.8230988742907117
    endloop
  endfacet
  facet normal 0 0.06540312923014308 0.9978589232386036
    outer loop
      vertex 176.99 78.64757928100586 1.8230988742907117
      vertex 176.99 79 1.7999999999999998
      vertex 167 79 1.7999999999999998
    endloop
  endfacet
  facet normal 0 -0.06540312923014308 0.9978589232386036
    outer loop
      vertex 176.99 79 1.7999999999999998
      vertex 176.99 79.35242071899414 1.8230988742907117
      vertex 167 79.35242071899414 1.8230988742907117
    endloop
  endfacet
  facet normal 0 0.3214394653031693 0.946930129495103
    outer loop
      vertex 176.99 77.96675473261426 2.0055252622195257
      vertex 176.99 78.30118857822319 1.8920002690195155
      vertex 167 78.30118857822319 1.8920002690195155
    endloop
  endfacet
  facet normal 0 0.44228869021900213 0.8968727415326879
    outer loop
      vertex 176.99 77.96675473261426 2.0055252622195257
      vertex 167 77.96675473261426 2.0055252622195257
      vertex 176.99 77.65 2.1617314097820155
    endloop
  endfacet
  facet normal 0 -0.19509032201612617 0.980785280403231
    outer loop
      vertex 176.99 79.35242071899414 1.8230988742907117
      vertex 176.99 79.69881142177681 1.8920002690195155
      vertex 167 79.69881142177681 1.8920002690195155
    endloop
  endfacet
  facet normal 0 -0.3214394653031693 0.946930129495103
    outer loop
      vertex 176.99 79.69881142177681 1.8920002690195155
      vertex 176.99 80.03324526738574 2.0055252622195257
      vertex 167 80.03324526738574 2.0055252622195257
    endloop
  endfacet
  facet normal 0 -0.44228869021900213 0.8968727415326879
    outer loop
      vertex 176.99 80.03324526738574 2.0055252622195257
      vertex 176.99 80.35 2.1617314097820155
      vertex 167 80.35 2.1617314097820155
    endloop
  endfacet
  facet normal 0 0.5555702330196011 0.831469612302546
    outer loop
      vertex 176.99 77.35634414167646 2.357945981213665
      vertex 167 77.65 2.1617314097820155
      vertex 167 77.35634414167646 2.357945981213665
    endloop
  endfacet
  facet normal 0 0.6593458151000524 0.7518398074789918
    outer loop
      vertex 176.99 77.09081169079631 2.5908116907963215
      vertex 167 77.35634414167646 2.357945981213665
      vertex 167 77.09081169079631 2.5908116907963215
    endloop
  endfacet
  facet normal 0 0.7518398074789807 0.659345815100065
    outer loop
      vertex 176.99 76.85794598121366 2.856344141676454
      vertex 167 77.09081169079631 2.5908116907963215
      vertex 167 76.85794598121366 2.856344141676454
    endloop
  endfacet
  facet normal 0 0.8314696123025587 0.5555702330195822
    outer loop
      vertex 176.99 76.66173140978202 3.15
      vertex 167 76.85794598121366 2.856344141676454
      vertex 167 76.66173140978202 3.15
    endloop
  endfacet
  facet normal 0 -0.5555702330196011 0.831469612302546
    outer loop
      vertex 176.99 80.35 2.1617314097820155
      vertex 167 80.64365585832354 2.357945981213665
      vertex 167 80.35 2.1617314097820155
    endloop
  endfacet
  facet normal 0 -0.6593458151000524 0.7518398074789918
    outer loop
      vertex 176.99 80.64365585832354 2.357945981213665
      vertex 167 80.90918830920369 2.5908116907963215
      vertex 167 80.64365585832354 2.357945981213665
    endloop
  endfacet
  facet normal 0 -0.7518398074789807 0.659345815100065
    outer loop
      vertex 176.99 80.90918830920369 2.5908116907963215
      vertex 167 81.14205401878634 2.856344141676454
      vertex 167 80.90918830920369 2.5908116907963215
    endloop
  endfacet
  facet normal 0 0.8968727415326768 0.4422886902190244
    outer loop
      vertex 176.99 76.50552526221952 3.4667547326142576
      vertex 167 76.66173140978202 3.15
      vertex 167 76.50552526221952 3.4667547326142576
    endloop
  endfacet
  facet normal 0 0.9469301294951125 0.3214394653031414
    outer loop
      vertex 176.99 76.39200026901952 3.801188578223194
      vertex 167 76.50552526221952 3.4667547326142576
      vertex 167 76.39200026901952 3.801188578223194
    endloop
  endfacet
  facet normal 0 0.9807852804032262 0.1950903220161501
    outer loop
      vertex 176.99 76.32309887429071 4.147579281005861
      vertex 167 76.39200026901952 3.801188578223194
      vertex 167 76.32309887429071 4.147579281005861
    endloop
  endfacet
  facet normal 0 0.5555702330196011 0.831469612302546
    outer loop
      vertex 176.99 77.65 2.1617314097820155
      vertex 167 77.65 2.1617314097820155
      vertex 176.99 77.35634414167646 2.357945981213665
    endloop
  endfacet
  facet normal 0 0.6593458151000524 0.7518398074789918
    outer loop
      vertex 176.99 77.35634414167646 2.357945981213665
      vertex 167 77.35634414167646 2.357945981213665
      vertex 176.99 77.09081169079631 2.5908116907963215
    endloop
  endfacet
  facet normal 0 0.7518398074789807 0.659345815100065
    outer loop
      vertex 176.99 77.09081169079631 2.5908116907963215
      vertex 167 77.09081169079631 2.5908116907963215
      vertex 176.99 76.85794598121366 2.856344141676454
    endloop
  endfacet
  facet normal 0 0.8314696123025587 0.5555702330195822
    outer loop
      vertex 176.99 76.85794598121366 2.856344141676454
      vertex 167 76.85794598121366 2.856344141676454
      vertex 176.99 76.66173140978202 3.15
    endloop
  endfacet
  facet normal 0 -0.5555702330196011 0.831469612302546
    outer loop
      vertex 176.99 80.35 2.1617314097820155
      vertex 176.99 80.64365585832354 2.357945981213665
      vertex 167 80.64365585832354 2.357945981213665
    endloop
  endfacet
  facet normal 0 -0.6593458151000524 0.7518398074789918
    outer loop
      vertex 176.99 80.64365585832354 2.357945981213665
      vertex 176.99 80.90918830920369 2.5908116907963215
      vertex 167 80.90918830920369 2.5908116907963215
    endloop
  endfacet
  facet normal 0 -0.7518398074789807 0.659345815100065
    outer loop
      vertex 176.99 80.90918830920369 2.5908116907963215
      vertex 176.99 81.14205401878634 2.856344141676454
      vertex 167 81.14205401878634 2.856344141676454
    endloop
  endfacet
  facet normal 0 0.8968727415326768 0.4422886902190244
    outer loop
      vertex 176.99 76.66173140978202 3.15
      vertex 167 76.66173140978202 3.15
      vertex 176.99 76.50552526221952 3.4667547326142576
    endloop
  endfacet
  facet normal 0 0.9469301294951125 0.3214394653031414
    outer loop
      vertex 176.99 76.50552526221952 3.4667547326142576
      vertex 167 76.50552526221952 3.4667547326142576
      vertex 176.99 76.39200026901952 3.801188578223194
    endloop
  endfacet
  facet normal 0 0.9807852804032262 0.1950903220161501
    outer loop
      vertex 176.99 76.39200026901952 3.801188578223194
      vertex 167 76.39200026901952 3.801188578223194
      vertex 176.99 76.32309887429071 4.147579281005861
    endloop
  endfacet
  facet normal 0 0.9978589232386038 0.06540312923013807
    outer loop
      vertex 176.99 76.32309887429071 4.147579281005861
      vertex 167 76.32309887429071 4.147579281005861
      vertex 176.99 76.3 4.5
    endloop
  endfacet
  facet normal -1 0 0
    outer loop
      vertex 176.99 77.96675473261426 2.0055252622195257
      vertex 176.99 77.65 2.1617314097820155
      vertex 176.99 77.65 6.838268590217984
    endloop
  endfacet
  facet normal -1 0 0
    outer loop
      vertex 176.99 77.65 2.1617314097820155
      vertex 176.99 77.35634414167646 2.357945981213665
      vertex 176.99 77.35634414167646 6.642054018786335
    endloop
  endfacet
  facet normal -1 0 0
    outer loop
      vertex 176.99 77.09081169079631 2.5908116907963215
      vertex 176.99 76.85794598121366 2.856344141676454
      vertex 176.99 76.85794598121366 6.143655858323546
    endloop
  endfacet
  facet normal -1 0 0
    outer loop
      vertex 176.99 76.85794598121366 2.856344141676454
      vertex 176.99 76.66173140978202 3.15
      vertex 176.99 76.66173140978202 5.85
    endloop
  endfacet
  facet normal -1 0 0
    outer loop
      vertex 176.99 77.35634414167646 2.357945981213665
      vertex 176.99 77.09081169079631 2.5908116907963215
      vertex 176.99 77.09081169079631 6.409188309203678
    endloop
  endfacet
  facet normal -1 0 0
    outer loop
      vertex 176.99 76.66173140978202 3.15
      vertex 176.99 76.50552526221952 3.4667547326142576
      vertex 176.99 76.50552526221952 5.533245267385743
    endloop
  endfacet
  facet normal -1 0 0
    outer loop
      vertex 176.99 76.50552526221952 3.4667547326142576
      vertex 176.99 76.39200026901952 3.801188578223194
      vertex 176.99 76.39200026901952 5.198811421776806
    endloop
  endfacet
  facet normal -1 0 0
    outer loop
      vertex 176.99 76.39200026901952 3.801188578223194
      vertex 176.99 76.32309887429071 4.147579281005861
      vertex 176.99 76.32309887429071 4.852420718994139
    endloop
  endfacet
  facet normal -1 0 0
    outer loop
      vertex 176.99 78.30118857822319 1.8920002690195155
      vertex 176.99 78.30118857822319 7.1079997309804845
      vertex 176.99 78.64757928100586 1.8230988742907117
    endloop
  endfacet
  facet normal -1 0 0
    outer loop
      vertex 176.99 77.96675473261426 2.0055252622195257
      vertex 176.99 77.96675473261426 6.994474737780474
      vertex 176.99 78.30118857822319 1.8920002690195155
    endloop
  endfacet
  facet normal -1 0 0
    outer loop
      vertex 176.99 78.64757928100586 1.8230988742907117
      vertex 176.99 78.64757928100586 7.176901125709288
      vertex 176.99 79 1.7999999999999998
    endloop
  endfacet
  facet normal -1 0 0
    outer loop
      vertex 176.99 79 1.7999999999999998
      vertex 176.99 79 7.2
      vertex 176.99 79.35242071899414 1.8230988742907117
    endloop
  endfacet
  facet normal -1 0 0
    outer loop
      vertex 176.99 79.35242071899414 1.8230988742907117
      vertex 176.99 79.35242071899414 7.176901125709288
      vertex 176.99 79.69881142177681 1.8920002690195155
    endloop
  endfacet
  facet normal -1 0 0
    outer loop
      vertex 176.99 79.69881142177681 1.8920002690195155
      vertex 176.99 79.69881142177681 7.1079997309804845
      vertex 176.99 80.03324526738574 2.0055252622195257
    endloop
  endfacet
  facet normal -1 0 0
    outer loop
      vertex 176.99 80.03324526738574 2.0055252622195257
      vertex 176.99 80.03324526738574 6.994474737780474
      vertex 176.99 80.35 2.1617314097820155
    endloop
  endfacet
  facet normal -1 0 0
    outer loop
      vertex 176.99 80.35 2.1617314097820155
      vertex 176.99 80.35 6.838268590217984
      vertex 176.99 80.64365585832354 2.357945981213665
    endloop
  endfacet
  facet normal -1 0 0
    outer loop
      vertex 176.99 80.64365585832354 2.357945981213665
      vertex 176.99 80.64365585832354 6.642054018786335
      vertex 176.99 80.90918830920369 2.5908116907963215
    endloop
  endfacet
  facet normal -1 0 0
    outer loop
      vertex 176.99 80.90918830920369 2.5908116907963215
      vertex 176.99 80.90918830920369 6.409188309203678
      vertex 176.99 81.14205401878634 2.856344141676454
    endloop
  endfacet
  facet normal 0 0.9978589232386038 0.06540312923013807
    outer loop
      vertex 176.99 76.3 4.5
      vertex 167 76.32309887429071 4.147579281005861
      vertex 167 76.3 4.5
    endloop
  endfacet
  facet normal 0 0.9978589232386038 -0.06540312923013807
    outer loop
      vertex 176.99 76.32309887429071 4.852420718994139
      vertex 167 76.3 4.5
      vertex 167 76.32309887429071 4.852420718994139
    endloop
  endfacet
  facet normal 0 0.9807852804032262 -0.19509032201614987
    outer loop
      vertex 176.99 76.39200026901952 5.198811421776806
      vertex 167 76.32309887429071 4.852420718994139
      vertex 167 76.39200026901952 5.198811421776806
    endloop
  endfacet
  facet normal 0 0.9469301294951125 -0.3214394653031414
    outer loop
      vertex 176.99 76.50552526221952 5.533245267385743
      vertex 167 76.39200026901952 5.198811421776806
      vertex 167 76.50552526221952 5.533245267385743
    endloop
  endfacet
  facet normal 0 0.8968727415326764 -0.4422886902190254
    outer loop
      vertex 176.99 76.66173140978202 5.85
      vertex 167 76.50552526221952 5.533245267385743
      vertex 167 76.66173140978202 5.85
    endloop
  endfacet
  facet normal 0 0.8314696123025593 -0.555570233019581
    outer loop
      vertex 176.99 76.85794598121366 6.143655858323546
      vertex 167 76.66173140978202 5.85
      vertex 167 76.85794598121366 6.143655858323546
    endloop
  endfacet
  facet normal 0 0.7518398074789796 -0.6593458151000662
    outer loop
      vertex 176.99 77.09081169079631 6.409188309203678
      vertex 167 76.85794598121366 6.143655858323546
      vertex 167 77.09081169079631 6.409188309203678
    endloop
  endfacet
  facet normal 0 -0.7518398074789796 -0.6593458151000662
    outer loop
      vertex 176.99 81.14205401878634 6.143655858323546
      vertex 167 80.90918830920369 6.409188309203678
      vertex 167 81.14205401878634 6.143655858323546
    endloop
  endfacet
  facet normal 0 0.9978589232386038 -0.06540312923013807
    outer loop
      vertex 176.99 76.3 4.5
      vertex 167 76.3 4.5
      vertex 176.99 76.32309887429071 4.852420718994139
    endloop
  endfacet
  facet normal 0 0.9807852804032262 -0.19509032201614987
    outer loop
      vertex 176.99 76.32309887429071 4.852420718994139
      vertex 167 76.32309887429071 4.852420718994139
      vertex 176.99 76.39200026901952 5.198811421776806
    endloop
  endfacet
  facet normal 0 0.9469301294951125 -0.3214394653031414
    outer loop
      vertex 176.99 76.39200026901952 5.198811421776806
      vertex 167 76.39200026901952 5.198811421776806
      vertex 176.99 76.50552526221952 5.533245267385743
    endloop
  endfacet
  facet normal -1 0 0
    outer loop
      vertex 176.99 76.32309887429071 4.147579281005861
      vertex 176.99 76.3 4.5
      vertex 176.99 76.32309887429071 4.852420718994139
    endloop
  endfacet
  facet normal -1 0 0
    outer loop
      vertex 176.99 76.39200026901952 3.801188578223194
      vertex 176.99 76.32309887429071 4.852420718994139
      vertex 176.99 76.39200026901952 5.198811421776806
    endloop
  endfacet
  facet normal -1 0 0
    outer loop
      vertex 176.99 76.50552526221952 3.4667547326142576
      vertex 176.99 76.39200026901952 5.198811421776806
      vertex 176.99 76.50552526221952 5.533245267385743
    endloop
  endfacet
  facet normal -1 0 0
    outer loop
      vertex 176.99 76.66173140978202 3.15
      vertex 176.99 76.50552526221952 5.533245267385743
      vertex 176.99 76.66173140978202 5.85
    endloop
  endfacet
  facet normal -1 0 0
    outer loop
      vertex 176.99 76.85794598121366 2.856344141676454
      vertex 176.99 76.66173140978202 5.85
      vertex 176.99 76.85794598121366 6.143655858323546
    endloop
  endfacet
  facet normal -1 0 0
    outer loop
      vertex 176.99 77.09081169079631 2.5908116907963215
      vertex 176.99 76.85794598121366 6.143655858323546
      vertex 176.99 77.09081169079631 6.409188309203678
    endloop
  endfacet
  facet normal -1 0 0
    outer loop
      vertex 176.99 77.35634414167646 2.357945981213665
      vertex 176.99 77.09081169079631 6.409188309203678
      vertex 176.99 77.35634414167646 6.642054018786335
    endloop
  endfacet
  facet normal -1 0 0
    outer loop
      vertex 176.99 77.65 2.1617314097820155
      vertex 176.99 77.35634414167646 6.642054018786335
      vertex 176.99 77.65 6.838268590217984
    endloop
  endfacet
  facet normal -1 0 0
    outer loop
      vertex 176.99 77.96675473261426 2.0055252622195257
      vertex 176.99 77.65 6.838268590217984
      vertex 176.99 77.96675473261426 6.994474737780474
    endloop
  endfacet
  facet normal -1 0 0
    outer loop
      vertex 176.99 78.30118857822319 1.8920002690195155
      vertex 176.99 77.96675473261426 6.994474737780474
      vertex 176.99 78.30118857822319 7.1079997309804845
    endloop
  endfacet
  facet normal -1 0 0
    outer loop
      vertex 176.99 80.35 2.1617314097820155
      vertex 176.99 80.03324526738574 6.994474737780474
      vertex 176.99 80.35 6.838268590217984
    endloop
  endfacet
  facet normal -1 0 0
    outer loop
      vertex 176.99 81.14205401878634 2.856344141676454
      vertex 176.99 80.90918830920369 6.409188309203678
      vertex 176.99 81.14205401878634 6.143655858323546
    endloop
  endfacet
  facet normal -1 0 0
    outer loop
      vertex 176.99 80.90918830920369 2.5908116907963215
      vertex 176.99 80.64365585832354 6.642054018786335
      vertex 176.99 80.90918830920369 6.409188309203678
    endloop
  endfacet
  facet normal -1 0 0
    outer loop
      vertex 176.99 80.64365585832354 2.357945981213665
      vertex 176.99 80.35 6.838268590217984
      vertex 176.99 80.64365585832354 6.642054018786335
    endloop
  endfacet
  facet normal 0 0.8968727415326764 -0.4422886902190254
    outer loop
      vertex 176.99 76.50552526221952 5.533245267385743
      vertex 167 76.50552526221952 5.533245267385743
      vertex 176.99 76.66173140978202 5.85
    endloop
  endfacet
  facet normal 0 0.8314696123025593 -0.555570233019581
    outer loop
      vertex 176.99 76.66173140978202 5.85
      vertex 167 76.66173140978202 5.85
      vertex 176.99 76.85794598121366 6.143655858323546
    endloop
  endfacet
  facet normal 0 0.7518398074789796 -0.6593458151000662
    outer loop
      vertex 176.99 76.85794598121366 6.143655858323546
      vertex 167 76.85794598121366 6.143655858323546
      vertex 176.99 77.09081169079631 6.409188309203678
    endloop
  endfacet
  facet normal 0 -0.7518398074789796 -0.6593458151000662
    outer loop
      vertex 176.99 81.14205401878634 6.143655858323546
      vertex 176.99 80.90918830920369 6.409188309203678
      vertex 167 80.90918830920369 6.409188309203678
    endloop
  endfacet
  facet normal -1 0 0
    outer loop
      vertex 176.99 78.64757928100586 1.8230988742907117
      vertex 176.99 78.30118857822319 7.1079997309804845
      vertex 176.99 78.64757928100586 7.176901125709288
    endloop
  endfacet
  facet normal -1 0 0
    outer loop
      vertex 176.99 79 1.7999999999999998
      vertex 176.99 78.64757928100586 7.176901125709288
      vertex 176.99 79 7.2
    endloop
  endfacet
  facet normal -1 0 0
    outer loop
      vertex 176.99 79.35242071899414 1.8230988742907117
      vertex 176.99 79 7.2
      vertex 176.99 79.35242071899414 7.176901125709288
    endloop
  endfacet
  facet normal -1 0 0
    outer loop
      vertex 176.99 79.69881142177681 1.8920002690195155
      vertex 176.99 79.35242071899414 7.176901125709288
      vertex 176.99 79.69881142177681 7.1079997309804845
    endloop
  endfacet
  facet normal -1 0 0
    outer loop
      vertex 176.99 80.03324526738574 2.0055252622195257
      vertex 176.99 79.69881142177681 7.1079997309804845
      vertex 176.99 80.03324526738574 6.994474737780474
    endloop
  endfacet
  facet normal 0 0.6593458151000532 -0.7518398074789913
    outer loop
      vertex 176.99 77.35634414167646 6.642054018786335
      vertex 167 77.09081169079631 6.409188309203678
      vertex 167 77.35634414167646 6.642054018786335
    endloop
  endfacet
  facet normal 0 0.5555702330196002 -0.8314696123025466
    outer loop
      vertex 176.99 77.65 6.838268590217984
      vertex 167 77.35634414167646 6.642054018786335
      vertex 167 77.65 6.838268590217984
    endloop
  endfacet
  facet normal 0 0.44228869021900313 -0.8968727415326875
    outer loop
      vertex 176.99 77.96675473261426 6.994474737780474
      vertex 167 77.65 6.838268590217984
      vertex 167 77.96675473261426 6.994474737780474
    endloop
  endfacet
  facet normal 0 -0.6593458151000532 -0.7518398074789913
    outer loop
      vertex 176.99 80.90918830920369 6.409188309203678
      vertex 167 80.64365585832354 6.642054018786335
      vertex 167 80.90918830920369 6.409188309203678
    endloop
  endfacet
  facet normal 0 -0.44228869021900313 -0.8968727415326875
    outer loop
      vertex 176.99 80.35 6.838268590217984
      vertex 167 80.03324526738574 6.994474737780474
      vertex 167 80.35 6.838268590217984
    endloop
  endfacet
  facet normal 0 -0.5555702330196002 -0.8314696123025466
    outer loop
      vertex 176.99 80.64365585832354 6.642054018786335
      vertex 167 80.35 6.838268590217984
      vertex 167 80.64365585832354 6.642054018786335
    endloop
  endfacet
  facet normal 0 0.3214394653031693 -0.946930129495103
    outer loop
      vertex 176.99 78.30118857822319 7.1079997309804845
      vertex 167 77.96675473261426 6.994474737780474
      vertex 167 78.30118857822319 7.1079997309804845
    endloop
  endfacet
  facet normal 0 0.19509032201612617 -0.980785280403231
    outer loop
      vertex 176.99 78.64757928100586 7.176901125709288
      vertex 167 78.30118857822319 7.1079997309804845
      vertex 167 78.64757928100586 7.176901125709288
    endloop
  endfacet
  facet normal 0 0.06540312923014308 -0.9978589232386036
    outer loop
      vertex 176.99 79 7.2
      vertex 167 78.64757928100586 7.176901125709288
      vertex 167 79 7.2
    endloop
  endfacet
  facet normal 0 -0.06540312923014308 -0.9978589232386036
    outer loop
      vertex 176.99 79.35242071899414 7.176901125709288
      vertex 167 79 7.2
      vertex 167 79.35242071899414 7.176901125709288
    endloop
  endfacet
  facet normal 0 -0.3214394653031693 -0.946930129495103
    outer loop
      vertex 176.99 80.03324526738574 6.994474737780474
      vertex 167 79.69881142177681 7.1079997309804845
      vertex 167 80.03324526738574 6.994474737780474
    endloop
  endfacet
  facet normal 0 -0.19509032201612617 -0.980785280403231
    outer loop
      vertex 176.99 79.69881142177681 7.1079997309804845
      vertex 167 79.35242071899414 7.176901125709288
      vertex 167 79.69881142177681 7.1079997309804845
    endloop
  endfacet
  facet normal 0 0.6593458151000532 -0.7518398074789913
    outer loop
      vertex 176.99 77.09081169079631 6.409188309203678
      vertex 167 77.09081169079631 6.409188309203678
      vertex 176.99 77.35634414167646 6.642054018786335
    endloop
  endfacet
  facet normal 0 0.5555702330196002 -0.8314696123025466
    outer loop
      vertex 176.99 77.35634414167646 6.642054018786335
      vertex 167 77.35634414167646 6.642054018786335
      vertex 176.99 77.65 6.838268590217984
    endloop
  endfacet
  facet normal 0 0.44228869021900313 -0.8968727415326875
    outer loop
      vertex 176.99 77.65 6.838268590217984
      vertex 167 77.65 6.838268590217984
      vertex 176.99 77.96675473261426 6.994474737780474
    endloop
  endfacet
  facet normal 0 -0.6593458151000532 -0.7518398074789913
    outer loop
      vertex 176.99 80.90918830920369 6.409188309203678
      vertex 176.99 80.64365585832354 6.642054018786335
      vertex 167 80.64365585832354 6.642054018786335
    endloop
  endfacet
  facet normal 0 -0.44228869021900313 -0.8968727415326875
    outer loop
      vertex 176.99 80.35 6.838268590217984
      vertex 176.99 80.03324526738574 6.994474737780474
      vertex 167 80.03324526738574 6.994474737780474
    endloop
  endfacet
  facet normal 0 -0.5555702330196002 -0.8314696123025466
    outer loop
      vertex 176.99 80.64365585832354 6.642054018786335
      vertex 176.99 80.35 6.838268590217984
      vertex 167 80.35 6.838268590217984
    endloop
  endfacet
  facet normal 0 0.3214394653031693 -0.946930129495103
    outer loop
      vertex 176.99 77.96675473261426 6.994474737780474
      vertex 167 77.96675473261426 6.994474737780474
      vertex 176.99 78.30118857822319 7.1079997309804845
    endloop
  endfacet
  facet normal 0 0.19509032201612617 -0.980785280403231
    outer loop
      vertex 176.99 78.30118857822319 7.1079997309804845
      vertex 167 78.30118857822319 7.1079997309804845
      vertex 176.99 78.64757928100586 7.176901125709288
    endloop
  endfacet
  facet normal 0 0.06540312923014308 -0.9978589232386036
    outer loop
      vertex 176.99 78.64757928100586 7.176901125709288
      vertex 167 78.64757928100586 7.176901125709288
      vertex 176.99 79 7.2
    endloop
  endfacet
  facet normal 0 -0.19509032201612617 -0.980785280403231
    outer loop
      vertex 176.99 79.69881142177681 7.1079997309804845
      vertex 176.99 79.35242071899414 7.176901125709288
      vertex 167 79.35242071899414 7.176901125709288
    endloop
  endfacet
  facet normal 0 -0.06540312923014308 -0.9978589232386036
    outer loop
      vertex 176.99 79 7.2
      vertex 167 79 7.2
      vertex 176.99 79.35242071899414 7.176901125709288
    endloop
  endfacet
  facet normal 0 -0.3214394653031693 -0.946930129495103
    outer loop
      vertex 176.99 79.69881142177681 7.1079997309804845
      vertex 167 79.69881142177681 7.1079997309804845
      vertex 176.99 80.03324526738574 6.994474737780474
    endloop
  endfacet
  facet normal 0 -0.8314696123025587 0.5555702330195822
    outer loop
      vertex 176.99 81.14205401878634 2.856344141676454
      vertex 167 81.33826859021798 3.15
      vertex 167 81.14205401878634 2.856344141676454
    endloop
  endfacet
  facet normal 0 -0.8968727415326768 0.4422886902190244
    outer loop
      vertex 176.99 81.33826859021798 3.15
      vertex 167 81.49447473778048 3.4667547326142576
      vertex 167 81.33826859021798 3.15
    endloop
  endfacet
  facet normal 0 -0.9469301294951125 0.3214394653031414
    outer loop
      vertex 176.99 81.49447473778048 3.4667547326142576
      vertex 167 81.60799973098048 3.801188578223194
      vertex 167 81.49447473778048 3.4667547326142576
    endloop
  endfacet
  facet normal 0 -0.9807852804032262 0.1950903220161501
    outer loop
      vertex 176.99 81.60799973098048 3.801188578223194
      vertex 167 81.67690112570929 4.147579281005861
      vertex 167 81.60799973098048 3.801188578223194
    endloop
  endfacet
  facet normal 0 -0.9978589232386038 0.06540312923013807
    outer loop
      vertex 176.99 81.67690112570929 4.147579281005861
      vertex 167 81.7 4.5
      vertex 167 81.67690112570929 4.147579281005861
    endloop
  endfacet
  facet normal 0 -0.8314696123025587 0.5555702330195822
    outer loop
      vertex 176.99 81.14205401878634 2.856344141676454
      vertex 176.99 81.33826859021798 3.15
      vertex 167 81.33826859021798 3.15
    endloop
  endfacet
  facet normal 0 -0.8968727415326768 0.4422886902190244
    outer loop
      vertex 176.99 81.33826859021798 3.15
      vertex 176.99 81.49447473778048 3.4667547326142576
      vertex 167 81.49447473778048 3.4667547326142576
    endloop
  endfacet
  facet normal 0 -0.9469301294951125 0.3214394653031414
    outer loop
      vertex 176.99 81.49447473778048 3.4667547326142576
      vertex 176.99 81.60799973098048 3.801188578223194
      vertex 167 81.60799973098048 3.801188578223194
    endloop
  endfacet
  facet normal 0 -0.9807852804032262 0.1950903220161501
    outer loop
      vertex 176.99 81.60799973098048 3.801188578223194
      vertex 176.99 81.67690112570929 4.147579281005861
      vertex 167 81.67690112570929 4.147579281005861
    endloop
  endfacet
  facet normal -1 0 0
    outer loop
      vertex 176.99 81.14205401878634 2.856344141676454
      vertex 176.99 81.14205401878634 6.143655858323546
      vertex 176.99 81.33826859021798 3.15
    endloop
  endfacet
  facet normal -1 0 0
    outer loop
      vertex 176.99 81.33826859021798 3.15
      vertex 176.99 81.33826859021798 5.85
      vertex 176.99 81.49447473778048 3.4667547326142576
    endloop
  endfacet
  facet normal -1 0 0
    outer loop
      vertex 176.99 81.49447473778048 3.4667547326142576
      vertex 176.99 81.49447473778048 5.533245267385743
      vertex 176.99 81.60799973098048 3.801188578223194
    endloop
  endfacet
  facet normal 0 -0.9978589232386038 -0.06540312923013807
    outer loop
      vertex 176.99 81.7 4.5
      vertex 167 81.67690112570929 4.852420718994139
      vertex 167 81.7 4.5
    endloop
  endfacet
  facet normal 0 -0.9807852804032262 -0.19509032201614987
    outer loop
      vertex 176.99 81.67690112570929 4.852420718994139
      vertex 167 81.60799973098048 5.198811421776806
      vertex 167 81.67690112570929 4.852420718994139
    endloop
  endfacet
  facet normal 0 -0.9469301294951125 -0.3214394653031414
    outer loop
      vertex 176.99 81.60799973098048 5.198811421776806
      vertex 167 81.49447473778048 5.533245267385743
      vertex 167 81.60799973098048 5.198811421776806
    endloop
  endfacet
  facet normal 0 -0.8968727415326764 -0.4422886902190254
    outer loop
      vertex 176.99 81.49447473778048 5.533245267385743
      vertex 167 81.33826859021798 5.85
      vertex 167 81.49447473778048 5.533245267385743
    endloop
  endfacet
  facet normal 0 -0.8314696123025593 -0.555570233019581
    outer loop
      vertex 176.99 81.33826859021798 5.85
      vertex 167 81.14205401878634 6.143655858323546
      vertex 167 81.33826859021798 5.85
    endloop
  endfacet
  facet normal 0 -0.9978589232386038 0.06540312923013807
    outer loop
      vertex 176.99 81.67690112570929 4.147579281005861
      vertex 176.99 81.7 4.5
      vertex 167 81.7 4.5
    endloop
  endfacet
  facet normal 0 -0.9978589232386038 -0.06540312923013807
    outer loop
      vertex 176.99 81.7 4.5
      vertex 176.99 81.67690112570929 4.852420718994139
      vertex 167 81.67690112570929 4.852420718994139
    endloop
  endfacet
  facet normal 0 -0.9807852804032262 -0.19509032201614987
    outer loop
      vertex 176.99 81.67690112570929 4.852420718994139
      vertex 176.99 81.60799973098048 5.198811421776806
      vertex 167 81.60799973098048 5.198811421776806
    endloop
  endfacet
  facet normal -1 0 0
    outer loop
      vertex 176.99 81.60799973098048 3.801188578223194
      vertex 176.99 81.60799973098048 5.198811421776806
      vertex 176.99 81.67690112570929 4.147579281005861
    endloop
  endfacet
  facet normal -1 0 0
    outer loop
      vertex 176.99 81.67690112570929 4.147579281005861
      vertex 176.99 81.67690112570929 4.852420718994139
      vertex 176.99 81.7 4.5
    endloop
  endfacet
  facet normal -1 0 0
    outer loop
      vertex 176.99 81.67690112570929 4.147579281005861
      vertex 176.99 81.60799973098048 5.198811421776806
      vertex 176.99 81.67690112570929 4.852420718994139
    endloop
  endfacet
  facet normal -1 0 0
    outer loop
      vertex 176.99 81.60799973098048 3.801188578223194
      vertex 176.99 81.49447473778048 5.533245267385743
      vertex 176.99 81.60799973098048 5.198811421776806
    endloop
  endfacet
  facet normal -1 0 0
    outer loop
      vertex 176.99 81.49447473778048 3.4667547326142576
      vertex 176.99 81.33826859021798 5.85
      vertex 176.99 81.49447473778048 5.533245267385743
    endloop
  endfacet
  facet normal -1 0 0
    outer loop
      vertex 176.99 81.33826859021798 3.15
      vertex 176.99 81.14205401878634 6.143655858323546
      vertex 176.99 81.33826859021798 5.85
    endloop
  endfacet
  facet normal 0 -0.9469301294951125 -0.3214394653031414
    outer loop
      vertex 176.99 81.60799973098048 5.198811421776806
      vertex 176.99 81.49447473778048 5.533245267385743
      vertex 167 81.49447473778048 5.533245267385743
    endloop
  endfacet
  facet normal 0 -0.8968727415326764 -0.4422886902190254
    outer loop
      vertex 176.99 81.49447473778048 5.533245267385743
      vertex 176.99 81.33826859021798 5.85
      vertex 167 81.33826859021798 5.85
    endloop
  endfacet
  facet normal 0 -0.8314696123025593 -0.555570233019581
    outer loop
      vertex 176.99 81.33826859021798 5.85
      vertex 176.99 81.14205401878634 6.143655858323546
      vertex 167 81.14205401878634 6.143655858323546
    endloop
  endfacet
  facet normal 0 -0.06540312923013543 0.997858923238604
    outer loop
      vertex 176.99 168.515 27.535176023632413
      vertex 167 168.86742071899414 27.558274897923123
      vertex 167 168.515 27.535176023632413
    endloop
  endfacet
  facet normal 0 0.1950903220161363 0.980785280403229
    outer loop
      vertex 176.99 167.81618857822318 27.627176292651928
      vertex 167 168.16257928100583 27.558274897923123
      vertex 167 167.81618857822318 27.627176292651928
    endloop
  endfacet
  facet normal 0 0.06540312923013543 0.997858923238604
    outer loop
      vertex 176.99 168.16257928100583 27.558274897923123
      vertex 167 168.515 27.535176023632413
      vertex 167 168.16257928100583 27.558274897923123
    endloop
  endfacet
  facet normal 0 0.3214394653031548 0.9469301294951079
    outer loop
      vertex 176.99 167.48175473261423 27.740701285851937
      vertex 167 167.81618857822318 27.627176292651928
      vertex 167 167.48175473261423 27.740701285851937
    endloop
  endfacet
  facet normal 0 -0.1950903220161363 0.980785280403229
    outer loop
      vertex 176.99 168.86742071899414 27.558274897923123
      vertex 167 169.2138114217768 27.627176292651928
      vertex 167 168.86742071899414 27.558274897923123
    endloop
  endfacet
  facet normal 0 -0.3214394653031548 0.9469301294951079
    outer loop
      vertex 176.99 169.2138114217768 27.627176292651928
      vertex 167 169.54824526738574 27.740701285851937
      vertex 167 169.2138114217768 27.627176292651928
    endloop
  endfacet
  facet normal 0 -0.44228869021901707 0.8968727415326806
    outer loop
      vertex 176.99 169.54824526738574 27.740701285851937
      vertex 167 169.86499999999998 27.896907433414427
      vertex 167 169.54824526738574 27.740701285851937
    endloop
  endfacet
  facet normal 0 0.44228869021901707 0.8968727415326806
    outer loop
      vertex 176.99 167.48175473261423 27.740701285851937
      vertex 167 167.48175473261423 27.740701285851937
      vertex 176.99 167.165 27.896907433414427
    endloop
  endfacet
  facet normal 0 0.06540312923013543 0.997858923238604
    outer loop
      vertex 176.99 168.16257928100583 27.558274897923123
      vertex 176.99 168.515 27.535176023632413
      vertex 167 168.515 27.535176023632413
    endloop
  endfacet
  facet normal 0 0.3214394653031548 0.9469301294951079
    outer loop
      vertex 176.99 167.48175473261423 27.740701285851937
      vertex 176.99 167.81618857822318 27.627176292651928
      vertex 167 167.81618857822318 27.627176292651928
    endloop
  endfacet
  facet normal 0 0.1950903220161363 0.980785280403229
    outer loop
      vertex 176.99 168.16257928100583 27.558274897923123
      vertex 167 168.16257928100583 27.558274897923123
      vertex 176.99 167.81618857822318 27.627176292651928
    endloop
  endfacet
  facet normal 0 -0.06540312923013543 0.997858923238604
    outer loop
      vertex 176.99 168.515 27.535176023632413
      vertex 176.99 168.86742071899414 27.558274897923123
      vertex 167 168.86742071899414 27.558274897923123
    endloop
  endfacet
  facet normal 0 -0.1950903220161363 0.980785280403229
    outer loop
      vertex 176.99 168.86742071899414 27.558274897923123
      vertex 176.99 169.2138114217768 27.627176292651928
      vertex 167 169.2138114217768 27.627176292651928
    endloop
  endfacet
  facet normal 0 -0.3214394653031548 0.9469301294951079
    outer loop
      vertex 176.99 169.2138114217768 27.627176292651928
      vertex 176.99 169.54824526738574 27.740701285851937
      vertex 167 169.54824526738574 27.740701285851937
    endloop
  endfacet
  facet normal 0 0.44228869021901707 0.8968727415326806
    outer loop
      vertex 176.99 167.165 27.896907433414427
      vertex 167 167.48175473261423 27.740701285851937
      vertex 167 167.165 27.896907433414427
    endloop
  endfacet
  facet normal 0 0.555570233019602 0.8314696123025455
    outer loop
      vertex 176.99 166.87134414167645 28.093122004846077
      vertex 167 167.165 27.896907433414427
      vertex 167 166.87134414167645 28.093122004846077
    endloop
  endfacet
  facet normal 0 0.6593458151000745 0.7518398074789725
    outer loop
      vertex 176.99 166.60581169079632 28.325987714428734
      vertex 167 166.87134414167645 28.093122004846077
      vertex 167 166.60581169079632 28.325987714428734
    endloop
  endfacet
  facet normal 0 0.7518398074789818 0.6593458151000637
    outer loop
      vertex 176.99 166.37294598121366 28.591520165308868
      vertex 167 166.60581169079632 28.325987714428734
      vertex 167 166.37294598121366 28.591520165308868
    endloop
  endfacet
  facet normal 0 0.8314696123025378 0.5555702330196135
    outer loop
      vertex 176.99 166.176731409782 28.88517602363241
      vertex 167 166.37294598121366 28.591520165308868
      vertex 167 166.176731409782 28.88517602363241
    endloop
  endfacet
  facet normal 0 0.8968727415326784 0.4422886902190214
    outer loop
      vertex 176.99 166.0205252622195 29.20193075624667
      vertex 167 166.176731409782 28.88517602363241
      vertex 167 166.0205252622195 29.20193075624667
    endloop
  endfacet
  facet normal 0 0.946930129495112 0.3214394653031429
    outer loop
      vertex 176.99 165.9070002690195 29.536364601855606
      vertex 167 166.0205252622195 29.20193075624667
      vertex 167 165.9070002690195 29.536364601855606
    endloop
  endfacet
  facet normal 0 0.9807852804032262 0.19509032201614987
    outer loop
      vertex 176.99 165.8380988742907 29.882755304638273
      vertex 167 165.9070002690195 29.536364601855606
      vertex 167 165.8380988742907 29.882755304638273
    endloop
  endfacet
  facet normal 0 -0.555570233019602 0.8314696123025455
    outer loop
      vertex 176.99 169.86499999999998 27.896907433414427
      vertex 167 170.15865585832353 28.093122004846077
      vertex 167 169.86499999999998 27.896907433414427
    endloop
  endfacet
  facet normal 0 -0.6593458151000745 0.7518398074789725
    outer loop
      vertex 176.99 170.15865585832353 28.093122004846077
      vertex 167 170.42418830920366 28.325987714428734
      vertex 167 170.15865585832353 28.093122004846077
    endloop
  endfacet
  facet normal 0 -0.7518398074789818 0.6593458151000637
    outer loop
      vertex 176.99 170.42418830920366 28.325987714428734
      vertex 167 170.6570540187863 28.591520165308868
      vertex 167 170.42418830920366 28.325987714428734
    endloop
  endfacet
  facet normal 0 -0.8314696123025378 0.5555702330196135
    outer loop
      vertex 176.99 170.6570540187863 28.591520165308868
      vertex 167 170.85326859021797 28.88517602363241
      vertex 167 170.6570540187863 28.591520165308868
    endloop
  endfacet
  facet normal 0 -0.8968727415326784 0.4422886902190214
    outer loop
      vertex 176.99 170.85326859021797 28.88517602363241
      vertex 167 171.00947473778047 29.20193075624667
      vertex 167 170.85326859021797 28.88517602363241
    endloop
  endfacet
  facet normal 0 -0.946930129495112 0.3214394653031429
    outer loop
      vertex 176.99 171.00947473778047 29.20193075624667
      vertex 167 171.12299973098047 29.536364601855606
      vertex 167 171.00947473778047 29.20193075624667
    endloop
  endfacet
  facet normal 0 -0.9807852804032262 0.19509032201614987
    outer loop
      vertex 176.99 171.12299973098047 29.536364601855606
      vertex 167 171.19190112570928 29.882755304638273
      vertex 167 171.12299973098047 29.536364601855606
    endloop
  endfacet
  facet normal 0 0.555570233019602 0.8314696123025455
    outer loop
      vertex 176.99 167.165 27.896907433414427
      vertex 167 167.165 27.896907433414427
      vertex 176.99 166.87134414167645 28.093122004846077
    endloop
  endfacet
  facet normal 0 0.6593458151000745 0.7518398074789725
    outer loop
      vertex 176.99 166.87134414167645 28.093122004846077
      vertex 167 166.87134414167645 28.093122004846077
      vertex 176.99 166.60581169079632 28.325987714428734
    endloop
  endfacet
  facet normal 0 0.7518398074789818 0.6593458151000637
    outer loop
      vertex 176.99 166.60581169079632 28.325987714428734
      vertex 167 166.60581169079632 28.325987714428734
      vertex 176.99 166.37294598121366 28.591520165308868
    endloop
  endfacet
  facet normal 0 0.8314696123025378 0.5555702330196135
    outer loop
      vertex 176.99 166.37294598121366 28.591520165308868
      vertex 167 166.37294598121366 28.591520165308868
      vertex 176.99 166.176731409782 28.88517602363241
    endloop
  endfacet
  facet normal 0 0.8968727415326784 0.4422886902190214
    outer loop
      vertex 176.99 166.176731409782 28.88517602363241
      vertex 167 166.176731409782 28.88517602363241
      vertex 176.99 166.0205252622195 29.20193075624667
    endloop
  endfacet
  facet normal 0 0.946930129495112 0.3214394653031429
    outer loop
      vertex 176.99 166.0205252622195 29.20193075624667
      vertex 167 166.0205252622195 29.20193075624667
      vertex 176.99 165.9070002690195 29.536364601855606
    endloop
  endfacet
  facet normal 0 0.9807852804032262 0.19509032201614987
    outer loop
      vertex 176.99 165.9070002690195 29.536364601855606
      vertex 167 165.9070002690195 29.536364601855606
      vertex 176.99 165.8380988742907 29.882755304638273
    endloop
  endfacet
  facet normal -1 0 0
    outer loop
      vertex 176.99 167.48175473261423 27.740701285851937
      vertex 176.99 167.165 27.896907433414427
      vertex 176.99 167.165 32.5734446138504
    endloop
  endfacet
  facet normal -1 0 0
    outer loop
      vertex 176.99 167.48175473261423 27.740701285851937
      vertex 176.99 167.48175473261423 32.729650761412884
      vertex 176.99 167.81618857822318 27.627176292651928
    endloop
  endfacet
  facet normal -1 0 0
    outer loop
      vertex 176.99 168.16257928100583 27.558274897923123
      vertex 176.99 167.81618857822318 27.627176292651928
      vertex 176.99 167.81618857822318 32.8431757546129
    endloop
  endfacet
  facet normal -1 0 0
    outer loop
      vertex 176.99 168.16257928100583 27.558274897923123
      vertex 176.99 168.16257928100583 32.9120771493417
      vertex 176.99 168.515 27.535176023632413
    endloop
  endfacet
  facet normal -1 0 0
    outer loop
      vertex 176.99 168.515 27.535176023632413
      vertex 176.99 168.515 32.935176023632415
      vertex 176.99 168.86742071899414 27.558274897923123
    endloop
  endfacet
  facet normal -1 0 0
    outer loop
      vertex 176.99 168.86742071899414 27.558274897923123
      vertex 176.99 168.86742071899414 32.9120771493417
      vertex 176.99 169.2138114217768 27.627176292651928
    endloop
  endfacet
  facet normal -1 0 0
    outer loop
      vertex 176.99 166.60581169079632 28.325987714428734
      vertex 176.99 166.37294598121366 28.591520165308868
      vertex 176.99 166.37294598121366 31.878831881955957
    endloop
  endfacet
  facet normal -1 0 0
    outer loop
      vertex 176.99 166.37294598121366 28.591520165308868
      vertex 176.99 166.176731409782 28.88517602363241
      vertex 176.99 166.176731409782 31.585176023632414
    endloop
  endfacet
  facet normal -1 0 0
    outer loop
      vertex 176.99 167.165 27.896907433414427
      vertex 176.99 166.87134414167645 28.093122004846077
      vertex 176.99 166.87134414167645 32.377230042418745
    endloop
  endfacet
  facet normal -1 0 0
    outer loop
      vertex 176.99 166.87134414167645 28.093122004846077
      vertex 176.99 166.60581169079632 28.325987714428734
      vertex 176.99 166.60581169079632 32.14436433283609
    endloop
  endfacet
  facet normal -1 0 0
    outer loop
      vertex 176.99 166.176731409782 28.88517602363241
      vertex 176.99 166.0205252622195 29.20193075624667
      vertex 176.99 166.0205252622195 31.268421291018154
    endloop
  endfacet
  facet normal -1 0 0
    outer loop
      vertex 176.99 166.0205252622195 29.20193075624667
      vertex 176.99 165.9070002690195 29.536364601855606
      vertex 176.99 165.9070002690195 30.93398744540922
    endloop
  endfacet
  facet normal 0 -0.44228869021901707 0.8968727415326806
    outer loop
      vertex 176.99 169.54824526738574 27.740701285851937
      vertex 176.99 169.86499999999998 27.896907433414427
      vertex 167 169.86499999999998 27.896907433414427
    endloop
  endfacet
  facet normal 0 -0.555570233019602 0.8314696123025455
    outer loop
      vertex 176.99 169.86499999999998 27.896907433414427
      vertex 176.99 170.15865585832353 28.093122004846077
      vertex 167 170.15865585832353 28.093122004846077
    endloop
  endfacet
  facet normal 0 -0.6593458151000745 0.7518398074789725
    outer loop
      vertex 176.99 170.15865585832353 28.093122004846077
      vertex 176.99 170.42418830920366 28.325987714428734
      vertex 167 170.42418830920366 28.325987714428734
    endloop
  endfacet
  facet normal 0 -0.7518398074789818 0.6593458151000637
    outer loop
      vertex 176.99 170.42418830920366 28.325987714428734
      vertex 176.99 170.6570540187863 28.591520165308868
      vertex 167 170.6570540187863 28.591520165308868
    endloop
  endfacet
  facet normal 0 -0.8314696123025378 0.5555702330196135
    outer loop
      vertex 176.99 170.6570540187863 28.591520165308868
      vertex 176.99 170.85326859021797 28.88517602363241
      vertex 167 170.85326859021797 28.88517602363241
    endloop
  endfacet
  facet normal 0 -0.8968727415326784 0.4422886902190214
    outer loop
      vertex 176.99 170.85326859021797 28.88517602363241
      vertex 176.99 171.00947473778047 29.20193075624667
      vertex 167 171.00947473778047 29.20193075624667
    endloop
  endfacet
  facet normal 0 -0.946930129495112 0.3214394653031429
    outer loop
      vertex 176.99 171.00947473778047 29.20193075624667
      vertex 176.99 171.12299973098047 29.536364601855606
      vertex 167 171.12299973098047 29.536364601855606
    endloop
  endfacet
  facet normal 0 -0.9807852804032262 0.19509032201614987
    outer loop
      vertex 176.99 171.12299973098047 29.536364601855606
      vertex 176.99 171.19190112570928 29.882755304638273
      vertex 167 171.19190112570928 29.882755304638273
    endloop
  endfacet
  facet normal -1 0 0
    outer loop
      vertex 176.99 169.2138114217768 27.627176292651928
      vertex 176.99 169.2138114217768 32.8431757546129
      vertex 176.99 169.54824526738574 27.740701285851937
    endloop
  endfacet
  facet normal -1 0 0
    outer loop
      vertex 176.99 169.54824526738574 27.740701285851937
      vertex 176.99 169.54824526738574 32.729650761412884
      vertex 176.99 169.86499999999998 27.896907433414427
    endloop
  endfacet
  facet normal -1 0 0
    outer loop
      vertex 176.99 169.86499999999998 27.896907433414427
      vertex 176.99 169.86499999999998 32.5734446138504
      vertex 176.99 170.15865585832353 28.093122004846077
    endloop
  endfacet
  facet normal -1 0 0
    outer loop
      vertex 176.99 170.15865585832353 28.093122004846077
      vertex 176.99 170.15865585832353 32.377230042418745
      vertex 176.99 170.42418830920366 28.325987714428734
    endloop
  endfacet
  facet normal -1 0 0
    outer loop
      vertex 176.99 170.42418830920366 28.325987714428734
      vertex 176.99 170.42418830920366 32.14436433283609
      vertex 176.99 170.6570540187863 28.591520165308868
    endloop
  endfacet
  facet normal -1 0 0
    outer loop
      vertex 176.99 170.6570540187863 28.591520165308868
      vertex 176.99 170.6570540187863 31.878831881955957
      vertex 176.99 170.85326859021797 28.88517602363241
    endloop
  endfacet
  facet normal -1 0 0
    outer loop
      vertex 176.99 170.85326859021797 28.88517602363241
      vertex 176.99 170.85326859021797 31.585176023632414
      vertex 176.99 171.00947473778047 29.20193075624667
    endloop
  endfacet
  facet normal 0 0.9978589232386065 0.065403129230098
    outer loop
      vertex 176.99 165.815 30.235176023632413
      vertex 167 165.8380988742907 29.882755304638273
      vertex 167 165.815 30.235176023632413
    endloop
  endfacet
  facet normal 0 0.9978589232386065 -0.065403129230098
    outer loop
      vertex 176.99 165.8380988742907 30.587596742626552
      vertex 167 165.815 30.235176023632413
      vertex 167 165.8380988742907 30.587596742626552
    endloop
  endfacet
  facet normal 0 0.9807852804032262 -0.19509032201614987
    outer loop
      vertex 176.99 165.9070002690195 30.93398744540922
      vertex 167 165.8380988742907 30.587596742626552
      vertex 167 165.9070002690195 30.93398744540922
    endloop
  endfacet
  facet normal 0 0.946930129495112 -0.3214394653031429
    outer loop
      vertex 176.99 166.0205252622195 31.268421291018154
      vertex 167 165.9070002690195 30.93398744540922
      vertex 167 166.0205252622195 31.268421291018154
    endloop
  endfacet
  facet normal 0 0.8968727415326784 -0.4422886902190214
    outer loop
      vertex 176.99 166.176731409782 31.585176023632414
      vertex 167 166.0205252622195 31.268421291018154
      vertex 167 166.176731409782 31.585176023632414
    endloop
  endfacet
  facet normal 0 0.8314696123025378 -0.5555702330196135
    outer loop
      vertex 176.99 166.37294598121366 31.878831881955957
      vertex 167 166.176731409782 31.585176023632414
      vertex 167 166.37294598121366 31.878831881955957
    endloop
  endfacet
  facet normal 0 0.7518398074789818 -0.6593458151000637
    outer loop
      vertex 176.99 166.60581169079632 32.14436433283609
      vertex 167 166.37294598121366 31.878831881955957
      vertex 167 166.60581169079632 32.14436433283609
    endloop
  endfacet
  facet normal 0 -0.9978589232386065 0.065403129230098
    outer loop
      vertex 176.99 171.19190112570928 29.882755304638273
      vertex 167 171.21499999999997 30.235176023632413
      vertex 167 171.19190112570928 29.882755304638273
    endloop
  endfacet
  facet normal 0 -0.9978589232386065 -0.065403129230098
    outer loop
      vertex 176.99 171.21499999999997 30.235176023632413
      vertex 167 171.19190112570928 30.587596742626552
      vertex 167 171.21499999999997 30.235176023632413
    endloop
  endfacet
  facet normal 0 -0.9807852804032262 -0.19509032201614987
    outer loop
      vertex 176.99 171.19190112570928 30.587596742626552
      vertex 167 171.12299973098047 30.93398744540922
      vertex 167 171.19190112570928 30.587596742626552
    endloop
  endfacet
  facet normal 0 -0.946930129495112 -0.3214394653031429
    outer loop
      vertex 176.99 171.12299973098047 30.93398744540922
      vertex 167 171.00947473778047 31.268421291018154
      vertex 167 171.12299973098047 30.93398744540922
    endloop
  endfacet
  facet normal 0 -0.8968727415326784 -0.4422886902190214
    outer loop
      vertex 176.99 171.00947473778047 31.268421291018154
      vertex 167 170.85326859021797 31.585176023632414
      vertex 167 171.00947473778047 31.268421291018154
    endloop
  endfacet
  facet normal 0 -0.8314696123025378 -0.5555702330196135
    outer loop
      vertex 176.99 170.85326859021797 31.585176023632414
      vertex 167 170.6570540187863 31.878831881955957
      vertex 167 170.85326859021797 31.585176023632414
    endloop
  endfacet
  facet normal 0 -0.7518398074789818 -0.6593458151000637
    outer loop
      vertex 176.99 170.6570540187863 31.878831881955957
      vertex 167 170.42418830920366 32.14436433283609
      vertex 167 170.6570540187863 31.878831881955957
    endloop
  endfacet
  facet normal 0 0.9978589232386065 0.065403129230098
    outer loop
      vertex 176.99 165.8380988742907 29.882755304638273
      vertex 167 165.8380988742907 29.882755304638273
      vertex 176.99 165.815 30.235176023632413
    endloop
  endfacet
  facet normal 0 0.9978589232386065 -0.065403129230098
    outer loop
      vertex 176.99 165.815 30.235176023632413
      vertex 167 165.815 30.235176023632413
      vertex 176.99 165.8380988742907 30.587596742626552
    endloop
  endfacet
  facet normal 0 0.9807852804032262 -0.19509032201614987
    outer loop
      vertex 176.99 165.8380988742907 30.587596742626552
      vertex 167 165.8380988742907 30.587596742626552
      vertex 176.99 165.9070002690195 30.93398744540922
    endloop
  endfacet
  facet normal -1 0 0
    outer loop
      vertex 176.99 165.9070002690195 29.536364601855606
      vertex 176.99 165.8380988742907 29.882755304638273
      vertex 176.99 165.8380988742907 30.587596742626552
    endloop
  endfacet
  facet normal -1 0 0
    outer loop
      vertex 176.99 165.8380988742907 29.882755304638273
      vertex 176.99 165.815 30.235176023632413
      vertex 176.99 165.8380988742907 30.587596742626552
    endloop
  endfacet
  facet normal -1 0 0
    outer loop
      vertex 176.99 165.9070002690195 29.536364601855606
      vertex 176.99 165.8380988742907 30.587596742626552
      vertex 176.99 165.9070002690195 30.93398744540922
    endloop
  endfacet
  facet normal -1 0 0
    outer loop
      vertex 176.99 166.0205252622195 29.20193075624667
      vertex 176.99 165.9070002690195 30.93398744540922
      vertex 176.99 166.0205252622195 31.268421291018154
    endloop
  endfacet
  facet normal -1 0 0
    outer loop
      vertex 176.99 166.176731409782 28.88517602363241
      vertex 176.99 166.0205252622195 31.268421291018154
      vertex 176.99 166.176731409782 31.585176023632414
    endloop
  endfacet
  facet normal -1 0 0
    outer loop
      vertex 176.99 166.37294598121366 28.591520165308868
      vertex 176.99 166.176731409782 31.585176023632414
      vertex 176.99 166.37294598121366 31.878831881955957
    endloop
  endfacet
  facet normal -1 0 0
    outer loop
      vertex 176.99 166.60581169079632 28.325987714428734
      vertex 176.99 166.37294598121366 31.878831881955957
      vertex 176.99 166.60581169079632 32.14436433283609
    endloop
  endfacet
  facet normal -1 0 0
    outer loop
      vertex 176.99 166.87134414167645 28.093122004846077
      vertex 176.99 166.60581169079632 32.14436433283609
      vertex 176.99 166.87134414167645 32.377230042418745
    endloop
  endfacet
  facet normal -1 0 0
    outer loop
      vertex 176.99 167.165 27.896907433414427
      vertex 176.99 166.87134414167645 32.377230042418745
      vertex 176.99 167.165 32.5734446138504
    endloop
  endfacet
  facet normal -1 0 0
    outer loop
      vertex 176.99 167.48175473261423 27.740701285851937
      vertex 176.99 167.165 32.5734446138504
      vertex 176.99 167.48175473261423 32.729650761412884
    endloop
  endfacet
  facet normal 0 0.946930129495112 -0.3214394653031429
    outer loop
      vertex 176.99 165.9070002690195 30.93398744540922
      vertex 167 165.9070002690195 30.93398744540922
      vertex 176.99 166.0205252622195 31.268421291018154
    endloop
  endfacet
  facet normal 0 0.8968727415326784 -0.4422886902190214
    outer loop
      vertex 176.99 166.0205252622195 31.268421291018154
      vertex 167 166.0205252622195 31.268421291018154
      vertex 176.99 166.176731409782 31.585176023632414
    endloop
  endfacet
  facet normal 0 0.8314696123025378 -0.5555702330196135
    outer loop
      vertex 176.99 166.176731409782 31.585176023632414
      vertex 167 166.176731409782 31.585176023632414
      vertex 176.99 166.37294598121366 31.878831881955957
    endloop
  endfacet
  facet normal 0 0.7518398074789818 -0.6593458151000637
    outer loop
      vertex 176.99 166.37294598121366 31.878831881955957
      vertex 167 166.37294598121366 31.878831881955957
      vertex 176.99 166.60581169079632 32.14436433283609
    endloop
  endfacet
  facet normal -1 0 0
    outer loop
      vertex 176.99 167.81618857822318 27.627176292651928
      vertex 176.99 167.48175473261423 32.729650761412884
      vertex 176.99 167.81618857822318 32.8431757546129
    endloop
  endfacet
  facet normal -1 0 0
    outer loop
      vertex 176.99 168.16257928100583 27.558274897923123
      vertex 176.99 167.81618857822318 32.8431757546129
      vertex 176.99 168.16257928100583 32.9120771493417
    endloop
  endfacet
  facet normal -1 0 0
    outer loop
      vertex 176.99 168.515 27.535176023632413
      vertex 176.99 168.16257928100583 32.9120771493417
      vertex 176.99 168.515 32.935176023632415
    endloop
  endfacet
  facet normal -1 0 0
    outer loop
      vertex 176.99 168.86742071899414 27.558274897923123
      vertex 176.99 168.515 32.935176023632415
      vertex 176.99 168.86742071899414 32.9120771493417
    endloop
  endfacet
  facet normal -1 0 0
    outer loop
      vertex 176.99 169.2138114217768 27.627176292651928
      vertex 176.99 168.86742071899414 32.9120771493417
      vertex 176.99 169.2138114217768 32.8431757546129
    endloop
  endfacet
  facet normal 0 -0.9978589232386065 0.065403129230098
    outer loop
      vertex 176.99 171.19190112570928 29.882755304638273
      vertex 176.99 171.21499999999997 30.235176023632413
      vertex 167 171.21499999999997 30.235176023632413
    endloop
  endfacet
  facet normal 0 -0.9978589232386065 -0.065403129230098
    outer loop
      vertex 176.99 171.21499999999997 30.235176023632413
      vertex 176.99 171.19190112570928 30.587596742626552
      vertex 167 171.19190112570928 30.587596742626552
    endloop
  endfacet
  facet normal 0 -0.9807852804032262 -0.19509032201614987
    outer loop
      vertex 176.99 171.19190112570928 30.587596742626552
      vertex 176.99 171.12299973098047 30.93398744540922
      vertex 167 171.12299973098047 30.93398744540922
    endloop
  endfacet
  facet normal -1 0 0
    outer loop
      vertex 176.99 171.00947473778047 29.20193075624667
      vertex 176.99 171.00947473778047 31.268421291018154
      vertex 176.99 171.12299973098047 29.536364601855606
    endloop
  endfacet
  facet normal -1 0 0
    outer loop
      vertex 176.99 171.12299973098047 29.536364601855606
      vertex 176.99 171.12299973098047 30.93398744540922
      vertex 176.99 171.19190112570928 29.882755304638273
    endloop
  endfacet
  facet normal -1 0 0
    outer loop
      vertex 176.99 171.19190112570928 29.882755304638273
      vertex 176.99 171.19190112570928 30.587596742626552
      vertex 176.99 171.21499999999997 30.235176023632413
    endloop
  endfacet
  facet normal -1 0 0
    outer loop
      vertex 176.99 171.19190112570928 29.882755304638273
      vertex 176.99 171.12299973098047 30.93398744540922
      vertex 176.99 171.19190112570928 30.587596742626552
    endloop
  endfacet
  facet normal -1 0 0
    outer loop
      vertex 176.99 170.85326859021797 28.88517602363241
      vertex 176.99 170.6570540187863 31.878831881955957
      vertex 176.99 170.85326859021797 31.585176023632414
    endloop
  endfacet
  facet normal -1 0 0
    outer loop
      vertex 176.99 170.6570540187863 28.591520165308868
      vertex 176.99 170.42418830920366 32.14436433283609
      vertex 176.99 170.6570540187863 31.878831881955957
    endloop
  endfacet
  facet normal -1 0 0
    outer loop
      vertex 176.99 170.42418830920366 28.325987714428734
      vertex 176.99 170.15865585832353 32.377230042418745
      vertex 176.99 170.42418830920366 32.14436433283609
    endloop
  endfacet
  facet normal -1 0 0
    outer loop
      vertex 176.99 170.15865585832353 28.093122004846077
      vertex 176.99 169.86499999999998 32.5734446138504
      vertex 176.99 170.15865585832353 32.377230042418745
    endloop
  endfacet
  facet normal -1 0 0
    outer loop
      vertex 176.99 171.12299973098047 29.536364601855606
      vertex 176.99 171.00947473778047 31.268421291018154
      vertex 176.99 171.12299973098047 30.93398744540922
    endloop
  endfacet
  facet normal -1 0 0
    outer loop
      vertex 176.99 171.00947473778047 29.20193075624667
      vertex 176.99 170.85326859021797 31.585176023632414
      vertex 176.99 171.00947473778047 31.268421291018154
    endloop
  endfacet
  facet normal 0 -0.946930129495112 -0.3214394653031429
    outer loop
      vertex 176.99 171.12299973098047 30.93398744540922
      vertex 176.99 171.00947473778047 31.268421291018154
      vertex 167 171.00947473778047 31.268421291018154
    endloop
  endfacet
  facet normal 0 -0.8968727415326784 -0.4422886902190214
    outer loop
      vertex 176.99 171.00947473778047 31.268421291018154
      vertex 176.99 170.85326859021797 31.585176023632414
      vertex 167 170.85326859021797 31.585176023632414
    endloop
  endfacet
  facet normal 0 -0.8314696123025378 -0.5555702330196135
    outer loop
      vertex 176.99 170.85326859021797 31.585176023632414
      vertex 176.99 170.6570540187863 31.878831881955957
      vertex 167 170.6570540187863 31.878831881955957
    endloop
  endfacet
  facet normal 0 -0.7518398074789818 -0.6593458151000637
    outer loop
      vertex 176.99 170.6570540187863 31.878831881955957
      vertex 176.99 170.42418830920366 32.14436433283609
      vertex 167 170.42418830920366 32.14436433283609
    endloop
  endfacet
  facet normal -1 0 0
    outer loop
      vertex 176.99 169.54824526738574 27.740701285851937
      vertex 176.99 169.2138114217768 32.8431757546129
      vertex 176.99 169.54824526738574 32.729650761412884
    endloop
  endfacet
  facet normal -1 0 0
    outer loop
      vertex 176.99 169.86499999999998 27.896907433414427
      vertex 176.99 169.54824526738574 32.729650761412884
      vertex 176.99 169.86499999999998 32.5734446138504
    endloop
  endfacet
  facet normal 0 0.6593458151000687 -0.7518398074789774
    outer loop
      vertex 176.99 166.87134414167645 32.377230042418745
      vertex 167 166.60581169079632 32.14436433283609
      vertex 167 166.87134414167645 32.377230042418745
    endloop
  endfacet
  facet normal 0 0.5555702330196088 -0.8314696123025408
    outer loop
      vertex 176.99 167.165 32.5734446138504
      vertex 167 166.87134414167645 32.377230042418745
      vertex 167 167.165 32.5734446138504
    endloop
  endfacet
  facet normal 0 0.4422886902190089 -0.8968727415326846
    outer loop
      vertex 176.99 167.48175473261423 32.729650761412884
      vertex 167 167.165 32.5734446138504
      vertex 167 167.48175473261423 32.729650761412884
    endloop
  endfacet
  facet normal 0 0.32143946530317286 -0.9469301294951018
    outer loop
      vertex 176.99 167.81618857822318 32.8431757546129
      vertex 167 167.48175473261423 32.729650761412884
      vertex 167 167.81618857822318 32.8431757546129
    endloop
  endfacet
  facet normal 0 0.19509032201611692 -0.9807852804032328
    outer loop
      vertex 176.99 168.16257928100583 32.9120771493417
      vertex 167 167.81618857822318 32.8431757546129
      vertex 167 168.16257928100583 32.9120771493417
    endloop
  endfacet
  facet normal 0 -0.19509032201611692 -0.9807852804032328
    outer loop
      vertex 176.99 169.2138114217768 32.8431757546129
      vertex 167 168.86742071899414 32.9120771493417
      vertex 167 169.2138114217768 32.8431757546129
    endloop
  endfacet
  facet normal 0 0.06540312923015547 -0.9978589232386028
    outer loop
      vertex 176.99 168.515 32.935176023632415
      vertex 167 168.16257928100583 32.9120771493417
      vertex 167 168.515 32.935176023632415
    endloop
  endfacet
  facet normal 0 -0.06540312923015547 -0.9978589232386028
    outer loop
      vertex 176.99 168.86742071899414 32.9120771493417
      vertex 167 168.515 32.935176023632415
      vertex 167 168.86742071899414 32.9120771493417
    endloop
  endfacet
  facet normal 0 -0.6593458151000687 -0.7518398074789774
    outer loop
      vertex 176.99 170.42418830920366 32.14436433283609
      vertex 167 170.15865585832353 32.377230042418745
      vertex 167 170.42418830920366 32.14436433283609
    endloop
  endfacet
  facet normal 0 -0.4422886902190089 -0.8968727415326846
    outer loop
      vertex 176.99 169.86499999999998 32.5734446138504
      vertex 167 169.54824526738574 32.729650761412884
      vertex 167 169.86499999999998 32.5734446138504
    endloop
  endfacet
  facet normal 0 -0.5555702330196088 -0.8314696123025408
    outer loop
      vertex 176.99 170.15865585832353 32.377230042418745
      vertex 167 169.86499999999998 32.5734446138504
      vertex 167 170.15865585832353 32.377230042418745
    endloop
  endfacet
  facet normal 0 -0.32143946530317286 -0.9469301294951018
    outer loop
      vertex 176.99 169.54824526738574 32.729650761412884
      vertex 167 169.2138114217768 32.8431757546129
      vertex 167 169.54824526738574 32.729650761412884
    endloop
  endfacet
  facet normal 0 0.6593458151000687 -0.7518398074789774
    outer loop
      vertex 176.99 166.60581169079632 32.14436433283609
      vertex 167 166.60581169079632 32.14436433283609
      vertex 176.99 166.87134414167645 32.377230042418745
    endloop
  endfacet
  facet normal 0 0.5555702330196088 -0.8314696123025408
    outer loop
      vertex 176.99 166.87134414167645 32.377230042418745
      vertex 167 166.87134414167645 32.377230042418745
      vertex 176.99 167.165 32.5734446138504
    endloop
  endfacet
  facet normal 0 0.4422886902190089 -0.8968727415326846
    outer loop
      vertex 176.99 167.165 32.5734446138504
      vertex 167 167.165 32.5734446138504
      vertex 176.99 167.48175473261423 32.729650761412884
    endloop
  endfacet
  facet normal 0 0.32143946530317286 -0.9469301294951018
    outer loop
      vertex 176.99 167.48175473261423 32.729650761412884
      vertex 167 167.48175473261423 32.729650761412884
      vertex 176.99 167.81618857822318 32.8431757546129
    endloop
  endfacet
  facet normal 0 0.19509032201611692 -0.9807852804032328
    outer loop
      vertex 176.99 167.81618857822318 32.8431757546129
      vertex 167 167.81618857822318 32.8431757546129
      vertex 176.99 168.16257928100583 32.9120771493417
    endloop
  endfacet
  facet normal 0 -0.19509032201611692 -0.9807852804032328
    outer loop
      vertex 176.99 168.86742071899414 32.9120771493417
      vertex 167 168.86742071899414 32.9120771493417
      vertex 176.99 169.2138114217768 32.8431757546129
    endloop
  endfacet
  facet normal 0 0.06540312923015547 -0.9978589232386028
    outer loop
      vertex 176.99 168.16257928100583 32.9120771493417
      vertex 167 168.16257928100583 32.9120771493417
      vertex 176.99 168.515 32.935176023632415
    endloop
  endfacet
  facet normal 0 -0.06540312923015547 -0.9978589232386028
    outer loop
      vertex 176.99 168.515 32.935176023632415
      vertex 167 168.515 32.935176023632415
      vertex 176.99 168.86742071899414 32.9120771493417
    endloop
  endfacet
  facet normal 0 -0.6593458151000687 -0.7518398074789774
    outer loop
      vertex 176.99 170.42418830920366 32.14436433283609
      vertex 176.99 170.15865585832353 32.377230042418745
      vertex 167 170.15865585832353 32.377230042418745
    endloop
  endfacet
  facet normal 0 -0.5555702330196088 -0.8314696123025408
    outer loop
      vertex 176.99 169.86499999999998 32.5734446138504
      vertex 167 169.86499999999998 32.5734446138504
      vertex 176.99 170.15865585832353 32.377230042418745
    endloop
  endfacet
  facet normal 0 -0.4422886902190089 -0.8968727415326846
    outer loop
      vertex 176.99 169.86499999999998 32.5734446138504
      vertex 176.99 169.54824526738574 32.729650761412884
      vertex 167 169.54824526738574 32.729650761412884
    endloop
  endfacet
  facet normal 0 -0.32143946530317286 -0.9469301294951018
    outer loop
      vertex 176.99 169.2138114217768 32.8431757546129
      vertex 167 169.2138114217768 32.8431757546129
      vertex 176.99 169.54824526738574 32.729650761412884
    endloop
  endfacet
  facet normal 0 0.1950903220161209 0.980785280403232
    outer loop
      vertex 176.99 207.8311885782232 27.627176292651928
      vertex 167 208.17757928100588 27.558274897923123
      vertex 167 207.8311885782232 27.627176292651928
    endloop
  endfacet
  facet normal 0 0.3214394653031548 0.9469301294951079
    outer loop
      vertex 176.99 207.49675473261425 27.740701285851937
      vertex 167 207.8311885782232 27.627176292651928
      vertex 167 207.49675473261425 27.740701285851937
    endloop
  endfacet
  facet normal 0 -0.06540312923014069 0.9978589232386036
    outer loop
      vertex 176.99 208.53 27.535176023632413
      vertex 167 208.88242071899413 27.558274897923123
      vertex 167 208.53 27.535176023632413
    endloop
  endfacet
  facet normal 0 0.06540312923014069 0.9978589232386036
    outer loop
      vertex 176.99 208.17757928100588 27.558274897923123
      vertex 167 208.53 27.535176023632413
      vertex 167 208.17757928100588 27.558274897923123
    endloop
  endfacet
  facet normal 0 -0.1950903220161209 0.980785280403232
    outer loop
      vertex 176.99 208.88242071899413 27.558274897923123
      vertex 167 209.2288114217768 27.627176292651928
      vertex 167 208.88242071899413 27.558274897923123
    endloop
  endfacet
  facet normal 0 -0.3214394653031548 0.9469301294951079
    outer loop
      vertex 176.99 209.2288114217768 27.627176292651928
      vertex 167 209.56324526738575 27.740701285851937
      vertex 167 209.2288114217768 27.627176292651928
    endloop
  endfacet
  facet normal 0 -0.44228869021901707 0.8968727415326806
    outer loop
      vertex 176.99 209.56324526738575 27.740701285851937
      vertex 167 209.88 27.896907433414427
      vertex 167 209.56324526738575 27.740701285851937
    endloop
  endfacet
  facet normal 0 0.1950903220161209 0.980785280403232
    outer loop
      vertex 176.99 208.17757928100588 27.558274897923123
      vertex 167 208.17757928100588 27.558274897923123
      vertex 176.99 207.8311885782232 27.627176292651928
    endloop
  endfacet
  facet normal 0 0.3214394653031548 0.9469301294951079
    outer loop
      vertex 176.99 207.49675473261425 27.740701285851937
      vertex 176.99 207.8311885782232 27.627176292651928
      vertex 167 207.8311885782232 27.627176292651928
    endloop
  endfacet
  facet normal 0 0.44228869021901707 0.8968727415326806
    outer loop
      vertex 176.99 207.49675473261425 27.740701285851937
      vertex 167 207.49675473261425 27.740701285851937
      vertex 176.99 207.18 27.896907433414427
    endloop
  endfacet
  facet normal 0 0.06540312923014069 0.9978589232386036
    outer loop
      vertex 176.99 208.17757928100588 27.558274897923123
      vertex 176.99 208.53 27.535176023632413
      vertex 167 208.53 27.535176023632413
    endloop
  endfacet
  facet normal 0 -0.06540312923014069 0.9978589232386036
    outer loop
      vertex 176.99 208.53 27.535176023632413
      vertex 176.99 208.88242071899413 27.558274897923123
      vertex 167 208.88242071899413 27.558274897923123
    endloop
  endfacet
  facet normal 0 -0.1950903220161209 0.980785280403232
    outer loop
      vertex 176.99 208.88242071899413 27.558274897923123
      vertex 176.99 209.2288114217768 27.627176292651928
      vertex 167 209.2288114217768 27.627176292651928
    endloop
  endfacet
  facet normal 0 -0.3214394653031548 0.9469301294951079
    outer loop
      vertex 176.99 209.2288114217768 27.627176292651928
      vertex 176.99 209.56324526738575 27.740701285851937
      vertex 167 209.56324526738575 27.740701285851937
    endloop
  endfacet
  facet normal 0 0.8314696123025378 0.5555702330196135
    outer loop
      vertex 176.99 206.19173140978202 28.88517602363241
      vertex 167 206.38794598121368 28.591520165308868
      vertex 167 206.19173140978202 28.88517602363241
    endloop
  endfacet
  facet normal 0 0.555570233019602 0.8314696123025455
    outer loop
      vertex 176.99 206.88634414167646 28.093122004846077
      vertex 167 207.18 27.896907433414427
      vertex 167 206.88634414167646 28.093122004846077
    endloop
  endfacet
  facet normal 0 0.44228869021901707 0.8968727415326806
    outer loop
      vertex 176.99 207.18 27.896907433414427
      vertex 167 207.49675473261425 27.740701285851937
      vertex 167 207.18 27.896907433414427
    endloop
  endfacet
  facet normal 0 0.6593458151000745 0.7518398074789725
    outer loop
      vertex 176.99 206.62081169079633 28.325987714428734
      vertex 167 206.88634414167646 28.093122004846077
      vertex 167 206.62081169079633 28.325987714428734
    endloop
  endfacet
  facet normal 0 0.7518398074789818 0.6593458151000637
    outer loop
      vertex 176.99 206.38794598121368 28.591520165308868
      vertex 167 206.62081169079633 28.325987714428734
      vertex 167 206.38794598121368 28.591520165308868
    endloop
  endfacet
  facet normal 0 0.8968727415326784 0.4422886902190214
    outer loop
      vertex 176.99 206.03552526221952 29.20193075624667
      vertex 167 206.19173140978202 28.88517602363241
      vertex 167 206.03552526221952 29.20193075624667
    endloop
  endfacet
  facet normal 0 0.946930129495112 0.3214394653031429
    outer loop
      vertex 176.99 205.92200026901952 29.536364601855606
      vertex 167 206.03552526221952 29.20193075624667
      vertex 167 205.92200026901952 29.536364601855606
    endloop
  endfacet
  facet normal 0 0.9807852804032262 0.19509032201614987
    outer loop
      vertex 176.99 205.8530988742907 29.882755304638273
      vertex 167 205.92200026901952 29.536364601855606
      vertex 167 205.8530988742907 29.882755304638273
    endloop
  endfacet
  facet normal 0 -0.555570233019602 0.8314696123025455
    outer loop
      vertex 176.99 209.88 27.896907433414427
      vertex 167 210.17365585832354 28.093122004846077
      vertex 167 209.88 27.896907433414427
    endloop
  endfacet
  facet normal 0 -0.6593458151000745 0.7518398074789725
    outer loop
      vertex 176.99 210.17365585832354 28.093122004846077
      vertex 167 210.43918830920367 28.325987714428734
      vertex 167 210.17365585832354 28.093122004846077
    endloop
  endfacet
  facet normal 0 -0.7518398074789818 0.6593458151000637
    outer loop
      vertex 176.99 210.43918830920367 28.325987714428734
      vertex 167 210.67205401878633 28.591520165308868
      vertex 167 210.43918830920367 28.325987714428734
    endloop
  endfacet
  facet normal 0 -0.8314696123025378 0.5555702330196135
    outer loop
      vertex 176.99 210.67205401878633 28.591520165308868
      vertex 167 210.86826859021798 28.88517602363241
      vertex 167 210.67205401878633 28.591520165308868
    endloop
  endfacet
  facet normal 0 -0.8968727415326784 0.4422886902190214
    outer loop
      vertex 176.99 210.86826859021798 28.88517602363241
      vertex 167 211.02447473778048 29.20193075624667
      vertex 167 210.86826859021798 28.88517602363241
    endloop
  endfacet
  facet normal 0 -0.946930129495112 0.3214394653031429
    outer loop
      vertex 176.99 211.02447473778048 29.20193075624667
      vertex 167 211.13799973098048 29.536364601855606
      vertex 167 211.02447473778048 29.20193075624667
    endloop
  endfacet
  facet normal 0 -0.9807852804032262 0.19509032201614987
    outer loop
      vertex 176.99 211.13799973098048 29.536364601855606
      vertex 167 211.2069011257093 29.882755304638273
      vertex 167 211.13799973098048 29.536364601855606
    endloop
  endfacet
  facet normal 0 0.8314696123025378 0.5555702330196135
    outer loop
      vertex 176.99 206.38794598121368 28.591520165308868
      vertex 167 206.38794598121368 28.591520165308868
      vertex 176.99 206.19173140978202 28.88517602363241
    endloop
  endfacet
  facet normal 0 0.555570233019602 0.8314696123025455
    outer loop
      vertex 176.99 207.18 27.896907433414427
      vertex 167 207.18 27.896907433414427
      vertex 176.99 206.88634414167646 28.093122004846077
    endloop
  endfacet
  facet normal 0 0.6593458151000745 0.7518398074789725
    outer loop
      vertex 176.99 206.62081169079633 28.325987714428734
      vertex 176.99 206.88634414167646 28.093122004846077
      vertex 167 206.88634414167646 28.093122004846077
    endloop
  endfacet
  facet normal 0 0.7518398074789818 0.6593458151000637
    outer loop
      vertex 176.99 206.62081169079633 28.325987714428734
      vertex 167 206.62081169079633 28.325987714428734
      vertex 176.99 206.38794598121368 28.591520165308868
    endloop
  endfacet
  facet normal 0 0.8968727415326784 0.4422886902190214
    outer loop
      vertex 176.99 206.19173140978202 28.88517602363241
      vertex 167 206.19173140978202 28.88517602363241
      vertex 176.99 206.03552526221952 29.20193075624667
    endloop
  endfacet
  facet normal 0 0.946930129495112 0.3214394653031429
    outer loop
      vertex 176.99 206.03552526221952 29.20193075624667
      vertex 167 206.03552526221952 29.20193075624667
      vertex 176.99 205.92200026901952 29.536364601855606
    endloop
  endfacet
  facet normal 0 0.9807852804032262 0.19509032201614987
    outer loop
      vertex 176.99 205.92200026901952 29.536364601855606
      vertex 167 205.92200026901952 29.536364601855606
      vertex 176.99 205.8530988742907 29.882755304638273
    endloop
  endfacet
  facet normal -1 0 0
    outer loop
      vertex 176.99 206.38794598121368 28.591520165308868
      vertex 176.99 206.19173140978202 28.88517602363241
      vertex 176.99 206.19173140978202 31.585176023632414
    endloop
  endfacet
  facet normal -1 0 0
    outer loop
      vertex 176.99 206.19173140978202 28.88517602363241
      vertex 176.99 206.03552526221952 29.20193075624667
      vertex 176.99 206.03552526221952 31.268421291018154
    endloop
  endfacet
  facet normal -1 0 0
    outer loop
      vertex 176.99 206.03552526221952 29.20193075624667
      vertex 176.99 205.92200026901952 29.536364601855606
      vertex 176.99 205.92200026901952 30.93398744540922
    endloop
  endfacet
  facet normal -1 0 0
    outer loop
      vertex 176.99 207.49675473261425 27.740701285851937
      vertex 176.99 207.18 27.896907433414427
      vertex 176.99 207.18 32.5734446138504
    endloop
  endfacet
  facet normal -1 0 0
    outer loop
      vertex 176.99 207.49675473261425 27.740701285851937
      vertex 176.99 207.49675473261425 32.729650761412884
      vertex 176.99 207.8311885782232 27.627176292651928
    endloop
  endfacet
  facet normal -1 0 0
    outer loop
      vertex 176.99 208.17757928100588 27.558274897923123
      vertex 176.99 207.8311885782232 27.627176292651928
      vertex 176.99 207.8311885782232 32.8431757546129
    endloop
  endfacet
  facet normal -1 0 0
    outer loop
      vertex 176.99 208.17757928100588 27.558274897923123
      vertex 176.99 208.17757928100588 32.9120771493417
      vertex 176.99 208.53 27.535176023632413
    endloop
  endfacet
  facet normal -1 0 0
    outer loop
      vertex 176.99 208.53 27.535176023632413
      vertex 176.99 208.53 32.935176023632415
      vertex 176.99 208.88242071899413 27.558274897923123
    endloop
  endfacet
  facet normal -1 0 0
    outer loop
      vertex 176.99 208.88242071899413 27.558274897923123
      vertex 176.99 208.88242071899413 32.9120771493417
      vertex 176.99 209.2288114217768 27.627176292651928
    endloop
  endfacet
  facet normal -1 0 0
    outer loop
      vertex 176.99 209.2288114217768 27.627176292651928
      vertex 176.99 209.2288114217768 32.8431757546129
      vertex 176.99 209.56324526738575 27.740701285851937
    endloop
  endfacet
  facet normal -1 0 0
    outer loop
      vertex 176.99 206.62081169079633 28.325987714428734
      vertex 176.99 206.62081169079633 32.14436433283609
      vertex 176.99 206.88634414167646 28.093122004846077
    endloop
  endfacet
  facet normal -1 0 0
    outer loop
      vertex 176.99 207.18 27.896907433414427
      vertex 176.99 206.88634414167646 28.093122004846077
      vertex 176.99 206.88634414167646 32.377230042418745
    endloop
  endfacet
  facet normal -1 0 0
    outer loop
      vertex 176.99 206.62081169079633 28.325987714428734
      vertex 176.99 206.38794598121368 28.591520165308868
      vertex 176.99 206.38794598121368 31.878831881955957
    endloop
  endfacet
  facet normal -1 0 0
    outer loop
      vertex 176.99 209.56324526738575 27.740701285851937
      vertex 176.99 209.56324526738575 32.729650761412884
      vertex 176.99 209.88 27.896907433414427
    endloop
  endfacet
  facet normal 0 -0.44228869021901707 0.8968727415326806
    outer loop
      vertex 176.99 209.56324526738575 27.740701285851937
      vertex 176.99 209.88 27.896907433414427
      vertex 167 209.88 27.896907433414427
    endloop
  endfacet
  facet normal 0 -0.555570233019602 0.8314696123025455
    outer loop
      vertex 176.99 209.88 27.896907433414427
      vertex 176.99 210.17365585832354 28.093122004846077
      vertex 167 210.17365585832354 28.093122004846077
    endloop
  endfacet
  facet normal 0 -0.6593458151000745 0.7518398074789725
    outer loop
      vertex 176.99 210.17365585832354 28.093122004846077
      vertex 176.99 210.43918830920367 28.325987714428734
      vertex 167 210.43918830920367 28.325987714428734
    endloop
  endfacet
  facet normal 0 -0.7518398074789818 0.6593458151000637
    outer loop
      vertex 176.99 210.43918830920367 28.325987714428734
      vertex 176.99 210.67205401878633 28.591520165308868
      vertex 167 210.67205401878633 28.591520165308868
    endloop
  endfacet
  facet normal 0 -0.8314696123025378 0.5555702330196135
    outer loop
      vertex 176.99 210.67205401878633 28.591520165308868
      vertex 176.99 210.86826859021798 28.88517602363241
      vertex 167 210.86826859021798 28.88517602363241
    endloop
  endfacet
  facet normal 0 -0.8968727415326784 0.4422886902190214
    outer loop
      vertex 176.99 210.86826859021798 28.88517602363241
      vertex 176.99 211.02447473778048 29.20193075624667
      vertex 167 211.02447473778048 29.20193075624667
    endloop
  endfacet
  facet normal 0 -0.946930129495112 0.3214394653031429
    outer loop
      vertex 176.99 211.02447473778048 29.20193075624667
      vertex 176.99 211.13799973098048 29.536364601855606
      vertex 167 211.13799973098048 29.536364601855606
    endloop
  endfacet
  facet normal 0 -0.9807852804032262 0.19509032201614987
    outer loop
      vertex 176.99 211.13799973098048 29.536364601855606
      vertex 176.99 211.2069011257093 29.882755304638273
      vertex 167 211.2069011257093 29.882755304638273
    endloop
  endfacet
  facet normal -1 0 0
    outer loop
      vertex 176.99 209.88 27.896907433414427
      vertex 176.99 209.88 32.5734446138504
      vertex 176.99 210.17365585832354 28.093122004846077
    endloop
  endfacet
  facet normal -1 0 0
    outer loop
      vertex 176.99 210.17365585832354 28.093122004846077
      vertex 176.99 210.17365585832354 32.377230042418745
      vertex 176.99 210.43918830920367 28.325987714428734
    endloop
  endfacet
  facet normal -1 0 0
    outer loop
      vertex 176.99 210.43918830920367 28.325987714428734
      vertex 176.99 210.43918830920367 32.14436433283609
      vertex 176.99 210.67205401878633 28.591520165308868
    endloop
  endfacet
  facet normal -1 0 0
    outer loop
      vertex 176.99 210.67205401878633 28.591520165308868
      vertex 176.99 210.67205401878633 31.878831881955957
      vertex 176.99 210.86826859021798 28.88517602363241
    endloop
  endfacet
  facet normal -1 0 0
    outer loop
      vertex 176.99 210.86826859021798 28.88517602363241
      vertex 176.99 210.86826859021798 31.585176023632414
      vertex 176.99 211.02447473778048 29.20193075624667
    endloop
  endfacet
  facet normal 0 0.9978589232386065 0.065403129230098
    outer loop
      vertex 176.99 205.83 30.235176023632413
      vertex 167 205.8530988742907 29.882755304638273
      vertex 167 205.83 30.235176023632413
    endloop
  endfacet
  facet normal 0 0.9978589232386065 -0.065403129230098
    outer loop
      vertex 176.99 205.8530988742907 30.587596742626552
      vertex 167 205.83 30.235176023632413
      vertex 167 205.8530988742907 30.587596742626552
    endloop
  endfacet
  facet normal 0 0.9807852804032262 -0.19509032201614987
    outer loop
      vertex 176.99 205.92200026901952 30.93398744540922
      vertex 167 205.8530988742907 30.587596742626552
      vertex 167 205.92200026901952 30.93398744540922
    endloop
  endfacet
  facet normal 0 0.946930129495112 -0.3214394653031429
    outer loop
      vertex 176.99 206.03552526221952 31.268421291018154
      vertex 167 205.92200026901952 30.93398744540922
      vertex 167 206.03552526221952 31.268421291018154
    endloop
  endfacet
  facet normal 0 0.8968727415326784 -0.4422886902190214
    outer loop
      vertex 176.99 206.19173140978202 31.585176023632414
      vertex 167 206.03552526221952 31.268421291018154
      vertex 167 206.19173140978202 31.585176023632414
    endloop
  endfacet
  facet normal 0 0.8314696123025378 -0.5555702330196135
    outer loop
      vertex 176.99 206.38794598121368 31.878831881955957
      vertex 167 206.19173140978202 31.585176023632414
      vertex 167 206.38794598121368 31.878831881955957
    endloop
  endfacet
  facet normal 0 0.7518398074789818 -0.6593458151000637
    outer loop
      vertex 176.99 206.62081169079633 32.14436433283609
      vertex 167 206.38794598121368 31.878831881955957
      vertex 167 206.62081169079633 32.14436433283609
    endloop
  endfacet
  facet normal 0 -0.9978589232386065 0.065403129230098
    outer loop
      vertex 176.99 211.2069011257093 29.882755304638273
      vertex 167 211.23 30.235176023632413
      vertex 167 211.2069011257093 29.882755304638273
    endloop
  endfacet
  facet normal 0 -0.9978589232386065 -0.065403129230098
    outer loop
      vertex 176.99 211.23 30.235176023632413
      vertex 167 211.2069011257093 30.587596742626552
      vertex 167 211.23 30.235176023632413
    endloop
  endfacet
  facet normal 0 -0.9807852804032262 -0.19509032201614987
    outer loop
      vertex 176.99 211.2069011257093 30.587596742626552
      vertex 167 211.13799973098048 30.93398744540922
      vertex 167 211.2069011257093 30.587596742626552
    endloop
  endfacet
  facet normal 0 -0.946930129495112 -0.3214394653031429
    outer loop
      vertex 176.99 211.13799973098048 30.93398744540922
      vertex 167 211.02447473778048 31.268421291018154
      vertex 167 211.13799973098048 30.93398744540922
    endloop
  endfacet
  facet normal 0 -0.8968727415326784 -0.4422886902190214
    outer loop
      vertex 176.99 211.02447473778048 31.268421291018154
      vertex 167 210.86826859021798 31.585176023632414
      vertex 167 211.02447473778048 31.268421291018154
    endloop
  endfacet
  facet normal 0 -0.8314696123025378 -0.5555702330196135
    outer loop
      vertex 176.99 210.86826859021798 31.585176023632414
      vertex 167 210.67205401878633 31.878831881955957
      vertex 167 210.86826859021798 31.585176023632414
    endloop
  endfacet
  facet normal 0 -0.7518398074789818 -0.6593458151000637
    outer loop
      vertex 176.99 210.67205401878633 31.878831881955957
      vertex 167 210.43918830920367 32.14436433283609
      vertex 167 210.67205401878633 31.878831881955957
    endloop
  endfacet
  facet normal 0 0.9978589232386065 0.065403129230098
    outer loop
      vertex 176.99 205.8530988742907 29.882755304638273
      vertex 167 205.8530988742907 29.882755304638273
      vertex 176.99 205.83 30.235176023632413
    endloop
  endfacet
  facet normal 0 0.9978589232386065 -0.065403129230098
    outer loop
      vertex 176.99 205.83 30.235176023632413
      vertex 167 205.83 30.235176023632413
      vertex 176.99 205.8530988742907 30.587596742626552
    endloop
  endfacet
  facet normal 0 0.9807852804032262 -0.19509032201614987
    outer loop
      vertex 176.99 205.8530988742907 30.587596742626552
      vertex 167 205.8530988742907 30.587596742626552
      vertex 176.99 205.92200026901952 30.93398744540922
    endloop
  endfacet
  facet normal -1 0 0
    outer loop
      vertex 176.99 205.92200026901952 29.536364601855606
      vertex 176.99 205.8530988742907 29.882755304638273
      vertex 176.99 205.8530988742907 30.587596742626552
    endloop
  endfacet
  facet normal -1 0 0
    outer loop
      vertex 176.99 205.8530988742907 29.882755304638273
      vertex 176.99 205.83 30.235176023632413
      vertex 176.99 205.8530988742907 30.587596742626552
    endloop
  endfacet
  facet normal -1 0 0
    outer loop
      vertex 176.99 205.92200026901952 29.536364601855606
      vertex 176.99 205.8530988742907 30.587596742626552
      vertex 176.99 205.92200026901952 30.93398744540922
    endloop
  endfacet
  facet normal -1 0 0
    outer loop
      vertex 176.99 206.03552526221952 29.20193075624667
      vertex 176.99 205.92200026901952 30.93398744540922
      vertex 176.99 206.03552526221952 31.268421291018154
    endloop
  endfacet
  facet normal -1 0 0
    outer loop
      vertex 176.99 206.19173140978202 28.88517602363241
      vertex 176.99 206.03552526221952 31.268421291018154
      vertex 176.99 206.19173140978202 31.585176023632414
    endloop
  endfacet
  facet normal -1 0 0
    outer loop
      vertex 176.99 206.38794598121368 28.591520165308868
      vertex 176.99 206.19173140978202 31.585176023632414
      vertex 176.99 206.38794598121368 31.878831881955957
    endloop
  endfacet
  facet normal -1 0 0
    outer loop
      vertex 176.99 206.62081169079633 28.325987714428734
      vertex 176.99 206.38794598121368 31.878831881955957
      vertex 176.99 206.62081169079633 32.14436433283609
    endloop
  endfacet
  facet normal -1 0 0
    outer loop
      vertex 176.99 206.88634414167646 28.093122004846077
      vertex 176.99 206.62081169079633 32.14436433283609
      vertex 176.99 206.88634414167646 32.377230042418745
    endloop
  endfacet
  facet normal -1 0 0
    outer loop
      vertex 176.99 207.18 27.896907433414427
      vertex 176.99 206.88634414167646 32.377230042418745
      vertex 176.99 207.18 32.5734446138504
    endloop
  endfacet
  facet normal -1 0 0
    outer loop
      vertex 176.99 207.49675473261425 27.740701285851937
      vertex 176.99 207.18 32.5734446138504
      vertex 176.99 207.49675473261425 32.729650761412884
    endloop
  endfacet
  facet normal 0 0.946930129495112 -0.3214394653031429
    outer loop
      vertex 176.99 205.92200026901952 30.93398744540922
      vertex 167 205.92200026901952 30.93398744540922
      vertex 176.99 206.03552526221952 31.268421291018154
    endloop
  endfacet
  facet normal 0 0.8968727415326784 -0.4422886902190214
    outer loop
      vertex 176.99 206.03552526221952 31.268421291018154
      vertex 167 206.03552526221952 31.268421291018154
      vertex 176.99 206.19173140978202 31.585176023632414
    endloop
  endfacet
  facet normal 0 0.8314696123025378 -0.5555702330196135
    outer loop
      vertex 176.99 206.19173140978202 31.585176023632414
      vertex 167 206.19173140978202 31.585176023632414
      vertex 176.99 206.38794598121368 31.878831881955957
    endloop
  endfacet
  facet normal 0 0.7518398074789818 -0.6593458151000637
    outer loop
      vertex 176.99 206.38794598121368 31.878831881955957
      vertex 167 206.38794598121368 31.878831881955957
      vertex 176.99 206.62081169079633 32.14436433283609
    endloop
  endfacet
  facet normal -1 0 0
    outer loop
      vertex 176.99 207.8311885782232 27.627176292651928
      vertex 176.99 207.49675473261425 32.729650761412884
      vertex 176.99 207.8311885782232 32.8431757546129
    endloop
  endfacet
  facet normal -1 0 0
    outer loop
      vertex 176.99 208.17757928100588 27.558274897923123
      vertex 176.99 207.8311885782232 32.8431757546129
      vertex 176.99 208.17757928100588 32.9120771493417
    endloop
  endfacet
  facet normal -1 0 0
    outer loop
      vertex 176.99 208.53 27.535176023632413
      vertex 176.99 208.17757928100588 32.9120771493417
      vertex 176.99 208.53 32.935176023632415
    endloop
  endfacet
  facet normal -1 0 0
    outer loop
      vertex 176.99 208.88242071899413 27.558274897923123
      vertex 176.99 208.53 32.935176023632415
      vertex 176.99 208.88242071899413 32.9120771493417
    endloop
  endfacet
  facet normal -1 0 0
    outer loop
      vertex 176.99 209.2288114217768 27.627176292651928
      vertex 176.99 208.88242071899413 32.9120771493417
      vertex 176.99 209.2288114217768 32.8431757546129
    endloop
  endfacet
  facet normal -1 0 0
    outer loop
      vertex 176.99 209.56324526738575 27.740701285851937
      vertex 176.99 209.2288114217768 32.8431757546129
      vertex 176.99 209.56324526738575 32.729650761412884
    endloop
  endfacet
  facet normal 0 -0.9978589232386065 0.065403129230098
    outer loop
      vertex 176.99 211.2069011257093 29.882755304638273
      vertex 176.99 211.23 30.235176023632413
      vertex 167 211.23 30.235176023632413
    endloop
  endfacet
  facet normal 0 -0.9978589232386065 -0.065403129230098
    outer loop
      vertex 176.99 211.23 30.235176023632413
      vertex 176.99 211.2069011257093 30.587596742626552
      vertex 167 211.2069011257093 30.587596742626552
    endloop
  endfacet
  facet normal 0 -0.9807852804032262 -0.19509032201614987
    outer loop
      vertex 176.99 211.2069011257093 30.587596742626552
      vertex 176.99 211.13799973098048 30.93398744540922
      vertex 167 211.13799973098048 30.93398744540922
    endloop
  endfacet
  facet normal -1 0 0
    outer loop
      vertex 176.99 211.02447473778048 29.20193075624667
      vertex 176.99 211.02447473778048 31.268421291018154
      vertex 176.99 211.13799973098048 29.536364601855606
    endloop
  endfacet
  facet normal -1 0 0
    outer loop
      vertex 176.99 211.13799973098048 29.536364601855606
      vertex 176.99 211.13799973098048 30.93398744540922
      vertex 176.99 211.2069011257093 29.882755304638273
    endloop
  endfacet
  facet normal -1 0 0
    outer loop
      vertex 176.99 211.2069011257093 29.882755304638273
      vertex 176.99 211.2069011257093 30.587596742626552
      vertex 176.99 211.23 30.235176023632413
    endloop
  endfacet
  facet normal -1 0 0
    outer loop
      vertex 176.99 211.2069011257093 29.882755304638273
      vertex 176.99 211.13799973098048 30.93398744540922
      vertex 176.99 211.2069011257093 30.587596742626552
    endloop
  endfacet
  facet normal -1 0 0
    outer loop
      vertex 176.99 211.13799973098048 29.536364601855606
      vertex 176.99 211.02447473778048 31.268421291018154
      vertex 176.99 211.13799973098048 30.93398744540922
    endloop
  endfacet
  facet normal -1 0 0
    outer loop
      vertex 176.99 211.02447473778048 29.20193075624667
      vertex 176.99 210.86826859021798 31.585176023632414
      vertex 176.99 211.02447473778048 31.268421291018154
    endloop
  endfacet
  facet normal -1 0 0
    outer loop
      vertex 176.99 210.67205401878633 28.591520165308868
      vertex 176.99 210.43918830920367 32.14436433283609
      vertex 176.99 210.67205401878633 31.878831881955957
    endloop
  endfacet
  facet normal -1 0 0
    outer loop
      vertex 176.99 210.17365585832354 28.093122004846077
      vertex 176.99 209.88 32.5734446138504
      vertex 176.99 210.17365585832354 32.377230042418745
    endloop
  endfacet
  facet normal -1 0 0
    outer loop
      vertex 176.99 210.43918830920367 28.325987714428734
      vertex 176.99 210.17365585832354 32.377230042418745
      vertex 176.99 210.43918830920367 32.14436433283609
    endloop
  endfacet
  facet normal -1 0 0
    outer loop
      vertex 176.99 210.86826859021798 28.88517602363241
      vertex 176.99 210.67205401878633 31.878831881955957
      vertex 176.99 210.86826859021798 31.585176023632414
    endloop
  endfacet
  facet normal 0 -0.946930129495112 -0.3214394653031429
    outer loop
      vertex 176.99 211.13799973098048 30.93398744540922
      vertex 176.99 211.02447473778048 31.268421291018154
      vertex 167 211.02447473778048 31.268421291018154
    endloop
  endfacet
  facet normal 0 -0.8968727415326784 -0.4422886902190214
    outer loop
      vertex 176.99 211.02447473778048 31.268421291018154
      vertex 176.99 210.86826859021798 31.585176023632414
      vertex 167 210.86826859021798 31.585176023632414
    endloop
  endfacet
  facet normal 0 -0.8314696123025378 -0.5555702330196135
    outer loop
      vertex 176.99 210.86826859021798 31.585176023632414
      vertex 176.99 210.67205401878633 31.878831881955957
      vertex 167 210.67205401878633 31.878831881955957
    endloop
  endfacet
  facet normal 0 -0.7518398074789818 -0.6593458151000637
    outer loop
      vertex 176.99 210.67205401878633 31.878831881955957
      vertex 176.99 210.43918830920367 32.14436433283609
      vertex 167 210.43918830920367 32.14436433283609
    endloop
  endfacet
  facet normal -1 0 0
    outer loop
      vertex 176.99 209.88 27.896907433414427
      vertex 176.99 209.56324526738575 32.729650761412884
      vertex 176.99 209.88 32.5734446138504
    endloop
  endfacet
  facet normal 0 0.6593458151000687 -0.7518398074789774
    outer loop
      vertex 176.99 206.88634414167646 32.377230042418745
      vertex 167 206.62081169079633 32.14436433283609
      vertex 167 206.88634414167646 32.377230042418745
    endloop
  endfacet
  facet normal 0 0.5555702330196088 -0.8314696123025408
    outer loop
      vertex 176.99 207.18 32.5734446138504
      vertex 167 206.88634414167646 32.377230042418745
      vertex 167 207.18 32.5734446138504
    endloop
  endfacet
  facet normal 0 0.4422886902190089 -0.8968727415326846
    outer loop
      vertex 176.99 207.49675473261425 32.729650761412884
      vertex 167 207.18 32.5734446138504
      vertex 167 207.49675473261425 32.729650761412884
    endloop
  endfacet
  facet normal 0 0.32143946530317286 -0.9469301294951018
    outer loop
      vertex 176.99 207.8311885782232 32.8431757546129
      vertex 167 207.49675473261425 32.729650761412884
      vertex 167 207.8311885782232 32.8431757546129
    endloop
  endfacet
  facet normal 0 0.19509032201610152 -0.9807852804032358
    outer loop
      vertex 176.99 208.17757928100588 32.9120771493417
      vertex 167 207.8311885782232 32.8431757546129
      vertex 167 208.17757928100588 32.9120771493417
    endloop
  endfacet
  facet normal 0 -0.19509032201610152 -0.9807852804032358
    outer loop
      vertex 176.99 209.2288114217768 32.8431757546129
      vertex 167 208.88242071899413 32.9120771493417
      vertex 167 209.2288114217768 32.8431757546129
    endloop
  endfacet
  facet normal 0 -0.32143946530317286 -0.9469301294951018
    outer loop
      vertex 176.99 209.56324526738575 32.729650761412884
      vertex 167 209.2288114217768 32.8431757546129
      vertex 167 209.56324526738575 32.729650761412884
    endloop
  endfacet
  facet normal 0 0.06540312923016071 -0.9978589232386024
    outer loop
      vertex 176.99 208.53 32.935176023632415
      vertex 167 208.17757928100588 32.9120771493417
      vertex 167 208.53 32.935176023632415
    endloop
  endfacet
  facet normal 0 -0.06540312923016071 -0.9978589232386024
    outer loop
      vertex 176.99 208.88242071899413 32.9120771493417
      vertex 167 208.53 32.935176023632415
      vertex 167 208.88242071899413 32.9120771493417
    endloop
  endfacet
  facet normal 0 -0.6593458151000687 -0.7518398074789774
    outer loop
      vertex 176.99 210.43918830920367 32.14436433283609
      vertex 167 210.17365585832354 32.377230042418745
      vertex 167 210.43918830920367 32.14436433283609
    endloop
  endfacet
  facet normal 0 -0.5555702330196088 -0.8314696123025408
    outer loop
      vertex 176.99 210.17365585832354 32.377230042418745
      vertex 167 209.88 32.5734446138504
      vertex 167 210.17365585832354 32.377230042418745
    endloop
  endfacet
  facet normal 0 -0.4422886902190089 -0.8968727415326846
    outer loop
      vertex 176.99 209.88 32.5734446138504
      vertex 167 209.56324526738575 32.729650761412884
      vertex 167 209.88 32.5734446138504
    endloop
  endfacet
  facet normal 0 0.6593458151000687 -0.7518398074789774
    outer loop
      vertex 176.99 206.62081169079633 32.14436433283609
      vertex 167 206.62081169079633 32.14436433283609
      vertex 176.99 206.88634414167646 32.377230042418745
    endloop
  endfacet
  facet normal 0 0.5555702330196088 -0.8314696123025408
    outer loop
      vertex 176.99 206.88634414167646 32.377230042418745
      vertex 167 206.88634414167646 32.377230042418745
      vertex 176.99 207.18 32.5734446138504
    endloop
  endfacet
  facet normal 0 0.4422886902190089 -0.8968727415326846
    outer loop
      vertex 176.99 207.18 32.5734446138504
      vertex 167 207.18 32.5734446138504
      vertex 176.99 207.49675473261425 32.729650761412884
    endloop
  endfacet
  facet normal 0 0.32143946530317286 -0.9469301294951018
    outer loop
      vertex 176.99 207.49675473261425 32.729650761412884
      vertex 167 207.49675473261425 32.729650761412884
      vertex 176.99 207.8311885782232 32.8431757546129
    endloop
  endfacet
  facet normal 0 0.19509032201610152 -0.9807852804032358
    outer loop
      vertex 176.99 207.8311885782232 32.8431757546129
      vertex 167 207.8311885782232 32.8431757546129
      vertex 176.99 208.17757928100588 32.9120771493417
    endloop
  endfacet
  facet normal 0 -0.4422886902190089 -0.8968727415326846
    outer loop
      vertex 176.99 209.88 32.5734446138504
      vertex 176.99 209.56324526738575 32.729650761412884
      vertex 167 209.56324526738575 32.729650761412884
    endloop
  endfacet
  facet normal 0 -0.32143946530317286 -0.9469301294951018
    outer loop
      vertex 176.99 209.2288114217768 32.8431757546129
      vertex 167 209.2288114217768 32.8431757546129
      vertex 176.99 209.56324526738575 32.729650761412884
    endloop
  endfacet
  facet normal 0 -0.19509032201610152 -0.9807852804032358
    outer loop
      vertex 176.99 208.88242071899413 32.9120771493417
      vertex 167 208.88242071899413 32.9120771493417
      vertex 176.99 209.2288114217768 32.8431757546129
    endloop
  endfacet
  facet normal 0 0.06540312923016071 -0.9978589232386024
    outer loop
      vertex 176.99 208.17757928100588 32.9120771493417
      vertex 167 208.17757928100588 32.9120771493417
      vertex 176.99 208.53 32.935176023632415
    endloop
  endfacet
  facet normal 0 -0.06540312923016071 -0.9978589232386024
    outer loop
      vertex 176.99 208.53 32.935176023632415
      vertex 167 208.53 32.935176023632415
      vertex 176.99 208.88242071899413 32.9120771493417
    endloop
  endfacet
  facet normal 0 -0.6593458151000687 -0.7518398074789774
    outer loop
      vertex 176.99 210.43918830920367 32.14436433283609
      vertex 176.99 210.17365585832354 32.377230042418745
      vertex 167 210.17365585832354 32.377230042418745
    endloop
  endfacet
  facet normal 0 -0.5555702330196088 -0.8314696123025408
    outer loop
      vertex 176.99 210.17365585832354 32.377230042418745
      vertex 176.99 209.88 32.5734446138504
      vertex 167 209.88 32.5734446138504
    endloop
  endfacet
endsolid OpenSCAD_Model
