solid OpenSCAD_Model
  facet normal -1 0 0
    outer loop
      vertex 39.900000000000006 28.57504000000003 2.6999999999999993
      vertex 39.900000000000006 26.27504000000002 5
      vertex 39.900000000000006 31.28504000000001 2.6999999999999993
    endloop
  endfacet
  facet normal -1 0 0
    outer loop
      vertex 39.900000000000006 26.28504000000001 5
      vertex 39.900000000000006 31.28504000000001 2.6999999999999993
      vertex 39.900000000000006 26.27504000000002 5
    endloop
  endfacet
  facet normal -1 0 0
    outer loop
      vertex 39.900000000000006 26.28504000000001 5
      vertex 39.900000000000006 26.28504000000001 7.699999999999999
      vertex 39.900000000000006 31.28504000000001 2.6999999999999993
    endloop
  endfacet
  facet normal 0 -0.7071067811865459 -0.7071067811865492
    outer loop
      vertex 39.900000000000006 28.57504000000003 2.6999999999999993
      vertex 98.20000000000002 26.27504000000002 5
      vertex 39.900000000000006 26.27504000000002 5
    endloop
  endfacet
  facet normal 0 0.7071067811865475 0.7071067811865475
    outer loop
      vertex 39.900000000000006 26.28504000000001 7.699999999999999
      vertex 98.20000000000002 31.28504000000001 2.6999999999999997
      vertex 39.900000000000006 31.28504000000001 2.6999999999999993
    endloop
  endfacet
  facet normal 0 -0.7071067811865459 -0.7071067811865492
    outer loop
      vertex 39.900000000000006 28.57504000000003 2.6999999999999993
      vertex 98.20000000000002 28.57504000000003 2.6999999999999993
      vertex 98.20000000000002 26.27504000000002 5
    endloop
  endfacet
  facet normal 1 0 0
    outer loop
      vertex 98.20000000000002 28.57504000000003 2.6999999999999993
      vertex 98.20000000000002 26.27504000000002 5.001027200262962
      vertex 98.20000000000002 26.27504000000002 5
    endloop
  endfacet
  facet normal 1 0 0
    outer loop
      vertex 98.20000000000002 28.57504000000003 2.6999999999999993
      vertex 98.20000000000002 26.28504000000001 6.342315369261484
      vertex 98.20000000000002 26.27504000000002 5.001027200262962
    endloop
  endfacet
  facet normal 1 0 0
    outer loop
      vertex 98.20000000000002 28.57504000000003 2.6999999999999993
      vertex 98.20000000000002 31.265040000000027 2.6999999999999997
      vertex 98.20000000000002 26.28504000000001 7.6846307385229675
    endloop
  endfacet
  facet normal 1 0 0
    outer loop
      vertex 98.20000000000002 31.265040000000027 2.6999999999999997
      vertex 98.20000000000002 31.28504000000001 2.6999999999999997
      vertex 98.20000000000002 26.27504000000002 7.699999999999999
    endloop
  endfacet
  facet normal 1 0 0
    outer loop
      vertex 98.20000000000002 28.57504000000003 2.6999999999999993
      vertex 98.20000000000002 26.28504000000001 7.6846307385229675
      vertex 98.20000000000002 26.28504000000001 6.342315369261484
    endloop
  endfacet
  facet normal 0 0.7071067811865475 0.7071067811865475
    outer loop
      vertex 39.900000000000006 26.28504000000001 7.699999999999999
      vertex 98.20000000000002 26.28504000000001 7.699999999999999
      vertex 98.20000000000002 31.28504000000001 2.6999999999999997
    endloop
  endfacet
  facet normal 0 0 1
    outer loop
      vertex 39.900000000000006 26.28504000000001 7.699999999999999
      vertex 98.20000000000002 26.27504000000002 7.699999999999999
      vertex 98.20000000000002 26.28504000000001 7.699999999999999
    endloop
  endfacet
  facet normal 1 0 0
    outer loop
      vertex 98.20000000000002 31.265040000000027 2.6999999999999997
      vertex 98.20000000000002 26.27504000000002 7.699999999999999
      vertex 98.20000000000002 26.28504000000001 7.6846307385229675
    endloop
  endfacet
  facet normal 1 0 0
    outer loop
      vertex 98.20000000000002 26.28504000000001 7.699999999999999
      vertex 98.20000000000002 26.27504000000002 7.699999999999999
      vertex 98.20000000000002 31.28504000000001 2.6999999999999997
    endloop
  endfacet
  facet normal 0 0 -1
    outer loop
      vertex 138.37294216969187 26.236078412832427 0
      vertex 138.43241379310348 26.77504000000002 0
      vertex 139.9 26.77504000000002 0
    endloop
  endfacet
  facet normal 1 0 0
    outer loop
      vertex 139.9 25.57504000000003 0
      vertex 139.9 26.77504000000002 0
      vertex 139.9 25.57504000000003 2.6999999999999993
    endloop
  endfacet
  facet normal 0 0 -1
    outer loop
      vertex 138.43241379310348 26.77504000000002 0
      vertex 138.3 26.77504000000002 0
      vertex 138.3 40.07504000000003 0
    endloop
  endfacet
  facet normal 0 0 -1
    outer loop
      vertex 138.43241379310348 26.77504000000002 0
      vertex 139.9 40.07504000000003 0
      vertex 139.9 26.77504000000002 0
    endloop
  endfacet
  facet normal -1 0 0
    outer loop
      vertex 138.3 26.77504000000002 0
      vertex 138.3 26.77504000000002 2.6999999999999993
      vertex 138.3 40.07504000000003 0
    endloop
  endfacet
  facet normal 1 0 0
    outer loop
      vertex 139.9 26.77504000000002 0
      vertex 139.9 38.00004000239352 0.2999999999999998
      vertex 139.9 25.57504000000003 6
    endloop
  endfacet
  facet normal 1 0 0
    outer loop
      vertex 139.9 26.77504000000002 0
      vertex 139.9 25.57504000000003 6
      vertex 139.9 25.57504000000003 2.6999999999999993
    endloop
  endfacet
  facet normal 0 -1 0
    outer loop
      vertex 138.3 25.57504000000003 2.6999999999999993
      vertex 139.9 25.57504000000003 2.6999999999999993
      vertex 138.3 25.57504000000003 6
    endloop
  endfacet
  facet normal -1 0 0
    outer loop
      vertex 138.3 25.57504000000003 2.6999999999999993
      vertex 138.3 25.57504000000003 6
      vertex 138.3 26.77504000000002 2.6999999999999993
    endloop
  endfacet
  facet normal 0 -1 0
    outer loop
      vertex 139.9 25.57504000000003 2.6999999999999993
      vertex 139.9 25.57504000000003 6
      vertex 138.3 25.57504000000003 6
    endloop
  endfacet
  facet normal -1 0 0
    outer loop
      vertex 138.3 26.77504000000002 2.6999999999999993
      vertex 138.3 25.57504000000003 6
      vertex 138.3 40.07504000000003 6
    endloop
  endfacet
  facet normal 0 0 1
    outer loop
      vertex 138.3 25.57504000000003 6
      vertex 139.9 25.57504000000003 6
      vertex 138.3 40.07504000000003 6
    endloop
  endfacet
  facet normal 1 0 0
    outer loop
      vertex 139.9 26.77504000000002 0
      vertex 139.9 39.250039998388814 0.2999999999999998
      vertex 139.9 38.00004000239352 0.2999999999999998
    endloop
  endfacet
  facet normal 0 0 -1
    outer loop
      vertex 138.43241379310348 26.77504000000002 0
      vertex 138.3 40.07504000000003 0
      vertex 139.9 40.07504000000003 0
    endloop
  endfacet
  facet normal 1 0 0
    outer loop
      vertex 139.9 26.77504000000002 0
      vertex 139.9 40.07504000000003 0
      vertex 139.9 39.250039998388814 0.2999999999999998
    endloop
  endfacet
  facet normal 1 0 0
    outer loop
      vertex 139.9 40.07504000000003 0
      vertex 139.9 39.250039998388814 1.5
      vertex 139.9 39.250039998388814 0.2999999999999998
    endloop
  endfacet
  facet normal 1 0 0
    outer loop
      vertex 139.9 25.57504000000003 6
      vertex 139.9 38.00004000239352 0.2999999999999998
      vertex 139.9 38.00004000239352 1.5
    endloop
  endfacet
  facet normal -1 0 0
    outer loop
      vertex 138.3 26.77504000000002 2.6999999999999993
      vertex 138.3 40.07504000000003 6
      vertex 138.3 40.07504000000003 0
    endloop
  endfacet
  facet normal 0 1 0
    outer loop
      vertex 138.3 40.07504000000003 0
      vertex 138.3 40.07504000000003 6
      vertex 139.9 40.07504000000003 0
    endloop
  endfacet
  facet normal 1 0 0
    outer loop
      vertex 139.9 40.07504000000003 0
      vertex 139.9 40.07504000000003 6
      vertex 139.9 39.250039998388814 1.5
    endloop
  endfacet
  facet normal 1 0 0
    outer loop
      vertex 139.9 38.00004000239352 1.5
      vertex 139.9 39.250039998388814 1.5
      vertex 139.9 40.07504000000003 6
    endloop
  endfacet
  facet normal 1 0 0
    outer loop
      vertex 139.9 25.57504000000003 6
      vertex 139.9 38.00004000239352 1.5
      vertex 139.9 40.07504000000003 6
    endloop
  endfacet
  facet normal 0 1 0
    outer loop
      vertex 139.9 40.07504000000003 0
      vertex 138.3 40.07504000000003 6
      vertex 139.9 40.07504000000003 6
    endloop
  endfacet
  facet normal 0 0 1
    outer loop
      vertex 139.9 25.57504000000003 6
      vertex 139.9 40.07504000000003 6
      vertex 138.3 40.07504000000003 6
    endloop
  endfacet
  facet normal 0 0 -1
    outer loop
      vertex 136.5 25.57504000000003 0
      vertex 137.5 25.92798117647061 0
      vertex 139.9 25.57504000000003 0
    endloop
  endfacet
  facet normal 0 0 -1
    outer loop
      vertex 137.5 25.92798117647061 0
      vertex 138.3 26.77504000000002 0
      vertex 138.37294216969187 26.236078412832427 0
    endloop
  endfacet
  facet normal 0 0 -1
    outer loop
      vertex 137.5 25.92798117647061 0
      vertex 137.5 26.77504000000002 0
      vertex 138.3 26.77504000000002 0
    endloop
  endfacet
  facet normal 0 0 -1
    outer loop
      vertex 137.5 25.92798117647061 0
      vertex 138.37294216969187 26.236078412832427 0
      vertex 139.9 25.57504000000003 0
    endloop
  endfacet
  facet normal 0 0 -1
    outer loop
      vertex 138.37294216969187 26.236078412832427 0
      vertex 139.9 26.77504000000002 0
      vertex 139.9 25.57504000000003 0
    endloop
  endfacet
  facet normal 0 0 -1
    outer loop
      vertex 138.37294216969187 26.236078412832427 0
      vertex 138.3 26.77504000000002 0
      vertex 138.43241379310348 26.77504000000002 0
    endloop
  endfacet
  facet normal 0 1 0
    outer loop
      vertex 137.5 26.77504000000002 0
      vertex 138.3 26.77504000000002 2.6999999999999993
      vertex 138.3 26.77504000000002 0
    endloop
  endfacet
  facet normal 0 -1 0
    outer loop
      vertex 136.5 25.57504000000003 0
      vertex 139.9 25.57504000000003 0
      vertex 139.9 25.57504000000003 2.6999999999999993
    endloop
  endfacet
  facet normal 0 -1 0
    outer loop
      vertex 136.5 25.57504000000003 0
      vertex 138.3 25.57504000000003 2.6999999999999993
      vertex 136.5 25.57504000000003 2.6999999999999993
    endloop
  endfacet
  facet normal 0 -1 0
    outer loop
      vertex 136.5 25.57504000000003 0
      vertex 139.9 25.57504000000003 2.6999999999999993
      vertex 138.3 25.57504000000003 2.6999999999999993
    endloop
  endfacet
  facet normal 0 1 0
    outer loop
      vertex 137.5 26.77504000000002 0
      vertex 137.5 26.77504000000002 2.6999999999999993
      vertex 138.3 26.77504000000002 2.6999999999999993
    endloop
  endfacet
  facet normal 0 0 1
    outer loop
      vertex 136.5 25.57504000000003 2.6999999999999993
      vertex 137.5 26.10837333333336 2.6999999999999993
      vertex 136.5 25.626891851851894 2.6999999999999993
    endloop
  endfacet
  facet normal 0 0 1
    outer loop
      vertex 136.5 25.57504000000003 2.6999999999999993
      vertex 138.3 25.57504000000003 2.6999999999999993
      vertex 137.5 26.10837333333336 2.6999999999999993
    endloop
  endfacet
  facet normal 0 0 1
    outer loop
      vertex 137.5 26.10837333333336 2.6999999999999993
      vertex 138.3 25.57504000000003 2.6999999999999993
      vertex 138.3 26.77504000000002 2.6999999999999993
    endloop
  endfacet
  facet normal 0 0 1
    outer loop
      vertex 137.5 26.10837333333336 2.6999999999999993
      vertex 138.3 26.77504000000002 2.6999999999999993
      vertex 137.5 26.77504000000002 2.6999999999999993
    endloop
  endfacet
  facet normal 0 0 -1
    outer loop
      vertex 0.09999999999999432 25.57504000000003 0
      vertex 1.6999999999999886 26.77504000000002 0
      vertex 1.6999999999999886 25.57504000000003 0
    endloop
  endfacet
  facet normal 0 -1 0
    outer loop
      vertex 0.09999999999999432 25.57504000000003 0
      vertex 1.6999999999999886 25.57504000000003 0
      vertex 1.6999999999999886 25.57504000000003 1.2705882352941105
    endloop
  endfacet
  facet normal 0 0 -1
    outer loop
      vertex 0.09999999999999432 25.57504000000003 0
      vertex 1.6999999999999886 40.07504000000003 0
      vertex 1.6999999999999886 26.77504000000002 0
    endloop
  endfacet
  facet normal 1 0 0
    outer loop
      vertex 1.6999999999999886 26.77504000000002 0
      vertex 1.6999999999999886 40.07504000000003 0
      vertex 1.6999999999999886 26.77504000000002 2.6999999999999993
    endloop
  endfacet
  facet normal -1 0 0
    outer loop
      vertex 0.09999999999999432 25.57504000000003 2.6999999999999993
      vertex 0.09999999999999432 25.57504000000003 6
      vertex 0.09999999999999432 26.77504000000002 2.6999999999999993
    endloop
  endfacet
  facet normal 0 -1 0
    outer loop
      vertex 0.09999999999999432 25.57504000000003 2.6999999999999993
      vertex 1.6999999999999886 25.57504000000003 2.6999999999999993
      vertex 1.6999999999999886 25.57504000000003 6
    endloop
  endfacet
  facet normal 1 0 0
    outer loop
      vertex 1.6999999999999886 25.57504000000003 2.6999999999999993
      vertex 1.6999999999999886 26.77504000000002 2.6999999999999993
      vertex 1.6999999999999886 25.57504000000003 6
    endloop
  endfacet
  facet normal -1 0 0
    outer loop
      vertex 0.09999999999999432 25.57504000000003 0
      vertex 0.09999999999999432 26.77504000000002 2.6999999999999993
      vertex 0.09999999999999432 40.07504000000003 6
    endloop
  endfacet
  facet normal 1 0 0
    outer loop
      vertex 1.6999999999999886 26.77504000000002 2.6999999999999993
      vertex 1.6999999999999886 40.07504000000003 0
      vertex 1.6999999999999886 25.57504000000003 6
    endloop
  endfacet
  facet normal 0 -1 0
    outer loop
      vertex 0.09999999999999432 25.57504000000003 2.6999999999999993
      vertex 1.6999999999999886 25.57504000000003 6
      vertex 0.09999999999999432 25.57504000000003 6
    endloop
  endfacet
  facet normal -1 0 0
    outer loop
      vertex 0.09999999999999432 26.77504000000002 2.6999999999999993
      vertex 0.09999999999999432 25.57504000000003 6
      vertex 0.09999999999999432 40.07504000000003 6
    endloop
  endfacet
  facet normal 0 0 1
    outer loop
      vertex 0.09999999999999432 25.57504000000003 6
      vertex 1.6999999999999886 25.57504000000003 6
      vertex 0.09999999999999432 40.07504000000003 6
    endloop
  endfacet
  facet normal -1 0 0
    outer loop
      vertex 0.09999999999999432 25.57504000000003 0
      vertex 0.09999999999999432 39.250039998388814 0.2999999999999998
      vertex 0.09999999999999432 40.07504000000003 0
    endloop
  endfacet
  facet normal -1 0 0
    outer loop
      vertex 0.09999999999999432 25.57504000000003 0
      vertex 0.09999999999999432 38.00004000239352 0.2999999999999998
      vertex 0.09999999999999432 39.250039998388814 0.2999999999999998
    endloop
  endfacet
  facet normal -1 0 0
    outer loop
      vertex 0.09999999999999432 25.57504000000003 0
      vertex 0.09999999999999432 38.00004000239352 1.5
      vertex 0.09999999999999432 38.00004000239352 0.2999999999999998
    endloop
  endfacet
  facet normal 0 0 -1
    outer loop
      vertex 0.09999999999999432 25.57504000000003 0
      vertex 0.09999999999999432 40.07504000000003 0
      vertex 1.6999999999999886 40.07504000000003 0
    endloop
  endfacet
  facet normal -1 0 0
    outer loop
      vertex 0.09999999999999432 40.07504000000003 0
      vertex 0.09999999999999432 39.250039998388814 0.2999999999999998
      vertex 0.09999999999999432 39.250039998388814 1.5
    endloop
  endfacet
  facet normal -1 0 0
    outer loop
      vertex 0.09999999999999432 25.57504000000003 0
      vertex 0.09999999999999432 40.07504000000003 6
      vertex 0.09999999999999432 38.00004000239352 1.5
    endloop
  endfacet
  facet normal 0 1 0
    outer loop
      vertex 0.09999999999999432 40.07504000000003 0
      vertex 0.09999999999999432 40.07504000000003 6
      vertex 1.6999999999999886 40.07504000000003 0
    endloop
  endfacet
  facet normal -1 0 0
    outer loop
      vertex 0.09999999999999432 40.07504000000003 0
      vertex 0.09999999999999432 39.250039998388814 1.5
      vertex 0.09999999999999432 40.07504000000003 6
    endloop
  endfacet
  facet normal -1 0 0
    outer loop
      vertex 0.09999999999999432 38.00004000239352 1.5
      vertex 0.09999999999999432 40.07504000000003 6
      vertex 0.09999999999999432 39.250039998388814 1.5
    endloop
  endfacet
  facet normal 1 0 0
    outer loop
      vertex 1.6999999999999886 25.57504000000003 6
      vertex 1.6999999999999886 40.07504000000003 0
      vertex 1.6999999999999886 40.07504000000003 6
    endloop
  endfacet
  facet normal 0 1 0
    outer loop
      vertex 1.6999999999999886 40.07504000000003 0
      vertex 0.09999999999999432 40.07504000000003 6
      vertex 1.6999999999999886 40.07504000000003 6
    endloop
  endfacet
  facet normal 0 0 1
    outer loop
      vertex 1.6999999999999886 25.57504000000003 6
      vertex 1.6999999999999886 40.07504000000003 6
      vertex 0.09999999999999432 40.07504000000003 6
    endloop
  endfacet
  facet normal 0 0 -1
    outer loop
      vertex 1.6999999999999886 25.57504000000003 0
      vertex 1.6999999999999886 26.77504000000002 0
      vertex 3.427835051546367 25.623149965635776 0
    endloop
  endfacet
  facet normal 0 0 -1
    outer loop
      vertex 1.6999999999999886 25.57504000000003 0
      vertex 3.427835051546367 25.623149965635776 0
      vertex 3.5 25.57504000000003 0
    endloop
  endfacet
  facet normal 0 0 -1
    outer loop
      vertex 1.6999999999999886 26.77504000000002 0
      vertex 2.5 26.77504000000002 0
      vertex 3.427835051546367 25.623149965635776 0
    endloop
  endfacet
  facet normal 0 -1 0
    outer loop
      vertex 1.6999999999999886 25.57504000000003 0
      vertex 3.5 25.57504000000003 0
      vertex 1.6999999999999886 25.57504000000003 1.2705882352941105
    endloop
  endfacet
  facet normal 0 1 0
    outer loop
      vertex 1.6999999999999886 26.77504000000002 0
      vertex 2.5 26.77504000000002 2.6999999999999993
      vertex 2.5 26.77504000000002 0
    endloop
  endfacet
  facet normal 0 -1 0
    outer loop
      vertex 0.09999999999999432 25.57504000000003 0
      vertex 1.6999999999999886 25.57504000000003 1.2705882352941105
      vertex 0.09999999999999432 25.57504000000003 2.6999999999999993
    endloop
  endfacet
  facet normal 0 -1 0
    outer loop
      vertex 3.5 25.57504000000003 0
      vertex 3.5 25.57504000000003 2.6999999999999993
      vertex 1.6999999999999886 25.57504000000003 1.2705882352941105
    endloop
  endfacet
  facet normal -1 0 0
    outer loop
      vertex 0.09999999999999432 25.57504000000003 0
      vertex 0.09999999999999432 25.57504000000003 2.6999999999999993
      vertex 0.09999999999999432 26.77504000000002 2.6999999999999993
    endloop
  endfacet
  facet normal 0 1 0
    outer loop
      vertex 1.6999999999999886 26.77504000000002 0
      vertex 1.6999999999999886 26.77504000000002 2.6999999999999993
      vertex 2.5 26.77504000000002 2.6999999999999993
    endloop
  endfacet
  facet normal 0 -1 0
    outer loop
      vertex 1.6999999999999886 25.57504000000003 1.2705882352941105
      vertex 1.6999999999999886 25.57504000000003 2.6999999999999993
      vertex 0.09999999999999432 25.57504000000003 2.6999999999999993
    endloop
  endfacet
  facet normal 0 -1 0
    outer loop
      vertex 1.6999999999999886 25.57504000000003 1.2705882352941105
      vertex 3.5 25.57504000000003 2.6999999999999993
      vertex 1.6999999999999886 25.57504000000003 2.6999999999999993
    endloop
  endfacet
  facet normal 0 0 1
    outer loop
      vertex 1.6999999999999886 25.57504000000003 2.6999999999999993
      vertex 3.5 25.57504000000003 2.6999999999999993
      vertex 2.5 26.10837333333336 2.6999999999999993
    endloop
  endfacet
  facet normal 0 0 1
    outer loop
      vertex 1.6999999999999886 25.57504000000003 2.6999999999999993
      vertex 2.5 26.10837333333336 2.6999999999999993
      vertex 1.6999999999999886 26.77504000000002 2.6999999999999993
    endloop
  endfacet
  facet normal 0 0 1
    outer loop
      vertex 1.6999999999999886 26.77504000000002 2.6999999999999993
      vertex 2.5 26.10837333333336 2.6999999999999993
      vertex 2.5 26.77504000000002 2.6999999999999993
    endloop
  endfacet
  facet normal -1 0 0
    outer loop
      vertex 2.5 26.77504000000002 0
      vertex 2.5 26.77504000000002 2.6999999999999993
      vertex 2.5 32.57504000000003 0
    endloop
  endfacet
  facet normal 0 0 -1
    outer loop
      vertex 2.5 26.77504000000002 0
      vertex 2.5 32.57504000000003 0
      vertex 39.900000000000006 32.57504000000003 0
    endloop
  endfacet
  facet normal -1 0 0
    outer loop
      vertex 2.5 26.77504000000002 2.6999999999999993
      vertex 2.5 32.57504000000003 2.6999999999999993
      vertex 2.5 32.57504000000003 0
    endloop
  endfacet
  facet normal 0 0 1
    outer loop
      vertex 2.5 26.77504000000002 2.6999999999999993
      vertex 39.900000000000006 31.28504000000001 2.6999999999999993
      vertex 2.5 32.57504000000003 2.6999999999999993
    endloop
  endfacet
  facet normal 0 0 1
    outer loop
      vertex 2.5 26.77504000000002 2.6999999999999993
      vertex 39.900000000000006 28.57504000000003 2.6999999999999993
      vertex 39.900000000000006 31.28504000000001 2.6999999999999993
    endloop
  endfacet
  facet normal 0 0 -1
    outer loop
      vertex 3.427835051546367 25.623149965635776 0
      vertex 2.5 26.77504000000002 0
      vertex 137.5 32.57504000000003 0
    endloop
  endfacet
  facet normal 0 0 -1
    outer loop
      vertex 3.427835051546367 25.623149965635776 0
      vertex 137.5 32.57504000000003 0
      vertex 3.5 25.57504000000003 0
    endloop
  endfacet
  facet normal 0 -1 0
    outer loop
      vertex 3.5 25.57504000000003 0
      vertex 136.5 25.57504000000003 2.6999999999999993
      vertex 3.5 25.57504000000003 2.6999999999999993
    endloop
  endfacet
  facet normal 0 0 -1
    outer loop
      vertex 2.5 26.77504000000002 0
      vertex 39.900000000000006 32.57504000000003 0
      vertex 131.8 32.57504000000003 0
    endloop
  endfacet
  facet normal 0 0 1
    outer loop
      vertex 2.5 26.10837333333336 2.6999999999999993
      vertex 3.5 25.57504000000003 2.6999999999999993
      vertex 136.5 25.626891851851894 2.6999999999999993
    endloop
  endfacet
  facet normal 0 0 1
    outer loop
      vertex 2.5 26.10837333333336 2.6999999999999993
      vertex 136.5 25.626891851851894 2.6999999999999993
      vertex 2.5 26.77504000000002 2.6999999999999993
    endloop
  endfacet
  facet normal 0 0 1
    outer loop
      vertex 2.5 26.77504000000002 2.6999999999999993
      vertex 136.5 25.626891851851894 2.6999999999999993
      vertex 39.900000000000006 28.57504000000003 2.6999999999999993
    endloop
  endfacet
  facet normal 0 1 0
    outer loop
      vertex 2.5 32.57504000000003 0
      vertex 2.5 32.57504000000003 2.6999999999999993
      vertex 39.900000000000006 32.57504000000003 0
    endloop
  endfacet
  facet normal 0 1 0
    outer loop
      vertex 2.5 32.57504000000003 2.6999999999999993
      vertex 39.900000000000006 32.57504000000003 2.6999999999999993
      vertex 39.900000000000006 32.57504000000003 0
    endloop
  endfacet
  facet normal 0 0 1
    outer loop
      vertex 2.5 32.57504000000003 2.6999999999999993
      vertex 39.900000000000006 31.28504000000001 2.6999999999999993
      vertex 39.900000000000006 32.57504000000003 2.6999999999999993
    endloop
  endfacet
  facet normal 0 0 -1
    outer loop
      vertex 3.5 25.57504000000003 0
      vertex 137.5 25.92798117647061 0
      vertex 136.5 25.57504000000003 0
    endloop
  endfacet
  facet normal 0 0 -1
    outer loop
      vertex 3.5 25.57504000000003 0
      vertex 137.5 26.77504000000002 0
      vertex 137.5 25.92798117647061 0
    endloop
  endfacet
  facet normal 0 -1 0
    outer loop
      vertex 3.5 25.57504000000003 0
      vertex 136.5 25.57504000000003 0
      vertex 136.5 25.57504000000003 2.6999999999999993
    endloop
  endfacet
  facet normal 0 0 -1
    outer loop
      vertex 2.5 26.77504000000002 0
      vertex 131.8 32.57504000000003 0
      vertex 137.5 32.57504000000003 0
    endloop
  endfacet
  facet normal 0 0 -1
    outer loop
      vertex 3.5 25.57504000000003 0
      vertex 137.5 32.57504000000003 0
      vertex 137.5 26.77504000000002 0
    endloop
  endfacet
  facet normal 0 0 1
    outer loop
      vertex 3.5 25.57504000000003 2.6999999999999993
      vertex 136.5 25.57504000000003 2.6999999999999993
      vertex 136.5 25.626891851851894 2.6999999999999993
    endloop
  endfacet
  facet normal 0 0 1
    outer loop
      vertex 39.900000000000006 28.57504000000003 2.6999999999999993
      vertex 137.5 26.77504000000002 2.6999999999999993
      vertex 98.20000000000002 28.57504000000003 2.6999999999999993
    endloop
  endfacet
  facet normal 0 0 1
    outer loop
      vertex 39.900000000000006 28.57504000000003 2.6999999999999993
      vertex 136.5 25.626891851851894 2.6999999999999993
      vertex 137.5 26.10837333333336 2.6999999999999993
    endloop
  endfacet
  facet normal 0 0 1
    outer loop
      vertex 39.900000000000006 28.57504000000003 2.6999999999999993
      vertex 137.5 26.10837333333336 2.6999999999999993
      vertex 137.5 26.77504000000002 2.6999999999999993
    endloop
  endfacet
  facet normal 1 0 0
    outer loop
      vertex 137.5 26.77504000000002 0
      vertex 137.5 32.57504000000003 0
      vertex 137.5 32.57504000000003 2.6999999999999993
    endloop
  endfacet
  facet normal 1 0 0
    outer loop
      vertex 137.5 26.77504000000002 0
      vertex 137.5 32.57504000000003 2.6999999999999993
      vertex 137.5 26.77504000000002 2.6999999999999993
    endloop
  endfacet
  facet normal -1.3216940769347102e-17 -1.6508892559481895e-16 1
    outer loop
      vertex 98.20000000000002 28.57504000000003 2.6999999999999993
      vertex 131.8 31.265040000000027 2.7
      vertex 98.20000000000002 31.265040000000027 2.6999999999999997
    endloop
  endfacet
  facet normal -9.619434499180089e-18 -2.1002431989876387e-16 1
    outer loop
      vertex 98.20000000000002 28.57504000000003 2.6999999999999993
      vertex 137.5 26.77504000000002 2.6999999999999993
      vertex 131.8 31.265040000000027 2.7
    endloop
  endfacet
  facet normal 1.5582077538598717e-16 0 1
    outer loop
      vertex 137.5 26.77504000000002 2.6999999999999993
      vertex 137.5 32.57504000000003 2.6999999999999993
      vertex 131.8 31.265040000000027 2.7
    endloop
  endfacet
  facet normal 0 1 0
    outer loop
      vertex 131.8 32.57504000000003 0
      vertex 131.8 32.57504000000003 2.6999999999999993
      vertex 137.5 32.57504000000003 0
    endloop
  endfacet
  facet normal 0 1 0
    outer loop
      vertex 137.5 32.57504000000003 0
      vertex 131.8 32.57504000000003 2.6999999999999993
      vertex 137.5 32.57504000000003 2.6999999999999993
    endloop
  endfacet
  facet normal 0 6.779987936642166e-16 1
    outer loop
      vertex 131.8 31.265040000000027 2.7
      vertex 137.5 32.57504000000003 2.6999999999999993
      vertex 131.8 32.57504000000003 2.6999999999999993
    endloop
  endfacet
  facet normal 0 0 -1
    outer loop
      vertex 0.09999999999999432 38.00004000239352 0.2999999999999998
      vertex -0.5 38.37504000029804 0.2999999999999998
      vertex -0.5 38.575040003278275 0.2999999999999998
    endloop
  endfacet
  facet normal 0 0 -1
    outer loop
      vertex 0.09999999999999432 38.00004000239352 0.2999999999999998
      vertex -0.5 38.575040003278275 0.2999999999999998
      vertex 0.09999999999999432 39.250039998388814 0.2999999999999998
    endloop
  endfacet
  facet normal -0.5299989378734938 -0.8479983053361418 0
    outer loop
      vertex 0.09999999999999432 38.00004000239352 0.2999999999999998
      vertex 0.09999999999999432 38.00004000239352 1.5
      vertex -0.5 38.37504000029804 0.2999999999999998
    endloop
  endfacet
  facet normal -1 0 0
    outer loop
      vertex -0.5 38.37504000029804 0.2999999999999998
      vertex -0.5 38.575040003278275 1.5
      vertex -0.5 38.575040003278275 0.2999999999999998
    endloop
  endfacet
  facet normal -0.7474093162940493 0.6643638415182314 0
    outer loop
      vertex -0.5 38.575040003278275 0.2999999999999998
      vertex -0.5 38.575040003278275 1.5
      vertex 0.09999999999999432 39.250039998388814 0.2999999999999998
    endloop
  endfacet
  facet normal -0.5299989378734938 -0.8479983053361418 0
    outer loop
      vertex -0.5 38.37504000029804 0.2999999999999998
      vertex 0.09999999999999432 38.00004000239352 1.5
      vertex -0.5 38.37504000029804 1.5
    endloop
  endfacet
  facet normal -1 0 0
    outer loop
      vertex -0.5 38.37504000029804 0.2999999999999998
      vertex -0.5 38.37504000029804 1.5
      vertex -0.5 38.575040003278275 1.5
    endloop
  endfacet
  facet normal -0.7474093162940493 0.6643638415182314 0
    outer loop
      vertex -0.5 38.575040003278275 1.5
      vertex 0.09999999999999432 39.250039998388814 1.5
      vertex 0.09999999999999432 39.250039998388814 0.2999999999999998
    endloop
  endfacet
  facet normal 0 0 1
    outer loop
      vertex 0.09999999999999432 38.00004000239352 1.5
      vertex 0.09999999999999432 39.250039998388814 1.5
      vertex -0.5 38.37504000029804 1.5
    endloop
  endfacet
  facet normal 0 0 1
    outer loop
      vertex -0.5 38.37504000029804 1.5
      vertex 0.09999999999999432 39.250039998388814 1.5
      vertex -0.5 38.575040003278275 1.5
    endloop
  endfacet
  facet normal 0 0 -1
    outer loop
      vertex 139.9 38.00004000239352 0.2999999999999998
      vertex 139.9 39.250039998388814 0.2999999999999998
      vertex 140.5 38.37504000029804 0.2999999999999998
    endloop
  endfacet
  facet normal 0 0 -1
    outer loop
      vertex 140.5 38.37504000029804 0.2999999999999998
      vertex 139.9 39.250039998388814 0.2999999999999998
      vertex 140.5 38.575040003278275 0.2999999999999998
    endloop
  endfacet
  facet normal 0.5299989378734938 -0.8479983053361418 0
    outer loop
      vertex 139.9 38.00004000239352 0.2999999999999998
      vertex 140.5 38.37504000029804 0.2999999999999998
      vertex 140.5 38.37504000029804 1.5
    endloop
  endfacet
  facet normal 1 0 0
    outer loop
      vertex 140.5 38.37504000029804 0.2999999999999998
      vertex 140.5 38.575040003278275 0.2999999999999998
      vertex 140.5 38.37504000029804 1.5
    endloop
  endfacet
  facet normal 0.7474093162940493 0.6643638415182314 0
    outer loop
      vertex 140.5 38.575040003278275 0.2999999999999998
      vertex 139.9 39.250039998388814 0.2999999999999998
      vertex 139.9 39.250039998388814 1.5
    endloop
  endfacet
  facet normal 0.5299989378734938 -0.8479983053361418 0
    outer loop
      vertex 139.9 38.00004000239352 0.2999999999999998
      vertex 140.5 38.37504000029804 1.5
      vertex 139.9 38.00004000239352 1.5
    endloop
  endfacet
  facet normal 1 0 0
    outer loop
      vertex 140.5 38.575040003278275 0.2999999999999998
      vertex 140.5 38.575040003278275 1.5
      vertex 140.5 38.37504000029804 1.5
    endloop
  endfacet
  facet normal 0.7474093162940493 0.6643638415182314 0
    outer loop
      vertex 140.5 38.575040003278275 0.2999999999999998
      vertex 139.9 39.250039998388814 1.5
      vertex 140.5 38.575040003278275 1.5
    endloop
  endfacet
  facet normal 0 0 1
    outer loop
      vertex 139.9 38.00004000239352 1.5
      vertex 140.5 38.37504000029804 1.5
      vertex 140.5 38.575040003278275 1.5
    endloop
  endfacet
  facet normal 0 0 1
    outer loop
      vertex 139.9 38.00004000239352 1.5
      vertex 140.5 38.575040003278275 1.5
      vertex 139.9 39.250039998388814 1.5
    endloop
  endfacet
  facet normal 0 0 -1
    outer loop
      vertex 9.900000000000006 0 5
      vertex 13.050000000000011 14.272796813566458 5
      vertex 13.249438164979352 14.174444794730817 5
    endloop
  endfacet
  facet normal 0 0 -1
    outer loop
      vertex 9.900000000000006 0 5
      vertex 12.697918471982874 14.5429584719829 5
      vertex 12.865105570685188 14.396339321504911 5
    endloop
  endfacet
  facet normal 0 0 -1
    outer loop
      vertex 9.900000000000006 0 5
      vertex 12.5512993215049 14.7101455706852 5
      vertex 12.697918471982874 14.5429584719829 5
    endloop
  endfacet
  facet normal 0 0 -1
    outer loop
      vertex 9.900000000000006 0 5
      vertex 12.865105570685188 14.396339321504911 5
      vertex 13.050000000000011 14.272796813566458 5
    endloop
  endfacet
  facet normal 0 0 -1
    outer loop
      vertex 9.900000000000006 0 5
      vertex 13.460007623325723 14.102966095308602 5
      vertex 13.678105473225912 14.059583735664546 5
    endloop
  endfacet
  facet normal 0 0 -1
    outer loop
      vertex 9.900000000000006 0 5
      vertex 13.249438164979352 14.174444794730817 5
      vertex 13.460007623325723 14.102966095308602 5
    endloop
  endfacet
  facet normal 0 0 -1
    outer loop
      vertex 9.900000000000006 0 5
      vertex 13.678105473225912 14.059583735664546 5
      vertex 13.900000000000006 14.045040000000029 5
    endloop
  endfacet
  facet normal 0 0 -1
    outer loop
      vertex 9.900000000000006 0 5
      vertex 13.900000000000006 14.045040000000029 5
      vertex 14.1218945267741 14.059583735664546 5
    endloop
  endfacet
  facet normal 0 0 -1
    outer loop
      vertex 9.900000000000006 0 5
      vertex 12.32940479473082 15.094478164979364 5
      vertex 12.427756813566461 14.895040000000023 5
    endloop
  endfacet
  facet normal 0 0 -1
    outer loop
      vertex 9.900000000000006 0 5
      vertex 12.25792609530859 15.30504762332572 5
      vertex 12.32940479473082 15.094478164979364 5
    endloop
  endfacet
  facet normal 0 0 -1
    outer loop
      vertex 9.900000000000006 0 5
      vertex 12.214543735664535 15.523145473225924 5
      vertex 12.25792609530859 15.30504762332572 5
    endloop
  endfacet
  facet normal 0 0 -1
    outer loop
      vertex 9.900000000000006 0 5
      vertex 12.200000000000003 15.745040000000017 5
      vertex 12.214543735664535 15.523145473225924 5
    endloop
  endfacet
  facet normal 0 0 -1
    outer loop
      vertex 9.900000000000006 0 5
      vertex 12.427756813566461 14.895040000000023 5
      vertex 12.5512993215049 14.7101455706852 5
    endloop
  endfacet
  facet normal 0 0 -1
    outer loop
      vertex 9.900000000000006 0 5
      vertex 12.200000000000003 17.745040000000017 5
      vertex 12.200000000000003 15.745040000000017 5
    endloop
  endfacet
  facet normal 0 0 -1
    outer loop
      vertex 9.900000000000006 0 5
      vertex 14.1218945267741 14.059583735664546 5
      vertex 14.339992376674289 14.102966095308602 5
    endloop
  endfacet
  facet normal 0 0 -1
    outer loop
      vertex 9.900000000000006 0 5
      vertex 14.339992376674289 14.102966095308602 5
      vertex 14.550561835020659 14.174444794730817 5
    endloop
  endfacet
  facet normal 0 0 -1
    outer loop
      vertex 9.900000000000006 0 5
      vertex 9.900000000000006 26.28504000000001 5
      vertex 12.200000000000003 17.745040000000017 5
    endloop
  endfacet
  facet normal 0 0 -1
    outer loop
      vertex 9.900000000000006 0 5
      vertex 14.550561835020659 14.174444794730817 5
      vertex 39.900000000000006 26.27504000000002 5
    endloop
  endfacet
  facet normal -1 0 0
    outer loop
      vertex 9.900000000000006 0 5
      vertex 9.900000000000006 0 7.699999999999999
      vertex 9.900000000000006 26.28504000000001 7.699999999999999
    endloop
  endfacet
  facet normal 0 0 1
    outer loop
      vertex 9.900000000000006 0 7.699999999999999
      vertex 13.249438164979352 14.174444794730817 7.699999999999999
      vertex 13.050000000000011 14.272796813566458 7.699999999999999
    endloop
  endfacet
  facet normal 0 0 1
    outer loop
      vertex 9.900000000000006 0 7.699999999999999
      vertex 12.865105570685188 14.396339321504911 7.699999999999999
      vertex 12.697918471982874 14.5429584719829 7.699999999999999
    endloop
  endfacet
  facet normal 0 0 1
    outer loop
      vertex 9.900000000000006 0 7.699999999999999
      vertex 12.697918471982874 14.5429584719829 7.699999999999999
      vertex 12.5512993215049 14.7101455706852 7.699999999999999
    endloop
  endfacet
  facet normal 0 0 1
    outer loop
      vertex 9.900000000000006 0 7.699999999999999
      vertex 13.050000000000011 14.272796813566458 7.699999999999999
      vertex 12.865105570685188 14.396339321504911 7.699999999999999
    endloop
  endfacet
  facet normal 0 0 1
    outer loop
      vertex 9.900000000000006 0 7.699999999999999
      vertex 13.678105473225912 14.059583735664546 7.699999999999999
      vertex 13.460007623325723 14.102966095308602 7.699999999999999
    endloop
  endfacet
  facet normal 0 0 1
    outer loop
      vertex 9.900000000000006 0 7.699999999999999
      vertex 13.460007623325723 14.102966095308602 7.699999999999999
      vertex 13.249438164979352 14.174444794730817 7.699999999999999
    endloop
  endfacet
  facet normal 0 0 1
    outer loop
      vertex 9.900000000000006 0 7.699999999999999
      vertex 13.900000000000006 14.045040000000029 7.699999999999999
      vertex 13.678105473225912 14.059583735664546 7.699999999999999
    endloop
  endfacet
  facet normal 0 0 1
    outer loop
      vertex 9.900000000000006 0 7.699999999999999
      vertex 14.1218945267741 14.059583735664546 7.699999999999999
      vertex 13.900000000000006 14.045040000000029 7.699999999999999
    endloop
  endfacet
  facet normal 0 0 1
    outer loop
      vertex 9.900000000000006 0 7.699999999999999
      vertex 12.427756813566461 14.895040000000023 7.699999999999999
      vertex 12.32940479473082 15.094478164979364 7.699999999999999
    endloop
  endfacet
  facet normal 0 0 1
    outer loop
      vertex 9.900000000000006 0 7.699999999999999
      vertex 12.32940479473082 15.094478164979364 7.699999999999999
      vertex 12.25792609530859 15.30504762332572 7.699999999999999
    endloop
  endfacet
  facet normal 0 0 1
    outer loop
      vertex 9.900000000000006 0 7.699999999999999
      vertex 12.5512993215049 14.7101455706852 7.699999999999999
      vertex 12.427756813566461 14.895040000000023 7.699999999999999
    endloop
  endfacet
  facet normal 0 0 1
    outer loop
      vertex 9.900000000000006 0 7.699999999999999
      vertex 14.339992376674289 14.102966095308602 7.699999999999999
      vertex 14.1218945267741 14.059583735664546 7.699999999999999
    endloop
  endfacet
  facet normal 0 0 1
    outer loop
      vertex 9.900000000000006 0 7.699999999999999
      vertex 14.550561835020659 14.174444794730817 7.699999999999999
      vertex 14.339992376674289 14.102966095308602 7.699999999999999
    endloop
  endfacet
  facet normal 0 0 1
    outer loop
      vertex 9.900000000000006 0 7.699999999999999
      vertex 14.75 14.272796813566458 7.699999999999999
      vertex 14.550561835020659 14.174444794730817 7.699999999999999
    endloop
  endfacet
  facet normal 0 0 1
    outer loop
      vertex 9.900000000000006 0 7.699999999999999
      vertex 14.934894429314824 14.396339321504911 7.699999999999999
      vertex 14.75 14.272796813566458 7.699999999999999
    endloop
  endfacet
  facet normal 0 0 1
    outer loop
      vertex 9.900000000000006 0 7.699999999999999
      vertex 15.102081528017138 14.5429584719829 7.699999999999999
      vertex 14.934894429314824 14.396339321504911 7.699999999999999
    endloop
  endfacet
  facet normal 0 0 1
    outer loop
      vertex 9.900000000000006 0 7.699999999999999
      vertex 15.248700678495112 14.7101455706852 7.699999999999999
      vertex 15.102081528017138 14.5429584719829 7.699999999999999
    endloop
  endfacet
  facet normal 0 0 1
    outer loop
      vertex 9.900000000000006 0 7.699999999999999
      vertex 15.37224318643355 14.895040000000023 7.699999999999999
      vertex 15.248700678495112 14.7101455706852 7.699999999999999
    endloop
  endfacet
  facet normal 0 0 1
    outer loop
      vertex 9.900000000000006 0 7.699999999999999
      vertex 12.25792609530859 15.30504762332572 7.699999999999999
      vertex 9.900000000000006 26.28504000000001 7.699999999999999
    endloop
  endfacet
  facet normal 0 0 -1
    outer loop
      vertex 9.900000000000006 26.28504000000001 5
      vertex 12.214543735664535 17.96693452677411 5
      vertex 12.200000000000003 17.745040000000017 5
    endloop
  endfacet
  facet normal 0 0 -1
    outer loop
      vertex 9.900000000000006 26.28504000000001 5
      vertex 12.25792609530859 18.185032376674314 5
      vertex 12.214543735664535 17.96693452677411 5
    endloop
  endfacet
  facet normal 0 0 -1
    outer loop
      vertex 9.900000000000006 26.28504000000001 5
      vertex 12.32940479473082 18.39560183502067 5
      vertex 12.25792609530859 18.185032376674314 5
    endloop
  endfacet
  facet normal 0 0 -1
    outer loop
      vertex 9.900000000000006 26.28504000000001 5
      vertex 12.427756813566461 18.59504000000001 5
      vertex 12.32940479473082 18.39560183502067 5
    endloop
  endfacet
  facet normal 0 0 -1
    outer loop
      vertex 9.900000000000006 26.28504000000001 5
      vertex 12.5512993215049 18.779934429314835 5
      vertex 12.427756813566461 18.59504000000001 5
    endloop
  endfacet
  facet normal 0 0 -1
    outer loop
      vertex 9.900000000000006 26.28504000000001 5
      vertex 12.697918471982874 18.947121528017135 5
      vertex 12.5512993215049 18.779934429314835 5
    endloop
  endfacet
  facet normal 0 0 -1
    outer loop
      vertex 9.900000000000006 26.28504000000001 5
      vertex 12.865105570685188 19.093740678495124 5
      vertex 12.697918471982874 18.947121528017135 5
    endloop
  endfacet
  facet normal 0 0 -1
    outer loop
      vertex 9.900000000000006 26.28504000000001 5
      vertex 13.050000000000011 19.217283186433576 5
      vertex 12.865105570685188 19.093740678495124 5
    endloop
  endfacet
  facet normal 0 0 -1
    outer loop
      vertex 9.900000000000006 26.28504000000001 5
      vertex 13.249438164979352 19.315635205269217 5
      vertex 13.050000000000011 19.217283186433576 5
    endloop
  endfacet
  facet normal 0 0 -1
    outer loop
      vertex 9.900000000000006 26.28504000000001 5
      vertex 13.460007623325723 19.387113904691432 5
      vertex 13.249438164979352 19.315635205269217 5
    endloop
  endfacet
  facet normal 0 0 -1
    outer loop
      vertex 39.900000000000006 26.27504000000002 5
      vertex 14.550561835020659 14.174444794730817 5
      vertex 14.75 14.272796813566458 5
    endloop
  endfacet
  facet normal 0 0 -1
    outer loop
      vertex 39.900000000000006 26.27504000000002 5
      vertex 14.75 14.272796813566458 5
      vertex 14.934894429314824 14.396339321504911 5
    endloop
  endfacet
  facet normal 0 0 -1
    outer loop
      vertex 39.900000000000006 26.27504000000002 5
      vertex 14.934894429314824 14.396339321504911 5
      vertex 15.102081528017138 14.5429584719829 5
    endloop
  endfacet
  facet normal 0 0 -1
    outer loop
      vertex 39.900000000000006 26.27504000000002 5
      vertex 15.102081528017138 14.5429584719829 5
      vertex 15.248700678495112 14.7101455706852 5
    endloop
  endfacet
  facet normal 0 0 -1
    outer loop
      vertex 39.900000000000006 26.27504000000002 5
      vertex 15.248700678495112 14.7101455706852 5
      vertex 15.37224318643355 14.895040000000023 5
    endloop
  endfacet
  facet normal 0 0 -1
    outer loop
      vertex 39.900000000000006 26.27504000000002 5
      vertex 15.37224318643355 14.895040000000023 5
      vertex 15.470595205269191 15.094478164979364 5
    endloop
  endfacet
  facet normal 0 0 -1
    outer loop
      vertex 39.900000000000006 26.27504000000002 5
      vertex 15.470595205269191 15.094478164979364 5
      vertex 15.54207390469142 15.30504762332572 5
    endloop
  endfacet
  facet normal 0 0 -1
    outer loop
      vertex 39.900000000000006 26.27504000000002 5
      vertex 15.54207390469142 15.30504762332572 5
      vertex 15.585456264335477 15.523145473225924 5
    endloop
  endfacet
  facet normal 0 0 -1
    outer loop
      vertex 39.900000000000006 26.27504000000002 5
      vertex 15.585456264335477 15.523145473225924 5
      vertex 15.600000000000009 15.745040000000017 5
    endloop
  endfacet
  facet normal 0 0 -1
    outer loop
      vertex 39.900000000000006 26.27504000000002 5
      vertex 15.600000000000009 15.745040000000017 5
      vertex 15.600000000000009 17.745040000000017 5
    endloop
  endfacet
  facet normal 0 0 -1
    outer loop
      vertex 39.900000000000006 26.27504000000002 5
      vertex 15.600000000000009 17.745040000000017 5
      vertex 15.585456264335477 17.96693452677411 5
    endloop
  endfacet
  facet normal 0 0 -1
    outer loop
      vertex 39.900000000000006 26.27504000000002 5
      vertex 15.585456264335477 17.96693452677411 5
      vertex 15.54207390469142 18.185032376674314 5
    endloop
  endfacet
  facet normal 0 0 -1
    outer loop
      vertex 39.900000000000006 26.27504000000002 5
      vertex 15.54207390469142 18.185032376674314 5
      vertex 15.470595205269191 18.39560183502067 5
    endloop
  endfacet
  facet normal 0 0 -1
    outer loop
      vertex 39.900000000000006 26.27504000000002 5
      vertex 15.470595205269191 18.39560183502067 5
      vertex 15.37224318643355 18.59504000000001 5
    endloop
  endfacet
  facet normal 0 0 -1
    outer loop
      vertex 39.900000000000006 26.27504000000002 5
      vertex 15.37224318643355 18.59504000000001 5
      vertex 15.248700678495112 18.779934429314835 5
    endloop
  endfacet
  facet normal 0 0 -1
    outer loop
      vertex 39.900000000000006 26.27504000000002 5
      vertex 15.248700678495112 18.779934429314835 5
      vertex 15.102081528017138 18.947121528017135 5
    endloop
  endfacet
  facet normal 0 0 -1
    outer loop
      vertex 39.900000000000006 26.27504000000002 5
      vertex 15.102081528017138 18.947121528017135 5
      vertex 14.934894429314824 19.093740678495124 5
    endloop
  endfacet
  facet normal 0 0 -1
    outer loop
      vertex 39.900000000000006 26.27504000000002 5
      vertex 13.678105473225912 19.43049626433549 5
      vertex 13.460007623325723 19.387113904691432 5
    endloop
  endfacet
  facet normal 0 0 -1
    outer loop
      vertex 39.900000000000006 26.27504000000002 5
      vertex 13.900000000000006 19.445040000000006 5
      vertex 13.678105473225912 19.43049626433549 5
    endloop
  endfacet
  facet normal 0 0 -1
    outer loop
      vertex 39.900000000000006 26.27504000000002 5
      vertex 14.1218945267741 19.43049626433549 5
      vertex 13.900000000000006 19.445040000000006 5
    endloop
  endfacet
  facet normal 0 0 -1
    outer loop
      vertex 39.900000000000006 26.27504000000002 5
      vertex 14.339992376674289 19.387113904691432 5
      vertex 14.1218945267741 19.43049626433549 5
    endloop
  endfacet
  facet normal 0 0 -1
    outer loop
      vertex 39.900000000000006 26.27504000000002 5
      vertex 14.75 19.217283186433576 5
      vertex 14.550561835020659 19.315635205269217 5
    endloop
  endfacet
  facet normal 0 0 -1
    outer loop
      vertex 39.900000000000006 26.27504000000002 5
      vertex 14.550561835020659 19.315635205269217 5
      vertex 14.339992376674289 19.387113904691432 5
    endloop
  endfacet
  facet normal 0 0 -1
    outer loop
      vertex 39.900000000000006 26.27504000000002 5
      vertex 14.934894429314824 19.093740678495124 5
      vertex 14.75 19.217283186433576 5
    endloop
  endfacet
  facet normal 0 0 -1
    outer loop
      vertex 9.900000000000006 26.28504000000001 5
      vertex 39.900000000000006 26.27504000000002 5
      vertex 13.460007623325723 19.387113904691432 5
    endloop
  endfacet
  facet normal 0 0 -1
    outer loop
      vertex 9.900000000000006 26.28504000000001 5
      vertex 39.900000000000006 26.28504000000001 5
      vertex 39.900000000000006 26.27504000000002 5
    endloop
  endfacet
  facet normal -1 0 0
    outer loop
      vertex 9.900000000000006 0 5
      vertex 9.900000000000006 26.28504000000001 7.699999999999999
      vertex 9.900000000000006 26.28504000000001 5
    endloop
  endfacet
  facet normal 0 0 1
    outer loop
      vertex 9.900000000000006 26.28504000000001 7.699999999999999
      vertex 12.25792609530859 15.30504762332572 7.699999999999999
      vertex 12.214543735664535 15.523145473225924 7.699999999999999
    endloop
  endfacet
  facet normal 0 0 1
    outer loop
      vertex 9.900000000000006 26.28504000000001 7.699999999999999
      vertex 12.214543735664535 15.523145473225924 7.699999999999999
      vertex 12.200000000000003 15.745040000000017 7.699999999999999
    endloop
  endfacet
  facet normal 0 0 1
    outer loop
      vertex 9.900000000000006 26.28504000000001 7.699999999999999
      vertex 12.200000000000003 15.745040000000017 7.699999999999999
      vertex 12.200000000000003 17.745040000000017 7.699999999999999
    endloop
  endfacet
  facet normal 0 0 1
    outer loop
      vertex 9.900000000000006 26.28504000000001 7.699999999999999
      vertex 12.200000000000003 17.745040000000017 7.699999999999999
      vertex 12.214543735664535 17.96693452677411 7.699999999999999
    endloop
  endfacet
  facet normal 0 0 1
    outer loop
      vertex 9.900000000000006 26.28504000000001 7.699999999999999
      vertex 12.214543735664535 17.96693452677411 7.699999999999999
      vertex 12.25792609530859 18.185032376674314 7.699999999999999
    endloop
  endfacet
  facet normal 0 0 1
    outer loop
      vertex 9.900000000000006 26.28504000000001 7.699999999999999
      vertex 12.25792609530859 18.185032376674314 7.699999999999999
      vertex 12.32940479473082 18.39560183502067 7.699999999999999
    endloop
  endfacet
  facet normal 0 0 1
    outer loop
      vertex 9.900000000000006 26.28504000000001 7.699999999999999
      vertex 12.32940479473082 18.39560183502067 7.699999999999999
      vertex 12.427756813566461 18.59504000000001 7.699999999999999
    endloop
  endfacet
  facet normal 0 0 1
    outer loop
      vertex 9.900000000000006 26.28504000000001 7.699999999999999
      vertex 12.427756813566461 18.59504000000001 7.699999999999999
      vertex 12.5512993215049 18.779934429314835 7.699999999999999
    endloop
  endfacet
  facet normal 0 0 1
    outer loop
      vertex 9.900000000000006 26.28504000000001 7.699999999999999
      vertex 12.5512993215049 18.779934429314835 7.699999999999999
      vertex 12.697918471982874 18.947121528017135 7.699999999999999
    endloop
  endfacet
  facet normal 0 0 1
    outer loop
      vertex 9.900000000000006 26.28504000000001 7.699999999999999
      vertex 12.697918471982874 18.947121528017135 7.699999999999999
      vertex 12.865105570685188 19.093740678495124 7.699999999999999
    endloop
  endfacet
  facet normal 0 0 1
    outer loop
      vertex 9.900000000000006 26.28504000000001 7.699999999999999
      vertex 12.865105570685188 19.093740678495124 7.699999999999999
      vertex 13.050000000000011 19.217283186433576 7.699999999999999
    endloop
  endfacet
  facet normal 0 0 1
    outer loop
      vertex 9.900000000000006 26.28504000000001 7.699999999999999
      vertex 13.050000000000011 19.217283186433576 7.699999999999999
      vertex 13.249438164979352 19.315635205269217 7.699999999999999
    endloop
  endfacet
  facet normal 0 0 1
    outer loop
      vertex 9.900000000000006 26.28504000000001 7.699999999999999
      vertex 13.249438164979352 19.315635205269217 7.699999999999999
      vertex 13.460007623325723 19.387113904691432 7.699999999999999
    endloop
  endfacet
  facet normal 0 0 1
    outer loop
      vertex 9.900000000000006 26.28504000000001 7.699999999999999
      vertex 13.460007623325723 19.387113904691432 7.699999999999999
      vertex 13.678105473225912 19.43049626433549 7.699999999999999
    endloop
  endfacet
  facet normal 0 0 1
    outer loop
      vertex 9.900000000000006 26.28504000000001 7.699999999999999
      vertex 13.678105473225912 19.43049626433549 7.699999999999999
      vertex 13.900000000000006 19.445040000000006 7.699999999999999
    endloop
  endfacet
  facet normal 0 0 1
    outer loop
      vertex 9.900000000000006 26.28504000000001 7.699999999999999
      vertex 13.900000000000006 19.445040000000006 7.699999999999999
      vertex 14.1218945267741 19.43049626433549 7.699999999999999
    endloop
  endfacet
  facet normal 0 0 1
    outer loop
      vertex 9.900000000000006 26.28504000000001 7.699999999999999
      vertex 15.102081528017138 18.947121528017135 7.699999999999999
      vertex 15.248700678495112 18.779934429314835 7.699999999999999
    endloop
  endfacet
  facet normal 0 0 1
    outer loop
      vertex 9.900000000000006 26.28504000000001 7.699999999999999
      vertex 14.934894429314824 19.093740678495124 7.699999999999999
      vertex 15.102081528017138 18.947121528017135 7.699999999999999
    endloop
  endfacet
  facet normal 0 0 1
    outer loop
      vertex 9.900000000000006 26.28504000000001 7.699999999999999
      vertex 14.1218945267741 19.43049626433549 7.699999999999999
      vertex 14.339992376674289 19.387113904691432 7.699999999999999
    endloop
  endfacet
  facet normal 0 0 1
    outer loop
      vertex 9.900000000000006 26.28504000000001 7.699999999999999
      vertex 14.339992376674289 19.387113904691432 7.699999999999999
      vertex 14.550561835020659 19.315635205269217 7.699999999999999
    endloop
  endfacet
  facet normal 0 0 1
    outer loop
      vertex 9.900000000000006 26.28504000000001 7.699999999999999
      vertex 14.550561835020659 19.315635205269217 7.699999999999999
      vertex 14.75 19.217283186433576 7.699999999999999
    endloop
  endfacet
  facet normal 0 0 1
    outer loop
      vertex 9.900000000000006 26.28504000000001 7.699999999999999
      vertex 14.75 19.217283186433576 7.699999999999999
      vertex 14.934894429314824 19.093740678495124 7.699999999999999
    endloop
  endfacet
  facet normal 0 1 0
    outer loop
      vertex 9.900000000000006 26.28504000000001 5
      vertex 9.900000000000006 26.28504000000001 7.699999999999999
      vertex 39.900000000000006 26.28504000000001 5
    endloop
  endfacet
  facet normal 0 1 0
    outer loop
      vertex 9.900000000000006 26.28504000000001 7.699999999999999
      vertex 39.900000000000006 26.28504000000001 7.699999999999999
      vertex 39.900000000000006 26.28504000000001 5
    endloop
  endfacet
  facet normal 0 0 -1
    outer loop
      vertex 9.900000000000006 0 5
      vertex 92.8263893215049 3.965105570685182 5
      vertex 92.9730084719829 3.7979184719828822 5
    endloop
  endfacet
  facet normal 0 0 -1
    outer loop
      vertex 9.900000000000006 0 5
      vertex 92.9730084719829 3.7979184719828822 5
      vertex 93.1401955706852 3.6512993215048937 5
    endloop
  endfacet
  facet normal 0 0 -1
    outer loop
      vertex 9.900000000000006 0 5
      vertex 92.70284681356645 4.150000000000006 5
      vertex 92.8263893215049 3.965105570685182 5
    endloop
  endfacet
  facet normal 0 0 -1
    outer loop
      vertex 9.900000000000006 0 5
      vertex 92.60449479473081 4.349438164979347 5
      vertex 92.70284681356645 4.150000000000006 5
    endloop
  endfacet
  facet normal 0 0 -1
    outer loop
      vertex 9.900000000000006 0 5
      vertex 92.5330160953086 4.560007623325703 5
      vertex 92.60449479473081 4.349438164979347 5
    endloop
  endfacet
  facet normal 0 0 -1
    outer loop
      vertex 9.900000000000006 0 5
      vertex 92.48963373566454 4.7781054732259065 5
      vertex 92.5330160953086 4.560007623325703 5
    endloop
  endfacet
  facet normal 0 0 -1
    outer loop
      vertex 9.900000000000006 0 5
      vertex 92.47509000000002 5 5
      vertex 92.48963373566454 4.7781054732259065 5
    endloop
  endfacet
  facet normal 0 0 -1
    outer loop
      vertex 9.900000000000006 0 5
      vertex 93.1401955706852 3.6512993215048937 5
      vertex 98.20000000000002 0 5
    endloop
  endfacet
  facet normal 0 0 -1
    outer loop
      vertex 9.900000000000006 0 5
      vertex 92.47509000000002 7 5
      vertex 92.47509000000002 5 5
    endloop
  endfacet
  facet normal 0 0 -1
    outer loop
      vertex 9.900000000000006 0 5
      vertex 92.48963373566454 7.2218945267740935 5
      vertex 92.47509000000002 7 5
    endloop
  endfacet
  facet normal 0 0 -1
    outer loop
      vertex 9.900000000000006 0 5
      vertex 92.5330160953086 7.439992376674297 5
      vertex 92.48963373566454 7.2218945267740935 5
    endloop
  endfacet
  facet normal 0 0 -1
    outer loop
      vertex 9.900000000000006 0 5
      vertex 98.20000000000002 26.27504000000002 5
      vertex 92.5330160953086 7.439992376674297 5
    endloop
  endfacet
  facet normal 0 -1 0
    outer loop
      vertex 9.900000000000006 0 5
      vertex 98.20000000000002 0 7.699999999999999
      vertex 9.900000000000006 0 7.699999999999999
    endloop
  endfacet
  facet normal 0 0 1
    outer loop
      vertex 9.900000000000006 0 7.699999999999999
      vertex 98.20000000000002 0 7.699999999999999
      vertex 15.37224318643355 14.895040000000023 7.699999999999999
    endloop
  endfacet
  facet normal 0 0 1
    outer loop
      vertex 98.20000000000002 0 7.699999999999999
      vertex 15.470595205269191 15.094478164979364 7.699999999999999
      vertex 15.37224318643355 14.895040000000023 7.699999999999999
    endloop
  endfacet
  facet normal 0 0 1
    outer loop
      vertex 98.20000000000002 0 7.699999999999999
      vertex 15.54207390469142 15.30504762332572 7.699999999999999
      vertex 15.470595205269191 15.094478164979364 7.699999999999999
    endloop
  endfacet
  facet normal 0 0 1
    outer loop
      vertex 98.20000000000002 0 7.699999999999999
      vertex 15.585456264335477 15.523145473225924 7.699999999999999
      vertex 15.54207390469142 15.30504762332572 7.699999999999999
    endloop
  endfacet
  facet normal 0 0 1
    outer loop
      vertex 98.20000000000002 0 7.699999999999999
      vertex 15.600000000000009 15.745040000000017 7.699999999999999
      vertex 15.585456264335477 15.523145473225924 7.699999999999999
    endloop
  endfacet
  facet normal 0 0 1
    outer loop
      vertex 98.20000000000002 0 7.699999999999999
      vertex 15.600000000000009 17.745040000000017 7.699999999999999
      vertex 15.600000000000009 15.745040000000017 7.699999999999999
    endloop
  endfacet
  facet normal 0 0 1
    outer loop
      vertex 98.20000000000002 0 7.699999999999999
      vertex 15.585456264335477 17.96693452677411 7.699999999999999
      vertex 15.600000000000009 17.745040000000017 7.699999999999999
    endloop
  endfacet
  facet normal 0 0 1
    outer loop
      vertex 98.20000000000002 0 7.699999999999999
      vertex 15.54207390469142 18.185032376674314 7.699999999999999
      vertex 15.585456264335477 17.96693452677411 7.699999999999999
    endloop
  endfacet
  facet normal 0 0 1
    outer loop
      vertex 98.20000000000002 0 7.699999999999999
      vertex 15.470595205269191 18.39560183502067 7.699999999999999
      vertex 15.54207390469142 18.185032376674314 7.699999999999999
    endloop
  endfacet
  facet normal 0 0 1
    outer loop
      vertex 98.20000000000002 0 7.699999999999999
      vertex 15.248700678495112 18.779934429314835 7.699999999999999
      vertex 15.37224318643355 18.59504000000001 7.699999999999999
    endloop
  endfacet
  facet normal 0 0 1
    outer loop
      vertex 98.20000000000002 0 7.699999999999999
      vertex 15.37224318643355 18.59504000000001 7.699999999999999
      vertex 15.470595205269191 18.39560183502067 7.699999999999999
    endloop
  endfacet
  facet normal 0 0 1
    outer loop
      vertex 9.900000000000006 26.28504000000001 7.699999999999999
      vertex 15.248700678495112 18.779934429314835 7.699999999999999
      vertex 98.20000000000002 0 7.699999999999999
    endloop
  endfacet
  facet normal 0 -1 0
    outer loop
      vertex 9.900000000000006 0 5
      vertex 98.20000000000002 0 5
      vertex 98.20000000000002 0 7.699999999999999
    endloop
  endfacet
  facet normal 0 0 -1
    outer loop
      vertex 9.900000000000006 0 5
      vertex 39.900000000000006 26.27504000000002 5
      vertex 98.20000000000002 26.27504000000002 5
    endloop
  endfacet
  facet normal 0 0 1
    outer loop
      vertex 9.900000000000006 26.28504000000001 7.699999999999999
      vertex 98.20000000000002 0 7.699999999999999
      vertex 39.900000000000006 26.28504000000001 7.699999999999999
    endloop
  endfacet
  facet normal 0 0 -1
    outer loop
      vertex 98.20000000000002 0 5
      vertex 93.32509000000002 3.527756813566441 5
      vertex 93.52452816497936 3.4294047947308 5
    endloop
  endfacet
  facet normal 0 0 -1
    outer loop
      vertex 98.20000000000002 0 5
      vertex 93.1401955706852 3.6512993215048937 5
      vertex 93.32509000000002 3.527756813566441 5
    endloop
  endfacet
  facet normal 0 0 -1
    outer loop
      vertex 98.20000000000002 0 5
      vertex 93.52452816497936 3.4294047947308 5
      vertex 93.73509762332571 3.357926095308585 5
    endloop
  endfacet
  facet normal 0 0 -1
    outer loop
      vertex 98.20000000000002 0 5
      vertex 93.73509762332571 3.357926095308585 5
      vertex 93.95319547322592 3.314543735664529 5
    endloop
  endfacet
  facet normal 0 0 -1
    outer loop
      vertex 98.20000000000002 0 5
      vertex 93.95319547322592 3.314543735664529 5
      vertex 94.17509000000001 3.3000000000000114 5
    endloop
  endfacet
  facet normal 0 0 -1
    outer loop
      vertex 98.20000000000002 0 5
      vertex 94.17509000000001 3.3000000000000114 5
      vertex 94.3969845267741 3.314543735664529 5
    endloop
  endfacet
  facet normal 0 0 -1
    outer loop
      vertex 98.20000000000002 0 5
      vertex 94.3969845267741 3.314543735664529 5
      vertex 94.61508237667431 3.357926095308585 5
    endloop
  endfacet
  facet normal 0 0 -1
    outer loop
      vertex 98.20000000000002 0 5
      vertex 94.61508237667431 3.357926095308585 5
      vertex 94.82565183502066 3.4294047947308 5
    endloop
  endfacet
  facet normal 0 0 -1
    outer loop
      vertex 98.20000000000002 0 5
      vertex 94.82565183502066 3.4294047947308 5
      vertex 95.02509 3.527756813566441 5
    endloop
  endfacet
  facet normal 0 0 -1
    outer loop
      vertex 98.20000000000002 0 5
      vertex 95.02509 3.527756813566441 5
      vertex 95.20998442931483 3.6512993215048937 5
    endloop
  endfacet
  facet normal 0 0 -1
    outer loop
      vertex 98.20000000000002 0 5
      vertex 95.20998442931483 3.6512993215048937 5
      vertex 95.37717152801713 3.7979184719828822 5
    endloop
  endfacet
  facet normal 0 0 -1
    outer loop
      vertex 98.20000000000002 0 5
      vertex 95.37717152801713 3.7979184719828822 5
      vertex 95.52379067849512 3.965105570685182 5
    endloop
  endfacet
  facet normal 0 0 -1
    outer loop
      vertex 98.20000000000002 0 5
      vertex 95.52379067849512 3.965105570685182 5
      vertex 95.64733318643357 4.150000000000006 5
    endloop
  endfacet
  facet normal 0 0 -1
    outer loop
      vertex 98.20000000000002 0 5
      vertex 95.64733318643357 4.150000000000006 5
      vertex 95.74568520526921 4.349438164979347 5
    endloop
  endfacet
  facet normal 0 0 -1
    outer loop
      vertex 98.20000000000002 0 5
      vertex 95.74568520526921 4.349438164979347 5
      vertex 95.81716390469143 4.560007623325703 5
    endloop
  endfacet
  facet normal 0 0 -1
    outer loop
      vertex 98.20000000000002 0 5
      vertex 95.81716390469143 4.560007623325703 5
      vertex 95.86054626433548 4.7781054732259065 5
    endloop
  endfacet
  facet normal 0 0 -1
    outer loop
      vertex 98.20000000000002 26.27504000000002 5
      vertex 92.60449479473081 7.650561835020653 5
      vertex 92.5330160953086 7.439992376674297 5
    endloop
  endfacet
  facet normal 0 0 -1
    outer loop
      vertex 98.20000000000002 26.27504000000002 5
      vertex 92.70284681356645 7.849999999999994 5
      vertex 92.60449479473081 7.650561835020653 5
    endloop
  endfacet
  facet normal 0 0 -1
    outer loop
      vertex 98.20000000000002 26.27504000000002 5
      vertex 92.8263893215049 8.034894429314818 5
      vertex 92.70284681356645 7.849999999999994 5
    endloop
  endfacet
  facet normal 0 0 -1
    outer loop
      vertex 98.20000000000002 26.27504000000002 5
      vertex 92.9730084719829 8.202081528017118 5
      vertex 92.8263893215049 8.034894429314818 5
    endloop
  endfacet
  facet normal 0 0 -1
    outer loop
      vertex 98.20000000000002 26.27504000000002 5
      vertex 93.1401955706852 8.348700678495106 5
      vertex 92.9730084719829 8.202081528017118 5
    endloop
  endfacet
  facet normal 0 0 -1
    outer loop
      vertex 98.20000000000002 26.27504000000002 5
      vertex 93.32509000000002 8.472243186433559 5
      vertex 93.1401955706852 8.348700678495106 5
    endloop
  endfacet
  facet normal 0 0 -1
    outer loop
      vertex 98.20000000000002 26.27504000000002 5
      vertex 93.52452816497936 8.5705952052692 5
      vertex 93.32509000000002 8.472243186433559 5
    endloop
  endfacet
  facet normal 0 0 -1
    outer loop
      vertex 98.20000000000002 26.27504000000002 5
      vertex 93.73509762332571 8.642073904691415 5
      vertex 93.52452816497936 8.5705952052692 5
    endloop
  endfacet
  facet normal 0 0 -1
    outer loop
      vertex 98.20000000000002 26.27504000000002 5
      vertex 93.95319547322592 8.685456264335471 5
      vertex 93.73509762332571 8.642073904691415 5
    endloop
  endfacet
  facet normal 0 0 -1
    outer loop
      vertex 98.20000000000002 26.27504000000002 5
      vertex 95.52379067849512 8.034894429314818 5
      vertex 95.37717152801713 8.202081528017118 5
    endloop
  endfacet
  facet normal 0 0 -1
    outer loop
      vertex 98.20000000000002 26.27504000000002 5
      vertex 94.17509000000001 8.699999999999989 5
      vertex 93.95319547322592 8.685456264335471 5
    endloop
  endfacet
  facet normal 0 0 -1
    outer loop
      vertex 98.20000000000002 26.27504000000002 5
      vertex 94.3969845267741 8.685456264335471 5
      vertex 94.17509000000001 8.699999999999989 5
    endloop
  endfacet
  facet normal 0 0 -1
    outer loop
      vertex 98.20000000000002 26.27504000000002 5
      vertex 94.61508237667431 8.642073904691415 5
      vertex 94.3969845267741 8.685456264335471 5
    endloop
  endfacet
  facet normal 0 0 -1
    outer loop
      vertex 98.20000000000002 26.27504000000002 5
      vertex 94.82565183502066 8.5705952052692 5
      vertex 94.61508237667431 8.642073904691415 5
    endloop
  endfacet
  facet normal 0 0 -1
    outer loop
      vertex 98.20000000000002 26.27504000000002 5
      vertex 95.20998442931483 8.348700678495106 5
      vertex 95.02509 8.472243186433559 5
    endloop
  endfacet
  facet normal 0 0 -1
    outer loop
      vertex 98.20000000000002 26.27504000000002 5
      vertex 95.37717152801713 8.202081528017118 5
      vertex 95.20998442931483 8.348700678495106 5
    endloop
  endfacet
  facet normal 0 0 -1
    outer loop
      vertex 98.20000000000002 26.27504000000002 5
      vertex 95.02509 8.472243186433559 5
      vertex 94.82565183502066 8.5705952052692 5
    endloop
  endfacet
  facet normal 0 0 -1
    outer loop
      vertex 98.20000000000002 0 5
      vertex 95.86054626433548 4.7781054732259065 5
      vertex 98.20000000000002 26.27504000000002 5
    endloop
  endfacet
  facet normal 0 0 -1
    outer loop
      vertex 98.20000000000002 26.27504000000002 5
      vertex 95.86054626433548 4.7781054732259065 5
      vertex 95.87509 5 5
    endloop
  endfacet
  facet normal 0 0 -1
    outer loop
      vertex 98.20000000000002 26.27504000000002 5
      vertex 95.87509 5 5
      vertex 95.87509 7 5
    endloop
  endfacet
  facet normal 0 0 -1
    outer loop
      vertex 98.20000000000002 26.27504000000002 5
      vertex 95.87509 7 5
      vertex 95.86054626433548 7.2218945267740935 5
    endloop
  endfacet
  facet normal 0 0 -1
    outer loop
      vertex 98.20000000000002 26.27504000000002 5
      vertex 95.86054626433548 7.2218945267740935 5
      vertex 95.81716390469143 7.439992376674297 5
    endloop
  endfacet
  facet normal 0 0 -1
    outer loop
      vertex 98.20000000000002 26.27504000000002 5
      vertex 95.81716390469143 7.439992376674297 5
      vertex 95.74568520526921 7.650561835020653 5
    endloop
  endfacet
  facet normal 0 0 -1
    outer loop
      vertex 98.20000000000002 26.27504000000002 5
      vertex 95.74568520526921 7.650561835020653 5
      vertex 95.64733318643357 7.849999999999994 5
    endloop
  endfacet
  facet normal 0 0 -1
    outer loop
      vertex 98.20000000000002 26.27504000000002 5
      vertex 95.64733318643357 7.849999999999994 5
      vertex 95.52379067849512 8.034894429314818 5
    endloop
  endfacet
  facet normal 0 0 1
    outer loop
      vertex 39.900000000000006 26.28504000000001 7.699999999999999
      vertex 92.8263893215049 3.965105570685182 7.699999999999999
      vertex 92.70284681356645 4.150000000000006 7.699999999999999
    endloop
  endfacet
  facet normal 0 0 1
    outer loop
      vertex 39.900000000000006 26.28504000000001 7.699999999999999
      vertex 93.1401955706852 3.6512993215048937 7.699999999999999
      vertex 92.9730084719829 3.7979184719828822 7.699999999999999
    endloop
  endfacet
  facet normal 0 0 1
    outer loop
      vertex 39.900000000000006 26.28504000000001 7.699999999999999
      vertex 92.9730084719829 3.7979184719828822 7.699999999999999
      vertex 92.8263893215049 3.965105570685182 7.699999999999999
    endloop
  endfacet
  facet normal 0 0 1
    outer loop
      vertex 39.900000000000006 26.28504000000001 7.699999999999999
      vertex 92.70284681356645 4.150000000000006 7.699999999999999
      vertex 92.60449479473081 4.349438164979347 7.699999999999999
    endloop
  endfacet
  facet normal 0 0 1
    outer loop
      vertex 39.900000000000006 26.28504000000001 7.699999999999999
      vertex 98.20000000000002 0 7.699999999999999
      vertex 93.1401955706852 3.6512993215048937 7.699999999999999
    endloop
  endfacet
  facet normal 0 0 1
    outer loop
      vertex 39.900000000000006 26.28504000000001 7.699999999999999
      vertex 92.48963373566454 4.7781054732259065 7.699999999999999
      vertex 92.47509000000002 5 7.699999999999999
    endloop
  endfacet
  facet normal 0 0 1
    outer loop
      vertex 39.900000000000006 26.28504000000001 7.699999999999999
      vertex 92.60449479473081 4.349438164979347 7.699999999999999
      vertex 92.5330160953086 4.560007623325703 7.699999999999999
    endloop
  endfacet
  facet normal 0 0 1
    outer loop
      vertex 39.900000000000006 26.28504000000001 7.699999999999999
      vertex 92.5330160953086 4.560007623325703 7.699999999999999
      vertex 92.48963373566454 4.7781054732259065 7.699999999999999
    endloop
  endfacet
  facet normal 0 0 1
    outer loop
      vertex 39.900000000000006 26.28504000000001 7.699999999999999
      vertex 92.47509000000002 5 7.699999999999999
      vertex 92.47509000000002 7 7.699999999999999
    endloop
  endfacet
  facet normal 0 0 1
    outer loop
      vertex 39.900000000000006 26.28504000000001 7.699999999999999
      vertex 92.47509000000002 7 7.699999999999999
      vertex 92.48963373566454 7.2218945267740935 7.699999999999999
    endloop
  endfacet
  facet normal 0 0 1
    outer loop
      vertex 39.900000000000006 26.28504000000001 7.699999999999999
      vertex 92.48963373566454 7.2218945267740935 7.699999999999999
      vertex 92.5330160953086 7.439992376674297 7.699999999999999
    endloop
  endfacet
  facet normal 0 0 1
    outer loop
      vertex 39.900000000000006 26.28504000000001 7.699999999999999
      vertex 92.5330160953086 7.439992376674297 7.699999999999999
      vertex 92.60449479473081 7.650561835020653 7.699999999999999
    endloop
  endfacet
  facet normal 0 0 1
    outer loop
      vertex 39.900000000000006 26.28504000000001 7.699999999999999
      vertex 92.60449479473081 7.650561835020653 7.699999999999999
      vertex 92.70284681356645 7.849999999999994 7.699999999999999
    endloop
  endfacet
  facet normal 0 0 1
    outer loop
      vertex 39.900000000000006 26.28504000000001 7.699999999999999
      vertex 92.70284681356645 7.849999999999994 7.699999999999999
      vertex 92.8263893215049 8.034894429314818 7.699999999999999
    endloop
  endfacet
  facet normal 0 0 1
    outer loop
      vertex 39.900000000000006 26.28504000000001 7.699999999999999
      vertex 92.8263893215049 8.034894429314818 7.699999999999999
      vertex 92.9730084719829 8.202081528017118 7.699999999999999
    endloop
  endfacet
  facet normal 0 0 1
    outer loop
      vertex 39.900000000000006 26.28504000000001 7.699999999999999
      vertex 92.9730084719829 8.202081528017118 7.699999999999999
      vertex 93.1401955706852 8.348700678495106 7.699999999999999
    endloop
  endfacet
  facet normal 0 0 1
    outer loop
      vertex 39.900000000000006 26.28504000000001 7.699999999999999
      vertex 93.1401955706852 8.348700678495106 7.699999999999999
      vertex 93.32509000000002 8.472243186433559 7.699999999999999
    endloop
  endfacet
  facet normal 0 0 1
    outer loop
      vertex 39.900000000000006 26.28504000000001 7.699999999999999
      vertex 93.32509000000002 8.472243186433559 7.699999999999999
      vertex 93.52452816497936 8.5705952052692 7.699999999999999
    endloop
  endfacet
  facet normal 0 0 1
    outer loop
      vertex 39.900000000000006 26.28504000000001 7.699999999999999
      vertex 93.52452816497936 8.5705952052692 7.699999999999999
      vertex 93.73509762332571 8.642073904691415 7.699999999999999
    endloop
  endfacet
  facet normal 0 0 1
    outer loop
      vertex 39.900000000000006 26.28504000000001 7.699999999999999
      vertex 93.73509762332571 8.642073904691415 7.699999999999999
      vertex 93.95319547322592 8.685456264335471 7.699999999999999
    endloop
  endfacet
  facet normal 0 0 1
    outer loop
      vertex 39.900000000000006 26.28504000000001 7.699999999999999
      vertex 93.95319547322592 8.685456264335471 7.699999999999999
      vertex 94.17509000000001 8.699999999999989 7.699999999999999
    endloop
  endfacet
  facet normal 0 0 1
    outer loop
      vertex 39.900000000000006 26.28504000000001 7.699999999999999
      vertex 94.17509000000001 8.699999999999989 7.699999999999999
      vertex 94.3969845267741 8.685456264335471 7.699999999999999
    endloop
  endfacet
  facet normal 0 0 1
    outer loop
      vertex 98.20000000000002 0 7.699999999999999
      vertex 93.52452816497936 3.4294047947308 7.699999999999999
      vertex 93.32509000000002 3.527756813566441 7.699999999999999
    endloop
  endfacet
  facet normal 0 0 1
    outer loop
      vertex 98.20000000000002 0 7.699999999999999
      vertex 93.32509000000002 3.527756813566441 7.699999999999999
      vertex 93.1401955706852 3.6512993215048937 7.699999999999999
    endloop
  endfacet
  facet normal 0 0 1
    outer loop
      vertex 98.20000000000002 0 7.699999999999999
      vertex 93.73509762332571 3.357926095308585 7.699999999999999
      vertex 93.52452816497936 3.4294047947308 7.699999999999999
    endloop
  endfacet
  facet normal 0 0 1
    outer loop
      vertex 98.20000000000002 0 7.699999999999999
      vertex 93.95319547322592 3.314543735664529 7.699999999999999
      vertex 93.73509762332571 3.357926095308585 7.699999999999999
    endloop
  endfacet
  facet normal 0 0 1
    outer loop
      vertex 98.20000000000002 0 7.699999999999999
      vertex 94.17509000000001 3.3000000000000114 7.699999999999999
      vertex 93.95319547322592 3.314543735664529 7.699999999999999
    endloop
  endfacet
  facet normal 0 0 1
    outer loop
      vertex 98.20000000000002 0 7.699999999999999
      vertex 94.3969845267741 3.314543735664529 7.699999999999999
      vertex 94.17509000000001 3.3000000000000114 7.699999999999999
    endloop
  endfacet
  facet normal 0 0 1
    outer loop
      vertex 98.20000000000002 0 7.699999999999999
      vertex 94.61508237667431 3.357926095308585 7.699999999999999
      vertex 94.3969845267741 3.314543735664529 7.699999999999999
    endloop
  endfacet
  facet normal 0 0 1
    outer loop
      vertex 98.20000000000002 0 7.699999999999999
      vertex 94.82565183502066 3.4294047947308 7.699999999999999
      vertex 94.61508237667431 3.357926095308585 7.699999999999999
    endloop
  endfacet
  facet normal 0 0 1
    outer loop
      vertex 98.20000000000002 0 7.699999999999999
      vertex 95.02509 3.527756813566441 7.699999999999999
      vertex 94.82565183502066 3.4294047947308 7.699999999999999
    endloop
  endfacet
  facet normal 0 0 1
    outer loop
      vertex 98.20000000000002 0 7.699999999999999
      vertex 95.20998442931483 3.6512993215048937 7.699999999999999
      vertex 95.02509 3.527756813566441 7.699999999999999
    endloop
  endfacet
  facet normal 0 0 1
    outer loop
      vertex 98.20000000000002 0 7.699999999999999
      vertex 95.37717152801713 3.7979184719828822 7.699999999999999
      vertex 95.20998442931483 3.6512993215048937 7.699999999999999
    endloop
  endfacet
  facet normal 0 0 1
    outer loop
      vertex 98.20000000000002 0 7.699999999999999
      vertex 95.52379067849512 3.965105570685182 7.699999999999999
      vertex 95.37717152801713 3.7979184719828822 7.699999999999999
    endloop
  endfacet
  facet normal 0 0 1
    outer loop
      vertex 98.20000000000002 0 7.699999999999999
      vertex 95.64733318643357 4.150000000000006 7.699999999999999
      vertex 95.52379067849512 3.965105570685182 7.699999999999999
    endloop
  endfacet
  facet normal 0 0 1
    outer loop
      vertex 98.20000000000002 0 7.699999999999999
      vertex 95.74568520526921 4.349438164979347 7.699999999999999
      vertex 95.64733318643357 4.150000000000006 7.699999999999999
    endloop
  endfacet
  facet normal 0 0 1
    outer loop
      vertex 98.20000000000002 0 7.699999999999999
      vertex 95.81716390469143 4.560007623325703 7.699999999999999
      vertex 95.74568520526921 4.349438164979347 7.699999999999999
    endloop
  endfacet
  facet normal 0 0 1
    outer loop
      vertex 98.20000000000002 0 7.699999999999999
      vertex 95.86054626433548 4.7781054732259065 7.699999999999999
      vertex 95.81716390469143 4.560007623325703 7.699999999999999
    endloop
  endfacet
  facet normal 0 0 1
    outer loop
      vertex 98.20000000000002 0 7.699999999999999
      vertex 95.87509 5 7.699999999999999
      vertex 95.86054626433548 4.7781054732259065 7.699999999999999
    endloop
  endfacet
  facet normal 0 0 1
    outer loop
      vertex 98.20000000000002 0 7.699999999999999
      vertex 95.87509 7 7.699999999999999
      vertex 95.87509 5 7.699999999999999
    endloop
  endfacet
  facet normal 1 0 0
    outer loop
      vertex 98.20000000000002 0 5
      vertex 98.20000000000002 26.27504000000002 5.001027200262962
      vertex 98.20000000000002 0 7.699999999999999
    endloop
  endfacet
  facet normal 0 0 1
    outer loop
      vertex 98.20000000000002 26.27504000000002 7.699999999999999
      vertex 95.37717152801713 8.202081528017118 7.699999999999999
      vertex 95.52379067849512 8.034894429314818 7.699999999999999
    endloop
  endfacet
  facet normal 0 0 1
    outer loop
      vertex 98.20000000000002 26.27504000000002 7.699999999999999
      vertex 94.3969845267741 8.685456264335471 7.699999999999999
      vertex 94.61508237667431 8.642073904691415 7.699999999999999
    endloop
  endfacet
  facet normal 0 0 1
    outer loop
      vertex 98.20000000000002 26.27504000000002 7.699999999999999
      vertex 94.61508237667431 8.642073904691415 7.699999999999999
      vertex 94.82565183502066 8.5705952052692 7.699999999999999
    endloop
  endfacet
  facet normal 0 0 1
    outer loop
      vertex 98.20000000000002 26.27504000000002 7.699999999999999
      vertex 95.02509 8.472243186433559 7.699999999999999
      vertex 95.20998442931483 8.348700678495106 7.699999999999999
    endloop
  endfacet
  facet normal 0 0 1
    outer loop
      vertex 98.20000000000002 26.27504000000002 7.699999999999999
      vertex 95.20998442931483 8.348700678495106 7.699999999999999
      vertex 95.37717152801713 8.202081528017118 7.699999999999999
    endloop
  endfacet
  facet normal 0 0 1
    outer loop
      vertex 98.20000000000002 26.27504000000002 7.699999999999999
      vertex 94.82565183502066 8.5705952052692 7.699999999999999
      vertex 95.02509 8.472243186433559 7.699999999999999
    endloop
  endfacet
  facet normal 0 0 1
    outer loop
      vertex 98.20000000000002 0 7.699999999999999
      vertex 98.20000000000002 26.27504000000002 7.699999999999999
      vertex 95.87509 7 7.699999999999999
    endloop
  endfacet
  facet normal 0 0 1
    outer loop
      vertex 98.20000000000002 26.27504000000002 7.699999999999999
      vertex 95.86054626433548 7.2218945267740935 7.699999999999999
      vertex 95.87509 7 7.699999999999999
    endloop
  endfacet
  facet normal 0 0 1
    outer loop
      vertex 98.20000000000002 26.27504000000002 7.699999999999999
      vertex 95.81716390469143 7.439992376674297 7.699999999999999
      vertex 95.86054626433548 7.2218945267740935 7.699999999999999
    endloop
  endfacet
  facet normal 0 0 1
    outer loop
      vertex 98.20000000000002 26.27504000000002 7.699999999999999
      vertex 95.74568520526921 7.650561835020653 7.699999999999999
      vertex 95.81716390469143 7.439992376674297 7.699999999999999
    endloop
  endfacet
  facet normal 0 0 1
    outer loop
      vertex 98.20000000000002 26.27504000000002 7.699999999999999
      vertex 95.64733318643357 7.849999999999994 7.699999999999999
      vertex 95.74568520526921 7.650561835020653 7.699999999999999
    endloop
  endfacet
  facet normal 0 0 1
    outer loop
      vertex 98.20000000000002 26.27504000000002 7.699999999999999
      vertex 95.52379067849512 8.034894429314818 7.699999999999999
      vertex 95.64733318643357 7.849999999999994 7.699999999999999
    endloop
  endfacet
  facet normal 1 0 0
    outer loop
      vertex 98.20000000000002 0 5
      vertex 98.20000000000002 26.27504000000002 5
      vertex 98.20000000000002 26.27504000000002 5.001027200262962
    endloop
  endfacet
  facet normal 0 0 1
    outer loop
      vertex 39.900000000000006 26.28504000000001 7.699999999999999
      vertex 94.3969845267741 8.685456264335471 7.699999999999999
      vertex 98.20000000000002 26.27504000000002 7.699999999999999
    endloop
  endfacet
  facet normal 1 0 0
    outer loop
      vertex 98.20000000000002 0 7.699999999999999
      vertex 98.20000000000002 26.27504000000002 5.001027200262962
      vertex 98.20000000000002 26.28504000000001 6.342315369261484
    endloop
  endfacet
  facet normal 1 0 0
    outer loop
      vertex 98.20000000000002 0 7.699999999999999
      vertex 98.20000000000002 26.28504000000001 6.342315369261484
      vertex 98.20000000000002 26.28504000000001 7.6846307385229675
    endloop
  endfacet
  facet normal 1 0 0
    outer loop
      vertex 98.20000000000002 0 7.699999999999999
      vertex 98.20000000000002 26.28504000000001 7.6846307385229675
      vertex 98.20000000000002 26.27504000000002 7.699999999999999
    endloop
  endfacet
  facet normal -1 0 0
    outer loop
      vertex 39.900000000000006 32.57504000000003 0
      vertex 39.900000000000006 32.57504000000003 2.6999999999999993
      vertex 39.900000000000006 62.55008000000004 2.7
    endloop
  endfacet
  facet normal -7.617310632076544e-18 0 1
    outer loop
      vertex 39.900000000000006 31.28504000000001 2.6999999999999993
      vertex 98.20000000000002 31.28504000000001 2.6999999999999997
      vertex 39.900000000000006 32.57504000000003 2.6999999999999993
    endloop
  endfacet
  facet normal 0 0 -1
    outer loop
      vertex 39.900000000000006 32.57504000000003 0
      vertex 44.47620932150488 55.51518557068522 0
      vertex 44.62282847198286 55.34799847198292 0
    endloop
  endfacet
  facet normal 0 0 -1
    outer loop
      vertex 39.900000000000006 32.57504000000003 0
      vertex 44.79001557068517 55.20137932150493 0
      vertex 44.974909999999994 55.07783681356648 0
    endloop
  endfacet
  facet normal 0 0 -1
    outer loop
      vertex 39.900000000000006 32.57504000000003 0
      vertex 45.174348164979335 54.97948479473084 0
      vertex 45.384917623325705 54.90800609530862 0
    endloop
  endfacet
  facet normal 0 0 -1
    outer loop
      vertex 39.900000000000006 32.57504000000003 0
      vertex 44.974909999999994 55.07783681356648 0
      vertex 45.174348164979335 54.97948479473084 0
    endloop
  endfacet
  facet normal 0 0 -1
    outer loop
      vertex 39.900000000000006 32.57504000000003 0
      vertex 44.62282847198286 55.34799847198292 0
      vertex 44.79001557068517 55.20137932150493 0
    endloop
  endfacet
  facet normal 0 0 -1
    outer loop
      vertex 39.900000000000006 32.57504000000003 0
      vertex 44.352666813566444 55.70008000000004 0
      vertex 44.47620932150488 55.51518557068522 0
    endloop
  endfacet
  facet normal 0 0 -1
    outer loop
      vertex 39.900000000000006 32.57504000000003 0
      vertex 44.2543147947308 55.89951816497938 0
      vertex 44.352666813566444 55.70008000000004 0
    endloop
  endfacet
  facet normal 0 0 -1
    outer loop
      vertex 39.900000000000006 32.57504000000003 0
      vertex 44.18283609530857 56.11008762332574 0
      vertex 44.2543147947308 55.89951816497938 0
    endloop
  endfacet
  facet normal 0 0 -1
    outer loop
      vertex 39.900000000000006 32.57504000000003 0
      vertex 44.13945373566452 56.32818547322594 0
      vertex 44.18283609530857 56.11008762332574 0
    endloop
  endfacet
  facet normal 0 0 -1
    outer loop
      vertex 39.900000000000006 32.57504000000003 0
      vertex 44.124909999999986 56.55008000000004 0
      vertex 44.13945373566452 56.32818547322594 0
    endloop
  endfacet
  facet normal 0 0 -1
    outer loop
      vertex 39.900000000000006 32.57504000000003 0
      vertex 39.900000000000006 62.55008000000004 0
      vertex 44.124909999999986 56.55008000000004 0
    endloop
  endfacet
  facet normal -1 0 0
    outer loop
      vertex 39.900000000000006 32.57504000000003 0
      vertex 39.900000000000006 62.55008000000004 2.7
      vertex 39.900000000000006 62.55008000000004 0
    endloop
  endfacet
  facet normal 0 0 -1
    outer loop
      vertex 39.900000000000006 32.57504000000003 0
      vertex 45.384917623325705 54.90800609530862 0
      vertex 45.603015473225895 54.864623735664566 0
    endloop
  endfacet
  facet normal 0 0 -1
    outer loop
      vertex 39.900000000000006 62.55008000000004 0
      vertex 44.13945373566452 56.77197452677413 0
      vertex 44.124909999999986 56.55008000000004 0
    endloop
  endfacet
  facet normal 0 0 -1
    outer loop
      vertex 39.900000000000006 62.55008000000004 0
      vertex 44.18283609530857 56.990072376674334 0
      vertex 44.13945373566452 56.77197452677413 0
    endloop
  endfacet
  facet normal 0 0 -1
    outer loop
      vertex 39.900000000000006 62.55008000000004 0
      vertex 44.2543147947308 57.20064183502069 0
      vertex 44.18283609530857 56.990072376674334 0
    endloop
  endfacet
  facet normal 0 0 -1
    outer loop
      vertex 39.900000000000006 62.55008000000004 0
      vertex 44.352666813566444 57.40008000000003 0
      vertex 44.2543147947308 57.20064183502069 0
    endloop
  endfacet
  facet normal 0 0 -1
    outer loop
      vertex 39.900000000000006 62.55008000000004 0
      vertex 44.47620932150488 57.584974429314855 0
      vertex 44.352666813566444 57.40008000000003 0
    endloop
  endfacet
  facet normal 0 0 -1
    outer loop
      vertex 39.900000000000006 62.55008000000004 0
      vertex 44.62282847198286 57.752161528017155 0
      vertex 44.47620932150488 57.584974429314855 0
    endloop
  endfacet
  facet normal 0 0 -1
    outer loop
      vertex 39.900000000000006 62.55008000000004 0
      vertex 44.79001557068517 57.89878067849514 0
      vertex 44.62282847198286 57.752161528017155 0
    endloop
  endfacet
  facet normal 0 0 -1
    outer loop
      vertex 39.900000000000006 62.55008000000004 0
      vertex 44.974909999999994 58.022323186433596 0
      vertex 44.79001557068517 57.89878067849514 0
    endloop
  endfacet
  facet normal 0 0 -1
    outer loop
      vertex 39.900000000000006 62.55008000000004 0
      vertex 45.174348164979335 58.12067520526924 0
      vertex 44.974909999999994 58.022323186433596 0
    endloop
  endfacet
  facet normal 0 0 -1
    outer loop
      vertex 39.900000000000006 62.55008000000004 0
      vertex 45.384917623325705 58.19215390469145 0
      vertex 45.174348164979335 58.12067520526924 0
    endloop
  endfacet
  facet normal 0 0 -1
    outer loop
      vertex 39.900000000000006 62.55008000000004 0
      vertex 46.67490999999998 58.022323186433596 0
      vertex 46.47547183502064 58.12067520526924 0
    endloop
  endfacet
  facet normal 0 0 -1
    outer loop
      vertex 39.900000000000006 62.55008000000004 0
      vertex 46.859804429314806 57.89878067849514 0
      vertex 46.67490999999998 58.022323186433596 0
    endloop
  endfacet
  facet normal 0 0 -1
    outer loop
      vertex 39.900000000000006 62.55008000000004 0
      vertex 45.603015473225895 58.23553626433551 0
      vertex 45.384917623325705 58.19215390469145 0
    endloop
  endfacet
  facet normal 0 0 -1
    outer loop
      vertex 39.900000000000006 62.55008000000004 0
      vertex 45.82490999999999 58.250080000000025 0
      vertex 45.603015473225895 58.23553626433551 0
    endloop
  endfacet
  facet normal 0 0 -1
    outer loop
      vertex 39.900000000000006 62.55008000000004 0
      vertex 46.04680452677408 58.23553626433551 0
      vertex 45.82490999999999 58.250080000000025 0
    endloop
  endfacet
  facet normal 0 0 -1
    outer loop
      vertex 39.900000000000006 62.55008000000004 0
      vertex 46.26490237667427 58.19215390469145 0
      vertex 46.04680452677408 58.23553626433551 0
    endloop
  endfacet
  facet normal 0 0 -1
    outer loop
      vertex 39.900000000000006 62.55008000000004 0
      vertex 46.47547183502064 58.12067520526924 0
      vertex 46.26490237667427 58.19215390469145 0
    endloop
  endfacet
  facet normal -3.5967119620755153e-17 -3.15423173490495e-17 1
    outer loop
      vertex 39.900000000000006 32.57504000000003 2.6999999999999993
      vertex 44.62282847198286 55.34799847198292 2.7
      vertex 44.47620932150488 55.51518557068522 2.7
    endloop
  endfacet
  facet normal -2.2919121450793255e-17 -3.430088923848525e-17 1
    outer loop
      vertex 39.900000000000006 32.57504000000003 2.6999999999999993
      vertex 44.974909999999994 55.07783681356648 2.7
      vertex 44.79001557068517 55.20137932150493 2.7
    endloop
  endfacet
  facet normal -1.2461164781667785e-17 -3.6709407692792236e-17 1
    outer loop
      vertex 39.900000000000006 32.57504000000003 2.6999999999999993
      vertex 45.384917623325705 54.90800609530862 2.7
      vertex 45.174348164979335 54.97948479473084 2.7
    endloop
  endfacet
  facet normal -1.7516215634641562e-17 -3.5519371589039695e-17 1
    outer loop
      vertex 39.900000000000006 32.57504000000003 2.6999999999999993
      vertex 45.174348164979335 54.97948479473084 2.7
      vertex 44.974909999999994 55.07783681356648 2.7
    endloop
  endfacet
  facet normal -2.893993262244533e-17 -3.299966856998981e-17 1
    outer loop
      vertex 39.900000000000006 32.57504000000003 2.6999999999999993
      vertex 44.79001557068517 55.20137932150493 2.7
      vertex 44.62282847198286 55.34799847198292 2.7
    endloop
  endfacet
  facet normal -4.462238433660178e-17 -2.981572398674048e-17 1
    outer loop
      vertex 39.900000000000006 32.57504000000003 2.6999999999999993
      vertex 44.47620932150488 55.51518557068522 2.7
      vertex 44.352666813566444 55.70008000000004 2.7
    endloop
  endfacet
  facet normal -4.558383062974124e-17 -2.963059998252296e-17 1
    outer loop
      vertex 39.900000000000006 32.57504000000003 2.6999999999999993
      vertex 44.352666813566444 55.70008000000004 2.7
      vertex 39.900000000000006 62.55008000000004 2.7
    endloop
  endfacet
  facet normal -7.542255484008344e-18 -3.79174788544613e-17 1
    outer loop
      vertex 39.900000000000006 32.57504000000003 2.6999999999999993
      vertex 45.603015473225895 54.864623735664566 2.7
      vertex 45.384917623325705 54.90800609530862 2.7
    endloop
  endfacet
  facet normal -2.5686500199772124e-18 -3.91900261238706e-17 1
    outer loop
      vertex 39.900000000000006 32.57504000000003 2.6999999999999993
      vertex 45.82490999999999 54.85008000000005 2.7
      vertex 45.603015473225895 54.864623735664566 2.7
    endloop
  endfacet
  facet normal 2.6598019290098726e-18 -4.0580735511466474e-17 1
    outer loop
      vertex 39.900000000000006 32.57504000000003 2.6999999999999993
      vertex 46.04680452677408 54.864623735664566 2.7
      vertex 45.82490999999999 54.85008000000005 2.7
    endloop
  endfacet
  facet normal 8.386122426727158e-18 -4.2159884461691475e-17 1
    outer loop
      vertex 39.900000000000006 32.57504000000003 2.6999999999999993
      vertex 46.26490237667427 54.90800609530862 2.7
      vertex 46.04680452677408 54.864623735664566 2.7
    endloop
  endfacet
  facet normal 1.4945983253757418e-17 -4.402944686511037e-17 1
    outer loop
      vertex 39.900000000000006 32.57504000000003 2.6999999999999993
      vertex 46.47547183502064 54.97948479473084 2.7
      vertex 46.26490237667427 54.90800609530862 2.7
    endloop
  endfacet
  facet normal 2.2858059313689242e-17 -4.635155900693227e-17 1
    outer loop
      vertex 39.900000000000006 32.57504000000003 2.6999999999999993
      vertex 46.67490999999998 55.07783681356648 2.7
      vertex 46.47547183502064 54.97948479473084 2.7
    endloop
  endfacet
  facet normal 3.301421935343558e-17 -4.9409270934251095e-17 1
    outer loop
      vertex 39.900000000000006 32.57504000000003 2.6999999999999993
      vertex 46.859804429314806 55.20137932150493 2.7
      vertex 46.67490999999998 55.07783681356648 2.7
    endloop
  endfacet
  facet normal 4.714174999971537e-17 -5.3754863430240986e-17 1
    outer loop
      vertex 39.900000000000006 32.57504000000003 2.6999999999999993
      vertex 47.02699152801712 55.34799847198292 2.7
      vertex 46.859804429314806 55.20137932150493 2.7
    endloop
  endfacet
  facet normal 6.914930942937468e-17 -6.064231680176903e-17 1
    outer loop
      vertex 39.900000000000006 32.57504000000003 2.6999999999999993
      vertex 47.173610678495095 55.51518557068522 2.7
      vertex 47.02699152801712 55.34799847198292 2.7
    endloop
  endfacet
  facet normal 1.102710185341795e-16 -7.368073896613798e-17 1
    outer loop
      vertex 39.900000000000006 32.57504000000003 2.6999999999999993
      vertex 47.29715318643353 55.70008000000004 2.7
      vertex 47.173610678495095 55.51518557068522 2.7
    endloop
  endfacet
  facet normal 0 0 1
    outer loop
      vertex 39.900000000000006 62.55008000000004 2.7
      vertex 44.352666813566444 55.70008000000004 2.7
      vertex 44.2543147947308 55.89951816497938 2.7
    endloop
  endfacet
  facet normal 0 0 1
    outer loop
      vertex 39.900000000000006 62.55008000000004 2.7
      vertex 44.2543147947308 55.89951816497938 2.7
      vertex 44.18283609530857 56.11008762332574 2.7
    endloop
  endfacet
  facet normal 0 0 1
    outer loop
      vertex 39.900000000000006 62.55008000000004 2.7
      vertex 44.18283609530857 56.11008762332574 2.7
      vertex 44.13945373566452 56.32818547322594 2.7
    endloop
  endfacet
  facet normal 0 0 1
    outer loop
      vertex 39.900000000000006 62.55008000000004 2.7
      vertex 44.13945373566452 56.32818547322594 2.7
      vertex 44.124909999999986 56.55008000000004 2.7
    endloop
  endfacet
  facet normal 0 0 1
    outer loop
      vertex 39.900000000000006 62.55008000000004 2.7
      vertex 44.124909999999986 56.55008000000004 2.7
      vertex 44.13945373566452 56.77197452677413 2.7
    endloop
  endfacet
  facet normal 0 0 1
    outer loop
      vertex 39.900000000000006 62.55008000000004 2.7
      vertex 44.13945373566452 56.77197452677413 2.7
      vertex 44.18283609530857 56.990072376674334 2.7
    endloop
  endfacet
  facet normal 0 0 1
    outer loop
      vertex 39.900000000000006 62.55008000000004 2.7
      vertex 44.18283609530857 56.990072376674334 2.7
      vertex 44.2543147947308 57.20064183502069 2.7
    endloop
  endfacet
  facet normal 0 0 1
    outer loop
      vertex 39.900000000000006 62.55008000000004 2.7
      vertex 44.2543147947308 57.20064183502069 2.7
      vertex 44.352666813566444 57.40008000000003 2.7
    endloop
  endfacet
  facet normal 0 0 1
    outer loop
      vertex 39.900000000000006 62.55008000000004 2.7
      vertex 44.352666813566444 57.40008000000003 2.7
      vertex 44.47620932150488 57.584974429314855 2.7
    endloop
  endfacet
  facet normal 0 0 1
    outer loop
      vertex 39.900000000000006 62.55008000000004 2.7
      vertex 44.47620932150488 57.584974429314855 2.7
      vertex 44.62282847198286 57.752161528017155 2.7
    endloop
  endfacet
  facet normal 0 0 1
    outer loop
      vertex 39.900000000000006 62.55008000000004 2.7
      vertex 44.62282847198286 57.752161528017155 2.7
      vertex 44.79001557068517 57.89878067849514 2.7
    endloop
  endfacet
  facet normal 0 0 1
    outer loop
      vertex 39.900000000000006 62.55008000000004 2.7
      vertex 44.79001557068517 57.89878067849514 2.7
      vertex 44.974909999999994 58.022323186433596 2.7
    endloop
  endfacet
  facet normal 0 0 1
    outer loop
      vertex 39.900000000000006 62.55008000000004 2.7
      vertex 44.974909999999994 58.022323186433596 2.7
      vertex 45.174348164979335 58.12067520526924 2.7
    endloop
  endfacet
  facet normal 0 0 1
    outer loop
      vertex 39.900000000000006 62.55008000000004 2.7
      vertex 45.174348164979335 58.12067520526924 2.7
      vertex 45.384917623325705 58.19215390469145 2.7
    endloop
  endfacet
  facet normal 0 0 1
    outer loop
      vertex 39.900000000000006 62.55008000000004 2.7
      vertex 46.47547183502064 58.12067520526924 2.7
      vertex 46.67490999999998 58.022323186433596 2.7
    endloop
  endfacet
  facet normal 0 0 1
    outer loop
      vertex 39.900000000000006 62.55008000000004 2.7
      vertex 46.67490999999998 58.022323186433596 2.7
      vertex 46.859804429314806 57.89878067849514 2.7
    endloop
  endfacet
  facet normal 0 0 1
    outer loop
      vertex 39.900000000000006 62.55008000000004 2.7
      vertex 45.384917623325705 58.19215390469145 2.7
      vertex 45.603015473225895 58.23553626433551 2.7
    endloop
  endfacet
  facet normal 0 0 1
    outer loop
      vertex 39.900000000000006 62.55008000000004 2.7
      vertex 45.603015473225895 58.23553626433551 2.7
      vertex 45.82490999999999 58.250080000000025 2.7
    endloop
  endfacet
  facet normal 0 0 1
    outer loop
      vertex 39.900000000000006 62.55008000000004 2.7
      vertex 45.82490999999999 58.250080000000025 2.7
      vertex 46.04680452677408 58.23553626433551 2.7
    endloop
  endfacet
  facet normal 0 0 1
    outer loop
      vertex 39.900000000000006 62.55008000000004 2.7
      vertex 46.04680452677408 58.23553626433551 2.7
      vertex 46.26490237667427 58.19215390469145 2.7
    endloop
  endfacet
  facet normal 0 0 1
    outer loop
      vertex 39.900000000000006 62.55008000000004 2.7
      vertex 46.26490237667427 58.19215390469145 2.7
      vertex 46.47547183502064 58.12067520526924 2.7
    endloop
  endfacet
  facet normal -1.3216940769347102e-17 0 1
    outer loop
      vertex 98.20000000000002 31.265040000000027 2.6999999999999997
      vertex 131.8 31.265040000000027 2.7
      vertex 98.20000000000002 31.28504000000001 2.6999999999999997
    endloop
  endfacet
  facet normal 0 0 -1
    outer loop
      vertex 39.900000000000006 32.57504000000003 0
      vertex 45.603015473225895 54.864623735664566 0
      vertex 131.8 32.57504000000003 0
    endloop
  endfacet
  facet normal 0 0 -1
    outer loop
      vertex 39.900000000000006 62.55008000000004 0
      vertex 124.62775681356644 44.955040000000025 0
      vertex 131.8 32.57504000000003 0
    endloop
  endfacet
  facet normal -1.0165751942019226e-17 -3.515586547438294e-17 1
    outer loop
      vertex 39.900000000000006 32.57504000000003 2.6999999999999993
      vertex 131.8 31.265040000000027 2.7
      vertex 47.29715318643353 55.70008000000004 2.7
    endloop
  endfacet
  facet normal -1.3371741109335988e-17 -2.600645711815662e-16 1
    outer loop
      vertex 39.900000000000006 32.57504000000003 2.6999999999999993
      vertex 98.20000000000002 31.28504000000001 2.6999999999999997
      vertex 131.8 31.265040000000027 2.7
    endloop
  endfacet
  facet normal 2.3080761022564423e-16 6.779987936642145e-16 1
    outer loop
      vertex 39.900000000000006 62.55008000000004 2.7
      vertex 131.8 31.265040000000027 2.7
      vertex 131.8 32.57504000000003 2.6999999999999993
    endloop
  endfacet
  facet normal -2.5098714111246047e-18 -3.7325574957780734e-17 1
    outer loop
      vertex 39.900000000000006 62.55008000000004 2.7
      vertex 131.8 32.57504000000003 2.6999999999999993
      vertex 124.62775681356644 44.955040000000025 2.6999999999999997
    endloop
  endfacet
  facet normal 0 0 -1
    outer loop
      vertex 131.8 32.57504000000003 0
      vertex 45.603015473225895 54.864623735664566 0
      vertex 45.82490999999999 54.85008000000005 0
    endloop
  endfacet
  facet normal 0 0 -1
    outer loop
      vertex 131.8 32.57504000000003 0
      vertex 45.82490999999999 54.85008000000005 0
      vertex 46.04680452677408 54.864623735664566 0
    endloop
  endfacet
  facet normal 0 0 -1
    outer loop
      vertex 131.8 32.57504000000003 0
      vertex 46.04680452677408 54.864623735664566 0
      vertex 46.26490237667427 54.90800609530862 0
    endloop
  endfacet
  facet normal 0 0 -1
    outer loop
      vertex 131.8 32.57504000000003 0
      vertex 46.26490237667427 54.90800609530862 0
      vertex 46.47547183502064 54.97948479473084 0
    endloop
  endfacet
  facet normal 0 0 -1
    outer loop
      vertex 131.8 32.57504000000003 0
      vertex 46.47547183502064 54.97948479473084 0
      vertex 46.67490999999998 55.07783681356648 0
    endloop
  endfacet
  facet normal 0 0 -1
    outer loop
      vertex 131.8 32.57504000000003 0
      vertex 46.67490999999998 55.07783681356648 0
      vertex 46.859804429314806 55.20137932150493 0
    endloop
  endfacet
  facet normal 0 0 -1
    outer loop
      vertex 131.8 32.57504000000003 0
      vertex 46.859804429314806 55.20137932150493 0
      vertex 47.02699152801712 55.34799847198292 0
    endloop
  endfacet
  facet normal 0 0 -1
    outer loop
      vertex 131.8 32.57504000000003 0
      vertex 47.02699152801712 55.34799847198292 0
      vertex 47.173610678495095 55.51518557068522 0
    endloop
  endfacet
  facet normal 0 0 -1
    outer loop
      vertex 131.8 32.57504000000003 0
      vertex 47.173610678495095 55.51518557068522 0
      vertex 47.29715318643353 55.70008000000004 0
    endloop
  endfacet
  facet normal 0 0 -1
    outer loop
      vertex 131.8 32.57504000000003 0
      vertex 47.29715318643353 55.70008000000004 0
      vertex 47.395505205269174 55.89951816497938 0
    endloop
  endfacet
  facet normal 0 0 -1
    outer loop
      vertex 131.8 32.57504000000003 0
      vertex 47.395505205269174 55.89951816497938 0
      vertex 47.4669839046914 56.11008762332574 0
    endloop
  endfacet
  facet normal 0 0 -1
    outer loop
      vertex 131.8 32.57504000000003 0
      vertex 47.4669839046914 56.11008762332574 0
      vertex 47.51036626433546 56.32818547322594 0
    endloop
  endfacet
  facet normal 0 0 -1
    outer loop
      vertex 131.8 32.57504000000003 0
      vertex 47.51036626433546 56.32818547322594 0
      vertex 47.52490999999999 56.55008000000004 0
    endloop
  endfacet
  facet normal 0 0 -1
    outer loop
      vertex 131.8 32.57504000000003 0
      vertex 47.52490999999999 56.55008000000004 0
      vertex 47.51036626433546 56.77197452677413 0
    endloop
  endfacet
  facet normal 0 0 -1
    outer loop
      vertex 131.8 32.57504000000003 0
      vertex 47.51036626433546 56.77197452677413 0
      vertex 47.4669839046914 56.990072376674334 0
    endloop
  endfacet
  facet normal 0 0 -1
    outer loop
      vertex 131.8 32.57504000000003 0
      vertex 47.395505205269174 57.20064183502069 0
      vertex 47.29715318643353 57.40008000000003 0
    endloop
  endfacet
  facet normal 0 0 -1
    outer loop
      vertex 131.8 32.57504000000003 0
      vertex 47.29715318643353 57.40008000000003 0
      vertex 47.173610678495095 57.584974429314855 0
    endloop
  endfacet
  facet normal 0 0 -1
    outer loop
      vertex 131.8 32.57504000000003 0
      vertex 47.173610678495095 57.584974429314855 0
      vertex 47.02699152801712 57.752161528017155 0
    endloop
  endfacet
  facet normal 0 0 -1
    outer loop
      vertex 131.8 32.57504000000003 0
      vertex 47.02699152801712 57.752161528017155 0
      vertex 46.859804429314806 57.89878067849514 0
    endloop
  endfacet
  facet normal 0 0 -1
    outer loop
      vertex 131.8 32.57504000000003 0
      vertex 47.4669839046914 56.990072376674334 0
      vertex 47.395505205269174 57.20064183502069 0
    endloop
  endfacet
  facet normal 0 0 -1
    outer loop
      vertex 39.900000000000006 62.55008000000004 0
      vertex 131.8 32.57504000000003 0
      vertex 46.859804429314806 57.89878067849514 0
    endloop
  endfacet
  facet normal 0 1 0
    outer loop
      vertex 39.900000000000006 62.55008000000004 0
      vertex 39.900000000000006 62.55008000000004 2.7
      vertex 131.8 62.55008000000004 0
    endloop
  endfacet
  facet normal 0 0 -1
    outer loop
      vertex 39.900000000000006 62.55008000000004 0
      vertex 124.5294047947308 45.154478164979366 0
      vertex 124.62775681356644 44.955040000000025 0
    endloop
  endfacet
  facet normal 0 0 -1
    outer loop
      vertex 39.900000000000006 62.55008000000004 0
      vertex 124.45792609530858 45.36504762332572 0
      vertex 124.5294047947308 45.154478164979366 0
    endloop
  endfacet
  facet normal 0 0 -1
    outer loop
      vertex 39.900000000000006 62.55008000000004 0
      vertex 124.41454373566452 45.583145473225926 0
      vertex 124.45792609530858 45.36504762332572 0
    endloop
  endfacet
  facet normal 0 0 -1
    outer loop
      vertex 39.900000000000006 62.55008000000004 0
      vertex 124.4 45.80504000000002 0
      vertex 124.41454373566452 45.583145473225926 0
    endloop
  endfacet
  facet normal 0 0 -1
    outer loop
      vertex 39.900000000000006 62.55008000000004 0
      vertex 124.41454373566452 46.02693452677411 0
      vertex 124.4 45.80504000000002 0
    endloop
  endfacet
  facet normal 0 0 -1
    outer loop
      vertex 39.900000000000006 62.55008000000004 0
      vertex 124.45792609530858 46.24503237667432 0
      vertex 124.41454373566452 46.02693452677411 0
    endloop
  endfacet
  facet normal 0 0 -1
    outer loop
      vertex 39.900000000000006 62.55008000000004 0
      vertex 124.5294047947308 46.45560183502067 0
      vertex 124.45792609530858 46.24503237667432 0
    endloop
  endfacet
  facet normal 0 0 -1
    outer loop
      vertex 39.900000000000006 62.55008000000004 0
      vertex 124.62775681356644 46.655040000000014 0
      vertex 124.5294047947308 46.45560183502067 0
    endloop
  endfacet
  facet normal 0 0 -1
    outer loop
      vertex 39.900000000000006 62.55008000000004 0
      vertex 131.8 62.55008000000004 0
      vertex 124.62775681356644 46.655040000000014 0
    endloop
  endfacet
  facet normal 0 1 0
    outer loop
      vertex 39.900000000000006 62.55008000000004 2.7
      vertex 131.8 62.55008000000004 2.7
      vertex 131.8 62.55008000000004 0
    endloop
  endfacet
  facet normal 0 0 1
    outer loop
      vertex 39.900000000000006 62.55008000000004 2.7
      vertex 46.859804429314806 57.89878067849514 2.7
      vertex 131.8 31.265040000000027 2.7
    endloop
  endfacet
  facet normal 0 0 1
    outer loop
      vertex 131.8 31.265040000000027 2.7
      vertex 47.395505205269174 55.89951816497938 2.7
      vertex 47.29715318643353 55.70008000000004 2.7
    endloop
  endfacet
  facet normal 0 0 1
    outer loop
      vertex 131.8 31.265040000000027 2.7
      vertex 47.4669839046914 56.11008762332574 2.7
      vertex 47.395505205269174 55.89951816497938 2.7
    endloop
  endfacet
  facet normal 0 0 1
    outer loop
      vertex 131.8 31.265040000000027 2.7
      vertex 47.29715318643353 57.40008000000003 2.7
      vertex 47.395505205269174 57.20064183502069 2.7
    endloop
  endfacet
  facet normal 0 0 1
    outer loop
      vertex 131.8 31.265040000000027 2.7
      vertex 47.173610678495095 57.584974429314855 2.7
      vertex 47.29715318643353 57.40008000000003 2.7
    endloop
  endfacet
  facet normal 0 0 1
    outer loop
      vertex 131.8 31.265040000000027 2.7
      vertex 47.51036626433546 56.32818547322594 2.7
      vertex 47.4669839046914 56.11008762332574 2.7
    endloop
  endfacet
  facet normal 0 0 1
    outer loop
      vertex 131.8 31.265040000000027 2.7
      vertex 47.52490999999999 56.55008000000004 2.7
      vertex 47.51036626433546 56.32818547322594 2.7
    endloop
  endfacet
  facet normal 0 0 1
    outer loop
      vertex 131.8 31.265040000000027 2.7
      vertex 47.51036626433546 56.77197452677413 2.7
      vertex 47.52490999999999 56.55008000000004 2.7
    endloop
  endfacet
  facet normal 0 0 1
    outer loop
      vertex 131.8 31.265040000000027 2.7
      vertex 47.4669839046914 56.990072376674334 2.7
      vertex 47.51036626433546 56.77197452677413 2.7
    endloop
  endfacet
  facet normal 0 0 1
    outer loop
      vertex 131.8 31.265040000000027 2.7
      vertex 47.395505205269174 57.20064183502069 2.7
      vertex 47.4669839046914 56.990072376674334 2.7
    endloop
  endfacet
  facet normal 0 0 1
    outer loop
      vertex 131.8 31.265040000000027 2.7
      vertex 46.859804429314806 57.89878067849514 2.7
      vertex 47.02699152801712 57.752161528017155 2.7
    endloop
  endfacet
  facet normal 0 0 1
    outer loop
      vertex 131.8 31.265040000000027 2.7
      vertex 47.02699152801712 57.752161528017155 2.7
      vertex 47.173610678495095 57.584974429314855 2.7
    endloop
  endfacet
  facet normal 5.83937258921072e-18 2.8796598832619027e-18 1
    outer loop
      vertex 39.900000000000006 62.55008000000004 2.7
      vertex 124.62775681356644 44.955040000000025 2.6999999999999997
      vertex 124.5294047947308 45.154478164979366 2.6999999999999997
    endloop
  endfacet
  facet normal 5.641062308237581e-18 1.9148826250446557e-18 1
    outer loop
      vertex 39.900000000000006 62.55008000000004 2.7
      vertex 124.5294047947308 45.154478164979366 2.6999999999999997
      vertex 124.45792609530858 45.36504762332572 2.6999999999999997
    endloop
  endfacet
  facet normal 5.4731493834766126e-18 1.0886771008896802e-18 1
    outer loop
      vertex 39.900000000000006 62.55008000000004 2.7
      vertex 124.45792609530858 45.36504762332572 2.6999999999999997
      vertex 124.41454373566452 45.583145473225926 2.6999999999999997
    endloop
  endfacet
  facet normal 5.3246528394581334e-18 3.4899618538695245e-19 1
    outer loop
      vertex 39.900000000000006 62.55008000000004 2.7
      vertex 124.41454373566452 45.583145473225926 2.6999999999999997
      vertex 124.4 45.80504000000002 2.6999999999999997
    endloop
  endfacet
  facet normal 5.188107889456118e-18 -3.4004655653389e-19 1
    outer loop
      vertex 39.900000000000006 62.55008000000004 2.7
      vertex 124.4 45.80504000000002 2.6999999999999997
      vertex 124.41454373566452 46.02693452677411 2.6999999999999997
    endloop
  endfacet
  facet normal 5.057894438334291e-18 -1.006077756685324e-18 1
    outer loop
      vertex 39.900000000000006 62.55008000000004 2.7
      vertex 124.41454373566452 46.02693452677411 2.6999999999999997
      vertex 124.45792609530858 46.24503237667432 2.6999999999999997
    endloop
  endfacet
  facet normal 4.929245024289463e-18 -1.6732532164759384e-18 1
    outer loop
      vertex 39.900000000000006 62.55008000000004 2.7
      vertex 124.45792609530858 46.24503237667432 2.6999999999999997
      vertex 124.5294047947308 46.45560183502067 2.6999999999999997
    endloop
  endfacet
  facet normal 4.7975245752902265e-18 -2.3658773005772016e-18 1
    outer loop
      vertex 39.900000000000006 62.55008000000004 2.7
      vertex 124.5294047947308 46.45560183502067 2.6999999999999997
      vertex 124.62775681356644 46.655040000000014 2.6999999999999997
    endloop
  endfacet
  facet normal 4.657538284007992e-18 -3.1120675866656444e-18 1
    outer loop
      vertex 39.900000000000006 62.55008000000004 2.7
      vertex 124.62775681356644 46.655040000000014 2.6999999999999997
      vertex 124.75129932150489 46.83993442931484 2.6999999999999997
    endloop
  endfacet
  facet normal 4.5026355138107595e-18 -3.948705367048e-18 1
    outer loop
      vertex 39.900000000000006 62.55008000000004 2.7
      vertex 124.75129932150489 46.83993442931484 2.6999999999999997
      vertex 124.89791847198288 47.00712152801714 2.6999999999999997
    endloop
  endfacet
  facet normal 4.3232451069751215e-18 -4.92971623459648e-18 1
    outer loop
      vertex 39.900000000000006 62.55008000000004 2.7
      vertex 124.89791847198288 47.00712152801714 2.6999999999999997
      vertex 125.06510557068518 47.153740678495126 2.6999999999999997
    endloop
  endfacet
  facet normal 4.104057500361242e-18 -6.1421561053507725e-18 1
    outer loop
      vertex 39.900000000000006 62.55008000000004 2.7
      vertex 125.06510557068518 47.153740678495126 2.6999999999999997
      vertex 125.25 47.27728318643358 2.6999999999999997
    endloop
  endfacet
  facet normal 3.817817808806215e-18 -7.741768669600886e-18 1
    outer loop
      vertex 39.900000000000006 62.55008000000004 2.7
      vertex 125.25 47.27728318643358 2.6999999999999997
      vertex 125.44943816497934 47.37563520526922 2.6999999999999997
    endloop
  endfacet
  facet normal 3.4094640635103684e-18 -1.0043957247515555e-17 1
    outer loop
      vertex 39.900000000000006 62.55008000000004 2.7
      vertex 125.44943816497934 47.37563520526922 2.6999999999999997
      vertex 125.6600076233257 47.447113904691435 2.6999999999999997
    endloop
  endfacet
  facet normal 2.7465854534301105e-18 -1.3808017518529712e-17 1
    outer loop
      vertex 39.900000000000006 62.55008000000004 2.7
      vertex 125.6600076233257 47.447113904691435 2.6999999999999997
      vertex 125.8781054732259 47.49049626433549 2.6999999999999997
    endloop
  endfacet
  facet normal 1.406489695893739e-18 -2.14588859892713e-17 1
    outer loop
      vertex 39.900000000000006 62.55008000000004 2.7
      vertex 125.8781054732259 47.49049626433549 2.6999999999999997
      vertex 126.1 47.50504000000001 2.6999999999999997
    endloop
  endfacet
  facet normal -3.098088889381352e-18 -4.7267702320149306e-17 1
    outer loop
      vertex 39.900000000000006 62.55008000000004 2.7
      vertex 126.1 47.50504000000001 2.6999999999999997
      vertex 126.32189452677409 47.49049626433549 2.6999999999999997
    endloop
  endfacet
  facet normal 0 -2.94888104243119e-17 1
    outer loop
      vertex 39.900000000000006 62.55008000000004 2.7
      vertex 126.32189452677409 47.49049626433549 2.6999999999999997
      vertex 131.8 62.55008000000004 2.7
    endloop
  endfacet
  facet normal 0 0 -1
    outer loop
      vertex 131.8 32.57504000000003 0
      vertex 124.89791847198288 44.6029584719829 0
      vertex 125.06510557068518 44.45633932150491 0
    endloop
  endfacet
  facet normal 0 0 -1
    outer loop
      vertex 131.8 32.57504000000003 0
      vertex 124.75129932150489 44.7701455706852 0
      vertex 124.89791847198288 44.6029584719829 0
    endloop
  endfacet
  facet normal 0 0 -1
    outer loop
      vertex 131.8 32.57504000000003 0
      vertex 124.62775681356644 44.955040000000025 0
      vertex 124.75129932150489 44.7701455706852 0
    endloop
  endfacet
  facet normal 0 0 -1
    outer loop
      vertex 131.8 32.57504000000003 0
      vertex 125.6600076233257 44.162966095308605 0
      vertex 125.8781054732259 44.11958373566455 0
    endloop
  endfacet
  facet normal 0 0 -1
    outer loop
      vertex 131.8 32.57504000000003 0
      vertex 125.25 44.33279681356646 0
      vertex 125.44943816497934 44.23444479473082 0
    endloop
  endfacet
  facet normal 0 0 -1
    outer loop
      vertex 131.8 32.57504000000003 0
      vertex 125.06510557068518 44.45633932150491 0
      vertex 125.25 44.33279681356646 0
    endloop
  endfacet
  facet normal 0 0 -1
    outer loop
      vertex 131.8 32.57504000000003 0
      vertex 125.44943816497934 44.23444479473082 0
      vertex 125.6600076233257 44.162966095308605 0
    endloop
  endfacet
  facet normal 0 0 -1
    outer loop
      vertex 131.8 32.57504000000003 0
      vertex 125.8781054732259 44.11958373566455 0
      vertex 126.1 44.10504000000003 0
    endloop
  endfacet
  facet normal 0 0 -1
    outer loop
      vertex 131.8 32.57504000000003 0
      vertex 126.1 44.10504000000003 0
      vertex 126.32189452677409 44.11958373566455 0
    endloop
  endfacet
  facet normal 0 0 -1
    outer loop
      vertex 131.8 32.57504000000003 0
      vertex 126.32189452677409 44.11958373566455 0
      vertex 126.53999237667429 44.162966095308605 0
    endloop
  endfacet
  facet normal 0 0 -1
    outer loop
      vertex 131.8 32.57504000000003 0
      vertex 126.53999237667429 44.162966095308605 0
      vertex 126.75056183502065 44.23444479473082 0
    endloop
  endfacet
  facet normal 0 0 -1
    outer loop
      vertex 131.8 32.57504000000003 0
      vertex 126.75056183502065 44.23444479473082 0
      vertex 126.94999999999999 44.33279681356646 0
    endloop
  endfacet
  facet normal 0 0 -1
    outer loop
      vertex 131.8 32.57504000000003 0
      vertex 126.94999999999999 44.33279681356646 0
      vertex 127.13489442931481 44.45633932150491 0
    endloop
  endfacet
  facet normal 0 0 -1
    outer loop
      vertex 131.8 32.57504000000003 0
      vertex 127.13489442931481 44.45633932150491 0
      vertex 127.30208152801711 44.6029584719829 0
    endloop
  endfacet
  facet normal 0 0 -1
    outer loop
      vertex 131.8 32.57504000000003 0
      vertex 127.30208152801711 44.6029584719829 0
      vertex 127.4487006784951 44.7701455706852 0
    endloop
  endfacet
  facet normal 0 0 -1
    outer loop
      vertex 131.8 32.57504000000003 0
      vertex 127.4487006784951 44.7701455706852 0
      vertex 127.57224318643355 44.955040000000025 0
    endloop
  endfacet
  facet normal 0 0 -1
    outer loop
      vertex 131.8 32.57504000000003 0
      vertex 127.57224318643355 44.955040000000025 0
      vertex 127.6705952052692 45.154478164979366 0
    endloop
  endfacet
  facet normal 0 0 -1
    outer loop
      vertex 131.8 32.57504000000003 0
      vertex 127.6705952052692 45.154478164979366 0
      vertex 127.74207390469141 45.36504762332572 0
    endloop
  endfacet
  facet normal 0 0 -1
    outer loop
      vertex 131.8 32.57504000000003 0
      vertex 127.74207390469141 45.36504762332572 0
      vertex 131.8 62.55008000000004 0
    endloop
  endfacet
  facet normal 1 0 0
    outer loop
      vertex 131.8 32.57504000000003 0
      vertex 131.8 62.55008000000004 0
      vertex 131.8 32.57504000000003 2.6999999999999993
    endloop
  endfacet
  facet normal -6.518137069213416e-17 -7.432510841817374e-17 1
    outer loop
      vertex 131.8 32.57504000000003 2.6999999999999993
      vertex 125.06510557068518 44.45633932150491 2.6999999999999997
      vertex 124.89791847198288 44.6029584719829 2.6999999999999997
    endloop
  endfacet
  facet normal -1.217977536661895e-16 -1.0681376321065595e-16 1
    outer loop
      vertex 131.8 32.57504000000003 2.6999999999999993
      vertex 124.89791847198288 44.6029584719829 2.6999999999999997
      vertex 124.75129932150489 44.7701455706852 2.6999999999999997
    endloop
  endfacet
  facet normal -4.0378781397968873e-16 -2.698023915533766e-16 1
    outer loop
      vertex 131.8 32.57504000000003 2.6999999999999993
      vertex 124.75129932150489 44.7701455706852 2.6999999999999997
      vertex 124.62775681356644 44.955040000000025 2.6999999999999997
    endloop
  endfacet
  facet normal -8.521095411565007e-18 -4.283843947873975e-17 1
    outer loop
      vertex 131.8 32.57504000000003 2.6999999999999993
      vertex 125.8781054732259 44.11958373566455 2.6999999999999997
      vertex 125.6600076233257 44.162966095308605 2.6999999999999997
    endloop
  endfacet
  facet normal -2.568121966192249e-17 -5.207636187279921e-17 1
    outer loop
      vertex 131.8 32.57504000000003 2.6999999999999993
      vertex 125.44943816497934 44.23444479473082 2.6999999999999997
      vertex 125.25 44.33279681356646 2.6999999999999997
    endloop
  endfacet
  facet normal -4.0200977701516375e-17 -6.016501489287245e-17 1
    outer loop
      vertex 131.8 32.57504000000003 2.6999999999999993
      vertex 125.25 44.33279681356646 2.6999999999999997
      vertex 125.06510557068518 44.45633932150491 2.6999999999999997
    endloop
  endfacet
  facet normal -1.586206406318399e-17 -4.672813390616586e-17 1
    outer loop
      vertex 131.8 32.57504000000003 2.6999999999999993
      vertex 125.6600076233257 44.162966095308605 2.6999999999999997
      vertex 125.44943816497934 44.23444479473082 2.6999999999999997
    endloop
  endfacet
  facet normal -2.6090081667017272e-18 -3.980577245448935e-17 1
    outer loop
      vertex 131.8 32.57504000000003 2.6999999999999993
      vertex 126.1 44.10504000000003 2.6999999999999997
      vertex 125.8781054732259 44.11958373566455 2.6999999999999997
    endloop
  endfacet
  facet normal 2.445239267403366e-18 -3.7307141892963003e-17 1
    outer loop
      vertex 131.8 32.57504000000003 2.6999999999999993
      vertex 126.32189452677409 44.11958373566455 2.6999999999999997
      vertex 126.1 44.10504000000003 2.6999999999999997
    endloop
  endfacet
  facet normal 6.991720050775535e-18 -3.5149750329157424e-17 1
    outer loop
      vertex 131.8 32.57504000000003 2.6999999999999993
      vertex 126.53999237667429 44.162966095308605 2.6999999999999997
      vertex 126.32189452677409 44.11958373566455 2.6999999999999997
    endloop
  endfacet
  facet normal 1.127217602538557e-17 -3.320675976530884e-17 1
    outer loop
      vertex 131.8 32.57504000000003 2.6999999999999993
      vertex 126.75056183502065 44.23444479473082 2.6999999999999997
      vertex 126.53999237667429 44.162966095308605 2.6999999999999997
    endloop
  endfacet
  facet normal 1.54776052049104e-17 -3.138547857874194e-17 1
    outer loop
      vertex 131.8 32.57504000000003 2.6999999999999993
      vertex 126.94999999999999 44.33279681356646 2.6999999999999997
      vertex 126.75056183502065 44.23444479473082 2.6999999999999997
    endloop
  endfacet
  facet normal 1.978414125588879e-17 -2.9609059812949344e-17 1
    outer loop
      vertex 131.8 32.57504000000003 2.6999999999999993
      vertex 127.13489442931481 44.45633932150491 2.6999999999999997
      vertex 126.94999999999999 44.33279681356646 2.6999999999999997
    endloop
  endfacet
  facet normal 2.4382914317770715e-17 -2.78033850926373e-17 1
    outer loop
      vertex 131.8 32.57504000000003 2.6999999999999993
      vertex 127.30208152801711 44.6029584719829 2.6999999999999997
      vertex 127.13489442931481 44.45633932150491 2.6999999999999997
    endloop
  endfacet
  facet normal 2.9515198181730536e-17 -2.5884134105948655e-17 1
    outer loop
      vertex 131.8 32.57504000000003 2.6999999999999993
      vertex 127.4487006784951 44.7701455706852 2.6999999999999997
      vertex 127.30208152801711 44.6029584719829 2.6999999999999997
    endloop
  endfacet
  facet normal 3.5527681495553085e-17 -2.3738837830130833e-17 1
    outer loop
      vertex 131.8 32.57504000000003 2.6999999999999993
      vertex 127.57224318643355 44.955040000000025 2.6999999999999997
      vertex 127.4487006784951 44.7701455706852 2.6999999999999997
    endloop
  endfacet
  facet normal 4.297818915424128e-17 -2.119449740052275e-17 1
    outer loop
      vertex 131.8 32.57504000000003 2.6999999999999993
      vertex 127.6705952052692 45.154478164979366 2.6999999999999997
      vertex 127.57224318643355 44.955040000000025 2.6999999999999997
    endloop
  endfacet
  facet normal 5.287060390342535e-17 -1.7947151663693954e-17 1
    outer loop
      vertex 131.8 32.57504000000003 2.6999999999999993
      vertex 127.74207390469141 45.36504762332572 2.6999999999999997
      vertex 127.6705952052692 45.154478164979366 2.6999999999999997
    endloop
  endfacet
  facet normal 6.726568924987498e-17 -1.3379977492114974e-17 1
    outer loop
      vertex 131.8 32.57504000000003 2.6999999999999993
      vertex 127.78545626433547 45.583145473225926 2.6999999999999997
      vertex 127.74207390469141 45.36504762332572 2.6999999999999997
    endloop
  endfacet
  facet normal 9.124233300455258e-17 -5.980338460457345e-18 1
    outer loop
      vertex 131.8 32.57504000000003 2.6999999999999993
      vertex 127.79999999999998 45.80504000000002 2.6999999999999997
      vertex 127.78545626433547 45.583145473225926 2.6999999999999997
    endloop
  endfacet
  facet normal 0 0 -1
    outer loop
      vertex 131.8 62.55008000000004 0
      vertex 124.75129932150489 46.83993442931484 0
      vertex 124.62775681356644 46.655040000000014 0
    endloop
  endfacet
  facet normal 0 0 -1
    outer loop
      vertex 131.8 62.55008000000004 0
      vertex 124.89791847198288 47.00712152801714 0
      vertex 124.75129932150489 46.83993442931484 0
    endloop
  endfacet
  facet normal 0 0 -1
    outer loop
      vertex 131.8 62.55008000000004 0
      vertex 125.06510557068518 47.153740678495126 0
      vertex 124.89791847198288 47.00712152801714 0
    endloop
  endfacet
  facet normal 0 0 -1
    outer loop
      vertex 131.8 62.55008000000004 0
      vertex 127.74207390469141 45.36504762332572 0
      vertex 127.78545626433547 45.583145473225926 0
    endloop
  endfacet
  facet normal 0 0 -1
    outer loop
      vertex 131.8 62.55008000000004 0
      vertex 127.78545626433547 45.583145473225926 0
      vertex 127.79999999999998 45.80504000000002 0
    endloop
  endfacet
  facet normal 0 0 -1
    outer loop
      vertex 131.8 62.55008000000004 0
      vertex 127.79999999999998 45.80504000000002 0
      vertex 127.78545626433547 46.02693452677411 0
    endloop
  endfacet
  facet normal 0 0 -1
    outer loop
      vertex 131.8 62.55008000000004 0
      vertex 127.78545626433547 46.02693452677411 0
      vertex 127.74207390469141 46.24503237667432 0
    endloop
  endfacet
  facet normal 0 0 -1
    outer loop
      vertex 131.8 62.55008000000004 0
      vertex 127.74207390469141 46.24503237667432 0
      vertex 127.6705952052692 46.45560183502067 0
    endloop
  endfacet
  facet normal 0 0 -1
    outer loop
      vertex 131.8 62.55008000000004 0
      vertex 125.25 47.27728318643358 0
      vertex 125.06510557068518 47.153740678495126 0
    endloop
  endfacet
  facet normal 0 0 -1
    outer loop
      vertex 131.8 62.55008000000004 0
      vertex 125.44943816497934 47.37563520526922 0
      vertex 125.25 47.27728318643358 0
    endloop
  endfacet
  facet normal 0 0 -1
    outer loop
      vertex 131.8 62.55008000000004 0
      vertex 125.6600076233257 47.447113904691435 0
      vertex 125.44943816497934 47.37563520526922 0
    endloop
  endfacet
  facet normal 0 0 -1
    outer loop
      vertex 131.8 62.55008000000004 0
      vertex 125.8781054732259 47.49049626433549 0
      vertex 125.6600076233257 47.447113904691435 0
    endloop
  endfacet
  facet normal 0 0 -1
    outer loop
      vertex 131.8 62.55008000000004 0
      vertex 126.1 47.50504000000001 0
      vertex 125.8781054732259 47.49049626433549 0
    endloop
  endfacet
  facet normal 0 0 -1
    outer loop
      vertex 131.8 62.55008000000004 0
      vertex 126.32189452677409 47.49049626433549 0
      vertex 126.1 47.50504000000001 0
    endloop
  endfacet
  facet normal 0 0 -1
    outer loop
      vertex 131.8 62.55008000000004 0
      vertex 126.53999237667429 47.447113904691435 0
      vertex 126.32189452677409 47.49049626433549 0
    endloop
  endfacet
  facet normal 0 0 -1
    outer loop
      vertex 131.8 62.55008000000004 0
      vertex 126.75056183502065 47.37563520526922 0
      vertex 126.53999237667429 47.447113904691435 0
    endloop
  endfacet
  facet normal 0 0 -1
    outer loop
      vertex 131.8 62.55008000000004 0
      vertex 127.4487006784951 46.83993442931484 0
      vertex 127.30208152801711 47.00712152801714 0
    endloop
  endfacet
  facet normal 0 0 -1
    outer loop
      vertex 131.8 62.55008000000004 0
      vertex 127.30208152801711 47.00712152801714 0
      vertex 127.13489442931481 47.153740678495126 0
    endloop
  endfacet
  facet normal 0 0 -1
    outer loop
      vertex 131.8 62.55008000000004 0
      vertex 127.6705952052692 46.45560183502067 0
      vertex 127.57224318643355 46.655040000000014 0
    endloop
  endfacet
  facet normal 0 0 -1
    outer loop
      vertex 131.8 62.55008000000004 0
      vertex 127.57224318643355 46.655040000000014 0
      vertex 127.4487006784951 46.83993442931484 0
    endloop
  endfacet
  facet normal 0 0 -1
    outer loop
      vertex 131.8 62.55008000000004 0
      vertex 126.94999999999999 47.27728318643358 0
      vertex 126.75056183502065 47.37563520526922 0
    endloop
  endfacet
  facet normal 0 0 -1
    outer loop
      vertex 131.8 62.55008000000004 0
      vertex 127.13489442931481 47.153740678495126 0
      vertex 126.94999999999999 47.27728318643358 0
    endloop
  endfacet
  facet normal 1 0 0
    outer loop
      vertex 131.8 32.57504000000003 2.6999999999999993
      vertex 131.8 62.55008000000004 0
      vertex 131.8 62.55008000000004 2.7
    endloop
  endfacet
  facet normal 1.3019093020320947e-17 -2.963059998252296e-17 1
    outer loop
      vertex 131.8 32.57504000000003 2.6999999999999993
      vertex 131.8 62.55008000000004 2.7
      vertex 127.79999999999998 45.80504000000002 2.6999999999999997
    endloop
  endfacet
  facet normal -8.711854412349239e-17 -5.7100510572737794e-18 1
    outer loop
      vertex 131.8 62.55008000000004 2.7
      vertex 127.78545626433547 46.02693452677411 2.6999999999999997
      vertex 127.79999999999998 45.80504000000002 2.6999999999999997
    endloop
  endfacet
  facet normal -6.08241255322213e-17 -1.2098670803409766e-17 1
    outer loop
      vertex 131.8 62.55008000000004 2.7
      vertex 127.74207390469141 46.24503237667432 2.6999999999999997
      vertex 127.78545626433547 46.02693452677411 2.6999999999999997
    endloop
  endfacet
  facet normal -4.6294283686862595e-17 -1.5714791758532706e-17 1
    outer loop
      vertex 131.8 62.55008000000004 2.7
      vertex 127.6705952052692 46.45560183502067 2.6999999999999997
      vertex 127.74207390469141 46.24503237667432 2.6999999999999997
    endloop
  endfacet
  facet normal -5.469904441759369e-18 -2.7499066618215722e-17 1
    outer loop
      vertex 131.8 62.55008000000004 2.7
      vertex 126.32189452677409 47.49049626433549 2.6999999999999997
      vertex 126.53999237667429 47.447113904691435 2.6999999999999997
    endloop
  endfacet
  facet normal -8.92607340468145e-18 -2.629536431379766e-17 1
    outer loop
      vertex 131.8 62.55008000000004 2.7
      vertex 126.53999237667429 47.447113904691435 2.6999999999999997
      vertex 126.75056183502065 47.37563520526922 2.6999999999999997
    endloop
  endfacet
  facet normal -2.449643621031574e-17 -2.1482797983654012e-17 1
    outer loop
      vertex 131.8 62.55008000000004 2.7
      vertex 127.30208152801711 47.00712152801714 2.6999999999999997
      vertex 127.4487006784951 46.83993442931484 2.6999999999999997
    endloop
  endfacet
  facet normal -1.998487455189894e-17 -2.2788381895331018e-17 1
    outer loop
      vertex 131.8 62.55008000000004 2.7
      vertex 127.13489442931481 47.153740678495126 2.6999999999999997
      vertex 127.30208152801711 47.00712152801714 2.6999999999999997
    endloop
  endfacet
  facet normal -3.680402113215019e-17 -1.814973468087972e-17 1
    outer loop
      vertex 131.8 62.55008000000004 2.7
      vertex 127.57224318643355 46.655040000000014 2.6999999999999997
      vertex 127.6705952052692 46.45560183502067 2.6999999999999997
    endloop
  endfacet
  facet normal -2.9908052569140184e-17 -1.9983921828468133e-17 1
    outer loop
      vertex 131.8 62.55008000000004 2.7
      vertex 127.4487006784951 46.83993442931484 2.6999999999999997
      vertex 127.57224318643355 46.655040000000014 2.6999999999999997
    endloop
  endfacet
  facet normal -1.239774215490804e-17 -2.5140134127738582e-17 1
    outer loop
      vertex 131.8 62.55008000000004 2.7
      vertex 126.75056183502065 47.37563520526922 2.6999999999999997
      vertex 126.94999999999999 47.27728318643358 2.6999999999999997
    endloop
  endfacet
  facet normal -1.6027845251150988e-17 -2.3987365565981756e-17 1
    outer loop
      vertex 131.8 62.55008000000004 2.7
      vertex 126.94999999999999 47.27728318643358 2.6999999999999997
      vertex 127.13489442931481 47.153740678495126 2.6999999999999997
    endloop
  endfacet
  facet normal 0.6593458151001317 0.7518398074789222 0
    outer loop
      vertex 93.1401955706852 3.6512993215048937 5
      vertex 92.9730084719829 3.7979184719828822 5
      vertex 92.9730084719829 3.7979184719828822 7.699999999999999
    endloop
  endfacet
  facet normal 0.7518398074789222 0.6593458151001317 0
    outer loop
      vertex 92.8263893215049 3.965105570685182 5
      vertex 92.8263893215049 3.965105570685182 7.699999999999999
      vertex 92.9730084719829 3.7979184719828822 5
    endloop
  endfacet
  facet normal 0.321439465303123 0.9469301294951187 0
    outer loop
      vertex 93.52452816497936 3.4294047947308 5
      vertex 93.52452816497936 3.4294047947308 7.699999999999999
      vertex 93.73509762332571 3.357926095308585 5
    endloop
  endfacet
  facet normal 0.19509032201609922 0.9807852804032361 0
    outer loop
      vertex 93.73509762332571 3.357926095308585 5
      vertex 93.73509762332571 3.357926095308585 7.699999999999999
      vertex 93.95319547322592 3.314543735664529 5
    endloop
  endfacet
  facet normal 0.06540312923011986 0.997858923238605 0
    outer loop
      vertex 93.95319547322592 3.314543735664529 5
      vertex 93.95319547322592 3.314543735664529 7.699999999999999
      vertex 94.17509000000001 3.3000000000000114 5
    endloop
  endfacet
  facet normal 0.442288690219009 0.8968727415326844 0
    outer loop
      vertex 93.52452816497936 3.4294047947308 5
      vertex 93.32509000000002 3.527756813566441 5
      vertex 93.32509000000002 3.527756813566441 7.699999999999999
    endloop
  endfacet
  facet normal 0.5555702330196263 0.831469612302529 0
    outer loop
      vertex 93.32509000000002 3.527756813566441 5
      vertex 93.1401955706852 3.6512993215048937 5
      vertex 93.1401955706852 3.6512993215048937 7.699999999999999
    endloop
  endfacet
  facet normal -0.06540312923011986 0.997858923238605 0
    outer loop
      vertex 94.17509000000001 3.3000000000000114 5
      vertex 94.17509000000001 3.3000000000000114 7.699999999999999
      vertex 94.3969845267741 3.314543735664529 5
    endloop
  endfacet
  facet normal -0.19509032201609922 0.9807852804032361 0
    outer loop
      vertex 94.3969845267741 3.314543735664529 5
      vertex 94.3969845267741 3.314543735664529 7.699999999999999
      vertex 94.61508237667431 3.357926095308585 5
    endloop
  endfacet
  facet normal -0.321439465303123 0.9469301294951187 0
    outer loop
      vertex 94.61508237667431 3.357926095308585 5
      vertex 94.61508237667431 3.357926095308585 7.699999999999999
      vertex 94.82565183502066 3.4294047947308 5
    endloop
  endfacet
  facet normal -0.442288690219009 0.8968727415326844 0
    outer loop
      vertex 94.82565183502066 3.4294047947308 5
      vertex 94.82565183502066 3.4294047947308 7.699999999999999
      vertex 95.02509 3.527756813566441 5
    endloop
  endfacet
  facet normal -0.5555702330196263 0.831469612302529 0
    outer loop
      vertex 95.02509 3.527756813566441 5
      vertex 95.02509 3.527756813566441 7.699999999999999
      vertex 95.20998442931483 3.6512993215048937 5
    endloop
  endfacet
  facet normal -0.6593458151001317 0.7518398074789222 0
    outer loop
      vertex 95.20998442931483 3.6512993215048937 5
      vertex 95.20998442931483 3.6512993215048937 7.699999999999999
      vertex 95.37717152801713 3.7979184719828822 5
    endloop
  endfacet
  facet normal -0.7518398074789222 0.6593458151001317 0
    outer loop
      vertex 95.52379067849512 3.965105570685182 5
      vertex 95.37717152801713 3.7979184719828822 5
      vertex 95.37717152801713 3.7979184719828822 7.699999999999999
    endloop
  endfacet
  facet normal 0.831469612302529 0.5555702330196263 0
    outer loop
      vertex 92.8263893215049 3.965105570685182 5
      vertex 92.70284681356645 4.150000000000006 5
      vertex 92.70284681356645 4.150000000000006 7.699999999999999
    endloop
  endfacet
  facet normal 0.8968727415326844 0.442288690219009 0
    outer loop
      vertex 92.70284681356645 4.150000000000006 5
      vertex 92.60449479473081 4.349438164979347 5
      vertex 92.60449479473081 4.349438164979347 7.699999999999999
    endloop
  endfacet
  facet normal 0.9469301294951187 0.321439465303123 0
    outer loop
      vertex 92.60449479473081 4.349438164979347 5
      vertex 92.5330160953086 4.560007623325703 5
      vertex 92.5330160953086 4.560007623325703 7.699999999999999
    endloop
  endfacet
  facet normal 0.9807852804032361 0.19509032201609922 0
    outer loop
      vertex 92.5330160953086 4.560007623325703 5
      vertex 92.48963373566454 4.7781054732259065 5
      vertex 92.48963373566454 4.7781054732259065 7.699999999999999
    endloop
  endfacet
  facet normal 0.997858923238605 0.06540312923011986 0
    outer loop
      vertex 92.48963373566454 4.7781054732259065 5
      vertex 92.47509000000002 5 5
      vertex 92.47509000000002 5 7.699999999999999
    endloop
  endfacet
  facet normal -0.831469612302529 0.5555702330196263 0
    outer loop
      vertex 95.52379067849512 3.965105570685182 5
      vertex 95.52379067849512 3.965105570685182 7.699999999999999
      vertex 95.64733318643357 4.150000000000006 5
    endloop
  endfacet
  facet normal -0.8968727415326844 0.442288690219009 0
    outer loop
      vertex 95.64733318643357 4.150000000000006 5
      vertex 95.64733318643357 4.150000000000006 7.699999999999999
      vertex 95.74568520526921 4.349438164979347 5
    endloop
  endfacet
  facet normal -0.9469301294951187 0.321439465303123 0
    outer loop
      vertex 95.74568520526921 4.349438164979347 5
      vertex 95.74568520526921 4.349438164979347 7.699999999999999
      vertex 95.81716390469143 4.560007623325703 5
    endloop
  endfacet
  facet normal -0.9807852804032361 0.19509032201609922 0
    outer loop
      vertex 95.81716390469143 4.560007623325703 5
      vertex 95.81716390469143 4.560007623325703 7.699999999999999
      vertex 95.86054626433548 4.7781054732259065 5
    endloop
  endfacet
  facet normal -0.997858923238605 0.06540312923011986 0
    outer loop
      vertex 95.86054626433548 4.7781054732259065 5
      vertex 95.86054626433548 4.7781054732259065 7.699999999999999
      vertex 95.87509 5 5
    endloop
  endfacet
  facet normal -1 0 0
    outer loop
      vertex 95.87509 7 5
      vertex 95.87509 5 5
      vertex 95.87509 5 7.699999999999999
    endloop
  endfacet
  facet normal 1 0 0
    outer loop
      vertex 92.47509000000002 5 5
      vertex 92.47509000000002 7 5
      vertex 92.47509000000002 7 7.699999999999999
    endloop
  endfacet
  facet normal 0.997858923238605 -0.06540312923011986 0
    outer loop
      vertex 92.47509000000002 7 5
      vertex 92.48963373566454 7.2218945267740935 5
      vertex 92.48963373566454 7.2218945267740935 7.699999999999999
    endloop
  endfacet
  facet normal 0.9807852804032361 -0.19509032201609922 0
    outer loop
      vertex 92.48963373566454 7.2218945267740935 5
      vertex 92.5330160953086 7.439992376674297 5
      vertex 92.5330160953086 7.439992376674297 7.699999999999999
    endloop
  endfacet
  facet normal 0.9469301294951187 -0.321439465303123 0
    outer loop
      vertex 92.60449479473081 7.650561835020653 5
      vertex 92.60449479473081 7.650561835020653 7.699999999999999
      vertex 92.5330160953086 7.439992376674297 5
    endloop
  endfacet
  facet normal 0.8968727415326844 -0.442288690219009 0
    outer loop
      vertex 92.70284681356645 7.849999999999994 5
      vertex 92.70284681356645 7.849999999999994 7.699999999999999
      vertex 92.60449479473081 7.650561835020653 5
    endloop
  endfacet
  facet normal -0.997858923238605 -0.06540312923011986 0
    outer loop
      vertex 95.87509 7 5
      vertex 95.87509 7 7.699999999999999
      vertex 95.86054626433548 7.2218945267740935 5
    endloop
  endfacet
  facet normal -0.9807852804032361 -0.19509032201609922 0
    outer loop
      vertex 95.86054626433548 7.2218945267740935 5
      vertex 95.86054626433548 7.2218945267740935 7.699999999999999
      vertex 95.81716390469143 7.439992376674297 5
    endloop
  endfacet
  facet normal -0.9469301294951187 -0.321439465303123 0
    outer loop
      vertex 95.81716390469143 7.439992376674297 5
      vertex 95.81716390469143 7.439992376674297 7.699999999999999
      vertex 95.74568520526921 7.650561835020653 5
    endloop
  endfacet
  facet normal -0.8968727415326844 -0.442288690219009 0
    outer loop
      vertex 95.64733318643357 7.849999999999994 5
      vertex 95.74568520526921 7.650561835020653 5
      vertex 95.74568520526921 7.650561835020653 7.699999999999999
    endloop
  endfacet
  facet normal 0.6593458151001317 0.7518398074789222 0
    outer loop
      vertex 93.1401955706852 3.6512993215048937 5
      vertex 92.9730084719829 3.7979184719828822 7.699999999999999
      vertex 93.1401955706852 3.6512993215048937 7.699999999999999
    endloop
  endfacet
  facet normal 0.7518398074789222 0.6593458151001317 0
    outer loop
      vertex 92.9730084719829 3.7979184719828822 5
      vertex 92.8263893215049 3.965105570685182 7.699999999999999
      vertex 92.9730084719829 3.7979184719828822 7.699999999999999
    endloop
  endfacet
  facet normal 0.321439465303123 0.9469301294951187 0
    outer loop
      vertex 93.73509762332571 3.357926095308585 5
      vertex 93.52452816497936 3.4294047947308 7.699999999999999
      vertex 93.73509762332571 3.357926095308585 7.699999999999999
    endloop
  endfacet
  facet normal 0.19509032201609922 0.9807852804032361 0
    outer loop
      vertex 93.95319547322592 3.314543735664529 5
      vertex 93.73509762332571 3.357926095308585 7.699999999999999
      vertex 93.95319547322592 3.314543735664529 7.699999999999999
    endloop
  endfacet
  facet normal 0.06540312923011986 0.997858923238605 0
    outer loop
      vertex 94.17509000000001 3.3000000000000114 5
      vertex 93.95319547322592 3.314543735664529 7.699999999999999
      vertex 94.17509000000001 3.3000000000000114 7.699999999999999
    endloop
  endfacet
  facet normal 0.5555702330196263 0.831469612302529 0
    outer loop
      vertex 93.32509000000002 3.527756813566441 5
      vertex 93.1401955706852 3.6512993215048937 7.699999999999999
      vertex 93.32509000000002 3.527756813566441 7.699999999999999
    endloop
  endfacet
  facet normal 0.442288690219009 0.8968727415326844 0
    outer loop
      vertex 93.52452816497936 3.4294047947308 5
      vertex 93.32509000000002 3.527756813566441 7.699999999999999
      vertex 93.52452816497936 3.4294047947308 7.699999999999999
    endloop
  endfacet
  facet normal -0.06540312923011986 0.997858923238605 0
    outer loop
      vertex 94.3969845267741 3.314543735664529 5
      vertex 94.17509000000001 3.3000000000000114 7.699999999999999
      vertex 94.3969845267741 3.314543735664529 7.699999999999999
    endloop
  endfacet
  facet normal -0.19509032201609922 0.9807852804032361 0
    outer loop
      vertex 94.61508237667431 3.357926095308585 5
      vertex 94.3969845267741 3.314543735664529 7.699999999999999
      vertex 94.61508237667431 3.357926095308585 7.699999999999999
    endloop
  endfacet
  facet normal -0.321439465303123 0.9469301294951187 0
    outer loop
      vertex 94.82565183502066 3.4294047947308 5
      vertex 94.61508237667431 3.357926095308585 7.699999999999999
      vertex 94.82565183502066 3.4294047947308 7.699999999999999
    endloop
  endfacet
  facet normal -0.442288690219009 0.8968727415326844 0
    outer loop
      vertex 95.02509 3.527756813566441 5
      vertex 94.82565183502066 3.4294047947308 7.699999999999999
      vertex 95.02509 3.527756813566441 7.699999999999999
    endloop
  endfacet
  facet normal -0.5555702330196263 0.831469612302529 0
    outer loop
      vertex 95.20998442931483 3.6512993215048937 5
      vertex 95.02509 3.527756813566441 7.699999999999999
      vertex 95.20998442931483 3.6512993215048937 7.699999999999999
    endloop
  endfacet
  facet normal -0.6593458151001317 0.7518398074789222 0
    outer loop
      vertex 95.37717152801713 3.7979184719828822 5
      vertex 95.20998442931483 3.6512993215048937 7.699999999999999
      vertex 95.37717152801713 3.7979184719828822 7.699999999999999
    endloop
  endfacet
  facet normal -0.7518398074789222 0.6593458151001317 0
    outer loop
      vertex 95.52379067849512 3.965105570685182 5
      vertex 95.37717152801713 3.7979184719828822 7.699999999999999
      vertex 95.52379067849512 3.965105570685182 7.699999999999999
    endloop
  endfacet
  facet normal 0.831469612302529 0.5555702330196263 0
    outer loop
      vertex 92.8263893215049 3.965105570685182 5
      vertex 92.70284681356645 4.150000000000006 7.699999999999999
      vertex 92.8263893215049 3.965105570685182 7.699999999999999
    endloop
  endfacet
  facet normal 0.8968727415326844 0.442288690219009 0
    outer loop
      vertex 92.70284681356645 4.150000000000006 5
      vertex 92.60449479473081 4.349438164979347 7.699999999999999
      vertex 92.70284681356645 4.150000000000006 7.699999999999999
    endloop
  endfacet
  facet normal 0.9469301294951187 0.321439465303123 0
    outer loop
      vertex 92.60449479473081 4.349438164979347 5
      vertex 92.5330160953086 4.560007623325703 7.699999999999999
      vertex 92.60449479473081 4.349438164979347 7.699999999999999
    endloop
  endfacet
  facet normal 0.9807852804032361 0.19509032201609922 0
    outer loop
      vertex 92.5330160953086 4.560007623325703 5
      vertex 92.48963373566454 4.7781054732259065 7.699999999999999
      vertex 92.5330160953086 4.560007623325703 7.699999999999999
    endloop
  endfacet
  facet normal 0.997858923238605 0.06540312923011986 0
    outer loop
      vertex 92.48963373566454 4.7781054732259065 5
      vertex 92.47509000000002 5 7.699999999999999
      vertex 92.48963373566454 4.7781054732259065 7.699999999999999
    endloop
  endfacet
  facet normal 1 0 0
    outer loop
      vertex 92.47509000000002 5 5
      vertex 92.47509000000002 7 7.699999999999999
      vertex 92.47509000000002 5 7.699999999999999
    endloop
  endfacet
  facet normal -0.831469612302529 0.5555702330196263 0
    outer loop
      vertex 95.64733318643357 4.150000000000006 5
      vertex 95.52379067849512 3.965105570685182 7.699999999999999
      vertex 95.64733318643357 4.150000000000006 7.699999999999999
    endloop
  endfacet
  facet normal -0.8968727415326844 0.442288690219009 0
    outer loop
      vertex 95.74568520526921 4.349438164979347 5
      vertex 95.64733318643357 4.150000000000006 7.699999999999999
      vertex 95.74568520526921 4.349438164979347 7.699999999999999
    endloop
  endfacet
  facet normal -0.9469301294951187 0.321439465303123 0
    outer loop
      vertex 95.81716390469143 4.560007623325703 5
      vertex 95.74568520526921 4.349438164979347 7.699999999999999
      vertex 95.81716390469143 4.560007623325703 7.699999999999999
    endloop
  endfacet
  facet normal -0.9807852804032361 0.19509032201609922 0
    outer loop
      vertex 95.86054626433548 4.7781054732259065 5
      vertex 95.81716390469143 4.560007623325703 7.699999999999999
      vertex 95.86054626433548 4.7781054732259065 7.699999999999999
    endloop
  endfacet
  facet normal -0.997858923238605 0.06540312923011986 0
    outer loop
      vertex 95.87509 5 5
      vertex 95.86054626433548 4.7781054732259065 7.699999999999999
      vertex 95.87509 5 7.699999999999999
    endloop
  endfacet
  facet normal 0.997858923238605 -0.06540312923011986 0
    outer loop
      vertex 92.47509000000002 7 5
      vertex 92.48963373566454 7.2218945267740935 7.699999999999999
      vertex 92.47509000000002 7 7.699999999999999
    endloop
  endfacet
  facet normal 0.9807852804032361 -0.19509032201609922 0
    outer loop
      vertex 92.48963373566454 7.2218945267740935 5
      vertex 92.5330160953086 7.439992376674297 7.699999999999999
      vertex 92.48963373566454 7.2218945267740935 7.699999999999999
    endloop
  endfacet
  facet normal 0.9469301294951187 -0.321439465303123 0
    outer loop
      vertex 92.5330160953086 7.439992376674297 5
      vertex 92.60449479473081 7.650561835020653 7.699999999999999
      vertex 92.5330160953086 7.439992376674297 7.699999999999999
    endloop
  endfacet
  facet normal 0.8968727415326844 -0.442288690219009 0
    outer loop
      vertex 92.60449479473081 7.650561835020653 5
      vertex 92.70284681356645 7.849999999999994 7.699999999999999
      vertex 92.60449479473081 7.650561835020653 7.699999999999999
    endloop
  endfacet
  facet normal -1 0 0
    outer loop
      vertex 95.87509 7 5
      vertex 95.87509 5 7.699999999999999
      vertex 95.87509 7 7.699999999999999
    endloop
  endfacet
  facet normal -0.997858923238605 -0.06540312923011986 0
    outer loop
      vertex 95.86054626433548 7.2218945267740935 5
      vertex 95.87509 7 7.699999999999999
      vertex 95.86054626433548 7.2218945267740935 7.699999999999999
    endloop
  endfacet
  facet normal -0.9807852804032361 -0.19509032201609922 0
    outer loop
      vertex 95.81716390469143 7.439992376674297 5
      vertex 95.86054626433548 7.2218945267740935 7.699999999999999
      vertex 95.81716390469143 7.439992376674297 7.699999999999999
    endloop
  endfacet
  facet normal -0.9469301294951187 -0.321439465303123 0
    outer loop
      vertex 95.74568520526921 7.650561835020653 5
      vertex 95.81716390469143 7.439992376674297 7.699999999999999
      vertex 95.74568520526921 7.650561835020653 7.699999999999999
    endloop
  endfacet
  facet normal -0.8968727415326844 -0.442288690219009 0
    outer loop
      vertex 95.64733318643357 7.849999999999994 5
      vertex 95.74568520526921 7.650561835020653 7.699999999999999
      vertex 95.64733318643357 7.849999999999994 7.699999999999999
    endloop
  endfacet
  facet normal 0.831469612302529 -0.5555702330196263 0
    outer loop
      vertex 92.70284681356645 7.849999999999994 5
      vertex 92.8263893215049 8.034894429314818 5
      vertex 92.8263893215049 8.034894429314818 7.699999999999999
    endloop
  endfacet
  facet normal 0.7518398074789222 -0.6593458151001317 0
    outer loop
      vertex 92.8263893215049 8.034894429314818 5
      vertex 92.9730084719829 8.202081528017118 5
      vertex 92.9730084719829 8.202081528017118 7.699999999999999
    endloop
  endfacet
  facet normal 0.6593458151001317 -0.7518398074789222 0
    outer loop
      vertex 92.9730084719829 8.202081528017118 5
      vertex 93.1401955706852 8.348700678495106 5
      vertex 93.1401955706852 8.348700678495106 7.699999999999999
    endloop
  endfacet
  facet normal 0.5555702330196263 -0.831469612302529 0
    outer loop
      vertex 93.1401955706852 8.348700678495106 5
      vertex 93.32509000000002 8.472243186433559 5
      vertex 93.32509000000002 8.472243186433559 7.699999999999999
    endloop
  endfacet
  facet normal 0.442288690219009 -0.8968727415326844 0
    outer loop
      vertex 93.32509000000002 8.472243186433559 5
      vertex 93.52452816497936 8.5705952052692 5
      vertex 93.52452816497936 8.5705952052692 7.699999999999999
    endloop
  endfacet
  facet normal 0.321439465303123 -0.9469301294951187 0
    outer loop
      vertex 93.52452816497936 8.5705952052692 5
      vertex 93.73509762332571 8.642073904691415 5
      vertex 93.73509762332571 8.642073904691415 7.699999999999999
    endloop
  endfacet
  facet normal 0.19509032201609922 -0.9807852804032361 0
    outer loop
      vertex 93.73509762332571 8.642073904691415 5
      vertex 93.95319547322592 8.685456264335471 5
      vertex 93.95319547322592 8.685456264335471 7.699999999999999
    endloop
  endfacet
  facet normal 0.06540312923011986 -0.997858923238605 0
    outer loop
      vertex 94.17509000000001 8.699999999999989 5
      vertex 94.17509000000001 8.699999999999989 7.699999999999999
      vertex 93.95319547322592 8.685456264335471 5
    endloop
  endfacet
  facet normal -0.6593458151001317 -0.7518398074789222 0
    outer loop
      vertex 95.37717152801713 8.202081528017118 5
      vertex 95.37717152801713 8.202081528017118 7.699999999999999
      vertex 95.20998442931483 8.348700678495106 5
    endloop
  endfacet
  facet normal -0.06540312923011986 -0.997858923238605 0
    outer loop
      vertex 94.17509000000001 8.699999999999989 5
      vertex 94.3969845267741 8.685456264335471 5
      vertex 94.3969845267741 8.685456264335471 7.699999999999999
    endloop
  endfacet
  facet normal -0.19509032201609922 -0.9807852804032361 0
    outer loop
      vertex 94.3969845267741 8.685456264335471 5
      vertex 94.61508237667431 8.642073904691415 5
      vertex 94.61508237667431 8.642073904691415 7.699999999999999
    endloop
  endfacet
  facet normal -0.321439465303123 -0.9469301294951187 0
    outer loop
      vertex 94.61508237667431 8.642073904691415 5
      vertex 94.82565183502066 8.5705952052692 5
      vertex 94.82565183502066 8.5705952052692 7.699999999999999
    endloop
  endfacet
  facet normal -0.442288690219009 -0.8968727415326844 0
    outer loop
      vertex 95.02509 8.472243186433559 5
      vertex 95.02509 8.472243186433559 7.699999999999999
      vertex 94.82565183502066 8.5705952052692 5
    endloop
  endfacet
  facet normal -0.5555702330196263 -0.831469612302529 0
    outer loop
      vertex 95.02509 8.472243186433559 5
      vertex 95.20998442931483 8.348700678495106 5
      vertex 95.20998442931483 8.348700678495106 7.699999999999999
    endloop
  endfacet
  facet normal -0.831469612302529 -0.5555702330196263 0
    outer loop
      vertex 95.64733318643357 7.849999999999994 5
      vertex 95.64733318643357 7.849999999999994 7.699999999999999
      vertex 95.52379067849512 8.034894429314818 5
    endloop
  endfacet
  facet normal -0.7518398074789222 -0.6593458151001317 0
    outer loop
      vertex 95.52379067849512 8.034894429314818 5
      vertex 95.52379067849512 8.034894429314818 7.699999999999999
      vertex 95.37717152801713 8.202081528017118 5
    endloop
  endfacet
  facet normal 0.831469612302529 -0.5555702330196263 0
    outer loop
      vertex 92.70284681356645 7.849999999999994 5
      vertex 92.8263893215049 8.034894429314818 7.699999999999999
      vertex 92.70284681356645 7.849999999999994 7.699999999999999
    endloop
  endfacet
  facet normal 0.7518398074789222 -0.6593458151001317 0
    outer loop
      vertex 92.8263893215049 8.034894429314818 5
      vertex 92.9730084719829 8.202081528017118 7.699999999999999
      vertex 92.8263893215049 8.034894429314818 7.699999999999999
    endloop
  endfacet
  facet normal 0.6593458151001317 -0.7518398074789222 0
    outer loop
      vertex 92.9730084719829 8.202081528017118 5
      vertex 93.1401955706852 8.348700678495106 7.699999999999999
      vertex 92.9730084719829 8.202081528017118 7.699999999999999
    endloop
  endfacet
  facet normal 0.5555702330196263 -0.831469612302529 0
    outer loop
      vertex 93.1401955706852 8.348700678495106 5
      vertex 93.32509000000002 8.472243186433559 7.699999999999999
      vertex 93.1401955706852 8.348700678495106 7.699999999999999
    endloop
  endfacet
  facet normal 0.442288690219009 -0.8968727415326844 0
    outer loop
      vertex 93.32509000000002 8.472243186433559 5
      vertex 93.52452816497936 8.5705952052692 7.699999999999999
      vertex 93.32509000000002 8.472243186433559 7.699999999999999
    endloop
  endfacet
  facet normal 0.321439465303123 -0.9469301294951187 0
    outer loop
      vertex 93.52452816497936 8.5705952052692 5
      vertex 93.73509762332571 8.642073904691415 7.699999999999999
      vertex 93.52452816497936 8.5705952052692 7.699999999999999
    endloop
  endfacet
  facet normal 0.19509032201609922 -0.9807852804032361 0
    outer loop
      vertex 93.73509762332571 8.642073904691415 5
      vertex 93.95319547322592 8.685456264335471 7.699999999999999
      vertex 93.73509762332571 8.642073904691415 7.699999999999999
    endloop
  endfacet
  facet normal 0.06540312923011986 -0.997858923238605 0
    outer loop
      vertex 93.95319547322592 8.685456264335471 5
      vertex 94.17509000000001 8.699999999999989 7.699999999999999
      vertex 93.95319547322592 8.685456264335471 7.699999999999999
    endloop
  endfacet
  facet normal -0.6593458151001317 -0.7518398074789222 0
    outer loop
      vertex 95.20998442931483 8.348700678495106 5
      vertex 95.37717152801713 8.202081528017118 7.699999999999999
      vertex 95.20998442931483 8.348700678495106 7.699999999999999
    endloop
  endfacet
  facet normal -0.19509032201609922 -0.9807852804032361 0
    outer loop
      vertex 94.3969845267741 8.685456264335471 5
      vertex 94.61508237667431 8.642073904691415 7.699999999999999
      vertex 94.3969845267741 8.685456264335471 7.699999999999999
    endloop
  endfacet
  facet normal -0.06540312923011986 -0.997858923238605 0
    outer loop
      vertex 94.17509000000001 8.699999999999989 5
      vertex 94.3969845267741 8.685456264335471 7.699999999999999
      vertex 94.17509000000001 8.699999999999989 7.699999999999999
    endloop
  endfacet
  facet normal -0.321439465303123 -0.9469301294951187 0
    outer loop
      vertex 94.61508237667431 8.642073904691415 5
      vertex 94.82565183502066 8.5705952052692 7.699999999999999
      vertex 94.61508237667431 8.642073904691415 7.699999999999999
    endloop
  endfacet
  facet normal -0.442288690219009 -0.8968727415326844 0
    outer loop
      vertex 94.82565183502066 8.5705952052692 5
      vertex 95.02509 8.472243186433559 7.699999999999999
      vertex 94.82565183502066 8.5705952052692 7.699999999999999
    endloop
  endfacet
  facet normal -0.5555702330196263 -0.831469612302529 0
    outer loop
      vertex 95.02509 8.472243186433559 5
      vertex 95.20998442931483 8.348700678495106 7.699999999999999
      vertex 95.02509 8.472243186433559 7.699999999999999
    endloop
  endfacet
  facet normal -0.831469612302529 -0.5555702330196263 0
    outer loop
      vertex 95.52379067849512 8.034894429314818 5
      vertex 95.64733318643357 7.849999999999994 7.699999999999999
      vertex 95.52379067849512 8.034894429314818 7.699999999999999
    endloop
  endfacet
  facet normal -0.7518398074789222 -0.6593458151001317 0
    outer loop
      vertex 95.37717152801713 8.202081528017118 5
      vertex 95.52379067849512 8.034894429314818 7.699999999999999
      vertex 95.37717152801713 8.202081528017118 7.699999999999999
    endloop
  endfacet
  facet normal 0.751839807478954 0.6593458151000955 0
    outer loop
      vertex 12.697918471982874 14.5429584719829 5
      vertex 12.5512993215049 14.7101455706852 5
      vertex 12.5512993215049 14.7101455706852 7.699999999999999
    endloop
  endfacet
  facet normal 0.8314696123025586 0.5555702330195821 0
    outer loop
      vertex 12.5512993215049 14.7101455706852 5
      vertex 12.427756813566461 14.895040000000023 5
      vertex 12.427756813566461 14.895040000000023 7.699999999999999
    endloop
  endfacet
  facet normal 0.8968727415326844 0.442288690219009 0
    outer loop
      vertex 12.427756813566461 14.895040000000023 5
      vertex 12.32940479473082 15.094478164979364 5
      vertex 12.32940479473082 15.094478164979364 7.699999999999999
    endloop
  endfacet
  facet normal 0.9469301294950992 0.3214394653031803 0
    outer loop
      vertex 12.32940479473082 15.094478164979364 5
      vertex 12.25792609530859 15.30504762332572 5
      vertex 12.25792609530859 15.30504762332572 7.699999999999999
    endloop
  endfacet
  facet normal 0.9807852804032361 0.19509032201609922 0
    outer loop
      vertex 12.25792609530859 15.30504762332572 5
      vertex 12.214543735664535 15.523145473225924 5
      vertex 12.214543735664535 15.523145473225924 7.699999999999999
    endloop
  endfacet
  facet normal 0.3214394653031036 0.9469301294951254 0
    outer loop
      vertex 13.249438164979352 14.174444794730817 5
      vertex 13.249438164979352 14.174444794730817 7.699999999999999
      vertex 13.460007623325723 14.102966095308602 5
    endloop
  endfacet
  facet normal 0.19509032201611146 0.9807852804032338 0
    outer loop
      vertex 13.460007623325723 14.102966095308602 5
      vertex 13.460007623325723 14.102966095308602 7.699999999999999
      vertex 13.678105473225912 14.059583735664546 5
    endloop
  endfacet
  facet normal 0.06540312923011986 0.997858923238605 0
    outer loop
      vertex 13.678105473225912 14.059583735664546 5
      vertex 13.678105473225912 14.059583735664546 7.699999999999999
      vertex 13.900000000000006 14.045040000000029 5
    endloop
  endfacet
  facet normal 0.5555702330196263 0.831469612302529 0
    outer loop
      vertex 12.865105570685188 14.396339321504911 5
      vertex 12.865105570685188 14.396339321504911 7.699999999999999
      vertex 13.050000000000011 14.272796813566458 5
    endloop
  endfacet
  facet normal 0.442288690219009 0.8968727415326844 0
    outer loop
      vertex 13.050000000000011 14.272796813566458 5
      vertex 13.050000000000011 14.272796813566458 7.699999999999999
      vertex 13.249438164979352 14.174444794730817 5
    endloop
  endfacet
  facet normal 0.6593458151000999 0.7518398074789501 0
    outer loop
      vertex 12.865105570685188 14.396339321504911 5
      vertex 12.697918471982874 14.5429584719829 5
      vertex 12.697918471982874 14.5429584719829 7.699999999999999
    endloop
  endfacet
  facet normal -0.06540312923011986 0.997858923238605 0
    outer loop
      vertex 13.900000000000006 14.045040000000029 5
      vertex 13.900000000000006 14.045040000000029 7.699999999999999
      vertex 14.1218945267741 14.059583735664546 5
    endloop
  endfacet
  facet normal -0.19509032201611146 0.9807852804032338 0
    outer loop
      vertex 14.1218945267741 14.059583735664546 5
      vertex 14.1218945267741 14.059583735664546 7.699999999999999
      vertex 14.339992376674289 14.102966095308602 5
    endloop
  endfacet
  facet normal -0.3214394653031036 0.9469301294951254 0
    outer loop
      vertex 14.339992376674289 14.102966095308602 5
      vertex 14.339992376674289 14.102966095308602 7.699999999999999
      vertex 14.550561835020659 14.174444794730817 5
    endloop
  endfacet
  facet normal -0.442288690219009 0.8968727415326844 0
    outer loop
      vertex 14.550561835020659 14.174444794730817 5
      vertex 14.550561835020659 14.174444794730817 7.699999999999999
      vertex 14.75 14.272796813566458 5
    endloop
  endfacet
  facet normal -0.5555702330196263 0.831469612302529 0
    outer loop
      vertex 14.75 14.272796813566458 5
      vertex 14.75 14.272796813566458 7.699999999999999
      vertex 14.934894429314824 14.396339321504911 5
    endloop
  endfacet
  facet normal -0.6593458151000999 0.7518398074789501 0
    outer loop
      vertex 14.934894429314824 14.396339321504911 5
      vertex 14.934894429314824 14.396339321504911 7.699999999999999
      vertex 15.102081528017138 14.5429584719829 5
    endloop
  endfacet
  facet normal -0.751839807478954 0.6593458151000955 0
    outer loop
      vertex 15.102081528017138 14.5429584719829 5
      vertex 15.102081528017138 14.5429584719829 7.699999999999999
      vertex 15.248700678495112 14.7101455706852 5
    endloop
  endfacet
  facet normal -0.8314696123025586 0.5555702330195821 0
    outer loop
      vertex 15.248700678495112 14.7101455706852 5
      vertex 15.248700678495112 14.7101455706852 7.699999999999999
      vertex 15.37224318643355 14.895040000000023 5
    endloop
  endfacet
  facet normal -0.8968727415326844 0.442288690219009 0
    outer loop
      vertex 15.37224318643355 14.895040000000023 5
      vertex 15.37224318643355 14.895040000000023 7.699999999999999
      vertex 15.470595205269191 15.094478164979364 5
    endloop
  endfacet
  facet normal -0.9469301294950992 0.3214394653031803 0
    outer loop
      vertex 15.470595205269191 15.094478164979364 5
      vertex 15.470595205269191 15.094478164979364 7.699999999999999
      vertex 15.54207390469142 15.30504762332572 5
    endloop
  endfacet
  facet normal -0.9807852804032361 0.19509032201609922 0
    outer loop
      vertex 15.54207390469142 15.30504762332572 5
      vertex 15.54207390469142 15.30504762332572 7.699999999999999
      vertex 15.585456264335477 15.523145473225924 5
    endloop
  endfacet
  facet normal -0.9978589232386009 0.0654031292301835 0
    outer loop
      vertex 15.585456264335477 15.523145473225924 5
      vertex 15.585456264335477 15.523145473225924 7.699999999999999
      vertex 15.600000000000009 15.745040000000017 5
    endloop
  endfacet
  facet normal 0.751839807478954 0.6593458151000955 0
    outer loop
      vertex 12.697918471982874 14.5429584719829 5
      vertex 12.5512993215049 14.7101455706852 7.699999999999999
      vertex 12.697918471982874 14.5429584719829 7.699999999999999
    endloop
  endfacet
  facet normal 0.8314696123025586 0.5555702330195821 0
    outer loop
      vertex 12.5512993215049 14.7101455706852 5
      vertex 12.427756813566461 14.895040000000023 7.699999999999999
      vertex 12.5512993215049 14.7101455706852 7.699999999999999
    endloop
  endfacet
  facet normal 0.8968727415326844 0.442288690219009 0
    outer loop
      vertex 12.427756813566461 14.895040000000023 5
      vertex 12.32940479473082 15.094478164979364 7.699999999999999
      vertex 12.427756813566461 14.895040000000023 7.699999999999999
    endloop
  endfacet
  facet normal 0.9469301294950992 0.3214394653031803 0
    outer loop
      vertex 12.32940479473082 15.094478164979364 5
      vertex 12.25792609530859 15.30504762332572 7.699999999999999
      vertex 12.32940479473082 15.094478164979364 7.699999999999999
    endloop
  endfacet
  facet normal 0.9807852804032361 0.19509032201609922 0
    outer loop
      vertex 12.25792609530859 15.30504762332572 5
      vertex 12.214543735664535 15.523145473225924 7.699999999999999
      vertex 12.25792609530859 15.30504762332572 7.699999999999999
    endloop
  endfacet
  facet normal 0.9978589232386009 0.0654031292301835 0
    outer loop
      vertex 12.214543735664535 15.523145473225924 5
      vertex 12.200000000000003 15.745040000000017 7.699999999999999
      vertex 12.214543735664535 15.523145473225924 7.699999999999999
    endloop
  endfacet
  facet normal 0.3214394653031036 0.9469301294951254 0
    outer loop
      vertex 13.460007623325723 14.102966095308602 5
      vertex 13.249438164979352 14.174444794730817 7.699999999999999
      vertex 13.460007623325723 14.102966095308602 7.699999999999999
    endloop
  endfacet
  facet normal 0.19509032201611146 0.9807852804032338 0
    outer loop
      vertex 13.678105473225912 14.059583735664546 5
      vertex 13.460007623325723 14.102966095308602 7.699999999999999
      vertex 13.678105473225912 14.059583735664546 7.699999999999999
    endloop
  endfacet
  facet normal 0.5555702330196263 0.831469612302529 0
    outer loop
      vertex 13.050000000000011 14.272796813566458 5
      vertex 12.865105570685188 14.396339321504911 7.699999999999999
      vertex 13.050000000000011 14.272796813566458 7.699999999999999
    endloop
  endfacet
  facet normal 0.442288690219009 0.8968727415326844 0
    outer loop
      vertex 13.249438164979352 14.174444794730817 5
      vertex 13.050000000000011 14.272796813566458 7.699999999999999
      vertex 13.249438164979352 14.174444794730817 7.699999999999999
    endloop
  endfacet
  facet normal 0.6593458151000999 0.7518398074789501 0
    outer loop
      vertex 12.865105570685188 14.396339321504911 5
      vertex 12.697918471982874 14.5429584719829 7.699999999999999
      vertex 12.865105570685188 14.396339321504911 7.699999999999999
    endloop
  endfacet
  facet normal 0.06540312923011986 0.997858923238605 0
    outer loop
      vertex 13.900000000000006 14.045040000000029 5
      vertex 13.678105473225912 14.059583735664546 7.699999999999999
      vertex 13.900000000000006 14.045040000000029 7.699999999999999
    endloop
  endfacet
  facet normal -0.06540312923011986 0.997858923238605 0
    outer loop
      vertex 14.1218945267741 14.059583735664546 5
      vertex 13.900000000000006 14.045040000000029 7.699999999999999
      vertex 14.1218945267741 14.059583735664546 7.699999999999999
    endloop
  endfacet
  facet normal -0.19509032201611146 0.9807852804032338 0
    outer loop
      vertex 14.339992376674289 14.102966095308602 5
      vertex 14.1218945267741 14.059583735664546 7.699999999999999
      vertex 14.339992376674289 14.102966095308602 7.699999999999999
    endloop
  endfacet
  facet normal -0.3214394653031036 0.9469301294951254 0
    outer loop
      vertex 14.550561835020659 14.174444794730817 5
      vertex 14.339992376674289 14.102966095308602 7.699999999999999
      vertex 14.550561835020659 14.174444794730817 7.699999999999999
    endloop
  endfacet
  facet normal -0.442288690219009 0.8968727415326844 0
    outer loop
      vertex 14.75 14.272796813566458 5
      vertex 14.550561835020659 14.174444794730817 7.699999999999999
      vertex 14.75 14.272796813566458 7.699999999999999
    endloop
  endfacet
  facet normal -0.5555702330196263 0.831469612302529 0
    outer loop
      vertex 14.934894429314824 14.396339321504911 5
      vertex 14.75 14.272796813566458 7.699999999999999
      vertex 14.934894429314824 14.396339321504911 7.699999999999999
    endloop
  endfacet
  facet normal -0.6593458151000999 0.7518398074789501 0
    outer loop
      vertex 15.102081528017138 14.5429584719829 5
      vertex 14.934894429314824 14.396339321504911 7.699999999999999
      vertex 15.102081528017138 14.5429584719829 7.699999999999999
    endloop
  endfacet
  facet normal -0.751839807478954 0.6593458151000955 0
    outer loop
      vertex 15.248700678495112 14.7101455706852 5
      vertex 15.102081528017138 14.5429584719829 7.699999999999999
      vertex 15.248700678495112 14.7101455706852 7.699999999999999
    endloop
  endfacet
  facet normal -0.8314696123025586 0.5555702330195821 0
    outer loop
      vertex 15.37224318643355 14.895040000000023 5
      vertex 15.248700678495112 14.7101455706852 7.699999999999999
      vertex 15.37224318643355 14.895040000000023 7.699999999999999
    endloop
  endfacet
  facet normal -0.8968727415326844 0.442288690219009 0
    outer loop
      vertex 15.470595205269191 15.094478164979364 5
      vertex 15.37224318643355 14.895040000000023 7.699999999999999
      vertex 15.470595205269191 15.094478164979364 7.699999999999999
    endloop
  endfacet
  facet normal -0.9469301294950992 0.3214394653031803 0
    outer loop
      vertex 15.54207390469142 15.30504762332572 5
      vertex 15.470595205269191 15.094478164979364 7.699999999999999
      vertex 15.54207390469142 15.30504762332572 7.699999999999999
    endloop
  endfacet
  facet normal -0.9807852804032361 0.19509032201609922 0
    outer loop
      vertex 15.585456264335477 15.523145473225924 5
      vertex 15.54207390469142 15.30504762332572 7.699999999999999
      vertex 15.585456264335477 15.523145473225924 7.699999999999999
    endloop
  endfacet
  facet normal 0.9978589232386009 0.0654031292301835 0
    outer loop
      vertex 12.214543735664535 15.523145473225924 5
      vertex 12.200000000000003 15.745040000000017 5
      vertex 12.200000000000003 15.745040000000017 7.699999999999999
    endloop
  endfacet
  facet normal 1 0 0
    outer loop
      vertex 12.200000000000003 15.745040000000017 5
      vertex 12.200000000000003 17.745040000000017 5
      vertex 12.200000000000003 17.745040000000017 7.699999999999999
    endloop
  endfacet
  facet normal 0.9978589232386009 -0.0654031292301835 0
    outer loop
      vertex 12.200000000000003 17.745040000000017 5
      vertex 12.214543735664535 17.96693452677411 5
      vertex 12.214543735664535 17.96693452677411 7.699999999999999
    endloop
  endfacet
  facet normal 0.9807852804032361 -0.19509032201609922 0
    outer loop
      vertex 12.214543735664535 17.96693452677411 5
      vertex 12.25792609530859 18.185032376674314 5
      vertex 12.25792609530859 18.185032376674314 7.699999999999999
    endloop
  endfacet
  facet normal 0.9469301294950992 -0.3214394653031803 0
    outer loop
      vertex 12.32940479473082 18.39560183502067 5
      vertex 12.32940479473082 18.39560183502067 7.699999999999999
      vertex 12.25792609530859 18.185032376674314 5
    endloop
  endfacet
  facet normal 0.8968727415326844 -0.442288690219009 0
    outer loop
      vertex 12.32940479473082 18.39560183502067 5
      vertex 12.427756813566461 18.59504000000001 5
      vertex 12.427756813566461 18.59504000000001 7.699999999999999
    endloop
  endfacet
  facet normal 0.8314696123025586 -0.5555702330195821 0
    outer loop
      vertex 12.427756813566461 18.59504000000001 5
      vertex 12.5512993215049 18.779934429314835 5
      vertex 12.5512993215049 18.779934429314835 7.699999999999999
    endloop
  endfacet
  facet normal 0.751839807478954 -0.6593458151000955 0
    outer loop
      vertex 12.5512993215049 18.779934429314835 5
      vertex 12.697918471982874 18.947121528017135 5
      vertex 12.697918471982874 18.947121528017135 7.699999999999999
    endloop
  endfacet
  facet normal -1 0 0
    outer loop
      vertex 15.600000000000009 15.745040000000017 5
      vertex 15.600000000000009 15.745040000000017 7.699999999999999
      vertex 15.600000000000009 17.745040000000017 5
    endloop
  endfacet
  facet normal 0.6593458151000999 -0.7518398074789501 0
    outer loop
      vertex 12.697918471982874 18.947121528017135 5
      vertex 12.865105570685188 19.093740678495124 5
      vertex 12.865105570685188 19.093740678495124 7.699999999999999
    endloop
  endfacet
  facet normal 0.5555702330196263 -0.831469612302529 0
    outer loop
      vertex 13.050000000000011 19.217283186433576 5
      vertex 13.050000000000011 19.217283186433576 7.699999999999999
      vertex 12.865105570685188 19.093740678495124 5
    endloop
  endfacet
  facet normal 0.442288690219009 -0.8968727415326844 0
    outer loop
      vertex 13.050000000000011 19.217283186433576 5
      vertex 13.249438164979352 19.315635205269217 5
      vertex 13.249438164979352 19.315635205269217 7.699999999999999
    endloop
  endfacet
  facet normal 0.3214394653031036 -0.9469301294951254 0
    outer loop
      vertex 13.249438164979352 19.315635205269217 5
      vertex 13.460007623325723 19.387113904691432 5
      vertex 13.460007623325723 19.387113904691432 7.699999999999999
    endloop
  endfacet
  facet normal 0.19509032201611146 -0.9807852804032338 0
    outer loop
      vertex 13.460007623325723 19.387113904691432 5
      vertex 13.678105473225912 19.43049626433549 5
      vertex 13.678105473225912 19.43049626433549 7.699999999999999
    endloop
  endfacet
  facet normal 0.06540312923011986 -0.997858923238605 0
    outer loop
      vertex 13.678105473225912 19.43049626433549 5
      vertex 13.900000000000006 19.445040000000006 5
      vertex 13.900000000000006 19.445040000000006 7.699999999999999
    endloop
  endfacet
  facet normal -0.06540312923011986 -0.997858923238605 0
    outer loop
      vertex 13.900000000000006 19.445040000000006 5
      vertex 14.1218945267741 19.43049626433549 5
      vertex 14.1218945267741 19.43049626433549 7.699999999999999
    endloop
  endfacet
  facet normal -0.19509032201611146 -0.9807852804032338 0
    outer loop
      vertex 14.339992376674289 19.387113904691432 5
      vertex 14.339992376674289 19.387113904691432 7.699999999999999
      vertex 14.1218945267741 19.43049626433549 5
    endloop
  endfacet
  facet normal -0.5555702330196263 -0.831469612302529 0
    outer loop
      vertex 14.75 19.217283186433576 5
      vertex 14.934894429314824 19.093740678495124 5
      vertex 14.934894429314824 19.093740678495124 7.699999999999999
    endloop
  endfacet
  facet normal -0.442288690219009 -0.8968727415326844 0
    outer loop
      vertex 14.75 19.217283186433576 5
      vertex 14.75 19.217283186433576 7.699999999999999
      vertex 14.550561835020659 19.315635205269217 5
    endloop
  endfacet
  facet normal -0.3214394653031036 -0.9469301294951254 0
    outer loop
      vertex 14.550561835020659 19.315635205269217 5
      vertex 14.550561835020659 19.315635205269217 7.699999999999999
      vertex 14.339992376674289 19.387113904691432 5
    endloop
  endfacet
  facet normal -0.9978589232386009 -0.0654031292301835 0
    outer loop
      vertex 15.600000000000009 17.745040000000017 5
      vertex 15.600000000000009 17.745040000000017 7.699999999999999
      vertex 15.585456264335477 17.96693452677411 5
    endloop
  endfacet
  facet normal -0.9807852804032361 -0.19509032201609922 0
    outer loop
      vertex 15.585456264335477 17.96693452677411 5
      vertex 15.585456264335477 17.96693452677411 7.699999999999999
      vertex 15.54207390469142 18.185032376674314 5
    endloop
  endfacet
  facet normal -0.8968727415326844 -0.442288690219009 0
    outer loop
      vertex 15.470595205269191 18.39560183502067 5
      vertex 15.470595205269191 18.39560183502067 7.699999999999999
      vertex 15.37224318643355 18.59504000000001 5
    endloop
  endfacet
  facet normal -0.9469301294950992 -0.3214394653031803 0
    outer loop
      vertex 15.54207390469142 18.185032376674314 5
      vertex 15.54207390469142 18.185032376674314 7.699999999999999
      vertex 15.470595205269191 18.39560183502067 5
    endloop
  endfacet
  facet normal -0.8314696123025586 -0.5555702330195821 0
    outer loop
      vertex 15.248700678495112 18.779934429314835 5
      vertex 15.37224318643355 18.59504000000001 5
      vertex 15.37224318643355 18.59504000000001 7.699999999999999
    endloop
  endfacet
  facet normal -0.6593458151000999 -0.7518398074789501 0
    outer loop
      vertex 15.102081528017138 18.947121528017135 5
      vertex 15.102081528017138 18.947121528017135 7.699999999999999
      vertex 14.934894429314824 19.093740678495124 5
    endloop
  endfacet
  facet normal -0.751839807478954 -0.6593458151000955 0
    outer loop
      vertex 15.248700678495112 18.779934429314835 5
      vertex 15.248700678495112 18.779934429314835 7.699999999999999
      vertex 15.102081528017138 18.947121528017135 5
    endloop
  endfacet
  facet normal 1 0 0
    outer loop
      vertex 12.200000000000003 15.745040000000017 7.699999999999999
      vertex 12.200000000000003 15.745040000000017 5
      vertex 12.200000000000003 17.745040000000017 7.699999999999999
    endloop
  endfacet
  facet normal 0.9978589232386009 -0.0654031292301835 0
    outer loop
      vertex 12.200000000000003 17.745040000000017 5
      vertex 12.214543735664535 17.96693452677411 7.699999999999999
      vertex 12.200000000000003 17.745040000000017 7.699999999999999
    endloop
  endfacet
  facet normal 0.9807852804032361 -0.19509032201609922 0
    outer loop
      vertex 12.214543735664535 17.96693452677411 5
      vertex 12.25792609530859 18.185032376674314 7.699999999999999
      vertex 12.214543735664535 17.96693452677411 7.699999999999999
    endloop
  endfacet
  facet normal 0.9469301294950992 -0.3214394653031803 0
    outer loop
      vertex 12.25792609530859 18.185032376674314 5
      vertex 12.32940479473082 18.39560183502067 7.699999999999999
      vertex 12.25792609530859 18.185032376674314 7.699999999999999
    endloop
  endfacet
  facet normal 0.8968727415326844 -0.442288690219009 0
    outer loop
      vertex 12.32940479473082 18.39560183502067 5
      vertex 12.427756813566461 18.59504000000001 7.699999999999999
      vertex 12.32940479473082 18.39560183502067 7.699999999999999
    endloop
  endfacet
  facet normal 0.8314696123025586 -0.5555702330195821 0
    outer loop
      vertex 12.427756813566461 18.59504000000001 5
      vertex 12.5512993215049 18.779934429314835 7.699999999999999
      vertex 12.427756813566461 18.59504000000001 7.699999999999999
    endloop
  endfacet
  facet normal 0.751839807478954 -0.6593458151000955 0
    outer loop
      vertex 12.5512993215049 18.779934429314835 5
      vertex 12.697918471982874 18.947121528017135 7.699999999999999
      vertex 12.5512993215049 18.779934429314835 7.699999999999999
    endloop
  endfacet
  facet normal -0.9978589232386009 0.0654031292301835 0
    outer loop
      vertex 15.600000000000009 15.745040000000017 5
      vertex 15.585456264335477 15.523145473225924 7.699999999999999
      vertex 15.600000000000009 15.745040000000017 7.699999999999999
    endloop
  endfacet
  facet normal -1 0 0
    outer loop
      vertex 15.600000000000009 17.745040000000017 5
      vertex 15.600000000000009 15.745040000000017 7.699999999999999
      vertex 15.600000000000009 17.745040000000017 7.699999999999999
    endloop
  endfacet
  facet normal 0.6593458151000999 -0.7518398074789501 0
    outer loop
      vertex 12.697918471982874 18.947121528017135 5
      vertex 12.865105570685188 19.093740678495124 7.699999999999999
      vertex 12.697918471982874 18.947121528017135 7.699999999999999
    endloop
  endfacet
  facet normal 0.5555702330196263 -0.831469612302529 0
    outer loop
      vertex 12.865105570685188 19.093740678495124 5
      vertex 13.050000000000011 19.217283186433576 7.699999999999999
      vertex 12.865105570685188 19.093740678495124 7.699999999999999
    endloop
  endfacet
  facet normal 0.442288690219009 -0.8968727415326844 0
    outer loop
      vertex 13.050000000000011 19.217283186433576 5
      vertex 13.249438164979352 19.315635205269217 7.699999999999999
      vertex 13.050000000000011 19.217283186433576 7.699999999999999
    endloop
  endfacet
  facet normal 0.3214394653031036 -0.9469301294951254 0
    outer loop
      vertex 13.249438164979352 19.315635205269217 5
      vertex 13.460007623325723 19.387113904691432 7.699999999999999
      vertex 13.249438164979352 19.315635205269217 7.699999999999999
    endloop
  endfacet
  facet normal 0.19509032201611146 -0.9807852804032338 0
    outer loop
      vertex 13.460007623325723 19.387113904691432 5
      vertex 13.678105473225912 19.43049626433549 7.699999999999999
      vertex 13.460007623325723 19.387113904691432 7.699999999999999
    endloop
  endfacet
  facet normal 0.06540312923011986 -0.997858923238605 0
    outer loop
      vertex 13.678105473225912 19.43049626433549 5
      vertex 13.900000000000006 19.445040000000006 7.699999999999999
      vertex 13.678105473225912 19.43049626433549 7.699999999999999
    endloop
  endfacet
  facet normal -0.06540312923011986 -0.997858923238605 0
    outer loop
      vertex 13.900000000000006 19.445040000000006 5
      vertex 14.1218945267741 19.43049626433549 7.699999999999999
      vertex 13.900000000000006 19.445040000000006 7.699999999999999
    endloop
  endfacet
  facet normal -0.19509032201611146 -0.9807852804032338 0
    outer loop
      vertex 14.1218945267741 19.43049626433549 5
      vertex 14.339992376674289 19.387113904691432 7.699999999999999
      vertex 14.1218945267741 19.43049626433549 7.699999999999999
    endloop
  endfacet
  facet normal -0.442288690219009 -0.8968727415326844 0
    outer loop
      vertex 14.550561835020659 19.315635205269217 5
      vertex 14.75 19.217283186433576 7.699999999999999
      vertex 14.550561835020659 19.315635205269217 7.699999999999999
    endloop
  endfacet
  facet normal -0.5555702330196263 -0.831469612302529 0
    outer loop
      vertex 14.75 19.217283186433576 5
      vertex 14.934894429314824 19.093740678495124 7.699999999999999
      vertex 14.75 19.217283186433576 7.699999999999999
    endloop
  endfacet
  facet normal -0.3214394653031036 -0.9469301294951254 0
    outer loop
      vertex 14.339992376674289 19.387113904691432 5
      vertex 14.550561835020659 19.315635205269217 7.699999999999999
      vertex 14.339992376674289 19.387113904691432 7.699999999999999
    endloop
  endfacet
  facet normal -0.9978589232386009 -0.0654031292301835 0
    outer loop
      vertex 15.585456264335477 17.96693452677411 5
      vertex 15.600000000000009 17.745040000000017 7.699999999999999
      vertex 15.585456264335477 17.96693452677411 7.699999999999999
    endloop
  endfacet
  facet normal -0.8968727415326844 -0.442288690219009 0
    outer loop
      vertex 15.37224318643355 18.59504000000001 5
      vertex 15.470595205269191 18.39560183502067 7.699999999999999
      vertex 15.37224318643355 18.59504000000001 7.699999999999999
    endloop
  endfacet
  facet normal -0.9807852804032361 -0.19509032201609922 0
    outer loop
      vertex 15.54207390469142 18.185032376674314 5
      vertex 15.585456264335477 17.96693452677411 7.699999999999999
      vertex 15.54207390469142 18.185032376674314 7.699999999999999
    endloop
  endfacet
  facet normal -0.9469301294950992 -0.3214394653031803 0
    outer loop
      vertex 15.470595205269191 18.39560183502067 5
      vertex 15.54207390469142 18.185032376674314 7.699999999999999
      vertex 15.470595205269191 18.39560183502067 7.699999999999999
    endloop
  endfacet
  facet normal -0.8314696123025586 -0.5555702330195821 0
    outer loop
      vertex 15.248700678495112 18.779934429314835 5
      vertex 15.37224318643355 18.59504000000001 7.699999999999999
      vertex 15.248700678495112 18.779934429314835 7.699999999999999
    endloop
  endfacet
  facet normal -0.751839807478954 -0.6593458151000955 0
    outer loop
      vertex 15.102081528017138 18.947121528017135 5
      vertex 15.248700678495112 18.779934429314835 7.699999999999999
      vertex 15.102081528017138 18.947121528017135 7.699999999999999
    endloop
  endfacet
  facet normal -0.6593458151000999 -0.7518398074789501 0
    outer loop
      vertex 14.934894429314824 19.093740678495124 5
      vertex 15.102081528017138 18.947121528017135 7.699999999999999
      vertex 14.934894429314824 19.093740678495124 7.699999999999999
    endloop
  endfacet
  facet normal 0.751839807478954 0.6593458151000955 0
    outer loop
      vertex 44.62282847198286 55.34799847198292 0
      vertex 44.47620932150488 55.51518557068522 0
      vertex 44.47620932150488 55.51518557068522 2.7
    endloop
  endfacet
  facet normal 0.8314696123025586 0.5555702330195821 0
    outer loop
      vertex 44.47620932150488 55.51518557068522 0
      vertex 44.352666813566444 55.70008000000004 0
      vertex 44.352666813566444 55.70008000000004 2.7
    endloop
  endfacet
  facet normal 0.5555702330196264 0.8314696123025291 0
    outer loop
      vertex 44.79001557068517 55.20137932150493 0
      vertex 44.79001557068517 55.20137932150493 2.7
      vertex 44.974909999999994 55.07783681356648 0
    endloop
  endfacet
  facet normal 0.442288690219009 0.8968727415326845 0
    outer loop
      vertex 44.974909999999994 55.07783681356648 0
      vertex 44.974909999999994 55.07783681356648 2.7
      vertex 45.174348164979335 54.97948479473084 0
    endloop
  endfacet
  facet normal 0.3214394653031036 0.9469301294951254 0
    outer loop
      vertex 45.174348164979335 54.97948479473084 0
      vertex 45.174348164979335 54.97948479473084 2.7
      vertex 45.384917623325705 54.90800609530862 0
    endloop
  endfacet
  facet normal 0.19509032201611146 0.9807852804032338 0
    outer loop
      vertex 45.384917623325705 54.90800609530862 0
      vertex 45.384917623325705 54.90800609530862 2.7
      vertex 45.603015473225895 54.864623735664566 0
    endloop
  endfacet
  facet normal 0.06540312923011987 0.997858923238605 0
    outer loop
      vertex 45.603015473225895 54.864623735664566 0
      vertex 45.603015473225895 54.864623735664566 2.7
      vertex 45.82490999999999 54.85008000000005 0
    endloop
  endfacet
  facet normal 0.6593458151001 0.7518398074789502 0
    outer loop
      vertex 44.79001557068517 55.20137932150493 0
      vertex 44.62282847198286 55.34799847198292 0
      vertex 44.62282847198286 55.34799847198292 2.7
    endloop
  endfacet
  facet normal 0.8968727415326845 0.442288690219009 0
    outer loop
      vertex 44.352666813566444 55.70008000000004 0
      vertex 44.2543147947308 55.89951816497938 0
      vertex 44.2543147947308 55.89951816497938 2.7
    endloop
  endfacet
  facet normal 0.9469301294950992 0.32143946530318024 0
    outer loop
      vertex 44.2543147947308 55.89951816497938 0
      vertex 44.18283609530857 56.11008762332574 0
      vertex 44.18283609530857 56.11008762332574 2.7
    endloop
  endfacet
  facet normal 0.9807852804032363 0.19509032201609922 0
    outer loop
      vertex 44.18283609530857 56.11008762332574 0
      vertex 44.13945373566452 56.32818547322594 0
      vertex 44.13945373566452 56.32818547322594 2.7
    endloop
  endfacet
  facet normal 0.9978589232386009 0.0654031292301835 0
    outer loop
      vertex 44.13945373566452 56.32818547322594 0
      vertex 44.124909999999986 56.55008000000004 0
      vertex 44.124909999999986 56.55008000000004 2.7
    endloop
  endfacet
  facet normal -0.06540312923011987 0.997858923238605 0
    outer loop
      vertex 45.82490999999999 54.85008000000005 0
      vertex 45.82490999999999 54.85008000000005 2.7
      vertex 46.04680452677408 54.864623735664566 0
    endloop
  endfacet
  facet normal -0.19509032201611146 0.9807852804032338 0
    outer loop
      vertex 46.04680452677408 54.864623735664566 0
      vertex 46.04680452677408 54.864623735664566 2.7
      vertex 46.26490237667427 54.90800609530862 0
    endloop
  endfacet
  facet normal -0.3214394653031036 0.9469301294951254 0
    outer loop
      vertex 46.26490237667427 54.90800609530862 0
      vertex 46.26490237667427 54.90800609530862 2.7
      vertex 46.47547183502064 54.97948479473084 0
    endloop
  endfacet
  facet normal -0.442288690219009 0.8968727415326845 0
    outer loop
      vertex 46.47547183502064 54.97948479473084 0
      vertex 46.47547183502064 54.97948479473084 2.7
      vertex 46.67490999999998 55.07783681356648 0
    endloop
  endfacet
  facet normal -0.5555702330196264 0.8314696123025291 0
    outer loop
      vertex 46.67490999999998 55.07783681356648 0
      vertex 46.67490999999998 55.07783681356648 2.7
      vertex 46.859804429314806 55.20137932150493 0
    endloop
  endfacet
  facet normal -0.6593458151001 0.7518398074789502 0
    outer loop
      vertex 46.859804429314806 55.20137932150493 0
      vertex 46.859804429314806 55.20137932150493 2.7
      vertex 47.02699152801712 55.34799847198292 0
    endloop
  endfacet
  facet normal -0.751839807478954 0.6593458151000955 0
    outer loop
      vertex 47.02699152801712 55.34799847198292 0
      vertex 47.02699152801712 55.34799847198292 2.7
      vertex 47.173610678495095 55.51518557068522 0
    endloop
  endfacet
  facet normal -0.8314696123025586 0.5555702330195821 0
    outer loop
      vertex 47.29715318643353 55.70008000000004 0
      vertex 47.173610678495095 55.51518557068522 0
      vertex 47.173610678495095 55.51518557068522 2.7
    endloop
  endfacet
  facet normal -0.8968727415326845 0.442288690219009 0
    outer loop
      vertex 47.395505205269174 55.89951816497938 0
      vertex 47.29715318643353 55.70008000000004 0
      vertex 47.29715318643353 55.70008000000004 2.7
    endloop
  endfacet
  facet normal -0.9469301294950992 0.32143946530318024 0
    outer loop
      vertex 47.4669839046914 56.11008762332574 0
      vertex 47.395505205269174 55.89951816497938 0
      vertex 47.395505205269174 55.89951816497938 2.7
    endloop
  endfacet
  facet normal -0.9807852804032363 0.19509032201609922 0
    outer loop
      vertex 47.51036626433546 56.32818547322594 0
      vertex 47.4669839046914 56.11008762332574 0
      vertex 47.4669839046914 56.11008762332574 2.7
    endloop
  endfacet
  facet normal -0.9978589232386009 0.0654031292301835 0
    outer loop
      vertex 47.52490999999999 56.55008000000004 0
      vertex 47.51036626433546 56.32818547322594 0
      vertex 47.51036626433546 56.32818547322594 2.7
    endloop
  endfacet
  facet normal -0.9978589232386009 -0.0654031292301835 0
    outer loop
      vertex 47.51036626433546 56.77197452677413 0
      vertex 47.52490999999999 56.55008000000004 0
      vertex 47.52490999999999 56.55008000000004 2.7
    endloop
  endfacet
  facet normal 0.9978589232386009 -0.0654031292301835 0
    outer loop
      vertex 44.124909999999986 56.55008000000004 0
      vertex 44.13945373566452 56.77197452677413 0
      vertex 44.13945373566452 56.77197452677413 2.7
    endloop
  endfacet
  facet normal 0.9807852804032363 -0.19509032201609922 0
    outer loop
      vertex 44.13945373566452 56.77197452677413 0
      vertex 44.18283609530857 56.990072376674334 0
      vertex 44.18283609530857 56.990072376674334 2.7
    endloop
  endfacet
  facet normal 0.9469301294950992 -0.32143946530318024 0
    outer loop
      vertex 44.18283609530857 56.990072376674334 0
      vertex 44.2543147947308 57.20064183502069 0
      vertex 44.2543147947308 57.20064183502069 2.7
    endloop
  endfacet
  facet normal 0.8968727415326845 -0.442288690219009 0
    outer loop
      vertex 44.2543147947308 57.20064183502069 0
      vertex 44.352666813566444 57.40008000000003 0
      vertex 44.352666813566444 57.40008000000003 2.7
    endloop
  endfacet
  facet normal 0.8314696123025586 -0.5555702330195821 0
    outer loop
      vertex 44.352666813566444 57.40008000000003 0
      vertex 44.47620932150488 57.584974429314855 0
      vertex 44.47620932150488 57.584974429314855 2.7
    endloop
  endfacet
  facet normal 0.751839807478954 -0.6593458151000955 0
    outer loop
      vertex 44.47620932150488 57.584974429314855 0
      vertex 44.62282847198286 57.752161528017155 0
      vertex 44.62282847198286 57.752161528017155 2.7
    endloop
  endfacet
  facet normal 0.6593458151001 -0.7518398074789502 0
    outer loop
      vertex 44.79001557068517 57.89878067849514 0
      vertex 44.79001557068517 57.89878067849514 2.7
      vertex 44.62282847198286 57.752161528017155 0
    endloop
  endfacet
  facet normal 0.5555702330196264 -0.8314696123025291 0
    outer loop
      vertex 44.974909999999994 58.022323186433596 0
      vertex 44.974909999999994 58.022323186433596 2.7
      vertex 44.79001557068517 57.89878067849514 0
    endloop
  endfacet
  facet normal 0.442288690219009 -0.8968727415326845 0
    outer loop
      vertex 45.174348164979335 58.12067520526924 0
      vertex 45.174348164979335 58.12067520526924 2.7
      vertex 44.974909999999994 58.022323186433596 0
    endloop
  endfacet
  facet normal 0.3214394653031036 -0.9469301294951254 0
    outer loop
      vertex 45.384917623325705 58.19215390469145 0
      vertex 45.384917623325705 58.19215390469145 2.7
      vertex 45.174348164979335 58.12067520526924 0
    endloop
  endfacet
  facet normal 0.19509032201611146 -0.9807852804032338 0
    outer loop
      vertex 45.603015473225895 58.23553626433551 0
      vertex 45.603015473225895 58.23553626433551 2.7
      vertex 45.384917623325705 58.19215390469145 0
    endloop
  endfacet
  facet normal 0.06540312923011987 -0.997858923238605 0
    outer loop
      vertex 45.82490999999999 58.250080000000025 0
      vertex 45.82490999999999 58.250080000000025 2.7
      vertex 45.603015473225895 58.23553626433551 0
    endloop
  endfacet
  facet normal -0.9807852804032363 -0.19509032201609922 0
    outer loop
      vertex 47.4669839046914 56.990072376674334 0
      vertex 47.51036626433546 56.77197452677413 0
      vertex 47.51036626433546 56.77197452677413 2.7
    endloop
  endfacet
  facet normal -0.9469301294950992 -0.32143946530318024 0
    outer loop
      vertex 47.395505205269174 57.20064183502069 0
      vertex 47.4669839046914 56.990072376674334 0
      vertex 47.4669839046914 56.990072376674334 2.7
    endloop
  endfacet
  facet normal -0.8968727415326845 -0.442288690219009 0
    outer loop
      vertex 47.29715318643353 57.40008000000003 0
      vertex 47.395505205269174 57.20064183502069 0
      vertex 47.395505205269174 57.20064183502069 2.7
    endloop
  endfacet
  facet normal -0.751839807478954 -0.6593458151000955 0
    outer loop
      vertex 47.02699152801712 57.752161528017155 0
      vertex 47.173610678495095 57.584974429314855 0
      vertex 47.173610678495095 57.584974429314855 2.7
    endloop
  endfacet
  facet normal -0.8314696123025586 -0.5555702330195821 0
    outer loop
      vertex 47.173610678495095 57.584974429314855 0
      vertex 47.29715318643353 57.40008000000003 0
      vertex 47.29715318643353 57.40008000000003 2.7
    endloop
  endfacet
  facet normal -0.3214394653031036 -0.9469301294951254 0
    outer loop
      vertex 46.47547183502064 58.12067520526924 0
      vertex 46.47547183502064 58.12067520526924 2.7
      vertex 46.26490237667427 58.19215390469145 0
    endloop
  endfacet
  facet normal -0.5555702330196264 -0.8314696123025291 0
    outer loop
      vertex 46.859804429314806 57.89878067849514 0
      vertex 46.859804429314806 57.89878067849514 2.7
      vertex 46.67490999999998 58.022323186433596 0
    endloop
  endfacet
  facet normal -0.442288690219009 -0.8968727415326845 0
    outer loop
      vertex 46.67490999999998 58.022323186433596 0
      vertex 46.67490999999998 58.022323186433596 2.7
      vertex 46.47547183502064 58.12067520526924 0
    endloop
  endfacet
  facet normal -0.06540312923011987 -0.997858923238605 0
    outer loop
      vertex 46.04680452677408 58.23553626433551 0
      vertex 46.04680452677408 58.23553626433551 2.7
      vertex 45.82490999999999 58.250080000000025 0
    endloop
  endfacet
  facet normal -0.19509032201611146 -0.9807852804032338 0
    outer loop
      vertex 46.26490237667427 58.19215390469145 0
      vertex 46.26490237667427 58.19215390469145 2.7
      vertex 46.04680452677408 58.23553626433551 0
    endloop
  endfacet
  facet normal -0.6593458151001 -0.7518398074789502 0
    outer loop
      vertex 47.02699152801712 57.752161528017155 0
      vertex 47.02699152801712 57.752161528017155 2.7
      vertex 46.859804429314806 57.89878067849514 0
    endloop
  endfacet
  facet normal 0.751839807478954 0.6593458151000955 0
    outer loop
      vertex 44.62282847198286 55.34799847198292 0
      vertex 44.47620932150488 55.51518557068522 2.7
      vertex 44.62282847198286 55.34799847198292 2.7
    endloop
  endfacet
  facet normal 0.8314696123025586 0.5555702330195821 0
    outer loop
      vertex 44.47620932150488 55.51518557068522 0
      vertex 44.352666813566444 55.70008000000004 2.7
      vertex 44.47620932150488 55.51518557068522 2.7
    endloop
  endfacet
  facet normal 0.5555702330196264 0.8314696123025291 0
    outer loop
      vertex 44.974909999999994 55.07783681356648 0
      vertex 44.79001557068517 55.20137932150493 2.7
      vertex 44.974909999999994 55.07783681356648 2.7
    endloop
  endfacet
  facet normal 0.442288690219009 0.8968727415326845 0
    outer loop
      vertex 45.174348164979335 54.97948479473084 0
      vertex 44.974909999999994 55.07783681356648 2.7
      vertex 45.174348164979335 54.97948479473084 2.7
    endloop
  endfacet
  facet normal 0.3214394653031036 0.9469301294951254 0
    outer loop
      vertex 45.384917623325705 54.90800609530862 0
      vertex 45.174348164979335 54.97948479473084 2.7
      vertex 45.384917623325705 54.90800609530862 2.7
    endloop
  endfacet
  facet normal 0.19509032201611146 0.9807852804032338 0
    outer loop
      vertex 45.603015473225895 54.864623735664566 0
      vertex 45.384917623325705 54.90800609530862 2.7
      vertex 45.603015473225895 54.864623735664566 2.7
    endloop
  endfacet
  facet normal 0.06540312923011987 0.997858923238605 0
    outer loop
      vertex 45.82490999999999 54.85008000000005 0
      vertex 45.603015473225895 54.864623735664566 2.7
      vertex 45.82490999999999 54.85008000000005 2.7
    endloop
  endfacet
  facet normal 0.6593458151001 0.7518398074789502 0
    outer loop
      vertex 44.79001557068517 55.20137932150493 0
      vertex 44.62282847198286 55.34799847198292 2.7
      vertex 44.79001557068517 55.20137932150493 2.7
    endloop
  endfacet
  facet normal 0.8968727415326845 0.442288690219009 0
    outer loop
      vertex 44.352666813566444 55.70008000000004 0
      vertex 44.2543147947308 55.89951816497938 2.7
      vertex 44.352666813566444 55.70008000000004 2.7
    endloop
  endfacet
  facet normal 0.9469301294950992 0.32143946530318024 0
    outer loop
      vertex 44.2543147947308 55.89951816497938 0
      vertex 44.18283609530857 56.11008762332574 2.7
      vertex 44.2543147947308 55.89951816497938 2.7
    endloop
  endfacet
  facet normal 0.9807852804032363 0.19509032201609922 0
    outer loop
      vertex 44.18283609530857 56.11008762332574 0
      vertex 44.13945373566452 56.32818547322594 2.7
      vertex 44.18283609530857 56.11008762332574 2.7
    endloop
  endfacet
  facet normal 0.9978589232386009 0.0654031292301835 0
    outer loop
      vertex 44.13945373566452 56.32818547322594 0
      vertex 44.124909999999986 56.55008000000004 2.7
      vertex 44.13945373566452 56.32818547322594 2.7
    endloop
  endfacet
  facet normal 0.9978589232386009 -0.0654031292301835 0
    outer loop
      vertex 44.124909999999986 56.55008000000004 0
      vertex 44.13945373566452 56.77197452677413 2.7
      vertex 44.124909999999986 56.55008000000004 2.7
    endloop
  endfacet
  facet normal -0.06540312923011987 0.997858923238605 0
    outer loop
      vertex 46.04680452677408 54.864623735664566 0
      vertex 45.82490999999999 54.85008000000005 2.7
      vertex 46.04680452677408 54.864623735664566 2.7
    endloop
  endfacet
  facet normal -0.19509032201611146 0.9807852804032338 0
    outer loop
      vertex 46.26490237667427 54.90800609530862 0
      vertex 46.04680452677408 54.864623735664566 2.7
      vertex 46.26490237667427 54.90800609530862 2.7
    endloop
  endfacet
  facet normal -0.3214394653031036 0.9469301294951254 0
    outer loop
      vertex 46.47547183502064 54.97948479473084 0
      vertex 46.26490237667427 54.90800609530862 2.7
      vertex 46.47547183502064 54.97948479473084 2.7
    endloop
  endfacet
  facet normal -0.442288690219009 0.8968727415326845 0
    outer loop
      vertex 46.67490999999998 55.07783681356648 0
      vertex 46.47547183502064 54.97948479473084 2.7
      vertex 46.67490999999998 55.07783681356648 2.7
    endloop
  endfacet
  facet normal -0.5555702330196264 0.8314696123025291 0
    outer loop
      vertex 46.859804429314806 55.20137932150493 0
      vertex 46.67490999999998 55.07783681356648 2.7
      vertex 46.859804429314806 55.20137932150493 2.7
    endloop
  endfacet
  facet normal -0.6593458151001 0.7518398074789502 0
    outer loop
      vertex 47.02699152801712 55.34799847198292 0
      vertex 46.859804429314806 55.20137932150493 2.7
      vertex 47.02699152801712 55.34799847198292 2.7
    endloop
  endfacet
  facet normal -0.751839807478954 0.6593458151000955 0
    outer loop
      vertex 47.173610678495095 55.51518557068522 0
      vertex 47.02699152801712 55.34799847198292 2.7
      vertex 47.173610678495095 55.51518557068522 2.7
    endloop
  endfacet
  facet normal -0.8314696123025586 0.5555702330195821 0
    outer loop
      vertex 47.29715318643353 55.70008000000004 0
      vertex 47.173610678495095 55.51518557068522 2.7
      vertex 47.29715318643353 55.70008000000004 2.7
    endloop
  endfacet
  facet normal -0.8968727415326845 0.442288690219009 0
    outer loop
      vertex 47.395505205269174 55.89951816497938 0
      vertex 47.29715318643353 55.70008000000004 2.7
      vertex 47.395505205269174 55.89951816497938 2.7
    endloop
  endfacet
  facet normal -0.9469301294950992 0.32143946530318024 0
    outer loop
      vertex 47.4669839046914 56.11008762332574 0
      vertex 47.395505205269174 55.89951816497938 2.7
      vertex 47.4669839046914 56.11008762332574 2.7
    endloop
  endfacet
  facet normal -0.9807852804032363 0.19509032201609922 0
    outer loop
      vertex 47.51036626433546 56.32818547322594 0
      vertex 47.4669839046914 56.11008762332574 2.7
      vertex 47.51036626433546 56.32818547322594 2.7
    endloop
  endfacet
  facet normal -0.9978589232386009 0.0654031292301835 0
    outer loop
      vertex 47.52490999999999 56.55008000000004 0
      vertex 47.51036626433546 56.32818547322594 2.7
      vertex 47.52490999999999 56.55008000000004 2.7
    endloop
  endfacet
  facet normal 0.9807852804032363 -0.19509032201609922 0
    outer loop
      vertex 44.13945373566452 56.77197452677413 0
      vertex 44.18283609530857 56.990072376674334 2.7
      vertex 44.13945373566452 56.77197452677413 2.7
    endloop
  endfacet
  facet normal 0.9469301294950992 -0.32143946530318024 0
    outer loop
      vertex 44.18283609530857 56.990072376674334 0
      vertex 44.2543147947308 57.20064183502069 2.7
      vertex 44.18283609530857 56.990072376674334 2.7
    endloop
  endfacet
  facet normal 0.8968727415326845 -0.442288690219009 0
    outer loop
      vertex 44.2543147947308 57.20064183502069 0
      vertex 44.352666813566444 57.40008000000003 2.7
      vertex 44.2543147947308 57.20064183502069 2.7
    endloop
  endfacet
  facet normal 0.8314696123025586 -0.5555702330195821 0
    outer loop
      vertex 44.352666813566444 57.40008000000003 0
      vertex 44.47620932150488 57.584974429314855 2.7
      vertex 44.352666813566444 57.40008000000003 2.7
    endloop
  endfacet
  facet normal 0.751839807478954 -0.6593458151000955 0
    outer loop
      vertex 44.47620932150488 57.584974429314855 0
      vertex 44.62282847198286 57.752161528017155 2.7
      vertex 44.47620932150488 57.584974429314855 2.7
    endloop
  endfacet
  facet normal 0.6593458151001 -0.7518398074789502 0
    outer loop
      vertex 44.62282847198286 57.752161528017155 0
      vertex 44.79001557068517 57.89878067849514 2.7
      vertex 44.62282847198286 57.752161528017155 2.7
    endloop
  endfacet
  facet normal 0.5555702330196264 -0.8314696123025291 0
    outer loop
      vertex 44.79001557068517 57.89878067849514 0
      vertex 44.974909999999994 58.022323186433596 2.7
      vertex 44.79001557068517 57.89878067849514 2.7
    endloop
  endfacet
  facet normal 0.442288690219009 -0.8968727415326845 0
    outer loop
      vertex 44.974909999999994 58.022323186433596 0
      vertex 45.174348164979335 58.12067520526924 2.7
      vertex 44.974909999999994 58.022323186433596 2.7
    endloop
  endfacet
  facet normal 0.3214394653031036 -0.9469301294951254 0
    outer loop
      vertex 45.174348164979335 58.12067520526924 0
      vertex 45.384917623325705 58.19215390469145 2.7
      vertex 45.174348164979335 58.12067520526924 2.7
    endloop
  endfacet
  facet normal 0.19509032201611146 -0.9807852804032338 0
    outer loop
      vertex 45.384917623325705 58.19215390469145 0
      vertex 45.603015473225895 58.23553626433551 2.7
      vertex 45.384917623325705 58.19215390469145 2.7
    endloop
  endfacet
  facet normal 0.06540312923011987 -0.997858923238605 0
    outer loop
      vertex 45.603015473225895 58.23553626433551 0
      vertex 45.82490999999999 58.250080000000025 2.7
      vertex 45.603015473225895 58.23553626433551 2.7
    endloop
  endfacet
  facet normal -0.9978589232386009 -0.0654031292301835 0
    outer loop
      vertex 47.51036626433546 56.77197452677413 0
      vertex 47.52490999999999 56.55008000000004 2.7
      vertex 47.51036626433546 56.77197452677413 2.7
    endloop
  endfacet
  facet normal -0.9807852804032363 -0.19509032201609922 0
    outer loop
      vertex 47.4669839046914 56.990072376674334 0
      vertex 47.51036626433546 56.77197452677413 2.7
      vertex 47.4669839046914 56.990072376674334 2.7
    endloop
  endfacet
  facet normal -0.9469301294950992 -0.32143946530318024 0
    outer loop
      vertex 47.395505205269174 57.20064183502069 0
      vertex 47.4669839046914 56.990072376674334 2.7
      vertex 47.395505205269174 57.20064183502069 2.7
    endloop
  endfacet
  facet normal -0.8968727415326845 -0.442288690219009 0
    outer loop
      vertex 47.29715318643353 57.40008000000003 0
      vertex 47.395505205269174 57.20064183502069 2.7
      vertex 47.29715318643353 57.40008000000003 2.7
    endloop
  endfacet
  facet normal -0.8314696123025586 -0.5555702330195821 0
    outer loop
      vertex 47.173610678495095 57.584974429314855 0
      vertex 47.29715318643353 57.40008000000003 2.7
      vertex 47.173610678495095 57.584974429314855 2.7
    endloop
  endfacet
  facet normal -0.442288690219009 -0.8968727415326845 0
    outer loop
      vertex 46.47547183502064 58.12067520526924 0
      vertex 46.67490999999998 58.022323186433596 2.7
      vertex 46.47547183502064 58.12067520526924 2.7
    endloop
  endfacet
  facet normal -0.5555702330196264 -0.8314696123025291 0
    outer loop
      vertex 46.67490999999998 58.022323186433596 0
      vertex 46.859804429314806 57.89878067849514 2.7
      vertex 46.67490999999998 58.022323186433596 2.7
    endloop
  endfacet
  facet normal -0.06540312923011987 -0.997858923238605 0
    outer loop
      vertex 45.82490999999999 58.250080000000025 0
      vertex 46.04680452677408 58.23553626433551 2.7
      vertex 45.82490999999999 58.250080000000025 2.7
    endloop
  endfacet
  facet normal -0.19509032201611146 -0.9807852804032338 0
    outer loop
      vertex 46.04680452677408 58.23553626433551 0
      vertex 46.26490237667427 58.19215390469145 2.7
      vertex 46.04680452677408 58.23553626433551 2.7
    endloop
  endfacet
  facet normal -0.3214394653031036 -0.9469301294951254 0
    outer loop
      vertex 46.26490237667427 58.19215390469145 0
      vertex 46.47547183502064 58.12067520526924 2.7
      vertex 46.26490237667427 58.19215390469145 2.7
    endloop
  endfacet
  facet normal -0.751839807478954 -0.6593458151000955 0
    outer loop
      vertex 47.02699152801712 57.752161528017155 0
      vertex 47.173610678495095 57.584974429314855 2.7
      vertex 47.02699152801712 57.752161528017155 2.7
    endloop
  endfacet
  facet normal -0.6593458151001 -0.7518398074789502 0
    outer loop
      vertex 46.859804429314806 57.89878067849514 0
      vertex 47.02699152801712 57.752161528017155 2.7
      vertex 46.859804429314806 57.89878067849514 2.7
    endloop
  endfacet
  facet normal 0.6593458151001317 0.7518398074789223 0
    outer loop
      vertex 125.06510557068518 44.45633932150491 0
      vertex 124.89791847198288 44.6029584719829 0
      vertex 124.89791847198288 44.6029584719829 2.6999999999999997
    endloop
  endfacet
  facet normal 0.7518398074789223 0.6593458151001317 0
    outer loop
      vertex 124.89791847198288 44.6029584719829 0
      vertex 124.75129932150489 44.7701455706852 0
      vertex 124.75129932150489 44.7701455706852 2.6999999999999997
    endloop
  endfacet
  facet normal 0.8314696123025291 0.5555702330196264 0
    outer loop
      vertex 124.75129932150489 44.7701455706852 0
      vertex 124.62775681356644 44.955040000000025 0
      vertex 124.62775681356644 44.955040000000025 2.6999999999999997
    endloop
  endfacet
  facet normal 0.32143946530312295 0.9469301294951187 0
    outer loop
      vertex 125.44943816497934 44.23444479473082 0
      vertex 125.44943816497934 44.23444479473082 2.6999999999999997
      vertex 125.6600076233257 44.162966095308605 0
    endloop
  endfacet
  facet normal 0.4422886902190091 0.8968727415326846 0
    outer loop
      vertex 125.25 44.33279681356646 0
      vertex 125.25 44.33279681356646 2.6999999999999997
      vertex 125.44943816497934 44.23444479473082 0
    endloop
  endfacet
  facet normal 0.5555702330196264 0.8314696123025291 0
    outer loop
      vertex 125.06510557068518 44.45633932150491 0
      vertex 125.06510557068518 44.45633932150491 2.6999999999999997
      vertex 125.25 44.33279681356646 0
    endloop
  endfacet
  facet normal 0.19509032201609924 0.9807852804032363 0
    outer loop
      vertex 125.6600076233257 44.162966095308605 0
      vertex 125.6600076233257 44.162966095308605 2.6999999999999997
      vertex 125.8781054732259 44.11958373566455 0
    endloop
  endfacet
  facet normal 0.06540312923011987 0.997858923238605 0
    outer loop
      vertex 125.8781054732259 44.11958373566455 0
      vertex 125.8781054732259 44.11958373566455 2.6999999999999997
      vertex 126.1 44.10504000000003 0
    endloop
  endfacet
  facet normal -0.06540312923011987 0.997858923238605 0
    outer loop
      vertex 126.1 44.10504000000003 0
      vertex 126.1 44.10504000000003 2.6999999999999997
      vertex 126.32189452677409 44.11958373566455 0
    endloop
  endfacet
  facet normal -0.19509032201609924 0.9807852804032363 0
    outer loop
      vertex 126.32189452677409 44.11958373566455 0
      vertex 126.32189452677409 44.11958373566455 2.6999999999999997
      vertex 126.53999237667429 44.162966095308605 0
    endloop
  endfacet
  facet normal -0.32143946530312295 0.9469301294951187 0
    outer loop
      vertex 126.53999237667429 44.162966095308605 0
      vertex 126.53999237667429 44.162966095308605 2.6999999999999997
      vertex 126.75056183502065 44.23444479473082 0
    endloop
  endfacet
  facet normal -0.4422886902190091 0.8968727415326846 0
    outer loop
      vertex 126.75056183502065 44.23444479473082 0
      vertex 126.75056183502065 44.23444479473082 2.6999999999999997
      vertex 126.94999999999999 44.33279681356646 0
    endloop
  endfacet
  facet normal -0.5555702330196264 0.8314696123025291 0
    outer loop
      vertex 126.94999999999999 44.33279681356646 0
      vertex 126.94999999999999 44.33279681356646 2.6999999999999997
      vertex 127.13489442931481 44.45633932150491 0
    endloop
  endfacet
  facet normal -0.6593458151001317 0.7518398074789223 0
    outer loop
      vertex 127.13489442931481 44.45633932150491 0
      vertex 127.13489442931481 44.45633932150491 2.6999999999999997
      vertex 127.30208152801711 44.6029584719829 0
    endloop
  endfacet
  facet normal 0.9469301294951187 0.32143946530312295 0
    outer loop
      vertex 124.5294047947308 45.154478164979366 0
      vertex 124.45792609530858 45.36504762332572 0
      vertex 124.45792609530858 45.36504762332572 2.6999999999999997
    endloop
  endfacet
  facet normal 0.8968727415326846 0.4422886902190091 0
    outer loop
      vertex 124.62775681356644 44.955040000000025 0
      vertex 124.5294047947308 45.154478164979366 0
      vertex 124.5294047947308 45.154478164979366 2.6999999999999997
    endloop
  endfacet
  facet normal 0.9807852804032363 0.19509032201609924 0
    outer loop
      vertex 124.45792609530858 45.36504762332572 0
      vertex 124.41454373566452 45.583145473225926 0
      vertex 124.41454373566452 45.583145473225926 2.6999999999999997
    endloop
  endfacet
  facet normal 0.997858923238605 0.06540312923011987 0
    outer loop
      vertex 124.41454373566452 45.583145473225926 0
      vertex 124.4 45.80504000000002 0
      vertex 124.4 45.80504000000002 2.6999999999999997
    endloop
  endfacet
  facet normal 0.997858923238605 -0.06540312923011987 0
    outer loop
      vertex 124.4 45.80504000000002 0
      vertex 124.41454373566452 46.02693452677411 0
      vertex 124.41454373566452 46.02693452677411 2.6999999999999997
    endloop
  endfacet
  facet normal 0.9807852804032363 -0.19509032201609924 0
    outer loop
      vertex 124.41454373566452 46.02693452677411 0
      vertex 124.45792609530858 46.24503237667432 0
      vertex 124.45792609530858 46.24503237667432 2.6999999999999997
    endloop
  endfacet
  facet normal 0.9469301294951187 -0.32143946530312295 0
    outer loop
      vertex 124.45792609530858 46.24503237667432 0
      vertex 124.5294047947308 46.45560183502067 0
      vertex 124.5294047947308 46.45560183502067 2.6999999999999997
    endloop
  endfacet
  facet normal 0.8968727415326846 -0.4422886902190091 0
    outer loop
      vertex 124.5294047947308 46.45560183502067 0
      vertex 124.62775681356644 46.655040000000014 0
      vertex 124.62775681356644 46.655040000000014 2.6999999999999997
    endloop
  endfacet
  facet normal 0.8314696123025291 -0.5555702330196264 0
    outer loop
      vertex 124.62775681356644 46.655040000000014 0
      vertex 124.75129932150489 46.83993442931484 0
      vertex 124.75129932150489 46.83993442931484 2.6999999999999997
    endloop
  endfacet
  facet normal -0.7518398074789223 0.6593458151001317 0
    outer loop
      vertex 127.30208152801711 44.6029584719829 0
      vertex 127.30208152801711 44.6029584719829 2.6999999999999997
      vertex 127.4487006784951 44.7701455706852 0
    endloop
  endfacet
  facet normal -0.8314696123025291 0.5555702330196264 0
    outer loop
      vertex 127.57224318643355 44.955040000000025 0
      vertex 127.4487006784951 44.7701455706852 0
      vertex 127.4487006784951 44.7701455706852 2.6999999999999997
    endloop
  endfacet
  facet normal -0.8968727415326846 0.4422886902190091 0
    outer loop
      vertex 127.6705952052692 45.154478164979366 0
      vertex 127.57224318643355 44.955040000000025 0
      vertex 127.57224318643355 44.955040000000025 2.6999999999999997
    endloop
  endfacet
  facet normal -0.9469301294951187 0.32143946530312295 0
    outer loop
      vertex 127.74207390469141 45.36504762332572 0
      vertex 127.6705952052692 45.154478164979366 0
      vertex 127.6705952052692 45.154478164979366 2.6999999999999997
    endloop
  endfacet
  facet normal -0.9807852804032363 0.19509032201609924 0
    outer loop
      vertex 127.78545626433547 45.583145473225926 0
      vertex 127.74207390469141 45.36504762332572 0
      vertex 127.74207390469141 45.36504762332572 2.6999999999999997
    endloop
  endfacet
  facet normal -0.997858923238605 0.06540312923011987 0
    outer loop
      vertex 127.79999999999998 45.80504000000002 0
      vertex 127.78545626433547 45.583145473225926 0
      vertex 127.78545626433547 45.583145473225926 2.6999999999999997
    endloop
  endfacet
  facet normal -0.997858923238605 -0.06540312923011987 0
    outer loop
      vertex 127.78545626433547 46.02693452677411 0
      vertex 127.79999999999998 45.80504000000002 0
      vertex 127.79999999999998 45.80504000000002 2.6999999999999997
    endloop
  endfacet
  facet normal -0.9807852804032363 -0.19509032201609924 0
    outer loop
      vertex 127.74207390469141 46.24503237667432 0
      vertex 127.78545626433547 46.02693452677411 0
      vertex 127.78545626433547 46.02693452677411 2.6999999999999997
    endloop
  endfacet
  facet normal -0.9469301294951187 -0.32143946530312295 0
    outer loop
      vertex 127.6705952052692 46.45560183502067 0
      vertex 127.74207390469141 46.24503237667432 0
      vertex 127.74207390469141 46.24503237667432 2.6999999999999997
    endloop
  endfacet
  facet normal -0.8968727415326846 -0.4422886902190091 0
    outer loop
      vertex 127.57224318643355 46.655040000000014 0
      vertex 127.6705952052692 46.45560183502067 0
      vertex 127.6705952052692 46.45560183502067 2.6999999999999997
    endloop
  endfacet
  facet normal -0.8314696123025291 -0.5555702330196264 0
    outer loop
      vertex 127.4487006784951 46.83993442931484 0
      vertex 127.57224318643355 46.655040000000014 0
      vertex 127.57224318643355 46.655040000000014 2.6999999999999997
    endloop
  endfacet
  facet normal -0.7518398074789223 -0.6593458151001317 0
    outer loop
      vertex 127.30208152801711 47.00712152801714 0
      vertex 127.4487006784951 46.83993442931484 0
      vertex 127.4487006784951 46.83993442931484 2.6999999999999997
    endloop
  endfacet
  facet normal 0.6593458151001317 0.7518398074789223 0
    outer loop
      vertex 124.89791847198288 44.6029584719829 2.6999999999999997
      vertex 125.06510557068518 44.45633932150491 2.6999999999999997
      vertex 125.06510557068518 44.45633932150491 0
    endloop
  endfacet
  facet normal 0.7518398074789223 0.6593458151001317 0
    outer loop
      vertex 124.89791847198288 44.6029584719829 0
      vertex 124.75129932150489 44.7701455706852 2.6999999999999997
      vertex 124.89791847198288 44.6029584719829 2.6999999999999997
    endloop
  endfacet
  facet normal 0.8314696123025291 0.5555702330196264 0
    outer loop
      vertex 124.75129932150489 44.7701455706852 0
      vertex 124.62775681356644 44.955040000000025 2.6999999999999997
      vertex 124.75129932150489 44.7701455706852 2.6999999999999997
    endloop
  endfacet
  facet normal 0.32143946530312295 0.9469301294951187 0
    outer loop
      vertex 125.6600076233257 44.162966095308605 0
      vertex 125.44943816497934 44.23444479473082 2.6999999999999997
      vertex 125.6600076233257 44.162966095308605 2.6999999999999997
    endloop
  endfacet
  facet normal 0.5555702330196264 0.8314696123025291 0
    outer loop
      vertex 125.25 44.33279681356646 0
      vertex 125.06510557068518 44.45633932150491 2.6999999999999997
      vertex 125.25 44.33279681356646 2.6999999999999997
    endloop
  endfacet
  facet normal 0.4422886902190091 0.8968727415326846 0
    outer loop
      vertex 125.44943816497934 44.23444479473082 0
      vertex 125.25 44.33279681356646 2.6999999999999997
      vertex 125.44943816497934 44.23444479473082 2.6999999999999997
    endloop
  endfacet
  facet normal 0.19509032201609924 0.9807852804032363 0
    outer loop
      vertex 125.8781054732259 44.11958373566455 0
      vertex 125.6600076233257 44.162966095308605 2.6999999999999997
      vertex 125.8781054732259 44.11958373566455 2.6999999999999997
    endloop
  endfacet
  facet normal 0.06540312923011987 0.997858923238605 0
    outer loop
      vertex 126.1 44.10504000000003 0
      vertex 125.8781054732259 44.11958373566455 2.6999999999999997
      vertex 126.1 44.10504000000003 2.6999999999999997
    endloop
  endfacet
  facet normal -0.06540312923011987 0.997858923238605 0
    outer loop
      vertex 126.32189452677409 44.11958373566455 0
      vertex 126.1 44.10504000000003 2.6999999999999997
      vertex 126.32189452677409 44.11958373566455 2.6999999999999997
    endloop
  endfacet
  facet normal -0.19509032201609924 0.9807852804032363 0
    outer loop
      vertex 126.53999237667429 44.162966095308605 0
      vertex 126.32189452677409 44.11958373566455 2.6999999999999997
      vertex 126.53999237667429 44.162966095308605 2.6999999999999997
    endloop
  endfacet
  facet normal -0.32143946530312295 0.9469301294951187 0
    outer loop
      vertex 126.75056183502065 44.23444479473082 0
      vertex 126.53999237667429 44.162966095308605 2.6999999999999997
      vertex 126.75056183502065 44.23444479473082 2.6999999999999997
    endloop
  endfacet
  facet normal -0.4422886902190091 0.8968727415326846 0
    outer loop
      vertex 126.94999999999999 44.33279681356646 0
      vertex 126.75056183502065 44.23444479473082 2.6999999999999997
      vertex 126.94999999999999 44.33279681356646 2.6999999999999997
    endloop
  endfacet
  facet normal -0.5555702330196264 0.8314696123025291 0
    outer loop
      vertex 127.13489442931481 44.45633932150491 0
      vertex 126.94999999999999 44.33279681356646 2.6999999999999997
      vertex 127.13489442931481 44.45633932150491 2.6999999999999997
    endloop
  endfacet
  facet normal -0.6593458151001317 0.7518398074789223 0
    outer loop
      vertex 127.13489442931481 44.45633932150491 2.6999999999999997
      vertex 127.30208152801711 44.6029584719829 2.6999999999999997
      vertex 127.30208152801711 44.6029584719829 0
    endloop
  endfacet
  facet normal 0.9469301294951187 0.32143946530312295 0
    outer loop
      vertex 124.5294047947308 45.154478164979366 0
      vertex 124.45792609530858 45.36504762332572 2.6999999999999997
      vertex 124.5294047947308 45.154478164979366 2.6999999999999997
    endloop
  endfacet
  facet normal 0.9807852804032363 0.19509032201609924 0
    outer loop
      vertex 124.45792609530858 45.36504762332572 0
      vertex 124.41454373566452 45.583145473225926 2.6999999999999997
      vertex 124.45792609530858 45.36504762332572 2.6999999999999997
    endloop
  endfacet
  facet normal 0.8968727415326846 0.4422886902190091 0
    outer loop
      vertex 124.62775681356644 44.955040000000025 0
      vertex 124.5294047947308 45.154478164979366 2.6999999999999997
      vertex 124.62775681356644 44.955040000000025 2.6999999999999997
    endloop
  endfacet
  facet normal 0.997858923238605 0.06540312923011987 0
    outer loop
      vertex 124.41454373566452 45.583145473225926 0
      vertex 124.4 45.80504000000002 2.6999999999999997
      vertex 124.41454373566452 45.583145473225926 2.6999999999999997
    endloop
  endfacet
  facet normal 0.997858923238605 -0.06540312923011987 0
    outer loop
      vertex 124.4 45.80504000000002 0
      vertex 124.41454373566452 46.02693452677411 2.6999999999999997
      vertex 124.4 45.80504000000002 2.6999999999999997
    endloop
  endfacet
  facet normal 0.9807852804032363 -0.19509032201609924 0
    outer loop
      vertex 124.41454373566452 46.02693452677411 0
      vertex 124.45792609530858 46.24503237667432 2.6999999999999997
      vertex 124.41454373566452 46.02693452677411 2.6999999999999997
    endloop
  endfacet
  facet normal 0.9469301294951187 -0.32143946530312295 0
    outer loop
      vertex 124.45792609530858 46.24503237667432 0
      vertex 124.5294047947308 46.45560183502067 2.6999999999999997
      vertex 124.45792609530858 46.24503237667432 2.6999999999999997
    endloop
  endfacet
  facet normal 0.8968727415326846 -0.4422886902190091 0
    outer loop
      vertex 124.5294047947308 46.45560183502067 0
      vertex 124.62775681356644 46.655040000000014 2.6999999999999997
      vertex 124.5294047947308 46.45560183502067 2.6999999999999997
    endloop
  endfacet
  facet normal 0.8314696123025291 -0.5555702330196264 0
    outer loop
      vertex 124.62775681356644 46.655040000000014 0
      vertex 124.75129932150489 46.83993442931484 2.6999999999999997
      vertex 124.62775681356644 46.655040000000014 2.6999999999999997
    endloop
  endfacet
  facet normal 0.7518398074789223 -0.6593458151001317 0
    outer loop
      vertex 124.75129932150489 46.83993442931484 0
      vertex 124.89791847198288 47.00712152801714 2.6999999999999997
      vertex 124.75129932150489 46.83993442931484 2.6999999999999997
    endloop
  endfacet
  facet normal -0.7518398074789223 0.6593458151001317 0
    outer loop
      vertex 127.4487006784951 44.7701455706852 0
      vertex 127.30208152801711 44.6029584719829 2.6999999999999997
      vertex 127.4487006784951 44.7701455706852 2.6999999999999997
    endloop
  endfacet
  facet normal -0.8314696123025291 0.5555702330196264 0
    outer loop
      vertex 127.57224318643355 44.955040000000025 0
      vertex 127.4487006784951 44.7701455706852 2.6999999999999997
      vertex 127.57224318643355 44.955040000000025 2.6999999999999997
    endloop
  endfacet
  facet normal -0.8968727415326846 0.4422886902190091 0
    outer loop
      vertex 127.6705952052692 45.154478164979366 0
      vertex 127.57224318643355 44.955040000000025 2.6999999999999997
      vertex 127.6705952052692 45.154478164979366 2.6999999999999997
    endloop
  endfacet
  facet normal -0.9469301294951187 0.32143946530312295 0
    outer loop
      vertex 127.74207390469141 45.36504762332572 0
      vertex 127.6705952052692 45.154478164979366 2.6999999999999997
      vertex 127.74207390469141 45.36504762332572 2.6999999999999997
    endloop
  endfacet
  facet normal -0.9807852804032363 0.19509032201609924 0
    outer loop
      vertex 127.78545626433547 45.583145473225926 0
      vertex 127.74207390469141 45.36504762332572 2.6999999999999997
      vertex 127.78545626433547 45.583145473225926 2.6999999999999997
    endloop
  endfacet
  facet normal -0.997858923238605 0.06540312923011987 0
    outer loop
      vertex 127.79999999999998 45.80504000000002 0
      vertex 127.78545626433547 45.583145473225926 2.6999999999999997
      vertex 127.79999999999998 45.80504000000002 2.6999999999999997
    endloop
  endfacet
  facet normal -0.997858923238605 -0.06540312923011987 0
    outer loop
      vertex 127.78545626433547 46.02693452677411 0
      vertex 127.79999999999998 45.80504000000002 2.6999999999999997
      vertex 127.78545626433547 46.02693452677411 2.6999999999999997
    endloop
  endfacet
  facet normal -0.9807852804032363 -0.19509032201609924 0
    outer loop
      vertex 127.74207390469141 46.24503237667432 0
      vertex 127.78545626433547 46.02693452677411 2.6999999999999997
      vertex 127.74207390469141 46.24503237667432 2.6999999999999997
    endloop
  endfacet
  facet normal -0.9469301294951187 -0.32143946530312295 0
    outer loop
      vertex 127.6705952052692 46.45560183502067 0
      vertex 127.74207390469141 46.24503237667432 2.6999999999999997
      vertex 127.6705952052692 46.45560183502067 2.6999999999999997
    endloop
  endfacet
  facet normal -0.8968727415326846 -0.4422886902190091 0
    outer loop
      vertex 127.57224318643355 46.655040000000014 0
      vertex 127.6705952052692 46.45560183502067 2.6999999999999997
      vertex 127.57224318643355 46.655040000000014 2.6999999999999997
    endloop
  endfacet
  facet normal -0.8314696123025291 -0.5555702330196264 0
    outer loop
      vertex 127.4487006784951 46.83993442931484 0
      vertex 127.57224318643355 46.655040000000014 2.6999999999999997
      vertex 127.4487006784951 46.83993442931484 2.6999999999999997
    endloop
  endfacet
  facet normal 0.7518398074789223 -0.6593458151001317 0
    outer loop
      vertex 124.75129932150489 46.83993442931484 0
      vertex 124.89791847198288 47.00712152801714 0
      vertex 124.89791847198288 47.00712152801714 2.6999999999999997
    endloop
  endfacet
  facet normal 0.6593458151001317 -0.7518398074789223 0
    outer loop
      vertex 125.06510557068518 47.153740678495126 0
      vertex 125.06510557068518 47.153740678495126 2.6999999999999997
      vertex 124.89791847198288 47.00712152801714 0
    endloop
  endfacet
  facet normal 0.5555702330196264 -0.8314696123025291 0
    outer loop
      vertex 125.25 47.27728318643358 0
      vertex 125.25 47.27728318643358 2.6999999999999997
      vertex 125.06510557068518 47.153740678495126 0
    endloop
  endfacet
  facet normal 0.4422886902190091 -0.8968727415326846 0
    outer loop
      vertex 125.44943816497934 47.37563520526922 0
      vertex 125.44943816497934 47.37563520526922 2.6999999999999997
      vertex 125.25 47.27728318643358 0
    endloop
  endfacet
  facet normal 0.32143946530312295 -0.9469301294951187 0
    outer loop
      vertex 125.6600076233257 47.447113904691435 0
      vertex 125.6600076233257 47.447113904691435 2.6999999999999997
      vertex 125.44943816497934 47.37563520526922 0
    endloop
  endfacet
  facet normal 0.19509032201609924 -0.9807852804032363 0
    outer loop
      vertex 125.8781054732259 47.49049626433549 0
      vertex 125.8781054732259 47.49049626433549 2.6999999999999997
      vertex 125.6600076233257 47.447113904691435 0
    endloop
  endfacet
  facet normal 0.06540312923011987 -0.997858923238605 0
    outer loop
      vertex 126.1 47.50504000000001 0
      vertex 126.1 47.50504000000001 2.6999999999999997
      vertex 125.8781054732259 47.49049626433549 0
    endloop
  endfacet
  facet normal -0.32143946530312295 -0.9469301294951187 0
    outer loop
      vertex 126.75056183502065 47.37563520526922 0
      vertex 126.75056183502065 47.37563520526922 2.6999999999999997
      vertex 126.53999237667429 47.447113904691435 0
    endloop
  endfacet
  facet normal -0.6593458151001317 -0.7518398074789223 0
    outer loop
      vertex 127.13489442931481 47.153740678495126 0
      vertex 127.30208152801711 47.00712152801714 0
      vertex 127.30208152801711 47.00712152801714 2.6999999999999997
    endloop
  endfacet
  facet normal -0.4422886902190091 -0.8968727415326846 0
    outer loop
      vertex 126.94999999999999 47.27728318643358 0
      vertex 126.94999999999999 47.27728318643358 2.6999999999999997
      vertex 126.75056183502065 47.37563520526922 0
    endloop
  endfacet
  facet normal -0.5555702330196264 -0.8314696123025291 0
    outer loop
      vertex 127.13489442931481 47.153740678495126 0
      vertex 127.13489442931481 47.153740678495126 2.6999999999999997
      vertex 126.94999999999999 47.27728318643358 0
    endloop
  endfacet
  facet normal -0.06540312923011987 -0.997858923238605 0
    outer loop
      vertex 126.32189452677409 47.49049626433549 0
      vertex 126.32189452677409 47.49049626433549 2.6999999999999997
      vertex 126.1 47.50504000000001 0
    endloop
  endfacet
  facet normal -0.19509032201609924 -0.9807852804032363 0
    outer loop
      vertex 126.53999237667429 47.447113904691435 0
      vertex 126.53999237667429 47.447113904691435 2.6999999999999997
      vertex 126.32189452677409 47.49049626433549 0
    endloop
  endfacet
  facet normal 0.6593458151001317 -0.7518398074789223 0
    outer loop
      vertex 124.89791847198288 47.00712152801714 0
      vertex 125.06510557068518 47.153740678495126 2.6999999999999997
      vertex 124.89791847198288 47.00712152801714 2.6999999999999997
    endloop
  endfacet
  facet normal 0.5555702330196264 -0.8314696123025291 0
    outer loop
      vertex 125.06510557068518 47.153740678495126 0
      vertex 125.25 47.27728318643358 2.6999999999999997
      vertex 125.06510557068518 47.153740678495126 2.6999999999999997
    endloop
  endfacet
  facet normal 0.4422886902190091 -0.8968727415326846 0
    outer loop
      vertex 125.25 47.27728318643358 0
      vertex 125.44943816497934 47.37563520526922 2.6999999999999997
      vertex 125.25 47.27728318643358 2.6999999999999997
    endloop
  endfacet
  facet normal 0.32143946530312295 -0.9469301294951187 0
    outer loop
      vertex 125.44943816497934 47.37563520526922 0
      vertex 125.6600076233257 47.447113904691435 2.6999999999999997
      vertex 125.44943816497934 47.37563520526922 2.6999999999999997
    endloop
  endfacet
  facet normal 0.19509032201609924 -0.9807852804032363 0
    outer loop
      vertex 125.6600076233257 47.447113904691435 0
      vertex 125.8781054732259 47.49049626433549 2.6999999999999997
      vertex 125.6600076233257 47.447113904691435 2.6999999999999997
    endloop
  endfacet
  facet normal 0.06540312923011987 -0.997858923238605 0
    outer loop
      vertex 125.8781054732259 47.49049626433549 0
      vertex 126.1 47.50504000000001 2.6999999999999997
      vertex 125.8781054732259 47.49049626433549 2.6999999999999997
    endloop
  endfacet
  facet normal -0.06540312923011987 -0.997858923238605 0
    outer loop
      vertex 126.1 47.50504000000001 0
      vertex 126.32189452677409 47.49049626433549 2.6999999999999997
      vertex 126.1 47.50504000000001 2.6999999999999997
    endloop
  endfacet
  facet normal -0.6593458151001317 -0.7518398074789223 0
    outer loop
      vertex 127.13489442931481 47.153740678495126 0
      vertex 127.30208152801711 47.00712152801714 2.6999999999999997
      vertex 127.13489442931481 47.153740678495126 2.6999999999999997
    endloop
  endfacet
  facet normal -0.4422886902190091 -0.8968727415326846 0
    outer loop
      vertex 126.75056183502065 47.37563520526922 0
      vertex 126.94999999999999 47.27728318643358 2.6999999999999997
      vertex 126.75056183502065 47.37563520526922 2.6999999999999997
    endloop
  endfacet
  facet normal -0.5555702330196264 -0.8314696123025291 0
    outer loop
      vertex 126.94999999999999 47.27728318643358 0
      vertex 127.13489442931481 47.153740678495126 2.6999999999999997
      vertex 126.94999999999999 47.27728318643358 2.6999999999999997
    endloop
  endfacet
  facet normal -0.19509032201609924 -0.9807852804032363 0
    outer loop
      vertex 126.32189452677409 47.49049626433549 0
      vertex 126.53999237667429 47.447113904691435 2.6999999999999997
      vertex 126.32189452677409 47.49049626433549 2.6999999999999997
    endloop
  endfacet
  facet normal -0.32143946530312295 -0.9469301294951187 0
    outer loop
      vertex 126.53999237667429 47.447113904691435 0
      vertex 126.75056183502065 47.37563520526922 2.6999999999999997
      vertex 126.53999237667429 47.447113904691435 2.6999999999999997
    endloop
  endfacet
  facet normal -0.7518398074789223 -0.6593458151001317 0
    outer loop
      vertex 127.30208152801711 47.00712152801714 0
      vertex 127.4487006784951 46.83993442931484 2.6999999999999997
      vertex 127.30208152801711 47.00712152801714 2.6999999999999997
    endloop
  endfacet
endsolid OpenSCAD_Model
