solid OpenSCAD_Model
  facet normal 1 0 0
    outer loop
      vertex 1.5999999999999943 15.799999999999999 0
      vertex 1.5999999999999943 15.799999999999999 2.6999999999999886
      vertex 1.5999999999999943 2.799999999999997 0
    endloop
  endfacet
  facet normal -1 0 0
    outer loop
      vertex 2.3999999999999915 15.799999999999999 0
      vertex 2.3999999999999915 2.799999999999997 0
      vertex 2.3999999999999915 2.799999999999997 2.6999999999999886
    endloop
  endfacet
  facet normal 0 1 0
    outer loop
      vertex 1.5999999999999943 2.799999999999997 0
      vertex 1.5999999999999943 2.799999999999997 2.6999999999999886
      vertex 2.3999999999999915 2.799999999999997 0
    endloop
  endfacet
  facet normal -1 0 0
    outer loop
      vertex 2.3999999999999915 15.799999999999999 0
      vertex 2.3999999999999915 2.799999999999997 2.6999999999999886
      vertex 2.3999999999999915 15.799999999999999 2.6999999999999886
    endloop
  endfacet
  facet normal 1 0 0
    outer loop
      vertex 1.5999999999999943 2.799999999999997 0
      vertex 1.5999999999999943 15.799999999999999 2.6999999999999886
      vertex 1.5999999999999943 2.799999999999997 2.6999999999999886
    endloop
  endfacet
  facet normal 0 1 0
    outer loop
      vertex 2.3999999999999915 2.799999999999997 0
      vertex 1.5999999999999943 2.799999999999997 2.6999999999999886
      vertex 2.3999999999999915 2.799999999999997 2.6999999999999886
    endloop
  endfacet
  facet normal 1 0 0
    outer loop
      vertex 137.4 15.799999999999999 0
      vertex 137.4 15.799999999999999 2.6999999999999886
      vertex 137.4 2.799999999999997 0
    endloop
  endfacet
  facet normal -1 0 0
    outer loop
      vertex 138.20000000000002 15.799999999999999 0
      vertex 138.20000000000002 2.799999999999997 0
      vertex 138.20000000000002 2.799999999999997 2.6999999999999886
    endloop
  endfacet
  facet normal 0 1 0
    outer loop
      vertex 137.4 2.799999999999997 0
      vertex 137.4 2.799999999999997 2.6999999999999886
      vertex 138.20000000000002 2.799999999999997 0
    endloop
  endfacet
  facet normal -1 0 0
    outer loop
      vertex 138.20000000000002 15.799999999999999 0
      vertex 138.20000000000002 2.799999999999997 2.6999999999999886
      vertex 138.20000000000002 15.799999999999999 2.6999999999999886
    endloop
  endfacet
  facet normal 1 0 0
    outer loop
      vertex 137.4 2.799999999999997 0
      vertex 137.4 15.799999999999999 2.6999999999999886
      vertex 137.4 2.799999999999997 2.6999999999999886
    endloop
  endfacet
  facet normal 0 1 0
    outer loop
      vertex 138.20000000000002 2.799999999999997 0
      vertex 137.4 2.799999999999997 2.6999999999999886
      vertex 138.20000000000002 2.799999999999997 2.6999999999999886
    endloop
  endfacet
  facet normal -1 0 0
    outer loop
      vertex 0 15.799999999999999 0
      vertex 0 11.399999999999999 0.8250000016112153
      vertex 0 15.399999999999999 0.8250000016112153
    endloop
  endfacet
  facet normal 0 0 -1
    outer loop
      vertex 0 15.799999999999999 0
      vertex 1.5999999999999943 15.799999999999999 0
      vertex 1.5999999999999943 2.799999999999997 0
    endloop
  endfacet
  facet normal 0 0 -1
    outer loop
      vertex 2.3999999999999915 15.799999999999999 0
      vertex 19.13000000000001 14.959999999999999 0
      vertex 19.13000000000001 3.959999999999999 0
    endloop
  endfacet
  facet normal 0 1 0
    outer loop
      vertex 0 15.799999999999999 0
      vertex 0 15.799999999999999 2.6999999999999886
      vertex 1.5999999999999943 15.799999999999999 0
    endloop
  endfacet
  facet normal -1 0 0
    outer loop
      vertex 0 15.799999999999999 0
      vertex 0 15.399999999999999 0.8250000016112153
      vertex 0 15.799999999999999 2.6999999999999886
    endloop
  endfacet
  facet normal -1 0 0
    outer loop
      vertex 0 15.799999999999999 0
      vertex 0 0 2.6999999999999886
      vertex 0 11.399999999999999 0.8250000016112153
    endloop
  endfacet
  facet normal 0 0 -1
    outer loop
      vertex 39.130000000000024 14.959999999999999 0
      vertex 58.773542864692445 10.797777478867204 0
      vertex 58.401949702904744 10.671638597533859 0
    endloop
  endfacet
  facet normal 0 0 -1
    outer loop
      vertex 39.130000000000024 14.959999999999999 0
      vertex 58.401949702904744 10.671638597533859 0
      vertex 58.05000000000001 10.498076211353315 0
    endloop
  endfacet
  facet normal 0 0 -1
    outer loop
      vertex 57.72371571297384 10.280060020873705 0
      vertex 39.130000000000024 14.959999999999999 0
      vertex 58.05000000000001 10.498076211353315 0
    endloop
  endfacet
  facet normal 0 0 -1
    outer loop
      vertex 2.3999999999999915 15.799999999999999 0
      vertex 137.4 15.799999999999999 0
      vertex 19.13000000000001 14.959999999999999 0
    endloop
  endfacet
  facet normal 0 0 -1
    outer loop
      vertex 137.4 15.799999999999999 0
      vertex 39.130000000000024 14.959999999999999 0
      vertex 19.13000000000001 14.959999999999999 0
    endloop
  endfacet
  facet normal 0 0 -1
    outer loop
      vertex 39.130000000000024 14.959999999999999 0
      vertex 59.55000000000001 10.899999999999999 0
      vertex 59.15842142333986 10.87433458412143 0
    endloop
  endfacet
  facet normal 0 0 -1
    outer loop
      vertex 39.130000000000024 14.959999999999999 0
      vertex 59.15842142333986 10.87433458412143 0
      vertex 58.773542864692445 10.797777478867204 0
    endloop
  endfacet
  facet normal 0 0 -1
    outer loop
      vertex 39.130000000000024 14.959999999999999 0
      vertex 45.112842377115896 8.141178695022383 0
      vertex 44.830598100774466 8.085036817835949 0
    endloop
  endfacet
  facet normal 0 0 -1
    outer loop
      vertex 39.130000000000024 14.959999999999999 0
      vertex 45.400000000000006 8.16 0
      vertex 45.112842377115896 8.141178695022383 0
    endloop
  endfacet
  facet normal 0 0 -1
    outer loop
      vertex 39.130000000000024 14.959999999999999 0
      vertex 45.687157622884115 8.141178695022383 0
      vertex 45.400000000000006 8.16 0
    endloop
  endfacet
  facet normal 0 0 -1
    outer loop
      vertex 39.130000000000024 14.959999999999999 0
      vertex 44.830598100774466 8.085036817835949 0
      vertex 44.55809644879682 7.9925349715248295 0
    endloop
  endfacet
  facet normal 0 0 -1
    outer loop
      vertex 39.130000000000024 14.959999999999999 0
      vertex 44.55809644879682 7.9925349715248295 0
      vertex 44.30000000000001 7.865255888325764 0
    endloop
  endfacet
  facet normal 0 0 -1
    outer loop
      vertex 39.130000000000024 14.959999999999999 0
      vertex 44.30000000000001 7.865255888325764 0
      vertex 44.060724856180826 7.705377348640717 0
    endloop
  endfacet
  facet normal 0 0 -1
    outer loop
      vertex 39.130000000000024 14.959999999999999 0
      vertex 44.060724856180826 7.705377348640717 0
      vertex 43.84436508138961 7.515634918610404 0
    endloop
  endfacet
  facet normal 0 0 -1
    outer loop
      vertex 39.130000000000024 14.959999999999999 0
      vertex 43.84436508138961 7.515634918610404 0
      vertex 43.65462265135929 7.299275143819184 0
    endloop
  endfacet
  facet normal 0 0 -1
    outer loop
      vertex 39.130000000000024 14.959999999999999 0
      vertex 57.72371571297384 10.280060020873705 0
      vertex 57.42867965644038 10.02132034355964 0
    endloop
  endfacet
  facet normal 0 0 -1
    outer loop
      vertex 56.951923788646695 9.399999999999999 0
      vertex 39.130000000000024 14.959999999999999 0
      vertex 57.1699399791263 9.72628428702616 0
    endloop
  endfacet
  facet normal 0 0 -1
    outer loop
      vertex 39.130000000000024 14.959999999999999 0
      vertex 57.42867965644038 10.02132034355964 0
      vertex 57.1699399791263 9.72628428702616 0
    endloop
  endfacet
  facet normal 0 0 -1
    outer loop
      vertex 39.130000000000024 14.959999999999999 0
      vertex 51.53 8.16 0
      vertex 45.687157622884115 8.141178695022383 0
    endloop
  endfacet
  facet normal 0 0 -1
    outer loop
      vertex 39.130000000000024 14.959999999999999 0
      vertex 56.951923788646695 9.399999999999999 0
      vertex 51.53 8.16 0
    endloop
  endfacet
  facet normal 0 0 -1
    outer loop
      vertex 39.130000000000024 14.959999999999999 0
      vertex 43.65462265135929 7.299275143819184 0
      vertex 43.49474411167424 7.059999999999999 0
    endloop
  endfacet
  facet normal 0 0 -1
    outer loop
      vertex 39.130000000000024 14.959999999999999 0
      vertex 43.49474411167424 7.059999999999999 0
      vertex 43.36746502847518 6.801903551203196 0
    endloop
  endfacet
  facet normal 0 0 -1
    outer loop
      vertex 39.130000000000024 14.959999999999999 0
      vertex 43.36746502847518 6.801903551203196 0
      vertex 43.27496318216404 6.529401899225544 0
    endloop
  endfacet
  facet normal 0 0 -1
    outer loop
      vertex 39.130000000000024 14.959999999999999 0
      vertex 43.27496318216404 6.529401899225544 0
      vertex 43.21882130497761 6.247157622884112 0
    endloop
  endfacet
  facet normal 0 0 -1
    outer loop
      vertex 39.130000000000024 14.959999999999999 0
      vertex 43.21882130497761 6.247157622884112 0
      vertex 43.20000000000002 5.959999999999999 0
    endloop
  endfacet
  facet normal 0 0 -1
    outer loop
      vertex 39.130000000000024 14.959999999999999 0
      vertex 43.20000000000002 5.959999999999999 0
      vertex 39.130000000000024 3.959999999999999 0
    endloop
  endfacet
  facet normal 0 0 -1
    outer loop
      vertex 45.687157622884115 8.141178695022383 0
      vertex 50.96059810077446 8.085036817835949 0
      vertex 45.969401899225545 8.085036817835949 0
    endloop
  endfacet
  facet normal 0 0 -1
    outer loop
      vertex 45.969401899225545 8.085036817835949 0
      vertex 50.68809644879681 7.9925349715248295 0
      vertex 46.241903551203194 7.9925349715248295 0
    endloop
  endfacet
  facet normal 0 0 -1
    outer loop
      vertex 46.241903551203194 7.9925349715248295 0
      vertex 50.43000000000001 7.865255888325764 0
      vertex 46.5 7.865255888325764 0
    endloop
  endfacet
  facet normal 0 0 -1
    outer loop
      vertex 51.24284237711589 8.141178695022383 0
      vertex 45.687157622884115 8.141178695022383 0
      vertex 51.53 8.16 0
    endloop
  endfacet
  facet normal 0 0 -1
    outer loop
      vertex 50.96059810077446 8.085036817835949 0
      vertex 45.687157622884115 8.141178695022383 0
      vertex 51.24284237711589 8.141178695022383 0
    endloop
  endfacet
  facet normal 0 0 -1
    outer loop
      vertex 50.68809644879681 7.9925349715248295 0
      vertex 45.969401899225545 8.085036817835949 0
      vertex 50.96059810077446 8.085036817835949 0
    endloop
  endfacet
  facet normal 0 0 -1
    outer loop
      vertex 50.43000000000001 7.865255888325764 0
      vertex 46.241903551203194 7.9925349715248295 0
      vertex 50.68809644879681 7.9925349715248295 0
    endloop
  endfacet
  facet normal 0 0 -1
    outer loop
      vertex 56.951923788646695 9.399999999999999 0
      vertex 51.81715762288411 8.141178695022383 0
      vertex 51.53 8.16 0
    endloop
  endfacet
  facet normal 0 0 -1
    outer loop
      vertex 56.951923788646695 9.399999999999999 0
      vertex 52.09940189922554 8.085036817835949 0
      vertex 51.81715762288411 8.141178695022383 0
    endloop
  endfacet
  facet normal 0 0 -1
    outer loop
      vertex 56.951923788646695 9.399999999999999 0
      vertex 52.37190355120319 7.9925349715248295 0
      vertex 52.09940189922554 8.085036817835949 0
    endloop
  endfacet
  facet normal 0 0 -1
    outer loop
      vertex 56.951923788646695 9.399999999999999 0
      vertex 56.778361402466146 9.048050297095267 0
      vertex 52.37190355120319 7.9925349715248295 0
    endloop
  endfacet
  facet normal 0 0 -1
    outer loop
      vertex 56.778361402466146 9.048050297095267 0
      vertex 56.65222252113281 8.676457135307562 0
      vertex 52.629999999999995 7.865255888325764 0
    endloop
  endfacet
  facet normal 0 0 -1
    outer loop
      vertex 52.37190355120319 7.9925349715248295 0
      vertex 56.778361402466146 9.048050297095267 0
      vertex 52.629999999999995 7.865255888325764 0
    endloop
  endfacet
  facet normal 0 0 -1
    outer loop
      vertex 52.629999999999995 7.865255888325764 0
      vertex 56.65222252113281 8.676457135307562 0
      vertex 52.86927514381918 7.705377348640717 0
    endloop
  endfacet
  facet normal 0 0 -1
    outer loop
      vertex 56.65222252113281 8.676457135307562 0
      vertex 53.085634918610396 7.515634918610404 0
      vertex 52.86927514381918 7.705377348640717 0
    endloop
  endfacet
  facet normal 0 0 -1
    outer loop
      vertex 56.65222252113281 8.676457135307562 0
      vertex 56.575665415878575 8.291578576660154 0
      vertex 53.085634918610396 7.515634918610404 0
    endloop
  endfacet
  facet normal 0 1 0
    outer loop
      vertex 2.3999999999999915 15.799999999999999 0
      vertex 2.3999999999999915 15.799999999999999 2.6999999999999886
      vertex 137.4 15.799999999999999 0
    endloop
  endfacet
  facet normal 0 0 -1
    outer loop
      vertex 2.3999999999999915 15.799999999999999 0
      vertex 19.13000000000001 3.959999999999999 0
      vertex 2.3999999999999915 2.799999999999997 0
    endloop
  endfacet
  facet normal 0 0 -1
    outer loop
      vertex 0 15.799999999999999 0
      vertex 1.5999999999999943 2.799999999999997 0
      vertex 0 0 0
    endloop
  endfacet
  facet normal 0 0 -1
    outer loop
      vertex 1.5999999999999943 2.799999999999997 0
      vertex 2.3999999999999915 2.799999999999997 0
      vertex 0 0 0
    endloop
  endfacet
  facet normal -1 0 0
    outer loop
      vertex 0 15.799999999999999 0
      vertex 0 0 0
      vertex 0 0 2.6999999999999886
    endloop
  endfacet
  facet normal 0 0 -1
    outer loop
      vertex 46.5 7.865255888325764 0
      vertex 50.19072485618082 7.705377348640717 0
      vertex 46.739275143819185 7.705377348640717 0
    endloop
  endfacet
  facet normal 0 0 -1
    outer loop
      vertex 50.19072485618082 7.705377348640717 0
      vertex 46.5 7.865255888325764 0
      vertex 50.43000000000001 7.865255888325764 0
    endloop
  endfacet
  facet normal 0 0 -1
    outer loop
      vertex 46.739275143819185 7.705377348640717 0
      vertex 49.97436508138961 7.515634918610404 0
      vertex 46.9556349186104 7.515634918610404 0
    endloop
  endfacet
  facet normal 0 0 -1
    outer loop
      vertex 49.97436508138961 7.515634918610404 0
      vertex 46.739275143819185 7.705377348640717 0
      vertex 50.19072485618082 7.705377348640717 0
    endloop
  endfacet
  facet normal 0 0 -1
    outer loop
      vertex 46.9556349186104 7.515634918610404 0
      vertex 49.97436508138961 7.515634918610404 0
      vertex 49.784622651359285 7.299275143819184 0
    endloop
  endfacet
  facet normal 0 0 -1
    outer loop
      vertex 47.14537734864072 7.299275143819184 0
      vertex 46.9556349186104 7.515634918610404 0
      vertex 49.784622651359285 7.299275143819184 0
    endloop
  endfacet
  facet normal 0 0 -1
    outer loop
      vertex 49.784622651359285 7.299275143819184 0
      vertex 49.62474411167423 7.059999999999999 0
      vertex 47.14537734864072 7.299275143819184 0
    endloop
  endfacet
  facet normal 0 0 -1
    outer loop
      vertex 47.305255888325775 7.059999999999999 0
      vertex 47.14537734864072 7.299275143819184 0
      vertex 49.62474411167423 7.059999999999999 0
    endloop
  endfacet
  facet normal 0 0 -1
    outer loop
      vertex 49.62474411167423 7.059999999999999 0
      vertex 49.497465028475176 6.801903551203196 0
      vertex 47.305255888325775 7.059999999999999 0
    endloop
  endfacet
  facet normal 0 0 -1
    outer loop
      vertex 47.43253497152483 6.801903551203196 0
      vertex 47.305255888325775 7.059999999999999 0
      vertex 49.497465028475176 6.801903551203196 0
    endloop
  endfacet
  facet normal 0 0 -1
    outer loop
      vertex 49.497465028475176 6.801903551203196 0
      vertex 49.40496318216404 6.529401899225544 0
      vertex 47.43253497152483 6.801903551203196 0
    endloop
  endfacet
  facet normal 0 0 -1
    outer loop
      vertex 47.52503681783597 6.529401899225544 0
      vertex 47.43253497152483 6.801903551203196 0
      vertex 49.40496318216404 6.529401899225544 0
    endloop
  endfacet
  facet normal 0 0 -1
    outer loop
      vertex 49.40496318216404 6.529401899225544 0
      vertex 49.348821304977605 6.247157622884112 0
      vertex 47.52503681783597 6.529401899225544 0
    endloop
  endfacet
  facet normal 0 0 -1
    outer loop
      vertex 47.5811786950224 6.247157622884112 0
      vertex 47.52503681783597 6.529401899225544 0
      vertex 49.348821304977605 6.247157622884112 0
    endloop
  endfacet
  facet normal 0 0 -1
    outer loop
      vertex 47.599999999999994 5.959999999999999 0
      vertex 47.5811786950224 6.247157622884112 0
      vertex 49.33000000000001 5.959999999999999 0
    endloop
  endfacet
  facet normal 0 0 -1
    outer loop
      vertex 49.348821304977605 6.247157622884112 0
      vertex 49.33000000000001 5.959999999999999 0
      vertex 47.5811786950224 6.247157622884112 0
    endloop
  endfacet
  facet normal 0 0 -1
    outer loop
      vertex 39.130000000000024 3.959999999999999 0
      vertex 43.20000000000002 5.959999999999999 0
      vertex 43.21882130497761 5.672842377115886 0
    endloop
  endfacet
  facet normal 0 0 -1
    outer loop
      vertex 39.130000000000024 3.959999999999999 0
      vertex 43.21882130497761 5.672842377115886 0
      vertex 43.27496318216404 5.390598100774454 0
    endloop
  endfacet
  facet normal 0 0 -1
    outer loop
      vertex 39.130000000000024 3.959999999999999 0
      vertex 43.27496318216404 5.390598100774454 0
      vertex 43.36746502847518 5.118096448796802 0
    endloop
  endfacet
  facet normal 0 0 -1
    outer loop
      vertex 39.130000000000024 3.959999999999999 0
      vertex 43.36746502847518 5.118096448796802 0
      vertex 43.49474411167424 4.859999999999999 0
    endloop
  endfacet
  facet normal 0 0 -1
    outer loop
      vertex 39.130000000000024 3.959999999999999 0
      vertex 43.49474411167424 4.859999999999999 0
      vertex 43.65462265135929 4.620724856180814 0
    endloop
  endfacet
  facet normal 0 0 -1
    outer loop
      vertex 39.130000000000024 3.959999999999999 0
      vertex 43.65462265135929 4.620724856180814 0
      vertex 43.84436508138961 4.404365081389594 0
    endloop
  endfacet
  facet normal 0 0 -1
    outer loop
      vertex 39.130000000000024 3.959999999999999 0
      vertex 43.84436508138961 4.404365081389594 0
      vertex 44.060724856180826 4.2146226513592815 0
    endloop
  endfacet
  facet normal 0 0 -1
    outer loop
      vertex 39.130000000000024 3.959999999999999 0
      vertex 44.060724856180826 4.2146226513592815 0
      vertex 44.30000000000001 4.054744111674234 0
    endloop
  endfacet
  facet normal 0 0 -1
    outer loop
      vertex 39.130000000000024 3.959999999999999 0
      vertex 44.30000000000001 4.054744111674234 0
      vertex 44.55809644879682 3.9274650284751687 0
    endloop
  endfacet
  facet normal 0 0 -1
    outer loop
      vertex 49.33000000000001 5.959999999999999 0
      vertex 49.348821304977605 5.672842377115886 0
      vertex 47.599999999999994 5.959999999999999 0
    endloop
  endfacet
  facet normal 0 0 -1
    outer loop
      vertex 47.5811786950224 5.672842377115886 0
      vertex 47.599999999999994 5.959999999999999 0
      vertex 49.348821304977605 5.672842377115886 0
    endloop
  endfacet
  facet normal 0 0 -1
    outer loop
      vertex 47.5811786950224 5.672842377115886 0
      vertex 49.348821304977605 5.672842377115886 0
      vertex 49.40496318216404 5.390598100774454 0
    endloop
  endfacet
  facet normal 0 0 -1
    outer loop
      vertex 47.52503681783597 5.390598100774454 0
      vertex 47.5811786950224 5.672842377115886 0
      vertex 49.40496318216404 5.390598100774454 0
    endloop
  endfacet
  facet normal 0 0 -1
    outer loop
      vertex 47.43253497152483 5.118096448796802 0
      vertex 47.52503681783597 5.390598100774454 0
      vertex 49.497465028475176 5.118096448796802 0
    endloop
  endfacet
  facet normal 0 0 -1
    outer loop
      vertex 47.52503681783597 5.390598100774454 0
      vertex 49.40496318216404 5.390598100774454 0
      vertex 49.497465028475176 5.118096448796802 0
    endloop
  endfacet
  facet normal 0 0 -1
    outer loop
      vertex 47.305255888325775 4.859999999999999 0
      vertex 47.43253497152483 5.118096448796802 0
      vertex 49.62474411167423 4.859999999999999 0
    endloop
  endfacet
  facet normal 0 0 -1
    outer loop
      vertex 49.497465028475176 5.118096448796802 0
      vertex 49.62474411167423 4.859999999999999 0
      vertex 47.43253497152483 5.118096448796802 0
    endloop
  endfacet
  facet normal 0 0 -1
    outer loop
      vertex 46.5 4.054744111674234 0
      vertex 50.68809644879681 3.9274650284751687 0
      vertex 46.241903551203194 3.9274650284751687 0
    endloop
  endfacet
  facet normal 0 0 -1
    outer loop
      vertex 47.14537734864072 4.620724856180814 0
      vertex 47.305255888325775 4.859999999999999 0
      vertex 49.784622651359285 4.620724856180814 0
    endloop
  endfacet
  facet normal 0 0 -1
    outer loop
      vertex 47.305255888325775 4.859999999999999 0
      vertex 49.62474411167423 4.859999999999999 0
      vertex 49.784622651359285 4.620724856180814 0
    endloop
  endfacet
  facet normal 0 0 -1
    outer loop
      vertex 47.14537734864072 4.620724856180814 0
      vertex 49.97436508138961 4.404365081389594 0
      vertex 46.9556349186104 4.404365081389594 0
    endloop
  endfacet
  facet normal 0 0 -1
    outer loop
      vertex 49.784622651359285 4.620724856180814 0
      vertex 49.97436508138961 4.404365081389594 0
      vertex 47.14537734864072 4.620724856180814 0
    endloop
  endfacet
  facet normal 0 0 -1
    outer loop
      vertex 46.9556349186104 4.404365081389594 0
      vertex 50.19072485618082 4.2146226513592815 0
      vertex 46.739275143819185 4.2146226513592815 0
    endloop
  endfacet
  facet normal 0 0 -1
    outer loop
      vertex 46.9556349186104 4.404365081389594 0
      vertex 49.97436508138961 4.404365081389594 0
      vertex 50.19072485618082 4.2146226513592815 0
    endloop
  endfacet
  facet normal 0 0 -1
    outer loop
      vertex 46.739275143819185 4.2146226513592815 0
      vertex 50.43000000000001 4.054744111674234 0
      vertex 46.5 4.054744111674234 0
    endloop
  endfacet
  facet normal 0 0 -1
    outer loop
      vertex 46.739275143819185 4.2146226513592815 0
      vertex 50.19072485618082 4.2146226513592815 0
      vertex 50.43000000000001 4.054744111674234 0
    endloop
  endfacet
  facet normal 0 0 -1
    outer loop
      vertex 50.68809644879681 3.9274650284751687 0
      vertex 46.5 4.054744111674234 0
      vertex 50.43000000000001 4.054744111674234 0
    endloop
  endfacet
  facet normal 0 0 -1
    outer loop
      vertex 56.575665415878575 8.291578576660154 0
      vertex 53.27537734864072 7.299275143819184 0
      vertex 53.085634918610396 7.515634918610404 0
    endloop
  endfacet
  facet normal 0 0 -1
    outer loop
      vertex 53.43525588832577 7.059999999999999 0
      vertex 53.27537734864072 7.299275143819184 0
      vertex 56.55000000000001 7.899999999999999 0
    endloop
  endfacet
  facet normal 0 0 -1
    outer loop
      vertex 56.575665415878575 8.291578576660154 0
      vertex 56.55000000000001 7.899999999999999 0
      vertex 53.27537734864072 7.299275143819184 0
    endloop
  endfacet
  facet normal 0 0 -1
    outer loop
      vertex 56.55000000000001 7.899999999999999 0
      vertex 56.575665415878575 7.508421423339843 0
      vertex 53.43525588832577 7.059999999999999 0
    endloop
  endfacet
  facet normal 0 0 -1
    outer loop
      vertex 53.562534971524826 6.801903551203196 0
      vertex 53.43525588832577 7.059999999999999 0
      vertex 56.575665415878575 7.508421423339843 0
    endloop
  endfacet
  facet normal 0 0 -1
    outer loop
      vertex 56.575665415878575 7.508421423339843 0
      vertex 53.65503681783596 6.529401899225544 0
      vertex 53.562534971524826 6.801903551203196 0
    endloop
  endfacet
  facet normal 0 0 -1
    outer loop
      vertex 56.575665415878575 7.508421423339843 0
      vertex 56.65222252113281 7.1235428646924355 0
      vertex 53.65503681783596 6.529401899225544 0
    endloop
  endfacet
  facet normal 0 0 -1
    outer loop
      vertex 56.65222252113281 7.1235428646924355 0
      vertex 56.778361402466146 6.75194970290473 0
      vertex 53.7111786950224 6.247157622884112 0
    endloop
  endfacet
  facet normal 0 0 -1
    outer loop
      vertex 56.65222252113281 7.1235428646924355 0
      vertex 53.7111786950224 6.247157622884112 0
      vertex 53.65503681783596 6.529401899225544 0
    endloop
  endfacet
  facet normal 0 0 -1
    outer loop
      vertex 56.778361402466146 6.75194970290473 0
      vertex 53.72999999999999 5.959999999999999 0
      vertex 53.7111786950224 6.247157622884112 0
    endloop
  endfacet
  facet normal 0 0 -1
    outer loop
      vertex 56.778361402466146 6.75194970290473 0
      vertex 56.951923788646695 6.399999999999999 0
      vertex 53.72999999999999 5.959999999999999 0
    endloop
  endfacet
  facet normal 0 0 -1
    outer loop
      vertex 56.951923788646695 6.399999999999999 0
      vertex 53.7111786950224 5.672842377115886 0
      vertex 53.72999999999999 5.959999999999999 0
    endloop
  endfacet
  facet normal 0 0 -1
    outer loop
      vertex 56.951923788646695 6.399999999999999 0
      vertex 57.1699399791263 6.073715712973836 0
      vertex 53.7111786950224 5.672842377115886 0
    endloop
  endfacet
  facet normal 0 0 -1
    outer loop
      vertex 53.65503681783596 5.390598100774454 0
      vertex 53.7111786950224 5.672842377115886 0
      vertex 57.1699399791263 6.073715712973836 0
    endloop
  endfacet
  facet normal 0 0 -1
    outer loop
      vertex 57.1699399791263 6.073715712973836 0
      vertex 57.42867965644038 5.778679656440357 0
      vertex 53.65503681783596 5.390598100774454 0
    endloop
  endfacet
  facet normal 0 0 -1
    outer loop
      vertex 53.562534971524826 5.118096448796802 0
      vertex 53.65503681783596 5.390598100774454 0
      vertex 57.42867965644038 5.778679656440357 0
    endloop
  endfacet
  facet normal 0 0 -1
    outer loop
      vertex 53.43525588832577 4.859999999999999 0
      vertex 53.562534971524826 5.118096448796802 0
      vertex 57.42867965644038 5.778679656440357 0
    endloop
  endfacet
  facet normal 0 0 -1
    outer loop
      vertex 53.43525588832577 4.859999999999999 0
      vertex 57.42867965644038 5.778679656440357 0
      vertex 57.72371571297384 5.519939979126292 0
    endloop
  endfacet
  facet normal 0 0 -1
    outer loop
      vertex 53.27537734864072 4.620724856180814 0
      vertex 53.43525588832577 4.859999999999999 0
      vertex 57.72371571297384 5.519939979126292 0
    endloop
  endfacet
  facet normal 0 0 -1
    outer loop
      vertex 53.27537734864072 4.620724856180814 0
      vertex 57.72371571297384 5.519939979126292 0
      vertex 58.05000000000001 5.301923788646683 0
    endloop
  endfacet
  facet normal 0 0 -1
    outer loop
      vertex 58.401949702904744 5.128361402466139 0
      vertex 53.085634918610396 4.404365081389594 0
      vertex 58.05000000000001 5.301923788646683 0
    endloop
  endfacet
  facet normal 0 0 -1
    outer loop
      vertex 53.27537734864072 4.620724856180814 0
      vertex 58.05000000000001 5.301923788646683 0
      vertex 53.085634918610396 4.404365081389594 0
    endloop
  endfacet
  facet normal 0 0 -1
    outer loop
      vertex 53.085634918610396 4.404365081389594 0
      vertex 58.401949702904744 5.128361402466139 0
      vertex 52.86927514381918 4.2146226513592815 0
    endloop
  endfacet
  facet normal 0 0 -1
    outer loop
      vertex 52.86927514381918 4.2146226513592815 0
      vertex 58.773542864692445 5.0022225211327935 0
      vertex 52.629999999999995 4.054744111674234 0
    endloop
  endfacet
  facet normal 0 0 -1
    outer loop
      vertex 52.629999999999995 4.054744111674234 0
      vertex 59.15842142333986 4.9256654158785675 0
      vertex 52.37190355120319 3.9274650284751687 0
    endloop
  endfacet
  facet normal 0 0 -1
    outer loop
      vertex 52.37190355120319 3.9274650284751687 0
      vertex 59.55000000000001 4.899999999999999 0
      vertex 52.09940189922554 3.8349631821640493 0
    endloop
  endfacet
  facet normal 0 0 -1
    outer loop
      vertex 58.773542864692445 5.0022225211327935 0
      vertex 52.86927514381918 4.2146226513592815 0
      vertex 58.401949702904744 5.128361402466139 0
    endloop
  endfacet
  facet normal 0 0 -1
    outer loop
      vertex 59.15842142333986 4.9256654158785675 0
      vertex 52.629999999999995 4.054744111674234 0
      vertex 58.773542864692445 5.0022225211327935 0
    endloop
  endfacet
  facet normal 0 0 -1
    outer loop
      vertex 59.55000000000001 4.899999999999999 0
      vertex 52.37190355120319 3.9274650284751687 0
      vertex 59.15842142333986 4.9256654158785675 0
    endloop
  endfacet
  facet normal 0 0 -1
    outer loop
      vertex 39.130000000000024 3.959999999999999 0
      vertex 44.55809644879682 3.9274650284751687 0
      vertex 44.830598100774466 3.8349631821640493 0
    endloop
  endfacet
  facet normal 0 0 -1
    outer loop
      vertex 39.130000000000024 3.959999999999999 0
      vertex 44.830598100774466 3.8349631821640493 0
      vertex 45.112842377115896 3.7788213049776154 0
    endloop
  endfacet
  facet normal 0 0 -1
    outer loop
      vertex 39.130000000000024 3.959999999999999 0
      vertex 45.112842377115896 3.7788213049776154 0
      vertex 45.400000000000006 3.759999999999998 0
    endloop
  endfacet
  facet normal 0 0 -1
    outer loop
      vertex 46.241903551203194 3.9274650284751687 0
      vertex 50.96059810077446 3.8349631821640493 0
      vertex 45.969401899225545 3.8349631821640493 0
    endloop
  endfacet
  facet normal 0 0 -1
    outer loop
      vertex 45.687157622884115 3.7788213049776154 0
      vertex 51.53 3.759999999999998 0
      vertex 45.400000000000006 3.759999999999998 0
    endloop
  endfacet
  facet normal 0 0 -1
    outer loop
      vertex 45.969401899225545 3.8349631821640493 0
      vertex 51.24284237711589 3.7788213049776154 0
      vertex 45.687157622884115 3.7788213049776154 0
    endloop
  endfacet
  facet normal 0 0 -1
    outer loop
      vertex 46.241903551203194 3.9274650284751687 0
      vertex 50.68809644879681 3.9274650284751687 0
      vertex 50.96059810077446 3.8349631821640493 0
    endloop
  endfacet
  facet normal 0 0 -1
    outer loop
      vertex 51.24284237711589 3.7788213049776154 0
      vertex 45.969401899225545 3.8349631821640493 0
      vertex 50.96059810077446 3.8349631821640493 0
    endloop
  endfacet
  facet normal 0 0 -1
    outer loop
      vertex 45.687157622884115 3.7788213049776154 0
      vertex 51.24284237711589 3.7788213049776154 0
      vertex 51.53 3.759999999999998 0
    endloop
  endfacet
  facet normal 0 0 -1
    outer loop
      vertex 2.3999999999999915 2.799999999999997 0
      vertex 139.8 0 0
      vertex 0 0 0
    endloop
  endfacet
  facet normal 0 0 -1
    outer loop
      vertex 2.3999999999999915 2.799999999999997 0
      vertex 19.13000000000001 3.959999999999999 0
      vertex 139.8 0 0
    endloop
  endfacet
  facet normal 0 0 -1
    outer loop
      vertex 139.8 0 0
      vertex 19.13000000000001 3.959999999999999 0
      vertex 39.130000000000024 3.959999999999999 0
    endloop
  endfacet
  facet normal 0 -1 0
    outer loop
      vertex 0 0 0
      vertex 139.8 0 0
      vertex 0 0 2.6999999999999886
    endloop
  endfacet
  facet normal 0 1 0
    outer loop
      vertex 1.5999999999999943 15.799999999999999 0
      vertex 0 15.799999999999999 2.6999999999999886
      vertex 1.5999999999999943 15.799999999999999 2.6999999999999886
    endloop
  endfacet
  facet normal -1 0 0
    outer loop
      vertex 0 15.399999999999999 0.8250000016112153
      vertex 0 15.399999999999999 2.074999997606511
      vertex 0 15.799999999999999 2.6999999999999886
    endloop
  endfacet
  facet normal -1 0 0
    outer loop
      vertex 0 15.399999999999999 2.074999997606511
      vertex 0 11.399999999999999 2.074999997606511
      vertex 0 15.799999999999999 2.6999999999999886
    endloop
  endfacet
  facet normal 0 0 1
    outer loop
      vertex 0 15.799999999999999 2.6999999999999886
      vertex 1.5999999999999943 2.799999999999997 2.6999999999999886
      vertex 1.5999999999999943 15.799999999999999 2.6999999999999886
    endloop
  endfacet
  facet normal 0 0 1
    outer loop
      vertex 2.3999999999999915 15.799999999999999 2.6999999999999886
      vertex 2.3999999999999915 2.799999999999997 2.6999999999999886
      vertex 19.13000000000001 14.959999999999999 2.6999999999999886
    endloop
  endfacet
  facet normal -1 0 0
    outer loop
      vertex 0 15.799999999999999 2.6999999999999886
      vertex 0 11.399999999999999 2.074999997606511
      vertex 0 0 2.6999999999999886
    endloop
  endfacet
  facet normal 0 0 1
    outer loop
      vertex 39.130000000000024 14.959999999999999 2.6999999999999886
      vertex 58.401949702904744 10.671638597533859 2.6999999999999886
      vertex 58.773542864692445 10.797777478867204 2.6999999999999886
    endloop
  endfacet
  facet normal 0 0 1
    outer loop
      vertex 39.130000000000024 14.959999999999999 2.6999999999999886
      vertex 58.05000000000001 10.498076211353315 2.6999999999999886
      vertex 58.401949702904744 10.671638597533859 2.6999999999999886
    endloop
  endfacet
  facet normal 0 0 1
    outer loop
      vertex 39.130000000000024 14.959999999999999 2.6999999999999886
      vertex 57.72371571297384 10.280060020873705 2.6999999999999886
      vertex 58.05000000000001 10.498076211353315 2.6999999999999886
    endloop
  endfacet
  facet normal 0 0 1
    outer loop
      vertex 2.3999999999999915 15.799999999999999 2.6999999999999886
      vertex 19.13000000000001 14.959999999999999 2.6999999999999886
      vertex 137.4 15.799999999999999 2.6999999999999886
    endloop
  endfacet
  facet normal 0 0 1
    outer loop
      vertex 137.4 15.799999999999999 2.6999999999999886
      vertex 19.13000000000001 14.959999999999999 2.6999999999999886
      vertex 39.130000000000024 14.959999999999999 2.6999999999999886
    endloop
  endfacet
  facet normal 0 0 1
    outer loop
      vertex 39.130000000000024 14.959999999999999 2.6999999999999886
      vertex 59.15842142333986 10.87433458412143 2.6999999999999886
      vertex 59.55000000000001 10.899999999999999 2.6999999999999886
    endloop
  endfacet
  facet normal 0 0 1
    outer loop
      vertex 39.130000000000024 14.959999999999999 2.6999999999999886
      vertex 58.773542864692445 10.797777478867204 2.6999999999999886
      vertex 59.15842142333986 10.87433458412143 2.6999999999999886
    endloop
  endfacet
  facet normal 0 0 1
    outer loop
      vertex 39.130000000000024 14.959999999999999 2.6999999999999886
      vertex 44.830598100774466 8.085036817835949 2.6999999999999886
      vertex 45.112842377115896 8.141178695022383 2.6999999999999886
    endloop
  endfacet
  facet normal 0 0 1
    outer loop
      vertex 39.130000000000024 14.959999999999999 2.6999999999999886
      vertex 45.112842377115896 8.141178695022383 2.6999999999999886
      vertex 45.400000000000006 8.16 2.6999999999999886
    endloop
  endfacet
  facet normal 0 0 1
    outer loop
      vertex 39.130000000000024 14.959999999999999 2.6999999999999886
      vertex 45.400000000000006 8.16 2.6999999999999886
      vertex 45.687157622884115 8.141178695022383 2.6999999999999886
    endloop
  endfacet
  facet normal 0 0 1
    outer loop
      vertex 39.130000000000024 14.959999999999999 2.6999999999999886
      vertex 44.55809644879682 7.9925349715248295 2.6999999999999886
      vertex 44.830598100774466 8.085036817835949 2.6999999999999886
    endloop
  endfacet
  facet normal 0 0 1
    outer loop
      vertex 39.130000000000024 14.959999999999999 2.6999999999999886
      vertex 44.30000000000001 7.865255888325764 2.6999999999999886
      vertex 44.55809644879682 7.9925349715248295 2.6999999999999886
    endloop
  endfacet
  facet normal 0 0 1
    outer loop
      vertex 39.130000000000024 14.959999999999999 2.6999999999999886
      vertex 44.060724856180826 7.705377348640717 2.6999999999999886
      vertex 44.30000000000001 7.865255888325764 2.6999999999999886
    endloop
  endfacet
  facet normal 0 0 1
    outer loop
      vertex 39.130000000000024 14.959999999999999 2.6999999999999886
      vertex 43.84436508138961 7.515634918610404 2.6999999999999886
      vertex 44.060724856180826 7.705377348640717 2.6999999999999886
    endloop
  endfacet
  facet normal 0 0 1
    outer loop
      vertex 39.130000000000024 14.959999999999999 2.6999999999999886
      vertex 43.65462265135929 7.299275143819184 2.6999999999999886
      vertex 43.84436508138961 7.515634918610404 2.6999999999999886
    endloop
  endfacet
  facet normal 0 0 1
    outer loop
      vertex 39.130000000000024 14.959999999999999 2.6999999999999886
      vertex 57.42867965644038 10.02132034355964 2.6999999999999886
      vertex 57.72371571297384 10.280060020873705 2.6999999999999886
    endloop
  endfacet
  facet normal 0 0 1
    outer loop
      vertex 39.130000000000024 14.959999999999999 2.6999999999999886
      vertex 51.81715762288411 8.141178695022383 2.6999999999999886
      vertex 57.42867965644038 10.02132034355964 2.6999999999999886
    endloop
  endfacet
  facet normal 0 0 1
    outer loop
      vertex 39.130000000000024 14.959999999999999 2.6999999999999886
      vertex 45.687157622884115 8.141178695022383 2.6999999999999886
      vertex 45.969401899225545 8.085036817835949 2.6999999999999886
    endloop
  endfacet
  facet normal 0 0 1
    outer loop
      vertex 39.130000000000024 14.959999999999999 2.6999999999999886
      vertex 51.24284237711589 8.141178695022383 2.6999999999999886
      vertex 51.53 8.16 2.6999999999999886
    endloop
  endfacet
  facet normal 0 0 1
    outer loop
      vertex 39.130000000000024 14.959999999999999 2.6999999999999886
      vertex 50.96059810077446 8.085036817835949 2.6999999999999886
      vertex 51.24284237711589 8.141178695022383 2.6999999999999886
    endloop
  endfacet
  facet normal 0 0 1
    outer loop
      vertex 39.130000000000024 14.959999999999999 2.6999999999999886
      vertex 51.53 8.16 2.6999999999999886
      vertex 51.81715762288411 8.141178695022383 2.6999999999999886
    endloop
  endfacet
  facet normal 0 0 1
    outer loop
      vertex 39.130000000000024 14.959999999999999 2.6999999999999886
      vertex 45.969401899225545 8.085036817835949 2.6999999999999886
      vertex 46.241903551203194 7.9925349715248295 2.6999999999999886
    endloop
  endfacet
  facet normal 0 0 1
    outer loop
      vertex 39.130000000000024 14.959999999999999 2.6999999999999886
      vertex 46.241903551203194 7.9925349715248295 2.6999999999999886
      vertex 50.68809644879681 7.9925349715248295 2.6999999999999886
    endloop
  endfacet
  facet normal 0 0 1
    outer loop
      vertex 39.130000000000024 14.959999999999999 2.6999999999999886
      vertex 50.68809644879681 7.9925349715248295 2.6999999999999886
      vertex 50.96059810077446 8.085036817835949 2.6999999999999886
    endloop
  endfacet
  facet normal 0 0 1
    outer loop
      vertex 39.130000000000024 14.959999999999999 2.6999999999999886
      vertex 43.49474411167424 7.059999999999999 2.6999999999999886
      vertex 43.65462265135929 7.299275143819184 2.6999999999999886
    endloop
  endfacet
  facet normal 0 0 1
    outer loop
      vertex 39.130000000000024 14.959999999999999 2.6999999999999886
      vertex 43.36746502847518 6.801903551203196 2.6999999999999886
      vertex 43.49474411167424 7.059999999999999 2.6999999999999886
    endloop
  endfacet
  facet normal 0 0 1
    outer loop
      vertex 39.130000000000024 14.959999999999999 2.6999999999999886
      vertex 43.27496318216404 6.529401899225544 2.6999999999999886
      vertex 43.36746502847518 6.801903551203196 2.6999999999999886
    endloop
  endfacet
  facet normal 0 0 1
    outer loop
      vertex 39.130000000000024 14.959999999999999 2.6999999999999886
      vertex 43.21882130497761 6.247157622884112 2.6999999999999886
      vertex 43.27496318216404 6.529401899225544 2.6999999999999886
    endloop
  endfacet
  facet normal 0 0 1
    outer loop
      vertex 39.130000000000024 14.959999999999999 2.6999999999999886
      vertex 43.20000000000002 5.959999999999999 2.6999999999999886
      vertex 43.21882130497761 6.247157622884112 2.6999999999999886
    endloop
  endfacet
  facet normal 0 0 1
    outer loop
      vertex 39.130000000000024 14.959999999999999 2.6999999999999886
      vertex 43.21882130497761 5.672842377115886 2.6999999999999886
      vertex 43.20000000000002 5.959999999999999 2.6999999999999886
    endloop
  endfacet
  facet normal 0 0 1
    outer loop
      vertex 39.130000000000024 14.959999999999999 2.6999999999999886
      vertex 39.130000000000024 3.959999999999999 2.6999999999999886
      vertex 43.21882130497761 5.672842377115886 2.6999999999999886
    endloop
  endfacet
  facet normal 0 0 1
    outer loop
      vertex 46.5 7.865255888325764 2.6999999999999886
      vertex 50.68809644879681 7.9925349715248295 2.6999999999999886
      vertex 46.241903551203194 7.9925349715248295 2.6999999999999886
    endloop
  endfacet
  facet normal 0 0 1
    outer loop
      vertex 50.68809644879681 7.9925349715248295 2.6999999999999886
      vertex 46.5 7.865255888325764 2.6999999999999886
      vertex 50.43000000000001 7.865255888325764 2.6999999999999886
    endloop
  endfacet
  facet normal 0 0 1
    outer loop
      vertex 57.1699399791263 9.72628428702616 2.6999999999999886
      vertex 57.42867965644038 10.02132034355964 2.6999999999999886
      vertex 52.09940189922554 8.085036817835949 2.6999999999999886
    endloop
  endfacet
  facet normal 0 0 1
    outer loop
      vertex 56.951923788646695 9.399999999999999 2.6999999999999886
      vertex 57.1699399791263 9.72628428702616 2.6999999999999886
      vertex 52.37190355120319 7.9925349715248295 2.6999999999999886
    endloop
  endfacet
  facet normal 0 0 1
    outer loop
      vertex 52.09940189922554 8.085036817835949 2.6999999999999886
      vertex 57.42867965644038 10.02132034355964 2.6999999999999886
      vertex 51.81715762288411 8.141178695022383 2.6999999999999886
    endloop
  endfacet
  facet normal 0 0 1
    outer loop
      vertex 57.1699399791263 9.72628428702616 2.6999999999999886
      vertex 52.09940189922554 8.085036817835949 2.6999999999999886
      vertex 52.37190355120319 7.9925349715248295 2.6999999999999886
    endloop
  endfacet
  facet normal 0 0 1
    outer loop
      vertex 56.951923788646695 9.399999999999999 2.6999999999999886
      vertex 52.37190355120319 7.9925349715248295 2.6999999999999886
      vertex 52.629999999999995 7.865255888325764 2.6999999999999886
    endloop
  endfacet
  facet normal 0 0 1
    outer loop
      vertex 56.778361402466146 9.048050297095267 2.6999999999999886
      vertex 56.951923788646695 9.399999999999999 2.6999999999999886
      vertex 52.629999999999995 7.865255888325764 2.6999999999999886
    endloop
  endfacet
  facet normal 0 0 1
    outer loop
      vertex 56.65222252113281 8.676457135307562 2.6999999999999886
      vertex 56.778361402466146 9.048050297095267 2.6999999999999886
      vertex 52.86927514381918 7.705377348640717 2.6999999999999886
    endloop
  endfacet
  facet normal 0 0 1
    outer loop
      vertex 56.778361402466146 9.048050297095267 2.6999999999999886
      vertex 52.629999999999995 7.865255888325764 2.6999999999999886
      vertex 52.86927514381918 7.705377348640717 2.6999999999999886
    endloop
  endfacet
  facet normal 0 0 1
    outer loop
      vertex 53.085634918610396 7.515634918610404 2.6999999999999886
      vertex 56.65222252113281 8.676457135307562 2.6999999999999886
      vertex 52.86927514381918 7.705377348640717 2.6999999999999886
    endloop
  endfacet
  facet normal 0 0 1
    outer loop
      vertex 53.085634918610396 7.515634918610404 2.6999999999999886
      vertex 56.575665415878575 8.291578576660154 2.6999999999999886
      vertex 56.65222252113281 8.676457135307562 2.6999999999999886
    endloop
  endfacet
  facet normal -1 0 0
    outer loop
      vertex 0 11.399999999999999 0.8250000016112153
      vertex 0 0 2.6999999999999886
      vertex 0 11.399999999999999 2.074999997606511
    endloop
  endfacet
  facet normal 0 0 1
    outer loop
      vertex 0 15.799999999999999 2.6999999999999886
      vertex 0 0 2.6999999999999886
      vertex 1.5999999999999943 2.799999999999997 2.6999999999999886
    endloop
  endfacet
  facet normal 0 0 1
    outer loop
      vertex 2.3999999999999915 2.799999999999997 2.6999999999999886
      vertex 19.13000000000001 3.959999999999999 2.6999999999999886
      vertex 19.13000000000001 14.959999999999999 2.6999999999999886
    endloop
  endfacet
  facet normal 0 0 1
    outer loop
      vertex 2.3999999999999915 2.799999999999997 2.6999999999999886
      vertex 0 0 2.6999999999999886
      vertex 19.13000000000001 3.959999999999999 2.6999999999999886
    endloop
  endfacet
  facet normal 0 0 1
    outer loop
      vertex 1.5999999999999943 2.799999999999997 2.6999999999999886
      vertex 0 0 2.6999999999999886
      vertex 2.3999999999999915 2.799999999999997 2.6999999999999886
    endloop
  endfacet
  facet normal 0 0 1
    outer loop
      vertex 0 0 2.6999999999999886
      vertex 39.130000000000024 3.959999999999999 2.6999999999999886
      vertex 19.13000000000001 3.959999999999999 2.6999999999999886
    endloop
  endfacet
  facet normal 0 0 1
    outer loop
      vertex 0 0 2.6999999999999886
      vertex 45.112842377115896 3.7788213049776154 2.6999999999999886
      vertex 39.130000000000024 3.959999999999999 2.6999999999999886
    endloop
  endfacet
  facet normal 0 0 1
    outer loop
      vertex 0 0 2.6999999999999886
      vertex 45.400000000000006 3.759999999999998 2.6999999999999886
      vertex 45.112842377115896 3.7788213049776154 2.6999999999999886
    endloop
  endfacet
  facet normal 0 0 1
    outer loop
      vertex 46.739275143819185 7.705377348640717 2.6999999999999886
      vertex 50.43000000000001 7.865255888325764 2.6999999999999886
      vertex 46.5 7.865255888325764 2.6999999999999886
    endloop
  endfacet
  facet normal 0 0 1
    outer loop
      vertex 50.43000000000001 7.865255888325764 2.6999999999999886
      vertex 46.739275143819185 7.705377348640717 2.6999999999999886
      vertex 50.19072485618082 7.705377348640717 2.6999999999999886
    endloop
  endfacet
  facet normal 0 0 1
    outer loop
      vertex 46.9556349186104 7.515634918610404 2.6999999999999886
      vertex 50.19072485618082 7.705377348640717 2.6999999999999886
      vertex 46.739275143819185 7.705377348640717 2.6999999999999886
    endloop
  endfacet
  facet normal 0 0 1
    outer loop
      vertex 46.9556349186104 7.515634918610404 2.6999999999999886
      vertex 47.14537734864072 7.299275143819184 2.6999999999999886
      vertex 49.97436508138961 7.515634918610404 2.6999999999999886
    endloop
  endfacet
  facet normal 0 0 1
    outer loop
      vertex 46.9556349186104 7.515634918610404 2.6999999999999886
      vertex 49.97436508138961 7.515634918610404 2.6999999999999886
      vertex 50.19072485618082 7.705377348640717 2.6999999999999886
    endloop
  endfacet
  facet normal 0 0 1
    outer loop
      vertex 49.97436508138961 7.515634918610404 2.6999999999999886
      vertex 47.14537734864072 7.299275143819184 2.6999999999999886
      vertex 47.305255888325775 7.059999999999999 2.6999999999999886
    endloop
  endfacet
  facet normal 0 0 1
    outer loop
      vertex 47.305255888325775 7.059999999999999 2.6999999999999886
      vertex 49.784622651359285 7.299275143819184 2.6999999999999886
      vertex 49.97436508138961 7.515634918610404 2.6999999999999886
    endloop
  endfacet
  facet normal 0 0 1
    outer loop
      vertex 47.305255888325775 7.059999999999999 2.6999999999999886
      vertex 49.62474411167423 7.059999999999999 2.6999999999999886
      vertex 49.784622651359285 7.299275143819184 2.6999999999999886
    endloop
  endfacet
  facet normal 0 0 1
    outer loop
      vertex 47.305255888325775 7.059999999999999 2.6999999999999886
      vertex 47.43253497152483 6.801903551203196 2.6999999999999886
      vertex 49.62474411167423 7.059999999999999 2.6999999999999886
    endloop
  endfacet
  facet normal 0 0 1
    outer loop
      vertex 47.43253497152483 6.801903551203196 2.6999999999999886
      vertex 49.497465028475176 6.801903551203196 2.6999999999999886
      vertex 49.62474411167423 7.059999999999999 2.6999999999999886
    endloop
  endfacet
  facet normal 0 0 1
    outer loop
      vertex 47.43253497152483 6.801903551203196 2.6999999999999886
      vertex 47.52503681783597 6.529401899225544 2.6999999999999886
      vertex 49.497465028475176 6.801903551203196 2.6999999999999886
    endloop
  endfacet
  facet normal 0 0 1
    outer loop
      vertex 49.40496318216404 6.529401899225544 2.6999999999999886
      vertex 49.497465028475176 6.801903551203196 2.6999999999999886
      vertex 47.52503681783597 6.529401899225544 2.6999999999999886
    endloop
  endfacet
  facet normal 0 0 1
    outer loop
      vertex 49.40496318216404 6.529401899225544 2.6999999999999886
      vertex 47.52503681783597 6.529401899225544 2.6999999999999886
      vertex 47.5811786950224 6.247157622884112 2.6999999999999886
    endloop
  endfacet
  facet normal 0 0 1
    outer loop
      vertex 47.5811786950224 6.247157622884112 2.6999999999999886
      vertex 49.348821304977605 6.247157622884112 2.6999999999999886
      vertex 49.40496318216404 6.529401899225544 2.6999999999999886
    endloop
  endfacet
  facet normal 0 0 1
    outer loop
      vertex 47.5811786950224 6.247157622884112 2.6999999999999886
      vertex 47.599999999999994 5.959999999999999 2.6999999999999886
      vertex 49.348821304977605 6.247157622884112 2.6999999999999886
    endloop
  endfacet
  facet normal 0 0 1
    outer loop
      vertex 49.33000000000001 5.959999999999999 2.6999999999999886
      vertex 49.348821304977605 6.247157622884112 2.6999999999999886
      vertex 47.599999999999994 5.959999999999999 2.6999999999999886
    endloop
  endfacet
  facet normal 0 0 1
    outer loop
      vertex 39.130000000000024 3.959999999999999 2.6999999999999886
      vertex 43.27496318216404 5.390598100774454 2.6999999999999886
      vertex 43.21882130497761 5.672842377115886 2.6999999999999886
    endloop
  endfacet
  facet normal 0 0 1
    outer loop
      vertex 39.130000000000024 3.959999999999999 2.6999999999999886
      vertex 43.36746502847518 5.118096448796802 2.6999999999999886
      vertex 43.27496318216404 5.390598100774454 2.6999999999999886
    endloop
  endfacet
  facet normal 0 0 1
    outer loop
      vertex 39.130000000000024 3.959999999999999 2.6999999999999886
      vertex 43.49474411167424 4.859999999999999 2.6999999999999886
      vertex 43.36746502847518 5.118096448796802 2.6999999999999886
    endloop
  endfacet
  facet normal 0 0 1
    outer loop
      vertex 39.130000000000024 3.959999999999999 2.6999999999999886
      vertex 43.65462265135929 4.620724856180814 2.6999999999999886
      vertex 43.49474411167424 4.859999999999999 2.6999999999999886
    endloop
  endfacet
  facet normal 0 0 1
    outer loop
      vertex 39.130000000000024 3.959999999999999 2.6999999999999886
      vertex 43.84436508138961 4.404365081389594 2.6999999999999886
      vertex 43.65462265135929 4.620724856180814 2.6999999999999886
    endloop
  endfacet
  facet normal 0 0 1
    outer loop
      vertex 39.130000000000024 3.959999999999999 2.6999999999999886
      vertex 44.060724856180826 4.2146226513592815 2.6999999999999886
      vertex 43.84436508138961 4.404365081389594 2.6999999999999886
    endloop
  endfacet
  facet normal 0 0 1
    outer loop
      vertex 39.130000000000024 3.959999999999999 2.6999999999999886
      vertex 44.30000000000001 4.054744111674234 2.6999999999999886
      vertex 44.060724856180826 4.2146226513592815 2.6999999999999886
    endloop
  endfacet
  facet normal 0 0 1
    outer loop
      vertex 39.130000000000024 3.959999999999999 2.6999999999999886
      vertex 44.55809644879682 3.9274650284751687 2.6999999999999886
      vertex 44.30000000000001 4.054744111674234 2.6999999999999886
    endloop
  endfacet
  facet normal 0 0 1
    outer loop
      vertex 47.599999999999994 5.959999999999999 2.6999999999999886
      vertex 47.5811786950224 5.672842377115886 2.6999999999999886
      vertex 49.33000000000001 5.959999999999999 2.6999999999999886
    endloop
  endfacet
  facet normal 0 0 1
    outer loop
      vertex 49.33000000000001 5.959999999999999 2.6999999999999886
      vertex 47.5811786950224 5.672842377115886 2.6999999999999886
      vertex 47.52503681783597 5.390598100774454 2.6999999999999886
    endloop
  endfacet
  facet normal 0 0 1
    outer loop
      vertex 49.33000000000001 5.959999999999999 2.6999999999999886
      vertex 47.52503681783597 5.390598100774454 2.6999999999999886
      vertex 49.348821304977605 5.672842377115886 2.6999999999999886
    endloop
  endfacet
  facet normal 0 0 1
    outer loop
      vertex 47.52503681783597 5.390598100774454 2.6999999999999886
      vertex 49.40496318216404 5.390598100774454 2.6999999999999886
      vertex 49.348821304977605 5.672842377115886 2.6999999999999886
    endloop
  endfacet
  facet normal 0 0 1
    outer loop
      vertex 47.52503681783597 5.390598100774454 2.6999999999999886
      vertex 47.43253497152483 5.118096448796802 2.6999999999999886
      vertex 49.40496318216404 5.390598100774454 2.6999999999999886
    endloop
  endfacet
  facet normal 0 0 1
    outer loop
      vertex 49.497465028475176 5.118096448796802 2.6999999999999886
      vertex 49.40496318216404 5.390598100774454 2.6999999999999886
      vertex 47.43253497152483 5.118096448796802 2.6999999999999886
    endloop
  endfacet
  facet normal 0 0 1
    outer loop
      vertex 49.497465028475176 5.118096448796802 2.6999999999999886
      vertex 47.43253497152483 5.118096448796802 2.6999999999999886
      vertex 47.305255888325775 4.859999999999999 2.6999999999999886
    endloop
  endfacet
  facet normal 0 0 1
    outer loop
      vertex 47.305255888325775 4.859999999999999 2.6999999999999886
      vertex 49.62474411167423 4.859999999999999 2.6999999999999886
      vertex 49.497465028475176 5.118096448796802 2.6999999999999886
    endloop
  endfacet
  facet normal 0 0 1
    outer loop
      vertex 46.5 4.054744111674234 2.6999999999999886
      vertex 50.19072485618082 4.2146226513592815 2.6999999999999886
      vertex 46.739275143819185 4.2146226513592815 2.6999999999999886
    endloop
  endfacet
  facet normal 0 0 1
    outer loop
      vertex 46.241903551203194 3.9274650284751687 2.6999999999999886
      vertex 50.43000000000001 4.054744111674234 2.6999999999999886
      vertex 46.5 4.054744111674234 2.6999999999999886
    endloop
  endfacet
  facet normal 0 0 1
    outer loop
      vertex 47.305255888325775 4.859999999999999 2.6999999999999886
      vertex 47.14537734864072 4.620724856180814 2.6999999999999886
      vertex 49.62474411167423 4.859999999999999 2.6999999999999886
    endloop
  endfacet
  facet normal 0 0 1
    outer loop
      vertex 47.14537734864072 4.620724856180814 2.6999999999999886
      vertex 49.784622651359285 4.620724856180814 2.6999999999999886
      vertex 49.62474411167423 4.859999999999999 2.6999999999999886
    endloop
  endfacet
  facet normal 0 0 1
    outer loop
      vertex 47.14537734864072 4.620724856180814 2.6999999999999886
      vertex 46.9556349186104 4.404365081389594 2.6999999999999886
      vertex 49.784622651359285 4.620724856180814 2.6999999999999886
    endloop
  endfacet
  facet normal 0 0 1
    outer loop
      vertex 49.97436508138961 4.404365081389594 2.6999999999999886
      vertex 49.784622651359285 4.620724856180814 2.6999999999999886
      vertex 46.9556349186104 4.404365081389594 2.6999999999999886
    endloop
  endfacet
  facet normal 0 0 1
    outer loop
      vertex 46.739275143819185 4.2146226513592815 2.6999999999999886
      vertex 49.97436508138961 4.404365081389594 2.6999999999999886
      vertex 46.9556349186104 4.404365081389594 2.6999999999999886
    endloop
  endfacet
  facet normal 0 0 1
    outer loop
      vertex 46.739275143819185 4.2146226513592815 2.6999999999999886
      vertex 50.19072485618082 4.2146226513592815 2.6999999999999886
      vertex 49.97436508138961 4.404365081389594 2.6999999999999886
    endloop
  endfacet
  facet normal 0 0 1
    outer loop
      vertex 46.5 4.054744111674234 2.6999999999999886
      vertex 50.43000000000001 4.054744111674234 2.6999999999999886
      vertex 50.19072485618082 4.2146226513592815 2.6999999999999886
    endloop
  endfacet
  facet normal 0 0 1
    outer loop
      vertex 46.241903551203194 3.9274650284751687 2.6999999999999886
      vertex 50.68809644879681 3.9274650284751687 2.6999999999999886
      vertex 50.43000000000001 4.054744111674234 2.6999999999999886
    endloop
  endfacet
  facet normal 0 0 1
    outer loop
      vertex 56.575665415878575 8.291578576660154 2.6999999999999886
      vertex 53.085634918610396 7.515634918610404 2.6999999999999886
      vertex 53.27537734864072 7.299275143819184 2.6999999999999886
    endloop
  endfacet
  facet normal 0 0 1
    outer loop
      vertex 56.575665415878575 8.291578576660154 2.6999999999999886
      vertex 53.27537734864072 7.299275143819184 2.6999999999999886
      vertex 53.43525588832577 7.059999999999999 2.6999999999999886
    endloop
  endfacet
  facet normal 0 0 1
    outer loop
      vertex 56.55000000000001 7.899999999999999 2.6999999999999886
      vertex 56.575665415878575 8.291578576660154 2.6999999999999886
      vertex 53.43525588832577 7.059999999999999 2.6999999999999886
    endloop
  endfacet
  facet normal 0 0 1
    outer loop
      vertex 56.575665415878575 7.508421423339843 2.6999999999999886
      vertex 56.55000000000001 7.899999999999999 2.6999999999999886
      vertex 53.562534971524826 6.801903551203196 2.6999999999999886
    endloop
  endfacet
  facet normal 0 0 1
    outer loop
      vertex 56.55000000000001 7.899999999999999 2.6999999999999886
      vertex 53.43525588832577 7.059999999999999 2.6999999999999886
      vertex 53.562534971524826 6.801903551203196 2.6999999999999886
    endloop
  endfacet
  facet normal 0 0 1
    outer loop
      vertex 56.575665415878575 7.508421423339843 2.6999999999999886
      vertex 53.562534971524826 6.801903551203196 2.6999999999999886
      vertex 53.65503681783596 6.529401899225544 2.6999999999999886
    endloop
  endfacet
  facet normal 0 0 1
    outer loop
      vertex 56.65222252113281 7.1235428646924355 2.6999999999999886
      vertex 56.575665415878575 7.508421423339843 2.6999999999999886
      vertex 53.65503681783596 6.529401899225544 2.6999999999999886
    endloop
  endfacet
  facet normal 0 0 1
    outer loop
      vertex 56.65222252113281 7.1235428646924355 2.6999999999999886
      vertex 53.65503681783596 6.529401899225544 2.6999999999999886
      vertex 53.7111786950224 6.247157622884112 2.6999999999999886
    endloop
  endfacet
  facet normal 0 0 1
    outer loop
      vertex 56.65222252113281 7.1235428646924355 2.6999999999999886
      vertex 53.7111786950224 6.247157622884112 2.6999999999999886
      vertex 53.72999999999999 5.959999999999999 2.6999999999999886
    endloop
  endfacet
  facet normal 0 0 1
    outer loop
      vertex 53.72999999999999 5.959999999999999 2.6999999999999886
      vertex 56.778361402466146 6.75194970290473 2.6999999999999886
      vertex 56.65222252113281 7.1235428646924355 2.6999999999999886
    endloop
  endfacet
  facet normal 0 0 1
    outer loop
      vertex 56.951923788646695 6.399999999999999 2.6999999999999886
      vertex 56.778361402466146 6.75194970290473 2.6999999999999886
      vertex 53.7111786950224 5.672842377115886 2.6999999999999886
    endloop
  endfacet
  facet normal 0 0 1
    outer loop
      vertex 56.778361402466146 6.75194970290473 2.6999999999999886
      vertex 53.72999999999999 5.959999999999999 2.6999999999999886
      vertex 53.7111786950224 5.672842377115886 2.6999999999999886
    endloop
  endfacet
  facet normal 0 0 1
    outer loop
      vertex 57.1699399791263 6.073715712973836 2.6999999999999886
      vertex 56.951923788646695 6.399999999999999 2.6999999999999886
      vertex 53.65503681783596 5.390598100774454 2.6999999999999886
    endloop
  endfacet
  facet normal 0 0 1
    outer loop
      vertex 53.7111786950224 5.672842377115886 2.6999999999999886
      vertex 53.65503681783596 5.390598100774454 2.6999999999999886
      vertex 56.951923788646695 6.399999999999999 2.6999999999999886
    endloop
  endfacet
  facet normal 0 0 1
    outer loop
      vertex 57.1699399791263 6.073715712973836 2.6999999999999886
      vertex 53.65503681783596 5.390598100774454 2.6999999999999886
      vertex 53.562534971524826 5.118096448796802 2.6999999999999886
    endloop
  endfacet
  facet normal 0 0 1
    outer loop
      vertex 53.562534971524826 5.118096448796802 2.6999999999999886
      vertex 57.42867965644038 5.778679656440357 2.6999999999999886
      vertex 57.1699399791263 6.073715712973836 2.6999999999999886
    endloop
  endfacet
  facet normal 0 0 1
    outer loop
      vertex 53.562534971524826 5.118096448796802 2.6999999999999886
      vertex 53.43525588832577 4.859999999999999 2.6999999999999886
      vertex 57.42867965644038 5.778679656440357 2.6999999999999886
    endloop
  endfacet
  facet normal 0 0 1
    outer loop
      vertex 53.43525588832577 4.859999999999999 2.6999999999999886
      vertex 57.72371571297384 5.519939979126292 2.6999999999999886
      vertex 57.42867965644038 5.778679656440357 2.6999999999999886
    endloop
  endfacet
  facet normal 0 0 1
    outer loop
      vertex 53.43525588832577 4.859999999999999 2.6999999999999886
      vertex 53.27537734864072 4.620724856180814 2.6999999999999886
      vertex 57.72371571297384 5.519939979126292 2.6999999999999886
    endloop
  endfacet
  facet normal 0 0 1
    outer loop
      vertex 53.27537734864072 4.620724856180814 2.6999999999999886
      vertex 58.05000000000001 5.301923788646683 2.6999999999999886
      vertex 57.72371571297384 5.519939979126292 2.6999999999999886
    endloop
  endfacet
  facet normal 0 0 1
    outer loop
      vertex 58.05000000000001 5.301923788646683 2.6999999999999886
      vertex 53.085634918610396 4.404365081389594 2.6999999999999886
      vertex 58.401949702904744 5.128361402466139 2.6999999999999886
    endloop
  endfacet
  facet normal 0 0 1
    outer loop
      vertex 53.27537734864072 4.620724856180814 2.6999999999999886
      vertex 53.085634918610396 4.404365081389594 2.6999999999999886
      vertex 58.05000000000001 5.301923788646683 2.6999999999999886
    endloop
  endfacet
  facet normal 0 0 1
    outer loop
      vertex 52.86927514381918 4.2146226513592815 2.6999999999999886
      vertex 58.401949702904744 5.128361402466139 2.6999999999999886
      vertex 53.085634918610396 4.404365081389594 2.6999999999999886
    endloop
  endfacet
  facet normal 0 0 1
    outer loop
      vertex 52.629999999999995 4.054744111674234 2.6999999999999886
      vertex 58.773542864692445 5.0022225211327935 2.6999999999999886
      vertex 52.86927514381918 4.2146226513592815 2.6999999999999886
    endloop
  endfacet
  facet normal 0 0 1
    outer loop
      vertex 52.37190355120319 3.9274650284751687 2.6999999999999886
      vertex 59.15842142333986 4.9256654158785675 2.6999999999999886
      vertex 52.629999999999995 4.054744111674234 2.6999999999999886
    endloop
  endfacet
  facet normal 0 0 1
    outer loop
      vertex 52.09940189922554 3.8349631821640493 2.6999999999999886
      vertex 59.55000000000001 4.899999999999999 2.6999999999999886
      vertex 52.37190355120319 3.9274650284751687 2.6999999999999886
    endloop
  endfacet
  facet normal 0 0 1
    outer loop
      vertex 58.401949702904744 5.128361402466139 2.6999999999999886
      vertex 52.86927514381918 4.2146226513592815 2.6999999999999886
      vertex 58.773542864692445 5.0022225211327935 2.6999999999999886
    endloop
  endfacet
  facet normal 0 0 1
    outer loop
      vertex 58.773542864692445 5.0022225211327935 2.6999999999999886
      vertex 52.629999999999995 4.054744111674234 2.6999999999999886
      vertex 59.15842142333986 4.9256654158785675 2.6999999999999886
    endloop
  endfacet
  facet normal 0 0 1
    outer loop
      vertex 59.15842142333986 4.9256654158785675 2.6999999999999886
      vertex 52.37190355120319 3.9274650284751687 2.6999999999999886
      vertex 59.55000000000001 4.899999999999999 2.6999999999999886
    endloop
  endfacet
  facet normal 0 0 1
    outer loop
      vertex 39.130000000000024 3.959999999999999 2.6999999999999886
      vertex 44.830598100774466 3.8349631821640493 2.6999999999999886
      vertex 44.55809644879682 3.9274650284751687 2.6999999999999886
    endloop
  endfacet
  facet normal 0 0 1
    outer loop
      vertex 39.130000000000024 3.959999999999999 2.6999999999999886
      vertex 45.112842377115896 3.7788213049776154 2.6999999999999886
      vertex 44.830598100774466 3.8349631821640493 2.6999999999999886
    endloop
  endfacet
  facet normal 0 0 1
    outer loop
      vertex 45.969401899225545 3.8349631821640493 2.6999999999999886
      vertex 50.68809644879681 3.9274650284751687 2.6999999999999886
      vertex 46.241903551203194 3.9274650284751687 2.6999999999999886
    endloop
  endfacet
  facet normal 0 0 1
    outer loop
      vertex 45.687157622884115 3.7788213049776154 2.6999999999999886
      vertex 50.96059810077446 3.8349631821640493 2.6999999999999886
      vertex 45.969401899225545 3.8349631821640493 2.6999999999999886
    endloop
  endfacet
  facet normal 0 0 1
    outer loop
      vertex 45.969401899225545 3.8349631821640493 2.6999999999999886
      vertex 50.96059810077446 3.8349631821640493 2.6999999999999886
      vertex 50.68809644879681 3.9274650284751687 2.6999999999999886
    endloop
  endfacet
  facet normal 0 0 1
    outer loop
      vertex 45.687157622884115 3.7788213049776154 2.6999999999999886
      vertex 51.24284237711589 3.7788213049776154 2.6999999999999886
      vertex 50.96059810077446 3.8349631821640493 2.6999999999999886
    endloop
  endfacet
  facet normal 0 0 1
    outer loop
      vertex 51.24284237711589 3.7788213049776154 2.6999999999999886
      vertex 45.687157622884115 3.7788213049776154 2.6999999999999886
      vertex 51.53 3.759999999999998 2.6999999999999886
    endloop
  endfacet
  facet normal 0 0 1
    outer loop
      vertex 0 0 2.6999999999999886
      vertex 137.4 2.799999999999997 2.6999999999999886
      vertex 45.400000000000006 3.759999999999998 2.6999999999999886
    endloop
  endfacet
  facet normal 0 0 -1
    outer loop
      vertex 137.4 15.799999999999999 0
      vertex 59.55000000000001 10.899999999999999 0
      vertex 39.130000000000024 14.959999999999999 0
    endloop
  endfacet
  facet normal 0 0 -1
    outer loop
      vertex 137.4 15.799999999999999 0
      vertex 59.94157857666016 10.87433458412143 0
      vertex 59.55000000000001 10.899999999999999 0
    endloop
  endfacet
  facet normal 0 0 -1
    outer loop
      vertex 137.4 15.799999999999999 0
      vertex 60.32645713530758 10.797777478867204 0
      vertex 59.94157857666016 10.87433458412143 0
    endloop
  endfacet
  facet normal 0 0 -1
    outer loop
      vertex 137.4 15.799999999999999 0
      vertex 60.69805029709528 10.671638597533859 0
      vertex 60.32645713530758 10.797777478867204 0
    endloop
  endfacet
  facet normal 0 0 -1
    outer loop
      vertex 137.4 15.799999999999999 0
      vertex 61.05000000000001 10.498076211353315 0
      vertex 60.69805029709528 10.671638597533859 0
    endloop
  endfacet
  facet normal 0 0 -1
    outer loop
      vertex 137.4 15.799999999999999 0
      vertex 61.37628428702618 10.280060020873705 0
      vertex 61.05000000000001 10.498076211353315 0
    endloop
  endfacet
  facet normal 1 0 0
    outer loop
      vertex 139.8 15.799999999999999 0
      vertex 139.8 15.399999999999999 0.8250000016112153
      vertex 139.8 11.399999999999999 0.8250000016112153
    endloop
  endfacet
  facet normal 0 0 -1
    outer loop
      vertex 137.4 15.799999999999999 0
      vertex 137.4 2.799999999999997 0
      vertex 61.37628428702618 10.280060020873705 0
    endloop
  endfacet
  facet normal 0 0 -1
    outer loop
      vertex 138.20000000000002 15.799999999999999 0
      vertex 139.8 15.799999999999999 0
      vertex 138.20000000000002 2.799999999999997 0
    endloop
  endfacet
  facet normal 1 0 0
    outer loop
      vertex 139.8 15.799999999999999 0
      vertex 139.8 11.399999999999999 0.8250000016112153
      vertex 139.8 0 0
    endloop
  endfacet
  facet normal 0 1 0
    outer loop
      vertex 138.20000000000002 15.799999999999999 0
      vertex 138.20000000000002 15.799999999999999 2.6999999999999886
      vertex 139.8 15.799999999999999 0
    endloop
  endfacet
  facet normal 1 0 0
    outer loop
      vertex 139.8 15.799999999999999 0
      vertex 139.8 15.799999999999999 2.6999999999999886
      vertex 139.8 15.399999999999999 0.8250000016112153
    endloop
  endfacet
  facet normal 0 0 -1
    outer loop
      vertex 137.4 2.799999999999997 0
      vertex 61.67132034355964 10.02132034355964 0
      vertex 61.37628428702618 10.280060020873705 0
    endloop
  endfacet
  facet normal 0 0 -1
    outer loop
      vertex 137.4 2.799999999999997 0
      vertex 61.930060020873725 9.72628428702616 0
      vertex 61.67132034355964 10.02132034355964 0
    endloop
  endfacet
  facet normal 0 0 -1
    outer loop
      vertex 137.4 2.799999999999997 0
      vertex 62.14807621135333 9.399999999999999 0
      vertex 61.930060020873725 9.72628428702616 0
    endloop
  endfacet
  facet normal 0 0 -1
    outer loop
      vertex 137.4 2.799999999999997 0
      vertex 62.32163859753388 9.048050297095267 0
      vertex 62.14807621135333 9.399999999999999 0
    endloop
  endfacet
  facet normal 0 0 -1
    outer loop
      vertex 139.8 0 0
      vertex 62.44777747886721 8.676457135307562 0
      vertex 62.32163859753388 9.048050297095267 0
    endloop
  endfacet
  facet normal 0 0 -1
    outer loop
      vertex 139.8 0 0
      vertex 62.52433458412145 8.291578576660154 0
      vertex 62.44777747886721 8.676457135307562 0
    endloop
  endfacet
  facet normal 0 0 -1
    outer loop
      vertex 139.8 0 0
      vertex 62.55000000000001 7.899999999999999 0
      vertex 62.52433458412145 8.291578576660154 0
    endloop
  endfacet
  facet normal 0 0 -1
    outer loop
      vertex 139.8 0 0
      vertex 62.52433458412145 7.508421423339843 0
      vertex 62.55000000000001 7.899999999999999 0
    endloop
  endfacet
  facet normal 0 0 -1
    outer loop
      vertex 139.8 0 0
      vertex 62.44777747886721 7.1235428646924355 0
      vertex 62.52433458412145 7.508421423339843 0
    endloop
  endfacet
  facet normal 0 0 -1
    outer loop
      vertex 139.8 0 0
      vertex 62.32163859753388 6.75194970290473 0
      vertex 62.44777747886721 7.1235428646924355 0
    endloop
  endfacet
  facet normal 0 0 -1
    outer loop
      vertex 139.8 0 0
      vertex 62.14807621135333 6.399999999999999 0
      vertex 62.32163859753388 6.75194970290473 0
    endloop
  endfacet
  facet normal 0 0 -1
    outer loop
      vertex 139.8 0 0
      vertex 61.930060020873725 6.073715712973836 0
      vertex 62.14807621135333 6.399999999999999 0
    endloop
  endfacet
  facet normal 0 0 -1
    outer loop
      vertex 139.8 0 0
      vertex 61.67132034355964 5.778679656440357 0
      vertex 61.930060020873725 6.073715712973836 0
    endloop
  endfacet
  facet normal 0 0 -1
    outer loop
      vertex 139.8 0 0
      vertex 39.130000000000024 3.959999999999999 0
      vertex 45.400000000000006 3.759999999999998 0
    endloop
  endfacet
  facet normal 0 0 -1
    outer loop
      vertex 139.8 0 0
      vertex 61.05000000000001 5.301923788646683 0
      vertex 61.37628428702618 5.519939979126292 0
    endloop
  endfacet
  facet normal 0 0 -1
    outer loop
      vertex 139.8 0 0
      vertex 60.69805029709528 5.128361402466139 0
      vertex 61.05000000000001 5.301923788646683 0
    endloop
  endfacet
  facet normal 0 0 -1
    outer loop
      vertex 139.8 0 0
      vertex 60.32645713530758 5.0022225211327935 0
      vertex 60.69805029709528 5.128361402466139 0
    endloop
  endfacet
  facet normal 0 0 -1
    outer loop
      vertex 139.8 0 0
      vertex 59.94157857666016 4.9256654158785675 0
      vertex 60.32645713530758 5.0022225211327935 0
    endloop
  endfacet
  facet normal 0 0 -1
    outer loop
      vertex 139.8 0 0
      vertex 59.55000000000001 4.899999999999999 0
      vertex 59.94157857666016 4.9256654158785675 0
    endloop
  endfacet
  facet normal 0 0 -1
    outer loop
      vertex 139.8 0 0
      vertex 45.400000000000006 3.759999999999998 0
      vertex 51.53 3.759999999999998 0
    endloop
  endfacet
  facet normal 0 0 -1
    outer loop
      vertex 139.8 0 0
      vertex 51.81715762288411 3.7788213049776154 0
      vertex 52.09940189922554 3.8349631821640493 0
    endloop
  endfacet
  facet normal 0 0 -1
    outer loop
      vertex 139.8 0 0
      vertex 51.53 3.759999999999998 0
      vertex 51.81715762288411 3.7788213049776154 0
    endloop
  endfacet
  facet normal 0 0 -1
    outer loop
      vertex 139.8 0 0
      vertex 52.09940189922554 3.8349631821640493 0
      vertex 59.55000000000001 4.899999999999999 0
    endloop
  endfacet
  facet normal 0 0 -1
    outer loop
      vertex 139.8 0 0
      vertex 61.37628428702618 5.519939979126292 0
      vertex 61.67132034355964 5.778679656440357 0
    endloop
  endfacet
  facet normal 0 0 -1
    outer loop
      vertex 139.8 15.799999999999999 0
      vertex 139.8 0 0
      vertex 138.20000000000002 2.799999999999997 0
    endloop
  endfacet
  facet normal 0 0 -1
    outer loop
      vertex 137.4 2.799999999999997 0
      vertex 139.8 0 0
      vertex 62.32163859753388 9.048050297095267 0
    endloop
  endfacet
  facet normal 0 0 -1
    outer loop
      vertex 137.4 2.799999999999997 0
      vertex 138.20000000000002 2.799999999999997 0
      vertex 139.8 0 0
    endloop
  endfacet
  facet normal 1 0 0
    outer loop
      vertex 139.8 11.399999999999999 0.8250000016112153
      vertex 139.8 11.399999999999999 2.074999997606511
      vertex 139.8 0 0
    endloop
  endfacet
  facet normal 0 1 0
    outer loop
      vertex 2.3999999999999915 15.799999999999999 2.6999999999999886
      vertex 137.4 15.799999999999999 2.6999999999999886
      vertex 137.4 15.799999999999999 0
    endloop
  endfacet
  facet normal 0 0 1
    outer loop
      vertex 137.4 15.799999999999999 2.6999999999999886
      vertex 39.130000000000024 14.959999999999999 2.6999999999999886
      vertex 59.55000000000001 10.899999999999999 2.6999999999999886
    endloop
  endfacet
  facet normal 0 0 1
    outer loop
      vertex 137.4 15.799999999999999 2.6999999999999886
      vertex 59.55000000000001 10.899999999999999 2.6999999999999886
      vertex 59.94157857666016 10.87433458412143 2.6999999999999886
    endloop
  endfacet
  facet normal 0 0 1
    outer loop
      vertex 137.4 15.799999999999999 2.6999999999999886
      vertex 59.94157857666016 10.87433458412143 2.6999999999999886
      vertex 60.32645713530758 10.797777478867204 2.6999999999999886
    endloop
  endfacet
  facet normal 0 0 1
    outer loop
      vertex 137.4 15.799999999999999 2.6999999999999886
      vertex 60.32645713530758 10.797777478867204 2.6999999999999886
      vertex 60.69805029709528 10.671638597533859 2.6999999999999886
    endloop
  endfacet
  facet normal 0 0 1
    outer loop
      vertex 137.4 15.799999999999999 2.6999999999999886
      vertex 60.69805029709528 10.671638597533859 2.6999999999999886
      vertex 61.05000000000001 10.498076211353315 2.6999999999999886
    endloop
  endfacet
  facet normal 0 0 1
    outer loop
      vertex 137.4 15.799999999999999 2.6999999999999886
      vertex 61.05000000000001 10.498076211353315 2.6999999999999886
      vertex 61.37628428702618 10.280060020873705 2.6999999999999886
    endloop
  endfacet
  facet normal 0 0 1
    outer loop
      vertex 137.4 15.799999999999999 2.6999999999999886
      vertex 61.37628428702618 10.280060020873705 2.6999999999999886
      vertex 61.67132034355964 10.02132034355964 2.6999999999999886
    endloop
  endfacet
  facet normal 0 0 1
    outer loop
      vertex 137.4 15.799999999999999 2.6999999999999886
      vertex 61.67132034355964 10.02132034355964 2.6999999999999886
      vertex 61.930060020873725 9.72628428702616 2.6999999999999886
    endloop
  endfacet
  facet normal 0 0 1
    outer loop
      vertex 137.4 15.799999999999999 2.6999999999999886
      vertex 61.930060020873725 9.72628428702616 2.6999999999999886
      vertex 62.14807621135333 9.399999999999999 2.6999999999999886
    endloop
  endfacet
  facet normal 0 0 1
    outer loop
      vertex 137.4 15.799999999999999 2.6999999999999886
      vertex 62.14807621135333 9.399999999999999 2.6999999999999886
      vertex 62.32163859753388 9.048050297095267 2.6999999999999886
    endloop
  endfacet
  facet normal 0 0 1
    outer loop
      vertex 137.4 15.799999999999999 2.6999999999999886
      vertex 62.32163859753388 9.048050297095267 2.6999999999999886
      vertex 62.44777747886721 8.676457135307562 2.6999999999999886
    endloop
  endfacet
  facet normal 0 0 1
    outer loop
      vertex 137.4 15.799999999999999 2.6999999999999886
      vertex 62.44777747886721 8.676457135307562 2.6999999999999886
      vertex 62.52433458412145 8.291578576660154 2.6999999999999886
    endloop
  endfacet
  facet normal 0 0 1
    outer loop
      vertex 137.4 15.799999999999999 2.6999999999999886
      vertex 62.52433458412145 8.291578576660154 2.6999999999999886
      vertex 62.55000000000001 7.899999999999999 2.6999999999999886
    endloop
  endfacet
  facet normal 0 0 1
    outer loop
      vertex 137.4 15.799999999999999 2.6999999999999886
      vertex 62.55000000000001 7.899999999999999 2.6999999999999886
      vertex 62.52433458412145 7.508421423339843 2.6999999999999886
    endloop
  endfacet
  facet normal 0 0 1
    outer loop
      vertex 137.4 15.799999999999999 2.6999999999999886
      vertex 62.52433458412145 7.508421423339843 2.6999999999999886
      vertex 62.44777747886721 7.1235428646924355 2.6999999999999886
    endloop
  endfacet
  facet normal 0 1 0
    outer loop
      vertex 139.8 15.799999999999999 0
      vertex 138.20000000000002 15.799999999999999 2.6999999999999886
      vertex 139.8 15.799999999999999 2.6999999999999886
    endloop
  endfacet
  facet normal 1 0 0
    outer loop
      vertex 139.8 15.399999999999999 0.8250000016112153
      vertex 139.8 15.799999999999999 2.6999999999999886
      vertex 139.8 15.399999999999999 2.074999997606511
    endloop
  endfacet
  facet normal 0 0 1
    outer loop
      vertex 137.4 15.799999999999999 2.6999999999999886
      vertex 62.44777747886721 7.1235428646924355 2.6999999999999886
      vertex 137.4 2.799999999999997 2.6999999999999886
    endloop
  endfacet
  facet normal 1 0 0
    outer loop
      vertex 139.8 15.399999999999999 2.074999997606511
      vertex 139.8 0 2.6999999999999886
      vertex 139.8 11.399999999999999 2.074999997606511
    endloop
  endfacet
  facet normal 1 0 0
    outer loop
      vertex 139.8 15.399999999999999 2.074999997606511
      vertex 139.8 15.799999999999999 2.6999999999999886
      vertex 139.8 0 2.6999999999999886
    endloop
  endfacet
  facet normal 0 0 1
    outer loop
      vertex 138.20000000000002 15.799999999999999 2.6999999999999886
      vertex 138.20000000000002 2.799999999999997 2.6999999999999886
      vertex 139.8 15.799999999999999 2.6999999999999886
    endloop
  endfacet
  facet normal 0 -1 0
    outer loop
      vertex 0 0 2.6999999999999886
      vertex 139.8 0 0
      vertex 139.8 0 2.6999999999999886
    endloop
  endfacet
  facet normal 0 0 1
    outer loop
      vertex 137.4 2.799999999999997 2.6999999999999886
      vertex 62.44777747886721 7.1235428646924355 2.6999999999999886
      vertex 62.32163859753388 6.75194970290473 2.6999999999999886
    endloop
  endfacet
  facet normal 0 0 1
    outer loop
      vertex 137.4 2.799999999999997 2.6999999999999886
      vertex 62.32163859753388 6.75194970290473 2.6999999999999886
      vertex 62.14807621135333 6.399999999999999 2.6999999999999886
    endloop
  endfacet
  facet normal 0 0 1
    outer loop
      vertex 137.4 2.799999999999997 2.6999999999999886
      vertex 62.14807621135333 6.399999999999999 2.6999999999999886
      vertex 61.930060020873725 6.073715712973836 2.6999999999999886
    endloop
  endfacet
  facet normal 0 0 1
    outer loop
      vertex 137.4 2.799999999999997 2.6999999999999886
      vertex 61.930060020873725 6.073715712973836 2.6999999999999886
      vertex 61.67132034355964 5.778679656440357 2.6999999999999886
    endloop
  endfacet
  facet normal 0 0 1
    outer loop
      vertex 137.4 2.799999999999997 2.6999999999999886
      vertex 61.67132034355964 5.778679656440357 2.6999999999999886
      vertex 61.37628428702618 5.519939979126292 2.6999999999999886
    endloop
  endfacet
  facet normal 0 0 1
    outer loop
      vertex 137.4 2.799999999999997 2.6999999999999886
      vertex 61.37628428702618 5.519939979126292 2.6999999999999886
      vertex 61.05000000000001 5.301923788646683 2.6999999999999886
    endloop
  endfacet
  facet normal 0 0 1
    outer loop
      vertex 137.4 2.799999999999997 2.6999999999999886
      vertex 61.05000000000001 5.301923788646683 2.6999999999999886
      vertex 60.69805029709528 5.128361402466139 2.6999999999999886
    endloop
  endfacet
  facet normal 0 0 1
    outer loop
      vertex 137.4 2.799999999999997 2.6999999999999886
      vertex 59.94157857666016 4.9256654158785675 2.6999999999999886
      vertex 59.55000000000001 4.899999999999999 2.6999999999999886
    endloop
  endfacet
  facet normal 0 0 1
    outer loop
      vertex 137.4 2.799999999999997 2.6999999999999886
      vertex 60.69805029709528 5.128361402466139 2.6999999999999886
      vertex 60.32645713530758 5.0022225211327935 2.6999999999999886
    endloop
  endfacet
  facet normal 0 0 1
    outer loop
      vertex 137.4 2.799999999999997 2.6999999999999886
      vertex 60.32645713530758 5.0022225211327935 2.6999999999999886
      vertex 59.94157857666016 4.9256654158785675 2.6999999999999886
    endloop
  endfacet
  facet normal 0 0 1
    outer loop
      vertex 137.4 2.799999999999997 2.6999999999999886
      vertex 45.687157622884115 3.7788213049776154 2.6999999999999886
      vertex 45.400000000000006 3.759999999999998 2.6999999999999886
    endloop
  endfacet
  facet normal 0 0 1
    outer loop
      vertex 137.4 2.799999999999997 2.6999999999999886
      vertex 51.53 3.759999999999998 2.6999999999999886
      vertex 45.687157622884115 3.7788213049776154 2.6999999999999886
    endloop
  endfacet
  facet normal 0 0 1
    outer loop
      vertex 137.4 2.799999999999997 2.6999999999999886
      vertex 52.09940189922554 3.8349631821640493 2.6999999999999886
      vertex 51.81715762288411 3.7788213049776154 2.6999999999999886
    endloop
  endfacet
  facet normal 0 0 1
    outer loop
      vertex 137.4 2.799999999999997 2.6999999999999886
      vertex 59.55000000000001 4.899999999999999 2.6999999999999886
      vertex 52.09940189922554 3.8349631821640493 2.6999999999999886
    endloop
  endfacet
  facet normal 0 0 1
    outer loop
      vertex 137.4 2.799999999999997 2.6999999999999886
      vertex 51.81715762288411 3.7788213049776154 2.6999999999999886
      vertex 51.53 3.759999999999998 2.6999999999999886
    endloop
  endfacet
  facet normal 0 0 1
    outer loop
      vertex 0 0 2.6999999999999886
      vertex 139.8 0 2.6999999999999886
      vertex 137.4 2.799999999999997 2.6999999999999886
    endloop
  endfacet
  facet normal 1 0 0
    outer loop
      vertex 139.8 0 0
      vertex 139.8 11.399999999999999 2.074999997606511
      vertex 139.8 0 2.6999999999999886
    endloop
  endfacet
  facet normal 0 0 1
    outer loop
      vertex 139.8 15.799999999999999 2.6999999999999886
      vertex 138.20000000000002 2.799999999999997 2.6999999999999886
      vertex 139.8 0 2.6999999999999886
    endloop
  endfacet
  facet normal 0 0 1
    outer loop
      vertex 137.4 2.799999999999997 2.6999999999999886
      vertex 139.8 0 2.6999999999999886
      vertex 138.20000000000002 2.799999999999997 2.6999999999999886
    endloop
  endfacet
  facet normal -0.7474093162940494 0 -0.6643638415182314
    outer loop
      vertex 0 15.399999999999999 0.8250000016112153
      vertex -0.5999999999999943 11.399999999999999 1.4999999967217548
      vertex -0.5999999999999943 15.399999999999999 1.4999999967217548
    endloop
  endfacet
  facet normal -0.7474093162940494 0 -0.6643638415182314
    outer loop
      vertex 0 15.399999999999999 0.8250000016112153
      vertex 0 11.399999999999999 0.8250000016112153
      vertex -0.5999999999999943 11.399999999999999 1.4999999967217548
    endloop
  endfacet
  facet normal 0 -1 0
    outer loop
      vertex 0 11.399999999999999 0.8250000016112153
      vertex -0.5999999999999943 11.399999999999999 1.699999999701987
      vertex -0.5999999999999943 11.399999999999999 1.4999999967217548
    endloop
  endfacet
  facet normal 0 1 0
    outer loop
      vertex 0 15.399999999999999 0.8250000016112153
      vertex -0.5999999999999943 15.399999999999999 1.4999999967217548
      vertex 0 15.399999999999999 2.074999997606511
    endloop
  endfacet
  facet normal -1 0 0
    outer loop
      vertex -0.5999999999999943 15.399999999999999 1.4999999967217548
      vertex -0.5999999999999943 11.399999999999999 1.699999999701987
      vertex -0.5999999999999943 15.399999999999999 1.699999999701987
    endloop
  endfacet
  facet normal -1 0 0
    outer loop
      vertex -0.5999999999999943 15.399999999999999 1.4999999967217548
      vertex -0.5999999999999943 11.399999999999999 1.4999999967217548
      vertex -0.5999999999999943 11.399999999999999 1.699999999701987
    endloop
  endfacet
  facet normal 0 1 0
    outer loop
      vertex -0.5999999999999943 15.399999999999999 1.4999999967217548
      vertex -0.5999999999999943 15.399999999999999 1.699999999701987
      vertex 0 15.399999999999999 2.074999997606511
    endloop
  endfacet
  facet normal -0.5299989378734938 0 0.8479983053361418
    outer loop
      vertex -0.5999999999999943 15.399999999999999 1.699999999701987
      vertex 0 11.399999999999999 2.074999997606511
      vertex 0 15.399999999999999 2.074999997606511
    endloop
  endfacet
  facet normal -0.5299989378734938 0 0.8479983053361418
    outer loop
      vertex -0.5999999999999943 15.399999999999999 1.699999999701987
      vertex -0.5999999999999943 11.399999999999999 1.699999999701987
      vertex 0 11.399999999999999 2.074999997606511
    endloop
  endfacet
  facet normal 0 -1 0
    outer loop
      vertex 0 11.399999999999999 0.8250000016112153
      vertex 0 11.399999999999999 2.074999997606511
      vertex -0.5999999999999943 11.399999999999999 1.699999999701987
    endloop
  endfacet
  facet normal 0.7474093162940494 0 -0.6643638415182314
    outer loop
      vertex 139.8 15.399999999999999 0.8250000016112153
      vertex 140.4 15.399999999999999 1.4999999967217548
      vertex 139.8 11.399999999999999 0.8250000016112153
    endloop
  endfacet
  facet normal 0 1 0
    outer loop
      vertex 139.8 15.399999999999999 0.8250000016112153
      vertex 140.4 15.399999999999999 1.699999999701987
      vertex 140.4 15.399999999999999 1.4999999967217548
    endloop
  endfacet
  facet normal 0.7474093162940494 0 -0.6643638415182314
    outer loop
      vertex 139.8 11.399999999999999 0.8250000016112153
      vertex 140.4 15.399999999999999 1.4999999967217548
      vertex 140.4 11.399999999999999 1.4999999967217548
    endloop
  endfacet
  facet normal 0 1 0
    outer loop
      vertex 139.8 15.399999999999999 0.8250000016112153
      vertex 139.8 15.399999999999999 2.074999997606511
      vertex 140.4 15.399999999999999 1.699999999701987
    endloop
  endfacet
  facet normal 1 0 0
    outer loop
      vertex 140.4 15.399999999999999 1.4999999967217548
      vertex 140.4 15.399999999999999 1.699999999701987
      vertex 140.4 11.399999999999999 1.4999999967217548
    endloop
  endfacet
  facet normal 1 0 0
    outer loop
      vertex 140.4 15.399999999999999 1.699999999701987
      vertex 140.4 11.399999999999999 1.699999999701987
      vertex 140.4 11.399999999999999 1.4999999967217548
    endloop
  endfacet
  facet normal 0.5299989378734938 0 0.8479983053361418
    outer loop
      vertex 140.4 15.399999999999999 1.699999999701987
      vertex 139.8 15.399999999999999 2.074999997606511
      vertex 140.4 11.399999999999999 1.699999999701987
    endloop
  endfacet
  facet normal 0.5299989378734938 0 0.8479983053361418
    outer loop
      vertex 140.4 11.399999999999999 1.699999999701987
      vertex 139.8 15.399999999999999 2.074999997606511
      vertex 139.8 11.399999999999999 2.074999997606511
    endloop
  endfacet
  facet normal 0 -1 0
    outer loop
      vertex 139.8 11.399999999999999 0.8250000016112153
      vertex 140.4 11.399999999999999 1.4999999967217548
      vertex 139.8 11.399999999999999 2.074999997606511
    endloop
  endfacet
  facet normal 0 -1 0
    outer loop
      vertex 140.4 11.399999999999999 1.4999999967217548
      vertex 140.4 11.399999999999999 1.699999999701987
      vertex 139.8 11.399999999999999 2.074999997606511
    endloop
  endfacet
  facet normal 0.06540312923014495 -0.9978589232386035 0
    outer loop
      vertex 45.112842377115896 8.141178695022383 0
      vertex 45.400000000000006 8.16 0
      vertex 45.400000000000006 8.16 2.6999999999999886
    endloop
  endfacet
  facet normal -0.06540312923014495 -0.9978589232386035 0
    outer loop
      vertex 45.400000000000006 8.16 0
      vertex 45.687157622884115 8.141178695022383 0
      vertex 45.687157622884115 8.141178695022383 2.6999999999999886
    endloop
  endfacet
  facet normal 0.44228869021899436 -0.8968727415326917 0
    outer loop
      vertex 44.30000000000001 7.865255888325764 0
      vertex 44.55809644879682 7.9925349715248295 0
      vertex 44.55809644879682 7.9925349715248295 2.6999999999999886
    endloop
  endfacet
  facet normal 0.19509032201613383 -0.9807852804032293 0
    outer loop
      vertex 44.830598100774466 8.085036817835949 0
      vertex 45.112842377115896 8.141178695022383 0
      vertex 45.112842377115896 8.141178695022383 2.6999999999999886
    endloop
  endfacet
  facet normal 0.32143946530316464 -0.9469301294951046 0
    outer loop
      vertex 44.55809644879682 7.9925349715248295 0
      vertex 44.830598100774466 8.085036817835949 0
      vertex 44.830598100774466 8.085036817835949 2.6999999999999886
    endloop
  endfacet
  facet normal -0.19509032201613383 -0.9807852804032293 0
    outer loop
      vertex 45.687157622884115 8.141178695022383 0
      vertex 45.969401899225545 8.085036817835949 0
      vertex 45.969401899225545 8.085036817835949 2.6999999999999886
    endloop
  endfacet
  facet normal -0.32143946530316464 -0.9469301294951046 0
    outer loop
      vertex 45.969401899225545 8.085036817835949 0
      vertex 46.241903551203194 7.9925349715248295 0
      vertex 46.241903551203194 7.9925349715248295 2.6999999999999886
    endloop
  endfacet
  facet normal -0.44228869021899436 -0.8968727415326917 0
    outer loop
      vertex 46.241903551203194 7.9925349715248295 0
      vertex 46.5 7.865255888325764 0
      vertex 46.5 7.865255888325764 2.6999999999999886
    endloop
  endfacet
  facet normal 0.8968727415327016 -0.44228869021897443 0
    outer loop
      vertex 43.49474411167424 7.059999999999999 0
      vertex 43.49474411167424 7.059999999999999 2.6999999999999886
      vertex 43.36746502847518 6.801903551203196 0
    endloop
  endfacet
  facet normal 0.9469301294950871 -0.32143946530321627 0
    outer loop
      vertex 43.36746502847518 6.801903551203196 2.6999999999999886
      vertex 43.27496318216404 6.529401899225544 0
      vertex 43.36746502847518 6.801903551203196 0
    endloop
  endfacet
  facet normal 0.9807852804032295 -0.19509032201613263 0
    outer loop
      vertex 43.27496318216404 6.529401899225544 0
      vertex 43.27496318216404 6.529401899225544 2.6999999999999886
      vertex 43.21882130497761 6.247157622884112 0
    endloop
  endfacet
  facet normal 0.997858923238609 -0.06540312923005807 0
    outer loop
      vertex 43.21882130497761 6.247157622884112 0
      vertex 43.21882130497761 6.247157622884112 2.6999999999999886
      vertex 43.20000000000002 5.959999999999999 0
    endloop
  endfacet
  facet normal 0.5555702330196028 -0.8314696123025448 0
    outer loop
      vertex 44.060724856180826 7.705377348640717 0
      vertex 44.30000000000001 7.865255888325764 0
      vertex 44.30000000000001 7.865255888325764 2.6999999999999886
    endloop
  endfacet
  facet normal 0.6593458151000756 -0.7518398074789715 0
    outer loop
      vertex 43.84436508138961 7.515634918610404 0
      vertex 44.060724856180826 7.705377348640717 0
      vertex 44.060724856180826 7.705377348640717 2.6999999999999886
    endloop
  endfacet
  facet normal 0.7518398074789641 -0.6593458151000838 0
    outer loop
      vertex 43.65462265135929 7.299275143819184 0
      vertex 43.84436508138961 7.515634918610404 0
      vertex 43.84436508138961 7.515634918610404 2.6999999999999886
    endloop
  endfacet
  facet normal -0.5555702330196028 -0.8314696123025448 0
    outer loop
      vertex 46.5 7.865255888325764 0
      vertex 46.739275143819185 7.705377348640717 0
      vertex 46.739275143819185 7.705377348640717 2.6999999999999886
    endloop
  endfacet
  facet normal -0.6593458151000756 -0.7518398074789715 0
    outer loop
      vertex 46.739275143819185 7.705377348640717 0
      vertex 46.9556349186104 7.515634918610404 0
      vertex 46.9556349186104 7.515634918610404 2.6999999999999886
    endloop
  endfacet
  facet normal 0.8314696123025362 -0.5555702330196156 0
    outer loop
      vertex 43.65462265135929 7.299275143819184 0
      vertex 43.65462265135929 7.299275143819184 2.6999999999999886
      vertex 43.49474411167424 7.059999999999999 0
    endloop
  endfacet
  facet normal -0.7518398074789641 -0.6593458151000838 0
    outer loop
      vertex 47.14537734864072 7.299275143819184 0
      vertex 47.14537734864072 7.299275143819184 2.6999999999999886
      vertex 46.9556349186104 7.515634918610404 0
    endloop
  endfacet
  facet normal -0.8314696123025362 -0.5555702330196156 0
    outer loop
      vertex 47.305255888325775 7.059999999999999 2.6999999999999886
      vertex 47.14537734864072 7.299275143819184 0
      vertex 47.305255888325775 7.059999999999999 0
    endloop
  endfacet
  facet normal -0.8968727415327016 -0.44228869021897443 0
    outer loop
      vertex 47.43253497152483 6.801903551203196 0
      vertex 47.43253497152483 6.801903551203196 2.6999999999999886
      vertex 47.305255888325775 7.059999999999999 0
    endloop
  endfacet
  facet normal -0.9469301294950871 -0.32143946530321627 0
    outer loop
      vertex 47.52503681783597 6.529401899225544 0
      vertex 47.52503681783597 6.529401899225544 2.6999999999999886
      vertex 47.43253497152483 6.801903551203196 0
    endloop
  endfacet
  facet normal -0.9807852804032295 -0.19509032201613263 0
    outer loop
      vertex 47.5811786950224 6.247157622884112 0
      vertex 47.5811786950224 6.247157622884112 2.6999999999999886
      vertex 47.52503681783597 6.529401899225544 0
    endloop
  endfacet
  facet normal -0.997858923238609 -0.06540312923005807 0
    outer loop
      vertex 47.599999999999994 5.959999999999999 0
      vertex 47.599999999999994 5.959999999999999 2.6999999999999886
      vertex 47.5811786950224 6.247157622884112 0
    endloop
  endfacet
  facet normal 0.997858923238609 0.06540312923005807 0
    outer loop
      vertex 43.20000000000002 5.959999999999999 0
      vertex 43.20000000000002 5.959999999999999 2.6999999999999886
      vertex 43.21882130497761 5.672842377115886 0
    endloop
  endfacet
  facet normal 0.9807852804032295 0.19509032201613263 0
    outer loop
      vertex 43.21882130497761 5.672842377115886 0
      vertex 43.21882130497761 5.672842377115886 2.6999999999999886
      vertex 43.27496318216404 5.390598100774454 0
    endloop
  endfacet
  facet normal 0.9469301294950871 0.32143946530321627 0
    outer loop
      vertex 43.27496318216404 5.390598100774454 0
      vertex 43.27496318216404 5.390598100774454 2.6999999999999886
      vertex 43.36746502847518 5.118096448796802 0
    endloop
  endfacet
  facet normal 0.8968727415327016 0.44228869021897443 0
    outer loop
      vertex 43.36746502847518 5.118096448796802 2.6999999999999886
      vertex 43.49474411167424 4.859999999999999 0
      vertex 43.36746502847518 5.118096448796802 0
    endloop
  endfacet
  facet normal -0.997858923238609 0.06540312923005807 0
    outer loop
      vertex 47.5811786950224 5.672842377115886 0
      vertex 47.5811786950224 5.672842377115886 2.6999999999999886
      vertex 47.599999999999994 5.959999999999999 0
    endloop
  endfacet
  facet normal -0.9807852804032295 0.19509032201613263 0
    outer loop
      vertex 47.52503681783597 5.390598100774454 2.6999999999999886
      vertex 47.5811786950224 5.672842377115886 0
      vertex 47.52503681783597 5.390598100774454 0
    endloop
  endfacet
  facet normal -0.9469301294950871 0.32143946530321627 0
    outer loop
      vertex 47.43253497152483 5.118096448796802 0
      vertex 47.43253497152483 5.118096448796802 2.6999999999999886
      vertex 47.52503681783597 5.390598100774454 0
    endloop
  endfacet
  facet normal -0.8968727415327016 0.44228869021897443 0
    outer loop
      vertex 47.305255888325775 4.859999999999999 0
      vertex 47.305255888325775 4.859999999999999 2.6999999999999886
      vertex 47.43253497152483 5.118096448796802 0
    endloop
  endfacet
  facet normal 0.8314696123025362 0.5555702330196156 0
    outer loop
      vertex 43.49474411167424 4.859999999999999 0
      vertex 43.49474411167424 4.859999999999999 2.6999999999999886
      vertex 43.65462265135929 4.620724856180814 0
    endloop
  endfacet
  facet normal 0.7518398074789641 0.6593458151000838 0
    outer loop
      vertex 43.65462265135929 4.620724856180814 0
      vertex 43.65462265135929 4.620724856180814 2.6999999999999886
      vertex 43.84436508138961 4.404365081389594 0
    endloop
  endfacet
  facet normal -0.8314696123025362 0.5555702330196156 0
    outer loop
      vertex 47.14537734864072 4.620724856180814 0
      vertex 47.14537734864072 4.620724856180814 2.6999999999999886
      vertex 47.305255888325775 4.859999999999999 0
    endloop
  endfacet
  facet normal -0.7518398074789641 0.6593458151000838 0
    outer loop
      vertex 47.14537734864072 4.620724856180814 0
      vertex 46.9556349186104 4.404365081389594 0
      vertex 46.9556349186104 4.404365081389594 2.6999999999999886
    endloop
  endfacet
  facet normal 0.6593458151000756 0.7518398074789715 0
    outer loop
      vertex 43.84436508138961 4.404365081389594 0
      vertex 43.84436508138961 4.404365081389594 2.6999999999999886
      vertex 44.060724856180826 4.2146226513592815 0
    endloop
  endfacet
  facet normal 0.5555702330196028 0.8314696123025448 0
    outer loop
      vertex 44.30000000000001 4.054744111674234 0
      vertex 44.060724856180826 4.2146226513592815 0
      vertex 44.060724856180826 4.2146226513592815 2.6999999999999886
    endloop
  endfacet
  facet normal 0.44228869021899436 0.8968727415326917 0
    outer loop
      vertex 44.55809644879682 3.9274650284751687 0
      vertex 44.30000000000001 4.054744111674234 0
      vertex 44.30000000000001 4.054744111674234 2.6999999999999886
    endloop
  endfacet
  facet normal -0.6593458151000756 0.7518398074789715 0
    outer loop
      vertex 46.9556349186104 4.404365081389594 0
      vertex 46.739275143819185 4.2146226513592815 0
      vertex 46.739275143819185 4.2146226513592815 2.6999999999999886
    endloop
  endfacet
  facet normal -0.5555702330196028 0.8314696123025448 0
    outer loop
      vertex 46.739275143819185 4.2146226513592815 0
      vertex 46.5 4.054744111674234 0
      vertex 46.5 4.054744111674234 2.6999999999999886
    endloop
  endfacet
  facet normal -0.44228869021899436 0.8968727415326917 0
    outer loop
      vertex 46.5 4.054744111674234 0
      vertex 46.241903551203194 3.9274650284751687 0
      vertex 46.241903551203194 3.9274650284751687 2.6999999999999886
    endloop
  endfacet
  facet normal 0.32143946530316464 0.9469301294951046 0
    outer loop
      vertex 44.830598100774466 3.8349631821640493 0
      vertex 44.55809644879682 3.9274650284751687 0
      vertex 44.55809644879682 3.9274650284751687 2.6999999999999886
    endloop
  endfacet
  facet normal 0.19509032201613383 0.9807852804032293 0
    outer loop
      vertex 45.112842377115896 3.7788213049776154 0
      vertex 44.830598100774466 3.8349631821640493 0
      vertex 44.830598100774466 3.8349631821640493 2.6999999999999886
    endloop
  endfacet
  facet normal 0.06540312923014495 0.9978589232386035 0
    outer loop
      vertex 45.400000000000006 3.759999999999998 0
      vertex 45.112842377115896 3.7788213049776154 0
      vertex 45.112842377115896 3.7788213049776154 2.6999999999999886
    endloop
  endfacet
  facet normal -0.06540312923014495 0.9978589232386035 0
    outer loop
      vertex 45.687157622884115 3.7788213049776154 0
      vertex 45.400000000000006 3.759999999999998 0
      vertex 45.400000000000006 3.759999999999998 2.6999999999999886
    endloop
  endfacet
  facet normal -0.32143946530316464 0.9469301294951046 0
    outer loop
      vertex 46.241903551203194 3.9274650284751687 0
      vertex 45.969401899225545 3.8349631821640493 0
      vertex 45.969401899225545 3.8349631821640493 2.6999999999999886
    endloop
  endfacet
  facet normal -0.19509032201613383 0.9807852804032293 0
    outer loop
      vertex 45.969401899225545 3.8349631821640493 0
      vertex 45.687157622884115 3.7788213049776154 0
      vertex 45.687157622884115 3.7788213049776154 2.6999999999999886
    endloop
  endfacet
  facet normal 0.06540312923014495 -0.9978589232386035 0
    outer loop
      vertex 45.112842377115896 8.141178695022383 0
      vertex 45.400000000000006 8.16 2.6999999999999886
      vertex 45.112842377115896 8.141178695022383 2.6999999999999886
    endloop
  endfacet
  facet normal -0.06540312923014495 -0.9978589232386035 0
    outer loop
      vertex 45.400000000000006 8.16 0
      vertex 45.687157622884115 8.141178695022383 2.6999999999999886
      vertex 45.400000000000006 8.16 2.6999999999999886
    endloop
  endfacet
  facet normal 0.44228869021899436 -0.8968727415326917 0
    outer loop
      vertex 44.30000000000001 7.865255888325764 0
      vertex 44.55809644879682 7.9925349715248295 2.6999999999999886
      vertex 44.30000000000001 7.865255888325764 2.6999999999999886
    endloop
  endfacet
  facet normal 0.19509032201613383 -0.9807852804032293 0
    outer loop
      vertex 44.830598100774466 8.085036817835949 0
      vertex 45.112842377115896 8.141178695022383 2.6999999999999886
      vertex 44.830598100774466 8.085036817835949 2.6999999999999886
    endloop
  endfacet
  facet normal 0.32143946530316464 -0.9469301294951046 0
    outer loop
      vertex 44.55809644879682 7.9925349715248295 0
      vertex 44.830598100774466 8.085036817835949 2.6999999999999886
      vertex 44.55809644879682 7.9925349715248295 2.6999999999999886
    endloop
  endfacet
  facet normal -0.19509032201613383 -0.9807852804032293 0
    outer loop
      vertex 45.687157622884115 8.141178695022383 0
      vertex 45.969401899225545 8.085036817835949 2.6999999999999886
      vertex 45.687157622884115 8.141178695022383 2.6999999999999886
    endloop
  endfacet
  facet normal -0.32143946530316464 -0.9469301294951046 0
    outer loop
      vertex 45.969401899225545 8.085036817835949 0
      vertex 46.241903551203194 7.9925349715248295 2.6999999999999886
      vertex 45.969401899225545 8.085036817835949 2.6999999999999886
    endloop
  endfacet
  facet normal -0.44228869021899436 -0.8968727415326917 0
    outer loop
      vertex 46.241903551203194 7.9925349715248295 0
      vertex 46.5 7.865255888325764 2.6999999999999886
      vertex 46.241903551203194 7.9925349715248295 2.6999999999999886
    endloop
  endfacet
  facet normal 0.8968727415327016 -0.44228869021897443 0
    outer loop
      vertex 43.36746502847518 6.801903551203196 0
      vertex 43.49474411167424 7.059999999999999 2.6999999999999886
      vertex 43.36746502847518 6.801903551203196 2.6999999999999886
    endloop
  endfacet
  facet normal 0.9469301294950871 -0.32143946530321627 0
    outer loop
      vertex 43.27496318216404 6.529401899225544 0
      vertex 43.36746502847518 6.801903551203196 2.6999999999999886
      vertex 43.27496318216404 6.529401899225544 2.6999999999999886
    endloop
  endfacet
  facet normal 0.9807852804032295 -0.19509032201613263 0
    outer loop
      vertex 43.21882130497761 6.247157622884112 0
      vertex 43.27496318216404 6.529401899225544 2.6999999999999886
      vertex 43.21882130497761 6.247157622884112 2.6999999999999886
    endloop
  endfacet
  facet normal 0.997858923238609 -0.06540312923005807 0
    outer loop
      vertex 43.20000000000002 5.959999999999999 0
      vertex 43.21882130497761 6.247157622884112 2.6999999999999886
      vertex 43.20000000000002 5.959999999999999 2.6999999999999886
    endloop
  endfacet
  facet normal 0.5555702330196028 -0.8314696123025448 0
    outer loop
      vertex 44.060724856180826 7.705377348640717 0
      vertex 44.30000000000001 7.865255888325764 2.6999999999999886
      vertex 44.060724856180826 7.705377348640717 2.6999999999999886
    endloop
  endfacet
  facet normal 0.6593458151000756 -0.7518398074789715 0
    outer loop
      vertex 43.84436508138961 7.515634918610404 0
      vertex 44.060724856180826 7.705377348640717 2.6999999999999886
      vertex 43.84436508138961 7.515634918610404 2.6999999999999886
    endloop
  endfacet
  facet normal -0.5555702330196028 -0.8314696123025448 0
    outer loop
      vertex 46.5 7.865255888325764 0
      vertex 46.739275143819185 7.705377348640717 2.6999999999999886
      vertex 46.5 7.865255888325764 2.6999999999999886
    endloop
  endfacet
  facet normal -0.6593458151000756 -0.7518398074789715 0
    outer loop
      vertex 46.739275143819185 7.705377348640717 0
      vertex 46.9556349186104 7.515634918610404 2.6999999999999886
      vertex 46.739275143819185 7.705377348640717 2.6999999999999886
    endloop
  endfacet
  facet normal -0.7518398074789641 -0.6593458151000838 0
    outer loop
      vertex 46.9556349186104 7.515634918610404 0
      vertex 47.14537734864072 7.299275143819184 2.6999999999999886
      vertex 46.9556349186104 7.515634918610404 2.6999999999999886
    endloop
  endfacet
  facet normal 0.7518398074789641 -0.6593458151000838 0
    outer loop
      vertex 43.65462265135929 7.299275143819184 0
      vertex 43.84436508138961 7.515634918610404 2.6999999999999886
      vertex 43.65462265135929 7.299275143819184 2.6999999999999886
    endloop
  endfacet
  facet normal 0.8314696123025362 -0.5555702330196156 0
    outer loop
      vertex 43.49474411167424 7.059999999999999 0
      vertex 43.65462265135929 7.299275143819184 2.6999999999999886
      vertex 43.49474411167424 7.059999999999999 2.6999999999999886
    endloop
  endfacet
  facet normal -0.8314696123025362 -0.5555702330196156 0
    outer loop
      vertex 47.14537734864072 7.299275143819184 0
      vertex 47.305255888325775 7.059999999999999 2.6999999999999886
      vertex 47.14537734864072 7.299275143819184 2.6999999999999886
    endloop
  endfacet
  facet normal -0.8968727415327016 -0.44228869021897443 0
    outer loop
      vertex 47.305255888325775 7.059999999999999 0
      vertex 47.43253497152483 6.801903551203196 2.6999999999999886
      vertex 47.305255888325775 7.059999999999999 2.6999999999999886
    endloop
  endfacet
  facet normal -0.9469301294950871 -0.32143946530321627 0
    outer loop
      vertex 47.43253497152483 6.801903551203196 0
      vertex 47.52503681783597 6.529401899225544 2.6999999999999886
      vertex 47.43253497152483 6.801903551203196 2.6999999999999886
    endloop
  endfacet
  facet normal -0.9807852804032295 -0.19509032201613263 0
    outer loop
      vertex 47.52503681783597 6.529401899225544 0
      vertex 47.5811786950224 6.247157622884112 2.6999999999999886
      vertex 47.52503681783597 6.529401899225544 2.6999999999999886
    endloop
  endfacet
  facet normal -0.997858923238609 -0.06540312923005807 0
    outer loop
      vertex 47.5811786950224 6.247157622884112 0
      vertex 47.599999999999994 5.959999999999999 2.6999999999999886
      vertex 47.5811786950224 6.247157622884112 2.6999999999999886
    endloop
  endfacet
  facet normal 0.997858923238609 0.06540312923005807 0
    outer loop
      vertex 43.21882130497761 5.672842377115886 0
      vertex 43.20000000000002 5.959999999999999 2.6999999999999886
      vertex 43.21882130497761 5.672842377115886 2.6999999999999886
    endloop
  endfacet
  facet normal 0.9807852804032295 0.19509032201613263 0
    outer loop
      vertex 43.27496318216404 5.390598100774454 0
      vertex 43.21882130497761 5.672842377115886 2.6999999999999886
      vertex 43.27496318216404 5.390598100774454 2.6999999999999886
    endloop
  endfacet
  facet normal 0.9469301294950871 0.32143946530321627 0
    outer loop
      vertex 43.36746502847518 5.118096448796802 0
      vertex 43.27496318216404 5.390598100774454 2.6999999999999886
      vertex 43.36746502847518 5.118096448796802 2.6999999999999886
    endloop
  endfacet
  facet normal 0.8968727415327016 0.44228869021897443 0
    outer loop
      vertex 43.49474411167424 4.859999999999999 0
      vertex 43.36746502847518 5.118096448796802 2.6999999999999886
      vertex 43.49474411167424 4.859999999999999 2.6999999999999886
    endloop
  endfacet
  facet normal -0.997858923238609 0.06540312923005807 0
    outer loop
      vertex 47.599999999999994 5.959999999999999 0
      vertex 47.5811786950224 5.672842377115886 2.6999999999999886
      vertex 47.599999999999994 5.959999999999999 2.6999999999999886
    endloop
  endfacet
  facet normal -0.9807852804032295 0.19509032201613263 0
    outer loop
      vertex 47.5811786950224 5.672842377115886 0
      vertex 47.52503681783597 5.390598100774454 2.6999999999999886
      vertex 47.5811786950224 5.672842377115886 2.6999999999999886
    endloop
  endfacet
  facet normal -0.9469301294950871 0.32143946530321627 0
    outer loop
      vertex 47.52503681783597 5.390598100774454 0
      vertex 47.43253497152483 5.118096448796802 2.6999999999999886
      vertex 47.52503681783597 5.390598100774454 2.6999999999999886
    endloop
  endfacet
  facet normal -0.8968727415327016 0.44228869021897443 0
    outer loop
      vertex 47.43253497152483 5.118096448796802 0
      vertex 47.305255888325775 4.859999999999999 2.6999999999999886
      vertex 47.43253497152483 5.118096448796802 2.6999999999999886
    endloop
  endfacet
  facet normal 0.8314696123025362 0.5555702330196156 0
    outer loop
      vertex 43.65462265135929 4.620724856180814 0
      vertex 43.49474411167424 4.859999999999999 2.6999999999999886
      vertex 43.65462265135929 4.620724856180814 2.6999999999999886
    endloop
  endfacet
  facet normal 0.7518398074789641 0.6593458151000838 0
    outer loop
      vertex 43.84436508138961 4.404365081389594 0
      vertex 43.65462265135929 4.620724856180814 2.6999999999999886
      vertex 43.84436508138961 4.404365081389594 2.6999999999999886
    endloop
  endfacet
  facet normal -0.8314696123025362 0.5555702330196156 0
    outer loop
      vertex 47.305255888325775 4.859999999999999 0
      vertex 47.14537734864072 4.620724856180814 2.6999999999999886
      vertex 47.305255888325775 4.859999999999999 2.6999999999999886
    endloop
  endfacet
  facet normal -0.7518398074789641 0.6593458151000838 0
    outer loop
      vertex 47.14537734864072 4.620724856180814 0
      vertex 46.9556349186104 4.404365081389594 2.6999999999999886
      vertex 47.14537734864072 4.620724856180814 2.6999999999999886
    endloop
  endfacet
  facet normal 0.6593458151000756 0.7518398074789715 0
    outer loop
      vertex 44.060724856180826 4.2146226513592815 0
      vertex 43.84436508138961 4.404365081389594 2.6999999999999886
      vertex 44.060724856180826 4.2146226513592815 2.6999999999999886
    endloop
  endfacet
  facet normal 0.5555702330196028 0.8314696123025448 0
    outer loop
      vertex 44.30000000000001 4.054744111674234 0
      vertex 44.060724856180826 4.2146226513592815 2.6999999999999886
      vertex 44.30000000000001 4.054744111674234 2.6999999999999886
    endloop
  endfacet
  facet normal 0.44228869021899436 0.8968727415326917 0
    outer loop
      vertex 44.55809644879682 3.9274650284751687 0
      vertex 44.30000000000001 4.054744111674234 2.6999999999999886
      vertex 44.55809644879682 3.9274650284751687 2.6999999999999886
    endloop
  endfacet
  facet normal -0.6593458151000756 0.7518398074789715 0
    outer loop
      vertex 46.9556349186104 4.404365081389594 0
      vertex 46.739275143819185 4.2146226513592815 2.6999999999999886
      vertex 46.9556349186104 4.404365081389594 2.6999999999999886
    endloop
  endfacet
  facet normal -0.5555702330196028 0.8314696123025448 0
    outer loop
      vertex 46.739275143819185 4.2146226513592815 0
      vertex 46.5 4.054744111674234 2.6999999999999886
      vertex 46.739275143819185 4.2146226513592815 2.6999999999999886
    endloop
  endfacet
  facet normal -0.44228869021899436 0.8968727415326917 0
    outer loop
      vertex 46.5 4.054744111674234 0
      vertex 46.241903551203194 3.9274650284751687 2.6999999999999886
      vertex 46.5 4.054744111674234 2.6999999999999886
    endloop
  endfacet
  facet normal 0.32143946530316464 0.9469301294951046 0
    outer loop
      vertex 44.830598100774466 3.8349631821640493 0
      vertex 44.55809644879682 3.9274650284751687 2.6999999999999886
      vertex 44.830598100774466 3.8349631821640493 2.6999999999999886
    endloop
  endfacet
  facet normal 0.19509032201613383 0.9807852804032293 0
    outer loop
      vertex 45.112842377115896 3.7788213049776154 0
      vertex 44.830598100774466 3.8349631821640493 2.6999999999999886
      vertex 45.112842377115896 3.7788213049776154 2.6999999999999886
    endloop
  endfacet
  facet normal 0.06540312923014495 0.9978589232386035 0
    outer loop
      vertex 45.400000000000006 3.759999999999998 0
      vertex 45.112842377115896 3.7788213049776154 2.6999999999999886
      vertex 45.400000000000006 3.759999999999998 2.6999999999999886
    endloop
  endfacet
  facet normal -0.06540312923014495 0.9978589232386035 0
    outer loop
      vertex 45.687157622884115 3.7788213049776154 0
      vertex 45.400000000000006 3.759999999999998 2.6999999999999886
      vertex 45.687157622884115 3.7788213049776154 2.6999999999999886
    endloop
  endfacet
  facet normal -0.32143946530316464 0.9469301294951046 0
    outer loop
      vertex 46.241903551203194 3.9274650284751687 0
      vertex 45.969401899225545 3.8349631821640493 2.6999999999999886
      vertex 46.241903551203194 3.9274650284751687 2.6999999999999886
    endloop
  endfacet
  facet normal -0.19509032201613383 0.9807852804032293 0
    outer loop
      vertex 45.969401899225545 3.8349631821640493 0
      vertex 45.687157622884115 3.7788213049776154 2.6999999999999886
      vertex 45.969401899225545 3.8349631821640493 2.6999999999999886
    endloop
  endfacet
  facet normal 0.06540312923014495 -0.9978589232386035 0
    outer loop
      vertex 51.24284237711589 8.141178695022383 0
      vertex 51.53 8.16 0
      vertex 51.53 8.16 2.6999999999999886
    endloop
  endfacet
  facet normal -0.06540312923014495 -0.9978589232386035 0
    outer loop
      vertex 51.53 8.16 0
      vertex 51.81715762288411 8.141178695022383 0
      vertex 51.81715762288411 8.141178695022383 2.6999999999999886
    endloop
  endfacet
  facet normal 0.19509032201613383 -0.9807852804032293 0
    outer loop
      vertex 50.96059810077446 8.085036817835949 0
      vertex 51.24284237711589 8.141178695022383 0
      vertex 51.24284237711589 8.141178695022383 2.6999999999999886
    endloop
  endfacet
  facet normal 0.32143946530316464 -0.9469301294951046 0
    outer loop
      vertex 50.68809644879681 7.9925349715248295 0
      vertex 50.96059810077446 8.085036817835949 0
      vertex 50.96059810077446 8.085036817835949 2.6999999999999886
    endloop
  endfacet
  facet normal 0.44228869021899436 -0.8968727415326917 0
    outer loop
      vertex 50.43000000000001 7.865255888325764 0
      vertex 50.68809644879681 7.9925349715248295 0
      vertex 50.68809644879681 7.9925349715248295 2.6999999999999886
    endloop
  endfacet
  facet normal -0.19509032201613383 -0.9807852804032293 0
    outer loop
      vertex 51.81715762288411 8.141178695022383 0
      vertex 52.09940189922554 8.085036817835949 0
      vertex 52.09940189922554 8.085036817835949 2.6999999999999886
    endloop
  endfacet
  facet normal -0.32143946530316464 -0.9469301294951046 0
    outer loop
      vertex 52.09940189922554 8.085036817835949 0
      vertex 52.37190355120319 7.9925349715248295 0
      vertex 52.37190355120319 7.9925349715248295 2.6999999999999886
    endloop
  endfacet
  facet normal -0.44228869021899436 -0.8968727415326917 0
    outer loop
      vertex 52.37190355120319 7.9925349715248295 0
      vertex 52.629999999999995 7.865255888325764 0
      vertex 52.629999999999995 7.865255888325764 2.6999999999999886
    endloop
  endfacet
  facet normal 0.7518398074789641 -0.6593458151000838 0
    outer loop
      vertex 49.784622651359285 7.299275143819184 0
      vertex 49.97436508138961 7.515634918610404 0
      vertex 49.97436508138961 7.515634918610404 2.6999999999999886
    endloop
  endfacet
  facet normal 0.5555702330196028 -0.8314696123025448 0
    outer loop
      vertex 50.19072485618082 7.705377348640717 0
      vertex 50.43000000000001 7.865255888325764 0
      vertex 50.43000000000001 7.865255888325764 2.6999999999999886
    endloop
  endfacet
  facet normal 0.6593458151000756 -0.7518398074789715 0
    outer loop
      vertex 49.97436508138961 7.515634918610404 0
      vertex 50.19072485618082 7.705377348640717 0
      vertex 50.19072485618082 7.705377348640717 2.6999999999999886
    endloop
  endfacet
  facet normal 0.8314696123025362 -0.5555702330196156 0
    outer loop
      vertex 49.784622651359285 7.299275143819184 0
      vertex 49.784622651359285 7.299275143819184 2.6999999999999886
      vertex 49.62474411167423 7.059999999999999 0
    endloop
  endfacet
  facet normal 0.8968727415327016 -0.44228869021897443 0
    outer loop
      vertex 49.62474411167423 7.059999999999999 0
      vertex 49.62474411167423 7.059999999999999 2.6999999999999886
      vertex 49.497465028475176 6.801903551203196 0
    endloop
  endfacet
  facet normal 0.9469301294950871 -0.32143946530321627 0
    outer loop
      vertex 49.497465028475176 6.801903551203196 0
      vertex 49.497465028475176 6.801903551203196 2.6999999999999886
      vertex 49.40496318216404 6.529401899225544 0
    endloop
  endfacet
  facet normal 0.9807852804032295 -0.19509032201613263 0
    outer loop
      vertex 49.40496318216404 6.529401899225544 0
      vertex 49.40496318216404 6.529401899225544 2.6999999999999886
      vertex 49.348821304977605 6.247157622884112 0
    endloop
  endfacet
  facet normal 0.997858923238609 -0.06540312923005807 0
    outer loop
      vertex 49.348821304977605 6.247157622884112 0
      vertex 49.348821304977605 6.247157622884112 2.6999999999999886
      vertex 49.33000000000001 5.959999999999999 0
    endloop
  endfacet
  facet normal 0.997858923238609 0.06540312923005807 0
    outer loop
      vertex 49.33000000000001 5.959999999999999 0
      vertex 49.33000000000001 5.959999999999999 2.6999999999999886
      vertex 49.348821304977605 5.672842377115886 0
    endloop
  endfacet
  facet normal 0.9807852804032295 0.19509032201613263 0
    outer loop
      vertex 49.348821304977605 5.672842377115886 0
      vertex 49.348821304977605 5.672842377115886 2.6999999999999886
      vertex 49.40496318216404 5.390598100774454 0
    endloop
  endfacet
  facet normal 0.9469301294950871 0.32143946530321627 0
    outer loop
      vertex 49.40496318216404 5.390598100774454 0
      vertex 49.40496318216404 5.390598100774454 2.6999999999999886
      vertex 49.497465028475176 5.118096448796802 0
    endloop
  endfacet
  facet normal 0.8968727415327016 0.44228869021897443 0
    outer loop
      vertex 49.497465028475176 5.118096448796802 0
      vertex 49.497465028475176 5.118096448796802 2.6999999999999886
      vertex 49.62474411167423 4.859999999999999 0
    endloop
  endfacet
  facet normal 0.8314696123025362 0.5555702330196156 0
    outer loop
      vertex 49.62474411167423 4.859999999999999 0
      vertex 49.62474411167423 4.859999999999999 2.6999999999999886
      vertex 49.784622651359285 4.620724856180814 0
    endloop
  endfacet
  facet normal 0.7518398074789641 0.6593458151000838 0
    outer loop
      vertex 49.784622651359285 4.620724856180814 0
      vertex 49.784622651359285 4.620724856180814 2.6999999999999886
      vertex 49.97436508138961 4.404365081389594 0
    endloop
  endfacet
  facet normal 0.6593458151000756 0.7518398074789715 0
    outer loop
      vertex 49.97436508138961 4.404365081389594 0
      vertex 49.97436508138961 4.404365081389594 2.6999999999999886
      vertex 50.19072485618082 4.2146226513592815 0
    endloop
  endfacet
  facet normal 0.5555702330196028 0.8314696123025448 0
    outer loop
      vertex 50.43000000000001 4.054744111674234 0
      vertex 50.19072485618082 4.2146226513592815 0
      vertex 50.19072485618082 4.2146226513592815 2.6999999999999886
    endloop
  endfacet
  facet normal 0.44228869021899436 0.8968727415326917 0
    outer loop
      vertex 50.68809644879681 3.9274650284751687 0
      vertex 50.43000000000001 4.054744111674234 0
      vertex 50.43000000000001 4.054744111674234 2.6999999999999886
    endloop
  endfacet
  facet normal -0.5555702330196028 -0.8314696123025448 0
    outer loop
      vertex 52.629999999999995 7.865255888325764 0
      vertex 52.86927514381918 7.705377348640717 0
      vertex 52.86927514381918 7.705377348640717 2.6999999999999886
    endloop
  endfacet
  facet normal -0.6593458151000756 -0.7518398074789715 0
    outer loop
      vertex 52.86927514381918 7.705377348640717 0
      vertex 53.085634918610396 7.515634918610404 0
      vertex 53.085634918610396 7.515634918610404 2.6999999999999886
    endloop
  endfacet
  facet normal -0.7518398074789641 -0.6593458151000838 0
    outer loop
      vertex 53.27537734864072 7.299275143819184 0
      vertex 53.27537734864072 7.299275143819184 2.6999999999999886
      vertex 53.085634918610396 7.515634918610404 0
    endloop
  endfacet
  facet normal -0.8314696123025362 -0.5555702330196156 0
    outer loop
      vertex 53.43525588832577 7.059999999999999 0
      vertex 53.43525588832577 7.059999999999999 2.6999999999999886
      vertex 53.27537734864072 7.299275143819184 0
    endloop
  endfacet
  facet normal -0.8968727415327016 -0.44228869021897443 0
    outer loop
      vertex 53.562534971524826 6.801903551203196 0
      vertex 53.562534971524826 6.801903551203196 2.6999999999999886
      vertex 53.43525588832577 7.059999999999999 0
    endloop
  endfacet
  facet normal -0.9469301294950871 -0.32143946530321627 0
    outer loop
      vertex 53.65503681783596 6.529401899225544 0
      vertex 53.65503681783596 6.529401899225544 2.6999999999999886
      vertex 53.562534971524826 6.801903551203196 0
    endloop
  endfacet
  facet normal -0.9807852804032295 -0.19509032201613263 0
    outer loop
      vertex 53.7111786950224 6.247157622884112 0
      vertex 53.7111786950224 6.247157622884112 2.6999999999999886
      vertex 53.65503681783596 6.529401899225544 0
    endloop
  endfacet
  facet normal -0.997858923238609 -0.06540312923005807 0
    outer loop
      vertex 53.72999999999999 5.959999999999999 0
      vertex 53.72999999999999 5.959999999999999 2.6999999999999886
      vertex 53.7111786950224 6.247157622884112 0
    endloop
  endfacet
  facet normal -0.997858923238609 0.06540312923005807 0
    outer loop
      vertex 53.7111786950224 5.672842377115886 0
      vertex 53.7111786950224 5.672842377115886 2.6999999999999886
      vertex 53.72999999999999 5.959999999999999 0
    endloop
  endfacet
  facet normal -0.9807852804032295 0.19509032201613263 0
    outer loop
      vertex 53.65503681783596 5.390598100774454 0
      vertex 53.65503681783596 5.390598100774454 2.6999999999999886
      vertex 53.7111786950224 5.672842377115886 0
    endloop
  endfacet
  facet normal -0.9469301294950871 0.32143946530321627 0
    outer loop
      vertex 53.562534971524826 5.118096448796802 0
      vertex 53.562534971524826 5.118096448796802 2.6999999999999886
      vertex 53.65503681783596 5.390598100774454 0
    endloop
  endfacet
  facet normal -0.8968727415327016 0.44228869021897443 0
    outer loop
      vertex 53.43525588832577 4.859999999999999 0
      vertex 53.43525588832577 4.859999999999999 2.6999999999999886
      vertex 53.562534971524826 5.118096448796802 0
    endloop
  endfacet
  facet normal -0.8314696123025362 0.5555702330196156 0
    outer loop
      vertex 53.27537734864072 4.620724856180814 0
      vertex 53.27537734864072 4.620724856180814 2.6999999999999886
      vertex 53.43525588832577 4.859999999999999 0
    endloop
  endfacet
  facet normal -0.7518398074789641 0.6593458151000838 0
    outer loop
      vertex 53.27537734864072 4.620724856180814 0
      vertex 53.085634918610396 4.404365081389594 0
      vertex 53.085634918610396 4.404365081389594 2.6999999999999886
    endloop
  endfacet
  facet normal -0.6593458151000756 0.7518398074789715 0
    outer loop
      vertex 53.085634918610396 4.404365081389594 0
      vertex 52.86927514381918 4.2146226513592815 0
      vertex 52.86927514381918 4.2146226513592815 2.6999999999999886
    endloop
  endfacet
  facet normal -0.5555702330196028 0.8314696123025448 0
    outer loop
      vertex 52.86927514381918 4.2146226513592815 0
      vertex 52.629999999999995 4.054744111674234 0
      vertex 52.629999999999995 4.054744111674234 2.6999999999999886
    endloop
  endfacet
  facet normal -0.44228869021899436 0.8968727415326917 0
    outer loop
      vertex 52.629999999999995 4.054744111674234 0
      vertex 52.37190355120319 3.9274650284751687 0
      vertex 52.37190355120319 3.9274650284751687 2.6999999999999886
    endloop
  endfacet
  facet normal 0.32143946530316464 0.9469301294951046 0
    outer loop
      vertex 50.96059810077446 3.8349631821640493 0
      vertex 50.68809644879681 3.9274650284751687 0
      vertex 50.68809644879681 3.9274650284751687 2.6999999999999886
    endloop
  endfacet
  facet normal 0.19509032201613383 0.9807852804032293 0
    outer loop
      vertex 51.24284237711589 3.7788213049776154 0
      vertex 50.96059810077446 3.8349631821640493 0
      vertex 50.96059810077446 3.8349631821640493 2.6999999999999886
    endloop
  endfacet
  facet normal -0.32143946530316464 0.9469301294951046 0
    outer loop
      vertex 52.37190355120319 3.9274650284751687 0
      vertex 52.09940189922554 3.8349631821640493 0
      vertex 52.09940189922554 3.8349631821640493 2.6999999999999886
    endloop
  endfacet
  facet normal 0.06540312923014495 0.9978589232386035 0
    outer loop
      vertex 51.53 3.759999999999998 0
      vertex 51.24284237711589 3.7788213049776154 0
      vertex 51.24284237711589 3.7788213049776154 2.6999999999999886
    endloop
  endfacet
  facet normal -0.06540312923014495 0.9978589232386035 0
    outer loop
      vertex 51.81715762288411 3.7788213049776154 0
      vertex 51.53 3.759999999999998 0
      vertex 51.53 3.759999999999998 2.6999999999999886
    endloop
  endfacet
  facet normal -0.19509032201613383 0.9807852804032293 0
    outer loop
      vertex 52.09940189922554 3.8349631821640493 0
      vertex 51.81715762288411 3.7788213049776154 0
      vertex 51.81715762288411 3.7788213049776154 2.6999999999999886
    endloop
  endfacet
  facet normal 0.06540312923014495 -0.9978589232386035 0
    outer loop
      vertex 51.24284237711589 8.141178695022383 0
      vertex 51.53 8.16 2.6999999999999886
      vertex 51.24284237711589 8.141178695022383 2.6999999999999886
    endloop
  endfacet
  facet normal -0.06540312923014495 -0.9978589232386035 0
    outer loop
      vertex 51.53 8.16 0
      vertex 51.81715762288411 8.141178695022383 2.6999999999999886
      vertex 51.53 8.16 2.6999999999999886
    endloop
  endfacet
  facet normal 0.19509032201613383 -0.9807852804032293 0
    outer loop
      vertex 50.96059810077446 8.085036817835949 0
      vertex 51.24284237711589 8.141178695022383 2.6999999999999886
      vertex 50.96059810077446 8.085036817835949 2.6999999999999886
    endloop
  endfacet
  facet normal 0.44228869021899436 -0.8968727415326917 0
    outer loop
      vertex 50.43000000000001 7.865255888325764 0
      vertex 50.68809644879681 7.9925349715248295 2.6999999999999886
      vertex 50.43000000000001 7.865255888325764 2.6999999999999886
    endloop
  endfacet
  facet normal 0.32143946530316464 -0.9469301294951046 0
    outer loop
      vertex 50.68809644879681 7.9925349715248295 0
      vertex 50.96059810077446 8.085036817835949 2.6999999999999886
      vertex 50.68809644879681 7.9925349715248295 2.6999999999999886
    endloop
  endfacet
  facet normal -0.19509032201613383 -0.9807852804032293 0
    outer loop
      vertex 51.81715762288411 8.141178695022383 0
      vertex 52.09940189922554 8.085036817835949 2.6999999999999886
      vertex 51.81715762288411 8.141178695022383 2.6999999999999886
    endloop
  endfacet
  facet normal -0.32143946530316464 -0.9469301294951046 0
    outer loop
      vertex 52.09940189922554 8.085036817835949 0
      vertex 52.37190355120319 7.9925349715248295 2.6999999999999886
      vertex 52.09940189922554 8.085036817835949 2.6999999999999886
    endloop
  endfacet
  facet normal -0.44228869021899436 -0.8968727415326917 0
    outer loop
      vertex 52.37190355120319 7.9925349715248295 0
      vertex 52.629999999999995 7.865255888325764 2.6999999999999886
      vertex 52.37190355120319 7.9925349715248295 2.6999999999999886
    endloop
  endfacet
  facet normal 0.6593458151000756 -0.7518398074789715 0
    outer loop
      vertex 49.97436508138961 7.515634918610404 0
      vertex 50.19072485618082 7.705377348640717 2.6999999999999886
      vertex 49.97436508138961 7.515634918610404 2.6999999999999886
    endloop
  endfacet
  facet normal 0.5555702330196028 -0.8314696123025448 0
    outer loop
      vertex 50.19072485618082 7.705377348640717 0
      vertex 50.43000000000001 7.865255888325764 2.6999999999999886
      vertex 50.19072485618082 7.705377348640717 2.6999999999999886
    endloop
  endfacet
  facet normal 0.7518398074789641 -0.6593458151000838 0
    outer loop
      vertex 49.784622651359285 7.299275143819184 0
      vertex 49.97436508138961 7.515634918610404 2.6999999999999886
      vertex 49.784622651359285 7.299275143819184 2.6999999999999886
    endloop
  endfacet
  facet normal 0.8314696123025362 -0.5555702330196156 0
    outer loop
      vertex 49.62474411167423 7.059999999999999 0
      vertex 49.784622651359285 7.299275143819184 2.6999999999999886
      vertex 49.62474411167423 7.059999999999999 2.6999999999999886
    endloop
  endfacet
  facet normal 0.8968727415327016 -0.44228869021897443 0
    outer loop
      vertex 49.497465028475176 6.801903551203196 0
      vertex 49.62474411167423 7.059999999999999 2.6999999999999886
      vertex 49.497465028475176 6.801903551203196 2.6999999999999886
    endloop
  endfacet
  facet normal 0.9469301294950871 -0.32143946530321627 0
    outer loop
      vertex 49.40496318216404 6.529401899225544 0
      vertex 49.497465028475176 6.801903551203196 2.6999999999999886
      vertex 49.40496318216404 6.529401899225544 2.6999999999999886
    endloop
  endfacet
  facet normal 0.9807852804032295 -0.19509032201613263 0
    outer loop
      vertex 49.348821304977605 6.247157622884112 0
      vertex 49.40496318216404 6.529401899225544 2.6999999999999886
      vertex 49.348821304977605 6.247157622884112 2.6999999999999886
    endloop
  endfacet
  facet normal 0.997858923238609 -0.06540312923005807 0
    outer loop
      vertex 49.33000000000001 5.959999999999999 0
      vertex 49.348821304977605 6.247157622884112 2.6999999999999886
      vertex 49.33000000000001 5.959999999999999 2.6999999999999886
    endloop
  endfacet
  facet normal 0.997858923238609 0.06540312923005807 0
    outer loop
      vertex 49.33000000000001 5.959999999999999 2.6999999999999886
      vertex 49.348821304977605 5.672842377115886 2.6999999999999886
      vertex 49.348821304977605 5.672842377115886 0
    endloop
  endfacet
  facet normal 0.9807852804032295 0.19509032201613263 0
    outer loop
      vertex 49.40496318216404 5.390598100774454 0
      vertex 49.348821304977605 5.672842377115886 2.6999999999999886
      vertex 49.40496318216404 5.390598100774454 2.6999999999999886
    endloop
  endfacet
  facet normal 0.9469301294950871 0.32143946530321627 0
    outer loop
      vertex 49.497465028475176 5.118096448796802 0
      vertex 49.40496318216404 5.390598100774454 2.6999999999999886
      vertex 49.497465028475176 5.118096448796802 2.6999999999999886
    endloop
  endfacet
  facet normal 0.8968727415327016 0.44228869021897443 0
    outer loop
      vertex 49.62474411167423 4.859999999999999 0
      vertex 49.497465028475176 5.118096448796802 2.6999999999999886
      vertex 49.62474411167423 4.859999999999999 2.6999999999999886
    endloop
  endfacet
  facet normal 0.8314696123025362 0.5555702330196156 0
    outer loop
      vertex 49.784622651359285 4.620724856180814 0
      vertex 49.62474411167423 4.859999999999999 2.6999999999999886
      vertex 49.784622651359285 4.620724856180814 2.6999999999999886
    endloop
  endfacet
  facet normal 0.7518398074789641 0.6593458151000838 0
    outer loop
      vertex 49.97436508138961 4.404365081389594 0
      vertex 49.784622651359285 4.620724856180814 2.6999999999999886
      vertex 49.97436508138961 4.404365081389594 2.6999999999999886
    endloop
  endfacet
  facet normal 0.6593458151000756 0.7518398074789715 0
    outer loop
      vertex 50.19072485618082 4.2146226513592815 0
      vertex 49.97436508138961 4.404365081389594 2.6999999999999886
      vertex 50.19072485618082 4.2146226513592815 2.6999999999999886
    endloop
  endfacet
  facet normal 0.5555702330196028 0.8314696123025448 0
    outer loop
      vertex 50.43000000000001 4.054744111674234 0
      vertex 50.19072485618082 4.2146226513592815 2.6999999999999886
      vertex 50.43000000000001 4.054744111674234 2.6999999999999886
    endloop
  endfacet
  facet normal 0.44228869021899436 0.8968727415326917 0
    outer loop
      vertex 50.68809644879681 3.9274650284751687 0
      vertex 50.43000000000001 4.054744111674234 2.6999999999999886
      vertex 50.68809644879681 3.9274650284751687 2.6999999999999886
    endloop
  endfacet
  facet normal -0.5555702330196028 -0.8314696123025448 0
    outer loop
      vertex 52.629999999999995 7.865255888325764 0
      vertex 52.86927514381918 7.705377348640717 2.6999999999999886
      vertex 52.629999999999995 7.865255888325764 2.6999999999999886
    endloop
  endfacet
  facet normal -0.6593458151000756 -0.7518398074789715 0
    outer loop
      vertex 53.085634918610396 7.515634918610404 2.6999999999999886
      vertex 52.86927514381918 7.705377348640717 2.6999999999999886
      vertex 52.86927514381918 7.705377348640717 0
    endloop
  endfacet
  facet normal -0.7518398074789641 -0.6593458151000838 0
    outer loop
      vertex 53.085634918610396 7.515634918610404 0
      vertex 53.27537734864072 7.299275143819184 2.6999999999999886
      vertex 53.085634918610396 7.515634918610404 2.6999999999999886
    endloop
  endfacet
  facet normal -0.8314696123025362 -0.5555702330196156 0
    outer loop
      vertex 53.27537734864072 7.299275143819184 0
      vertex 53.43525588832577 7.059999999999999 2.6999999999999886
      vertex 53.27537734864072 7.299275143819184 2.6999999999999886
    endloop
  endfacet
  facet normal -0.8968727415327016 -0.44228869021897443 0
    outer loop
      vertex 53.43525588832577 7.059999999999999 0
      vertex 53.562534971524826 6.801903551203196 2.6999999999999886
      vertex 53.43525588832577 7.059999999999999 2.6999999999999886
    endloop
  endfacet
  facet normal -0.9469301294950871 -0.32143946530321627 0
    outer loop
      vertex 53.562534971524826 6.801903551203196 0
      vertex 53.65503681783596 6.529401899225544 2.6999999999999886
      vertex 53.562534971524826 6.801903551203196 2.6999999999999886
    endloop
  endfacet
  facet normal -0.9807852804032295 -0.19509032201613263 0
    outer loop
      vertex 53.65503681783596 6.529401899225544 0
      vertex 53.7111786950224 6.247157622884112 2.6999999999999886
      vertex 53.65503681783596 6.529401899225544 2.6999999999999886
    endloop
  endfacet
  facet normal -0.997858923238609 -0.06540312923005807 0
    outer loop
      vertex 53.7111786950224 6.247157622884112 0
      vertex 53.72999999999999 5.959999999999999 2.6999999999999886
      vertex 53.7111786950224 6.247157622884112 2.6999999999999886
    endloop
  endfacet
  facet normal -0.997858923238609 0.06540312923005807 0
    outer loop
      vertex 53.72999999999999 5.959999999999999 0
      vertex 53.7111786950224 5.672842377115886 2.6999999999999886
      vertex 53.72999999999999 5.959999999999999 2.6999999999999886
    endloop
  endfacet
  facet normal -0.9807852804032295 0.19509032201613263 0
    outer loop
      vertex 53.7111786950224 5.672842377115886 0
      vertex 53.65503681783596 5.390598100774454 2.6999999999999886
      vertex 53.7111786950224 5.672842377115886 2.6999999999999886
    endloop
  endfacet
  facet normal -0.9469301294950871 0.32143946530321627 0
    outer loop
      vertex 53.65503681783596 5.390598100774454 0
      vertex 53.562534971524826 5.118096448796802 2.6999999999999886
      vertex 53.65503681783596 5.390598100774454 2.6999999999999886
    endloop
  endfacet
  facet normal -0.8968727415327016 0.44228869021897443 0
    outer loop
      vertex 53.562534971524826 5.118096448796802 0
      vertex 53.43525588832577 4.859999999999999 2.6999999999999886
      vertex 53.562534971524826 5.118096448796802 2.6999999999999886
    endloop
  endfacet
  facet normal -0.8314696123025362 0.5555702330196156 0
    outer loop
      vertex 53.43525588832577 4.859999999999999 0
      vertex 53.27537734864072 4.620724856180814 2.6999999999999886
      vertex 53.43525588832577 4.859999999999999 2.6999999999999886
    endloop
  endfacet
  facet normal -0.7518398074789641 0.6593458151000838 0
    outer loop
      vertex 53.27537734864072 4.620724856180814 0
      vertex 53.085634918610396 4.404365081389594 2.6999999999999886
      vertex 53.27537734864072 4.620724856180814 2.6999999999999886
    endloop
  endfacet
  facet normal -0.6593458151000756 0.7518398074789715 0
    outer loop
      vertex 53.085634918610396 4.404365081389594 0
      vertex 52.86927514381918 4.2146226513592815 2.6999999999999886
      vertex 53.085634918610396 4.404365081389594 2.6999999999999886
    endloop
  endfacet
  facet normal -0.5555702330196028 0.8314696123025448 0
    outer loop
      vertex 52.86927514381918 4.2146226513592815 0
      vertex 52.629999999999995 4.054744111674234 2.6999999999999886
      vertex 52.86927514381918 4.2146226513592815 2.6999999999999886
    endloop
  endfacet
  facet normal -0.44228869021899436 0.8968727415326917 0
    outer loop
      vertex 52.629999999999995 4.054744111674234 0
      vertex 52.37190355120319 3.9274650284751687 2.6999999999999886
      vertex 52.629999999999995 4.054744111674234 2.6999999999999886
    endloop
  endfacet
  facet normal 0.32143946530316464 0.9469301294951046 0
    outer loop
      vertex 50.96059810077446 3.8349631821640493 0
      vertex 50.68809644879681 3.9274650284751687 2.6999999999999886
      vertex 50.96059810077446 3.8349631821640493 2.6999999999999886
    endloop
  endfacet
  facet normal 0.19509032201613383 0.9807852804032293 0
    outer loop
      vertex 51.24284237711589 3.7788213049776154 0
      vertex 50.96059810077446 3.8349631821640493 2.6999999999999886
      vertex 51.24284237711589 3.7788213049776154 2.6999999999999886
    endloop
  endfacet
  facet normal 0.06540312923014495 0.9978589232386035 0
    outer loop
      vertex 51.53 3.759999999999998 0
      vertex 51.24284237711589 3.7788213049776154 2.6999999999999886
      vertex 51.53 3.759999999999998 2.6999999999999886
    endloop
  endfacet
  facet normal -0.06540312923014495 0.9978589232386035 0
    outer loop
      vertex 51.81715762288411 3.7788213049776154 0
      vertex 51.53 3.759999999999998 2.6999999999999886
      vertex 51.81715762288411 3.7788213049776154 2.6999999999999886
    endloop
  endfacet
  facet normal -0.19509032201613383 0.9807852804032293 0
    outer loop
      vertex 52.09940189922554 3.8349631821640493 0
      vertex 51.81715762288411 3.7788213049776154 2.6999999999999886
      vertex 52.09940189922554 3.8349631821640493 2.6999999999999886
    endloop
  endfacet
  facet normal -0.32143946530316464 0.9469301294951046 0
    outer loop
      vertex 52.37190355120319 3.9274650284751687 0
      vertex 52.09940189922554 3.8349631821640493 2.6999999999999886
      vertex 52.37190355120319 3.9274650284751687 2.6999999999999886
    endloop
  endfacet
  facet normal 0 -1 0
    outer loop
      vertex 39.130000000000024 14.959999999999999 2.6999999999999886
      vertex 19.13000000000001 14.959999999999999 0
      vertex 39.130000000000024 14.959999999999999 0
    endloop
  endfacet
  facet normal 1 0 0
    outer loop
      vertex 19.13000000000001 3.959999999999999 0
      vertex 19.13000000000001 14.959999999999999 0
      vertex 19.13000000000001 14.959999999999999 2.6999999999999886
    endloop
  endfacet
  facet normal 0 1 0
    outer loop
      vertex 19.13000000000001 3.959999999999999 0
      vertex 19.13000000000001 3.959999999999999 2.6999999999999886
      vertex 39.130000000000024 3.959999999999999 0
    endloop
  endfacet
  facet normal -1 0 0
    outer loop
      vertex 39.130000000000024 3.959999999999999 2.6999999999999886
      vertex 39.130000000000024 14.959999999999999 0
      vertex 39.130000000000024 3.959999999999999 0
    endloop
  endfacet
  facet normal 0 -1 0
    outer loop
      vertex 19.13000000000001 14.959999999999999 2.6999999999999886
      vertex 19.13000000000001 14.959999999999999 0
      vertex 39.130000000000024 14.959999999999999 2.6999999999999886
    endloop
  endfacet
  facet normal -1 0 0
    outer loop
      vertex 39.130000000000024 14.959999999999999 2.6999999999999886
      vertex 39.130000000000024 14.959999999999999 0
      vertex 39.130000000000024 3.959999999999999 2.6999999999999886
    endloop
  endfacet
  facet normal 1 0 0
    outer loop
      vertex 19.13000000000001 14.959999999999999 2.6999999999999886
      vertex 19.13000000000001 3.959999999999999 2.6999999999999886
      vertex 19.13000000000001 3.959999999999999 0
    endloop
  endfacet
  facet normal 0 1 0
    outer loop
      vertex 19.13000000000001 3.959999999999999 2.6999999999999886
      vertex 39.130000000000024 3.959999999999999 2.6999999999999886
      vertex 39.130000000000024 3.959999999999999 0
    endloop
  endfacet
  facet normal 0.06540312923014409 -0.9978589232386034 0
    outer loop
      vertex 59.55000000000001 10.899999999999999 2.6999999999999886
      vertex 59.15842142333986 10.87433458412143 0
      vertex 59.55000000000001 10.899999999999999 0
    endloop
  endfacet
  facet normal -0.06540312923014409 -0.9978589232386034 0
    outer loop
      vertex 59.94157857666016 10.87433458412143 2.6999999999999886
      vertex 59.55000000000001 10.899999999999999 0
      vertex 59.94157857666016 10.87433458412143 0
    endloop
  endfacet
  facet normal 0.32143946530316775 -0.9469301294951036 0
    outer loop
      vertex 58.773542864692445 10.797777478867204 2.6999999999999886
      vertex 58.401949702904744 10.671638597533859 0
      vertex 58.773542864692445 10.797777478867204 0
    endloop
  endfacet
  facet normal 0.4422886902189983 -0.8968727415326898 0
    outer loop
      vertex 58.401949702904744 10.671638597533859 2.6999999999999886
      vertex 58.05000000000001 10.498076211353315 0
      vertex 58.401949702904744 10.671638597533859 0
    endloop
  endfacet
  facet normal 0.5555702330195917 -0.8314696123025522 0
    outer loop
      vertex 57.72371571297384 10.280060020873705 0
      vertex 58.05000000000001 10.498076211353315 0
      vertex 58.05000000000001 10.498076211353315 2.6999999999999886
    endloop
  endfacet
  facet normal 0.1950903220161236 -0.9807852804032313 0
    outer loop
      vertex 59.15842142333986 10.87433458412143 2.6999999999999886
      vertex 58.773542864692445 10.797777478867204 0
      vertex 59.15842142333986 10.87433458412143 0
    endloop
  endfacet
  facet normal -0.1950903220161236 -0.9807852804032313 0
    outer loop
      vertex 60.32645713530758 10.797777478867204 2.6999999999999886
      vertex 59.94157857666016 10.87433458412143 0
      vertex 60.32645713530758 10.797777478867204 0
    endloop
  endfacet
  facet normal -0.32143946530316775 -0.9469301294951036 0
    outer loop
      vertex 60.69805029709528 10.671638597533859 2.6999999999999886
      vertex 60.32645713530758 10.797777478867204 0
      vertex 60.69805029709528 10.671638597533859 0
    endloop
  endfacet
  facet normal -0.4422886902189983 -0.8968727415326898 0
    outer loop
      vertex 61.05000000000001 10.498076211353315 2.6999999999999886
      vertex 60.69805029709528 10.671638597533859 0
      vertex 61.05000000000001 10.498076211353315 0
    endloop
  endfacet
  facet normal 0.6593458151000949 -0.7518398074789545 0
    outer loop
      vertex 57.72371571297384 10.280060020873705 2.6999999999999886
      vertex 57.42867965644038 10.02132034355964 0
      vertex 57.72371571297384 10.280060020873705 0
    endloop
  endfacet
  facet normal 0.7518398074789517 -0.659345815100098 0
    outer loop
      vertex 57.42867965644038 10.02132034355964 2.6999999999999886
      vertex 57.1699399791263 9.72628428702616 0
      vertex 57.42867965644038 10.02132034355964 0
    endloop
  endfacet
  facet normal -0.5555702330195917 -0.8314696123025522 0
    outer loop
      vertex 61.37628428702618 10.280060020873705 2.6999999999999886
      vertex 61.05000000000001 10.498076211353315 0
      vertex 61.37628428702618 10.280060020873705 0
    endloop
  endfacet
  facet normal -0.6593458151000949 -0.7518398074789545 0
    outer loop
      vertex 61.37628428702618 10.280060020873705 0
      vertex 61.67132034355964 10.02132034355964 0
      vertex 61.67132034355964 10.02132034355964 2.6999999999999886
    endloop
  endfacet
  facet normal 0.831469612302555 -0.5555702330195875 0
    outer loop
      vertex 56.951923788646695 9.399999999999999 0
      vertex 57.1699399791263 9.72628428702616 0
      vertex 57.1699399791263 9.72628428702616 2.6999999999999886
    endloop
  endfacet
  facet normal 0.8968727415326835 -0.44228869021901096 0
    outer loop
      vertex 56.951923788646695 9.399999999999999 0
      vertex 56.951923788646695 9.399999999999999 2.6999999999999886
      vertex 56.778361402466146 9.048050297095267 0
    endloop
  endfacet
  facet normal 0.9469301294951146 -0.3214394653031352 0
    outer loop
      vertex 56.778361402466146 9.048050297095267 0
      vertex 56.778361402466146 9.048050297095267 2.6999999999999886
      vertex 56.65222252113281 8.676457135307562 0
    endloop
  endfacet
  facet normal 0.9807852804032247 -0.1950903220161576 0
    outer loop
      vertex 56.65222252113281 8.676457135307562 0
      vertex 56.65222252113281 8.676457135307562 2.6999999999999886
      vertex 56.575665415878575 8.291578576660154 0
    endloop
  endfacet
  facet normal 0.9978589232386043 -0.06540312923012997 0
    outer loop
      vertex 56.575665415878575 8.291578576660154 0
      vertex 56.575665415878575 8.291578576660154 2.6999999999999886
      vertex 56.55000000000001 7.899999999999999 0
    endloop
  endfacet
  facet normal -0.7518398074789517 -0.659345815100098 0
    outer loop
      vertex 61.930060020873725 9.72628428702616 2.6999999999999886
      vertex 61.67132034355964 10.02132034355964 0
      vertex 61.930060020873725 9.72628428702616 0
    endloop
  endfacet
  facet normal -0.831469612302555 -0.5555702330195875 0
    outer loop
      vertex 62.14807621135333 9.399999999999999 2.6999999999999886
      vertex 61.930060020873725 9.72628428702616 0
      vertex 62.14807621135333 9.399999999999999 0
    endloop
  endfacet
  facet normal -0.8968727415326835 -0.44228869021901096 0
    outer loop
      vertex 62.32163859753388 9.048050297095267 2.6999999999999886
      vertex 62.14807621135333 9.399999999999999 0
      vertex 62.32163859753388 9.048050297095267 0
    endloop
  endfacet
  facet normal -0.9469301294951146 -0.3214394653031352 0
    outer loop
      vertex 62.32163859753388 9.048050297095267 0
      vertex 62.44777747886721 8.676457135307562 0
      vertex 62.44777747886721 8.676457135307562 2.6999999999999886
    endloop
  endfacet
  facet normal -0.9807852804032247 -0.1950903220161576 0
    outer loop
      vertex 62.52433458412145 8.291578576660154 0
      vertex 62.52433458412145 8.291578576660154 2.6999999999999886
      vertex 62.44777747886721 8.676457135307562 0
    endloop
  endfacet
  facet normal -0.9978589232386043 -0.06540312923012997 0
    outer loop
      vertex 62.55000000000001 7.899999999999999 0
      vertex 62.55000000000001 7.899999999999999 2.6999999999999886
      vertex 62.52433458412145 8.291578576660154 0
    endloop
  endfacet
  facet normal 0.9978589232386043 0.06540312923012997 0
    outer loop
      vertex 56.55000000000001 7.899999999999999 0
      vertex 56.55000000000001 7.899999999999999 2.6999999999999886
      vertex 56.575665415878575 7.508421423339843 0
    endloop
  endfacet
  facet normal 0.9807852804032247 0.1950903220161576 0
    outer loop
      vertex 56.575665415878575 7.508421423339843 0
      vertex 56.575665415878575 7.508421423339843 2.6999999999999886
      vertex 56.65222252113281 7.1235428646924355 0
    endloop
  endfacet
  facet normal 0.9469301294951146 0.3214394653031352 0
    outer loop
      vertex 56.65222252113281 7.1235428646924355 0
      vertex 56.65222252113281 7.1235428646924355 2.6999999999999886
      vertex 56.778361402466146 6.75194970290473 0
    endloop
  endfacet
  facet normal 0.8968727415326835 0.44228869021901096 0
    outer loop
      vertex 56.778361402466146 6.75194970290473 2.6999999999999886
      vertex 56.951923788646695 6.399999999999999 0
      vertex 56.778361402466146 6.75194970290473 0
    endloop
  endfacet
  facet normal 0.831469612302555 0.5555702330195875 0
    outer loop
      vertex 56.951923788646695 6.399999999999999 0
      vertex 56.951923788646695 6.399999999999999 2.6999999999999886
      vertex 57.1699399791263 6.073715712973836 0
    endloop
  endfacet
  facet normal 0.7518398074789517 0.659345815100098 0
    outer loop
      vertex 57.1699399791263 6.073715712973836 0
      vertex 57.1699399791263 6.073715712973836 2.6999999999999886
      vertex 57.42867965644038 5.778679656440357 0
    endloop
  endfacet
  facet normal -0.9978589232386043 0.06540312923012997 0
    outer loop
      vertex 62.52433458412145 7.508421423339843 0
      vertex 62.52433458412145 7.508421423339843 2.6999999999999886
      vertex 62.55000000000001 7.899999999999999 0
    endloop
  endfacet
  facet normal -0.9807852804032247 0.1950903220161576 0
    outer loop
      vertex 62.44777747886721 7.1235428646924355 2.6999999999999886
      vertex 62.52433458412145 7.508421423339843 0
      vertex 62.44777747886721 7.1235428646924355 0
    endloop
  endfacet
  facet normal -0.9469301294951146 0.3214394653031352 0
    outer loop
      vertex 62.32163859753388 6.75194970290473 0
      vertex 62.32163859753388 6.75194970290473 2.6999999999999886
      vertex 62.44777747886721 7.1235428646924355 0
    endloop
  endfacet
  facet normal -0.8968727415326835 0.44228869021901096 0
    outer loop
      vertex 62.14807621135333 6.399999999999999 0
      vertex 62.14807621135333 6.399999999999999 2.6999999999999886
      vertex 62.32163859753388 6.75194970290473 0
    endloop
  endfacet
  facet normal -0.831469612302555 0.5555702330195875 0
    outer loop
      vertex 61.930060020873725 6.073715712973836 0
      vertex 61.930060020873725 6.073715712973836 2.6999999999999886
      vertex 62.14807621135333 6.399999999999999 0
    endloop
  endfacet
  facet normal 0.6593458151000949 0.7518398074789545 0
    outer loop
      vertex 57.42867965644038 5.778679656440357 0
      vertex 57.42867965644038 5.778679656440357 2.6999999999999886
      vertex 57.72371571297384 5.519939979126292 0
    endloop
  endfacet
  facet normal 0.5555702330195917 0.8314696123025522 0
    outer loop
      vertex 58.05000000000001 5.301923788646683 0
      vertex 57.72371571297384 5.519939979126292 0
      vertex 57.72371571297384 5.519939979126292 2.6999999999999886
    endloop
  endfacet
  facet normal 0.4422886902189983 0.8968727415326898 0
    outer loop
      vertex 58.401949702904744 5.128361402466139 0
      vertex 58.05000000000001 5.301923788646683 0
      vertex 58.05000000000001 5.301923788646683 2.6999999999999886
    endloop
  endfacet
  facet normal 0.32143946530316775 0.9469301294951036 0
    outer loop
      vertex 58.773542864692445 5.0022225211327935 0
      vertex 58.401949702904744 5.128361402466139 0
      vertex 58.401949702904744 5.128361402466139 2.6999999999999886
    endloop
  endfacet
  facet normal -0.4422886902189983 0.8968727415326898 0
    outer loop
      vertex 61.05000000000001 5.301923788646683 0
      vertex 60.69805029709528 5.128361402466139 0
      vertex 60.69805029709528 5.128361402466139 2.6999999999999886
    endloop
  endfacet
  facet normal 0.1950903220161236 0.9807852804032313 0
    outer loop
      vertex 59.15842142333986 4.9256654158785675 0
      vertex 58.773542864692445 5.0022225211327935 0
      vertex 58.773542864692445 5.0022225211327935 2.6999999999999886
    endloop
  endfacet
  facet normal -0.32143946530316775 0.9469301294951036 0
    outer loop
      vertex 60.69805029709528 5.128361402466139 0
      vertex 60.32645713530758 5.0022225211327935 0
      vertex 60.32645713530758 5.0022225211327935 2.6999999999999886
    endloop
  endfacet
  facet normal -0.1950903220161236 0.9807852804032313 0
    outer loop
      vertex 60.32645713530758 5.0022225211327935 0
      vertex 59.94157857666016 4.9256654158785675 0
      vertex 59.94157857666016 4.9256654158785675 2.6999999999999886
    endloop
  endfacet
  facet normal 0.06540312923014409 0.9978589232386034 0
    outer loop
      vertex 59.55000000000001 4.899999999999999 0
      vertex 59.15842142333986 4.9256654158785675 0
      vertex 59.15842142333986 4.9256654158785675 2.6999999999999886
    endloop
  endfacet
  facet normal -0.06540312923014409 0.9978589232386034 0
    outer loop
      vertex 59.94157857666016 4.9256654158785675 0
      vertex 59.55000000000001 4.899999999999999 0
      vertex 59.55000000000001 4.899999999999999 2.6999999999999886
    endloop
  endfacet
  facet normal -0.7518398074789517 0.659345815100098 0
    outer loop
      vertex 61.930060020873725 6.073715712973836 0
      vertex 61.67132034355964 5.778679656440357 0
      vertex 61.67132034355964 5.778679656440357 2.6999999999999886
    endloop
  endfacet
  facet normal -0.6593458151000949 0.7518398074789545 0
    outer loop
      vertex 61.67132034355964 5.778679656440357 0
      vertex 61.37628428702618 5.519939979126292 0
      vertex 61.37628428702618 5.519939979126292 2.6999999999999886
    endloop
  endfacet
  facet normal -0.5555702330195917 0.8314696123025522 0
    outer loop
      vertex 61.37628428702618 5.519939979126292 0
      vertex 61.05000000000001 5.301923788646683 0
      vertex 61.05000000000001 5.301923788646683 2.6999999999999886
    endloop
  endfacet
  facet normal 0.06540312923014409 -0.9978589232386034 0
    outer loop
      vertex 59.55000000000001 10.899999999999999 2.6999999999999886
      vertex 59.15842142333986 10.87433458412143 2.6999999999999886
      vertex 59.15842142333986 10.87433458412143 0
    endloop
  endfacet
  facet normal -0.06540312923014409 -0.9978589232386034 0
    outer loop
      vertex 59.94157857666016 10.87433458412143 2.6999999999999886
      vertex 59.55000000000001 10.899999999999999 2.6999999999999886
      vertex 59.55000000000001 10.899999999999999 0
    endloop
  endfacet
  facet normal 0.32143946530316775 -0.9469301294951036 0
    outer loop
      vertex 58.773542864692445 10.797777478867204 2.6999999999999886
      vertex 58.401949702904744 10.671638597533859 2.6999999999999886
      vertex 58.401949702904744 10.671638597533859 0
    endloop
  endfacet
  facet normal 0.4422886902189983 -0.8968727415326898 0
    outer loop
      vertex 58.401949702904744 10.671638597533859 2.6999999999999886
      vertex 58.05000000000001 10.498076211353315 2.6999999999999886
      vertex 58.05000000000001 10.498076211353315 0
    endloop
  endfacet
  facet normal 0.1950903220161236 -0.9807852804032313 0
    outer loop
      vertex 59.15842142333986 10.87433458412143 2.6999999999999886
      vertex 58.773542864692445 10.797777478867204 2.6999999999999886
      vertex 58.773542864692445 10.797777478867204 0
    endloop
  endfacet
  facet normal -0.1950903220161236 -0.9807852804032313 0
    outer loop
      vertex 60.32645713530758 10.797777478867204 2.6999999999999886
      vertex 59.94157857666016 10.87433458412143 2.6999999999999886
      vertex 59.94157857666016 10.87433458412143 0
    endloop
  endfacet
  facet normal -0.32143946530316775 -0.9469301294951036 0
    outer loop
      vertex 60.69805029709528 10.671638597533859 2.6999999999999886
      vertex 60.32645713530758 10.797777478867204 2.6999999999999886
      vertex 60.32645713530758 10.797777478867204 0
    endloop
  endfacet
  facet normal -0.4422886902189983 -0.8968727415326898 0
    outer loop
      vertex 61.05000000000001 10.498076211353315 2.6999999999999886
      vertex 60.69805029709528 10.671638597533859 2.6999999999999886
      vertex 60.69805029709528 10.671638597533859 0
    endloop
  endfacet
  facet normal 0.5555702330195917 -0.8314696123025522 0
    outer loop
      vertex 58.05000000000001 10.498076211353315 2.6999999999999886
      vertex 57.72371571297384 10.280060020873705 2.6999999999999886
      vertex 57.72371571297384 10.280060020873705 0
    endloop
  endfacet
  facet normal 0.6593458151000949 -0.7518398074789545 0
    outer loop
      vertex 57.72371571297384 10.280060020873705 2.6999999999999886
      vertex 57.42867965644038 10.02132034355964 2.6999999999999886
      vertex 57.42867965644038 10.02132034355964 0
    endloop
  endfacet
  facet normal -0.5555702330195917 -0.8314696123025522 0
    outer loop
      vertex 61.37628428702618 10.280060020873705 2.6999999999999886
      vertex 61.05000000000001 10.498076211353315 2.6999999999999886
      vertex 61.05000000000001 10.498076211353315 0
    endloop
  endfacet
  facet normal -0.6593458151000949 -0.7518398074789545 0
    outer loop
      vertex 61.67132034355964 10.02132034355964 2.6999999999999886
      vertex 61.37628428702618 10.280060020873705 2.6999999999999886
      vertex 61.37628428702618 10.280060020873705 0
    endloop
  endfacet
  facet normal -0.7518398074789517 -0.659345815100098 0
    outer loop
      vertex 61.67132034355964 10.02132034355964 2.6999999999999886
      vertex 61.67132034355964 10.02132034355964 0
      vertex 61.930060020873725 9.72628428702616 2.6999999999999886
    endloop
  endfacet
  facet normal 0.7518398074789517 -0.659345815100098 0
    outer loop
      vertex 57.1699399791263 9.72628428702616 2.6999999999999886
      vertex 57.1699399791263 9.72628428702616 0
      vertex 57.42867965644038 10.02132034355964 2.6999999999999886
    endloop
  endfacet
  facet normal 0.831469612302555 -0.5555702330195875 0
    outer loop
      vertex 56.951923788646695 9.399999999999999 0
      vertex 57.1699399791263 9.72628428702616 2.6999999999999886
      vertex 56.951923788646695 9.399999999999999 2.6999999999999886
    endloop
  endfacet
  facet normal 0.8968727415326835 -0.44228869021901096 0
    outer loop
      vertex 56.778361402466146 9.048050297095267 0
      vertex 56.951923788646695 9.399999999999999 2.6999999999999886
      vertex 56.778361402466146 9.048050297095267 2.6999999999999886
    endloop
  endfacet
  facet normal 0.9807852804032247 -0.1950903220161576 0
    outer loop
      vertex 56.575665415878575 8.291578576660154 0
      vertex 56.65222252113281 8.676457135307562 2.6999999999999886
      vertex 56.575665415878575 8.291578576660154 2.6999999999999886
    endloop
  endfacet
  facet normal 0.9978589232386043 -0.06540312923012997 0
    outer loop
      vertex 56.55000000000001 7.899999999999999 0
      vertex 56.575665415878575 8.291578576660154 2.6999999999999886
      vertex 56.55000000000001 7.899999999999999 2.6999999999999886
    endloop
  endfacet
  facet normal 0.9469301294951146 -0.3214394653031352 0
    outer loop
      vertex 56.65222252113281 8.676457135307562 0
      vertex 56.778361402466146 9.048050297095267 2.6999999999999886
      vertex 56.65222252113281 8.676457135307562 2.6999999999999886
    endloop
  endfacet
  facet normal -0.831469612302555 -0.5555702330195875 0
    outer loop
      vertex 61.930060020873725 9.72628428702616 2.6999999999999886
      vertex 61.930060020873725 9.72628428702616 0
      vertex 62.14807621135333 9.399999999999999 2.6999999999999886
    endloop
  endfacet
  facet normal -0.8968727415326835 -0.44228869021901096 0
    outer loop
      vertex 62.14807621135333 9.399999999999999 2.6999999999999886
      vertex 62.14807621135333 9.399999999999999 0
      vertex 62.32163859753388 9.048050297095267 2.6999999999999886
    endloop
  endfacet
  facet normal -0.9469301294951146 -0.3214394653031352 0
    outer loop
      vertex 62.32163859753388 9.048050297095267 2.6999999999999886
      vertex 62.32163859753388 9.048050297095267 0
      vertex 62.44777747886721 8.676457135307562 2.6999999999999886
    endloop
  endfacet
  facet normal -0.9807852804032247 -0.1950903220161576 0
    outer loop
      vertex 62.44777747886721 8.676457135307562 0
      vertex 62.52433458412145 8.291578576660154 2.6999999999999886
      vertex 62.44777747886721 8.676457135307562 2.6999999999999886
    endloop
  endfacet
  facet normal -0.9978589232386043 -0.06540312923012997 0
    outer loop
      vertex 62.52433458412145 8.291578576660154 0
      vertex 62.55000000000001 7.899999999999999 2.6999999999999886
      vertex 62.52433458412145 8.291578576660154 2.6999999999999886
    endloop
  endfacet
  facet normal 0.9978589232386043 0.06540312923012997 0
    outer loop
      vertex 56.575665415878575 7.508421423339843 0
      vertex 56.55000000000001 7.899999999999999 2.6999999999999886
      vertex 56.575665415878575 7.508421423339843 2.6999999999999886
    endloop
  endfacet
  facet normal 0.9807852804032247 0.1950903220161576 0
    outer loop
      vertex 56.65222252113281 7.1235428646924355 0
      vertex 56.575665415878575 7.508421423339843 2.6999999999999886
      vertex 56.65222252113281 7.1235428646924355 2.6999999999999886
    endloop
  endfacet
  facet normal 0.9469301294951146 0.3214394653031352 0
    outer loop
      vertex 56.778361402466146 6.75194970290473 0
      vertex 56.65222252113281 7.1235428646924355 2.6999999999999886
      vertex 56.778361402466146 6.75194970290473 2.6999999999999886
    endloop
  endfacet
  facet normal 0.8968727415326835 0.44228869021901096 0
    outer loop
      vertex 56.951923788646695 6.399999999999999 0
      vertex 56.778361402466146 6.75194970290473 2.6999999999999886
      vertex 56.951923788646695 6.399999999999999 2.6999999999999886
    endloop
  endfacet
  facet normal 0.831469612302555 0.5555702330195875 0
    outer loop
      vertex 57.1699399791263 6.073715712973836 0
      vertex 56.951923788646695 6.399999999999999 2.6999999999999886
      vertex 57.1699399791263 6.073715712973836 2.6999999999999886
    endloop
  endfacet
  facet normal -0.9978589232386043 0.06540312923012997 0
    outer loop
      vertex 62.55000000000001 7.899999999999999 0
      vertex 62.52433458412145 7.508421423339843 2.6999999999999886
      vertex 62.55000000000001 7.899999999999999 2.6999999999999886
    endloop
  endfacet
  facet normal -0.9807852804032247 0.1950903220161576 0
    outer loop
      vertex 62.52433458412145 7.508421423339843 0
      vertex 62.44777747886721 7.1235428646924355 2.6999999999999886
      vertex 62.52433458412145 7.508421423339843 2.6999999999999886
    endloop
  endfacet
  facet normal -0.9469301294951146 0.3214394653031352 0
    outer loop
      vertex 62.44777747886721 7.1235428646924355 0
      vertex 62.32163859753388 6.75194970290473 2.6999999999999886
      vertex 62.44777747886721 7.1235428646924355 2.6999999999999886
    endloop
  endfacet
  facet normal -0.8968727415326835 0.44228869021901096 0
    outer loop
      vertex 62.32163859753388 6.75194970290473 0
      vertex 62.14807621135333 6.399999999999999 2.6999999999999886
      vertex 62.32163859753388 6.75194970290473 2.6999999999999886
    endloop
  endfacet
  facet normal -0.831469612302555 0.5555702330195875 0
    outer loop
      vertex 62.14807621135333 6.399999999999999 0
      vertex 61.930060020873725 6.073715712973836 2.6999999999999886
      vertex 62.14807621135333 6.399999999999999 2.6999999999999886
    endloop
  endfacet
  facet normal -0.7518398074789517 0.659345815100098 0
    outer loop
      vertex 61.930060020873725 6.073715712973836 0
      vertex 61.67132034355964 5.778679656440357 2.6999999999999886
      vertex 61.930060020873725 6.073715712973836 2.6999999999999886
    endloop
  endfacet
  facet normal 0.7518398074789517 0.659345815100098 0
    outer loop
      vertex 57.42867965644038 5.778679656440357 0
      vertex 57.1699399791263 6.073715712973836 2.6999999999999886
      vertex 57.42867965644038 5.778679656440357 2.6999999999999886
    endloop
  endfacet
  facet normal 0.6593458151000949 0.7518398074789545 0
    outer loop
      vertex 57.72371571297384 5.519939979126292 0
      vertex 57.42867965644038 5.778679656440357 2.6999999999999886
      vertex 57.72371571297384 5.519939979126292 2.6999999999999886
    endloop
  endfacet
  facet normal 0.5555702330195917 0.8314696123025522 0
    outer loop
      vertex 58.05000000000001 5.301923788646683 0
      vertex 57.72371571297384 5.519939979126292 2.6999999999999886
      vertex 58.05000000000001 5.301923788646683 2.6999999999999886
    endloop
  endfacet
  facet normal 0.4422886902189983 0.8968727415326898 0
    outer loop
      vertex 58.401949702904744 5.128361402466139 0
      vertex 58.05000000000001 5.301923788646683 2.6999999999999886
      vertex 58.401949702904744 5.128361402466139 2.6999999999999886
    endloop
  endfacet
  facet normal 0.32143946530316775 0.9469301294951036 0
    outer loop
      vertex 58.773542864692445 5.0022225211327935 0
      vertex 58.401949702904744 5.128361402466139 2.6999999999999886
      vertex 58.773542864692445 5.0022225211327935 2.6999999999999886
    endloop
  endfacet
  facet normal -0.4422886902189983 0.8968727415326898 0
    outer loop
      vertex 61.05000000000001 5.301923788646683 0
      vertex 60.69805029709528 5.128361402466139 2.6999999999999886
      vertex 61.05000000000001 5.301923788646683 2.6999999999999886
    endloop
  endfacet
  facet normal 0.1950903220161236 0.9807852804032313 0
    outer loop
      vertex 59.15842142333986 4.9256654158785675 0
      vertex 58.773542864692445 5.0022225211327935 2.6999999999999886
      vertex 59.15842142333986 4.9256654158785675 2.6999999999999886
    endloop
  endfacet
  facet normal -0.32143946530316775 0.9469301294951036 0
    outer loop
      vertex 60.69805029709528 5.128361402466139 0
      vertex 60.32645713530758 5.0022225211327935 2.6999999999999886
      vertex 60.69805029709528 5.128361402466139 2.6999999999999886
    endloop
  endfacet
  facet normal -0.1950903220161236 0.9807852804032313 0
    outer loop
      vertex 60.32645713530758 5.0022225211327935 0
      vertex 59.94157857666016 4.9256654158785675 2.6999999999999886
      vertex 60.32645713530758 5.0022225211327935 2.6999999999999886
    endloop
  endfacet
  facet normal 0.06540312923014409 0.9978589232386034 0
    outer loop
      vertex 59.55000000000001 4.899999999999999 0
      vertex 59.15842142333986 4.9256654158785675 2.6999999999999886
      vertex 59.55000000000001 4.899999999999999 2.6999999999999886
    endloop
  endfacet
  facet normal -0.06540312923014409 0.9978589232386034 0
    outer loop
      vertex 59.94157857666016 4.9256654158785675 0
      vertex 59.55000000000001 4.899999999999999 2.6999999999999886
      vertex 59.94157857666016 4.9256654158785675 2.6999999999999886
    endloop
  endfacet
  facet normal -0.6593458151000949 0.7518398074789545 0
    outer loop
      vertex 61.67132034355964 5.778679656440357 0
      vertex 61.37628428702618 5.519939979126292 2.6999999999999886
      vertex 61.67132034355964 5.778679656440357 2.6999999999999886
    endloop
  endfacet
  facet normal -0.5555702330195917 0.8314696123025522 0
    outer loop
      vertex 61.37628428702618 5.519939979126292 0
      vertex 61.05000000000001 5.301923788646683 2.6999999999999886
      vertex 61.37628428702618 5.519939979126292 2.6999999999999886
    endloop
  endfacet
endsolid OpenSCAD_Model
