solid OpenSCAD_Model
  facet normal 0 0 -1
    outer loop
      vertex 2.3431457505076194 2.3431457505076194 0
      vertex 1.6531732776701187 3.1299085679302348 0
      vertex 3.1299085679302348 1.6531732776701187 0
    endloop
  endfacet
  facet normal 0 0 -1
    outer loop
      vertex 0.6089637399097061 4.938532541079281 0
      vertex 1.6531732776701187 3.1299085679302348 0
      vertex 1.0717967697244912 4 0
    endloop
  endfacet
  facet normal 0 0 -1
    outer loop
      vertex 0.6089637399097061 4.938532541079281 0
      vertex 0.2725933896874535 5.929447639179834 0
      vertex 1.6531732776701187 3.1299085679302348 0
    endloop
  endfacet
  facet normal 0 0 -1
    outer loop
      vertex 1.6531732776701187 3.1299085679302348 0
      vertex 0 8 0
      vertex 4.938532541079281 0.6089637399097061 0
    endloop
  endfacet
  facet normal 0 0 -1
    outer loop
      vertex 3.1299085679302348 1.6531732776701187 0
      vertex 4.938532541079281 0.6089637399097061 0
      vertex 4 1.0717967697244912 0
    endloop
  endfacet
  facet normal 0 0 -1
    outer loop
      vertex 1.6531732776701187 3.1299085679302348 0
      vertex 4.938532541079281 0.6089637399097061 0
      vertex 3.1299085679302348 1.6531732776701187 0
    endloop
  endfacet
  facet normal 0 0 -1
    outer loop
      vertex 1.6531732776701187 3.1299085679302348 0
      vertex 0.2725933896874535 5.929447639179834 0
      vertex 0 8 0
    endloop
  endfacet
  facet normal 0 0 -1
    outer loop
      vertex 0.2725933896874535 5.929447639179834 0
      vertex 0.06844110900951694 6.955790462239587 0
      vertex 0 8 0
    endloop
  endfacet
  facet normal 0 0 -1
    outer loop
      vertex 4.938532541079281 0.6089637399097061 0
      vertex 8 0 0
      vertex 5.929447639179834 0.2725933896874535 0
    endloop
  endfacet
  facet normal 0 0 -1
    outer loop
      vertex 5.929447639179834 0.2725933896874535 0
      vertex 8 0 0
      vertex 6.955790462239587 0.06844110900951694 0
    endloop
  endfacet
  facet normal -0.7518398074789777 -0.6593458151000685 0
    outer loop
      vertex 2.3431457505076194 2.3431457505076194 0
      vertex 2.3431457505076194 2.3431457505076194 17.7
      vertex 1.6531732776701187 3.1299085679302348 0
    endloop
  endfacet
  facet normal -0.6593458151000685 -0.7518398074789777 0
    outer loop
      vertex 2.3431457505076194 2.3431457505076194 0
      vertex 3.1299085679302348 1.6531732776701187 0
      vertex 2.3431457505076194 2.3431457505076194 17.7
    endloop
  endfacet
  facet normal -0.8314696123025455 -0.555570233019602 0
    outer loop
      vertex 1.0717967697244912 4 0
      vertex 1.6531732776701187 3.1299085679302348 0
      vertex 1.0717967697244912 4 17.7
    endloop
  endfacet
  facet normal -0.8968727415326883 -0.4422886902190017 0
    outer loop
      vertex 0.6089637399097061 4.938532541079281 0
      vertex 1.0717967697244912 4 0
      vertex 1.0717967697244912 4 17.7
    endloop
  endfacet
  facet normal -0.555570233019602 -0.8314696123025455 0
    outer loop
      vertex 3.1299085679302348 1.6531732776701187 0
      vertex 4 1.0717967697244912 0
      vertex 4 1.0717967697244912 17.7
    endloop
  endfacet
  facet normal -0.4422886902190017 -0.8968727415326883 0
    outer loop
      vertex 4 1.0717967697244912 0
      vertex 4.938532541079281 0.6089637399097061 0
      vertex 4 1.0717967697244912 17.7
    endloop
  endfacet
  facet normal -0.32143946530316164 -0.9469301294951056 0
    outer loop
      vertex 4.938532541079281 0.6089637399097061 0
      vertex 5.929447639179834 0.2725933896874535 0
      vertex 4.938532541079281 0.6089637399097061 17.7
    endloop
  endfacet
  facet normal -0.9469301294951056 -0.32143946530316164 0
    outer loop
      vertex 0.6089637399097061 4.938532541079281 0
      vertex 0.6089637399097061 4.938532541079281 17.7
      vertex 0.2725933896874535 5.929447639179834 0
    endloop
  endfacet
  facet normal -0.9807852804032305 -0.1950903220161279 0
    outer loop
      vertex 0.2725933896874535 5.929447639179834 0
      vertex 0.06844110900951694 6.955790462239587 17.7
      vertex 0.06844110900951694 6.955790462239587 0
    endloop
  endfacet
  facet normal -0.9978589232386036 -0.0654031292301433 0
    outer loop
      vertex 0.06844110900951694 6.955790462239587 0
      vertex 0.06844110900951694 6.955790462239587 17.7
      vertex 0 8 0
    endloop
  endfacet
  facet normal -0.1950903220161279 -0.9807852804032305 0
    outer loop
      vertex 5.929447639179834 0.2725933896874535 0
      vertex 6.955790462239587 0.06844110900951694 0
      vertex 5.929447639179834 0.2725933896874535 17.7
    endloop
  endfacet
  facet normal -0.0654031292301433 -0.9978589232386036 0
    outer loop
      vertex 6.955790462239587 0.06844110900951694 0
      vertex 8 0 0
      vertex 8 0 17.7
    endloop
  endfacet
  facet normal 0 0 -1
    outer loop
      vertex 4.938532541079281 0.6089637399097061 0
      vertex 11.509037355874975 50.41998215897453 0
      vertex 11.643585495963876 50.01972080373975 0
    endloop
  endfacet
  facet normal 0 0 -1
    outer loop
      vertex 4.938532541079281 0.6089637399097061 0
      vertex 11.643585495963876 50.01972080373975 0
      vertex 11.828718707889792 49.64061838866463 0
    endloop
  endfacet
  facet normal 0 0 -1
    outer loop
      vertex 4.938532541079281 0.6089637399097061 0
      vertex 11.427376443603801 50.83455387160746 0
      vertex 11.509037355874975 50.41998215897453 0
    endloop
  endfacet
  facet normal 0 0 -1
    outer loop
      vertex 4.938532541079281 0.6089637399097061 0
      vertex 12.651963427172088 48.69266225581175 0
      vertex 12.999999999999995 48.457826244716514 0
    endloop
  endfacet
  facet normal 0 0 -1
    outer loop
      vertex 4.938532541079281 0.6089637399097061 0
      vertex 12.999999999999995 48.457826244716514 0
      vertex 13.375413016431708 48.270873622724785 0
    endloop
  endfacet
  facet normal 0 0 -1
    outer loop
      vertex 4.938532541079281 0.6089637399097061 0
      vertex 13.375413016431708 48.270873622724785 0
      vertex 13.771779055671928 48.135003201031914 0
    endloop
  endfacet
  facet normal 0 0 -1
    outer loop
      vertex 4.938532541079281 0.6089637399097061 0
      vertex 12.061269311068042 49.289161461178125 0
      vertex 12.337258300203041 48.9713635467518 0
    endloop
  endfacet
  facet normal 0 0 -1
    outer loop
      vertex 4.938532541079281 0.6089637399097061 0
      vertex 11.828718707889792 49.64061838866463 0
      vertex 12.061269311068042 49.289161461178125 0
    endloop
  endfacet
  facet normal 0 0 -1
    outer loop
      vertex 4.938532541079281 0.6089637399097061 0
      vertex 12.337258300203041 48.9713635467518 0
      vertex 12.651963427172088 48.69266225581175 0
    endloop
  endfacet
  facet normal 0 0 -1
    outer loop
      vertex 4.938532541079281 0.6089637399097061 0
      vertex 11.399999999999995 51.256342504694416 0
      vertex 11.427376443603801 50.83455387160746 0
    endloop
  endfacet
  facet normal 0 0 -1
    outer loop
      vertex 4.938532541079281 0.6089637399097061 0
      vertex 13.771779055671928 48.135003201031914 0
      vertex 14.182316184895829 48.05253976022346 0
    endloop
  endfacet
  facet normal -0.8968727415326883 -0.4422886902190017 0
    outer loop
      vertex 0.6089637399097061 4.938532541079281 0
      vertex 1.0717967697244912 4 17.7
      vertex 0.6089637399097061 4.938532541079281 17.7
    endloop
  endfacet
  facet normal -0.7518398074789777 -0.6593458151000685 0
    outer loop
      vertex 1.6531732776701187 3.1299085679302348 0
      vertex 2.3431457505076194 2.3431457505076194 17.7
      vertex 1.6531732776701187 3.1299085679302348 17.7
    endloop
  endfacet
  facet normal -0.8314696123025455 -0.555570233019602 0
    outer loop
      vertex 1.6531732776701187 3.1299085679302348 0
      vertex 1.6531732776701187 3.1299085679302348 17.7
      vertex 1.0717967697244912 4 17.7
    endloop
  endfacet
  facet normal -0.6593458151000685 -0.7518398074789777 0
    outer loop
      vertex 3.1299085679302348 1.6531732776701187 0
      vertex 3.1299085679302348 1.6531732776701187 17.7
      vertex 2.3431457505076194 2.3431457505076194 17.7
    endloop
  endfacet
  facet normal -0.555570233019602 -0.8314696123025455 0
    outer loop
      vertex 3.1299085679302348 1.6531732776701187 0
      vertex 4 1.0717967697244912 17.7
      vertex 3.1299085679302348 1.6531732776701187 17.7
    endloop
  endfacet
  facet normal -0.4422886902190017 -0.8968727415326883 0
    outer loop
      vertex 4.938532541079281 0.6089637399097061 0
      vertex 4.938532541079281 0.6089637399097061 17.7
      vertex 4 1.0717967697244912 17.7
    endloop
  endfacet
  facet normal -0.9469301294951056 -0.32143946530316164 0
    outer loop
      vertex 0.2725933896874535 5.929447639179834 0
      vertex 0.6089637399097061 4.938532541079281 17.7
      vertex 0.2725933896874535 5.929447639179834 17.7
    endloop
  endfacet
  facet normal -0.9807852804032305 -0.1950903220161279 0
    outer loop
      vertex 0.2725933896874535 5.929447639179834 0
      vertex 0.2725933896874535 5.929447639179834 17.7
      vertex 0.06844110900951694 6.955790462239587 17.7
    endloop
  endfacet
  facet normal -0.9978589232386036 -0.0654031292301433 0
    outer loop
      vertex 0 8 0
      vertex 0.06844110900951694 6.955790462239587 17.7
      vertex 0 8 17.7
    endloop
  endfacet
  facet normal -0.32143946530316164 -0.9469301294951056 0
    outer loop
      vertex 5.929447639179834 0.2725933896874535 0
      vertex 5.929447639179834 0.2725933896874535 17.7
      vertex 4.938532541079281 0.6089637399097061 17.7
    endloop
  endfacet
  facet normal -0.1950903220161279 -0.9807852804032305 0
    outer loop
      vertex 6.955790462239587 0.06844110900951694 0
      vertex 6.955790462239587 0.06844110900951694 17.7
      vertex 5.929447639179834 0.2725933896874535 17.7
    endloop
  endfacet
  facet normal -0.0654031292301433 -0.9978589232386036 0
    outer loop
      vertex 6.955790462239587 0.06844110900951694 0
      vertex 8 0 17.7
      vertex 6.955790462239587 0.06844110900951694 17.7
    endloop
  endfacet
  facet normal 0 0 -1
    outer loop
      vertex 4.938532541079281 0.6089637399097061 0
      vertex 0 8 0
      vertex 0 159.53 0
    endloop
  endfacet
  facet normal 0 0 -1
    outer loop
      vertex 4.938532541079281 0.6089637399097061 0
      vertex 11.399999999999995 111.86619340726186 0
      vertex 11.399999999999995 51.256342504694416 0
    endloop
  endfacet
  facet normal -1 0 0
    outer loop
      vertex 0 8 0
      vertex 0 8 17.7
      vertex 0 159.53 0
    endloop
  endfacet
  facet normal 0 0 -1
    outer loop
      vertex 11.399999999999995 51.256342504694416 0
      vertex 11.427376443603801 111.44440477417491 0
      vertex 11.427376443603801 51.678131137781364 0
    endloop
  endfacet
  facet normal 0 0 -1
    outer loop
      vertex 11.427376443603801 51.678131137781364 0
      vertex 11.509037355874975 111.02983306154198 0
      vertex 11.509037355874975 52.0927028504143 0
    endloop
  endfacet
  facet normal 0 0 -1
    outer loop
      vertex 11.509037355874975 52.0927028504143 0
      vertex 11.643585495963876 110.62957170630722 0
      vertex 11.643585495963876 52.49296420564907 0
    endloop
  endfacet
  facet normal 0 0 -1
    outer loop
      vertex 11.643585495963876 52.49296420564907 0
      vertex 11.828718707889792 110.2504692912321 0
      vertex 11.828718707889792 52.872066620724205 0
    endloop
  endfacet
  facet normal 0 0 -1
    outer loop
      vertex 11.828718707889792 52.872066620724205 0
      vertex 12.061269311068042 109.89901236374558 0
      vertex 12.061269311068042 53.2235235482107 0
    endloop
  endfacet
  facet normal 0 0 -1
    outer loop
      vertex 12.061269311068042 53.2235235482107 0
      vertex 12.337258300203041 109.58121444931928 0
      vertex 12.337258300203041 53.54132146263702 0
    endloop
  endfacet
  facet normal 0 0 -1
    outer loop
      vertex 12.337258300203041 53.54132146263702 0
      vertex 12.651963427172088 109.3025131583792 0
      vertex 12.651963427172088 53.820022753577085 0
    endloop
  endfacet
  facet normal 0 0 -1
    outer loop
      vertex 12.651963427172088 53.820022753577085 0
      vertex 12.999999999999995 109.06767714728397 0
      vertex 12.999999999999995 54.05485876467232 0
    endloop
  endfacet
  facet normal 0 0 -1
    outer loop
      vertex 12.999999999999995 54.05485876467232 0
      vertex 13.375413016431708 108.88072452529224 0
      vertex 13.375413016431708 54.24181138666405 0
    endloop
  endfacet
  facet normal 0 0 -1
    outer loop
      vertex 13.375413016431708 54.24181138666405 0
      vertex 13.771779055671928 108.74485410359938 0
      vertex 13.771779055671928 54.37768180835691 0
    endloop
  endfacet
  facet normal 0 0 -1
    outer loop
      vertex 13.771779055671928 54.37768180835691 0
      vertex 14.182316184895829 108.66239066279093 0
      vertex 14.182316184895829 54.46014524916537 0
    endloop
  endfacet
  facet normal 0 0 -1
    outer loop
      vertex 14.182316184895829 54.46014524916537 0
      vertex 14.599999999999994 108.63474517520228 0
      vertex 14.599999999999994 54.487790736754 0
    endloop
  endfacet
  facet normal 0 0 -1
    outer loop
      vertex 14.599999999999994 54.487790736754 0
      vertex 15.01768381510416 108.66239066279093 0
      vertex 15.01768381510416 54.46014524916537 0
    endloop
  endfacet
  facet normal 0 0 -1
    outer loop
      vertex 15.01768381510416 54.46014524916537 0
      vertex 15.42822094432806 108.74485410359938 0
      vertex 15.42822094432806 54.37768180835691 0
    endloop
  endfacet
  facet normal 0 0 -1
    outer loop
      vertex 15.42822094432806 54.37768180835691 0
      vertex 15.824586983568281 108.88072452529224 0
      vertex 15.824586983568281 54.24181138666405 0
    endloop
  endfacet
  facet normal 0 0 -1
    outer loop
      vertex 15.824586983568281 54.24181138666405 0
      vertex 16.199999999999996 109.06767714728397 0
      vertex 16.199999999999996 54.05485876467232 0
    endloop
  endfacet
  facet normal 0 0 -1
    outer loop
      vertex 16.199999999999996 54.05485876467232 0
      vertex 16.5480365728279 109.3025131583792 0
      vertex 16.5480365728279 53.820022753577085 0
    endloop
  endfacet
  facet normal 0 0 -1
    outer loop
      vertex 16.862741699796945 53.54132146263702 0
      vertex 16.5480365728279 53.820022753577085 0
      vertex 16.862741699796945 109.58121444931928 0
    endloop
  endfacet
  facet normal 0 0 -1
    outer loop
      vertex 19.12981352661282 51.25886707362571 0
      vertex 19.129450166295356 51.25941622507491 0
      vertex 19.129450166295356 111.86311968688136 0
    endloop
  endfacet
  facet normal 0 0 -1
    outer loop
      vertex 19.129018933499832 51.2599127843162 0
      vertex 19.129450166295356 111.86311968688136 0
      vertex 19.129450166295356 51.25941622507491 0
    endloop
  endfacet
  facet normal 0 0 -1
    outer loop
      vertex 19.129018933499832 51.2599127843162 0
      vertex 16.862741699796945 53.54132146263702 0
      vertex 19.129018933499832 111.86262312764009 0
    endloop
  endfacet
  facet normal 0 0 -1
    outer loop
      vertex 4.938532541079281 0.6089637399097061 0
      vertex 153.79999999701977 2.2292081490159035 0
      vertex 8 0 0
    endloop
  endfacet
  facet normal 0 0 -1
    outer loop
      vertex 4.938532541079281 0.6089637399097061 0
      vertex 14.182316184895829 48.05253976022346 0
      vertex 153.79999999701977 17.770791850984097 0
    endloop
  endfacet
  facet normal 0 0 -1
    outer loop
      vertex 14.182316184895829 48.05253976022346 0
      vertex 14.599999999999994 48.02489427263483 0
      vertex 153.79999999701977 17.770791850984097 0
    endloop
  endfacet
  facet normal 0 -1 0
    outer loop
      vertex 8 0 0
      vertex 167 0 17.7
      vertex 8 0 17.7
    endloop
  endfacet
  facet normal 0 -0.1391731009600654 0.9902680687415704
    outer loop
      vertex 8 0 17.7
      vertex 167 0 17.7
      vertex 10.95 14.561055586166361 19.74642290622774
    endloop
  endfacet
  facet normal 0 0 -1
    outer loop
      vertex 14.599999999999994 48.02489427263483 0
      vertex 15.01768381510416 48.05253976022346 0
      vertex 153.79999999701977 45.7707918509841 0
    endloop
  endfacet
  facet normal 0 0 -1
    outer loop
      vertex 15.01768381510416 48.05253976022346 0
      vertex 15.42822094432806 48.135003201031914 0
      vertex 153.79999999701977 45.7707918509841 0
    endloop
  endfacet
  facet normal 0 0 -1
    outer loop
      vertex 15.42822094432806 48.135003201031914 0
      vertex 15.824586983568281 48.270873622724785 0
      vertex 153.79999999701977 45.7707918509841 0
    endloop
  endfacet
  facet normal 0 0 -1
    outer loop
      vertex 15.824586983568281 48.270873622724785 0
      vertex 16.199999999999996 48.457826244716514 0
      vertex 153.79999999701977 45.7707918509841 0
    endloop
  endfacet
  facet normal 0 0 -1
    outer loop
      vertex 16.199999999999996 48.457826244716514 0
      vertex 16.5480365728279 48.69266225581175 0
      vertex 153.79999999701977 45.7707918509841 0
    endloop
  endfacet
  facet normal 0 0 -1
    outer loop
      vertex 16.5480365728279 48.69266225581175 0
      vertex 16.862741699796945 48.9713635467518 0
      vertex 153.79999999701977 45.7707918509841 0
    endloop
  endfacet
  facet normal 0 0 -1
    outer loop
      vertex 16.862741699796945 48.9713635467518 0
      vertex 19.129018933499832 51.25277222507263 0
      vertex 153.79999999701977 45.7707918509841 0
    endloop
  endfacet
  facet normal 0 0 -1
    outer loop
      vertex 19.129018933499832 51.25277222507263 0
      vertex 19.129450166295356 51.25326878431392 0
      vertex 153.79999999701977 45.7707918509841 0
    endloop
  endfacet
  facet normal 0 0 -1
    outer loop
      vertex 19.12981352661282 51.253817935763124 0
      vertex 153.79999999701977 45.7707918509841 0
      vertex 19.129450166295356 51.25326878431392 0
    endloop
  endfacet
  facet normal 0 0 -1
    outer loop
      vertex 19.12981352661282 51.253817935763124 0
      vertex 19.130102797256455 51.254410283286674 0
      vertex 153.79999999701977 45.7707918509841 0
    endloop
  endfacet
  facet normal 0 0 -1
    outer loop
      vertex 19.130313028725347 51.25503569165423 0
      vertex 153.79999999701977 45.7707918509841 0
      vertex 19.130102797256455 51.254410283286674 0
    endloop
  endfacet
  facet normal 0 0 -1
    outer loop
      vertex 19.130313028725347 51.25503569165423 0
      vertex 19.130440623900768 51.255683459955215 0
      vertex 153.79999999701977 45.7707918509841 0
    endloop
  endfacet
  facet normal 0 0 -1
    outer loop
      vertex 19.1304833995939 51.256342504694416 0
      vertex 153.79999999701977 45.7707918509841 0
      vertex 19.130440623900768 51.255683459955215 0
    endloop
  endfacet
  facet normal 0 0 -1
    outer loop
      vertex 19.1304833995939 51.256342504694416 0
      vertex 19.130440623900768 51.25700154943361 0
      vertex 153.79999999701977 45.7707918509841 0
    endloop
  endfacet
  facet normal 0 0 -1
    outer loop
      vertex 19.130440623900768 51.25700154943361 0
      vertex 19.130313028725347 51.257649317734604 0
      vertex 153.79999999701977 45.7707918509841 0
    endloop
  endfacet
  facet normal 0 0 -1
    outer loop
      vertex 19.130102797256455 51.25827472610215 0
      vertex 153.79999999701977 45.7707918509841 0
      vertex 19.130313028725347 51.257649317734604 0
    endloop
  endfacet
  facet normal 0 0 -1
    outer loop
      vertex 19.130102797256455 51.25827472610215 0
      vertex 19.12981352661282 51.25886707362571 0
      vertex 153.79999999701977 45.7707918509841 0
    endloop
  endfacet
  facet normal 0 0 -1
    outer loop
      vertex 19.12981352661282 51.25886707362571 0
      vertex 19.129450166295356 111.86311968688136 0
      vertex 153.79999999701977 45.7707918509841 0
    endloop
  endfacet
  facet normal 3.5087218130871953e-15 -0.13917310096006588 0.9902680687415703
    outer loop
      vertex 8 0 17.7
      vertex 9.428096425533294 15.072644558368031 19.818322047405502
      vertex 9.18223304748535 15.286162591968433 19.848330050071716
    endloop
  endfacet
  facet normal -4.566498621776317e-15 -0.1391731009600654 0.9902680687415704
    outer loop
      vertex 8 0 17.7
      vertex 8.966616649925708 15.529633244522246 19.882547618807166
      vertex 8.78493649214506 15.798890672093325 19.920389282427823
    endloop
  endfacet
  facet normal 3.926728390587946e-15 -0.13917310096006577 0.9902680687415704
    outer loop
      vertex 8 0 17.7
      vertex 9.18223304748535 15.286162591968433 19.848330050071716
      vertex 8.966616649925708 15.529633244522246 19.882547618807166
    endloop
  endfacet
  facet normal -2.9472350401074723e-15 -0.13917310096006505 0.9902680687415704
    outer loop
      vertex 8 0 17.7
      vertex 10.302952390909194 14.64541199835216 19.758278426808833
      vertex 9.99329141974449 14.749504760673103 19.772907710511895
    endloop
  endfacet
  facet normal 5.654564478104383e-15 -0.1391731009600659 0.9902680687415703
    outer loop
      vertex 8 0 17.7
      vertex 9.7 14.892732499393926 19.793037056464254
      vertex 9.428096425533294 15.072644558368031 19.818322047405502
    endloop
  endfacet
  facet normal -4.577534693461261e-15 -0.13917310096006502 0.9902680687415704
    outer loop
      vertex 8 0 17.7
      vertex 9.99329141974449 14.749504760673103 19.772907710511895
      vertex 9.7 14.892732499393926 19.793037056464254
    endloop
  endfacet
  facet normal 6.538282739436359e-15 -0.1391731009600666 0.9902680687415701
    outer loop
      vertex 8 0 17.7
      vertex 10.623684522509574 14.582235286404138 19.749399518977903
      vertex 10.302952390909194 14.64541199835216 19.758278426808833
    endloop
  endfacet
  facet normal 7.30817417622827e-16 -0.13917310096006552 0.9902680687415703
    outer loop
      vertex 8 0 17.7
      vertex 10.95 14.561055586166361 19.74642290622774
      vertex 10.623684522509574 14.582235286404138 19.749399518977903
    endloop
  endfacet
  facet normal 0 -0.13917310096006552 0.9902680687415704
    outer loop
      vertex 8 0 17.7
      vertex 8.78493649214506 15.798890672093325 19.920389282427823
      vertex 8.640301172435283 16.089327799902176 19.961207558798645
    endloop
  endfacet
  facet normal -5.786392237576211e-15 -0.13917310096006544 0.9902680687415704
    outer loop
      vertex 8 0 17.7
      vertex 8.535185430943965 16.395975171782084 20.00430403640194
      vertex 8.471387845277786 16.71358596032536 20.048941321734297
    endloop
  endfacet
  facet normal -1.1182964819936068e-14 -0.13917310096006522 0.9902680687415704
    outer loop
      vertex 8 0 17.7
      vertex 8.640301172435283 16.089327799902176 19.961207558798645
      vertex 8.535185430943965 16.395975171782084 20.00430403640194
    endloop
  endfacet
  facet normal 4.140677624021773e-14 -0.13917310096006655 0.9902680687415701
    outer loop
      vertex 8 0 17.7
      vertex 8.471387845277786 16.71358596032536 20.048941321734297
      vertex 8.45 17.03672575802028 20.094355658627904
    endloop
  endfacet
  facet normal -0.06847150248952487 -0.1388464718015621 0.9879439815167076
    outer loop
      vertex 4 1.0717967697244912 17.7
      vertex 4.938532541079281 0.6089637399097061 17.7
      vertex 4.938532541079281 139.6089637399097 37.23517602363241
    endloop
  endfacet
  facet normal -0.15673512462308153 -0.1374530152186789 0.9780290227374036
    outer loop
      vertex 2.3431457505076194 2.3431457505076194 17.7
      vertex 1.6531732776701187 142.12990856793024 37.23517602363241
      vertex 1.6531732776701187 3.1299085679302348 17.7
    endloop
  endfacet
  facet normal -0.20391102946986134 -0.13624899392789383 0.9694619660998455
    outer loop
      vertex 1.0717967697244912 4 17.7
      vertex 1.6531732776701187 3.1299085679302348 17.7
      vertex 1.0717967697244912 143 37.23517602363241
    endloop
  endfacet
  facet normal -0.2716062311757914 -0.1339413705859427 0.9530423728418596
    outer loop
      vertex 0.6089637399097061 4.938532541079281 17.7
      vertex 1.0717967697244912 4 17.7
      vertex 1.0717967697244912 143 37.23517602363241
    endloop
  endfacet
  facet normal -0.37934594199013405 -0.12877059559109014 0.9162503970022242
    outer loop
      vertex 0.6089637399097061 4.938532541079281 17.7
      vertex 0.6089637399097061 143.93853254107927 37.23517602363241
      vertex 0.2725933896874535 5.929447639179834 17.7
    endloop
  endfacet
  facet normal -0.12115249091284183 -0.13814793899872607 0.9829736623613158
    outer loop
      vertex 2.3431457505076194 2.3431457505076194 17.7
      vertex 3.1299085679302348 1.6531732776701187 17.7
      vertex 3.1299085679302348 140.6531732776701 37.23517602363241
    endloop
  endfacet
  facet normal -0.09259300104545524 -0.1385752189471201 0.9860139171691007
    outer loop
      vertex 3.1299085679302348 1.6531732776701187 17.7
      vertex 4 1.0717967697244912 17.7
      vertex 3.1299085679302348 140.6531732776701 37.23517602363241
    endloop
  endfacet
  facet normal -0.04719026940416954 -0.13901805080360696 0.9891648295528545
    outer loop
      vertex 4.938532541079281 0.6089637399097061 17.7
      vertex 5.929447639179834 0.2725933896874535 17.7
      vertex 5.929447639179834 139.27259338968744 37.23517602363241
    endloop
  endfacet
  facet normal -0.027672649379521932 -0.13911980307742275 0.9898888346011471
    outer loop
      vertex 5.929447639179834 0.2725933896874535 17.7
      vertex 6.955790462239587 0.06844110900951694 17.7
      vertex 6.955790462239587 139.0684411090095 37.23517602363241
    endloop
  endfacet
  facet normal -0.009121507480605999 -0.13916731110650604 0.9902268717928565
    outer loop
      vertex 6.955790462239587 0.06844110900951694 17.7
      vertex 8 0 17.7
      vertex 6.955790462239587 139.0684411090095 37.23517602363241
    endloop
  endfacet
  facet normal -3.1125759814268637e-15 -0.13917310096006544 0.9902680687415703
    outer loop
      vertex 8 0 17.7
      vertex 8.45 17.03672575802028 20.094355658627904
      vertex 8.45 137.60186312730647 37.038680700515876
    endloop
  endfacet
  facet normal -0.5732810962545634 -0.11403270003000054 0.8113848211551866
    outer loop
      vertex 0.2725933896874535 5.929447639179834 17.7
      vertex 0.06844110900951694 145.95579046223958 37.23517602363241
      vertex 0.06844110900951694 6.955790462239587 17.7
    endloop
  endfacet
  facet normal -0.9046928427203819 -0.05929670169605572 0.42191795588536324
    outer loop
      vertex 0.06844110900951694 6.955790462239587 17.7
      vertex 0.06844110900951694 145.95579046223958 37.23517602363241
      vertex 0 8 17.7
    endloop
  endfacet
  facet normal 0 0 -1
    outer loop
      vertex 4.938532541079281 0.6089637399097061 0
      vertex 8 167.53 0
      vertex 11.399999999999995 111.86619340726186 0
    endloop
  endfacet
  facet normal 0 0 -1
    outer loop
      vertex 11.509037355874975 52.0927028504143 0
      vertex 11.509037355874975 111.02983306154198 0
      vertex 11.643585495963876 110.62957170630722 0
    endloop
  endfacet
  facet normal 0 0 -1
    outer loop
      vertex 11.399999999999995 51.256342504694416 0
      vertex 11.399999999999995 111.86619340726186 0
      vertex 11.427376443603801 111.44440477417491 0
    endloop
  endfacet
  facet normal 0 0 -1
    outer loop
      vertex 11.427376443603801 51.678131137781364 0
      vertex 11.427376443603801 111.44440477417491 0
      vertex 11.509037355874975 111.02983306154198 0
    endloop
  endfacet
  facet normal 0 0 -1
    outer loop
      vertex 12.061269311068042 53.2235235482107 0
      vertex 12.061269311068042 109.89901236374558 0
      vertex 12.337258300203041 109.58121444931928 0
    endloop
  endfacet
  facet normal 0 0 -1
    outer loop
      vertex 11.643585495963876 52.49296420564907 0
      vertex 11.643585495963876 110.62957170630722 0
      vertex 11.828718707889792 110.2504692912321 0
    endloop
  endfacet
  facet normal 0 0 -1
    outer loop
      vertex 11.828718707889792 52.872066620724205 0
      vertex 11.828718707889792 110.2504692912321 0
      vertex 12.061269311068042 109.89901236374558 0
    endloop
  endfacet
  facet normal 0 0 -1
    outer loop
      vertex 12.337258300203041 53.54132146263702 0
      vertex 12.337258300203041 109.58121444931928 0
      vertex 12.651963427172088 109.3025131583792 0
    endloop
  endfacet
  facet normal 0 0 -1
    outer loop
      vertex 12.651963427172088 53.820022753577085 0
      vertex 12.651963427172088 109.3025131583792 0
      vertex 12.999999999999995 109.06767714728397 0
    endloop
  endfacet
  facet normal 0 0 -1
    outer loop
      vertex 12.999999999999995 54.05485876467232 0
      vertex 12.999999999999995 109.06767714728397 0
      vertex 13.375413016431708 108.88072452529224 0
    endloop
  endfacet
  facet normal 0 0 -1
    outer loop
      vertex 13.375413016431708 54.24181138666405 0
      vertex 13.375413016431708 108.88072452529224 0
      vertex 13.771779055671928 108.74485410359938 0
    endloop
  endfacet
  facet normal 0 0 -1
    outer loop
      vertex 13.771779055671928 54.37768180835691 0
      vertex 13.771779055671928 108.74485410359938 0
      vertex 14.182316184895829 108.66239066279093 0
    endloop
  endfacet
  facet normal 0 0 -1
    outer loop
      vertex 14.182316184895829 54.46014524916537 0
      vertex 14.182316184895829 108.66239066279093 0
      vertex 14.599999999999994 108.63474517520228 0
    endloop
  endfacet
  facet normal 0 0 -1
    outer loop
      vertex 14.599999999999994 54.487790736754 0
      vertex 14.599999999999994 108.63474517520228 0
      vertex 15.01768381510416 108.66239066279093 0
    endloop
  endfacet
  facet normal 0 0 -1
    outer loop
      vertex 15.01768381510416 54.46014524916537 0
      vertex 15.01768381510416 108.66239066279093 0
      vertex 15.42822094432806 108.74485410359938 0
    endloop
  endfacet
  facet normal 0 0 -1
    outer loop
      vertex 15.42822094432806 54.37768180835691 0
      vertex 15.42822094432806 108.74485410359938 0
      vertex 15.824586983568281 108.88072452529224 0
    endloop
  endfacet
  facet normal 0 0 -1
    outer loop
      vertex 15.824586983568281 54.24181138666405 0
      vertex 15.824586983568281 108.88072452529224 0
      vertex 16.199999999999996 109.06767714728397 0
    endloop
  endfacet
  facet normal 0 0 -1
    outer loop
      vertex 16.199999999999996 54.05485876467232 0
      vertex 16.199999999999996 109.06767714728397 0
      vertex 16.5480365728279 109.3025131583792 0
    endloop
  endfacet
  facet normal 0 0 -1
    outer loop
      vertex 16.5480365728279 53.820022753577085 0
      vertex 16.5480365728279 109.3025131583792 0
      vertex 16.862741699796945 109.58121444931928 0
    endloop
  endfacet
  facet normal 0 0 -1
    outer loop
      vertex 16.862741699796945 53.54132146263702 0
      vertex 16.862741699796945 109.58121444931928 0
      vertex 19.129018933499832 111.86262312764009 0
    endloop
  endfacet
  facet normal 0 0 -1
    outer loop
      vertex 19.129018933499832 51.2599127843162 0
      vertex 19.129018933499832 111.86262312764009 0
      vertex 19.129450166295356 111.86311968688136 0
    endloop
  endfacet
  facet normal 0 0 -1
    outer loop
      vertex 4.938532541079281 0.6089637399097061 0
      vertex 0 159.53 0
      vertex 8 167.53 0
    endloop
  endfacet
  facet normal -1 0 0
    outer loop
      vertex 0 8 17.7
      vertex 0 147 37.23517602363241
      vertex 0 159.53 0
    endloop
  endfacet
  facet normal 0 0 -1
    outer loop
      vertex 11.399999999999995 111.86619340726186 0
      vertex 8 167.53 0
      vertex 11.427376443603801 112.28798204034882 0
    endloop
  endfacet
  facet normal 0 0 -1
    outer loop
      vertex 11.427376443603801 112.28798204034882 0
      vertex 8 167.53 0
      vertex 11.509037355874975 112.70255375298176 0
    endloop
  endfacet
  facet normal 0 0 -1
    outer loop
      vertex 11.509037355874975 112.70255375298176 0
      vertex 8 167.53 0
      vertex 11.643585495963876 113.10281510821653 0
    endloop
  endfacet
  facet normal 0 0 -1
    outer loop
      vertex 11.643585495963876 113.10281510821653 0
      vertex 8 167.53 0
      vertex 11.828718707889792 113.48191752329166 0
    endloop
  endfacet
  facet normal 0 0 -1
    outer loop
      vertex 11.828718707889792 113.48191752329166 0
      vertex 8 167.53 0
      vertex 12.061269311068042 113.83337445077817 0
    endloop
  endfacet
  facet normal 0 0 -1
    outer loop
      vertex 12.061269311068042 113.83337445077817 0
      vertex 8 167.53 0
      vertex 12.337258300203041 114.15117236520447 0
    endloop
  endfacet
  facet normal 0 0 -1
    outer loop
      vertex 12.337258300203041 114.15117236520447 0
      vertex 8 167.53 0
      vertex 12.651963427172088 114.42987365614455 0
    endloop
  endfacet
  facet normal 0 0 -1
    outer loop
      vertex 12.651963427172088 114.42987365614455 0
      vertex 8 167.53 0
      vertex 12.999999999999995 114.66470966723978 0
    endloop
  endfacet
  facet normal 0 0 -1
    outer loop
      vertex 12.999999999999995 114.66470966723978 0
      vertex 8 167.53 0
      vertex 13.375413016431708 114.8516622892315 0
    endloop
  endfacet
  facet normal 0 0 -1
    outer loop
      vertex 13.375413016431708 114.8516622892315 0
      vertex 8 167.53 0
      vertex 13.771779055671928 114.98753271092437 0
    endloop
  endfacet
  facet normal 0 0 -1
    outer loop
      vertex 13.771779055671928 114.98753271092437 0
      vertex 8 167.53 0
      vertex 14.182316184895829 115.06999615173282 0
    endloop
  endfacet
  facet normal 0 0 -1
    outer loop
      vertex 14.182316184895829 115.06999615173282 0
      vertex 8 167.53 0
      vertex 14.599999999999994 115.09764163932145 0
    endloop
  endfacet
  facet normal 0 0 -1
    outer loop
      vertex 14.599999999999994 115.09764163932145 0
      vertex 8 167.53 0
      vertex 15.01768381510416 115.06999615173282 0
    endloop
  endfacet
  facet normal 0 0 -1
    outer loop
      vertex 15.01768381510416 115.06999615173282 0
      vertex 8 167.53 0
      vertex 15.42822094432806 114.98753271092437 0
    endloop
  endfacet
  facet normal 0 0 -1
    outer loop
      vertex 15.42822094432806 114.98753271092437 0
      vertex 8 167.53 0
      vertex 15.824586983568281 114.8516622892315 0
    endloop
  endfacet
  facet normal 0 0 -1
    outer loop
      vertex 0 159.53 0
      vertex 0.06844110900951694 160.57420953776042 0
      vertex 0.6089637399097061 162.59146745892073 0
    endloop
  endfacet
  facet normal 0 0 -1
    outer loop
      vertex 0.06844110900951694 160.57420953776042 0
      vertex 0.2725933896874535 161.60055236082016 0
      vertex 0.6089637399097061 162.59146745892073 0
    endloop
  endfacet
  facet normal 0 0 -1
    outer loop
      vertex 0 159.53 0
      vertex 0.6089637399097061 162.59146745892073 0
      vertex 2.3431457505076194 165.18685424949237 0
    endloop
  endfacet
  facet normal 0 0 -1
    outer loop
      vertex 0.6089637399097061 162.59146745892073 0
      vertex 1.0717967697244912 163.53 0
      vertex 1.6531732776701187 164.40009143206976 0
    endloop
  endfacet
  facet normal 0 0 -1
    outer loop
      vertex 0.6089637399097061 162.59146745892073 0
      vertex 1.6531732776701187 164.40009143206976 0
      vertex 2.3431457505076194 165.18685424949237 0
    endloop
  endfacet
  facet normal 0 0 -1
    outer loop
      vertex 0 159.53 0
      vertex 2.3431457505076194 165.18685424949237 0
      vertex 8 167.53 0
    endloop
  endfacet
  facet normal 0 0 -1
    outer loop
      vertex 2.3431457505076194 165.18685424949237 0
      vertex 3.1299085679302348 165.8768267223299 0
      vertex 4 166.4582032302755 0
    endloop
  endfacet
  facet normal 0 0 -1
    outer loop
      vertex 2.3431457505076194 165.18685424949237 0
      vertex 4 166.4582032302755 0
      vertex 4.938532541079281 166.9210362600903 0
    endloop
  endfacet
  facet normal 0 0 -1
    outer loop
      vertex 2.3431457505076194 165.18685424949237 0
      vertex 4.938532541079281 166.9210362600903 0
      vertex 8 167.53 0
    endloop
  endfacet
  facet normal 0 0 -1
    outer loop
      vertex 4.938532541079281 166.9210362600903 0
      vertex 5.929447639179834 167.25740661031256 0
      vertex 8 167.53 0
    endloop
  endfacet
  facet normal 0 0 -1
    outer loop
      vertex 5.929447639179834 167.25740661031256 0
      vertex 6.955790462239587 167.4615588909905 0
      vertex 8 167.53 0
    endloop
  endfacet
  facet normal 0 0 -1
    outer loop
      vertex 8 167.53 0
      vertex 38.9 166.53 0
      vertex 38.9 163.28 0
    endloop
  endfacet
  facet normal 0 0 -1
    outer loop
      vertex 8 167.53 0
      vertex 61.217157289385796 167.53 0
      vertex 38.9 166.53 0
    endloop
  endfacet
  facet normal 0 1 0
    outer loop
      vertex 8 167.53 0
      vertex 61.217157289385796 167.53 3
      vertex 61.217157289385796 167.53 0
    endloop
  endfacet
  facet normal -0.9978589232386035 0.06540312923014263 0
    outer loop
      vertex 0 159.53 0
      vertex 0.06844110900951694 160.57420953776042 37.23517602363241
      vertex 0.06844110900951694 160.57420953776042 0
    endloop
  endfacet
  facet normal -0.9807852804032299 0.19509032201613113 0
    outer loop
      vertex 0.06844110900951694 160.57420953776042 0
      vertex 0.2725933896874535 161.60055236082016 37.23517602363241
      vertex 0.2725933896874535 161.60055236082016 0
    endloop
  endfacet
  facet normal -0.9469301294951076 0.321439465303156 0
    outer loop
      vertex 0.2725933896874535 161.60055236082016 0
      vertex 0.6089637399097061 162.59146745892073 37.23517602363241
      vertex 0.6089637399097061 162.59146745892073 0
    endloop
  endfacet
  facet normal -0.8968727415326858 0.44228869021900635 0
    outer loop
      vertex 0.6089637399097061 162.59146745892073 0
      vertex 1.0717967697244912 163.53 37.23517602363241
      vertex 1.0717967697244912 163.53 0
    endloop
  endfacet
  facet normal -0.8314696123025428 0.5555702330196057 0
    outer loop
      vertex 1.0717967697244912 163.53 0
      vertex 1.6531732776701187 164.40009143206976 37.23517602363241
      vertex 1.6531732776701187 164.40009143206976 0
    endloop
  endfacet
  facet normal -0.7518398074789766 0.6593458151000697 0
    outer loop
      vertex 1.6531732776701187 164.40009143206976 0
      vertex 2.3431457505076194 165.18685424949237 37.23517602363241
      vertex 2.3431457505076194 165.18685424949237 0
    endloop
  endfacet
  facet normal -0.6593458151000814 0.7518398074789663 0
    outer loop
      vertex 2.3431457505076194 165.18685424949237 0
      vertex 3.1299085679302348 165.8768267223299 37.23517602363241
      vertex 3.1299085679302348 165.8768267223299 0
    endloop
  endfacet
  facet normal -0.5555702330195879 0.8314696123025548 0
    outer loop
      vertex 3.1299085679302348 165.8768267223299 0
      vertex 4 166.4582032302755 37.23517602363241
      vertex 4 166.4582032302755 0
    endloop
  endfacet
  facet normal -0.4422886902190044 0.8968727415326868 0
    outer loop
      vertex 4 166.4582032302755 0
      vertex 4.938532541079281 166.9210362600903 37.23517602363241
      vertex 4.938532541079281 166.9210362600903 0
    endloop
  endfacet
  facet normal -0.32143946530317463 0.9469301294951012 0
    outer loop
      vertex 4.938532541079281 166.9210362600903 0
      vertex 5.929447639179834 167.25740661031256 37.23517602363241
      vertex 5.929447639179834 167.25740661031256 0
    endloop
  endfacet
  facet normal -0.19509032201612295 0.9807852804032314 0
    outer loop
      vertex 5.929447639179834 167.25740661031256 0
      vertex 6.955790462239587 167.4615588909905 37.23517602363241
      vertex 6.955790462239587 167.4615588909905 0
    endloop
  endfacet
  facet normal -0.06540312923013906 0.9978589232386037 0
    outer loop
      vertex 6.955790462239587 167.4615588909905 0
      vertex 8 167.53 37.23517602363241
      vertex 8 167.53 0
    endloop
  endfacet
  facet normal 0 1 0
    outer loop
      vertex 8 167.53 0
      vertex 8 167.53 37.23517602363241
      vertex 61.217157289385796 167.53 3
    endloop
  endfacet
  facet normal 0 0 -1
    outer loop
      vertex 16.5480365728279 114.42987365614455 0
      vertex 153.79999999701977 45.7707918509841 0
      vertex 16.862741699796945 114.15117236520447 0
    endloop
  endfacet
  facet normal 0 0 -1
    outer loop
      vertex 16.199999999999996 114.66470966723978 0
      vertex 153.79999999701977 45.7707918509841 0
      vertex 16.5480365728279 114.42987365614455 0
    endloop
  endfacet
  facet normal 0 0 -1
    outer loop
      vertex 19.129018933499832 111.86976368688366 0
      vertex 153.79999999701977 45.7707918509841 0
      vertex 19.129450166295356 111.86926712764236 0
    endloop
  endfacet
  facet normal 0 0 -1
    outer loop
      vertex 19.12981352661282 111.86871797619317 0
      vertex 19.129450166295356 111.86926712764236 0
      vertex 153.79999999701977 45.7707918509841 0
    endloop
  endfacet
  facet normal 0 0 -1
    outer loop
      vertex 19.130102797256455 111.86812562866962 0
      vertex 19.12981352661282 111.86871797619317 0
      vertex 153.79999999701977 45.7707918509841 0
    endloop
  endfacet
  facet normal 0 0 -1
    outer loop
      vertex 19.130102797256455 111.86812562866962 0
      vertex 153.79999999701977 45.7707918509841 0
      vertex 19.130313028725347 111.86750022030206 0
    endloop
  endfacet
  facet normal 0 0 -1
    outer loop
      vertex 19.130440623900768 111.86685245200107 0
      vertex 19.130313028725347 111.86750022030206 0
      vertex 153.79999999701977 45.7707918509841 0
    endloop
  endfacet
  facet normal 0 0 -1
    outer loop
      vertex 19.1304833995939 111.86619340726186 0
      vertex 19.130440623900768 111.86685245200107 0
      vertex 153.79999999701977 45.7707918509841 0
    endloop
  endfacet
  facet normal 0 0 -1
    outer loop
      vertex 19.1304833995939 111.86619340726186 0
      vertex 153.79999999701977 45.7707918509841 0
      vertex 19.130440623900768 111.86553436252268 0
    endloop
  endfacet
  facet normal 0 0 -1
    outer loop
      vertex 19.130313028725347 111.86488659422169 0
      vertex 19.130440623900768 111.86553436252268 0
      vertex 153.79999999701977 45.7707918509841 0
    endloop
  endfacet
  facet normal 0 0 -1
    outer loop
      vertex 19.130313028725347 111.86488659422169 0
      vertex 153.79999999701977 45.7707918509841 0
      vertex 19.130102797256455 111.86426118585413 0
    endloop
  endfacet
  facet normal 0 0 -1
    outer loop
      vertex 19.12981352661282 111.86366883833058 0
      vertex 19.130102797256455 111.86426118585413 0
      vertex 153.79999999701977 45.7707918509841 0
    endloop
  endfacet
  facet normal 0 0 -1
    outer loop
      vertex 19.12981352661282 111.86366883833058 0
      vertex 153.79999999701977 45.7707918509841 0
      vertex 19.129450166295356 111.86311968688136 0
    endloop
  endfacet
  facet normal 0 0 -1
    outer loop
      vertex 16.862741699796945 114.15117236520447 0
      vertex 153.79999999701977 45.7707918509841 0
      vertex 19.129018933499832 111.86976368688366 0
    endloop
  endfacet
  facet normal 0 0 -1
    outer loop
      vertex 15.824586983568281 114.8516622892315 0
      vertex 8 167.53 0
      vertex 167 41.70925338566303 0
    endloop
  endfacet
  facet normal 0 0 -1
    outer loop
      vertex 15.824586983568281 114.8516622892315 0
      vertex 167 41.70925338566303 0
      vertex 16.199999999999996 114.66470966723978 0
    endloop
  endfacet
  facet normal 0 0 -1
    outer loop
      vertex 45.1 163.28 0
      vertex 45.1 166.53 0
      vertex 55.01715728640556 161.32999999701977 0
    endloop
  endfacet
  facet normal 0 0 -1
    outer loop
      vertex 38.9 166.53 0
      vertex 61.217157289385796 167.53 0
      vertex 45.1 166.53 0
    endloop
  endfacet
  facet normal 0 0 -1
    outer loop
      vertex 45.1 166.53 0
      vertex 61.217157289385796 167.53 0
      vertex 55.01715728640556 161.32999999701977 0
    endloop
  endfacet
  facet normal 0 0 -1
    outer loop
      vertex 38.9 163.28 0
      vertex 45.1 163.28 0
      vertex 153.79999999701977 110.2292081490159 0
    endloop
  endfacet
  facet normal 0 0 -1
    outer loop
      vertex 45.1 163.28 0
      vertex 55.01715728640556 161.32999999701977 0
      vertex 153.79999999701977 110.2292081490159 0
    endloop
  endfacet
  facet normal 0 0 -1
    outer loop
      vertex 8 167.53 0
      vertex 38.9 163.28 0
      vertex 153.79999999701977 110.2292081490159 0
    endloop
  endfacet
  facet normal 0 0 -1
    outer loop
      vertex 68.78284270326186 167.53 0
      vertex 83.9 163.28 0
      vertex 74.98284271359444 161.32999999701977 0
    endloop
  endfacet
  facet normal 0 0 -1
    outer loop
      vertex 68.78284270326186 167.53 0
      vertex 83.9 166.53 0
      vertex 83.9 163.28 0
    endloop
  endfacet
  facet normal 0 1 0
    outer loop
      vertex 68.78284270326186 167.53 0
      vertex 68.78284270326186 167.53 3
      vertex 97 167.53 3
    endloop
  endfacet
  facet normal 0 1 0
    outer loop
      vertex 61.217157289385796 167.53 3
      vertex 8 167.53 37.23517602363241
      vertex 68.78284270326186 167.53 3
    endloop
  endfacet
  facet normal 0 1 0
    outer loop
      vertex 68.78284270326186 167.53 3
      vertex 8 167.53 37.23517602363241
      vertex 97 167.53 3
    endloop
  endfacet
  facet normal -0.09259300104545033 -0.13857521894712013 0.986013917169101
    outer loop
      vertex 4 1.0717967697244912 17.7
      vertex 4 140.0717967697245 37.23517602363241
      vertex 3.1299085679302348 140.6531732776701 37.23517602363241
    endloop
  endfacet
  facet normal -0.06847150248952673 -0.1388464718015621 0.9879439815167076
    outer loop
      vertex 4 1.0717967697244912 17.7
      vertex 4.938532541079281 139.6089637399097 37.23517602363241
      vertex 4 140.0717967697245 37.23517602363241
    endloop
  endfacet
  facet normal -0.04719026940417287 -0.13901805080360694 0.9891648295528542
    outer loop
      vertex 4.938532541079281 0.6089637399097061 17.7
      vertex 5.929447639179834 139.27259338968744 37.23517602363241
      vertex 4.938532541079281 139.6089637399097 37.23517602363241
    endloop
  endfacet
  facet normal -0.02767264937952155 -0.13911980307742275 0.9898888346011471
    outer loop
      vertex 5.929447639179834 0.2725933896874535 17.7
      vertex 6.955790462239587 139.0684411090095 37.23517602363241
      vertex 5.929447639179834 139.27259338968744 37.23517602363241
    endloop
  endfacet
  facet normal -7.199388983656031e-15 -0.13917310096006547 0.9902680687415703
    outer loop
      vertex 8 0 17.7
      vertex 8.45 137.60186312730647 37.038680700515876
      vertex 8 139 37.23517602363241
    endloop
  endfacet
  facet normal -0.009121507480603114 -0.13916731110650604 0.9902268717928565
    outer loop
      vertex 8 0 17.7
      vertex 8 139 37.23517602363241
      vertex 6.955790462239587 139.0684411090095 37.23517602363241
    endloop
  endfacet
  facet normal -0.1211524909128473 -0.13814793899872593 0.9829736623613151
    outer loop
      vertex 2.3431457505076194 2.3431457505076194 17.7
      vertex 3.1299085679302348 140.6531732776701 37.23517602363241
      vertex 2.3431457505076194 141.34314575050763 37.23517602363241
    endloop
  endfacet
  facet normal -0.15673512462307942 -0.13745301521867895 0.9780290227374039
    outer loop
      vertex 2.3431457505076194 2.3431457505076194 17.7
      vertex 2.3431457505076194 141.34314575050763 37.23517602363241
      vertex 1.6531732776701187 142.12990856793024 37.23517602363241
    endloop
  endfacet
  facet normal -0.20391102946986042 -0.13624899392789386 0.9694619660998457
    outer loop
      vertex 1.6531732776701187 3.1299085679302348 17.7
      vertex 1.6531732776701187 142.12990856793024 37.23517602363241
      vertex 1.0717967697244912 143 37.23517602363241
    endloop
  endfacet
  facet normal -0.2716062311757911 -0.13394137058594272 0.9530423728418596
    outer loop
      vertex 0.6089637399097061 4.938532541079281 17.7
      vertex 1.0717967697244912 143 37.23517602363241
      vertex 0.6089637399097061 143.93853254107927 37.23517602363241
    endloop
  endfacet
  facet normal -0.3793459419901445 -0.12877059559108955 0.9162503970022201
    outer loop
      vertex 0.2725933896874535 5.929447639179834 17.7
      vertex 0.6089637399097061 143.93853254107927 37.23517602363241
      vertex 0.2725933896874535 144.92944763917984 37.23517602363241
    endloop
  endfacet
  facet normal -0.573281096254558 -0.11403270003000106 0.8113848211551902
    outer loop
      vertex 0.2725933896874535 5.929447639179834 17.7
      vertex 0.2725933896874535 144.92944763917984 37.23517602363241
      vertex 0.06844110900951694 145.95579046223958 37.23517602363241
    endloop
  endfacet
  facet normal -0.9046928427203825 -0.0592967016960555 0.42191795588536163
    outer loop
      vertex 0 8 17.7
      vertex 0.06844110900951694 145.95579046223958 37.23517602363241
      vertex 0 147 37.23517602363241
    endloop
  endfacet
  facet normal -1 0 0
    outer loop
      vertex 0 159.53 0
      vertex 0 147 37.23517602363241
      vertex 0 159.53 37.23517602363241
    endloop
  endfacet
  facet normal -0.9978589232386035 0.06540312923014263 0
    outer loop
      vertex 0 159.53 0
      vertex 0 159.53 37.23517602363241
      vertex 0.06844110900951694 160.57420953776042 37.23517602363241
    endloop
  endfacet
  facet normal -0.9807852804032299 0.19509032201613113 0
    outer loop
      vertex 0.06844110900951694 160.57420953776042 0
      vertex 0.06844110900951694 160.57420953776042 37.23517602363241
      vertex 0.2725933896874535 161.60055236082016 37.23517602363241
    endloop
  endfacet
  facet normal -0.9469301294951076 0.321439465303156 0
    outer loop
      vertex 0.2725933896874535 161.60055236082016 0
      vertex 0.2725933896874535 161.60055236082016 37.23517602363241
      vertex 0.6089637399097061 162.59146745892073 37.23517602363241
    endloop
  endfacet
  facet normal -0.8968727415326858 0.44228869021900635 0
    outer loop
      vertex 0.6089637399097061 162.59146745892073 0
      vertex 0.6089637399097061 162.59146745892073 37.23517602363241
      vertex 1.0717967697244912 163.53 37.23517602363241
    endloop
  endfacet
  facet normal -0.8314696123025428 0.5555702330196057 0
    outer loop
      vertex 1.0717967697244912 163.53 0
      vertex 1.0717967697244912 163.53 37.23517602363241
      vertex 1.6531732776701187 164.40009143206976 37.23517602363241
    endloop
  endfacet
  facet normal -0.7518398074789766 0.6593458151000697 0
    outer loop
      vertex 1.6531732776701187 164.40009143206976 0
      vertex 1.6531732776701187 164.40009143206976 37.23517602363241
      vertex 2.3431457505076194 165.18685424949237 37.23517602363241
    endloop
  endfacet
  facet normal -0.6593458151000814 0.7518398074789663 0
    outer loop
      vertex 2.3431457505076194 165.18685424949237 0
      vertex 2.3431457505076194 165.18685424949237 37.23517602363241
      vertex 3.1299085679302348 165.8768267223299 37.23517602363241
    endloop
  endfacet
  facet normal -0.5555702330195879 0.8314696123025548 0
    outer loop
      vertex 3.1299085679302348 165.8768267223299 0
      vertex 3.1299085679302348 165.8768267223299 37.23517602363241
      vertex 4 166.4582032302755 37.23517602363241
    endloop
  endfacet
  facet normal -0.4422886902190044 0.8968727415326868 0
    outer loop
      vertex 4 166.4582032302755 0
      vertex 4 166.4582032302755 37.23517602363241
      vertex 4.938532541079281 166.9210362600903 37.23517602363241
    endloop
  endfacet
  facet normal -0.32143946530317463 0.9469301294951012 0
    outer loop
      vertex 4.938532541079281 166.9210362600903 0
      vertex 4.938532541079281 166.9210362600903 37.23517602363241
      vertex 5.929447639179834 167.25740661031256 37.23517602363241
    endloop
  endfacet
  facet normal -0.19509032201612295 0.9807852804032314 0
    outer loop
      vertex 5.929447639179834 167.25740661031256 0
      vertex 5.929447639179834 167.25740661031256 37.23517602363241
      vertex 6.955790462239587 167.4615588909905 37.23517602363241
    endloop
  endfacet
  facet normal -0.06540312923013906 0.9978589232386037 0
    outer loop
      vertex 6.955790462239587 167.4615588909905 0
      vertex 6.955790462239587 167.4615588909905 37.23517602363241
      vertex 8 167.53 37.23517602363241
    endloop
  endfacet
  facet normal 4.162419781979862e-14 -0.13917310096005034 0.9902680687415724
    outer loop
      vertex 8.45 137.60186312730647 37.038680700515876
      vertex 8.471387845277786 137.9250029250014 37.084095037409476
      vertex 8 139 37.23517602363241
    endloop
  endfacet
  facet normal -2.9021512481985384e-14 -0.1391731009600807 0.9902680687415681
    outer loop
      vertex 8.471387845277786 137.9250029250014 37.084095037409476
      vertex 8.535185430943965 138.24261371354467 37.12873232274184
      vertex 8 139 37.23517602363241
    endloop
  endfacet
  facet normal 2.038349720297714e-14 -0.1391731009600465 0.990268068741573
    outer loop
      vertex 8.535185430943965 138.24261371354467 37.12873232274184
      vertex 8.640301172435283 138.5492610854246 37.17182880034513
      vertex 8 139 37.23517602363241
    endloop
  endfacet
  facet normal 2.9957575778629115e-15 -0.13917310096007077 0.9902680687415697
    outer loop
      vertex 8.640301172435283 138.5492610854246 37.17182880034513
      vertex 8.78493649214506 138.83969821323345 37.21264707671595
      vertex 8 139 37.23517602363241
    endloop
  endfacet
  facet normal 0 -0.1391731009600851 0.9902680687415675
    outer loop
      vertex 8 139 37.23517602363241
      vertex 8.78493649214506 138.83969821323345 37.21264707671595
      vertex 8.893099353890372 139 37.23517602363241
    endloop
  endfacet
  facet normal 0 1 0
    outer loop
      vertex 8 167.53 37.23517602363241
      vertex 97 167.53 29.235176023632413
      vertex 97 167.53 3
    endloop
  endfacet
  facet normal 0 0 -1
    outer loop
      vertex 4.938532541079281 0.6089637399097061 0
      vertex 153.79999999701977 17.770791850984097 0
      vertex 153.79999999701977 2.2292081490159035 0
    endloop
  endfacet
  facet normal 0 0 -1
    outer loop
      vertex 14.599999999999994 48.02489427263483 0
      vertex 153.79999999701977 30.229208149015903 0
      vertex 153.79999999701977 17.770791850984097 0
    endloop
  endfacet
  facet normal 0 0 -1
    outer loop
      vertex 14.599999999999994 48.02489427263483 0
      vertex 153.79999999701977 45.7707918509841 0
      vertex 153.79999999701977 30.229208149015903 0
    endloop
  endfacet
  facet normal 0 0 -1
    outer loop
      vertex 8 0 0
      vertex 153.79999999701977 2.2292081490159035 0
      vertex 167 0 0
    endloop
  endfacet
  facet normal 0 -1 0
    outer loop
      vertex 8 0 0
      vertex 167 0 0
      vertex 167 0 17.7
    endloop
  endfacet
  facet normal 0 0 -1
    outer loop
      vertex 16.199999999999996 114.66470966723978 0
      vertex 167 41.70925338566303 0
      vertex 153.79999999701977 45.7707918509841 0
    endloop
  endfacet
  facet normal 0 0 -1
    outer loop
      vertex 153.79999999701977 2.2292081490159035 0
      vertex 167 6.2907466143369675 0
      vertex 167 0 0
    endloop
  endfacet
  facet normal 0 0 -1
    outer loop
      vertex 153.79999999701977 17.770791850984097 0
      vertex 153.79999999701977 30.229208149015903 0
      vertex 167 34.29074661433697 0
    endloop
  endfacet
  facet normal 0 0 -1
    outer loop
      vertex 153.79999999701977 17.770791850984097 0
      vertex 167 34.29074661433697 0
      vertex 167 13.709253385663033 0
    endloop
  endfacet
  facet normal -2.4129189383200805e-17 -0.1391731009600657 0.9902680687415703
    outer loop
      vertex 10.95 14.561055586166361 19.74642290622774
      vertex 167 0 17.7
      vertex 167 14.56105558616636 19.746422906227743
    endloop
  endfacet
  facet normal 0 0 -1
    outer loop
      vertex 8 167.53 0
      vertex 153.79999999701977 110.2292081490159 0
      vertex 167 41.70925338566303 0
    endloop
  endfacet
  facet normal 0 0 -1
    outer loop
      vertex 55.01715728640556 161.32999999701977 0
      vertex 74.98284271359444 161.32999999701977 0
      vertex 153.79999999701977 110.2292081490159 0
    endloop
  endfacet
  facet normal 0 0 -1
    outer loop
      vertex 74.98284271359444 161.32999999701977 0
      vertex 83.9 163.28 0
      vertex 153.79999999701977 110.2292081490159 0
    endloop
  endfacet
  facet normal 0 0 -1
    outer loop
      vertex 83.9 163.28 0
      vertex 90.10000000000001 163.28 0
      vertex 153.79999999701977 125.7707918509841 0
    endloop
  endfacet
  facet normal 0 0 -1
    outer loop
      vertex 68.78284270326186 167.53 0
      vertex 167 167.53 0
      vertex 83.9 166.53 0
    endloop
  endfacet
  facet normal 0 0 -1
    outer loop
      vertex 83.9 163.28 0
      vertex 153.79999999701977 125.7707918509841 0
      vertex 153.79999999701977 110.2292081490159 0
    endloop
  endfacet
  facet normal 0 0 -1
    outer loop
      vertex 90.10000000000001 163.28 0
      vertex 90.10000000000001 166.53 0
      vertex 167 121.70925338566303 0
    endloop
  endfacet
  facet normal 0 1 0
    outer loop
      vertex 68.78284270326186 167.53 0
      vertex 97 167.53 3
      vertex 167 167.53 0
    endloop
  endfacet
  facet normal 0 0 -1
    outer loop
      vertex 83.9 166.53 0
      vertex 167 167.53 0
      vertex 90.10000000000001 166.53 0
    endloop
  endfacet
  facet normal 0 0 -1
    outer loop
      vertex 167 41.70925338566303 0
      vertex 153.79999999701977 110.2292081490159 0
      vertex 167 114.29074661433697 0
    endloop
  endfacet
  facet normal 0 0 -1
    outer loop
      vertex 90.10000000000001 163.28 0
      vertex 167 121.70925338566303 0
      vertex 153.79999999701977 125.7707918509841 0
    endloop
  endfacet
  facet normal 0 0 -1
    outer loop
      vertex 90.10000000000001 166.53 0
      vertex 167 167.53 0
      vertex 167 121.70925338566303 0
    endloop
  endfacet
  facet normal 0 1 0
    outer loop
      vertex 97 167.53 3
      vertex 167 167.53 3
      vertex 167 167.53 0
    endloop
  endfacet
  facet normal 0 1 0
    outer loop
      vertex 8 167.53 37.23517602363241
      vertex 167 167.53 37.23517602363241
      vertex 97 167.53 29.235176023632413
    endloop
  endfacet
  facet normal 0 1 0
    outer loop
      vertex 97 167.53 29.235176023632413
      vertex 167 167.53 37.23517602363241
      vertex 167 167.53 29.235176023632413
    endloop
  endfacet
  facet normal 0 0 1
    outer loop
      vertex 2.3431457505076194 141.34314575050763 37.23517602363241
      vertex 8 139 37.23517602363241
      vertex 1.6531732776701187 142.12990856793024 37.23517602363241
    endloop
  endfacet
  facet normal 0 0 1
    outer loop
      vertex 3.1299085679302348 140.6531732776701 37.23517602363241
      vertex 4 140.0717967697245 37.23517602363241
      vertex 8 139 37.23517602363241
    endloop
  endfacet
  facet normal 0 0 1
    outer loop
      vertex 2.3431457505076194 141.34314575050763 37.23517602363241
      vertex 3.1299085679302348 140.6531732776701 37.23517602363241
      vertex 8 139 37.23517602363241
    endloop
  endfacet
  facet normal 0 0 1
    outer loop
      vertex 0.06844110900951694 145.95579046223958 37.23517602363241
      vertex 8 139 37.23517602363241
      vertex 0 147 37.23517602363241
    endloop
  endfacet
  facet normal 0 0 1
    outer loop
      vertex 0.6089637399097061 143.93853254107927 37.23517602363241
      vertex 1.0717967697244912 143 37.23517602363241
      vertex 8 139 37.23517602363241
    endloop
  endfacet
  facet normal 0 0 1
    outer loop
      vertex 0.6089637399097061 143.93853254107927 37.23517602363241
      vertex 8 139 37.23517602363241
      vertex 0.2725933896874535 144.92944763917984 37.23517602363241
    endloop
  endfacet
  facet normal 0 0 1
    outer loop
      vertex 1.0717967697244912 143 37.23517602363241
      vertex 1.6531732776701187 142.12990856793024 37.23517602363241
      vertex 8 139 37.23517602363241
    endloop
  endfacet
  facet normal 0 0 1
    outer loop
      vertex 0.2725933896874535 144.92944763917984 37.23517602363241
      vertex 8 139 37.23517602363241
      vertex 0.06844110900951694 145.95579046223958 37.23517602363241
    endloop
  endfacet
  facet normal 0 0 1
    outer loop
      vertex 4.938532541079281 139.6089637399097 37.23517602363241
      vertex 8 139 37.23517602363241
      vertex 4 140.0717967697245 37.23517602363241
    endloop
  endfacet
  facet normal 0 0 1
    outer loop
      vertex 4.938532541079281 139.6089637399097 37.23517602363241
      vertex 5.929447639179834 139.27259338968744 37.23517602363241
      vertex 8 139 37.23517602363241
    endloop
  endfacet
  facet normal 0 0 1
    outer loop
      vertex 5.929447639179834 139.27259338968744 37.23517602363241
      vertex 6.955790462239587 139.0684411090095 37.23517602363241
      vertex 8 139 37.23517602363241
    endloop
  endfacet
  facet normal 0 0 1
    outer loop
      vertex 8 139 37.23517602363241
      vertex 8.893099353890372 139 37.23517602363241
      vertex 8.966616649925708 139.11110770279168 37.23517602363241
    endloop
  endfacet
  facet normal 0 0 1
    outer loop
      vertex 8 139 37.23517602363241
      vertex 0 159.53 37.23517602363241
      vertex 0 147 37.23517602363241
    endloop
  endfacet
  facet normal 0 0 1
    outer loop
      vertex 8 139 37.23517602363241
      vertex 0.06844110900951694 160.57420953776042 37.23517602363241
      vertex 0 159.53 37.23517602363241
    endloop
  endfacet
  facet normal 0 0 1
    outer loop
      vertex 8 139 37.23517602363241
      vertex 0.2725933896874535 161.60055236082016 37.23517602363241
      vertex 0.06844110900951694 160.57420953776042 37.23517602363241
    endloop
  endfacet
  facet normal 0 0 1
    outer loop
      vertex 8 139 37.23517602363241
      vertex 0.6089637399097061 162.59146745892073 37.23517602363241
      vertex 0.2725933896874535 161.60055236082016 37.23517602363241
    endloop
  endfacet
  facet normal 0 0 1
    outer loop
      vertex 8 139 37.23517602363241
      vertex 1.0717967697244912 163.53 37.23517602363241
      vertex 0.6089637399097061 162.59146745892073 37.23517602363241
    endloop
  endfacet
  facet normal 0 0 1
    outer loop
      vertex 8 139 37.23517602363241
      vertex 1.6531732776701187 164.40009143206976 37.23517602363241
      vertex 1.0717967697244912 163.53 37.23517602363241
    endloop
  endfacet
  facet normal 0 0 1
    outer loop
      vertex 8 139 37.23517602363241
      vertex 2.3431457505076194 165.18685424949237 37.23517602363241
      vertex 1.6531732776701187 164.40009143206976 37.23517602363241
    endloop
  endfacet
  facet normal 0 0 1
    outer loop
      vertex 8 139 37.23517602363241
      vertex 3.1299085679302348 165.8768267223299 37.23517602363241
      vertex 2.3431457505076194 165.18685424949237 37.23517602363241
    endloop
  endfacet
  facet normal 0 0 1
    outer loop
      vertex 8 139 37.23517602363241
      vertex 8.966616649925708 139.11110770279168 37.23517602363241
      vertex 8 167.53 37.23517602363241
    endloop
  endfacet
  facet normal 0 0 1
    outer loop
      vertex 8.966616649925708 139.11110770279168 37.23517602363241
      vertex 9.18223304748535 139.35938732101707 37.23517602363241
      vertex 8 167.53 37.23517602363241
    endloop
  endfacet
  facet normal 0 0 1
    outer loop
      vertex 9.18223304748535 139.35938732101707 37.23517602363241
      vertex 9.428096425533294 139.57712270435994 37.23517602363241
      vertex 8 167.53 37.23517602363241
    endloop
  endfacet
  facet normal 0 0 1
    outer loop
      vertex 9.428096425533294 139.57712270435994 37.23517602363241
      vertex 9.7 139.76058833706634 37.23517602363241
      vertex 8 167.53 37.23517602363241
    endloop
  endfacet
  facet normal 0 0 1
    outer loop
      vertex 9.7 139.76058833706634 37.23517602363241
      vertex 9.99329141974449 139.90664507086933 37.23517602363241
      vertex 8 167.53 37.23517602363241
    endloop
  endfacet
  facet normal 0 0 1
    outer loop
      vertex 9.99329141974449 139.90664507086933 37.23517602363241
      vertex 10.302952390909194 140.01279384493301 37.23517602363241
      vertex 8 167.53 37.23517602363241
    endloop
  endfacet
  facet normal 0 0 1
    outer loop
      vertex 10.302952390909194 140.01279384493301 37.23517602363241
      vertex 10.623684522509574 140.07721840599885 37.23517602363241
      vertex 8 167.53 37.23517602363241
    endloop
  endfacet
  facet normal 0 0 1
    outer loop
      vertex 10.623684522509574 140.07721840599885 37.23517602363241
      vertex 10.95 140.0988164418771 37.23517602363241
      vertex 8 167.53 37.23517602363241
    endloop
  endfacet
  facet normal 0 0 1
    outer loop
      vertex 8 139 37.23517602363241
      vertex 4 166.4582032302755 37.23517602363241
      vertex 3.1299085679302348 165.8768267223299 37.23517602363241
    endloop
  endfacet
  facet normal 0 0 1
    outer loop
      vertex 8 139 37.23517602363241
      vertex 4.938532541079281 166.9210362600903 37.23517602363241
      vertex 4 166.4582032302755 37.23517602363241
    endloop
  endfacet
  facet normal 0 0 1
    outer loop
      vertex 8 139 37.23517602363241
      vertex 5.929447639179834 167.25740661031256 37.23517602363241
      vertex 4.938532541079281 166.9210362600903 37.23517602363241
    endloop
  endfacet
  facet normal 0 0 1
    outer loop
      vertex 8 139 37.23517602363241
      vertex 6.955790462239587 167.4615588909905 37.23517602363241
      vertex 5.929447639179834 167.25740661031256 37.23517602363241
    endloop
  endfacet
  facet normal 0 0 1
    outer loop
      vertex 8 139 37.23517602363241
      vertex 8 167.53 37.23517602363241
      vertex 6.955790462239587 167.4615588909905 37.23517602363241
    endloop
  endfacet
  facet normal 0 0 1
    outer loop
      vertex 10.95 140.0988164418771 37.23517602363241
      vertex 167 167.53 37.23517602363241
      vertex 8 167.53 37.23517602363241
    endloop
  endfacet
  facet normal 0 0 1
    outer loop
      vertex 10.95 140.0988164418771 37.23517602363241
      vertex 167 140.0988164418771 37.23517602363241
      vertex 167 167.53 37.23517602363241
    endloop
  endfacet
  facet normal 0 0 1
    outer loop
      vertex 23.380602337443566 26.08658283817455 3
      vertex 23.66987298107781 25.5 3
      vertex 24.464466094067262 24.464466094067262 3
    endloop
  endfacet
  facet normal 0 0 1
    outer loop
      vertex 24.464466094067262 24.464466094067262 3
      vertex 23.66987298107781 25.5 3
      vertex 24.033233298543824 24.9561928549564 3
    endloop
  endfacet
  facet normal 0 0 1
    outer loop
      vertex 26.08658283817455 23.380602337443566 3
      vertex 26.705904774487397 23.17037086855466 3
      vertex 28 23 3
    endloop
  endfacet
  facet normal 0 0 1
    outer loop
      vertex 26.08658283817455 23.380602337443566 3
      vertex 24.464466094067262 24.464466094067262 3
      vertex 24.9561928549564 24.033233298543824 3
    endloop
  endfacet
  facet normal 0 0 1
    outer loop
      vertex 26.08658283817455 23.380602337443566 3
      vertex 24.9561928549564 24.033233298543824 3
      vertex 25.5 23.66987298107781 3
    endloop
  endfacet
  facet normal 0 0 1
    outer loop
      vertex 26.08658283817455 23.380602337443566 3
      vertex 28 23 3
      vertex 24.464466094067262 24.464466094067262 3
    endloop
  endfacet
  facet normal 0.7518398074789784 0.6593458151000678 0
    outer loop
      vertex 24.464466094067262 24.464466094067262 3
      vertex 24.033233298543824 24.9561928549564 3
      vertex 24.464466094067262 24.464466094067262 6.4382564854085675
    endloop
  endfacet
  facet normal 0.8314696123025465 0.5555702330196004 0
    outer loop
      vertex 23.66987298107781 25.5 3
      vertex 24.033233298543824 24.9561928549564 6.507364174829429
      vertex 24.033233298543824 24.9561928549564 3
    endloop
  endfacet
  facet normal 0.8968727415326866 0.4422886902190048 0
    outer loop
      vertex 23.380602337443566 26.08658283817455 3
      vertex 23.380602337443566 26.08658283817455 6.666230126610131
      vertex 23.66987298107781 25.5 3
    endloop
  endfacet
  facet normal 0.32143946530315926 0.9469301294951064 0
    outer loop
      vertex 26.08658283817455 23.380602337443566 3
      vertex 26.705904774487397 23.17037086855466 6.256383262230647
      vertex 26.705904774487397 23.17037086855466 3
    endloop
  endfacet
  facet normal 0.19509032201612833 0.9807852804032304 0
    outer loop
      vertex 26.705904774487397 23.17037086855466 3
      vertex 27.347369038899743 23.04277569313095 6.2384509297726005
      vertex 27.347369038899743 23.04277569313095 3
    endloop
  endfacet
  facet normal 0.6593458151000677 0.7518398074789784 0
    outer loop
      vertex 24.464466094067262 24.464466094067262 3
      vertex 24.9561928549564 24.033233298543824 6.377650668374658
      vertex 24.9561928549564 24.033233298543824 3
    endloop
  endfacet
  facet normal 0.5555702330196004 0.8314696123025463 0
    outer loop
      vertex 24.9561928549564 24.033233298543824 3
      vertex 25.5 23.66987298107781 6.3265837060602585
      vertex 25.5 23.66987298107781 3
    endloop
  endfacet
  facet normal 0.4422886902190049 0.8968727415326867 0
    outer loop
      vertex 26.08658283817455 23.380602337443566 3
      vertex 25.5 23.66987298107781 3
      vertex 25.5 23.66987298107781 6.3265837060602585
    endloop
  endfacet
  facet normal 0 0 1
    outer loop
      vertex 23.380602337443566 26.08658283817455 3
      vertex 23.04277569313095 27.347369038899743 3
      vertex 23.17037086855466 26.705904774487397 3
    endloop
  endfacet
  facet normal 0 0 1
    outer loop
      vertex 23.380602337443566 26.08658283817455 3
      vertex 23 28 3
      vertex 23.04277569313095 27.347369038899743 3
    endloop
  endfacet
  facet normal 0 0 1
    outer loop
      vertex 23.380602337443566 26.08658283817455 3
      vertex 24.464466094067262 24.464466094067262 3
      vertex 23 28 3
    endloop
  endfacet
  facet normal 0.9807852804032304 0.19509032201612833 0
    outer loop
      vertex 23.17037086855466 26.705904774487397 3
      vertex 23.04277569313095 27.347369038899743 3
      vertex 23.04277569313095 27.347369038899743 6.843422071641306
    endloop
  endfacet
  facet normal 0.9978589232386035 0.06540312923014452 0
    outer loop
      vertex 23.04277569313095 27.347369038899743 3
      vertex 23 28 3
      vertex 23 28 6.93514337166696
    endloop
  endfacet
  facet normal 0.9469301294951065 0.3214394653031593 0
    outer loop
      vertex 23.380602337443566 26.08658283817455 3
      vertex 23.17037086855466 26.705904774487397 3
      vertex 23.380602337443566 26.08658283817455 6.666230126610131
    endloop
  endfacet
  facet normal 0 0 1
    outer loop
      vertex 26.705904774487397 23.17037086855466 3
      vertex 27.347369038899743 23.04277569313095 3
      vertex 28 23 3
    endloop
  endfacet
  facet normal 0.0654031292301445 0.9978589232386033 0
    outer loop
      vertex 27.347369038899743 23.04277569313095 3
      vertex 27.347369038899743 23.04277569313095 6.2384509297726005
      vertex 28 23 3
    endloop
  endfacet
  facet normal 1 0 0
    outer loop
      vertex 23 28 3
      vertex 23 57.62627895432029 3.543793690662933
      vertex 23 28 6.93514337166696
    endloop
  endfacet
  facet normal 0.7518398074789784 0.6593458151000678 0
    outer loop
      vertex 24.033233298543824 24.9561928549564 3
      vertex 24.033233298543824 24.9561928549564 6.507364174829429
      vertex 24.464466094067262 24.464466094067262 6.4382564854085675
    endloop
  endfacet
  facet normal 0.8314696123025465 0.5555702330196005 0
    outer loop
      vertex 23.66987298107781 25.5 3
      vertex 23.66987298107781 25.5 6.583791284910981
      vertex 24.033233298543824 24.9561928549564 6.507364174829429
    endloop
  endfacet
  facet normal 0.8968727415326866 0.44228869021900485 0
    outer loop
      vertex 23.66987298107781 25.5 3
      vertex 23.380602337443566 26.08658283817455 6.666230126610131
      vertex 23.66987298107781 25.5 6.583791284910981
    endloop
  endfacet
  facet normal 0.4422886902190048 0.8968727415326866 0
    outer loop
      vertex 26.08658283817455 23.380602337443566 3
      vertex 25.5 23.66987298107781 6.3265837060602585
      vertex 26.08658283817455 23.380602337443566 6.285929368349004
    endloop
  endfacet
  facet normal 0.3214394653031593 0.9469301294951065 0
    outer loop
      vertex 26.08658283817455 23.380602337443566 3
      vertex 26.08658283817455 23.380602337443566 6.285929368349004
      vertex 26.705904774487397 23.17037086855466 6.256383262230647
    endloop
  endfacet
  facet normal 0.19509032201612836 0.9807852804032304 0
    outer loop
      vertex 26.705904774487397 23.17037086855466 3
      vertex 26.705904774487397 23.17037086855466 6.256383262230647
      vertex 27.347369038899743 23.04277569313095 6.2384509297726005
    endloop
  endfacet
  facet normal 0.5555702330196005 0.8314696123025465 0
    outer loop
      vertex 24.9561928549564 24.033233298543824 3
      vertex 24.9561928549564 24.033233298543824 6.377650668374658
      vertex 25.5 23.66987298107781 6.3265837060602585
    endloop
  endfacet
  facet normal 0.6593458151000678 0.7518398074789784 0
    outer loop
      vertex 24.464466094067262 24.464466094067262 3
      vertex 24.464466094067262 24.464466094067262 6.4382564854085675
      vertex 24.9561928549564 24.033233298543824 6.377650668374658
    endloop
  endfacet
  facet normal 0.9469301294951065 0.32143946530315926 0
    outer loop
      vertex 23.17037086855466 26.705904774487397 3
      vertex 23.17037086855466 26.705904774487397 6.753270148489039
      vertex 23.380602337443566 26.08658283817455 6.666230126610131
    endloop
  endfacet
  facet normal 0.9807852804032304 0.19509032201612833 0
    outer loop
      vertex 23.17037086855466 26.705904774487397 3
      vertex 23.04277569313095 27.347369038899743 6.843422071641306
      vertex 23.17037086855466 26.705904774487397 6.753270148489039
    endloop
  endfacet
  facet normal 0.9978589232386034 0.06540312923014452 0
    outer loop
      vertex 23.04277569313095 27.347369038899743 3
      vertex 23 28 6.93514337166696
      vertex 23.04277569313095 27.347369038899743 6.843422071641306
    endloop
  endfacet
  facet normal 0.06540312923014453 0.9978589232386035 0
    outer loop
      vertex 28 23 3
      vertex 27.347369038899743 23.04277569313095 6.2384509297726005
      vertex 28 23 6.232439198155004
    endloop
  endfacet
  facet normal 0 0 1
    outer loop
      vertex 24.464466094067262 24.464466094067262 3
      vertex 23 127 3
      vertex 23 28 3
    endloop
  endfacet
  facet normal 1 0 0
    outer loop
      vertex 23 28 6.93514337166696
      vertex 23 57.62627895432029 3.543793690662933
      vertex 23 56.58505172378458 10.952510400938678
    endloop
  endfacet
  facet normal 1 0 0
    outer loop
      vertex 23 28 3
      vertex 23 127 3
      vertex 23 57.62627895432029 3.543793690662933
    endloop
  endfacet
  facet normal 0 0 1
    outer loop
      vertex 24.464466094067262 24.464466094067262 3
      vertex 28 23 3
      vertex 142.53553390593274 24.464466094067262 3
    endloop
  endfacet
  facet normal 0 1 0
    outer loop
      vertex 28 23 3
      vertex 28 23 6.232439198155004
      vertex 139 23 3
    endloop
  endfacet
  facet normal 0 0 1
    outer loop
      vertex 24.464466094067262 24.464466094067262 3
      vertex 139.3672504707968 28.889180070126287 3
      vertex 28 132 3
    endloop
  endfacet
  facet normal 0 0 1
    outer loop
      vertex 24.464466094067262 24.464466094067262 3
      vertex 28 132 3
      vertex 23 127 3
    endloop
  endfacet
  facet normal 1 0 0
    outer loop
      vertex 23 57.62627895432029 3.543793690662933
      vertex 23 127 3
      vertex 23 102.18834204769095 9.806583233865878
    endloop
  endfacet
  facet normal 1 0 0
    outer loop
      vertex 23 102.18834204769095 9.806583233865878
      vertex 23 127 3
      vertex 23 127 20.84868600720371
    endloop
  endfacet
  facet normal 1 0 0
    outer loop
      vertex 23 102.18834204769095 9.806583233865878
      vertex 23 127 20.84868600720371
      vertex 23 101.14711481715524 17.215299944141623
    endloop
  endfacet
  facet normal 0 0 1
    outer loop
      vertex 23 127 3
      vertex 23.17037086855466 128.2940952255126 3
      vertex 23.04277569313095 127.65263096110026 3
    endloop
  endfacet
  facet normal 0 0 1
    outer loop
      vertex 23 127 3
      vertex 23.380602337443566 128.91341716182546 3
      vertex 23.17037086855466 128.2940952255126 3
    endloop
  endfacet
  facet normal 0 0 1
    outer loop
      vertex 23 127 3
      vertex 24.464466094067262 130.53553390593274 3
      vertex 23.380602337443566 128.91341716182546 3
    endloop
  endfacet
  facet normal 0 0 1
    outer loop
      vertex 23.380602337443566 128.91341716182546 3
      vertex 24.033233298543824 130.04380714504362 3
      vertex 23.66987298107781 129.5 3
    endloop
  endfacet
  facet normal 0 0 1
    outer loop
      vertex 23.380602337443566 128.91341716182546 3
      vertex 24.464466094067262 130.53553390593274 3
      vertex 24.033233298543824 130.04380714504362 3
    endloop
  endfacet
  facet normal 0 0 1
    outer loop
      vertex 23 127 3
      vertex 28 132 3
      vertex 24.464466094067262 130.53553390593274 3
    endloop
  endfacet
  facet normal 0 0 1
    outer loop
      vertex 24.464466094067262 130.53553390593274 3
      vertex 25.5 131.3301270189222 3
      vertex 24.9561928549564 130.96676670145618 3
    endloop
  endfacet
  facet normal 0 0 1
    outer loop
      vertex 24.464466094067262 130.53553390593274 3
      vertex 26.08658283817455 131.61939766255642 3
      vertex 25.5 131.3301270189222 3
    endloop
  endfacet
  facet normal 0 0 1
    outer loop
      vertex 24.464466094067262 130.53553390593274 3
      vertex 28 132 3
      vertex 26.08658283817455 131.61939766255642 3
    endloop
  endfacet
  facet normal 0 0 1
    outer loop
      vertex 26.08658283817455 131.61939766255642 3
      vertex 27.347369038899743 131.95722430686905 3
      vertex 26.705904774487397 131.82962913144536 3
    endloop
  endfacet
  facet normal 0 0 1
    outer loop
      vertex 26.08658283817455 131.61939766255642 3
      vertex 28 132 3
      vertex 27.347369038899743 131.95722430686905 3
    endloop
  endfacet
  facet normal 0.9978589232386034 -0.06540312923014452 0
    outer loop
      vertex 23 127 3
      vertex 23.04277569313095 127.65263096110026 3
      vertex 23 127 20.84868600720371
    endloop
  endfacet
  facet normal 0.9807852804032298 -0.19509032201613144 0
    outer loop
      vertex 23.04277569313095 127.65263096110026 3
      vertex 23.17037086855466 128.2940952255126 3
      vertex 23.17037086855466 128.2940952255126 21.03055923038163
    endloop
  endfacet
  facet normal 0.9469301294951104 -0.3214394653031477 0
    outer loop
      vertex 23.17037086855466 128.2940952255126 3
      vertex 23.380602337443566 128.91341716182546 3
      vertex 23.380602337443566 128.91341716182546 21.117599252260547
    endloop
  endfacet
  facet normal 0.8968727415326823 -0.4422886902190134 0
    outer loop
      vertex 23.380602337443566 128.91341716182546 3
      vertex 23.66987298107781 129.5 3
      vertex 23.380602337443566 128.91341716182546 21.117599252260547
    endloop
  endfacet
  facet normal 0.8314696123025531 -0.5555702330195905 0
    outer loop
      vertex 23.66987298107781 129.5 3
      vertex 24.033233298543824 130.04380714504362 3
      vertex 24.033233298543824 130.04380714504362 21.276465204041244
    endloop
  endfacet
  facet normal 0.751839807478969 -0.6593458151000786 0
    outer loop
      vertex 24.033233298543824 130.04380714504362 3
      vertex 24.464466094067262 130.53553390593274 3
      vertex 24.464466094067262 130.53553390593274 21.34557289346211
    endloop
  endfacet
  facet normal 0.6593458151000708 -0.7518398074789756 0
    outer loop
      vertex 24.464466094067262 130.53553390593274 3
      vertex 24.9561928549564 130.96676670145618 3
      vertex 24.9561928549564 130.96676670145618 21.406178710496015
    endloop
  endfacet
  facet normal 0.5555702330196193 -0.8314696123025338 0
    outer loop
      vertex 24.9561928549564 130.96676670145618 3
      vertex 25.5 131.3301270189222 3
      vertex 25.5 131.3301270189222 21.45724567281042
    endloop
  endfacet
  facet normal 0.44228869021896544 -0.8968727415327059 0
    outer loop
      vertex 25.5 131.3301270189222 3
      vertex 26.08658283817455 131.61939766255642 3
      vertex 26.08658283817455 131.61939766255642 21.497900010521672
    endloop
  endfacet
  facet normal 0.3214394653031983 -0.9469301294950933 0
    outer loop
      vertex 26.08658283817455 131.61939766255642 3
      vertex 26.705904774487397 131.82962913144536 3
      vertex 26.705904774487397 131.82962913144536 21.52744611664003
    endloop
  endfacet
  facet normal 0.1950903220161022 -0.9807852804032355 0
    outer loop
      vertex 26.705904774487397 131.82962913144536 3
      vertex 27.347369038899743 131.95722430686905 3
      vertex 26.705904774487397 131.82962913144536 21.52744611664003
    endloop
  endfacet
  facet normal 0.06540312923014452 -0.9978589232386034 0
    outer loop
      vertex 27.347369038899743 131.95722430686905 3
      vertex 28 132 3
      vertex 28 132 21.55139018071567
    endloop
  endfacet
  facet normal 0.9978589232386035 -0.06540312923014453 0
    outer loop
      vertex 23.04277569313095 127.65263096110026 3
      vertex 23.04277569313095 127.65263096110026 20.940407307229368
      vertex 23 127 20.84868600720371
    endloop
  endfacet
  facet normal 0.9807852804032298 -0.1950903220161314 0
    outer loop
      vertex 23.04277569313095 127.65263096110026 3
      vertex 23.17037086855466 128.2940952255126 21.03055923038163
      vertex 23.04277569313095 127.65263096110026 20.940407307229368
    endloop
  endfacet
  facet normal 0.9469301294951105 -0.3214394653031477 0
    outer loop
      vertex 23.17037086855466 128.2940952255126 3
      vertex 23.380602337443566 128.91341716182546 21.117599252260547
      vertex 23.17037086855466 128.2940952255126 21.03055923038163
    endloop
  endfacet
  facet normal 0.8968727415326824 -0.44228869021901346 0
    outer loop
      vertex 23.66987298107781 129.5 3
      vertex 23.66987298107781 129.5 21.20003809395969
      vertex 23.380602337443566 128.91341716182546 21.117599252260547
    endloop
  endfacet
  facet normal 0.8314696123025531 -0.5555702330195905 0
    outer loop
      vertex 23.66987298107781 129.5 3
      vertex 24.033233298543824 130.04380714504362 21.276465204041244
      vertex 23.66987298107781 129.5 21.20003809395969
    endloop
  endfacet
  facet normal 0.7518398074789688 -0.6593458151000785 0
    outer loop
      vertex 24.033233298543824 130.04380714504362 3
      vertex 24.464466094067262 130.53553390593274 21.34557289346211
      vertex 24.033233298543824 130.04380714504362 21.276465204041244
    endloop
  endfacet
  facet normal 0.6593458151000708 -0.7518398074789757 0
    outer loop
      vertex 24.464466094067262 130.53553390593274 3
      vertex 24.9561928549564 130.96676670145618 21.406178710496015
      vertex 24.464466094067262 130.53553390593274 21.34557289346211
    endloop
  endfacet
  facet normal 0.5555702330196193 -0.8314696123025339 0
    outer loop
      vertex 24.9561928549564 130.96676670145618 3
      vertex 25.5 131.3301270189222 21.45724567281042
      vertex 24.9561928549564 130.96676670145618 21.406178710496015
    endloop
  endfacet
  facet normal 0.44228869021896544 -0.8968727415327059 0
    outer loop
      vertex 25.5 131.3301270189222 3
      vertex 26.08658283817455 131.61939766255642 21.497900010521672
      vertex 25.5 131.3301270189222 21.45724567281042
    endloop
  endfacet
  facet normal 0.3214394653031982 -0.9469301294950931 0
    outer loop
      vertex 26.08658283817455 131.61939766255642 3
      vertex 26.705904774487397 131.82962913144536 21.52744611664003
      vertex 26.08658283817455 131.61939766255642 21.497900010521672
    endloop
  endfacet
  facet normal 0.1950903220161022 -0.9807852804032355 0
    outer loop
      vertex 27.347369038899743 131.95722430686905 3
      vertex 27.347369038899743 131.95722430686905 21.54537844909807
      vertex 26.705904774487397 131.82962913144536 21.52744611664003
    endloop
  endfacet
  facet normal 0.06540312923014452 -0.9978589232386034 0
    outer loop
      vertex 27.347369038899743 131.95722430686905 3
      vertex 28 132 21.55139018071567
      vertex 27.347369038899743 131.95722430686905 21.54537844909807
    endloop
  endfacet
  facet normal 0 0 1
    outer loop
      vertex 28 132 3
      vertex 103.9 78 3
      vertex 103.9 132 3
    endloop
  endfacet
  facet normal 0 -1 0
    outer loop
      vertex 28 132 3
      vertex 103.9 132 3
      vertex 103.9 132 3.01
    endloop
  endfacet
  facet normal 0 -1 0
    outer loop
      vertex 28 132 3
      vertex 103.9 132 3.01
      vertex 104.9 132 21.55139018071567
    endloop
  endfacet
  facet normal 0 -1 0
    outer loop
      vertex 28 132 3
      vertex 104.9 132 21.55139018071567
      vertex 28 132 21.55139018071567
    endloop
  endfacet
  facet normal 0 0 1
    outer loop
      vertex 28 23 3
      vertex 139 23 3
      vertex 142.53553390593274 24.464466094067262 3
    endloop
  endfacet
  facet normal 0 0 1
    outer loop
      vertex 24.464466094067262 24.464466094067262 3
      vertex 142.53553390593274 24.464466094067262 3
      vertex 139.52072991386902 27.99 3
    endloop
  endfacet
  facet normal 0 0 1
    outer loop
      vertex 24.464466094067262 24.464466094067262 3
      vertex 139.52072991386902 27.99 3
      vertex 139.3672504707968 28.889180070126287 3
    endloop
  endfacet
  facet normal 0 1 0
    outer loop
      vertex 28 23 6.232439198155004
      vertex 139 23 6.232439198155003
      vertex 139 23 3
    endloop
  endfacet
  facet normal 0 0 1
    outer loop
      vertex 28 132 3
      vertex 139.3672504707968 28.889180070126287 3
      vertex 103.9 78 3
    endloop
  endfacet
  facet normal 0 0 1
    outer loop
      vertex 103.9 78 3
      vertex 139.3672504707968 28.889180070126287 3
      vertex 131.08475971551275 78 3
    endloop
  endfacet
  facet normal 0 0 1
    outer loop
      vertex 139 23 3
      vertex 139.65263096110027 23.04277569313095 3
      vertex 140.2940952255126 23.17037086855466 3
    endloop
  endfacet
  facet normal 0 0 1
    outer loop
      vertex 139 23 3
      vertex 140.2940952255126 23.17037086855466 3
      vertex 140.91341716182546 23.380602337443566 3
    endloop
  endfacet
  facet normal 0 0 1
    outer loop
      vertex 139 23 3
      vertex 140.91341716182546 23.380602337443566 3
      vertex 142.53553390593274 24.464466094067262 3
    endloop
  endfacet
  facet normal 0 0 1
    outer loop
      vertex 140.91341716182546 23.380602337443566 3
      vertex 141.5 23.66987298107781 3
      vertex 142.53553390593274 24.464466094067262 3
    endloop
  endfacet
  facet normal 0 0 1
    outer loop
      vertex 141.5 23.66987298107781 3
      vertex 142.04380714504362 24.033233298543824 3
      vertex 142.53553390593274 24.464466094067262 3
    endloop
  endfacet
  facet normal -0.0654031292301431 0.9978589232386036 0
    outer loop
      vertex 139 23 3
      vertex 139 23 6.232439198155003
      vertex 139.65263096110027 23.04277569313095 3
    endloop
  endfacet
  facet normal -0.19509032201613558 0.9807852804032289 0
    outer loop
      vertex 139.65263096110027 23.04277569313095 3
      vertex 139.65263096110027 23.04277569313095 6.2384509297726005
      vertex 140.2940952255126 23.17037086855466 3
    endloop
  endfacet
  facet normal -0.3214394653031477 0.9469301294951104 0
    outer loop
      vertex 140.2940952255126 23.17037086855466 3
      vertex 140.2940952255126 23.17037086855466 6.256383262230647
      vertex 140.91341716182546 23.380602337443566 3
    endloop
  endfacet
  facet normal -0.4422886902190134 0.8968727415326823 0
    outer loop
      vertex 140.91341716182546 23.380602337443566 3
      vertex 140.91341716182546 23.380602337443566 6.285929368349003
      vertex 141.5 23.66987298107781 3
    endloop
  endfacet
  facet normal -0.5555702330195904 0.8314696123025531 0
    outer loop
      vertex 141.5 23.66987298107781 3
      vertex 141.5 23.66987298107781 6.3265837060602585
      vertex 142.04380714504362 24.033233298543824 3
    endloop
  endfacet
  facet normal 0 0 1
    outer loop
      vertex 139.52072991386902 27.99 3
      vertex 142.53553390593274 24.464466094067262 3
      vertex 143.61939766255642 26.08658283817455 3
    endloop
  endfacet
  facet normal 0 0 1
    outer loop
      vertex 142.53553390593274 24.464466094067262 3
      vertex 142.96676670145618 24.9561928549564 3
      vertex 143.3301270189222 25.5 3
    endloop
  endfacet
  facet normal 0 0 1
    outer loop
      vertex 142.53553390593274 24.464466094067262 3
      vertex 143.3301270189222 25.5 3
      vertex 143.61939766255642 26.08658283817455 3
    endloop
  endfacet
  facet normal -0.6593458151000785 0.751839807478969 0
    outer loop
      vertex 142.04380714504362 24.033233298543824 3
      vertex 142.04380714504362 24.033233298543824 6.377650668374658
      vertex 142.53553390593274 24.464466094067262 3
    endloop
  endfacet
  facet normal -0.7518398074789756 0.6593458151000708 0
    outer loop
      vertex 142.53553390593274 24.464466094067262 3
      vertex 142.53553390593274 24.464466094067262 6.4382564854085675
      vertex 142.96676670145618 24.9561928549564 3
    endloop
  endfacet
  facet normal -0.8314696123025339 0.5555702330196193 0
    outer loop
      vertex 142.96676670145618 24.9561928549564 3
      vertex 142.96676670145618 24.9561928549564 6.50736417482943
      vertex 143.3301270189222 25.5 3
    endloop
  endfacet
  facet normal -0.896872741532706 0.44228869021896555 0
    outer loop
      vertex 143.3301270189222 25.5 3
      vertex 143.3301270189222 25.5 6.5837912849109825
      vertex 143.61939766255642 26.08658283817455 3
    endloop
  endfacet
  facet normal 0 0 1
    outer loop
      vertex 139.52072991386902 27.99 3
      vertex 143.61939766255642 26.08658283817455 3
      vertex 143.82962913144536 26.705904774487397 3
    endloop
  endfacet
  facet normal 0 0 1
    outer loop
      vertex 139.52072991386902 27.99 3
      vertex 143.82962913144536 26.705904774487397 3
      vertex 143.95722430686905 27.347369038899743 3
    endloop
  endfacet
  facet normal 0 0 1
    outer loop
      vertex 139.52072991386902 27.99 3
      vertex 143.95722430686905 27.347369038899743 3
      vertex 143.99934456537184 27.99 3
    endloop
  endfacet
  facet normal -0.9469301294950933 0.3214394653031983 0
    outer loop
      vertex 143.61939766255642 26.08658283817455 3
      vertex 143.61939766255642 26.08658283817455 6.666230126610131
      vertex 143.82962913144536 26.705904774487397 3
    endloop
  endfacet
  facet normal -0.9807852804032355 0.19509032201610219 0
    outer loop
      vertex 143.82962913144536 26.705904774487397 3
      vertex 143.82962913144536 26.705904774487397 6.75327014848904
      vertex 143.95722430686905 27.347369038899743 3
    endloop
  endfacet
  facet normal -0.9978589232386039 0.06540312923013673 0
    outer loop
      vertex 143.95722430686905 27.347369038899743 3
      vertex 143.95722430686905 27.347369038899743 6.843422071641307
      vertex 143.99934456537184 27.99 3
    endloop
  endfacet
  facet normal -0.0654031292301431 0.9978589232386035 0
    outer loop
      vertex 139.65263096110027 23.04277569313095 3
      vertex 139 23 6.232439198155003
      vertex 139.65263096110027 23.04277569313095 6.2384509297726005
    endloop
  endfacet
  facet normal -0.1950903220161356 0.9807852804032289 0
    outer loop
      vertex 140.2940952255126 23.17037086855466 3
      vertex 139.65263096110027 23.04277569313095 6.2384509297726005
      vertex 140.2940952255126 23.17037086855466 6.256383262230647
    endloop
  endfacet
  facet normal -0.3214394653031477 0.9469301294951102 0
    outer loop
      vertex 140.91341716182546 23.380602337443566 3
      vertex 140.2940952255126 23.17037086855466 6.256383262230647
      vertex 140.91341716182546 23.380602337443566 6.285929368349003
    endloop
  endfacet
  facet normal -0.44228869021901346 0.8968727415326824 0
    outer loop
      vertex 141.5 23.66987298107781 3
      vertex 140.91341716182546 23.380602337443566 6.285929368349003
      vertex 141.5 23.66987298107781 6.3265837060602585
    endloop
  endfacet
  facet normal -0.5555702330195904 0.8314696123025531 0
    outer loop
      vertex 142.04380714504362 24.033233298543824 3
      vertex 141.5 23.66987298107781 6.3265837060602585
      vertex 142.04380714504362 24.033233298543824 6.377650668374658
    endloop
  endfacet
  facet normal -0.6593458151000785 0.7518398074789688 0
    outer loop
      vertex 142.53553390593274 24.464466094067262 3
      vertex 142.04380714504362 24.033233298543824 6.377650668374658
      vertex 142.53553390593274 24.464466094067262 6.4382564854085675
    endloop
  endfacet
  facet normal -0.7518398074789756 0.659345815100071 0
    outer loop
      vertex 142.96676670145618 24.9561928549564 3
      vertex 142.53553390593274 24.464466094067262 6.4382564854085675
      vertex 142.96676670145618 24.9561928549564 6.50736417482943
    endloop
  endfacet
  facet normal -0.8314696123025338 0.5555702330196193 0
    outer loop
      vertex 143.3301270189222 25.5 3
      vertex 142.96676670145618 24.9561928549564 6.50736417482943
      vertex 143.3301270189222 25.5 6.5837912849109825
    endloop
  endfacet
  facet normal -0.896872741532706 0.44228869021896544 0
    outer loop
      vertex 143.61939766255642 26.08658283817455 3
      vertex 143.3301270189222 25.5 6.5837912849109825
      vertex 143.61939766255642 26.08658283817455 6.666230126610131
    endloop
  endfacet
  facet normal -0.9469301294950933 0.3214394653031983 0
    outer loop
      vertex 143.82962913144536 26.705904774487397 3
      vertex 143.61939766255642 26.08658283817455 6.666230126610131
      vertex 143.82962913144536 26.705904774487397 6.75327014848904
    endloop
  endfacet
  facet normal -0.9807852804032356 0.1950903220161022 0
    outer loop
      vertex 143.95722430686905 27.347369038899743 3
      vertex 143.82962913144536 26.705904774487397 6.75327014848904
      vertex 143.95722430686905 27.347369038899743 6.843422071641307
    endloop
  endfacet
  facet normal -0.9978589232386038 0.06540312923013673 0
    outer loop
      vertex 143.99934456537184 27.99 3
      vertex 143.95722430686905 27.347369038899743 6.843422071641307
      vertex 143.99934456537184 27.99 6.687590461203597
    endloop
  endfacet
  facet normal -0.9978589232386036 0.06540312923014167 2.0408743610346697e-14
    outer loop
      vertex 143.95722430686905 27.347369038899743 6.843422071641307
      vertex 144 28 6.93514337166696
      vertex 143.99934456537184 27.99 6.687590461203597
    endloop
  endfacet
  facet normal -0.9978589232385706 0.06540312923064498 0
    outer loop
      vertex 144 28 6.6895355396653144
      vertex 143.99934456537184 27.99 6.687590461203597
      vertex 144 28 6.93514337166696
    endloop
  endfacet
  facet normal -1 0 0
    outer loop
      vertex 144 28 6.6895355396653144
      vertex 144 28 6.93514337166696
      vertex 144 79 14.102725941488922
    endloop
  endfacet
  facet normal -1 0 0
    outer loop
      vertex 144 78.5 3.01
      vertex 144 78.5 13.783563443492067
      vertex 144 79 3.01
    endloop
  endfacet
  facet normal -1 0 0
    outer loop
      vertex 144 28 6.6895355396653144
      vertex 144 79 14.102725941488922
      vertex 144 75.47337696815228 13.361483564830763
    endloop
  endfacet
  facet normal -1 0 0
    outer loop
      vertex 144 79 3.01
      vertex 144 78.5 13.783563443492067
      vertex 144 79 14.102725941488922
    endloop
  endfacet
  facet normal -1 0 0
    outer loop
      vertex 144 75.47337696815228 13.361483564830763
      vertex 144 79 14.102725941488922
      vertex 144 78.49 13.783563443492067
    endloop
  endfacet
  facet normal -1 0 0
    outer loop
      vertex 144 78.49 13.783563443492067
      vertex 144 79 14.102725941488922
      vertex 144 78.5 13.783563443492067
    endloop
  endfacet
  facet normal 0 -1 0
    outer loop
      vertex 103.9 132 3.01
      vertex 104.9 132 3.01
      vertex 104.9 132 21.55139018071567
    endloop
  endfacet
  facet normal 1 0 0
    outer loop
      vertex 134 142.0621222610428 23.265529242160124
      vertex 134 142.5 23.32706894509077
      vertex 134 142.5 29.235176023632413
    endloop
  endfacet
  facet normal 1 0 0
    outer loop
      vertex 134 142.0621222610428 23.265529242160124
      vertex 134 142.5 29.63517602363241
      vertex 134 141.16692678561526 29.63517602363241
    endloop
  endfacet
  facet normal 1 0 0
    outer loop
      vertex 134 142.0621222610428 23.265529242160124
      vertex 134 142.5 29.235176023632413
      vertex 134 142.5 29.63517602363241
    endloop
  endfacet
  facet normal 0 0 -1
    outer loop
      vertex 134 141.16692678561526 29.63517602363241
      vertex 134 142.5 29.63517602363241
      vertex 167 141.16692678561526 29.63517602363241
    endloop
  endfacet
  facet normal 0 -1 0
    outer loop
      vertex 134 142.5 29.235176023632413
      vertex 167 142.5 29.63517602363241
      vertex 134 142.5 29.63517602363241
    endloop
  endfacet
  facet normal 0 -1 0
    outer loop
      vertex 134 142.5 29.235176023632413
      vertex 167 142.5 29.235176023632413
      vertex 167 142.5 29.63517602363241
    endloop
  endfacet
  facet normal 0 0 -1
    outer loop
      vertex 134 142.5 29.63517602363241
      vertex 167 142.5 29.63517602363241
      vertex 167 141.16692678561526 29.63517602363241
    endloop
  endfacet
  facet normal -1.9169910731695168e-16 -0.13917310096006485 0.9902680687415705
    outer loop
      vertex 8.471387845277786 18.739520525580303 5.633667856587653
      vertex 24.033233298543824 24.9561928549564 6.507364174829429
      vertex 8.45 19.062660323275228 5.67908219348126
    endloop
  endfacet
  facet normal -2.265050977463048e-16 -0.13917310096006474 0.9902680687415704
    outer loop
      vertex 8.471387845277786 18.739520525580303 5.633667856587653
      vertex 8.535185430943965 18.421909737037026 5.589030571255297
      vertex 24.033233298543824 24.9561928549564 6.507364174829429
    endloop
  endfacet
  facet normal -5.898053270864591e-16 -0.13917310096006394 0.9902680687415706
    outer loop
      vertex 8.535185430943965 18.421909737037026 5.589030571255297
      vertex 24.464466094067262 24.464466094067262 6.4382564854085675
      vertex 24.033233298543824 24.9561928549564 6.507364174829429
    endloop
  endfacet
  facet normal -2.4855561959938753e-16 -0.1391731009600648 0.9902680687415705
    outer loop
      vertex 8.45 19.062660323275228 5.67908219348126
      vertex 24.033233298543824 24.9561928549564 6.507364174829429
      vertex 23.66987298107781 25.5 6.583791284910981
    endloop
  endfacet
  facet normal 6.521200975649785e-16 -0.1391731009600668 0.99026806874157
    outer loop
      vertex 8.45 19.062660323275228 5.67908219348126
      vertex 23.66987298107781 25.5 6.583791284910981
      vertex 23.380602337443566 26.08658283817455 6.666230126610131
    endloop
  endfacet
  facet normal -2.4605813467273784e-16 -0.13917310096006494 0.9902680687415704
    outer loop
      vertex 8.45 19.062660323275228 5.67908219348126
      vertex 23.380602337443566 26.08658283817455 6.666230126610131
      vertex 23.17037086855466 26.705904774487397 6.753270148489039
    endloop
  endfacet
  facet normal -1.6885176205425328e-16 -0.13917310096006494 0.9902680687415705
    outer loop
      vertex 8.45 19.062660323275228 5.67908219348126
      vertex 23.17037086855466 26.705904774487397 6.753270148489039
      vertex 23.04277569313095 27.347369038899743 6.843422071641306
    endloop
  endfacet
  facet normal 5.342341458230908e-16 -0.13917310096006633 0.9902680687415703
    outer loop
      vertex 8.45 19.062660323275228 5.67908219348126
      vertex 23.04277569313095 27.347369038899743 6.843422071641306
      vertex 23 28 6.93514337166696
    endloop
  endfacet
  facet normal -1.9505727238786205e-16 -0.13917310096006508 0.9902680687415705
    outer loop
      vertex 8.535185430943965 18.421909737037026 5.589030571255297
      vertex 25.5 23.66987298107781 6.3265837060602585
      vertex 24.9561928549564 24.033233298543824 6.377650668374658
    endloop
  endfacet
  facet normal 0 -0.13917310096006524 0.9902680687415704
    outer loop
      vertex 8.535185430943965 18.421909737037026 5.589030571255297
      vertex 26.08658283817455 23.380602337443566 6.285929368349004
      vertex 25.5 23.66987298107781 6.3265837060602585
    endloop
  endfacet
  facet normal 5.20366767151903e-16 -0.13917310096006738 0.9902680687415699
    outer loop
      vertex 8.535185430943965 18.421909737037026 5.589030571255297
      vertex 26.705904774487397 23.17037086855466 6.256383262230647
      vertex 26.08658283817455 23.380602337443566 6.285929368349004
    endloop
  endfacet
  facet normal -8.937893369123402e-17 -0.13917310096006533 0.9902680687415704
    outer loop
      vertex 8.535185430943965 18.421909737037026 5.589030571255297
      vertex 24.9561928549564 24.033233298543824 6.377650668374658
      vertex 24.464466094067262 24.464466094067262 6.4382564854085675
    endloop
  endfacet
  facet normal -2.459336163530489e-16 -0.1391731009600648 0.9902680687415705
    outer loop
      vertex 8.535185430943965 18.421909737037026 5.589030571255297
      vertex 27.347369038899743 23.04277569313095 6.2384509297726005
      vertex 26.705904774487397 23.17037086855466 6.256383262230647
    endloop
  endfacet
  facet normal -2.302191170821556e-16 -0.1391731009600644 0.9902680687415705
    outer loop
      vertex 8.535185430943965 18.421909737037026 5.589030571255297
      vertex 28 23 6.232439198155004
      vertex 27.347369038899743 23.04277569313095 6.2384509297726005
    endloop
  endfacet
  facet normal 2.6010422508460675e-17 -0.1391731009600655 0.9902680687415703
    outer loop
      vertex 8.45 19.062660323275228 5.67908219348126
      vertex 23 28 6.93514337166696
      vertex 9 56.58505172378458 10.95251040093868
    endloop
  endfacet
  facet normal -1.0247557223168805e-14 -0.13917310096006907 0.9902680687415698
    outer loop
      vertex 23 28 6.93514337166696
      vertex 13.56510557068517 48.514519364246866 9.818271046636589
      vertex 13.397918471982864 48.65971162723121 9.838676488468737
    endloop
  endfacet
  facet normal 7.747423190635489e-15 -0.13917310096006233 0.9902680687415707
    outer loop
      vertex 23 28 6.93514337166696
      vertex 14.16000762332571 48.22400122612096 9.777441385008188
      vertex 13.949438164979341 48.29478429975397 9.787389297259374
    endloop
  endfacet
  facet normal 5.333031601128625e-15 -0.13917310096006447 0.9902680687415705
    outer loop
      vertex 23 28 6.93514337166696
      vertex 13.749999999999995 48.39217916350317 9.801077252706412
      vertex 13.56510557068517 48.514519364246866 9.818271046636589
    endloop
  endfacet
  facet normal -4.444793589576198e-15 -0.13917310096006663 0.9902680687415701
    outer loop
      vertex 23 28 6.93514337166696
      vertex 13.949438164979341 48.29478429975397 9.787389297259374
      vertex 13.749999999999995 48.39217916350317 9.801077252706412
    endloop
  endfacet
  facet normal 4.888380540050247e-15 -0.13917310096006671 0.9902680687415701
    outer loop
      vertex 23 28 6.93514337166696
      vertex 13.397918471982864 48.65971162723121 9.838676488468737
      vertex 13.251299321504895 48.82527167258166 9.861944435435655
    endloop
  endfacet
  facet normal -1.7455226092724893e-15 -0.13917310096006733 0.9902680687415701
    outer loop
      vertex 23 28 6.93514337166696
      vertex 14.378105473225906 48.18104106061878 9.77140372748956
      vertex 14.16000762332571 48.22400122612096 9.777441385008188
    endloop
  endfacet
  facet normal 0 -0.139173100960066 0.9902680687415701
    outer loop
      vertex 23 28 6.93514337166696
      vertex 14.599999999999994 48.16663886358998 9.769379630697584
      vertex 14.378105473225906 48.18104106061878 9.77140372748956
    endloop
  endfacet
  facet normal 0 -0.13917310096006552 0.9902680687415703
    outer loop
      vertex 23 28 6.93514337166696
      vertex 14.821894526774082 48.18104106061878 9.77140372748956
      vertex 14.599999999999994 48.16663886358998 9.769379630697584
    endloop
  endfacet
  facet normal -5.836823946088112e-15 -0.13917310096006744 0.99026806874157
    outer loop
      vertex 23 28 6.93514337166696
      vertex 15.250561835020648 48.29478429975397 9.787389297259374
      vertex 15.03999237667428 48.22400122612096 9.777441385008188
    endloop
  endfacet
  facet normal 1.4804569273300409e-15 -0.13917310096006436 0.9902680687415704
    outer loop
      vertex 23 28 6.93514337166696
      vertex 15.03999237667428 48.22400122612096 9.777441385008188
      vertex 14.821894526774082 48.18104106061878 9.77140372748956
    endloop
  endfacet
  facet normal 2.9303721779977964e-15 -0.13917310096006452 0.9902680687415705
    outer loop
      vertex 23 28 6.93514337166696
      vertex 15.449999999999994 48.39217916350317 9.801077252706412
      vertex 15.250561835020648 48.29478429975397 9.787389297259374
    endloop
  endfacet
  facet normal 4.496916040239634e-15 -0.13917310096006355 0.9902680687415707
    outer loop
      vertex 23 28 6.93514337166696
      vertex 15.63489442931482 48.514519364246866 9.818271046636587
      vertex 15.449999999999994 48.39217916350317 9.801077252706412
    endloop
  endfacet
  facet normal -3.1278467311318414e-15 -0.1391731009600657 0.9902680687415703
    outer loop
      vertex 23 28 6.93514337166696
      vertex 15.802081528017125 48.65971162723121 9.838676488468737
      vertex 15.63489442931482 48.514519364246866 9.818271046636587
    endloop
  endfacet
  facet normal 0.751839804599214 0.6529291102037654 0.09176320214952693
    outer loop
      vertex 8.966616649925708 17.55556780977719 5.4672741536605205
      vertex 8.966616649925708 15.529633244522246 19.882547618807166
      vertex 9.18223304748535 17.312097157223377 5.433056584925071
    endloop
  endfacet
  facet normal 0.659345818383806 0.7445229513035062 0.10463587703128271
    outer loop
      vertex 9.18223304748535 17.312097157223377 5.433056584925071
      vertex 9.18223304748535 15.286162591968433 19.848330050071716
      vertex 9.428096425533294 17.098579123622976 5.403048582258858
    endloop
  endfacet
  facet normal 0.5555702282588691 0.8233778103422064 0.11571820474092104
    outer loop
      vertex 9.7 16.91866706464887 5.377763591317611
      vertex 9.428096425533294 17.098579123622976 5.403048582258858
      vertex 9.428096425533294 15.072644558368031 19.818322047405502
    endloop
  endfacet
  facet normal 0.8314696154835708 0.5501634569882158 0.07732043146787702
    outer loop
      vertex 8.966616649925708 17.55556780977719 5.4672741536605205
      vertex 8.78493649214506 17.824825237348268 5.505115817281178
      vertex 8.78493649214506 15.798890672093325 19.920389282427823
    endloop
  endfacet
  facet normal 0.8968727444820811 0.4379843611668364 0.06155468770498083
    outer loop
      vertex 8.78493649214506 17.824825237348268 5.505115817281178
      vertex 8.640301172435283 18.11526236515712 5.545934093651999
      vertex 8.640301172435283 16.089327799902176 19.961207558798645
    endloop
  endfacet
  facet normal 0.9469301238864929 0.31831125488472906 0.044735729456665464
    outer loop
      vertex 8.640301172435283 18.11526236515712 5.545934093651999
      vertex 8.535185430943965 18.421909737037026 5.589030571255297
      vertex 8.535185430943965 16.395975171782084 20.00430403640194
    endloop
  endfacet
  facet normal 0.9807852815296796 0.1931917108051519 0.027151324294139047
    outer loop
      vertex 8.471387845277786 18.739520525580303 5.633667856587653
      vertex 8.471387845277786 16.71358596032536 20.048941321734297
      vertex 8.535185430943965 18.421909737037026 5.589030571255297
    endloop
  endfacet
  facet normal 0.9978589234555667 0.06476662719438414 0.00910235584675736
    outer loop
      vertex 8.471387845277786 18.739520525580303 5.633667856587653
      vertex 8.45 19.062660323275228 5.67908219348126
      vertex 8.45 17.03672575802028 20.094355658627904
    endloop
  endfacet
  facet normal 0.44228868423822276 0.888144440585223 0.12482056101613569
    outer loop
      vertex 9.7 16.91866706464887 5.377763591317611
      vertex 9.7 14.892732499393926 19.793037056464254
      vertex 9.99329141974449 16.775439325928048 5.357634245365251
    endloop
  endfacet
  facet normal 0.32143948182560017 0.9377146650142937 0.13178720173378225
    outer loop
      vertex 9.99329141974449 16.775439325928048 5.357634245365251
      vertex 9.99329141974449 14.749504760673103 19.772907710511895
      vertex 10.302952390909194 16.671346563607102 5.343004961662187
    endloop
  endfacet
  facet normal 0.1950903163530811 0.9712403465905541 0.13649892900647637
    outer loop
      vertex 10.302952390909194 16.671346563607102 5.343004961662187
      vertex 10.302952390909194 14.64541199835216 19.758278426808833
      vertex 10.623684522509574 16.60816985165908 5.33412605383126
    endloop
  endfacet
  facet normal 0.06540312591992366 0.9881478290068864 0.13887512069798372
    outer loop
      vertex 10.623684522509574 16.60816985165908 5.33412605383126
      vertex 10.623684522509574 14.582235286404138 19.749399518977903
      vertex 10.95 16.586990151421304 5.331149441081096
    endloop
  endfacet
  facet normal 0.442288684238227 0.8881444405852211 0.12482056101613552
    outer loop
      vertex 9.99329141974449 16.775439325928048 5.357634245365251
      vertex 9.7 14.892732499393926 19.793037056464254
      vertex 9.99329141974449 14.749504760673103 19.772907710511895
    endloop
  endfacet
  facet normal 0.3214394818255944 0.9377146650142956 0.1317872017337824
    outer loop
      vertex 10.302952390909194 16.671346563607102 5.343004961662187
      vertex 9.99329141974449 14.749504760673103 19.772907710511895
      vertex 10.302952390909194 14.64541199835216 19.758278426808833
    endloop
  endfacet
  facet normal 0.5555702282588654 0.8233778103422088 0.11571820474092132
    outer loop
      vertex 9.7 16.91866706464887 5.377763591317611
      vertex 9.428096425533294 15.072644558368031 19.818322047405502
      vertex 9.7 14.892732499393926 19.793037056464254
    endloop
  endfacet
  facet normal 0.19509031635308233 0.971240346590554 0.13649892900647634
    outer loop
      vertex 10.623684522509574 16.60816985165908 5.33412605383126
      vertex 10.302952390909194 14.64541199835216 19.758278426808833
      vertex 10.623684522509574 14.582235286404138 19.749399518977903
    endloop
  endfacet
  facet normal 0.06540312591992366 0.9881478290068864 0.13887512069798372
    outer loop
      vertex 10.95 16.586990151421304 5.331149441081096
      vertex 10.623684522509574 14.582235286404138 19.749399518977903
      vertex 10.95 14.561055586166361 19.74642290622774
    endloop
  endfacet
  facet normal 0.8314696154835723 0.5501634569882133 0.07732043146787675
    outer loop
      vertex 8.966616649925708 17.55556780977719 5.4672741536605205
      vertex 8.78493649214506 15.798890672093325 19.920389282427823
      vertex 8.966616649925708 15.529633244522246 19.882547618807166
    endloop
  endfacet
  facet normal 0.7518398045992137 0.6529291102037657 0.09176320214952696
    outer loop
      vertex 9.18223304748535 17.312097157223377 5.433056584925071
      vertex 8.966616649925708 15.529633244522246 19.882547618807166
      vertex 9.18223304748535 15.286162591968433 19.848330050071716
    endloop
  endfacet
  facet normal 0.6593458183838066 0.744522951303506 0.10463587703128269
    outer loop
      vertex 9.428096425533294 17.098579123622976 5.403048582258858
      vertex 9.18223304748535 15.286162591968433 19.848330050071716
      vertex 9.428096425533294 15.072644558368031 19.818322047405502
    endloop
  endfacet
  facet normal 0.8968727444820811 0.4379843611668366 0.06155468770498085
    outer loop
      vertex 8.78493649214506 17.824825237348268 5.505115817281178
      vertex 8.640301172435283 16.089327799902176 19.961207558798645
      vertex 8.78493649214506 15.798890672093325 19.920389282427823
    endloop
  endfacet
  facet normal 0.9469301238864929 0.3183112548847291 0.044735729456665464
    outer loop
      vertex 8.640301172435283 18.11526236515712 5.545934093651999
      vertex 8.535185430943965 16.395975171782084 20.00430403640194
      vertex 8.640301172435283 16.089327799902176 19.961207558798645
    endloop
  endfacet
  facet normal 0.9807852815296798 0.193191710805152 0.027151324294139058
    outer loop
      vertex 8.535185430943965 18.421909737037026 5.589030571255297
      vertex 8.471387845277786 16.71358596032536 20.048941321734297
      vertex 8.535185430943965 16.395975171782084 20.00430403640194
    endloop
  endfacet
  facet normal 0.9978589234555667 0.06476662719438482 0.009102355846757443
    outer loop
      vertex 8.471387845277786 18.739520525580303 5.633667856587653
      vertex 8.45 17.03672575802028 20.094355658627904
      vertex 8.471387845277786 16.71358596032536 20.048941321734297
    endloop
  endfacet
  facet normal 1.208209836116149e-13 -0.13917310096002203 0.9902680687415764
    outer loop
      vertex 23 28 6.93514337166696
      vertex 13.12775681356645 49.00836672202032 9.88767676651364
      vertex 13.029404794730807 49.20586396848778 9.915433194383601
    endloop
  endfacet
  facet normal 1.185345204963094e-15 -0.13917310096006472 0.9902680687415705
    outer loop
      vertex 23 28 6.93514337166696
      vertex 13.029404794730807 49.20586396848778 9.915433194383601
      vertex 9 56.58505172378458 10.95251040093868
    endloop
  endfacet
  facet normal -2.6792366228937424e-14 -0.13917310096008176 0.9902680687415681
    outer loop
      vertex 23 28 6.93514337166696
      vertex 13.251299321504895 48.82527167258166 9.861944435435655
      vertex 13.12775681356645 49.00836672202032 9.88767676651364
    endloop
  endfacet
  facet normal 6.310416027071803e-16 -0.13917310096006516 0.9902680687415704
    outer loop
      vertex 23 28 6.93514337166696
      vertex 17.00769858994019 49.84659345411766 10.005481851112457
      vertex 15.802081528017125 48.65971162723121 9.838676488468737
    endloop
  endfacet
  facet normal -2.927873318602331e-12 -0.13917310096040875 0.9902680687415221
    outer loop
      vertex 23 28 6.93514337166696
      vertex 17.009163056034257 49.85009458045066 10.005973902329696
      vertex 17.009120280341126 49.849448300849204 10.005883073655056
    endloop
  endfacet
  facet normal -4.268666367275266e-12 -0.13917310096156768 0.9902680687413593
    outer loop
      vertex 23 28 6.93514337166696
      vertex 17.009120280341126 49.849448300849204 10.005883073655056
      vertex 17.0089926851657 49.84881307927092 10.005793799084222
    endloop
  endfacet
  facet normal 3.404282132719466e-12 -0.13917310095916088 0.9902680687416975
    outer loop
      vertex 23 28 6.93514337166696
      vertex 17.0089926851657 49.84881307927092 10.005793799084222
      vertex 17.008782453696814 49.84819978453312 10.005707606129855
    endloop
  endfacet
  facet normal -1.435947690157996e-12 -0.1391731009605815 0.9902680687414979
    outer loop
      vertex 23 28 6.93514337166696
      vertex 17.008782453696814 49.84819978453312 10.005707606129855
      vertex 17.00849318305318 49.847618910278804 10.005625969577295
    endloop
  endfacet
  facet normal -1.2604087291076335e-12 -0.1391731009604625 0.9902680687415146
    outer loop
      vertex 23 28 6.93514337166696
      vertex 17.00849318305318 49.847618910278804 10.005625969577295
      vertex 17.00812982273571 49.84708039542751 10.005550286250594
    endloop
  endfacet
  facet normal 0 -0.13917310096023208 0.9902680687415468
    outer loop
      vertex 23 28 6.93514337166696
      vertex 17.00812982273571 49.84708039542751 10.005550286250594
      vertex 17.00769858994019 49.84659345411766 10.005481851112457
    endloop
  endfacet
  facet normal 2.4652884890090356e-16 -0.1391731009600654 0.9902680687415704
    outer loop
      vertex 23 28 6.93514337166696
      vertex 23 56.58505172378458 10.952510400938678
      vertex 17.009163056034257 49.85009458045066 10.005973902329696
    endloop
  endfacet
  facet normal -4.593407584711752e-15 -0.13917310096006538 0.9902680687415704
    outer loop
      vertex 8.45 19.062660323275228 5.67908219348126
      vertex 9 56.58505172378458 10.95251040093868
      vertex 9 101.14711481715524 17.215299944141623
    endloop
  endfacet
  facet normal -8.111487312565265e-15 -0.13917310096006963 0.9902680687415697
    outer loop
      vertex 9 56.58505172378458 10.95251040093868
      vertex 12.914543735664516 49.63035951595776 9.97509215295248
      vertex 12.899999999999995 49.85009458045066 10.005973902329696
    endloop
  endfacet
  facet normal -9.210576775000024e-16 -0.13917310096006577 0.9902680687415703
    outer loop
      vertex 9 56.58505172378458 10.95251040093868
      vertex 12.899999999999995 49.85009458045066 10.005973902329696
      vertex 12.914543735664516 50.06982964494355 10.036855651706912
    endloop
  endfacet
  facet normal 1.6873158234151235e-14 -0.1391731009600577 0.9902680687415716
    outer loop
      vertex 9 56.58505172378458 10.95251040093868
      vertex 13.029404794730807 49.20586396848778 9.915433194383601
      vertex 12.957926095308578 49.4143841793404 9.944738798869146
    endloop
  endfacet
  facet normal -1.6175829017180568e-15 -0.13917310096006635 0.9902680687415703
    outer loop
      vertex 9 56.58505172378458 10.95251040093868
      vertex 12.957926095308578 49.4143841793404 9.944738798869146
      vertex 12.914543735664516 49.63035951595776 9.97509215295248
    endloop
  endfacet
  facet normal -7.796667411519822e-16 -0.13917310096006583 0.9902680687415703
    outer loop
      vertex 9 56.58505172378458 10.95251040093868
      vertex 12.914543735664516 50.06982964494355 10.036855651706912
      vertex 12.957926095308578 50.28580498156091 10.067209005790245
    endloop
  endfacet
  facet normal -2.70771191309334e-13 -0.13917310095982907 0.9902680687416034
    outer loop
      vertex 17.009163056034257 49.85009458045066 10.005973902329696
      vertex 23 56.58505172378458 10.952510400938678
      vertex 17.009120280341126 49.850740860052106 10.006064731004335
    endloop
  endfacet
  facet normal -6.62515587417082e-13 -0.1391731009594873 0.9902680687416515
    outer loop
      vertex 17.0089926851657 49.85137608163039 10.006154005575167
      vertex 17.009120280341126 49.850740860052106 10.006064731004335
      vertex 23 56.58505172378458 10.952510400938678
    endloop
  endfacet
  facet normal 3.680871138768937e-14 -0.1391731009600974 0.9902680687415659
    outer loop
      vertex 17.008782453696814 49.85198937636819 10.006240198529536
      vertex 17.0089926851657 49.85137608163039 10.006154005575167
      vertex 23 56.58505172378458 10.952510400938678
    endloop
  endfacet
  facet normal 9.585042228366366e-13 -0.13917310096090166 0.9902680687414527
    outer loop
      vertex 17.00849318305318 49.852570250622506 10.006321835082096
      vertex 17.008782453696814 49.85198937636819 10.006240198529536
      vertex 23 56.58505172378458 10.952510400938678
    endloop
  endfacet
  facet normal -1.5075654218979883e-12 -0.13917310095874955 0.9902680687417552
    outer loop
      vertex 17.00849318305318 49.852570250622506 10.006321835082096
      vertex 23 56.58505172378458 10.952510400938678
      vertex 17.00812982273571 49.8531087654738 10.006397518408795
    endloop
  endfacet
  facet normal 5.659022488492623e-14 -0.13917310096011476 0.9902680687415634
    outer loop
      vertex 17.00769858994019 49.85359570678365 10.006465953546932
      vertex 17.00812982273571 49.8531087654738 10.006397518408795
      vertex 23 56.58505172378458 10.952510400938678
    endloop
  endfacet
  facet normal 2.7580925853020163e-15 -0.13917310096006374 0.9902680687415706
    outer loop
      vertex 9 56.58505172378458 10.95251040093868
      vertex 12.957926095308578 50.28580498156091 10.067209005790245
      vertex 13.029404794730807 50.49432519241353 10.09651461027579
    endloop
  endfacet
  facet normal -1.8917008910511625e-15 -0.1391731009600672 0.99026806874157
    outer loop
      vertex 9 56.58505172378458 10.95251040093868
      vertex 13.029404794730807 50.49432519241353 10.09651461027579
      vertex 13.12775681356645 50.69182243888099 10.124271038145752
    endloop
  endfacet
  facet normal 1.1414669575354129e-15 -0.13917310096006438 0.9902680687415704
    outer loop
      vertex 9 56.58505172378458 10.95251040093868
      vertex 13.251299321504895 50.87491748831966 10.150003369223738
      vertex 13.397918471982864 51.0404775336701 10.173271316190654
    endloop
  endfacet
  facet normal 1.1854876568877026e-15 -0.1391731009600647 0.9902680687415705
    outer loop
      vertex 9 56.58505172378458 10.95251040093868
      vertex 13.12775681356645 50.69182243888099 10.124271038145752
      vertex 13.251299321504895 50.87491748831966 10.150003369223738
    endloop
  endfacet
  facet normal -2.247258201609721e-15 -0.13917310096006777 0.99026806874157
    outer loop
      vertex 9 56.58505172378458 10.95251040093868
      vertex 13.397918471982864 51.0404775336701 10.173271316190654
      vertex 13.56510557068517 51.185669796654444 10.193676758022804
    endloop
  endfacet
  facet normal 3.954713087530735e-15 -0.1391731009600623 0.9902680687415707
    outer loop
      vertex 9 56.58505172378458 10.95251040093868
      vertex 13.56510557068517 51.185669796654444 10.193676758022804
      vertex 13.749999999999995 51.30800999739814 10.21087055195298
    endloop
  endfacet
  facet normal -4.3539336722900295e-15 -0.1391731009600695 0.9902680687415698
    outer loop
      vertex 9 56.58505172378458 10.95251040093868
      vertex 13.749999999999995 51.30800999739814 10.21087055195298
      vertex 13.949438164979341 51.40540486114734 10.224558507400019
    endloop
  endfacet
  facet normal -6.103591097054203e-16 -0.13917310096006627 0.9902680687415701
    outer loop
      vertex 9 56.58505172378458 10.95251040093868
      vertex 13.949438164979341 51.40540486114734 10.224558507400019
      vertex 14.16000762332571 51.476187934780356 10.234506419651204
    endloop
  endfacet
  facet normal 1.3568011127251025e-15 -0.13917310096006238 0.9902680687415708
    outer loop
      vertex 9 56.58505172378458 10.95251040093868
      vertex 15.03999237667428 51.476187934780356 10.234506419651204
      vertex 15.250561835020648 51.40540486114734 10.224558507400019
    endloop
  endfacet
  facet normal 1.5548762743569567e-14 -0.1391731009600481 0.9902680687415727
    outer loop
      vertex 9 56.58505172378458 10.95251040093868
      vertex 15.250561835020648 51.40540486114734 10.224558507400019
      vertex 15.449999999999994 51.30800999739814 10.21087055195298
    endloop
  endfacet
  facet normal 4.279471385508862e-15 -0.13917310096006133 0.9902680687415709
    outer loop
      vertex 9 56.58505172378458 10.95251040093868
      vertex 14.16000762332571 51.476187934780356 10.234506419651204
      vertex 14.378105473225906 51.51914810028253 10.240544077169831
    endloop
  endfacet
  facet normal 7.319983877137896e-16 -0.13917310096006477 0.9902680687415705
    outer loop
      vertex 9 56.58505172378458 10.95251040093868
      vertex 14.378105473225906 51.51914810028253 10.240544077169831
      vertex 14.599999999999994 51.53355029731133 10.242568173961807
    endloop
  endfacet
  facet normal -8.455046743196665e-16 -0.13917310096006683 0.9902680687415701
    outer loop
      vertex 9 56.58505172378458 10.95251040093868
      vertex 14.599999999999994 51.53355029731133 10.242568173961807
      vertex 14.821894526774082 51.51914810028253 10.240544077169831
    endloop
  endfacet
  facet normal -6.6884524850307975e-15 -0.13917310096007313 0.9902680687415693
    outer loop
      vertex 9 56.58505172378458 10.95251040093868
      vertex 14.821894526774082 51.51914810028253 10.240544077169831
      vertex 15.03999237667428 51.476187934780356 10.234506419651204
    endloop
  endfacet
  facet normal 1.2564781833919756e-16 -0.1391731009600655 0.9902680687415704
    outer loop
      vertex 9 56.58505172378458 10.95251040093868
      vertex 15.449999999999994 51.30800999739814 10.21087055195298
      vertex 23 56.58505172378458 10.952510400938678
    endloop
  endfacet
  facet normal -2.620233546065071e-15 -0.1391731009600616 0.9902680687415709
    outer loop
      vertex 15.63489442931482 51.185669796654444 10.193676758022804
      vertex 15.802081528017125 51.0404775336701 10.173271316190656
      vertex 23 56.58505172378458 10.952510400938678
    endloop
  endfacet
  facet normal -3.1112380455210734e-15 -0.13917310096006094 0.9902680687415709
    outer loop
      vertex 15.449999999999994 51.30800999739814 10.21087055195298
      vertex 15.63489442931482 51.185669796654444 10.193676758022804
      vertex 23 56.58505172378458 10.952510400938678
    endloop
  endfacet
  facet normal 1.0757580951935515e-15 -0.13917310096006633 0.9902680687415701
    outer loop
      vertex 15.802081528017125 51.0404775336701 10.173271316190656
      vertex 17.00769858994019 49.85359570678365 10.006465953546932
      vertex 23 56.58505172378458 10.952510400938678
    endloop
  endfacet
  facet normal -4.653718831020191e-18 -0.13917310096006594 0.9902680687415703
    outer loop
      vertex 8.78493649214506 17.824825237348268 5.505115817281178
      vertex 167 16.586990151421304 5.331149441081096
      vertex 8.640301172435283 18.11526236515712 5.545934093651999
    endloop
  endfacet
  facet normal -2.0727697178028864e-17 -0.13917310096006758 0.99026806874157
    outer loop
      vertex 8.640301172435283 18.11526236515712 5.545934093651999
      vertex 167 16.586990151421304 5.331149441081096
      vertex 8.535185430943965 18.421909737037026 5.589030571255297
    endloop
  endfacet
  facet normal -4.4453204245855505e-18 -0.13917310096006796 0.99026806874157
    outer loop
      vertex 9.7 16.91866706464887 5.377763591317611
      vertex 167 16.586990151421304 5.331149441081096
      vertex 9.428096425533294 17.098579123622976 5.403048582258858
    endloop
  endfacet
  facet normal 1.9475111537560856e-17 -0.13917310096006072 0.990268068741571
    outer loop
      vertex 9.18223304748535 17.312097157223377 5.433056584925071
      vertex 9.428096425533294 17.098579123622976 5.403048582258858
      vertex 167 16.586990151421304 5.331149441081096
    endloop
  endfacet
  facet normal -4.324955215126305e-18 -0.13917310096007107 0.9902680687415694
    outer loop
      vertex 9.99329141974449 16.775439325928048 5.357634245365251
      vertex 10.302952390909194 16.671346563607102 5.343004961662187
      vertex 167 16.586990151421304 5.331149441081096
    endloop
  endfacet
  facet normal 4.901019016752034e-18 -0.1391731009600636 0.9902680687415706
    outer loop
      vertex 9.7 16.91866706464887 5.377763591317611
      vertex 9.99329141974449 16.775439325928048 5.357634245365251
      vertex 167 16.586990151421304 5.331149441081096
    endloop
  endfacet
  facet normal 1.8487691995766944e-18 -0.1391731009600599 0.9902680687415711
    outer loop
      vertex 10.302952390909194 16.671346563607102 5.343004961662187
      vertex 10.623684522509574 16.60816985165908 5.33412605383126
      vertex 167 16.586990151421304 5.331149441081096
    endloop
  endfacet
  facet normal 0 -0.1391731009600732 0.9902680687415693
    outer loop
      vertex 10.623684522509574 16.60816985165908 5.33412605383126
      vertex 10.95 16.586990151421304 5.331149441081096
      vertex 167 16.586990151421304 5.331149441081096
    endloop
  endfacet
  facet normal 1.4269504815031517e-17 -0.13917310096006358 0.9902680687415706
    outer loop
      vertex 8.966616649925708 17.55556780977719 5.4672741536605205
      vertex 167 16.586990151421304 5.331149441081096
      vertex 8.78493649214506 17.824825237348268 5.505115817281178
    endloop
  endfacet
  facet normal -1.8494749650735567e-17 -0.1391731009600688 0.9902680687415698
    outer loop
      vertex 8.966616649925708 17.55556780977719 5.4672741536605205
      vertex 9.18223304748535 17.312097157223377 5.433056584925071
      vertex 167 16.586990151421304 5.331149441081096
    endloop
  endfacet
  facet normal 3.7553247925443466e-18 -0.1391731009600655 0.9902680687415703
    outer loop
      vertex 8.535185430943965 18.421909737037026 5.589030571255297
      vertex 167 16.586990151421304 5.331149441081096
      vertex 28 23 6.232439198155004
    endloop
  endfacet
  facet normal 0 0.9902680687415704 0.13917310096006535
    outer loop
      vertex 10.95 16.586990151421304 5.331149441081096
      vertex 10.95 14.561055586166361 19.74642290622774
      vertex 167 16.586990151421304 5.331149441081096
    endloop
  endfacet
  facet normal 1 0 0
    outer loop
      vertex 8.45 19.062660323275228 5.67908219348126
      vertex 8.45 137.60186312730647 37.038680700515876
      vertex 8.45 17.03672575802028 20.094355658627904
    endloop
  endfacet
  facet normal 3.3955374342838417e-15 -0.13917310096006544 0.9902680687415704
    outer loop
      vertex 8.45 19.062660323275228 5.67908219348126
      vertex 9 101.14711481715524 17.215299944141623
      vertex 8.45 139.62779769256142 22.62340723536923
    endloop
  endfacet
  facet normal 0 -0.13917310096006538 0.9902680687415704
    outer loop
      vertex 9 101.14711481715524 17.215299944141623
      vertex 23 101.14711481715524 17.215299944141623
      vertex 14.16000762332571 107.65989071199 18.130610904631315
    endloop
  endfacet
  facet normal 1.0069658893521765e-14 -0.13917310096007143 0.9902680687415695
    outer loop
      vertex 9 101.14711481715524 17.215299944141623
      vertex 13.397918471982864 108.09560111310026 18.19184600809186
      vertex 13.251299321504895 108.26116115845069 18.21511395505878
    endloop
  endfacet
  facet normal 3.389554517268016e-15 -0.1391731009600676 0.9902680687415699
    outer loop
      vertex 9 101.14711481715524 17.215299944141623
      vertex 13.749999999999995 107.82806864937223 18.154246772329536
      vertex 13.56510557068517 107.9504088501159 18.17144056625971
    endloop
  endfacet
  facet normal -2.4498717828117233e-15 -0.13917310096006366 0.9902680687415706
    outer loop
      vertex 9 101.14711481715524 17.215299944141623
      vertex 13.949438164979341 107.73067378562301 18.140558816882496
      vertex 13.749999999999995 107.82806864937223 18.154246772329536
    endloop
  endfacet
  facet normal -4.88564991348115e-16 -0.13917310096006505 0.9902680687415704
    outer loop
      vertex 9 101.14711481715524 17.215299944141623
      vertex 13.56510557068517 107.9504088501159 18.17144056625971
      vertex 13.397918471982864 108.09560111310026 18.19184600809186
    endloop
  endfacet
  facet normal 1.0614202385732257e-15 -0.13917310096006635 0.9902680687415701
    outer loop
      vertex 9 101.14711481715524 17.215299944141623
      vertex 13.251299321504895 108.26116115845069 18.21511395505878
      vertex 13.12775681356645 108.44425620788938 18.24084628613677
    endloop
  endfacet
  facet normal 3.4426099059502798e-15 -0.13917310096006733 0.9902680687415701
    outer loop
      vertex 9 101.14711481715524 17.215299944141623
      vertex 13.12775681356645 108.44425620788938 18.24084628613677
      vertex 13.029404794730807 108.64175345435683 18.26860271400673
    endloop
  endfacet
  facet normal -7.670810549363663e-15 -0.13917310096006133 0.9902680687415708
    outer loop
      vertex 9 101.14711481715524 17.215299944141623
      vertex 13.029404794730807 108.64175345435683 18.26860271400673
      vertex 12.957926095308578 108.85027366520944 18.297908318492272
    endloop
  endfacet
  facet normal -1.627404135386656e-14 -0.13917310096005725 0.9902680687415716
    outer loop
      vertex 9 101.14711481715524 17.215299944141623
      vertex 12.957926095308578 108.85027366520944 18.297908318492272
      vertex 12.914543735664516 109.0662490018268 18.328261672575604
    endloop
  endfacet
  facet normal -8.609816415873556e-15 -0.13917310096005847 0.9902680687415714
    outer loop
      vertex 9 101.14711481715524 17.215299944141623
      vertex 14.16000762332571 107.65989071199 18.130610904631315
      vertex 13.949438164979341 107.73067378562301 18.140558816882496
    endloop
  endfacet
  facet normal 1.0597692952305264e-14 -0.13917310096005125 0.9902680687415722
    outer loop
      vertex 14.16000762332571 107.65989071199 18.130610904631315
      vertex 23 101.14711481715524 17.215299944141623
      vertex 14.378105473225906 107.61693054648784 18.124573247112686
    endloop
  endfacet
  facet normal -9.538596112343163e-15 -0.1391731009600776 0.9902680687415686
    outer loop
      vertex 14.378105473225906 107.61693054648784 18.124573247112686
      vertex 23 101.14711481715524 17.215299944141623
      vertex 14.599999999999994 107.60252834945904 18.12254915032071
    endloop
  endfacet
  facet normal 8.052867932717112e-15 -0.13917310096005514 0.9902680687415717
    outer loop
      vertex 14.599999999999994 107.60252834945904 18.12254915032071
      vertex 23 101.14711481715524 17.215299944141623
      vertex 14.821894526774082 107.61693054648784 18.124573247112686
    endloop
  endfacet
  facet normal -6.2538352344303524e-15 -0.1391731009600729 0.9902680687415693
    outer loop
      vertex 14.821894526774082 107.61693054648784 18.124573247112686
      vertex 23 101.14711481715524 17.215299944141623
      vertex 15.03999237667428 107.65989071199 18.130610904631315
    endloop
  endfacet
  facet normal 7.84152063240571e-15 -0.13917310096005597 0.9902680687415717
    outer loop
      vertex 15.03999237667428 107.65989071199 18.130610904631315
      vertex 23 101.14711481715524 17.215299944141623
      vertex 15.250561835020648 107.73067378562301 18.140558816882496
    endloop
  endfacet
  facet normal 2.219819142806289e-15 -0.13917310096006247 0.9902680687415707
    outer loop
      vertex 15.250561835020648 107.73067378562301 18.140558816882496
      vertex 23 101.14711481715524 17.215299944141623
      vertex 15.449999999999994 107.82806864937223 18.154246772329536
    endloop
  endfacet
  facet normal -2.807185441639002e-15 -0.13917310096006802 0.9902680687415699
    outer loop
      vertex 15.449999999999994 107.82806864937223 18.154246772329536
      vertex 23 101.14711481715524 17.215299944141623
      vertex 15.63489442931482 107.9504088501159 18.17144056625971
    endloop
  endfacet
  facet normal 5.480204712053269e-16 -0.13917310096006447 0.9902680687415704
    outer loop
      vertex 15.63489442931482 107.9504088501159 18.17144056625971
      vertex 23 101.14711481715524 17.215299944141623
      vertex 15.802081528017125 108.09560111310026 18.19184600809186
    endloop
  endfacet
  facet normal -4.4183901063068535e-16 -0.13917310096006547 0.9902680687415703
    outer loop
      vertex 15.802081528017125 108.09560111310026 18.19184600809186
      vertex 23 101.14711481715524 17.215299944141623
      vertex 17.00769858994019 109.2824829399867 18.358651370735583
    endloop
  endfacet
  facet normal 9.12968042453878e-13 -0.13917310095940572 0.9902680687416631
    outer loop
      vertex 17.00769858994019 109.2824829399867 18.358651370735583
      vertex 23 101.14711481715524 17.215299944141623
      vertex 17.00812982273571 109.28296988129655 18.35871980587372
    endloop
  endfacet
  facet normal -1.6566771839798571e-12 -0.13917310096126154 0.9902680687414023
    outer loop
      vertex 17.00812982273571 109.28296988129655 18.35871980587372
      vertex 23 101.14711481715524 17.215299944141623
      vertex 17.00849318305318 109.28350839614785 18.35879548920042
    endloop
  endfacet
  facet normal -3.5518858920129697e-15 -0.1391731009600678 0.99026806874157
    outer loop
      vertex 17.008782453696814 109.28408927040216 18.35887712575298
      vertex 17.00849318305318 109.28350839614785 18.35879548920042
      vertex 23 101.14711481715524 17.215299944141623
    endloop
  endfacet
  facet normal -9.822805728220368e-11 -0.13917310103095454 0.9902680687316074
    outer loop
      vertex 17.00849318305318 109.28845973649156 18.35949135470522
      vertex 23 101.14711481715524 17.215299944141623
      vertex 17.00812982273571 109.28899825134285 18.359567038031923
    endloop
  endfacet
  facet normal -1.92735426240191e-14 -0.13917310096007895 0.9902680687415684
    outer loop
      vertex 17.00849318305318 109.28845973649156 18.35949135470522
      vertex 17.008782453696814 109.28787886223725 18.359409718152662
      vertex 23 101.14711481715524 17.215299944141623
    endloop
  endfacet
  facet normal 1.1280256299842144e-11 -0.13917310095192412 0.9902680687427146
    outer loop
      vertex 17.008782453696814 109.28787886223725 18.359409718152662
      vertex 17.0089926851657 109.28726556749945 18.359323525198295
      vertex 23 101.14711481715524 17.215299944141623
    endloop
  endfacet
  facet normal -6.090495492361898e-12 -0.13917310096446103 0.9902680687409525
    outer loop
      vertex 17.009120280341126 109.28663034592115 18.35923425062746
      vertex 23 101.14711481715524 17.215299944141623
      vertex 17.0089926851657 109.28726556749945 18.359323525198295
    endloop
  endfacet
  facet normal 6.7338824491576856e-12 -0.13917310095520483 0.9902680687422535
    outer loop
      vertex 17.009163056034257 109.2859840663197 18.359143421952822
      vertex 23 101.14711481715524 17.215299944141623
      vertex 17.009120280341126 109.28663034592115 18.35923425062746
    endloop
  endfacet
  facet normal -4.977098213815701e-12 -0.139173100963658 0.9902680687410654
    outer loop
      vertex 17.009120280341126 109.28533778671826 18.359052593278182
      vertex 23 101.14711481715524 17.215299944141623
      vertex 17.009163056034257 109.2859840663197 18.359143421952822
    endloop
  endfacet
  facet normal 2.4323264754626755e-12 -0.13917310095830931 0.990268068741817
    outer loop
      vertex 17.0089926851657 109.28470256513997 18.35896331870735
      vertex 23 101.14711481715524 17.215299944141623
      vertex 17.009120280341126 109.28533778671826 18.359052593278182
    endloop
  endfacet
  facet normal -1.205891469022495e-12 -0.13917310096093594 0.990268068741448
    outer loop
      vertex 17.008782453696814 109.28408927040216 18.35887712575298
      vertex 23 101.14711481715524 17.215299944141623
      vertex 17.0089926851657 109.28470256513997 18.35896331870735
    endloop
  endfacet
  facet normal 1 0 0
    outer loop
      vertex 8.45 19.062660323275228 5.67908219348126
      vertex 8.45 139.62779769256142 22.62340723536923
      vertex 8.45 137.60186312730647 37.038680700515876
    endloop
  endfacet
  facet normal 8.625680160904263e-16 -0.13917310096006544 0.9902680687415704
    outer loop
      vertex 9 101.14711481715524 17.215299944141623
      vertex 12.914543735664516 109.0662490018268 18.328261672575604
      vertex 8.45 139.62779769256142 22.62340723536923
    endloop
  endfacet
  facet normal 1.589789451299645e-16 -0.1391731009600653 0.9902680687415704
    outer loop
      vertex 17.00812982273571 109.28899825134285 18.359567038031923
      vertex 23 101.14711481715524 17.215299944141623
      vertex 23 127 20.84868600720371
    endloop
  endfacet
  facet normal -2.0470489791355674e-13 -0.13917310096009486 0.9902680687415661
    outer loop
      vertex 12.914543735664516 109.0662490018268 18.328261672575604
      vertex 12.899999999999995 109.2859840663197 18.359143421952822
      vertex 8.45 139.62779769256142 22.62340723536923
    endloop
  endfacet
  facet normal 4.0053384138211365e-14 -0.13917310096005972 0.9902680687415711
    outer loop
      vertex 12.899999999999995 109.2859840663197 18.359143421952822
      vertex 12.914543735664516 109.50571913081261 18.390025171330038
      vertex 8.45 139.62779769256142 22.62340723536923
    endloop
  endfacet
  facet normal 8.133088544920173e-15 -0.13917310096006433 0.9902680687415705
    outer loop
      vertex 12.914543735664516 109.50571913081261 18.390025171330038
      vertex 12.957926095308578 109.72169446742996 18.42037852541337
      vertex 8.45 139.62779769256142 22.62340723536923
    endloop
  endfacet
  facet normal -1.107404920726457e-15 -0.1391731009600657 0.9902680687415703
    outer loop
      vertex 12.957926095308578 109.72169446742996 18.42037852541337
      vertex 13.029404794730807 109.93021467828258 18.449684129898916
      vertex 8.45 139.62779769256142 22.62340723536923
    endloop
  endfacet
  facet normal -5.662013157684104e-15 -0.13917310096006638 0.9902680687415701
    outer loop
      vertex 13.029404794730807 109.93021467828258 18.449684129898916
      vertex 13.12775681356645 110.12771192475003 18.477440557768876
      vertex 8.45 139.62779769256142 22.62340723536923
    endloop
  endfacet
  facet normal 8.402596825106115e-15 -0.13917310096006424 0.9902680687415706
    outer loop
      vertex 13.12775681356645 110.12771192475003 18.477440557768876
      vertex 13.251299321504895 110.31080697418871 18.503172888846862
      vertex 8.45 139.62779769256142 22.62340723536923
    endloop
  endfacet
  facet normal -1.370674827853357e-14 -0.1391731009600678 0.99026806874157
    outer loop
      vertex 13.251299321504895 110.31080697418871 18.503172888846862
      vertex 13.397918471982864 110.47636701953914 18.52644083581378
      vertex 8.45 139.62779769256142 22.62340723536923
    endloop
  endfacet
  facet normal 1.2582436346403507e-15 -0.13917310096006527 0.9902680687415704
    outer loop
      vertex 13.397918471982864 110.47636701953914 18.52644083581378
      vertex 13.56510557068517 110.62155928252349 18.54684627764593
      vertex 8.45 139.62779769256142 22.62340723536923
    endloop
  endfacet
  facet normal 5.516482405627952e-15 -0.13917310096006452 0.9902680687415704
    outer loop
      vertex 13.56510557068517 110.62155928252349 18.54684627764593
      vertex 13.749999999999995 110.74389948326719 18.564040071576105
      vertex 8.45 139.62779769256142 22.62340723536923
    endloop
  endfacet
  facet normal -5.666342791487344e-15 -0.13917310096006655 0.9902680687415701
    outer loop
      vertex 13.749999999999995 110.74389948326719 18.564040071576105
      vertex 13.949438164979341 110.84129434701639 18.577728027023145
      vertex 8.45 139.62779769256142 22.62340723536923
    endloop
  endfacet
  facet normal 1.0421834421061229e-14 -0.1391731009600635 0.9902680687415706
    outer loop
      vertex 13.949438164979341 110.84129434701639 18.577728027023145
      vertex 14.16000762332571 110.9120774206494 18.587675939274327
      vertex 8.45 139.62779769256142 22.62340723536923
    endloop
  endfacet
  facet normal -1.4232331362922587e-14 -0.13917310096006832 0.9902680687415699
    outer loop
      vertex 14.16000762332571 110.9120774206494 18.587675939274327
      vertex 14.378105473225906 110.95503758615158 18.59371359679296
      vertex 8.45 139.62779769256142 22.62340723536923
    endloop
  endfacet
  facet normal -4.528693522123791e-12 -0.1391731009585628 0.9902680687417815
    outer loop
      vertex 17.00769858994019 109.2894851926527 18.35963547317006
      vertex 17.00812982273571 109.28899825134285 18.359567038031923
      vertex 23 127 20.84868600720371
    endloop
  endfacet
  facet normal -1.1920083147582724e-15 -0.13917310096006485 0.9902680687415705
    outer loop
      vertex 14.821894526774082 110.95503758615158 18.593713596792956
      vertex 15.03999237667428 110.9120774206494 18.587675939274327
      vertex 23 127 20.84868600720371
    endloop
  endfacet
  facet normal -9.488637927004834e-15 -0.13917310096006083 0.990268068741571
    outer loop
      vertex 15.03999237667428 110.9120774206494 18.587675939274327
      vertex 15.250561835020648 110.84129434701639 18.577728027023145
      vertex 23 127 20.84868600720371
    endloop
  endfacet
  facet normal 9.032862675697667e-15 -0.13917310096007 0.9902680687415697
    outer loop
      vertex 14.378105473225906 110.95503758615158 18.59371359679296
      vertex 14.599999999999994 110.96943978318038 18.595737693584933
      vertex 23 127 20.84868600720371
    endloop
  endfacet
  facet normal 6.89364887269431e-15 -0.13917310096006888 0.9902680687415699
    outer loop
      vertex 14.599999999999994 110.96943978318038 18.595737693584933
      vertex 14.821894526774082 110.95503758615158 18.593713596792956
      vertex 23 127 20.84868600720371
    endloop
  endfacet
  facet normal -4.6446445657039665e-15 -0.13917310096006325 0.9902680687415707
    outer loop
      vertex 15.449999999999994 110.74389948326719 18.564040071576105
      vertex 15.63489442931482 110.62155928252349 18.54684627764593
      vertex 23 127 20.84868600720371
    endloop
  endfacet
  facet normal 5.106768947754967e-15 -0.13917310096006766 0.99026806874157
    outer loop
      vertex 15.250561835020648 110.84129434701639 18.577728027023145
      vertex 15.449999999999994 110.74389948326719 18.564040071576105
      vertex 23 127 20.84868600720371
    endloop
  endfacet
  facet normal -9.095360600730877e-16 -0.13917310096006485 0.9902680687415704
    outer loop
      vertex 15.63489442931482 110.62155928252349 18.54684627764593
      vertex 15.802081528017125 110.47636701953914 18.52644083581378
      vertex 23 127 20.84868600720371
    endloop
  endfacet
  facet normal 1.6222303144995475e-15 -0.13917310096006594 0.9902680687415703
    outer loop
      vertex 17.00769858994019 109.2894851926527 18.35963547317006
      vertex 23 127 20.84868600720371
      vertex 15.802081528017125 110.47636701953914 18.52644083581378
    endloop
  endfacet
  facet normal -2.3791539797659544e-14 -0.13917310095987412 0.9902680687415972
    outer loop
      vertex 10.302952390909194 142.01911145222954 22.9594844671883
      vertex 10.95 142.10346786441534 22.97133998776939
      vertex 10.623684522509574 142.08228816417758 22.968363375019226
    endloop
  endfacet
  facet normal 3.2886550922400564e-16 -0.1391731009600654 0.9902680687415705
    outer loop
      vertex 14.378105473225906 110.95503758615158 18.59371359679296
      vertex 23 127 20.84868600720371
      vertex 8.45 139.62779769256142 22.62340723536923
    endloop
  endfacet
  facet normal -3.8560927415690185e-15 -0.13917310096006985 0.9902680687415698
    outer loop
      vertex 8.45 139.62779769256142 22.62340723536923
      vertex 23 127 20.84868600720371
      vertex 23.04277569313095 127.65263096110026 20.940407307229368
    endloop
  endfacet
  facet normal 2.584795774473901e-15 -0.13917310096006258 0.9902680687415707
    outer loop
      vertex 8.45 139.62779769256142 22.62340723536923
      vertex 23.04277569313095 127.65263096110026 20.940407307229368
      vertex 23.17037086855466 128.2940952255126 21.03055923038163
    endloop
  endfacet
  facet normal -3.9772515694920984e-15 -0.1391731009600707 0.9902680687415696
    outer loop
      vertex 8.45 139.62779769256142 22.62340723536923
      vertex 23.17037086855466 128.2940952255126 21.03055923038163
      vertex 23.380602337443566 128.91341716182546 21.117599252260547
    endloop
  endfacet
  facet normal 2.8186908999987014e-15 -0.13917310096006144 0.9902680687415709
    outer loop
      vertex 8.45 139.62779769256142 22.62340723536923
      vertex 23.380602337443566 128.91341716182546 21.117599252260547
      vertex 23.66987298107781 129.5 21.20003809395969
    endloop
  endfacet
  facet normal 7.355989455650974e-16 -0.13917310096006485 0.9902680687415704
    outer loop
      vertex 8.45 139.62779769256142 22.62340723536923
      vertex 23.66987298107781 129.5 21.20003809395969
      vertex 24.033233298543824 130.04380714504362 21.276465204041244
    endloop
  endfacet
  facet normal -2.8334507819301046e-15 -0.13917310096007007 0.9902680687415696
    outer loop
      vertex 8.45 139.62779769256142 22.62340723536923
      vertex 24.033233298543824 130.04380714504362 21.276465204041244
      vertex 24.464466094067262 130.53553390593274 21.34557289346211
    endloop
  endfacet
  facet normal 3.246978368178934e-15 -0.13917310096005955 0.9902680687415713
    outer loop
      vertex 8.45 139.62779769256142 22.62340723536923
      vertex 24.464466094067262 130.53553390593274 21.34557289346211
      vertex 24.9561928549564 130.96676670145618 21.406178710496015
    endloop
  endfacet
  facet normal -1.971383148483062e-15 -0.13917310096006938 0.9902680687415698
    outer loop
      vertex 8.45 139.62779769256142 22.62340723536923
      vertex 24.9561928549564 130.96676670145618 21.406178710496015
      vertex 25.5 131.3301270189222 21.45724567281042
    endloop
  endfacet
  facet normal -2.333617672253775e-15 -0.13917310096007032 0.9902680687415696
    outer loop
      vertex 8.45 139.62779769256142 22.62340723536923
      vertex 25.5 131.3301270189222 21.45724567281042
      vertex 26.08658283817455 131.61939766255642 21.497900010521672
    endloop
  endfacet
  facet normal 3.653082764040851e-15 -0.13917310096005694 0.9902680687415716
    outer loop
      vertex 8.45 139.62779769256142 22.62340723536923
      vertex 26.08658283817455 131.61939766255642 21.497900010521672
      vertex 26.705904774487397 131.82962913144536 21.52744611664003
    endloop
  endfacet
  facet normal 2.399294312148022e-15 -0.13917310096006066 0.990268068741571
    outer loop
      vertex 8.45 139.62779769256142 22.62340723536923
      vertex 26.705904774487397 131.82962913144536 21.52744611664003
      vertex 27.347369038899743 131.95722430686905 21.54537844909807
    endloop
  endfacet
  facet normal -5.4456591818000816e-15 -0.13917310096007884 0.9902680687415685
    outer loop
      vertex 8.45 139.62779769256142 22.62340723536923
      vertex 27.347369038899743 131.95722430686905 21.54537844909807
      vertex 28 132 21.55139018071567
    endloop
  endfacet
  facet normal 0.9978589234555665 -0.06476662719438489 -0.009102355846757452
    outer loop
      vertex 8.45 139.62779769256142 22.62340723536923
      vertex 8.471387845277786 139.95093749025634 22.668821572262832
      vertex 8.471387845277786 137.9250029250014 37.084095037409476
    endloop
  endfacet
  facet normal 0.9807852815296796 -0.19319171080515188 -0.027151324294139034
    outer loop
      vertex 8.471387845277786 139.95093749025634 22.668821572262832
      vertex 8.535185430943965 140.2685482787996 22.71345885759519
      vertex 8.535185430943965 138.24261371354467 37.12873232274184
    endloop
  endfacet
  facet normal 0.9469301238865009 -0.31831125488470613 -0.044735729456662245
    outer loop
      vertex 8.535185430943965 140.2685482787996 22.71345885759519
      vertex 8.640301172435283 140.57519565067955 22.756555335198488
      vertex 8.640301172435283 138.5492610854246 37.17182880034513
    endloop
  endfacet
  facet normal 0.8968727444820769 -0.4379843611668449 -0.06155468770498202
    outer loop
      vertex 8.640301172435283 140.57519565067955 22.756555335198488
      vertex 8.78493649214506 140.8656327784884 22.79737361156931
      vertex 8.78493649214506 138.83969821323345 37.21264707671595
    endloop
  endfacet
  facet normal 0.8314696154835575 -0.5501634569882354 -0.07732043146787958
    outer loop
      vertex 8.78493649214506 140.8656327784884 22.79737361156931
      vertex 8.966616649925708 141.13489020605945 22.835215275189967
      vertex 8.966616649925708 139.11110770279168 37.23517602363241
    endloop
  endfacet
  facet normal 0.7518398045992092 -0.6529291102037708 -0.0917632021495271
    outer loop
      vertex 8.966616649925708 141.13489020605945 22.835215275189967
      vertex 9.18223304748535 141.37836085861326 22.869432843925416
      vertex 9.18223304748535 139.35938732101707 37.23517602363241
    endloop
  endfacet
  facet normal 0.6593458183838422 -0.7445229513034751 -0.10463587703127838
    outer loop
      vertex 9.18223304748535 141.37836085861326 22.869432843925416
      vertex 9.428096425533294 141.59187889221369 22.899440846591627
      vertex 9.428096425533294 139.57712270435994 37.23517602363241
    endloop
  endfacet
  facet normal 0.5555702282588174 -0.8233778103422407 -0.11571820474092633
    outer loop
      vertex 9.428096425533294 141.59187889221369 22.899440846591627
      vertex 9.7 141.77179095118777 22.924725837532876
      vertex 9.7 139.76058833706634 37.23517602363241
    endloop
  endfacet
  facet normal 0.4422886842382657 -0.888144440585202 -0.12482056101613352
    outer loop
      vertex 9.7 141.77179095118777 22.924725837532876
      vertex 9.99329141974449 141.9150186899086 22.944855183485235
      vertex 9.99329141974449 139.90664507086933 37.23517602363241
    endloop
  endfacet
  facet normal 0.3214394818255622 -0.9377146650143066 -0.1317872017337831
    outer loop
      vertex 9.99329141974449 141.9150186899086 22.944855183485235
      vertex 10.302952390909194 142.01911145222954 22.9594844671883
      vertex 10.302952390909194 140.01279384493301 37.23517602363241
    endloop
  endfacet
  facet normal 0.1950903163531532 -0.9712403465905398 -0.13649892900647453
    outer loop
      vertex 10.302952390909194 142.01911145222954 22.9594844671883
      vertex 10.623684522509574 142.08228816417758 22.968363375019226
      vertex 10.623684522509574 140.07721840599885 37.23517602363241
    endloop
  endfacet
  facet normal 0.06540312591984868 -0.9881478290068912 -0.13887512069798488
    outer loop
      vertex 10.623684522509574 142.08228816417758 22.968363375019226
      vertex 10.95 142.10346786441534 22.97133998776939
      vertex 10.95 140.0988164418771 37.23517602363241
    endloop
  endfacet
  facet normal -1.762348050287511e-16 -0.13917310096005833 0.9902680687415714
    outer loop
      vertex 8.45 139.62779769256142 22.62340723536923
      vertex 104.9 142.10346786441534 22.97133998776939
      vertex 8.471387845277786 139.95093749025634 22.668821572262832
    endloop
  endfacet
  facet normal -3.065014014493889e-17 -0.13917310096006472 0.9902680687415705
    outer loop
      vertex 8.471387845277786 139.95093749025634 22.668821572262832
      vertex 104.9 142.10346786441534 22.97133998776939
      vertex 8.535185430943965 140.2685482787996 22.71345885759519
    endloop
  endfacet
  facet normal -8.098515246019926e-17 -0.1391731009600621 0.9902680687415707
    outer loop
      vertex 8.535185430943965 140.2685482787996 22.71345885759519
      vertex 104.9 142.10346786441534 22.97133998776939
      vertex 8.640301172435283 140.57519565067955 22.756555335198488
    endloop
  endfacet
  facet normal 3.517888614428355e-17 -0.1391731009600693 0.9902680687415697
    outer loop
      vertex 8.640301172435283 140.57519565067955 22.756555335198488
      vertex 104.9 142.10346786441534 22.97133998776939
      vertex 8.78493649214506 140.8656327784884 22.79737361156931
    endloop
  endfacet
  facet normal 5.5174896916423756e-17 -0.13917310096007082 0.9902680687415696
    outer loop
      vertex 8.78493649214506 140.8656327784884 22.79737361156931
      vertex 104.9 142.10346786441534 22.97133998776939
      vertex 8.966616649925708 141.13489020605945 22.835215275189967
    endloop
  endfacet
  facet normal 5.5509697719553167e-17 -0.13917310096007082 0.9902680687415695
    outer loop
      vertex 8.966616649925708 141.13489020605945 22.835215275189967
      vertex 104.9 142.10346786441534 22.97133998776939
      vertex 9.18223304748535 141.37836085861326 22.869432843925416
    endloop
  endfacet
  facet normal -1.919717530455834e-16 -0.13917310096003882 0.990268068741574
    outer loop
      vertex 9.18223304748535 141.37836085861326 22.869432843925416
      vertex 104.9 142.10346786441534 22.97133998776939
      vertex 9.428096425533294 141.59187889221369 22.899440846591627
    endloop
  endfacet
  facet normal 9.70967917215401e-17 -0.13917310096009175 0.9902680687415668
    outer loop
      vertex 9.428096425533294 141.59187889221369 22.899440846591627
      vertex 104.9 142.10346786441534 22.97133998776939
      vertex 9.7 141.77179095118777 22.924725837532876
    endloop
  endfacet
  facet normal -8.495305773458577e-17 -0.13917310096004049 0.9902680687415739
    outer loop
      vertex 9.7 141.77179095118777 22.924725837532876
      vertex 104.9 142.10346786441534 22.97133998776939
      vertex 9.99329141974449 141.9150186899086 22.944855183485235
    endloop
  endfacet
  facet normal 4.854019708286335e-17 -0.13917310096010643 0.9902680687415646
    outer loop
      vertex 9.99329141974449 141.9150186899086 22.944855183485235
      vertex 104.9 142.10346786441534 22.97133998776939
      vertex 10.302952390909194 142.01911145222954 22.9594844671883
    endloop
  endfacet
  facet normal 0 -0.13917310096005303 0.9902680687415722
    outer loop
      vertex 10.302952390909194 142.01911145222954 22.9594844671883
      vertex 104.9 142.10346786441534 22.97133998776939
      vertex 10.95 142.10346786441534 22.97133998776939
    endloop
  endfacet
  facet normal 0.9978589234555667 -0.064766627194385 -0.009102355846757464
    outer loop
      vertex 8.45 139.62779769256142 22.62340723536923
      vertex 8.471387845277786 137.9250029250014 37.084095037409476
      vertex 8.45 137.60186312730647 37.038680700515876
    endloop
  endfacet
  facet normal 0.9807852815296799 -0.1931917108051514 -0.027151324294138978
    outer loop
      vertex 8.471387845277786 139.95093749025634 22.668821572262832
      vertex 8.535185430943965 138.24261371354467 37.12873232274184
      vertex 8.471387845277786 137.9250029250014 37.084095037409476
    endloop
  endfacet
  facet normal 0.9469301238865006 -0.31831125488470696 -0.044735729456662335
    outer loop
      vertex 8.535185430943965 140.2685482787996 22.71345885759519
      vertex 8.640301172435283 138.5492610854246 37.17182880034513
      vertex 8.535185430943965 138.24261371354467 37.12873232274184
    endloop
  endfacet
  facet normal 0.8968727444820769 -0.437984361166845 -0.06155468770498204
    outer loop
      vertex 8.640301172435283 140.57519565067955 22.756555335198488
      vertex 8.78493649214506 138.83969821323345 37.21264707671595
      vertex 8.640301172435283 138.5492610854246 37.17182880034513
    endloop
  endfacet
  facet normal 0.8314696154835718 -0.5501634569882141 -0.07732043146787716
    outer loop
      vertex 8.78493649214506 140.8656327784884 22.79737361156931
      vertex 8.966616649925708 139.11110770279168 37.23517602363241
      vertex 8.893099353890372 139 37.23517602363241
    endloop
  endfacet
  facet normal 0.8314696154835568 -0.5501634569882364 -0.07732043146787992
    outer loop
      vertex 8.78493649214506 140.8656327784884 22.79737361156931
      vertex 8.893099353890372 139 37.23517602363241
      vertex 8.78493649214506 138.83969821323345 37.21264707671595
    endloop
  endfacet
  facet normal 0.7518398045992158 -0.6529291102037632 -0.09176320214952628
    outer loop
      vertex 8.966616649925708 141.13489020605945 22.835215275189967
      vertex 9.18223304748535 139.35938732101707 37.23517602363241
      vertex 8.966616649925708 139.11110770279168 37.23517602363241
    endloop
  endfacet
  facet normal 0.6593458183838186 -0.7445229513034957 -0.10463587703128058
    outer loop
      vertex 9.18223304748535 141.37836085861326 22.869432843925416
      vertex 9.428096425533294 139.57712270435994 37.23517602363241
      vertex 9.18223304748535 139.35938732101707 37.23517602363241
    endloop
  endfacet
  facet normal 0.555570228258803 -0.8233778103422501 -0.11571820474092727
    outer loop
      vertex 9.428096425533294 141.59187889221369 22.899440846591627
      vertex 9.7 139.76058833706634 37.23517602363241
      vertex 9.428096425533294 139.57712270435994 37.23517602363241
    endloop
  endfacet
  facet normal 0.4422886842382575 -0.8881444405852059 -0.12482056101613384
    outer loop
      vertex 9.7 141.77179095118777 22.924725837532876
      vertex 9.99329141974449 139.90664507086933 37.23517602363241
      vertex 9.7 139.76058833706634 37.23517602363241
    endloop
  endfacet
  facet normal 0.3214394818256304 -0.9377146650142832 -0.1317872017337815
    outer loop
      vertex 9.99329141974449 141.9150186899086 22.944855183485235
      vertex 10.302952390909194 140.01279384493301 37.23517602363241
      vertex 9.99329141974449 139.90664507086933 37.23517602363241
    endloop
  endfacet
  facet normal 0.1950903163531093 -0.9712403465905485 -0.13649892900647473
    outer loop
      vertex 10.302952390909194 142.01911145222954 22.9594844671883
      vertex 10.623684522509574 140.07721840599885 37.23517602363241
      vertex 10.302952390909194 140.01279384493301 37.23517602363241
    endloop
  endfacet
  facet normal 0.06540312591983548 -0.9881478290068924 -0.13887512069798472
    outer loop
      vertex 10.623684522509574 142.08228816417758 22.968363375019226
      vertex 10.95 140.0988164418771 37.23517602363241
      vertex 10.623684522509574 140.07721840599885 37.23517602363241
    endloop
  endfacet
  facet normal 1.0095406351720207e-17 -0.13917310096006547 0.9902680687415704
    outer loop
      vertex 8.45 139.62779769256142 22.62340723536923
      vertex 28 132 21.55139018071567
      vertex 104.9 142.10346786441534 22.97133998776939
    endloop
  endfacet
  facet normal -1.2912837815277262e-16 -0.1391731009600613 0.9902680687415708
    outer loop
      vertex 28 132 21.55139018071567
      vertex 84.97345856616799 133.65864186354213 21.784497092690213
      vertex 84.71933128559395 134.12945362857852 21.85066537113613
    endloop
  endfacet
  facet normal 9.131955962197967e-17 -0.1391731009600688 0.9902680687415699
    outer loop
      vertex 28 132 21.55139018071567
      vertex 85.31545635173698 133.24597190007526 21.726500111567972
      vertex 84.97345856616799 133.65864186354213 21.784497092690213
    endloop
  endfacet
  facet normal -3.033985529098832e-17 -0.13917310096006344 0.9902680687415707
    outer loop
      vertex 28 132 21.55139018071567
      vertex 85.73218185919609 132.90730241344596 21.67890321922886
      vertex 85.31545635173698 133.24597190007526 21.726500111567972
    endloop
  endfacet
  facet normal 8.635190582895118e-17 -0.13917310096007063 0.9902680687415696
    outer loop
      vertex 28 132 21.55139018071567
      vertex 86.20762056099599 132.65564828209736 21.643535537552822
      vertex 85.73218185919609 132.90730241344596 21.67890321922886
    endloop
  endfacet
  facet normal -6.09414415021308e-17 -0.1391731009600578 0.9902680687415714
    outer loop
      vertex 28 132 21.55139018071567
      vertex 86.72350161445564 132.50068043316793 21.621756226712247
      vertex 86.20762056099599 132.65564828209736 21.643535537552822
    endloop
  endfacet
  facet normal -3.7015857126143664e-17 -0.13917310096006064 0.9902680687415709
    outer loop
      vertex 28 132 21.55139018071567
      vertex 87.25999999999999 132.44835419418504 21.614402253408755
      vertex 86.72350161445564 132.50068043316793 21.621756226712247
    endloop
  endfacet
  facet normal 1.5379677439909102e-16 -0.1391731009600688 0.9902680687415698
    outer loop
      vertex 28 132 21.55139018071567
      vertex 84.71933128559395 134.12945362857852 21.85066537113613
      vertex 84.5628404788911 134.6403141630884 21.92246213707266
    endloop
  endfacet
  facet normal -9.468306712099338e-17 -0.13917310096006355 0.9902680687415706
    outer loop
      vertex 28 132 21.55139018071567
      vertex 84.5628404788911 134.6403141630884 21.92246213707266
      vertex 84.50999999999999 135.17159138322435 21.997128281048933
    endloop
  endfacet
  facet normal -9.574606121497763e-17 -0.13917310096006363 0.9902680687415706
    outer loop
      vertex 28 132 21.55139018071567
      vertex 84.50999999999999 135.17159138322435 21.997128281048933
      vertex 84.5628404788911 135.70286860336032 22.071794425025207
    endloop
  endfacet
  facet normal 2.640195319744007e-16 -0.13917310096006894 0.9902680687415698
    outer loop
      vertex 28 132 21.55139018071567
      vertex 84.5628404788911 135.70286860336032 22.071794425025207
      vertex 84.71933128559395 136.2137291378702 22.143591190961736
    endloop
  endfacet
  facet normal 2.573413953585522e-16 -0.1391731009600689 0.9902680687415699
    outer loop
      vertex 28 132 21.55139018071567
      vertex 84.71933128559395 136.2137291378702 22.143591190961736
      vertex 84.97345856616799 136.68454090290658 22.209759469407658
    endloop
  endfacet
  facet normal -4.616636190156708e-16 -0.13917310096006 0.990268068741571
    outer loop
      vertex 28 132 21.55139018071567
      vertex 84.97345856616799 136.68454090290658 22.209759469407658
      vertex 85.31545635173698 137.09721086637344 22.267756450529895
    endloop
  endfacet
  facet normal -2.0351522719649286e-16 -0.13917310096006347 0.9902680687415706
    outer loop
      vertex 28 132 21.55139018071567
      vertex 85.31545635173698 137.09721086637344 22.267756450529895
      vertex 85.73218185919609 137.43588035300274 22.315353342869006
    endloop
  endfacet
  facet normal 5.891000137692702e-16 -0.13917310096007177 0.9902680687415695
    outer loop
      vertex 28 132 21.55139018071567
      vertex 85.73218185919609 137.43588035300274 22.315353342869006
      vertex 86.20762056099599 137.68753448435135 22.350721024545045
    endloop
  endfacet
  facet normal -1.1561001077576339e-15 -0.13917310096005378 0.9902680687415719
    outer loop
      vertex 28 132 21.55139018071567
      vertex 86.20762056099599 137.68753448435135 22.350721024545045
      vertex 86.72350161445564 137.84250233328078 22.37250033538562
    endloop
  endfacet
  facet normal 0 -0.1391731009600654 0.9902680687415704
    outer loop
      vertex 28 132 21.55139018071567
      vertex 104.9 132 21.55139018071567
      vertex 87.25999999999999 132.44835419418504 21.614402253408755
    endloop
  endfacet
  facet normal 4.8855378985643174e-17 -0.13917310096006583 0.9902680687415703
    outer loop
      vertex 28 132 21.55139018071567
      vertex 86.72350161445564 137.84250233328078 22.37250033538562
      vertex 104.9 142.10346786441534 22.97133998776939
    endloop
  endfacet
  facet normal 0 -0.99026806874157 -0.13917310096006788
    outer loop
      vertex 10.95 142.10346786441534 22.97133998776939
      vertex 104.9 142.10346786441534 22.97133998776939
      vertex 104.9 142.0621222610428 23.26552924216012
    endloop
  endfacet
  facet normal -2.516183865160017e-18 -0.99026806874157 -0.13917310096006705
    outer loop
      vertex 10.95 142.10346786441534 22.97133998776939
      vertex 104.9 142.0621222610428 23.26552924216012
      vertex 134 141.16692678561526 29.63517602363241
    endloop
  endfacet
  facet normal -7.115794224828949e-17 -0.9902680687415703 -0.13917310096006583
    outer loop
      vertex 10.95 142.10346786441534 22.97133998776939
      vertex 134 141.16692678561526 29.63517602363241
      vertex 10.95 140.0988164418771 37.23517602363241
    endloop
  endfacet
  facet normal 7.923736291661108e-18 -0.1391731009600654 0.9902680687415704
    outer loop
      vertex 28 23 6.232439198155004
      vertex 167 16.586990151421304 5.331149441081096
      vertex 139 23 6.232439198155003
    endloop
  endfacet
  facet normal 8.10398767860851e-18 0.9902680687415703 0.13917310096006544
    outer loop
      vertex 10.95 14.561055586166361 19.74642290622774
      vertex 167 14.56105558616636 19.746422906227743
      vertex 167 16.586990151421304 5.331149441081096
    endloop
  endfacet
  facet normal -8.246074856975608e-16 -0.13917310096006896 0.9902680687415699
    outer loop
      vertex 139 23 6.232439198155003
      vertex 167 16.586990151421304 5.331149441081096
      vertex 139.65263096110027 23.04277569313095 6.2384509297726005
    endloop
  endfacet
  facet normal 2.683512075073489e-16 -0.13917310096006444 0.9902680687415705
    outer loop
      vertex 139.65263096110027 23.04277569313095 6.2384509297726005
      vertex 167 16.586990151421304 5.331149441081096
      vertex 140.2940952255126 23.17037086855466 6.256383262230647
    endloop
  endfacet
  facet normal -9.156979689499335e-16 -0.1391731009600649 0.9902680687415704
    outer loop
      vertex 143.95722430686905 27.347369038899743 6.843422071641307
      vertex 144.2982931121281 27.99 6.9337379633199365
      vertex 144 28 6.93514337166696
    endloop
  endfacet
  facet normal 0 -0.13917310096006646 0.9902680687415701
    outer loop
      vertex 143.95722430686905 27.347369038899743 6.843422071641307
      vertex 144.29999999701977 27.99 6.9337379633199365
      vertex 144.2982931121281 27.99 6.9337379633199365
    endloop
  endfacet
  facet normal 1.1627570564416757e-16 -0.13917310096006505 0.9902680687415703
    outer loop
      vertex 140.2940952255126 23.17037086855466 6.256383262230647
      vertex 167 16.586990151421304 5.331149441081096
      vertex 140.91341716182546 23.380602337443566 6.285929368349003
    endloop
  endfacet
  facet normal -4.910204006196088e-16 -0.13917310096006733 0.99026806874157
    outer loop
      vertex 140.91341716182546 23.380602337443566 6.285929368349003
      vertex 167 16.586990151421304 5.331149441081096
      vertex 141.5 23.66987298107781 6.3265837060602585
    endloop
  endfacet
  facet normal 1.8439009163532777e-16 -0.13917310096006494 0.9902680687415704
    outer loop
      vertex 141.5 23.66987298107781 6.3265837060602585
      vertex 167 16.586990151421304 5.331149441081096
      vertex 142.04380714504362 24.033233298543824 6.377650668374658
    endloop
  endfacet
  facet normal 8.003561314528487e-17 -0.13917310096006527 0.9902680687415703
    outer loop
      vertex 142.04380714504362 24.033233298543824 6.377650668374658
      vertex 167 16.586990151421304 5.331149441081096
      vertex 142.53553390593274 24.464466094067262 6.4382564854085675
    endloop
  endfacet
  facet normal 4.9886558579439846e-17 -0.13917310096006535 0.9902680687415703
    outer loop
      vertex 142.53553390593274 24.464466094067262 6.4382564854085675
      vertex 167 16.586990151421304 5.331149441081096
      vertex 142.96676670145618 24.9561928549564 6.50736417482943
    endloop
  endfacet
  facet normal -1.774303337214421e-16 -0.13917310096006602 0.9902680687415703
    outer loop
      vertex 142.96676670145618 24.9561928549564 6.50736417482943
      vertex 167 16.586990151421304 5.331149441081096
      vertex 143.3301270189222 25.5 6.5837912849109825
    endloop
  endfacet
  facet normal 4.073747073994194e-16 -0.13917310096006452 0.9902680687415706
    outer loop
      vertex 143.3301270189222 25.5 6.5837912849109825
      vertex 167 16.586990151421304 5.331149441081096
      vertex 143.61939766255642 26.08658283817455 6.666230126610131
    endloop
  endfacet
  facet normal -2.869109817924431e-16 -0.13917310096006616 0.9902680687415703
    outer loop
      vertex 143.61939766255642 26.08658283817455 6.666230126610131
      vertex 167 16.586990151421304 5.331149441081096
      vertex 143.82962913144536 26.705904774487397 6.75327014848904
    endloop
  endfacet
  facet normal 2.041746278961459e-16 -0.13917310096006508 0.9902680687415705
    outer loop
      vertex 143.82962913144536 26.705904774487397 6.75327014848904
      vertex 167 16.586990151421304 5.331149441081096
      vertex 143.95722430686905 27.347369038899743 6.843422071641307
    endloop
  endfacet
  facet normal -2.22444659124484e-16 -0.13917310096006524 0.9902680687415704
    outer loop
      vertex 143.95722430686905 27.347369038899743 6.843422071641307
      vertex 167 53.245 10.483096743728833
      vertex 144.29999999701977 27.99 6.9337379633199365
    endloop
  endfacet
  facet normal 8.329890709635416e-18 -0.13917310096006547 0.9902680687415704
    outer loop
      vertex 143.95722430686905 27.347369038899743 6.843422071641307
      vertex 167 16.586990151421304 5.331149441081096
      vertex 167 53.245 10.483096743728833
    endloop
  endfacet
  facet normal -9.381648520524366e-16 -0.1391731009600654 0.9902680687415704
    outer loop
      vertex 144 28 6.93514337166696
      vertex 144.2982931121281 27.99 6.9337379633199365
      vertex 144.29829311223136 78.47283657327816 14.028637953472861
    endloop
  endfacet
  facet normal -9.818829892553277e-17 -0.1391731009600654 0.9902680687415704
    outer loop
      vertex 144.29999999701977 27.99 6.9337379633199365
      vertex 167 53.245 10.483096743728833
      vertex 144.29999999701977 78.5 14.032455524137726
    endloop
  endfacet
  facet normal 0 -0.1391731009600654 0.9902680687415704
    outer loop
      vertex 144 28 6.93514337166696
      vertex 144.29829311223136 78.47283657327816 14.028637953472861
      vertex 144 79 14.102725941488922
    endloop
  endfacet
  facet normal 1.4601497347680342e-13 -0.13917310095998434 0.9902680687415817
    outer loop
      vertex 144.29829311223136 78.47283657327816 14.028637953472861
      vertex 144.29830599718838 78.49 14.0310501157907
      vertex 144 79 14.102725941488922
    endloop
  endfacet
  facet normal -1.2695709063700425e-13 -0.13917310096014088 0.9902680687415597
    outer loop
      vertex 144.29830599718838 78.49 14.0310501157907
      vertex 144.29999999442273 78.5 14.032455524137726
      vertex 144 79 14.102725941488922
    endloop
  endfacet
  facet normal 0 -0.1391731009600662 0.9902680687415703
    outer loop
      vertex 144.29999999442273 78.5 14.032455524137726
      vertex 144.29999999701977 78.5 14.032455524137726
      vertex 144 79 14.102725941488922
    endloop
  endfacet
  facet normal -7.64812807282072e-17 -0.13917310096006624 0.9902680687415703
    outer loop
      vertex 144.29999999701977 78.5 14.032455524137726
      vertex 167 79 14.102725941488924
      vertex 144 79 14.102725941488922
    endloop
  endfacet
  facet normal -9.515379428890861e-17 -0.13917310096006538 0.9902680687415703
    outer loop
      vertex 144.29999999701977 78.5 14.032455524137726
      vertex 167 53.245 10.483096743728833
      vertex 167 79 14.102725941488924
    endloop
  endfacet
  facet normal 1.0703510128031203e-16 -0.13917310096006125 0.9902680687415709
    outer loop
      vertex 87.25999999999999 132.44835419418504 21.614402253408755
      vertex 104.9 132 21.55139018071567
      vertex 87.79649838554434 132.50068043316793 21.621756226712247
    endloop
  endfacet
  facet normal 1.984315732609554e-16 -0.1391731009600582 0.9902680687415714
    outer loop
      vertex 87.79649838554434 132.50068043316793 21.621756226712247
      vertex 104.9 132 21.55139018071567
      vertex 88.31237943900399 132.65564828209736 21.643535537552822
    endloop
  endfacet
  facet normal -2.8566459117632685e-16 -0.13917310096007024 0.9902680687415697
    outer loop
      vertex 88.31237943900399 132.65564828209736 21.643535537552822
      vertex 104.9 132 21.55139018071567
      vertex 88.78781814080389 132.90730241344596 21.67890321922886
    endloop
  endfacet
  facet normal 1.0245573420298114e-16 -0.13917310096006347 0.9902680687415707
    outer loop
      vertex 88.78781814080389 132.90730241344596 21.67890321922886
      vertex 104.9 132 21.55139018071567
      vertex 89.204543648263 133.24597190007526 21.726500111567972
    endloop
  endfacet
  facet normal -3.145444126476634e-16 -0.1391731009600686 0.9902680687415699
    outer loop
      vertex 89.204543648263 133.24597190007526 21.726500111567972
      vertex 104.9 132 21.55139018071567
      vertex 89.54654143383199 133.65864186354213 21.784497092690213
    endloop
  endfacet
  facet normal 4.580853113385572e-16 -0.1391731009600616 0.9902680687415708
    outer loop
      vertex 89.54654143383199 133.65864186354213 21.784497092690213
      vertex 104.9 132 21.55139018071567
      vertex 89.80066871440603 134.12945362857852 21.85066537113613
    endloop
  endfacet
  facet normal -5.567528206002413e-16 -0.13917310096006866 0.9902680687415699
    outer loop
      vertex 89.80066871440603 134.12945362857852 21.85066537113613
      vertex 104.9 132 21.55139018071567
      vertex 89.95715952110888 134.6403141630884 21.92246213707266
    endloop
  endfacet
  facet normal 3.5724980590494763e-16 -0.13917310096006355 0.9902680687415706
    outer loop
      vertex 89.95715952110888 134.6403141630884 21.92246213707266
      vertex 104.9 132 21.55139018071567
      vertex 90.00999999999999 135.17159138322435 21.997128281048933
    endloop
  endfacet
  facet normal 9.111077187368175e-16 -0.13917310096006932 0.9902680687415697
    outer loop
      vertex 86.72350161445564 137.84250233328078 22.37250033538562
      vertex 87.25999999999999 137.89482857226366 22.37985430868911
      vertex 104.9 142.10346786441534 22.97133998776939
    endloop
  endfacet
  facet normal -8.500998632654629e-16 -0.13917310096006363 0.9902680687415706
    outer loop
      vertex 90.00999999999999 135.17159138322435 21.997128281048933
      vertex 104.9 142.10346786441534 22.97133998776939
      vertex 89.95715952110888 135.70286860336032 22.071794425025207
    endloop
  endfacet
  facet normal 1.241332304593118e-15 -0.13917310096006844 0.9902680687415699
    outer loop
      vertex 89.95715952110888 135.70286860336032 22.071794425025207
      vertex 104.9 142.10346786441534 22.97133998776939
      vertex 89.80066871440603 136.2137291378702 22.143591190961736
    endloop
  endfacet
  facet normal 8.927803989433204e-16 -0.13917310096006813 0.9902680687415699
    outer loop
      vertex 89.204543648263 137.09721086637344 22.267756450529895
      vertex 89.54654143383199 136.68454090290658 22.209759469407654
      vertex 104.9 142.10346786441534 22.97133998776939
    endloop
  endfacet
  facet normal -1.3030997944109203e-15 -0.13917310096006202 0.9902680687415708
    outer loop
      vertex 89.54654143383199 136.68454090290658 22.209759469407654
      vertex 89.80066871440603 136.2137291378702 22.143591190961736
      vertex 104.9 142.10346786441534 22.97133998776939
    endloop
  endfacet
  facet normal -3.8126690512450843e-16 -0.13917310096006402 0.9902680687415706
    outer loop
      vertex 87.25999999999999 137.89482857226366 22.37985430868911
      vertex 87.79649838554434 137.84250233328078 22.37250033538562
      vertex 104.9 142.10346786441534 22.97133998776939
    endloop
  endfacet
  facet normal -4.827347929769418e-16 -0.1391731009600639 0.9902680687415705
    outer loop
      vertex 89.204543648263 137.09721086637344 22.267756450529895
      vertex 104.9 142.10346786441534 22.97133998776939
      vertex 88.78781814080389 137.43588035300274 22.315353342869006
    endloop
  endfacet
  facet normal -1.105394515309523e-15 -0.13917310096006116 0.9902680687415709
    outer loop
      vertex 87.79649838554434 137.84250233328078 22.37250033538562
      vertex 88.31237943900399 137.68753448435135 22.350721024545045
      vertex 104.9 142.10346786441534 22.97133998776939
    endloop
  endfacet
  facet normal 9.944771705305015e-16 -0.1391731009600689 0.9902680687415698
    outer loop
      vertex 88.31237943900399 137.68753448435135 22.350721024545045
      vertex 88.78781814080389 137.43588035300274 22.315353342869006
      vertex 104.9 142.10346786441534 22.97133998776939
    endloop
  endfacet
  facet normal -3.215514849288945e-17 -0.13917310096006538 0.9902680687415703
    outer loop
      vertex 90.00999999999999 135.17159138322435 21.997128281048933
      vertex 104.9 132 21.55139018071567
      vertex 104.9 142.10346786441534 22.97133998776939
    endloop
  endfacet
  facet normal 1.6991140189069206e-17 -0.99026806874157 -0.1391731009600672
    outer loop
      vertex 104.9 142.0621222610428 23.26552924216012
      vertex 134 142.0621222610428 23.265529242160124
      vertex 134 141.16692678561526 29.63517602363241
    endloop
  endfacet
  facet normal 0 -0.9902680687415704 -0.13917310096006472
    outer loop
      vertex 10.95 140.0988164418771 37.23517602363241
      vertex 134 141.16692678561526 29.63517602363241
      vertex 167 140.0988164418771 37.23517602363241
    endloop
  endfacet
  facet normal 0 -0.9902680687415704 -0.13917310096006472
    outer loop
      vertex 134 141.16692678561526 29.63517602363241
      vertex 167 141.16692678561526 29.63517602363241
      vertex 167 140.0988164418771 37.23517602363241
    endloop
  endfacet
  facet normal 0 0.9902680687415703 0.1391731009600657
    outer loop
      vertex 9 57.62627895432029 3.543793690662933
      vertex 23 56.58505172378458 10.952510400938678
      vertex 23 57.62627895432029 3.543793690662933
    endloop
  endfacet
  facet normal 1.6959457791782813e-17 0.9902680687415703 0.13917310096006566
    outer loop
      vertex 9 57.62627895432029 3.543793690662933
      vertex 9 56.58505172378458 10.95251040093868
      vertex 23 56.58505172378458 10.952510400938678
    endloop
  endfacet
  facet normal 1 0 0
    outer loop
      vertex 9 57.62627895432029 3.543793690662933
      vertex 9 102.18834204769095 9.806583233865878
      vertex 9 56.58505172378458 10.95251040093868
    endloop
  endfacet
  facet normal 0 -0.13917310096006544 0.9902680687415701
    outer loop
      vertex 9 57.62627895432029 3.543793690662933
      vertex 23 57.62627895432029 3.543793690662933
      vertex 23 102.18834204769095 9.806583233865878
    endloop
  endfacet
  facet normal 0 -0.13917310096006544 0.9902680687415701
    outer loop
      vertex 9 57.62627895432029 3.543793690662933
      vertex 23 102.18834204769095 9.806583233865878
      vertex 9 102.18834204769095 9.806583233865878
    endloop
  endfacet
  facet normal 1 0 0
    outer loop
      vertex 9 56.58505172378458 10.95251040093868
      vertex 9 102.18834204769095 9.806583233865878
      vertex 9 101.14711481715524 17.215299944141623
    endloop
  endfacet
  facet normal 0 -0.9902680687415703 -0.13917310096006566
    outer loop
      vertex 9 102.18834204769095 9.806583233865878
      vertex 23 102.18834204769095 9.806583233865878
      vertex 9 101.14711481715524 17.215299944141623
    endloop
  endfacet
  facet normal 0 -0.9902680687415703 -0.13917310096006566
    outer loop
      vertex 9 101.14711481715524 17.215299944141623
      vertex 23 102.18834204769095 9.806583233865878
      vertex 23 101.14711481715524 17.215299944141623
    endloop
  endfacet
  facet normal 0 1 0
    outer loop
      vertex 144 79 3.01
      vertex 144 79 14.102725941488922
      vertex 167 79 3.01
    endloop
  endfacet
  facet normal 0 1 0
    outer loop
      vertex 167 79 3.01
      vertex 144 79 14.102725941488922
      vertex 167 79 14.102725941488924
    endloop
  endfacet
  facet normal 1 0 0
    outer loop
      vertex 104.9 132 3.01
      vertex 104.9 142.5 3.01
      vertex 104.9 132 21.55139018071567
    endloop
  endfacet
  facet normal 1 0 0
    outer loop
      vertex 104.9 142.5 3.01
      vertex 104.9 142.10346786441534 22.97133998776939
      vertex 104.9 132 21.55139018071567
    endloop
  endfacet
  facet normal 1 0 0
    outer loop
      vertex 104.9 142.5 3.01
      vertex 104.9 142.5 23.327068945090765
      vertex 104.9 142.10346786441534 22.97133998776939
    endloop
  endfacet
  facet normal 1 0 0
    outer loop
      vertex 104.9 142.10346786441534 22.97133998776939
      vertex 104.9 142.5 23.327068945090765
      vertex 104.9 142.0621222610428 23.26552924216012
    endloop
  endfacet
  facet normal 1.2089824445008693e-16 0.13917310096007116 -0.9902680687415696
    outer loop
      vertex 104.9 142.0621222610428 23.26552924216012
      vertex 104.9 142.5 23.327068945090765
      vertex 134 142.0621222610428 23.265529242160124
    endloop
  endfacet
  facet normal 1.2089824445008693e-16 0.13917310096007116 -0.9902680687415696
    outer loop
      vertex 104.9 142.5 23.327068945090765
      vertex 134 142.5 23.32706894509077
      vertex 134 142.0621222610428 23.265529242160124
    endloop
  endfacet
  facet normal 1 0 0
    outer loop
      vertex 104.9 142.5 3.01
      vertex 104.9 152.53 3.01
      vertex 104.9 152.53 19
    endloop
  endfacet
  facet normal 1 0 0
    outer loop
      vertex 104.9 142.5 3.01
      vertex 104.9 152.53 29.235176023632413
      vertex 104.9 142.5 23.327068945090765
    endloop
  endfacet
  facet normal 1 0 0
    outer loop
      vertex 104.9 142.5 3.01
      vertex 104.9 152.53 19
      vertex 104.9 152.53 29.235176023632413
    endloop
  endfacet
  facet normal 1 0 0
    outer loop
      vertex 104.9 142.5 23.327068945090765
      vertex 104.9 152.53 29.235176023632413
      vertex 104.9 142.5 29.235176023632413
    endloop
  endfacet
  facet normal 0 1 0
    outer loop
      vertex 104.9 142.5 23.327068945090765
      vertex 104.9 142.5 29.235176023632413
      vertex 134 142.5 29.235176023632413
    endloop
  endfacet
  facet normal 0 1 0
    outer loop
      vertex 104.9 142.5 23.327068945090765
      vertex 134 142.5 29.235176023632413
      vertex 134 142.5 23.32706894509077
    endloop
  endfacet
  facet normal 0 -1 0
    outer loop
      vertex 104.9 152.53 19
      vertex 167 152.53 29.235176023632413
      vertex 104.9 152.53 29.235176023632413
    endloop
  endfacet
  facet normal 0 0 -1
    outer loop
      vertex 104.9 142.5 29.235176023632413
      vertex 104.9 152.53 29.235176023632413
      vertex 134 142.5 29.235176023632413
    endloop
  endfacet
  facet normal 0 -1 0
    outer loop
      vertex 104.9 152.53 19
      vertex 167 152.53 19
      vertex 167 152.53 29.235176023632413
    endloop
  endfacet
  facet normal 0 0 -1
    outer loop
      vertex 104.9 152.53 29.235176023632413
      vertex 167 142.5 29.235176023632413
      vertex 134 142.5 29.235176023632413
    endloop
  endfacet
  facet normal 0 0 -1
    outer loop
      vertex 104.9 152.53 29.235176023632413
      vertex 167 152.53 29.235176023632413
      vertex 167 142.5 29.235176023632413
    endloop
  endfacet
  facet normal 1 0 0
    outer loop
      vertex 97 155.53 3
      vertex 97 167.53 3
      vertex 97 155.53 19
    endloop
  endfacet
  facet normal 0 0 1
    outer loop
      vertex 97 155.53 3
      vertex 167 167.53 3
      vertex 97 167.53 3
    endloop
  endfacet
  facet normal 1 0 0
    outer loop
      vertex 97 167.53 3
      vertex 97 155.53 29.235176023632413
      vertex 97 155.53 19
    endloop
  endfacet
  facet normal 0 0 1
    outer loop
      vertex 97 155.53 3
      vertex 167 155.53 3
      vertex 167 167.53 3
    endloop
  endfacet
  facet normal 1 0 0
    outer loop
      vertex 97 167.53 3
      vertex 97 167.53 29.235176023632413
      vertex 97 155.53 29.235176023632413
    endloop
  endfacet
  facet normal 0 1 0
    outer loop
      vertex 97 155.53 19
      vertex 97 155.53 29.235176023632413
      vertex 167 155.53 19
    endloop
  endfacet
  facet normal 0 0 -1
    outer loop
      vertex 97 155.53 29.235176023632413
      vertex 97 167.53 29.235176023632413
      vertex 167 155.53 29.235176023632413
    endloop
  endfacet
  facet normal 0 1 0
    outer loop
      vertex 97 155.53 29.235176023632413
      vertex 167 155.53 29.235176023632413
      vertex 167 155.53 19
    endloop
  endfacet
  facet normal 0 0 -1
    outer loop
      vertex 97 167.53 29.235176023632413
      vertex 167 167.53 29.235176023632413
      vertex 167 155.53 29.235176023632413
    endloop
  endfacet
  facet normal 1 0 0
    outer loop
      vertex 97 152.53 3
      vertex 97 155.53 3
      vertex 97 153.44172010566533 3.35
    endloop
  endfacet
  facet normal 1 0 0
    outer loop
      vertex 97 153.44172010566533 3.35
      vertex 97 155.53 3
      vertex 97 154.9193871453489 3.35
    endloop
  endfacet
  facet normal 0 1 0
    outer loop
      vertex 97 152.53 3
      vertex 103.9 152.53 3.01
      vertex 103.9 152.53 3
    endloop
  endfacet
  facet normal 1 0 0
    outer loop
      vertex 97 152.53 3
      vertex 97 153.44172010566533 3.35
      vertex 97 153.44172010566533 7.65
    endloop
  endfacet
  facet normal 1 0 0
    outer loop
      vertex 97 155.53 3
      vertex 97 155.53 19
      vertex 97 154.9193871453489 3.35
    endloop
  endfacet
  facet normal 0 1 0
    outer loop
      vertex 97 152.53 3
      vertex 97 152.53 19
      vertex 103.9 152.53 3.01
    endloop
  endfacet
  facet normal 0 1 0
    outer loop
      vertex 103.9 152.53 3.01
      vertex 104.9 152.53 19
      vertex 104.9 152.53 3.01
    endloop
  endfacet
  facet normal 0 0 1
    outer loop
      vertex 97 152.53 3
      vertex 103.9 152.53 3
      vertex 167 155.53 3
    endloop
  endfacet
  facet normal 0 0 1
    outer loop
      vertex 97 152.53 3
      vertex 167 155.53 3
      vertex 97 155.53 3
    endloop
  endfacet
  facet normal 1 0 0
    outer loop
      vertex 97 152.53 3
      vertex 97 153.44172010566533 7.65
      vertex 97 155.53 19
    endloop
  endfacet
  facet normal 1 0 0
    outer loop
      vertex 97 154.9193871453489 3.35
      vertex 97 155.53 19
      vertex 97 154.9193871453489 7.65
    endloop
  endfacet
  facet normal 1 0 0
    outer loop
      vertex 97 153.44172010566533 7.65
      vertex 97 154.9193871453489 7.65
      vertex 97 155.53 19
    endloop
  endfacet
  facet normal 1 0 0
    outer loop
      vertex 97 152.53 3
      vertex 97 155.53 19
      vertex 97 152.53 19
    endloop
  endfacet
  facet normal 0 1 0
    outer loop
      vertex 103.9 152.53 3.01
      vertex 97 152.53 19
      vertex 104.9 152.53 19
    endloop
  endfacet
  facet normal 0 0 1
    outer loop
      vertex 103.9 152.53 3
      vertex 167 152.53 3
      vertex 167 155.53 3
    endloop
  endfacet
  facet normal 0 0 -1
    outer loop
      vertex 97 152.53 19
      vertex 97 155.53 19
      vertex 104.9 152.53 19
    endloop
  endfacet
  facet normal 0 0 -1
    outer loop
      vertex 97 155.53 19
      vertex 167 152.53 19
      vertex 104.9 152.53 19
    endloop
  endfacet
  facet normal 0 0 -1
    outer loop
      vertex 97 155.53 19
      vertex 167 155.53 19
      vertex 167 152.53 19
    endloop
  endfacet
  facet normal 0 0 1
    outer loop
      vertex 96.35000000149012 154.1729701012373 3.35
      vertex 97 153.44172010566533 3.35
      vertex 96.35000000149012 154.51313714683056 3.35
    endloop
  endfacet
  facet normal 0 0 1
    outer loop
      vertex 96.35000000149012 154.51313714683056 3.35
      vertex 97 153.44172010566533 3.35
      vertex 97 154.9193871453489 3.35
    endloop
  endfacet
  facet normal 1 0 0
    outer loop
      vertex 96.35000000149012 154.1729701012373 3.35
      vertex 96.35000000149012 154.51313714683056 3.35
      vertex 96.35000000149012 154.51313714683056 7.65
    endloop
  endfacet
  facet normal 0.7474093174423005 0.6643638402264488 0
    outer loop
      vertex 96.35000000149012 154.1729701012373 3.35
      vertex 97 153.44172010566533 7.65
      vertex 97 153.44172010566533 3.35
    endloop
  endfacet
  facet normal 0.5299989394868891 -0.8479983043277698 0
    outer loop
      vertex 96.35000000149012 154.51313714683056 3.35
      vertex 97 154.9193871453489 3.35
      vertex 96.35000000149012 154.51313714683056 7.65
    endloop
  endfacet
  facet normal 1 0 0
    outer loop
      vertex 96.35000000149012 154.1729701012373 3.35
      vertex 96.35000000149012 154.51313714683056 7.65
      vertex 96.35000000149012 154.1729701012373 7.65
    endloop
  endfacet
  facet normal 0.7474093174423005 0.6643638402264488 0
    outer loop
      vertex 96.35000000149012 154.1729701012373 3.35
      vertex 96.35000000149012 154.1729701012373 7.65
      vertex 97 153.44172010566533 7.65
    endloop
  endfacet
  facet normal 0.5299989394868891 -0.8479983043277698 0
    outer loop
      vertex 97 154.9193871453489 3.35
      vertex 97 154.9193871453489 7.65
      vertex 96.35000000149012 154.51313714683056 7.65
    endloop
  endfacet
  facet normal 0 0 -1
    outer loop
      vertex 96.35000000149012 154.1729701012373 7.65
      vertex 97 154.9193871453489 7.65
      vertex 97 153.44172010566533 7.65
    endloop
  endfacet
  facet normal 0 0 -1
    outer loop
      vertex 96.35000000149012 154.1729701012373 7.65
      vertex 96.35000000149012 154.51313714683056 7.65
      vertex 97 154.9193871453489 7.65
    endloop
  endfacet
  facet normal -0.555570233019615 -0.8314696123025366 0
    outer loop
      vertex 108.76933499846949 83.72326330898068 3.01
      vertex 109.15 83.46891108675446 3.01
      vertex 108.76933499846949 83.72326330898068 6
    endloop
  endfacet
  facet normal -0.4422886902189967 -0.8968727415326907 0
    outer loop
      vertex 109.15 83.46891108675446 3.01
      vertex 109.56060798672219 83.2664216362105 3.01
      vertex 109.15 83.46891108675446 6
    endloop
  endfacet
  facet normal -0.555570233019615 -0.8314696123025366 0
    outer loop
      vertex 109.15 83.46891108675446 3.01
      vertex 109.15 83.46891108675446 6
      vertex 108.76933499846949 83.72326330898068 6
    endloop
  endfacet
  facet normal 0 0 1
    outer loop
      vertex 108.76933499846949 83.72326330898068 6
      vertex 109.15 83.46891108675446 6
      vertex 109.56060798672219 83.2664216362105 6
    endloop
  endfacet
  facet normal -0.32143946530317014 -0.9469301294951027 0
    outer loop
      vertex 109.56060798672219 83.2664216362105 3.01
      vertex 109.99413334214118 83.11925960798825 3.01
      vertex 109.56060798672219 83.2664216362105 6
    endloop
  endfacet
  facet normal -0.19509032201610832 -0.9807852804032345 0
    outer loop
      vertex 109.99413334214118 83.11925960798825 3.01
      vertex 110.44315832722982 83.02994298519167 3.01
      vertex 109.99413334214118 83.11925960798825 6
    endloop
  endfacet
  facet normal -0.06540312923015051 -0.9978589232386031 0
    outer loop
      vertex 110.44315832722982 83.02994298519167 3.01
      vertex 110.9 83 3.01
      vertex 110.44315832722982 83.02994298519167 6
    endloop
  endfacet
  facet normal 0.06540312923015051 -0.9978589232386031 0
    outer loop
      vertex 110.9 83 3.01
      vertex 111.35684167277019 83.02994298519167 3.01
      vertex 110.9 83 6
    endloop
  endfacet
  facet normal 0.19509032201610832 -0.9807852804032345 0
    outer loop
      vertex 111.35684167277019 83.02994298519167 3.01
      vertex 111.80586665785883 83.11925960798825 3.01
      vertex 111.35684167277019 83.02994298519167 6
    endloop
  endfacet
  facet normal 0.32143946530317014 -0.9469301294951027 0
    outer loop
      vertex 111.80586665785883 83.11925960798825 3.01
      vertex 112.23939201327782 83.2664216362105 3.01
      vertex 111.80586665785883 83.11925960798825 6
    endloop
  endfacet
  facet normal 0.4422886902189967 -0.8968727415326907 0
    outer loop
      vertex 112.23939201327782 83.2664216362105 3.01
      vertex 112.65 83.46891108675446 3.01
      vertex 112.23939201327782 83.2664216362105 6
    endloop
  endfacet
  facet normal 0.555570233019615 -0.8314696123025366 0
    outer loop
      vertex 112.65 83.46891108675446 3.01
      vertex 113.03066500153052 83.72326330898068 3.01
      vertex 112.65 83.46891108675446 6
    endloop
  endfacet
  facet normal -0.4422886902189967 -0.8968727415326907 0
    outer loop
      vertex 109.56060798672219 83.2664216362105 3.01
      vertex 109.56060798672219 83.2664216362105 6
      vertex 109.15 83.46891108675446 6
    endloop
  endfacet
  facet normal -0.32143946530317014 -0.9469301294951027 0
    outer loop
      vertex 109.99413334214118 83.11925960798825 3.01
      vertex 109.99413334214118 83.11925960798825 6
      vertex 109.56060798672219 83.2664216362105 6
    endloop
  endfacet
  facet normal -0.19509032201610832 -0.9807852804032345 0
    outer loop
      vertex 110.44315832722982 83.02994298519167 3.01
      vertex 110.44315832722982 83.02994298519167 6
      vertex 109.99413334214118 83.11925960798825 6
    endloop
  endfacet
  facet normal -0.06540312923015051 -0.9978589232386031 0
    outer loop
      vertex 110.9 83 3.01
      vertex 110.9 83 6
      vertex 110.44315832722982 83.02994298519167 6
    endloop
  endfacet
  facet normal 0.06540312923015051 -0.9978589232386031 0
    outer loop
      vertex 111.35684167277019 83.02994298519167 3.01
      vertex 111.35684167277019 83.02994298519167 6
      vertex 110.9 83 6
    endloop
  endfacet
  facet normal 0.19509032201610832 -0.9807852804032345 0
    outer loop
      vertex 111.80586665785883 83.11925960798825 3.01
      vertex 111.80586665785883 83.11925960798825 6
      vertex 111.35684167277019 83.02994298519167 6
    endloop
  endfacet
  facet normal 0.32143946530317014 -0.9469301294951027 0
    outer loop
      vertex 112.23939201327782 83.2664216362105 3.01
      vertex 112.23939201327782 83.2664216362105 6
      vertex 111.80586665785883 83.11925960798825 6
    endloop
  endfacet
  facet normal 0.4422886902189967 -0.8968727415326907 0
    outer loop
      vertex 112.65 83.46891108675446 3.01
      vertex 112.65 83.46891108675446 6
      vertex 112.23939201327782 83.2664216362105 6
    endloop
  endfacet
  facet normal 0.555570233019615 -0.8314696123025366 0
    outer loop
      vertex 113.03066500153052 83.72326330898068 3.01
      vertex 113.03066500153052 83.72326330898068 6
      vertex 112.65 83.46891108675446 6
    endloop
  endfacet
  facet normal 0 0 1
    outer loop
      vertex 109.56060798672219 83.2664216362105 6
      vertex 109.99413334214118 83.11925960798825 6
      vertex 110.44315832722982 83.02994298519167 6
    endloop
  endfacet
  facet normal 0 0 1
    outer loop
      vertex 109.56060798672219 83.2664216362105 6
      vertex 110.44315832722982 83.02994298519167 6
      vertex 111.35684167277019 83.02994298519167 6
    endloop
  endfacet
  facet normal 0 0 1
    outer loop
      vertex 110.44315832722982 83.02994298519167 6
      vertex 110.9 83 6
      vertex 111.35684167277019 83.02994298519167 6
    endloop
  endfacet
  facet normal 0 0 1
    outer loop
      vertex 109.56060798672219 83.2664216362105 6
      vertex 111.35684167277019 83.02994298519167 6
      vertex 113.03066500153052 83.72326330898068 6
    endloop
  endfacet
  facet normal 0 0 1
    outer loop
      vertex 111.35684167277019 83.02994298519167 6
      vertex 111.80586665785883 83.11925960798825 6
      vertex 112.23939201327782 83.2664216362105 6
    endloop
  endfacet
  facet normal 0 0 1
    outer loop
      vertex 111.35684167277019 83.02994298519167 6
      vertex 112.23939201327782 83.2664216362105 6
      vertex 113.03066500153052 83.72326330898068 6
    endloop
  endfacet
  facet normal 0 0 1
    outer loop
      vertex 112.23939201327782 83.2664216362105 6
      vertex 112.65 83.46891108675446 6
      vertex 113.03066500153052 83.72326330898068 6
    endloop
  endfacet
  facet normal -0.6593458150996387 -0.7518398074793546 0
    outer loop
      vertex 105.58912385709914 86.42066466597088 3.01
      vertex 105.57928932188135 86.42928932188134 6
      vertex 105.57928932188135 86.42928932188134 3.01
    endloop
  endfacet
  facet normal -0.8314696123022929 -0.5555702330199801 0
    outer loop
      vertex 105.56339745962156 86.45 3.01
      vertex 105.57066466597088 86.43912385709913 3.01
      vertex 105.56339745962156 86.45 6
    endloop
  endfacet
  facet normal -0.7518398074793546 -0.6593458150996387 0
    outer loop
      vertex 105.57066466597088 86.43912385709913 3.01
      vertex 105.57928932188135 86.42928932188134 3.01
      vertex 105.57066466597088 86.43912385709913 6
    endloop
  endfacet
  facet normal -0.8968727415326853 -0.4422886902190076 0
    outer loop
      vertex 105.56339745962156 86.45 3.01
      vertex 105.55761204674887 86.46173165676349 6
      vertex 105.55761204674887 86.46173165676349 3.01
    endloop
  endfacet
  facet normal -0.9469301294953257 -0.32143946530251316 0
    outer loop
      vertex 105.5534074173711 86.47411809548974 3.01
      vertex 105.55761204674887 86.46173165676349 3.01
      vertex 105.5534074173711 86.47411809548974 6
    endloop
  endfacet
  facet normal -0.9807852804032141 -0.1950903220162099 0
    outer loop
      vertex 105.5534074173711 86.47411809548974 3.01
      vertex 105.55085551386263 86.48694738077799 6
      vertex 105.55085551386263 86.48694738077799 3.01
    endloop
  endfacet
  facet normal -0.9978589232386104 -0.06540312923003956 0
    outer loop
      vertex 105.55000000000001 86.5 3.01
      vertex 105.55085551386263 86.48694738077799 3.01
      vertex 105.55000000000001 86.5 6
    endloop
  endfacet
  facet normal -0.9978589232386104 0.06540312923003956 0
    outer loop
      vertex 105.55000000000001 86.5 3.01
      vertex 105.55085551386263 86.51305261922201 6
      vertex 105.55085551386263 86.51305261922201 3.01
    endloop
  endfacet
  facet normal -0.9807852804032141 0.1950903220162099 0
    outer loop
      vertex 105.5534074173711 86.52588190451026 3.01
      vertex 105.55085551386263 86.51305261922201 3.01
      vertex 105.5534074173711 86.52588190451026 6
    endloop
  endfacet
  facet normal -0.9469301294953257 0.32143946530251316 0
    outer loop
      vertex 105.5534074173711 86.52588190451026 3.01
      vertex 105.55761204674887 86.53826834323651 6
      vertex 105.55761204674887 86.53826834323651 3.01
    endloop
  endfacet
  facet normal -0.8968727415326853 0.4422886902190076 0
    outer loop
      vertex 105.55761204674887 86.53826834323651 3.01
      vertex 105.56339745962156 86.55 6
      vertex 105.56339745962156 86.55 3.01
    endloop
  endfacet
  facet normal -0.8314696123022929 0.5555702330199801 0
    outer loop
      vertex 105.56339745962156 86.55 3.01
      vertex 105.57066466597088 86.56087614290087 6
      vertex 105.57066466597088 86.56087614290087 3.01
    endloop
  endfacet
  facet normal -0.7518398074793546 0.6593458150996387 0
    outer loop
      vertex 105.57066466597088 86.56087614290087 3.01
      vertex 105.57928932188135 86.57071067811866 6
      vertex 105.57928932188135 86.57071067811866 3.01
    endloop
  endfacet
  facet normal -0.6593458150996387 0.7518398074793546 0
    outer loop
      vertex 105.57928932188135 86.57071067811866 3.01
      vertex 105.58912385709914 86.57933533402912 6
      vertex 105.58912385709914 86.57933533402912 3.01
    endloop
  endfacet
  facet normal -0.6468436434261714 -0.7626226465029451 0
    outer loop
      vertex 108.76933499846949 83.72326330898068 3.01
      vertex 105.58912385709914 86.42066466597088 6
      vertex 105.58912385709914 86.42066466597088 3.01
    endloop
  endfacet
  facet normal -0.6468436434261714 0.7626226465029451 0
    outer loop
      vertex 105.58912385709914 86.57933533402912 3.01
      vertex 108.76933499846949 89.27673669101932 6
      vertex 108.76933499846949 89.27673669101932 3.01
    endloop
  endfacet
  facet normal -0.555570233019615 0.8314696123025366 0
    outer loop
      vertex 108.76933499846949 89.27673669101932 3.01
      vertex 109.15 89.53108891324554 6
      vertex 109.15 89.53108891324554 3.01
    endloop
  endfacet
  facet normal -0.6593458150996387 -0.7518398074793546 0
    outer loop
      vertex 105.58912385709914 86.42066466597088 3.01
      vertex 105.58912385709914 86.42066466597088 6
      vertex 105.57928932188135 86.42928932188134 6
    endloop
  endfacet
  facet normal -0.8314696123022929 -0.5555702330199801 0
    outer loop
      vertex 105.57066466597088 86.43912385709913 3.01
      vertex 105.57066466597088 86.43912385709913 6
      vertex 105.56339745962156 86.45 6
    endloop
  endfacet
  facet normal -0.7518398074793546 -0.6593458150996387 0
    outer loop
      vertex 105.57928932188135 86.42928932188134 3.01
      vertex 105.57928932188135 86.42928932188134 6
      vertex 105.57066466597088 86.43912385709913 6
    endloop
  endfacet
  facet normal -0.8968727415326853 -0.4422886902190076 0
    outer loop
      vertex 105.56339745962156 86.45 3.01
      vertex 105.56339745962156 86.45 6
      vertex 105.55761204674887 86.46173165676349 6
    endloop
  endfacet
  facet normal -0.9469301294953257 -0.32143946530251316 0
    outer loop
      vertex 105.55761204674887 86.46173165676349 3.01
      vertex 105.55761204674887 86.46173165676349 6
      vertex 105.5534074173711 86.47411809548974 6
    endloop
  endfacet
  facet normal -0.9807852804032141 -0.1950903220162099 0
    outer loop
      vertex 105.5534074173711 86.47411809548974 3.01
      vertex 105.5534074173711 86.47411809548974 6
      vertex 105.55085551386263 86.48694738077799 6
    endloop
  endfacet
  facet normal -0.9978589232386104 -0.06540312923003956 0
    outer loop
      vertex 105.55085551386263 86.48694738077799 3.01
      vertex 105.55085551386263 86.48694738077799 6
      vertex 105.55000000000001 86.5 6
    endloop
  endfacet
  facet normal -0.9978589232386104 0.06540312923003956 0
    outer loop
      vertex 105.55000000000001 86.5 3.01
      vertex 105.55000000000001 86.5 6
      vertex 105.55085551386263 86.51305261922201 6
    endloop
  endfacet
  facet normal -0.9807852804032141 0.1950903220162099 0
    outer loop
      vertex 105.55085551386263 86.51305261922201 3.01
      vertex 105.55085551386263 86.51305261922201 6
      vertex 105.5534074173711 86.52588190451026 6
    endloop
  endfacet
  facet normal -0.9469301294953257 0.32143946530251316 0
    outer loop
      vertex 105.5534074173711 86.52588190451026 3.01
      vertex 105.5534074173711 86.52588190451026 6
      vertex 105.55761204674887 86.53826834323651 6
    endloop
  endfacet
  facet normal -0.8968727415326853 0.4422886902190076 0
    outer loop
      vertex 105.55761204674887 86.53826834323651 3.01
      vertex 105.55761204674887 86.53826834323651 6
      vertex 105.56339745962156 86.55 6
    endloop
  endfacet
  facet normal -0.8314696123022929 0.5555702330199801 0
    outer loop
      vertex 105.56339745962156 86.55 3.01
      vertex 105.56339745962156 86.55 6
      vertex 105.57066466597088 86.56087614290087 6
    endloop
  endfacet
  facet normal -0.7518398074793546 0.6593458150996387 0
    outer loop
      vertex 105.57066466597088 86.56087614290087 3.01
      vertex 105.57066466597088 86.56087614290087 6
      vertex 105.57928932188135 86.57071067811866 6
    endloop
  endfacet
  facet normal -0.6593458150996387 0.7518398074793546 0
    outer loop
      vertex 105.57928932188135 86.57071067811866 3.01
      vertex 105.57928932188135 86.57071067811866 6
      vertex 105.58912385709914 86.57933533402912 6
    endloop
  endfacet
  facet normal -0.6468436434261714 -0.7626226465029451 0
    outer loop
      vertex 108.76933499846949 83.72326330898068 3.01
      vertex 108.76933499846949 83.72326330898068 6
      vertex 105.58912385709914 86.42066466597088 6
    endloop
  endfacet
  facet normal -0.6468436434261714 0.7626226465029451 0
    outer loop
      vertex 105.58912385709914 86.57933533402912 3.01
      vertex 105.58912385709914 86.57933533402912 6
      vertex 108.76933499846949 89.27673669101932 6
    endloop
  endfacet
  facet normal 0 0 1
    outer loop
      vertex 108.76933499846949 83.72326330898068 6
      vertex 105.55000000000001 86.5 6
      vertex 105.58912385709914 86.42066466597088 6
    endloop
  endfacet
  facet normal 0 0 1
    outer loop
      vertex 105.58912385709914 86.42066466597088 6
      vertex 105.57066466597088 86.43912385709913 6
      vertex 105.57928932188135 86.42928932188134 6
    endloop
  endfacet
  facet normal 0 0 1
    outer loop
      vertex 105.58912385709914 86.42066466597088 6
      vertex 105.56339745962156 86.45 6
      vertex 105.57066466597088 86.43912385709913 6
    endloop
  endfacet
  facet normal 0 0 1
    outer loop
      vertex 105.56339745962156 86.45 6
      vertex 105.5534074173711 86.47411809548974 6
      vertex 105.55761204674887 86.46173165676349 6
    endloop
  endfacet
  facet normal 0 0 1
    outer loop
      vertex 105.58912385709914 86.42066466597088 6
      vertex 105.55000000000001 86.5 6
      vertex 105.56339745962156 86.45 6
    endloop
  endfacet
  facet normal 0 0 1
    outer loop
      vertex 105.56339745962156 86.45 6
      vertex 105.55000000000001 86.5 6
      vertex 105.5534074173711 86.47411809548974 6
    endloop
  endfacet
  facet normal 0 0 1
    outer loop
      vertex 105.5534074173711 86.47411809548974 6
      vertex 105.55000000000001 86.5 6
      vertex 105.55085551386263 86.48694738077799 6
    endloop
  endfacet
  facet normal 0 0 1
    outer loop
      vertex 105.55000000000001 86.5 6
      vertex 105.5534074173711 86.52588190451026 6
      vertex 105.55085551386263 86.51305261922201 6
    endloop
  endfacet
  facet normal 0 0 1
    outer loop
      vertex 105.55000000000001 86.5 6
      vertex 105.56339745962156 86.55 6
      vertex 105.5534074173711 86.52588190451026 6
    endloop
  endfacet
  facet normal 0 0 1
    outer loop
      vertex 105.5534074173711 86.52588190451026 6
      vertex 105.56339745962156 86.55 6
      vertex 105.55761204674887 86.53826834323651 6
    endloop
  endfacet
  facet normal 0 0 1
    outer loop
      vertex 105.55000000000001 86.5 6
      vertex 105.58912385709914 86.57933533402912 6
      vertex 105.56339745962156 86.55 6
    endloop
  endfacet
  facet normal 0 0 1
    outer loop
      vertex 105.56339745962156 86.55 6
      vertex 105.57928932188135 86.57071067811866 6
      vertex 105.57066466597088 86.56087614290087 6
    endloop
  endfacet
  facet normal 0 0 1
    outer loop
      vertex 105.56339745962156 86.55 6
      vertex 105.58912385709914 86.57933533402912 6
      vertex 105.57928932188135 86.57071067811866 6
    endloop
  endfacet
  facet normal 0 0 1
    outer loop
      vertex 105.55000000000001 86.5 6
      vertex 108.76933499846949 89.27673669101932 6
      vertex 105.58912385709914 86.57933533402912 6
    endloop
  endfacet
  facet normal 0 0 1
    outer loop
      vertex 108.76933499846949 83.72326330898068 6
      vertex 109.56060798672219 83.2664216362105 6
      vertex 105.55000000000001 86.5 6
    endloop
  endfacet
  facet normal 0 0 1
    outer loop
      vertex 105.55000000000001 86.5 6
      vertex 109.56060798672219 89.7335783637895 6
      vertex 108.76933499846949 89.27673669101932 6
    endloop
  endfacet
  facet normal 0 0 1
    outer loop
      vertex 109.56060798672219 83.2664216362105 6
      vertex 109.56060798672219 89.7335783637895 6
      vertex 105.55000000000001 86.5 6
    endloop
  endfacet
  facet normal -0.555570233019615 0.8314696123025366 0
    outer loop
      vertex 108.76933499846949 89.27673669101932 3.01
      vertex 108.76933499846949 89.27673669101932 6
      vertex 109.15 89.53108891324554 6
    endloop
  endfacet
  facet normal -0.4422886902189967 0.8968727415326907 0
    outer loop
      vertex 109.15 89.53108891324554 3.01
      vertex 109.15 89.53108891324554 6
      vertex 109.56060798672219 89.7335783637895 6
    endloop
  endfacet
  facet normal 0 0 1
    outer loop
      vertex 108.76933499846949 89.27673669101932 6
      vertex 109.56060798672219 89.7335783637895 6
      vertex 109.15 89.53108891324554 6
    endloop
  endfacet
  facet normal 0.6593458151000495 -0.7518398074789943 0
    outer loop
      vertex 113.03066500153052 83.72326330898068 3.01
      vertex 113.37487373415293 84.02512626584708 3.01
      vertex 113.03066500153052 83.72326330898068 6
    endloop
  endfacet
  facet normal 0.7518398074789943 -0.6593458151000495 0
    outer loop
      vertex 113.37487373415293 84.02512626584708 3.01
      vertex 113.67673669101933 84.36933499846948 3.01
      vertex 113.37487373415293 84.02512626584708 6
    endloop
  endfacet
  facet normal 0.8314696123025366 -0.555570233019615 0
    outer loop
      vertex 113.67673669101933 84.36933499846948 3.01
      vertex 113.93108891324555 84.75 3.01
      vertex 113.67673669101933 84.36933499846948 6
    endloop
  endfacet
  facet normal 0.8968727415326907 -0.4422886902189967 0
    outer loop
      vertex 113.93108891324555 84.75 3.01
      vertex 114.13357836378951 85.16060798672218 3.01
      vertex 113.93108891324555 84.75 6
    endloop
  endfacet
  facet normal 0.9469301294951027 -0.32143946530317014 0
    outer loop
      vertex 114.13357836378951 85.16060798672218 3.01
      vertex 114.28074039201175 85.59413334214118 3.01
      vertex 114.13357836378951 85.16060798672218 6
    endloop
  endfacet
  facet normal 0.9807852804032345 -0.19509032201610832 0
    outer loop
      vertex 114.28074039201175 85.59413334214118 3.01
      vertex 114.37005701480834 86.04315832722982 3.01
      vertex 114.28074039201175 85.59413334214118 6
    endloop
  endfacet
  facet normal 0.9978589232386031 -0.06540312923015051 0
    outer loop
      vertex 114.37005701480834 86.04315832722982 3.01
      vertex 114.4 86.5 3.01
      vertex 114.37005701480834 86.04315832722982 6
    endloop
  endfacet
  facet normal 0.9978589232386031 0.06540312923015051 0
    outer loop
      vertex 114.4 86.5 3.01
      vertex 114.37005701480834 86.95684167277018 3.01
      vertex 114.4 86.5 6
    endloop
  endfacet
  facet normal 0.9807852804032345 0.19509032201610832 0
    outer loop
      vertex 114.37005701480834 86.95684167277018 3.01
      vertex 114.28074039201175 87.40586665785882 3.01
      vertex 114.37005701480834 86.95684167277018 6
    endloop
  endfacet
  facet normal 0.9469301294951027 0.32143946530317014 0
    outer loop
      vertex 114.28074039201175 87.40586665785882 3.01
      vertex 114.13357836378951 87.83939201327782 3.01
      vertex 114.28074039201175 87.40586665785882 6
    endloop
  endfacet
  facet normal 0.8968727415326907 0.4422886902189967 0
    outer loop
      vertex 114.13357836378951 87.83939201327782 3.01
      vertex 113.93108891324555 88.25 3.01
      vertex 114.13357836378951 87.83939201327782 6
    endloop
  endfacet
  facet normal 0.7518398074789943 0.6593458151000495 0
    outer loop
      vertex 113.37487373415293 88.97487373415292 3.01
      vertex 113.67673669101933 88.63066500153052 6
      vertex 113.67673669101933 88.63066500153052 3.01
    endloop
  endfacet
  facet normal 0.8314696123025366 0.555570233019615 0
    outer loop
      vertex 113.93108891324555 88.25 3.01
      vertex 113.67673669101933 88.63066500153052 3.01
      vertex 113.93108891324555 88.25 6
    endloop
  endfacet
  facet normal -0.4422886902189967 0.8968727415326907 0
    outer loop
      vertex 109.15 89.53108891324554 3.01
      vertex 109.56060798672219 89.7335783637895 6
      vertex 109.56060798672219 89.7335783637895 3.01
    endloop
  endfacet
  facet normal -0.32143946530317014 0.9469301294951027 0
    outer loop
      vertex 109.56060798672219 89.7335783637895 3.01
      vertex 109.99413334214118 89.88074039201175 6
      vertex 109.99413334214118 89.88074039201175 3.01
    endloop
  endfacet
  facet normal -0.19509032201610832 0.9807852804032345 0
    outer loop
      vertex 109.99413334214118 89.88074039201175 3.01
      vertex 110.44315832722982 89.97005701480833 6
      vertex 110.44315832722982 89.97005701480833 3.01
    endloop
  endfacet
  facet normal -0.06540312923015051 0.9978589232386031 0
    outer loop
      vertex 110.44315832722982 89.97005701480833 3.01
      vertex 110.9 90 6
      vertex 110.9 90 3.01
    endloop
  endfacet
  facet normal 0.06540312923015051 0.9978589232386031 0
    outer loop
      vertex 110.9 90 3.01
      vertex 111.35684167277019 89.97005701480833 6
      vertex 111.35684167277019 89.97005701480833 3.01
    endloop
  endfacet
  facet normal 0.19509032201610832 0.9807852804032345 0
    outer loop
      vertex 111.35684167277019 89.97005701480833 3.01
      vertex 111.80586665785883 89.88074039201175 6
      vertex 111.80586665785883 89.88074039201175 3.01
    endloop
  endfacet
  facet normal 0.32143946530317014 0.9469301294951027 0
    outer loop
      vertex 111.80586665785883 89.88074039201175 3.01
      vertex 112.23939201327782 89.7335783637895 6
      vertex 112.23939201327782 89.7335783637895 3.01
    endloop
  endfacet
  facet normal 0.4422886902189967 0.8968727415326907 0
    outer loop
      vertex 112.65 89.53108891324554 3.01
      vertex 112.23939201327782 89.7335783637895 3.01
      vertex 112.65 89.53108891324554 6
    endloop
  endfacet
  facet normal 0.555570233019615 0.8314696123025366 0
    outer loop
      vertex 112.65 89.53108891324554 3.01
      vertex 113.03066500153052 89.27673669101932 6
      vertex 113.03066500153052 89.27673669101932 3.01
    endloop
  endfacet
  facet normal 0.6593458151000495 0.7518398074789943 0
    outer loop
      vertex 113.37487373415293 88.97487373415292 3.01
      vertex 113.03066500153052 89.27673669101932 3.01
      vertex 113.37487373415293 88.97487373415292 6
    endloop
  endfacet
  facet normal 0.6593458151000495 -0.7518398074789943 0
    outer loop
      vertex 113.03066500153052 83.72326330898068 6
      vertex 113.37487373415293 84.02512626584708 3.01
      vertex 113.37487373415293 84.02512626584708 6
    endloop
  endfacet
  facet normal 0.7518398074789943 -0.6593458151000495 0
    outer loop
      vertex 113.67673669101933 84.36933499846948 3.01
      vertex 113.67673669101933 84.36933499846948 6
      vertex 113.37487373415293 84.02512626584708 6
    endloop
  endfacet
  facet normal 0.8314696123025366 -0.555570233019615 0
    outer loop
      vertex 113.93108891324555 84.75 3.01
      vertex 113.93108891324555 84.75 6
      vertex 113.67673669101933 84.36933499846948 6
    endloop
  endfacet
  facet normal 0.8968727415326907 -0.4422886902189967 0
    outer loop
      vertex 114.13357836378951 85.16060798672218 3.01
      vertex 114.13357836378951 85.16060798672218 6
      vertex 113.93108891324555 84.75 6
    endloop
  endfacet
  facet normal 0.9469301294951027 -0.32143946530317014 0
    outer loop
      vertex 114.28074039201175 85.59413334214118 3.01
      vertex 114.28074039201175 85.59413334214118 6
      vertex 114.13357836378951 85.16060798672218 6
    endloop
  endfacet
  facet normal 0.9807852804032345 -0.19509032201610832 0
    outer loop
      vertex 114.37005701480834 86.04315832722982 3.01
      vertex 114.37005701480834 86.04315832722982 6
      vertex 114.28074039201175 85.59413334214118 6
    endloop
  endfacet
  facet normal 0.9978589232386031 -0.06540312923015051 0
    outer loop
      vertex 114.4 86.5 3.01
      vertex 114.4 86.5 6
      vertex 114.37005701480834 86.04315832722982 6
    endloop
  endfacet
  facet normal 0.7518398074789943 0.6593458151000495 0
    outer loop
      vertex 113.37487373415293 88.97487373415292 3.01
      vertex 113.37487373415293 88.97487373415292 6
      vertex 113.67673669101933 88.63066500153052 6
    endloop
  endfacet
  facet normal 0.9978589232386031 0.06540312923015051 0
    outer loop
      vertex 114.37005701480834 86.95684167277018 3.01
      vertex 114.37005701480834 86.95684167277018 6
      vertex 114.4 86.5 6
    endloop
  endfacet
  facet normal 0.9807852804032345 0.19509032201610832 0
    outer loop
      vertex 114.28074039201175 87.40586665785882 3.01
      vertex 114.28074039201175 87.40586665785882 6
      vertex 114.37005701480834 86.95684167277018 6
    endloop
  endfacet
  facet normal 0.8968727415326907 0.4422886902189967 0
    outer loop
      vertex 113.93108891324555 88.25 3.01
      vertex 113.93108891324555 88.25 6
      vertex 114.13357836378951 87.83939201327782 6
    endloop
  endfacet
  facet normal 0.8314696123025366 0.555570233019615 0
    outer loop
      vertex 113.67673669101933 88.63066500153052 3.01
      vertex 113.67673669101933 88.63066500153052 6
      vertex 113.93108891324555 88.25 6
    endloop
  endfacet
  facet normal 0.9469301294951027 0.32143946530317014 0
    outer loop
      vertex 114.13357836378951 87.83939201327782 3.01
      vertex 114.13357836378951 87.83939201327782 6
      vertex 114.28074039201175 87.40586665785882 6
    endloop
  endfacet
  facet normal 0 0 1
    outer loop
      vertex 109.56060798672219 83.2664216362105 6
      vertex 109.77416697508023 85.85 6
      vertex 109.69895660773533 86.00251153792539 6
    endloop
  endfacet
  facet normal 0 0 1
    outer loop
      vertex 109.56060798672219 83.2664216362105 6
      vertex 110.25 85.37416697508023 6
      vertex 110.10861014228867 85.46864065762139 6
    endloop
  endfacet
  facet normal 0 0 1
    outer loop
      vertex 109.56060798672219 83.2664216362105 6
      vertex 110.10861014228867 85.46864065762139 6
      vertex 109.98076118445749 85.58076118445749 6
    endloop
  endfacet
  facet normal 0 0 1
    outer loop
      vertex 109.56060798672219 83.2664216362105 6
      vertex 109.98076118445749 85.58076118445749 6
      vertex 109.8686406576214 85.70861014228866 6
    endloop
  endfacet
  facet normal 0 0 1
    outer loop
      vertex 109.56060798672219 83.2664216362105 6
      vertex 109.8686406576214 85.70861014228866 6
      vertex 109.77416697508023 85.85 6
    endloop
  endfacet
  facet normal 0 0 1
    outer loop
      vertex 109.56060798672219 83.2664216362105 6
      vertex 110.40251153792539 85.29895660773532 6
      vertex 110.25 85.37416697508023 6
    endloop
  endfacet
  facet normal 0 0 1
    outer loop
      vertex 109.56060798672219 83.2664216362105 6
      vertex 110.56353524136672 85.24429642582422 6
      vertex 110.40251153792539 85.29895660773532 6
    endloop
  endfacet
  facet normal 0 0 1
    outer loop
      vertex 109.56060798672219 83.2664216362105 6
      vertex 110.9 85.2 6
      vertex 110.73031595011393 85.21112168021405 6
    endloop
  endfacet
  facet normal 0 0 1
    outer loop
      vertex 109.56060798672219 83.2664216362105 6
      vertex 110.73031595011393 85.21112168021405 6
      vertex 110.56353524136672 85.24429642582422 6
    endloop
  endfacet
  facet normal 0 0 1
    outer loop
      vertex 109.56060798672219 83.2664216362105 6
      vertex 111.06968404988608 85.21112168021405 6
      vertex 110.9 85.2 6
    endloop
  endfacet
  facet normal 0 0 1
    outer loop
      vertex 109.56060798672219 83.2664216362105 6
      vertex 111.23646475863329 85.24429642582422 6
      vertex 111.06968404988608 85.21112168021405 6
    endloop
  endfacet
  facet normal 0 0 1
    outer loop
      vertex 109.56060798672219 83.2664216362105 6
      vertex 111.39748846207462 85.29895660773532 6
      vertex 111.23646475863329 85.24429642582422 6
    endloop
  endfacet
  facet normal 0 0 1
    outer loop
      vertex 109.56060798672219 83.2664216362105 6
      vertex 109.69895660773533 86.00251153792539 6
      vertex 109.64429642582422 86.16353524136672 6
    endloop
  endfacet
  facet normal 0 0 1
    outer loop
      vertex 109.56060798672219 83.2664216362105 6
      vertex 109.61112168021405 86.33031595011393 6
      vertex 109.60000000000001 86.5 6
    endloop
  endfacet
  facet normal 0 0 1
    outer loop
      vertex 109.56060798672219 83.2664216362105 6
      vertex 109.64429642582422 86.16353524136672 6
      vertex 109.61112168021405 86.33031595011393 6
    endloop
  endfacet
  facet normal 0 0 1
    outer loop
      vertex 109.56060798672219 83.2664216362105 6
      vertex 111.55000000000001 85.37416697508023 6
      vertex 111.39748846207462 85.29895660773532 6
    endloop
  endfacet
  facet normal 0 0 1
    outer loop
      vertex 109.56060798672219 83.2664216362105 6
      vertex 111.69138985771134 85.46864065762139 6
      vertex 111.55000000000001 85.37416697508023 6
    endloop
  endfacet
  facet normal 0 0 1
    outer loop
      vertex 109.56060798672219 83.2664216362105 6
      vertex 111.81923881554252 85.58076118445749 6
      vertex 111.69138985771134 85.46864065762139 6
    endloop
  endfacet
  facet normal 0 0 1
    outer loop
      vertex 109.56060798672219 83.2664216362105 6
      vertex 114.37005701480834 86.95684167277018 6
      vertex 111.81923881554252 85.58076118445749 6
    endloop
  endfacet
  facet normal 0 0 1
    outer loop
      vertex 109.56060798672219 83.2664216362105 6
      vertex 109.60000000000001 86.5 6
      vertex 109.56060798672219 89.7335783637895 6
    endloop
  endfacet
  facet normal 0 0 1
    outer loop
      vertex 109.56060798672219 89.7335783637895 6
      vertex 109.60000000000001 86.5 6
      vertex 109.61112168021405 86.66968404988607 6
    endloop
  endfacet
  facet normal 0 0 1
    outer loop
      vertex 109.56060798672219 89.7335783637895 6
      vertex 109.61112168021405 86.66968404988607 6
      vertex 109.64429642582422 86.83646475863328 6
    endloop
  endfacet
  facet normal 0 0 1
    outer loop
      vertex 109.56060798672219 89.7335783637895 6
      vertex 109.69895660773533 86.99748846207461 6
      vertex 109.77416697508023 87.15 6
    endloop
  endfacet
  facet normal 0 0 1
    outer loop
      vertex 109.56060798672219 89.7335783637895 6
      vertex 109.64429642582422 86.83646475863328 6
      vertex 109.69895660773533 86.99748846207461 6
    endloop
  endfacet
  facet normal 0 0 1
    outer loop
      vertex 109.56060798672219 89.7335783637895 6
      vertex 109.77416697508023 87.15 6
      vertex 109.8686406576214 87.29138985771134 6
    endloop
  endfacet
  facet normal 0 0 1
    outer loop
      vertex 109.56060798672219 89.7335783637895 6
      vertex 109.8686406576214 87.29138985771134 6
      vertex 109.98076118445749 87.41923881554251 6
    endloop
  endfacet
  facet normal 0 0 1
    outer loop
      vertex 109.56060798672219 89.7335783637895 6
      vertex 109.98076118445749 87.41923881554251 6
      vertex 110.10861014228867 87.53135934237861 6
    endloop
  endfacet
  facet normal 0 0 1
    outer loop
      vertex 109.56060798672219 89.7335783637895 6
      vertex 110.10861014228867 87.53135934237861 6
      vertex 110.25 87.62583302491977 6
    endloop
  endfacet
  facet normal 0 0 1
    outer loop
      vertex 109.56060798672219 89.7335783637895 6
      vertex 110.25 87.62583302491977 6
      vertex 110.40251153792539 87.70104339226468 6
    endloop
  endfacet
  facet normal 0 0 1
    outer loop
      vertex 109.56060798672219 89.7335783637895 6
      vertex 110.40251153792539 87.70104339226468 6
      vertex 110.56353524136672 87.75570357417578 6
    endloop
  endfacet
  facet normal 0 0 1
    outer loop
      vertex 109.56060798672219 89.7335783637895 6
      vertex 110.73031595011393 87.78887831978595 6
      vertex 110.9 87.8 6
    endloop
  endfacet
  facet normal 0 0 1
    outer loop
      vertex 109.56060798672219 89.7335783637895 6
      vertex 110.56353524136672 87.75570357417578 6
      vertex 110.73031595011393 87.78887831978595 6
    endloop
  endfacet
  facet normal 0 0 1
    outer loop
      vertex 109.56060798672219 89.7335783637895 6
      vertex 110.9 87.8 6
      vertex 111.06968404988608 87.78887831978595 6
    endloop
  endfacet
  facet normal 0 0 1
    outer loop
      vertex 109.56060798672219 89.7335783637895 6
      vertex 111.23646475863329 87.75570357417578 6
      vertex 111.39748846207462 87.70104339226468 6
    endloop
  endfacet
  facet normal 0 0 1
    outer loop
      vertex 109.56060798672219 89.7335783637895 6
      vertex 111.06968404988608 87.78887831978595 6
      vertex 111.23646475863329 87.75570357417578 6
    endloop
  endfacet
  facet normal 0 0 1
    outer loop
      vertex 109.56060798672219 89.7335783637895 6
      vertex 111.69138985771134 87.53135934237861 6
      vertex 111.81923881554252 87.41923881554251 6
    endloop
  endfacet
  facet normal 0 0 1
    outer loop
      vertex 109.56060798672219 89.7335783637895 6
      vertex 111.55000000000001 87.62583302491977 6
      vertex 111.69138985771134 87.53135934237861 6
    endloop
  endfacet
  facet normal 0 0 1
    outer loop
      vertex 109.56060798672219 89.7335783637895 6
      vertex 111.39748846207462 87.70104339226468 6
      vertex 111.55000000000001 87.62583302491977 6
    endloop
  endfacet
  facet normal 0 0 1
    outer loop
      vertex 109.56060798672219 89.7335783637895 6
      vertex 111.81923881554252 87.41923881554251 6
      vertex 114.37005701480834 86.95684167277018 6
    endloop
  endfacet
  facet normal 0 0 1
    outer loop
      vertex 109.56060798672219 83.2664216362105 6
      vertex 113.03066500153052 83.72326330898068 6
      vertex 114.37005701480834 86.95684167277018 6
    endloop
  endfacet
  facet normal 0 0 1
    outer loop
      vertex 113.03066500153052 83.72326330898068 6
      vertex 113.37487373415293 84.02512626584708 6
      vertex 113.67673669101933 84.36933499846948 6
    endloop
  endfacet
  facet normal 0 0 1
    outer loop
      vertex 111.93135934237861 85.70861014228866 6
      vertex 114.37005701480834 86.95684167277018 6
      vertex 112.02583302491978 85.85 6
    endloop
  endfacet
  facet normal 0 0 1
    outer loop
      vertex 111.81923881554252 85.58076118445749 6
      vertex 114.37005701480834 86.95684167277018 6
      vertex 111.93135934237861 85.70861014228866 6
    endloop
  endfacet
  facet normal 0 0 1
    outer loop
      vertex 112.02583302491978 85.85 6
      vertex 114.37005701480834 86.95684167277018 6
      vertex 112.10104339226469 86.00251153792539 6
    endloop
  endfacet
  facet normal 0 0 1
    outer loop
      vertex 112.10104339226469 86.00251153792539 6
      vertex 114.37005701480834 86.95684167277018 6
      vertex 112.15570357417579 86.16353524136672 6
    endloop
  endfacet
  facet normal 0 0 1
    outer loop
      vertex 113.03066500153052 83.72326330898068 6
      vertex 113.67673669101933 84.36933499846948 6
      vertex 114.13357836378951 85.16060798672218 6
    endloop
  endfacet
  facet normal 0 0 1
    outer loop
      vertex 113.67673669101933 84.36933499846948 6
      vertex 113.93108891324555 84.75 6
      vertex 114.13357836378951 85.16060798672218 6
    endloop
  endfacet
  facet normal 0 0 1
    outer loop
      vertex 113.03066500153052 83.72326330898068 6
      vertex 114.13357836378951 85.16060798672218 6
      vertex 114.37005701480834 86.95684167277018 6
    endloop
  endfacet
  facet normal 0 0 1
    outer loop
      vertex 114.13357836378951 85.16060798672218 6
      vertex 114.28074039201175 85.59413334214118 6
      vertex 114.37005701480834 86.04315832722982 6
    endloop
  endfacet
  facet normal 0 0 1
    outer loop
      vertex 114.13357836378951 85.16060798672218 6
      vertex 114.37005701480834 86.04315832722982 6
      vertex 114.37005701480834 86.95684167277018 6
    endloop
  endfacet
  facet normal 0 0 1
    outer loop
      vertex 112.02583302491978 87.15 6
      vertex 114.37005701480834 86.95684167277018 6
      vertex 111.93135934237861 87.29138985771134 6
    endloop
  endfacet
  facet normal 0 0 1
    outer loop
      vertex 111.81923881554252 87.41923881554251 6
      vertex 111.93135934237861 87.29138985771134 6
      vertex 114.37005701480834 86.95684167277018 6
    endloop
  endfacet
  facet normal 0 0 1
    outer loop
      vertex 112.15570357417579 86.16353524136672 6
      vertex 114.37005701480834 86.95684167277018 6
      vertex 112.18887831978596 86.33031595011393 6
    endloop
  endfacet
  facet normal 0 0 1
    outer loop
      vertex 112.2 86.5 6
      vertex 114.37005701480834 86.95684167277018 6
      vertex 112.18887831978596 86.66968404988607 6
    endloop
  endfacet
  facet normal 0 0 1
    outer loop
      vertex 112.18887831978596 86.33031595011393 6
      vertex 114.37005701480834 86.95684167277018 6
      vertex 112.2 86.5 6
    endloop
  endfacet
  facet normal 0 0 1
    outer loop
      vertex 112.18887831978596 86.66968404988607 6
      vertex 114.37005701480834 86.95684167277018 6
      vertex 112.15570357417579 86.83646475863328 6
    endloop
  endfacet
  facet normal 0 0 1
    outer loop
      vertex 112.10104339226469 86.99748846207461 6
      vertex 114.37005701480834 86.95684167277018 6
      vertex 112.02583302491978 87.15 6
    endloop
  endfacet
  facet normal 0 0 1
    outer loop
      vertex 112.15570357417579 86.83646475863328 6
      vertex 114.37005701480834 86.95684167277018 6
      vertex 112.10104339226469 86.99748846207461 6
    endloop
  endfacet
  facet normal 0 0 1
    outer loop
      vertex 109.56060798672219 89.7335783637895 6
      vertex 114.37005701480834 86.95684167277018 6
      vertex 112.65 89.53108891324554 6
    endloop
  endfacet
  facet normal 0 0 1
    outer loop
      vertex 113.37487373415293 88.97487373415292 6
      vertex 112.65 89.53108891324554 6
      vertex 113.93108891324555 88.25 6
    endloop
  endfacet
  facet normal 0 0 1
    outer loop
      vertex 114.37005701480834 86.04315832722982 6
      vertex 114.4 86.5 6
      vertex 114.37005701480834 86.95684167277018 6
    endloop
  endfacet
  facet normal 0 0 1
    outer loop
      vertex 114.37005701480834 86.95684167277018 6
      vertex 114.28074039201175 87.40586665785882 6
      vertex 113.93108891324555 88.25 6
    endloop
  endfacet
  facet normal 0 0 1
    outer loop
      vertex 114.37005701480834 86.95684167277018 6
      vertex 113.93108891324555 88.25 6
      vertex 112.65 89.53108891324554 6
    endloop
  endfacet
  facet normal 0 0 1
    outer loop
      vertex 114.28074039201175 87.40586665785882 6
      vertex 114.13357836378951 87.83939201327782 6
      vertex 113.93108891324555 88.25 6
    endloop
  endfacet
  facet normal 0 0 1
    outer loop
      vertex 113.37487373415293 88.97487373415292 6
      vertex 113.93108891324555 88.25 6
      vertex 113.67673669101933 88.63066500153052 6
    endloop
  endfacet
  facet normal -0.32143946530317014 0.9469301294951027 0
    outer loop
      vertex 109.56060798672219 89.7335783637895 3.01
      vertex 109.56060798672219 89.7335783637895 6
      vertex 109.99413334214118 89.88074039201175 6
    endloop
  endfacet
  facet normal -0.19509032201610832 0.9807852804032345 0
    outer loop
      vertex 109.99413334214118 89.88074039201175 3.01
      vertex 109.99413334214118 89.88074039201175 6
      vertex 110.44315832722982 89.97005701480833 6
    endloop
  endfacet
  facet normal -0.06540312923015051 0.9978589232386031 0
    outer loop
      vertex 110.44315832722982 89.97005701480833 3.01
      vertex 110.44315832722982 89.97005701480833 6
      vertex 110.9 90 6
    endloop
  endfacet
  facet normal 0.06540312923015051 0.9978589232386031 0
    outer loop
      vertex 110.9 90 3.01
      vertex 110.9 90 6
      vertex 111.35684167277019 89.97005701480833 6
    endloop
  endfacet
  facet normal 0.19509032201610832 0.9807852804032345 0
    outer loop
      vertex 111.35684167277019 89.97005701480833 3.01
      vertex 111.35684167277019 89.97005701480833 6
      vertex 111.80586665785883 89.88074039201175 6
    endloop
  endfacet
  facet normal 0.32143946530317014 0.9469301294951027 0
    outer loop
      vertex 111.80586665785883 89.88074039201175 3.01
      vertex 111.80586665785883 89.88074039201175 6
      vertex 112.23939201327782 89.7335783637895 6
    endloop
  endfacet
  facet normal 0.555570233019615 0.8314696123025366 0
    outer loop
      vertex 112.65 89.53108891324554 3.01
      vertex 112.65 89.53108891324554 6
      vertex 113.03066500153052 89.27673669101932 6
    endloop
  endfacet
  facet normal 0.4422886902189967 0.8968727415326907 0
    outer loop
      vertex 112.23939201327782 89.7335783637895 3.01
      vertex 112.23939201327782 89.7335783637895 6
      vertex 112.65 89.53108891324554 6
    endloop
  endfacet
  facet normal 0.6593458151000495 0.7518398074789943 0
    outer loop
      vertex 113.03066500153052 89.27673669101932 3.01
      vertex 113.03066500153052 89.27673669101932 6
      vertex 113.37487373415293 88.97487373415292 6
    endloop
  endfacet
  facet normal 0 0 1
    outer loop
      vertex 109.56060798672219 89.7335783637895 6
      vertex 110.44315832722982 89.97005701480833 6
      vertex 109.99413334214118 89.88074039201175 6
    endloop
  endfacet
  facet normal 0 0 1
    outer loop
      vertex 109.56060798672219 89.7335783637895 6
      vertex 111.35684167277019 89.97005701480833 6
      vertex 110.44315832722982 89.97005701480833 6
    endloop
  endfacet
  facet normal 0 0 1
    outer loop
      vertex 110.44315832722982 89.97005701480833 6
      vertex 111.35684167277019 89.97005701480833 6
      vertex 110.9 90 6
    endloop
  endfacet
  facet normal 0 0 1
    outer loop
      vertex 109.56060798672219 89.7335783637895 6
      vertex 112.65 89.53108891324554 6
      vertex 111.35684167277019 89.97005701480833 6
    endloop
  endfacet
  facet normal 0 0 1
    outer loop
      vertex 111.35684167277019 89.97005701480833 6
      vertex 112.65 89.53108891324554 6
      vertex 111.80586665785883 89.88074039201175 6
    endloop
  endfacet
  facet normal 0 0 1
    outer loop
      vertex 111.80586665785883 89.88074039201175 6
      vertex 112.65 89.53108891324554 6
      vertex 112.23939201327782 89.7335783637895 6
    endloop
  endfacet
  facet normal 0 0 1
    outer loop
      vertex 113.37487373415293 88.97487373415292 6
      vertex 113.03066500153052 89.27673669101932 6
      vertex 112.65 89.53108891324554 6
    endloop
  endfacet
  facet normal -0.4422886902189967 -0.8968727415326907 0
    outer loop
      vertex 109.15 143.96891108675447 3.01
      vertex 109.56060798672219 143.7664216362105 3.01
      vertex 109.15 143.96891108675447 6
    endloop
  endfacet
  facet normal -0.6468436434261735 -0.7626226465029435 0
    outer loop
      vertex 108.76933499846949 144.22326330898068 3.01
      vertex 105.58912385709914 146.9206646659709 6
      vertex 105.58912385709914 146.9206646659709 3.01
    endloop
  endfacet
  facet normal -0.5555702330195935 -0.831469612302551 0
    outer loop
      vertex 109.15 143.96891108675447 3.01
      vertex 108.76933499846949 144.22326330898068 6
      vertex 108.76933499846949 144.22326330898068 3.01
    endloop
  endfacet
  facet normal -0.6468436434261735 -0.7626226465029435 0
    outer loop
      vertex 108.76933499846949 144.22326330898068 3.01
      vertex 108.76933499846949 144.22326330898068 6
      vertex 105.58912385709914 146.9206646659709 6
    endloop
  endfacet
  facet normal -0.5555702330195935 -0.831469612302551 0
    outer loop
      vertex 109.15 143.96891108675447 3.01
      vertex 109.15 143.96891108675447 6
      vertex 108.76933499846949 144.22326330898068 6
    endloop
  endfacet
  facet normal 0 0 1
    outer loop
      vertex 108.76933499846949 144.22326330898068 6
      vertex 105.55000000000001 147 6
      vertex 105.58912385709914 146.9206646659709 6
    endloop
  endfacet
  facet normal 0 0 1
    outer loop
      vertex 109.56060798672219 143.7664216362105 6
      vertex 105.55000000000001 147 6
      vertex 108.76933499846949 144.22326330898068 6
    endloop
  endfacet
  facet normal 0 0 1
    outer loop
      vertex 109.15 143.96891108675447 6
      vertex 109.56060798672219 143.7664216362105 6
      vertex 108.76933499846949 144.22326330898068 6
    endloop
  endfacet
  facet normal -0.6593458150996387 -0.7518398074793546 0
    outer loop
      vertex 105.58912385709914 146.9206646659709 3.01
      vertex 105.57928932188135 146.92928932188136 6
      vertex 105.57928932188135 146.92928932188136 3.01
    endloop
  endfacet
  facet normal -0.7518398074788823 -0.6593458151001773 0
    outer loop
      vertex 105.57928932188135 146.92928932188136 3.01
      vertex 105.57066466597088 146.93912385709913 6
      vertex 105.57066466597088 146.93912385709913 3.01
    endloop
  endfacet
  facet normal -0.8314696123019575 -0.5555702330204819 0
    outer loop
      vertex 105.56339745962156 146.95 3.01
      vertex 105.57066466597088 146.93912385709913 3.01
      vertex 105.56339745962156 146.95 6
    endloop
  endfacet
  facet normal -0.8968727415331101 -0.4422886902181456 0
    outer loop
      vertex 105.56339745962156 146.95 3.01
      vertex 105.55761204674887 146.9617316567635 6
      vertex 105.55761204674887 146.9617316567635 3.01
    endloop
  endfacet
  facet normal -0.9469301294953257 -0.32143946530251316 0
    outer loop
      vertex 105.5534074173711 146.97411809548976 3.01
      vertex 105.55761204674887 146.9617316567635 3.01
      vertex 105.5534074173711 146.97411809548976 6
    endloop
  endfacet
  facet normal -0.9807852804031729 -0.19509032201641782 0
    outer loop
      vertex 105.5534074173711 146.97411809548976 3.01
      vertex 105.55085551386263 146.986947380778 6
      vertex 105.55085551386263 146.986947380778 3.01
    endloop
  endfacet
  facet normal -0.9978589232386104 -0.06540312923003956 0
    outer loop
      vertex 105.55000000000001 147 3.01
      vertex 105.55085551386263 146.986947380778 3.01
      vertex 105.55000000000001 147 6
    endloop
  endfacet
  facet normal -0.9978589232386104 0.06540312923003956 0
    outer loop
      vertex 105.55000000000001 147 3.01
      vertex 105.55085551386263 147.013052619222 6
      vertex 105.55085551386263 147.013052619222 3.01
    endloop
  endfacet
  facet normal -0.9807852804031729 0.19509032201641782 0
    outer loop
      vertex 105.5534074173711 147.02588190451024 3.01
      vertex 105.55085551386263 147.013052619222 3.01
      vertex 105.5534074173711 147.02588190451024 6
    endloop
  endfacet
  facet normal -0.9469301294953257 0.32143946530251316 0
    outer loop
      vertex 105.5534074173711 147.02588190451024 3.01
      vertex 105.55761204674887 147.0382683432365 6
      vertex 105.55761204674887 147.0382683432365 3.01
    endloop
  endfacet
  facet normal -0.8968727415331101 0.4422886902181456 0
    outer loop
      vertex 105.56339745962156 147.05 3.01
      vertex 105.55761204674887 147.0382683432365 3.01
      vertex 105.56339745962156 147.05 6
    endloop
  endfacet
  facet normal -0.8314696123019575 0.5555702330204819 0
    outer loop
      vertex 105.56339745962156 147.05 3.01
      vertex 105.57066466597088 147.06087614290087 6
      vertex 105.57066466597088 147.06087614290087 3.01
    endloop
  endfacet
  facet normal -0.7518398074788823 0.6593458151001773 0
    outer loop
      vertex 105.57066466597088 147.06087614290087 3.01
      vertex 105.57928932188135 147.07071067811864 6
      vertex 105.57928932188135 147.07071067811864 3.01
    endloop
  endfacet
  facet normal -0.6593458150996387 0.7518398074793546 0
    outer loop
      vertex 105.57928932188135 147.07071067811864 3.01
      vertex 105.58912385709914 147.0793353340291 6
      vertex 105.58912385709914 147.0793353340291 3.01
    endloop
  endfacet
  facet normal -0.6468436434261735 0.7626226465029435 0
    outer loop
      vertex 105.58912385709914 147.0793353340291 3.01
      vertex 108.76933499846949 149.77673669101932 6
      vertex 108.76933499846949 149.77673669101932 3.01
    endloop
  endfacet
  facet normal -0.5555702330195935 0.831469612302551 0
    outer loop
      vertex 108.76933499846949 149.77673669101932 3.01
      vertex 109.15 150.03108891324553 6
      vertex 109.15 150.03108891324553 3.01
    endloop
  endfacet
  facet normal -0.6593458150996387 -0.7518398074793546 0
    outer loop
      vertex 105.58912385709914 146.9206646659709 3.01
      vertex 105.58912385709914 146.9206646659709 6
      vertex 105.57928932188135 146.92928932188136 6
    endloop
  endfacet
  facet normal -0.7518398074788823 -0.6593458151001773 0
    outer loop
      vertex 105.57928932188135 146.92928932188136 3.01
      vertex 105.57928932188135 146.92928932188136 6
      vertex 105.57066466597088 146.93912385709913 6
    endloop
  endfacet
  facet normal -0.8314696123019575 -0.5555702330204819 0
    outer loop
      vertex 105.57066466597088 146.93912385709913 3.01
      vertex 105.57066466597088 146.93912385709913 6
      vertex 105.56339745962156 146.95 6
    endloop
  endfacet
  facet normal -0.8968727415331101 -0.4422886902181456 0
    outer loop
      vertex 105.56339745962156 146.95 3.01
      vertex 105.56339745962156 146.95 6
      vertex 105.55761204674887 146.9617316567635 6
    endloop
  endfacet
  facet normal -0.9469301294953257 -0.32143946530251316 0
    outer loop
      vertex 105.55761204674887 146.9617316567635 3.01
      vertex 105.55761204674887 146.9617316567635 6
      vertex 105.5534074173711 146.97411809548976 6
    endloop
  endfacet
  facet normal -0.9807852804031729 -0.19509032201641782 0
    outer loop
      vertex 105.5534074173711 146.97411809548976 3.01
      vertex 105.5534074173711 146.97411809548976 6
      vertex 105.55085551386263 146.986947380778 6
    endloop
  endfacet
  facet normal -0.9978589232386104 -0.06540312923003956 0
    outer loop
      vertex 105.55085551386263 146.986947380778 3.01
      vertex 105.55085551386263 146.986947380778 6
      vertex 105.55000000000001 147 6
    endloop
  endfacet
  facet normal -0.9978589232386104 0.06540312923003956 0
    outer loop
      vertex 105.55000000000001 147 3.01
      vertex 105.55000000000001 147 6
      vertex 105.55085551386263 147.013052619222 6
    endloop
  endfacet
  facet normal -0.9807852804031729 0.19509032201641782 0
    outer loop
      vertex 105.55085551386263 147.013052619222 3.01
      vertex 105.55085551386263 147.013052619222 6
      vertex 105.5534074173711 147.02588190451024 6
    endloop
  endfacet
  facet normal -0.9469301294953257 0.32143946530251316 0
    outer loop
      vertex 105.5534074173711 147.02588190451024 3.01
      vertex 105.5534074173711 147.02588190451024 6
      vertex 105.55761204674887 147.0382683432365 6
    endloop
  endfacet
  facet normal -0.8968727415331101 0.4422886902181456 0
    outer loop
      vertex 105.55761204674887 147.0382683432365 3.01
      vertex 105.55761204674887 147.0382683432365 6
      vertex 105.56339745962156 147.05 6
    endloop
  endfacet
  facet normal -0.8314696123019575 0.5555702330204819 0
    outer loop
      vertex 105.56339745962156 147.05 3.01
      vertex 105.56339745962156 147.05 6
      vertex 105.57066466597088 147.06087614290087 6
    endloop
  endfacet
  facet normal -0.7518398074788823 0.6593458151001773 0
    outer loop
      vertex 105.57066466597088 147.06087614290087 3.01
      vertex 105.57066466597088 147.06087614290087 6
      vertex 105.57928932188135 147.07071067811864 6
    endloop
  endfacet
  facet normal -0.6593458150996387 0.7518398074793546 0
    outer loop
      vertex 105.57928932188135 147.07071067811864 3.01
      vertex 105.57928932188135 147.07071067811864 6
      vertex 105.58912385709914 147.0793353340291 6
    endloop
  endfacet
  facet normal -0.6468436434261735 0.7626226465029435 0
    outer loop
      vertex 105.58912385709914 147.0793353340291 3.01
      vertex 105.58912385709914 147.0793353340291 6
      vertex 108.76933499846949 149.77673669101932 6
    endloop
  endfacet
  facet normal -0.5555702330195935 0.831469612302551 0
    outer loop
      vertex 108.76933499846949 149.77673669101932 3.01
      vertex 108.76933499846949 149.77673669101932 6
      vertex 109.15 150.03108891324553 6
    endloop
  endfacet
  facet normal -0.4422886902189967 0.8968727415326907 0
    outer loop
      vertex 109.15 150.03108891324553 3.01
      vertex 109.15 150.03108891324553 6
      vertex 109.56060798672219 150.2335783637895 6
    endloop
  endfacet
  facet normal 0 0 1
    outer loop
      vertex 105.57928932188135 146.92928932188136 6
      vertex 105.58912385709914 146.9206646659709 6
      vertex 105.57066466597088 146.93912385709913 6
    endloop
  endfacet
  facet normal 0 0 1
    outer loop
      vertex 105.57066466597088 146.93912385709913 6
      vertex 105.58912385709914 146.9206646659709 6
      vertex 105.56339745962156 146.95 6
    endloop
  endfacet
  facet normal 0 0 1
    outer loop
      vertex 105.56339745962156 146.95 6
      vertex 105.5534074173711 146.97411809548976 6
      vertex 105.55761204674887 146.9617316567635 6
    endloop
  endfacet
  facet normal 0 0 1
    outer loop
      vertex 105.58912385709914 146.9206646659709 6
      vertex 105.55000000000001 147 6
      vertex 105.56339745962156 146.95 6
    endloop
  endfacet
  facet normal 0 0 1
    outer loop
      vertex 105.56339745962156 146.95 6
      vertex 105.55000000000001 147 6
      vertex 105.5534074173711 146.97411809548976 6
    endloop
  endfacet
  facet normal 0 0 1
    outer loop
      vertex 105.5534074173711 146.97411809548976 6
      vertex 105.55000000000001 147 6
      vertex 105.55085551386263 146.986947380778 6
    endloop
  endfacet
  facet normal 0 0 1
    outer loop
      vertex 105.55000000000001 147 6
      vertex 105.5534074173711 147.02588190451024 6
      vertex 105.55085551386263 147.013052619222 6
    endloop
  endfacet
  facet normal 0 0 1
    outer loop
      vertex 105.55000000000001 147 6
      vertex 105.56339745962156 147.05 6
      vertex 105.5534074173711 147.02588190451024 6
    endloop
  endfacet
  facet normal 0 0 1
    outer loop
      vertex 105.5534074173711 147.02588190451024 6
      vertex 105.56339745962156 147.05 6
      vertex 105.55761204674887 147.0382683432365 6
    endloop
  endfacet
  facet normal 0 0 1
    outer loop
      vertex 105.55000000000001 147 6
      vertex 105.58912385709914 147.0793353340291 6
      vertex 105.56339745962156 147.05 6
    endloop
  endfacet
  facet normal 0 0 1
    outer loop
      vertex 105.56339745962156 147.05 6
      vertex 105.57928932188135 147.07071067811864 6
      vertex 105.57066466597088 147.06087614290087 6
    endloop
  endfacet
  facet normal 0 0 1
    outer loop
      vertex 105.56339745962156 147.05 6
      vertex 105.58912385709914 147.0793353340291 6
      vertex 105.57928932188135 147.07071067811864 6
    endloop
  endfacet
  facet normal 0 0 1
    outer loop
      vertex 105.55000000000001 147 6
      vertex 108.76933499846949 149.77673669101932 6
      vertex 105.58912385709914 147.0793353340291 6
    endloop
  endfacet
  facet normal 0 0 1
    outer loop
      vertex 105.55000000000001 147 6
      vertex 109.56060798672219 150.2335783637895 6
      vertex 108.76933499846949 149.77673669101932 6
    endloop
  endfacet
  facet normal 0 0 1
    outer loop
      vertex 109.56060798672219 143.7664216362105 6
      vertex 109.56060798672219 150.2335783637895 6
      vertex 105.55000000000001 147 6
    endloop
  endfacet
  facet normal 0 0 1
    outer loop
      vertex 108.76933499846949 149.77673669101932 6
      vertex 109.56060798672219 150.2335783637895 6
      vertex 109.15 150.03108891324553 6
    endloop
  endfacet
  facet normal -0.321439465303198 -0.9469301294950934 0
    outer loop
      vertex 109.56060798672219 143.7664216362105 3.01
      vertex 109.99413334214118 143.61925960798825 3.01
      vertex 109.56060798672219 143.7664216362105 6
    endloop
  endfacet
  facet normal -0.19509032201610832 -0.9807852804032345 0
    outer loop
      vertex 109.99413334214118 143.61925960798825 3.01
      vertex 110.44315832722982 143.52994298519167 3.01
      vertex 109.99413334214118 143.61925960798825 6
    endloop
  endfacet
  facet normal -0.06540312923015051 -0.9978589232386031 0
    outer loop
      vertex 110.44315832722982 143.52994298519167 3.01
      vertex 110.9 143.5 3.01
      vertex 110.44315832722982 143.52994298519167 6
    endloop
  endfacet
  facet normal 0.06540312923015051 -0.9978589232386031 0
    outer loop
      vertex 110.9 143.5 3.01
      vertex 111.35684167277019 143.52994298519167 3.01
      vertex 110.9 143.5 6
    endloop
  endfacet
  facet normal 0.19509032201610832 -0.9807852804032345 0
    outer loop
      vertex 111.35684167277019 143.52994298519167 3.01
      vertex 111.80586665785883 143.61925960798825 3.01
      vertex 111.35684167277019 143.52994298519167 6
    endloop
  endfacet
  facet normal 0.321439465303198 -0.9469301294950934 0
    outer loop
      vertex 111.80586665785883 143.61925960798825 3.01
      vertex 112.23939201327782 143.7664216362105 3.01
      vertex 111.80586665785883 143.61925960798825 6
    endloop
  endfacet
  facet normal 0.4422886902189967 -0.8968727415326907 0
    outer loop
      vertex 112.23939201327782 143.7664216362105 3.01
      vertex 112.65 143.96891108675447 3.01
      vertex 112.23939201327782 143.7664216362105 6
    endloop
  endfacet
  facet normal 0.5555702330195935 -0.831469612302551 0
    outer loop
      vertex 112.65 143.96891108675447 3.01
      vertex 113.03066500153052 144.22326330898068 3.01
      vertex 112.65 143.96891108675447 6
    endloop
  endfacet
  facet normal 0.6593458151000671 -0.7518398074789789 0
    outer loop
      vertex 113.03066500153052 144.22326330898068 3.01
      vertex 113.37487373415293 144.5251262658471 3.01
      vertex 113.03066500153052 144.22326330898068 6
    endloop
  endfacet
  facet normal 0.7518398074789673 -0.6593458151000803 0
    outer loop
      vertex 113.37487373415293 144.5251262658471 3.01
      vertex 113.67673669101933 144.86933499846947 3.01
      vertex 113.37487373415293 144.5251262658471 6
    endloop
  endfacet
  facet normal 0.8314696123025462 -0.5555702330196007 0
    outer loop
      vertex 113.67673669101933 144.86933499846947 3.01
      vertex 113.93108891324555 145.25 3.01
      vertex 113.67673669101933 144.86933499846947 6
    endloop
  endfacet
  facet normal 0.8968727415326967 -0.44228869021898437 0
    outer loop
      vertex 113.93108891324555 145.25 3.01
      vertex 114.13357836378951 145.6606079867222 3.01
      vertex 113.93108891324555 145.25 6
    endloop
  endfacet
  facet normal 0.9469301294951027 -0.32143946530317014 0
    outer loop
      vertex 114.13357836378951 145.6606079867222 3.01
      vertex 114.28074039201175 146.0941333421412 3.01
      vertex 114.13357836378951 145.6606079867222 6
    endloop
  endfacet
  facet normal 0.9807852804032345 -0.19509032201610832 0
    outer loop
      vertex 114.28074039201175 146.0941333421412 3.01
      vertex 114.37005701480834 146.54315832722983 3.01
      vertex 114.28074039201175 146.0941333421412 6
    endloop
  endfacet
  facet normal -0.4422886902189967 -0.8968727415326907 0
    outer loop
      vertex 109.56060798672219 143.7664216362105 3.01
      vertex 109.56060798672219 143.7664216362105 6
      vertex 109.15 143.96891108675447 6
    endloop
  endfacet
  facet normal -0.321439465303198 -0.9469301294950934 0
    outer loop
      vertex 109.99413334214118 143.61925960798825 3.01
      vertex 109.99413334214118 143.61925960798825 6
      vertex 109.56060798672219 143.7664216362105 6
    endloop
  endfacet
  facet normal -0.19509032201610832 -0.9807852804032345 0
    outer loop
      vertex 110.44315832722982 143.52994298519167 3.01
      vertex 110.44315832722982 143.52994298519167 6
      vertex 109.99413334214118 143.61925960798825 6
    endloop
  endfacet
  facet normal -0.06540312923015051 -0.9978589232386031 0
    outer loop
      vertex 110.9 143.5 3.01
      vertex 110.9 143.5 6
      vertex 110.44315832722982 143.52994298519167 6
    endloop
  endfacet
  facet normal 0.06540312923015051 -0.9978589232386031 0
    outer loop
      vertex 111.35684167277019 143.52994298519167 3.01
      vertex 111.35684167277019 143.52994298519167 6
      vertex 110.9 143.5 6
    endloop
  endfacet
  facet normal 0.19509032201610832 -0.9807852804032345 0
    outer loop
      vertex 111.80586665785883 143.61925960798825 3.01
      vertex 111.80586665785883 143.61925960798825 6
      vertex 111.35684167277019 143.52994298519167 6
    endloop
  endfacet
  facet normal 0.321439465303198 -0.9469301294950934 0
    outer loop
      vertex 112.23939201327782 143.7664216362105 3.01
      vertex 112.23939201327782 143.7664216362105 6
      vertex 111.80586665785883 143.61925960798825 6
    endloop
  endfacet
  facet normal 0.4422886902189967 -0.8968727415326907 0
    outer loop
      vertex 112.65 143.96891108675447 3.01
      vertex 112.65 143.96891108675447 6
      vertex 112.23939201327782 143.7664216362105 6
    endloop
  endfacet
  facet normal 0.5555702330195935 -0.831469612302551 0
    outer loop
      vertex 113.03066500153052 144.22326330898068 3.01
      vertex 113.03066500153052 144.22326330898068 6
      vertex 112.65 143.96891108675447 6
    endloop
  endfacet
  facet normal 0.6593458151000671 -0.7518398074789789 0
    outer loop
      vertex 113.37487373415293 144.5251262658471 3.01
      vertex 113.37487373415293 144.5251262658471 6
      vertex 113.03066500153052 144.22326330898068 6
    endloop
  endfacet
  facet normal 0.7518398074789673 -0.6593458151000803 0
    outer loop
      vertex 113.67673669101933 144.86933499846947 3.01
      vertex 113.67673669101933 144.86933499846947 6
      vertex 113.37487373415293 144.5251262658471 6
    endloop
  endfacet
  facet normal 0.8314696123025462 -0.5555702330196007 0
    outer loop
      vertex 113.93108891324555 145.25 3.01
      vertex 113.93108891324555 145.25 6
      vertex 113.67673669101933 144.86933499846947 6
    endloop
  endfacet
  facet normal 0.8968727415326967 -0.44228869021898437 0
    outer loop
      vertex 114.13357836378951 145.6606079867222 3.01
      vertex 114.13357836378951 145.6606079867222 6
      vertex 113.93108891324555 145.25 6
    endloop
  endfacet
  facet normal 0.9469301294951027 -0.32143946530317014 0
    outer loop
      vertex 114.28074039201175 146.0941333421412 3.01
      vertex 114.28074039201175 146.0941333421412 6
      vertex 114.13357836378951 145.6606079867222 6
    endloop
  endfacet
  facet normal 0.9807852804032345 -0.19509032201610832 0
    outer loop
      vertex 114.37005701480834 146.54315832722983 3.01
      vertex 114.37005701480834 146.54315832722983 6
      vertex 114.28074039201175 146.0941333421412 6
    endloop
  endfacet
  facet normal 0 0 1
    outer loop
      vertex 109.56060798672219 143.7664216362105 6
      vertex 109.99413334214118 143.61925960798825 6
      vertex 110.44315832722982 143.52994298519167 6
    endloop
  endfacet
  facet normal 0 0 1
    outer loop
      vertex 109.56060798672219 143.7664216362105 6
      vertex 110.44315832722982 143.52994298519167 6
      vertex 111.35684167277019 143.52994298519167 6
    endloop
  endfacet
  facet normal 0 0 1
    outer loop
      vertex 110.44315832722982 143.52994298519167 6
      vertex 110.9 143.5 6
      vertex 111.35684167277019 143.52994298519167 6
    endloop
  endfacet
  facet normal 0 0 1
    outer loop
      vertex 109.56060798672219 143.7664216362105 6
      vertex 111.35684167277019 143.52994298519167 6
      vertex 113.03066500153052 144.22326330898068 6
    endloop
  endfacet
  facet normal 0 0 1
    outer loop
      vertex 111.35684167277019 143.52994298519167 6
      vertex 111.80586665785883 143.61925960798825 6
      vertex 112.23939201327782 143.7664216362105 6
    endloop
  endfacet
  facet normal 0 0 1
    outer loop
      vertex 109.56060798672219 143.7664216362105 6
      vertex 110.10861014228867 145.9686406576214 6
      vertex 109.98076118445749 146.0807611844575 6
    endloop
  endfacet
  facet normal 0 0 1
    outer loop
      vertex 109.56060798672219 143.7664216362105 6
      vertex 110.25 145.87416697508024 6
      vertex 110.10861014228867 145.9686406576214 6
    endloop
  endfacet
  facet normal 0 0 1
    outer loop
      vertex 109.56060798672219 143.7664216362105 6
      vertex 110.56353524136672 145.74429642582422 6
      vertex 110.40251153792539 145.79895660773533 6
    endloop
  endfacet
  facet normal 0 0 1
    outer loop
      vertex 109.56060798672219 143.7664216362105 6
      vertex 110.40251153792539 145.79895660773533 6
      vertex 110.25 145.87416697508024 6
    endloop
  endfacet
  facet normal 0 0 1
    outer loop
      vertex 109.56060798672219 143.7664216362105 6
      vertex 110.9 145.7 6
      vertex 110.73031595011393 145.71112168021403 6
    endloop
  endfacet
  facet normal 0 0 1
    outer loop
      vertex 109.56060798672219 143.7664216362105 6
      vertex 110.73031595011393 145.71112168021403 6
      vertex 110.56353524136672 145.74429642582422 6
    endloop
  endfacet
  facet normal 0 0 1
    outer loop
      vertex 109.56060798672219 143.7664216362105 6
      vertex 111.06968404988608 145.71112168021403 6
      vertex 110.9 145.7 6
    endloop
  endfacet
  facet normal 0 0 1
    outer loop
      vertex 109.56060798672219 143.7664216362105 6
      vertex 111.39748846207462 145.79895660773533 6
      vertex 111.23646475863329 145.74429642582422 6
    endloop
  endfacet
  facet normal 0 0 1
    outer loop
      vertex 109.56060798672219 143.7664216362105 6
      vertex 111.23646475863329 145.74429642582422 6
      vertex 111.06968404988608 145.71112168021403 6
    endloop
  endfacet
  facet normal 0 0 1
    outer loop
      vertex 109.56060798672219 143.7664216362105 6
      vertex 109.77416697508023 146.35 6
      vertex 109.69895660773533 146.5025115379254 6
    endloop
  endfacet
  facet normal 0 0 1
    outer loop
      vertex 109.56060798672219 143.7664216362105 6
      vertex 109.69895660773533 146.5025115379254 6
      vertex 109.64429642582422 146.66353524136673 6
    endloop
  endfacet
  facet normal 0 0 1
    outer loop
      vertex 109.56060798672219 143.7664216362105 6
      vertex 109.64429642582422 146.66353524136673 6
      vertex 109.61112168021405 146.83031595011394 6
    endloop
  endfacet
  facet normal 0 0 1
    outer loop
      vertex 109.56060798672219 143.7664216362105 6
      vertex 109.61112168021405 146.83031595011394 6
      vertex 109.60000000000001 147 6
    endloop
  endfacet
  facet normal 0 0 1
    outer loop
      vertex 109.56060798672219 143.7664216362105 6
      vertex 109.8686406576214 146.20861014228868 6
      vertex 109.77416697508023 146.35 6
    endloop
  endfacet
  facet normal 0 0 1
    outer loop
      vertex 109.56060798672219 143.7664216362105 6
      vertex 109.98076118445749 146.0807611844575 6
      vertex 109.8686406576214 146.20861014228868 6
    endloop
  endfacet
  facet normal 0 0 1
    outer loop
      vertex 109.56060798672219 143.7664216362105 6
      vertex 111.55000000000001 145.87416697508024 6
      vertex 111.39748846207462 145.79895660773533 6
    endloop
  endfacet
  facet normal 0 0 1
    outer loop
      vertex 109.56060798672219 143.7664216362105 6
      vertex 111.81923881554252 146.0807611844575 6
      vertex 111.69138985771134 145.9686406576214 6
    endloop
  endfacet
  facet normal 0 0 1
    outer loop
      vertex 109.56060798672219 143.7664216362105 6
      vertex 111.69138985771134 145.9686406576214 6
      vertex 111.55000000000001 145.87416697508024 6
    endloop
  endfacet
  facet normal 0 0 1
    outer loop
      vertex 109.56060798672219 143.7664216362105 6
      vertex 114.37005701480834 147.45684167277017 6
      vertex 111.81923881554252 146.0807611844575 6
    endloop
  endfacet
  facet normal 0 0 1
    outer loop
      vertex 111.35684167277019 143.52994298519167 6
      vertex 112.23939201327782 143.7664216362105 6
      vertex 113.03066500153052 144.22326330898068 6
    endloop
  endfacet
  facet normal 0 0 1
    outer loop
      vertex 112.23939201327782 143.7664216362105 6
      vertex 112.65 143.96891108675447 6
      vertex 113.03066500153052 144.22326330898068 6
    endloop
  endfacet
  facet normal 0 0 1
    outer loop
      vertex 109.56060798672219 143.7664216362105 6
      vertex 113.03066500153052 144.22326330898068 6
      vertex 114.37005701480834 147.45684167277017 6
    endloop
  endfacet
  facet normal 0 0 1
    outer loop
      vertex 113.03066500153052 144.22326330898068 6
      vertex 113.37487373415293 144.5251262658471 6
      vertex 113.67673669101933 144.86933499846947 6
    endloop
  endfacet
  facet normal 0 0 1
    outer loop
      vertex 111.81923881554252 146.0807611844575 6
      vertex 114.37005701480834 147.45684167277017 6
      vertex 111.93135934237861 146.20861014228868 6
    endloop
  endfacet
  facet normal 0 0 1
    outer loop
      vertex 113.03066500153052 144.22326330898068 6
      vertex 113.67673669101933 144.86933499846947 6
      vertex 114.13357836378951 145.6606079867222 6
    endloop
  endfacet
  facet normal 0 0 1
    outer loop
      vertex 113.67673669101933 144.86933499846947 6
      vertex 113.93108891324555 145.25 6
      vertex 114.13357836378951 145.6606079867222 6
    endloop
  endfacet
  facet normal 0 0 1
    outer loop
      vertex 113.03066500153052 144.22326330898068 6
      vertex 114.13357836378951 145.6606079867222 6
      vertex 114.37005701480834 147.45684167277017 6
    endloop
  endfacet
  facet normal 0 0 1
    outer loop
      vertex 114.13357836378951 145.6606079867222 6
      vertex 114.28074039201175 146.0941333421412 6
      vertex 114.37005701480834 146.54315832722983 6
    endloop
  endfacet
  facet normal 0 0 1
    outer loop
      vertex 114.13357836378951 145.6606079867222 6
      vertex 114.37005701480834 146.54315832722983 6
      vertex 114.37005701480834 147.45684167277017 6
    endloop
  endfacet
  facet normal -0.4422886902189967 0.8968727415326907 0
    outer loop
      vertex 109.15 150.03108891324553 3.01
      vertex 109.56060798672219 150.2335783637895 6
      vertex 109.56060798672219 150.2335783637895 3.01
    endloop
  endfacet
  facet normal -0.321439465303198 0.9469301294950934 0
    outer loop
      vertex 109.56060798672219 150.2335783637895 3.01
      vertex 109.99413334214118 150.38074039201175 6
      vertex 109.99413334214118 150.38074039201175 3.01
    endloop
  endfacet
  facet normal -0.19509032201610832 0.9807852804032345 0
    outer loop
      vertex 109.99413334214118 150.38074039201175 3.01
      vertex 110.44315832722982 150.47005701480833 6
      vertex 110.44315832722982 150.47005701480833 3.01
    endloop
  endfacet
  facet normal -0.06540312923015051 0.9978589232386031 0
    outer loop
      vertex 110.44315832722982 150.47005701480833 3.01
      vertex 110.9 150.5 6
      vertex 110.9 150.5 3.01
    endloop
  endfacet
  facet normal 0.06540312923015051 0.9978589232386031 0
    outer loop
      vertex 110.9 150.5 3.01
      vertex 111.35684167277019 150.47005701480833 6
      vertex 111.35684167277019 150.47005701480833 3.01
    endloop
  endfacet
  facet normal 0.19509032201610832 0.9807852804032345 0
    outer loop
      vertex 111.35684167277019 150.47005701480833 3.01
      vertex 111.80586665785883 150.38074039201175 6
      vertex 111.80586665785883 150.38074039201175 3.01
    endloop
  endfacet
  facet normal 0.321439465303198 0.9469301294950934 0
    outer loop
      vertex 111.80586665785883 150.38074039201175 3.01
      vertex 112.23939201327782 150.2335783637895 6
      vertex 112.23939201327782 150.2335783637895 3.01
    endloop
  endfacet
  facet normal 0.9978589232386029 -0.06540312923015253 0
    outer loop
      vertex 114.37005701480834 146.54315832722983 3.01
      vertex 114.4 147 3.01
      vertex 114.37005701480834 146.54315832722983 6
    endloop
  endfacet
  facet normal 0.9978589232386029 0.06540312923015253 0
    outer loop
      vertex 114.4 147 3.01
      vertex 114.37005701480834 147.45684167277017 3.01
      vertex 114.4 147 6
    endloop
  endfacet
  facet normal 0.9807852804032345 0.19509032201610832 0
    outer loop
      vertex 114.37005701480834 147.45684167277017 3.01
      vertex 114.28074039201175 147.9058666578588 3.01
      vertex 114.37005701480834 147.45684167277017 6
    endloop
  endfacet
  facet normal 0.8968727415326967 0.44228869021898437 0
    outer loop
      vertex 114.13357836378951 148.3393920132778 3.01
      vertex 113.93108891324555 148.75 3.01
      vertex 114.13357836378951 148.3393920132778 6
    endloop
  endfacet
  facet normal 0.8314696123025462 0.5555702330196007 0
    outer loop
      vertex 113.67673669101933 149.13066500153053 3.01
      vertex 113.93108891324555 148.75 6
      vertex 113.93108891324555 148.75 3.01
    endloop
  endfacet
  facet normal 0.9469301294951027 0.32143946530317014 0
    outer loop
      vertex 114.13357836378951 148.3393920132778 3.01
      vertex 114.28074039201175 147.9058666578588 6
      vertex 114.28074039201175 147.9058666578588 3.01
    endloop
  endfacet
  facet normal 0.4422886902189967 0.8968727415326907 0
    outer loop
      vertex 112.23939201327782 150.2335783637895 3.01
      vertex 112.65 150.03108891324553 6
      vertex 112.65 150.03108891324553 3.01
    endloop
  endfacet
  facet normal 0.6593458151000671 0.7518398074789789 0
    outer loop
      vertex 113.03066500153052 149.77673669101932 3.01
      vertex 113.37487373415293 149.4748737341529 6
      vertex 113.37487373415293 149.4748737341529 3.01
    endloop
  endfacet
  facet normal 0.5555702330195935 0.831469612302551 0
    outer loop
      vertex 112.65 150.03108891324553 3.01
      vertex 113.03066500153052 149.77673669101932 6
      vertex 113.03066500153052 149.77673669101932 3.01
    endloop
  endfacet
  facet normal 0.7518398074789673 0.6593458151000803 0
    outer loop
      vertex 113.67673669101933 149.13066500153053 3.01
      vertex 113.37487373415293 149.4748737341529 3.01
      vertex 113.67673669101933 149.13066500153053 6
    endloop
  endfacet
  facet normal -0.321439465303198 0.9469301294950934 0
    outer loop
      vertex 109.56060798672219 150.2335783637895 3.01
      vertex 109.56060798672219 150.2335783637895 6
      vertex 109.99413334214118 150.38074039201175 6
    endloop
  endfacet
  facet normal -0.19509032201610832 0.9807852804032345 0
    outer loop
      vertex 109.99413334214118 150.38074039201175 3.01
      vertex 109.99413334214118 150.38074039201175 6
      vertex 110.44315832722982 150.47005701480833 6
    endloop
  endfacet
  facet normal -0.06540312923015051 0.9978589232386031 0
    outer loop
      vertex 110.44315832722982 150.47005701480833 3.01
      vertex 110.44315832722982 150.47005701480833 6
      vertex 110.9 150.5 6
    endloop
  endfacet
  facet normal 0.06540312923015051 0.9978589232386031 0
    outer loop
      vertex 110.9 150.5 3.01
      vertex 110.9 150.5 6
      vertex 111.35684167277019 150.47005701480833 6
    endloop
  endfacet
  facet normal 0.19509032201610832 0.9807852804032345 0
    outer loop
      vertex 111.35684167277019 150.47005701480833 3.01
      vertex 111.35684167277019 150.47005701480833 6
      vertex 111.80586665785883 150.38074039201175 6
    endloop
  endfacet
  facet normal 0.321439465303198 0.9469301294950934 0
    outer loop
      vertex 111.80586665785883 150.38074039201175 3.01
      vertex 111.80586665785883 150.38074039201175 6
      vertex 112.23939201327782 150.2335783637895 6
    endloop
  endfacet
  facet normal 0.9978589232386029 -0.06540312923015253 0
    outer loop
      vertex 114.37005701480834 146.54315832722983 6
      vertex 114.4 147 3.01
      vertex 114.4 147 6
    endloop
  endfacet
  facet normal 0.9978589232386029 0.06540312923015253 0
    outer loop
      vertex 114.37005701480834 147.45684167277017 3.01
      vertex 114.37005701480834 147.45684167277017 6
      vertex 114.4 147 6
    endloop
  endfacet
  facet normal 0.9807852804032345 0.19509032201610832 0
    outer loop
      vertex 114.28074039201175 147.9058666578588 3.01
      vertex 114.28074039201175 147.9058666578588 6
      vertex 114.37005701480834 147.45684167277017 6
    endloop
  endfacet
  facet normal 0.8314696123025462 0.5555702330196007 0
    outer loop
      vertex 113.67673669101933 149.13066500153053 3.01
      vertex 113.67673669101933 149.13066500153053 6
      vertex 113.93108891324555 148.75 6
    endloop
  endfacet
  facet normal 0.8968727415326967 0.44228869021898437 0
    outer loop
      vertex 113.93108891324555 148.75 3.01
      vertex 113.93108891324555 148.75 6
      vertex 114.13357836378951 148.3393920132778 6
    endloop
  endfacet
  facet normal 0.9469301294951027 0.32143946530317014 0
    outer loop
      vertex 114.13357836378951 148.3393920132778 3.01
      vertex 114.13357836378951 148.3393920132778 6
      vertex 114.28074039201175 147.9058666578588 6
    endloop
  endfacet
  facet normal 0.4422886902189967 0.8968727415326907 0
    outer loop
      vertex 112.23939201327782 150.2335783637895 3.01
      vertex 112.23939201327782 150.2335783637895 6
      vertex 112.65 150.03108891324553 6
    endloop
  endfacet
  facet normal 0.5555702330195935 0.831469612302551 0
    outer loop
      vertex 112.65 150.03108891324553 3.01
      vertex 112.65 150.03108891324553 6
      vertex 113.03066500153052 149.77673669101932 6
    endloop
  endfacet
  facet normal 0.7518398074789673 0.6593458151000803 0
    outer loop
      vertex 113.37487373415293 149.4748737341529 3.01
      vertex 113.37487373415293 149.4748737341529 6
      vertex 113.67673669101933 149.13066500153053 6
    endloop
  endfacet
  facet normal 0.6593458151000671 0.7518398074789789 0
    outer loop
      vertex 113.03066500153052 149.77673669101932 3.01
      vertex 113.03066500153052 149.77673669101932 6
      vertex 113.37487373415293 149.4748737341529 6
    endloop
  endfacet
  facet normal 0 0 1
    outer loop
      vertex 109.56060798672219 143.7664216362105 6
      vertex 109.60000000000001 147 6
      vertex 109.56060798672219 150.2335783637895 6
    endloop
  endfacet
  facet normal 0 0 1
    outer loop
      vertex 109.56060798672219 150.2335783637895 6
      vertex 109.60000000000001 147 6
      vertex 109.61112168021405 147.16968404988606 6
    endloop
  endfacet
  facet normal 0 0 1
    outer loop
      vertex 109.56060798672219 150.2335783637895 6
      vertex 109.64429642582422 147.33646475863327 6
      vertex 109.69895660773533 147.4974884620746 6
    endloop
  endfacet
  facet normal 0 0 1
    outer loop
      vertex 109.56060798672219 150.2335783637895 6
      vertex 109.61112168021405 147.16968404988606 6
      vertex 109.64429642582422 147.33646475863327 6
    endloop
  endfacet
  facet normal 0 0 1
    outer loop
      vertex 109.56060798672219 150.2335783637895 6
      vertex 109.69895660773533 147.4974884620746 6
      vertex 109.77416697508023 147.65 6
    endloop
  endfacet
  facet normal 0 0 1
    outer loop
      vertex 109.56060798672219 150.2335783637895 6
      vertex 109.77416697508023 147.65 6
      vertex 109.8686406576214 147.79138985771132 6
    endloop
  endfacet
  facet normal 0 0 1
    outer loop
      vertex 109.56060798672219 150.2335783637895 6
      vertex 109.8686406576214 147.79138985771132 6
      vertex 109.98076118445749 147.9192388155425 6
    endloop
  endfacet
  facet normal 0 0 1
    outer loop
      vertex 109.56060798672219 150.2335783637895 6
      vertex 109.98076118445749 147.9192388155425 6
      vertex 110.10861014228867 148.0313593423786 6
    endloop
  endfacet
  facet normal 0 0 1
    outer loop
      vertex 109.56060798672219 150.2335783637895 6
      vertex 110.10861014228867 148.0313593423786 6
      vertex 110.25 148.12583302491976 6
    endloop
  endfacet
  facet normal 0 0 1
    outer loop
      vertex 109.56060798672219 150.2335783637895 6
      vertex 110.25 148.12583302491976 6
      vertex 110.40251153792539 148.20104339226467 6
    endloop
  endfacet
  facet normal 0 0 1
    outer loop
      vertex 109.56060798672219 150.2335783637895 6
      vertex 110.40251153792539 148.20104339226467 6
      vertex 110.56353524136672 148.25570357417578 6
    endloop
  endfacet
  facet normal 0 0 1
    outer loop
      vertex 109.56060798672219 150.2335783637895 6
      vertex 110.73031595011393 148.28887831978597 6
      vertex 110.9 148.3 6
    endloop
  endfacet
  facet normal 0 0 1
    outer loop
      vertex 109.56060798672219 150.2335783637895 6
      vertex 110.56353524136672 148.25570357417578 6
      vertex 110.73031595011393 148.28887831978597 6
    endloop
  endfacet
  facet normal 0 0 1
    outer loop
      vertex 109.56060798672219 150.2335783637895 6
      vertex 110.9 148.3 6
      vertex 111.06968404988608 148.28887831978597 6
    endloop
  endfacet
  facet normal 0 0 1
    outer loop
      vertex 109.56060798672219 150.2335783637895 6
      vertex 111.23646475863329 148.25570357417578 6
      vertex 111.39748846207462 148.20104339226467 6
    endloop
  endfacet
  facet normal 0 0 1
    outer loop
      vertex 109.56060798672219 150.2335783637895 6
      vertex 111.06968404988608 148.28887831978597 6
      vertex 111.23646475863329 148.25570357417578 6
    endloop
  endfacet
  facet normal 0 0 1
    outer loop
      vertex 109.56060798672219 150.2335783637895 6
      vertex 111.39748846207462 148.20104339226467 6
      vertex 111.55000000000001 148.12583302491976 6
    endloop
  endfacet
  facet normal 0 0 1
    outer loop
      vertex 109.56060798672219 150.2335783637895 6
      vertex 111.69138985771134 148.0313593423786 6
      vertex 111.81923881554252 147.9192388155425 6
    endloop
  endfacet
  facet normal 0 0 1
    outer loop
      vertex 109.56060798672219 150.2335783637895 6
      vertex 111.55000000000001 148.12583302491976 6
      vertex 111.69138985771134 148.0313593423786 6
    endloop
  endfacet
  facet normal 0 0 1
    outer loop
      vertex 109.56060798672219 150.2335783637895 6
      vertex 111.81923881554252 147.9192388155425 6
      vertex 114.37005701480834 147.45684167277017 6
    endloop
  endfacet
  facet normal 0 0 1
    outer loop
      vertex 109.56060798672219 150.2335783637895 6
      vertex 110.44315832722982 150.47005701480833 6
      vertex 109.99413334214118 150.38074039201175 6
    endloop
  endfacet
  facet normal 0 0 1
    outer loop
      vertex 109.56060798672219 150.2335783637895 6
      vertex 111.35684167277019 150.47005701480833 6
      vertex 110.44315832722982 150.47005701480833 6
    endloop
  endfacet
  facet normal 0 0 1
    outer loop
      vertex 110.44315832722982 150.47005701480833 6
      vertex 111.35684167277019 150.47005701480833 6
      vertex 110.9 150.5 6
    endloop
  endfacet
  facet normal 0 0 1
    outer loop
      vertex 109.56060798672219 150.2335783637895 6
      vertex 112.65 150.03108891324553 6
      vertex 111.35684167277019 150.47005701480833 6
    endloop
  endfacet
  facet normal 0 0 1
    outer loop
      vertex 111.35684167277019 150.47005701480833 6
      vertex 112.65 150.03108891324553 6
      vertex 111.80586665785883 150.38074039201175 6
    endloop
  endfacet
  facet normal 0 0 1
    outer loop
      vertex 111.93135934237861 146.20861014228868 6
      vertex 114.37005701480834 147.45684167277017 6
      vertex 112.02583302491978 146.35 6
    endloop
  endfacet
  facet normal 0 0 1
    outer loop
      vertex 112.02583302491978 147.65 6
      vertex 114.37005701480834 147.45684167277017 6
      vertex 111.93135934237861 147.79138985771132 6
    endloop
  endfacet
  facet normal 0 0 1
    outer loop
      vertex 111.93135934237861 147.79138985771132 6
      vertex 114.37005701480834 147.45684167277017 6
      vertex 111.81923881554252 147.9192388155425 6
    endloop
  endfacet
  facet normal 0 0 1
    outer loop
      vertex 112.02583302491978 146.35 6
      vertex 114.37005701480834 147.45684167277017 6
      vertex 112.10104339226469 146.5025115379254 6
    endloop
  endfacet
  facet normal 0 0 1
    outer loop
      vertex 112.10104339226469 146.5025115379254 6
      vertex 114.37005701480834 147.45684167277017 6
      vertex 112.15570357417579 146.66353524136673 6
    endloop
  endfacet
  facet normal 0 0 1
    outer loop
      vertex 112.15570357417579 146.66353524136673 6
      vertex 114.37005701480834 147.45684167277017 6
      vertex 112.18887831978596 146.83031595011394 6
    endloop
  endfacet
  facet normal 0 0 1
    outer loop
      vertex 112.2 147 6
      vertex 114.37005701480834 147.45684167277017 6
      vertex 112.18887831978596 147.16968404988606 6
    endloop
  endfacet
  facet normal 0 0 1
    outer loop
      vertex 112.18887831978596 146.83031595011394 6
      vertex 114.37005701480834 147.45684167277017 6
      vertex 112.2 147 6
    endloop
  endfacet
  facet normal 0 0 1
    outer loop
      vertex 112.18887831978596 147.16968404988606 6
      vertex 114.37005701480834 147.45684167277017 6
      vertex 112.15570357417579 147.33646475863327 6
    endloop
  endfacet
  facet normal 0 0 1
    outer loop
      vertex 112.10104339226469 147.4974884620746 6
      vertex 114.37005701480834 147.45684167277017 6
      vertex 112.02583302491978 147.65 6
    endloop
  endfacet
  facet normal 0 0 1
    outer loop
      vertex 112.15570357417579 147.33646475863327 6
      vertex 114.37005701480834 147.45684167277017 6
      vertex 112.10104339226469 147.4974884620746 6
    endloop
  endfacet
  facet normal 0 0 1
    outer loop
      vertex 114.37005701480834 146.54315832722983 6
      vertex 114.4 147 6
      vertex 114.37005701480834 147.45684167277017 6
    endloop
  endfacet
  facet normal 0 0 1
    outer loop
      vertex 114.13357836378951 148.3393920132778 6
      vertex 113.93108891324555 148.75 6
      vertex 114.28074039201175 147.9058666578588 6
    endloop
  endfacet
  facet normal 0 0 1
    outer loop
      vertex 114.37005701480834 147.45684167277017 6
      vertex 113.93108891324555 148.75 6
      vertex 112.65 150.03108891324553 6
    endloop
  endfacet
  facet normal 0 0 1
    outer loop
      vertex 113.67673669101933 149.13066500153053 6
      vertex 113.37487373415293 149.4748737341529 6
      vertex 113.93108891324555 148.75 6
    endloop
  endfacet
  facet normal 0 0 1
    outer loop
      vertex 114.37005701480834 147.45684167277017 6
      vertex 114.28074039201175 147.9058666578588 6
      vertex 113.93108891324555 148.75 6
    endloop
  endfacet
  facet normal 0 0 1
    outer loop
      vertex 109.56060798672219 150.2335783637895 6
      vertex 114.37005701480834 147.45684167277017 6
      vertex 112.65 150.03108891324553 6
    endloop
  endfacet
  facet normal 0 0 1
    outer loop
      vertex 111.80586665785883 150.38074039201175 6
      vertex 112.65 150.03108891324553 6
      vertex 112.23939201327782 150.2335783637895 6
    endloop
  endfacet
  facet normal 0 0 1
    outer loop
      vertex 112.65 150.03108891324553 6
      vertex 113.37487373415293 149.4748737341529 6
      vertex 113.03066500153052 149.77673669101932 6
    endloop
  endfacet
  facet normal 0 0 1
    outer loop
      vertex 113.93108891324555 148.75 6
      vertex 113.37487373415293 149.4748737341529 6
      vertex 112.65 150.03108891324553 6
    endloop
  endfacet
  facet normal -0.6319289180610638 -0.10786282039327924 0.7674838464065419
    outer loop
      vertex 139.52072991386902 27.99 3
      vertex 144 28 6.6895355396653144
      vertex 139.3672504707968 28.889180070126287 3
    endloop
  endfacet
  facet normal 0 -1 0
    outer loop
      vertex 139.52072991386902 27.99 3
      vertex 143.99934456537184 27.99 3
      vertex 143.99934456537184 27.99 6.687590461203597
    endloop
  endfacet
  facet normal -0.6319289180610832 -0.10786282039300461 0.7674838464065646
    outer loop
      vertex 139.52072991386902 27.99 3
      vertex 143.99934456537184 27.99 6.687590461203597
      vertex 144 28 6.6895355396653144
    endloop
  endfacet
  facet normal 0 -1 0
    outer loop
      vertex 144.29999999701977 27.99 6.935143373906612
      vertex 144.2982931121281 27.99 6.9337379633199365
      vertex 144.29999999701977 27.99 6.9337379633199365
    endloop
  endfacet
  facet normal -0.6348354187421248 -0.10706435963330585 0.7651935794338719
    outer loop
      vertex 139.3672504707968 28.889180070126287 3
      vertex 144 75.47337696815228 13.361483564830763
      vertex 131.08475971551275 78 3
    endloop
  endfacet
  facet normal -0.6319289180610641 -0.10786282039328463 0.767483846406541
    outer loop
      vertex 139.3672504707968 28.889180070126287 3
      vertex 144 28 6.6895355396653144
      vertex 144 75.47337696815228 13.361483564830763
    endloop
  endfacet
  facet normal -0.6319289180612301 -0.10786282039326585 0.767483846406407
    outer loop
      vertex 144.29999999701977 27.99 6.935143373906612
      vertex 144.29829311223136 78.47283657327816 14.028637953472861
      vertex 144.2982931121281 27.99 6.9337379633199365
    endloop
  endfacet
  facet normal 1 0 0
    outer loop
      vertex 144.29999999701977 27.99 6.935143373906612
      vertex 144.29999999701977 27.99 6.9337379633199365
      vertex 144.29999999701977 78.5 14.032455526292324
    endloop
  endfacet
  facet normal -0.6385054894082653 0 0.7696172685143646
    outer loop
      vertex 131.01417512129655 78.49 3.01
      vertex 144 78.5 13.783563443492067
      vertex 131.01417512129655 78.5 3.01
    endloop
  endfacet
  facet normal -0.6348354187420178 -0.10706435963116663 0.7651935794342601
    outer loop
      vertex 131.08475971551275 78 3
      vertex 144 75.47337696815228 13.361483564830763
      vertex 131.09681313214395 78 3.01
    endloop
  endfacet
  facet normal -0.6348354187421236 -0.10706435963332339 0.7651935794338707
    outer loop
      vertex 131.09681313214395 78 3.01
      vertex 144 78.49 13.783563443492067
      vertex 131.01417512129655 78.49 3.01
    endloop
  endfacet
  facet normal 0 1 0
    outer loop
      vertex 131.01417512129655 78.5 3.01
      vertex 144 78.5 13.783563443492067
      vertex 144 78.5 3.01
    endloop
  endfacet
  facet normal 1 0 0
    outer loop
      vertex 144.29999999701977 27.99 6.9337379633199365
      vertex 144.29999999701977 78.5 14.032455524137726
      vertex 144.29999999701977 78.5 14.032455526292324
    endloop
  endfacet
  facet normal -0.6319289180598949 -0.10786282039341728 0.7674838464074851
    outer loop
      vertex 144.29999999701977 27.99 6.935143373906612
      vertex 144.29999999701977 78.49 14.032455526292324
      vertex 144.29829311223136 78.47283657327816 14.028637953472861
    endloop
  endfacet
  facet normal 1 0 0
    outer loop
      vertex 144.29999999701977 27.99 6.935143373906612
      vertex 144.29999999701977 78.5 14.032455526292324
      vertex 144.29999999701977 78.49 14.032455526292324
    endloop
  endfacet
  facet normal -0.634835418742125 -0.10706435963330589 0.7651935794338718
    outer loop
      vertex 131.09681313214395 78 3.01
      vertex 144 75.47337696815228 13.361483564830763
      vertex 144 78.49 13.783563443492067
    endloop
  endfacet
  facet normal -0.6385054894082653 0 0.7696172685143646
    outer loop
      vertex 131.01417512129655 78.49 3.01
      vertex 144 78.49 13.783563443492067
      vertex 144 78.5 13.783563443492067
    endloop
  endfacet
  facet normal -0.6348354187431353 -0.10706435963280352 0.7651935794331038
    outer loop
      vertex 144.29999999701977 78.49 14.032455526292324
      vertex 144.29830599718838 78.49 14.0310501157907
      vertex 144.29829311223136 78.47283657327816 14.028637953472861
    endloop
  endfacet
  facet normal -0.6385054894092471 -4.231994151805412e-13 0.76961726851355
    outer loop
      vertex 144.29999999701977 78.49 14.032455526292324
      vertex 144.29999999442273 78.5 14.032455524137726
      vertex 144.29830599718838 78.49 14.0310501157907
    endloop
  endfacet
  facet normal 0 1 0
    outer loop
      vertex 144.29999999701977 78.5 14.032455526292324
      vertex 144.29999999701977 78.5 14.032455524137726
      vertex 144.29999999442273 78.5 14.032455524137726
    endloop
  endfacet
  facet normal -0.6385045242082562 0 0.7696180692821526
    outer loop
      vertex 144.29999999701977 78.49 14.032455526292324
      vertex 144.29999999701977 78.5 14.032455526292324
      vertex 144.29999999442273 78.5 14.032455524137726
    endloop
  endfacet
  facet normal 0 0 1
    outer loop
      vertex 103.9 78 3.01
      vertex 105.58912385709914 86.42066466597088 3.01
      vertex 105.57928932188135 86.42928932188134 3.01
    endloop
  endfacet
  facet normal 0 0 1
    outer loop
      vertex 103.9 78 3.01
      vertex 105.57928932188135 86.42928932188134 3.01
      vertex 105.57066466597088 86.43912385709913 3.01
    endloop
  endfacet
  facet normal 0 0 1
    outer loop
      vertex 103.9 78 3.01
      vertex 105.57066466597088 86.43912385709913 3.01
      vertex 105.56339745962156 86.45 3.01
    endloop
  endfacet
  facet normal 0 0 1
    outer loop
      vertex 103.9 78 3.01
      vertex 105.56339745962156 86.45 3.01
      vertex 105.55761204674887 86.46173165676349 3.01
    endloop
  endfacet
  facet normal 0 0 1
    outer loop
      vertex 103.9 78 3.01
      vertex 105.55761204674887 86.46173165676349 3.01
      vertex 105.5534074173711 86.47411809548974 3.01
    endloop
  endfacet
  facet normal 0 0 1
    outer loop
      vertex 103.9 78 3.01
      vertex 105.5534074173711 86.47411809548974 3.01
      vertex 105.55085551386263 86.48694738077799 3.01
    endloop
  endfacet
  facet normal 0 0 1
    outer loop
      vertex 103.9 78 3.01
      vertex 105.55085551386263 86.48694738077799 3.01
      vertex 105.55000000000001 86.5 3.01
    endloop
  endfacet
  facet normal 0 0 1
    outer loop
      vertex 103.9 78 3.01
      vertex 108.76933499846949 83.72326330898068 3.01
      vertex 105.58912385709914 86.42066466597088 3.01
    endloop
  endfacet
  facet normal 0 0 1
    outer loop
      vertex 103.9 78 3.01
      vertex 109.15 83.46891108675446 3.01
      vertex 108.76933499846949 83.72326330898068 3.01
    endloop
  endfacet
  facet normal 0 0 1
    outer loop
      vertex 103.9 78 3.01
      vertex 109.56060798672219 83.2664216362105 3.01
      vertex 109.15 83.46891108675446 3.01
    endloop
  endfacet
  facet normal 0 0 1
    outer loop
      vertex 103.9 78 3.01
      vertex 109.99413334214118 83.11925960798825 3.01
      vertex 109.56060798672219 83.2664216362105 3.01
    endloop
  endfacet
  facet normal 0 0 1
    outer loop
      vertex 103.9 78 3.01
      vertex 110.44315832722982 83.02994298519167 3.01
      vertex 109.99413334214118 83.11925960798825 3.01
    endloop
  endfacet
  facet normal 0 0 1
    outer loop
      vertex 103.9 78 3.01
      vertex 110.9 83 3.01
      vertex 110.44315832722982 83.02994298519167 3.01
    endloop
  endfacet
  facet normal 0 0 1
    outer loop
      vertex 103.9 78 3.01
      vertex 111.35684167277019 83.02994298519167 3.01
      vertex 110.9 83 3.01
    endloop
  endfacet
  facet normal 0 0 1
    outer loop
      vertex 103.9 78 3.01
      vertex 111.80586665785883 83.11925960798825 3.01
      vertex 111.35684167277019 83.02994298519167 3.01
    endloop
  endfacet
  facet normal 0 0 1
    outer loop
      vertex 103.9 78 3.01
      vertex 112.23939201327782 83.2664216362105 3.01
      vertex 111.80586665785883 83.11925960798825 3.01
    endloop
  endfacet
  facet normal 0 -1 0
    outer loop
      vertex 103.9 78 3.01
      vertex 103.9 78 3
      vertex 131.09681313214395 78 3.01
    endloop
  endfacet
  facet normal 0 0 1
    outer loop
      vertex 103.9 78 3.01
      vertex 112.65 83.46891108675446 3.01
      vertex 112.23939201327782 83.2664216362105 3.01
    endloop
  endfacet
  facet normal 0 0 1
    outer loop
      vertex 103.9 78 3.01
      vertex 131.01417512129655 78.5 3.01
      vertex 112.65 83.46891108675446 3.01
    endloop
  endfacet
  facet normal 0 0 1
    outer loop
      vertex 112.65 83.46891108675446 3.01
      vertex 131.01417512129655 78.5 3.01
      vertex 113.03066500153052 83.72326330898068 3.01
    endloop
  endfacet
  facet normal 0 0 1
    outer loop
      vertex 113.03066500153052 83.72326330898068 3.01
      vertex 131.01417512129655 78.5 3.01
      vertex 113.37487373415293 84.02512626584708 3.01
    endloop
  endfacet
  facet normal 0 0 1
    outer loop
      vertex 131.01417512129655 78.5 3.01
      vertex 113.67673669101933 84.36933499846948 3.01
      vertex 113.37487373415293 84.02512626584708 3.01
    endloop
  endfacet
  facet normal 0 0 1
    outer loop
      vertex 131.01417512129655 78.5 3.01
      vertex 113.93108891324555 84.75 3.01
      vertex 113.67673669101933 84.36933499846948 3.01
    endloop
  endfacet
  facet normal 0 0 1
    outer loop
      vertex 131.01417512129655 78.5 3.01
      vertex 114.13357836378951 85.16060798672218 3.01
      vertex 113.93108891324555 84.75 3.01
    endloop
  endfacet
  facet normal 0 0 1
    outer loop
      vertex 131.01417512129655 78.5 3.01
      vertex 114.28074039201175 85.59413334214118 3.01
      vertex 114.13357836378951 85.16060798672218 3.01
    endloop
  endfacet
  facet normal 0 0 1
    outer loop
      vertex 131.01417512129655 78.5 3.01
      vertex 114.37005701480834 86.04315832722982 3.01
      vertex 114.28074039201175 85.59413334214118 3.01
    endloop
  endfacet
  facet normal 0 0 1
    outer loop
      vertex 131.01417512129655 78.5 3.01
      vertex 114.4 86.5 3.01
      vertex 114.37005701480834 86.04315832722982 3.01
    endloop
  endfacet
  facet normal 0 0 1
    outer loop
      vertex 103.9 78 3.01
      vertex 131.09681313214395 78 3.01
      vertex 131.01417512129655 78.49 3.01
    endloop
  endfacet
  facet normal 0 0 1
    outer loop
      vertex 103.9 78 3.01
      vertex 131.01417512129655 78.49 3.01
      vertex 131.01417512129655 78.5 3.01
    endloop
  endfacet
  facet normal 0 -1 0
    outer loop
      vertex 103.9 78 3
      vertex 131.08475971551275 78 3
      vertex 131.09681313214395 78 3.01
    endloop
  endfacet
  facet normal 0 0 1
    outer loop
      vertex 131.01417512129655 78.5 3.01
      vertex 144 79 3.01
      vertex 114.4 86.5 3.01
    endloop
  endfacet
  facet normal 0 0 1
    outer loop
      vertex 131.01417512129655 78.5 3.01
      vertex 144 78.5 3.01
      vertex 144 79 3.01
    endloop
  endfacet
  facet normal 0 0 1
    outer loop
      vertex 144 79 3.01
      vertex 167 79 3.01
      vertex 114.4 86.5 3.01
    endloop
  endfacet
  facet normal -1 0 0
    outer loop
      vertex 103.9 78 3.01
      vertex 103.9 132 3
      vertex 103.9 78 3
    endloop
  endfacet
  facet normal 0 0 1
    outer loop
      vertex 103.9 78 3.01
      vertex 105.55000000000001 86.5 3.01
      vertex 104.9 132 3.01
    endloop
  endfacet
  facet normal 0 0 1
    outer loop
      vertex 105.5534074173711 86.52588190451026 3.01
      vertex 105.55761204674887 86.53826834323651 3.01
      vertex 104.9 132 3.01
    endloop
  endfacet
  facet normal 0 0 1
    outer loop
      vertex 105.55000000000001 86.5 3.01
      vertex 105.55085551386263 86.51305261922201 3.01
      vertex 104.9 132 3.01
    endloop
  endfacet
  facet normal 0 0 1
    outer loop
      vertex 105.5534074173711 86.52588190451026 3.01
      vertex 104.9 132 3.01
      vertex 105.55085551386263 86.51305261922201 3.01
    endloop
  endfacet
  facet normal -1 0 0
    outer loop
      vertex 103.9 78 3.01
      vertex 103.9 132 3.01
      vertex 103.9 132 3
    endloop
  endfacet
  facet normal 0 0 1
    outer loop
      vertex 105.57066466597088 86.56087614290087 3.01
      vertex 105.57928932188135 86.57071067811866 3.01
      vertex 105.57928932188135 146.92928932188136 3.01
    endloop
  endfacet
  facet normal 0 0 1
    outer loop
      vertex 105.56339745962156 86.55 3.01
      vertex 105.57066466597088 86.56087614290087 3.01
      vertex 105.57066466597088 146.93912385709913 3.01
    endloop
  endfacet
  facet normal 0 0 1
    outer loop
      vertex 105.55761204674887 86.53826834323651 3.01
      vertex 105.56339745962156 86.55 3.01
      vertex 105.56339745962156 146.95 3.01
    endloop
  endfacet
  facet normal 0 0 1
    outer loop
      vertex 105.57928932188135 86.57071067811866 3.01
      vertex 105.58912385709914 86.57933533402912 3.01
      vertex 108.76933499846949 144.22326330898068 3.01
    endloop
  endfacet
  facet normal 0 0 1
    outer loop
      vertex 105.58912385709914 86.57933533402912 3.01
      vertex 108.76933499846949 89.27673669101932 3.01
      vertex 109.56060798672219 143.7664216362105 3.01
    endloop
  endfacet
  facet normal 0 0 1
    outer loop
      vertex 103.9 78 3.01
      vertex 104.9 132 3.01
      vertex 103.9 132 3.01
    endloop
  endfacet
  facet normal 0 0 1
    outer loop
      vertex 105.55761204674887 86.53826834323651 3.01
      vertex 104.9 142.5 3.01
      vertex 104.9 132 3.01
    endloop
  endfacet
  facet normal 0 0 1
    outer loop
      vertex 105.55761204674887 86.53826834323651 3.01
      vertex 105.55761204674887 146.9617316567635 3.01
      vertex 104.9 142.5 3.01
    endloop
  endfacet
  facet normal 0 0 1
    outer loop
      vertex 105.58912385709914 86.57933533402912 3.01
      vertex 109.15 143.96891108675447 3.01
      vertex 108.76933499846949 144.22326330898068 3.01
    endloop
  endfacet
  facet normal 0 0 1
    outer loop
      vertex 105.58912385709914 86.57933533402912 3.01
      vertex 109.56060798672219 143.7664216362105 3.01
      vertex 109.15 143.96891108675447 3.01
    endloop
  endfacet
  facet normal 0 0 1
    outer loop
      vertex 167 79 3.01
      vertex 111.80586665785883 143.61925960798825 3.01
      vertex 114.4 86.5 3.01
    endloop
  endfacet
  facet normal 0 0 1
    outer loop
      vertex 108.76933499846949 89.27673669101932 3.01
      vertex 109.15 89.53108891324554 3.01
      vertex 110.9 143.5 3.01
    endloop
  endfacet
  facet normal 0 0 1
    outer loop
      vertex 109.15 89.53108891324554 3.01
      vertex 109.56060798672219 89.7335783637895 3.01
      vertex 110.9 143.5 3.01
    endloop
  endfacet
  facet normal 0 0 1
    outer loop
      vertex 109.56060798672219 89.7335783637895 3.01
      vertex 109.99413334214118 89.88074039201175 3.01
      vertex 110.9 143.5 3.01
    endloop
  endfacet
  facet normal 0 0 1
    outer loop
      vertex 109.99413334214118 89.88074039201175 3.01
      vertex 110.44315832722982 89.97005701480833 3.01
      vertex 110.9 143.5 3.01
    endloop
  endfacet
  facet normal 0 0 1
    outer loop
      vertex 110.44315832722982 89.97005701480833 3.01
      vertex 110.9 90 3.01
      vertex 110.9 143.5 3.01
    endloop
  endfacet
  facet normal 0 0 1
    outer loop
      vertex 110.9 90 3.01
      vertex 111.35684167277019 89.97005701480833 3.01
      vertex 110.9 143.5 3.01
    endloop
  endfacet
  facet normal 0 0 1
    outer loop
      vertex 111.35684167277019 89.97005701480833 3.01
      vertex 111.80586665785883 89.88074039201175 3.01
      vertex 110.9 143.5 3.01
    endloop
  endfacet
  facet normal 0 0 1
    outer loop
      vertex 111.80586665785883 89.88074039201175 3.01
      vertex 112.23939201327782 89.7335783637895 3.01
      vertex 110.9 143.5 3.01
    endloop
  endfacet
  facet normal 0 0 1
    outer loop
      vertex 112.65 89.53108891324554 3.01
      vertex 110.9 143.5 3.01
      vertex 112.23939201327782 89.7335783637895 3.01
    endloop
  endfacet
  facet normal 0 0 1
    outer loop
      vertex 114.37005701480834 86.95684167277018 3.01
      vertex 111.35684167277019 143.52994298519167 3.01
      vertex 114.28074039201175 87.40586665785882 3.01
    endloop
  endfacet
  facet normal 0 0 1
    outer loop
      vertex 113.37487373415293 88.97487373415292 3.01
      vertex 110.9 143.5 3.01
      vertex 113.03066500153052 89.27673669101932 3.01
    endloop
  endfacet
  facet normal 0 0 1
    outer loop
      vertex 113.37487373415293 88.97487373415292 3.01
      vertex 113.67673669101933 88.63066500153052 3.01
      vertex 110.9 143.5 3.01
    endloop
  endfacet
  facet normal 0 0 1
    outer loop
      vertex 114.13357836378951 87.83939201327782 3.01
      vertex 110.9 143.5 3.01
      vertex 113.93108891324555 88.25 3.01
    endloop
  endfacet
  facet normal 0 0 1
    outer loop
      vertex 114.28074039201175 87.40586665785882 3.01
      vertex 111.35684167277019 143.52994298519167 3.01
      vertex 114.13357836378951 87.83939201327782 3.01
    endloop
  endfacet
  facet normal 0 0 1
    outer loop
      vertex 113.93108891324555 88.25 3.01
      vertex 110.9 143.5 3.01
      vertex 113.67673669101933 88.63066500153052 3.01
    endloop
  endfacet
  facet normal 0 0 1
    outer loop
      vertex 114.4 86.5 3.01
      vertex 111.80586665785883 143.61925960798825 3.01
      vertex 114.37005701480834 86.95684167277018 3.01
    endloop
  endfacet
  facet normal 0 0 1
    outer loop
      vertex 112.65 89.53108891324554 3.01
      vertex 113.03066500153052 89.27673669101932 3.01
      vertex 110.9 143.5 3.01
    endloop
  endfacet
  facet normal 0 0 1
    outer loop
      vertex 108.76933499846949 89.27673669101932 3.01
      vertex 109.99413334214118 143.61925960798825 3.01
      vertex 109.56060798672219 143.7664216362105 3.01
    endloop
  endfacet
  facet normal 0 0 1
    outer loop
      vertex 108.76933499846949 89.27673669101932 3.01
      vertex 110.44315832722982 143.52994298519167 3.01
      vertex 109.99413334214118 143.61925960798825 3.01
    endloop
  endfacet
  facet normal 0 0 1
    outer loop
      vertex 108.76933499846949 89.27673669101932 3.01
      vertex 110.9 143.5 3.01
      vertex 110.44315832722982 143.52994298519167 3.01
    endloop
  endfacet
  facet normal 0 0 1
    outer loop
      vertex 114.13357836378951 87.83939201327782 3.01
      vertex 111.35684167277019 143.52994298519167 3.01
      vertex 110.9 143.5 3.01
    endloop
  endfacet
  facet normal 0 0 1
    outer loop
      vertex 114.37005701480834 86.95684167277018 3.01
      vertex 111.80586665785883 143.61925960798825 3.01
      vertex 111.35684167277019 143.52994298519167 3.01
    endloop
  endfacet
  facet normal 0 0 1
    outer loop
      vertex 167 79 3.01
      vertex 112.23939201327782 143.7664216362105 3.01
      vertex 111.80586665785883 143.61925960798825 3.01
    endloop
  endfacet
  facet normal 0 0 1
    outer loop
      vertex 167 79 3.01
      vertex 112.65 143.96891108675447 3.01
      vertex 112.23939201327782 143.7664216362105 3.01
    endloop
  endfacet
  facet normal 0 0 1
    outer loop
      vertex 167 79 3.01
      vertex 113.03066500153052 144.22326330898068 3.01
      vertex 112.65 143.96891108675447 3.01
    endloop
  endfacet
  facet normal 0 0 1
    outer loop
      vertex 167 79 3.01
      vertex 113.37487373415293 144.5251262658471 3.01
      vertex 113.03066500153052 144.22326330898068 3.01
    endloop
  endfacet
  facet normal 0 0 1
    outer loop
      vertex 105.57928932188135 86.57071067811866 3.01
      vertex 105.58912385709914 146.9206646659709 3.01
      vertex 105.57928932188135 146.92928932188136 3.01
    endloop
  endfacet
  facet normal 0 0 1
    outer loop
      vertex 105.57066466597088 86.56087614290087 3.01
      vertex 105.57928932188135 146.92928932188136 3.01
      vertex 105.57066466597088 146.93912385709913 3.01
    endloop
  endfacet
  facet normal 0 0 1
    outer loop
      vertex 105.56339745962156 86.55 3.01
      vertex 105.57066466597088 146.93912385709913 3.01
      vertex 105.56339745962156 146.95 3.01
    endloop
  endfacet
  facet normal 0 0 1
    outer loop
      vertex 105.55761204674887 86.53826834323651 3.01
      vertex 105.56339745962156 146.95 3.01
      vertex 105.55761204674887 146.9617316567635 3.01
    endloop
  endfacet
  facet normal 0 0 1
    outer loop
      vertex 105.57928932188135 86.57071067811866 3.01
      vertex 108.76933499846949 144.22326330898068 3.01
      vertex 105.58912385709914 146.9206646659709 3.01
    endloop
  endfacet
  facet normal 0 0 1
    outer loop
      vertex 104.9 142.5 3.01
      vertex 105.55000000000001 147 3.01
      vertex 105.55085551386263 147.013052619222 3.01
    endloop
  endfacet
  facet normal 0 0 1
    outer loop
      vertex 104.9 142.5 3.01
      vertex 105.55085551386263 146.986947380778 3.01
      vertex 105.55000000000001 147 3.01
    endloop
  endfacet
  facet normal 0 0 1
    outer loop
      vertex 104.9 142.5 3.01
      vertex 105.5534074173711 146.97411809548976 3.01
      vertex 105.55085551386263 146.986947380778 3.01
    endloop
  endfacet
  facet normal 0 0 1
    outer loop
      vertex 104.9 142.5 3.01
      vertex 105.55761204674887 146.9617316567635 3.01
      vertex 105.5534074173711 146.97411809548976 3.01
    endloop
  endfacet
  facet normal 0 0 1
    outer loop
      vertex 104.9 142.5 3.01
      vertex 105.55085551386263 147.013052619222 3.01
      vertex 104.9 152.53 3.01
    endloop
  endfacet
  facet normal 0 0 1
    outer loop
      vertex 105.56339745962156 147.05 3.01
      vertex 104.9 152.53 3.01
      vertex 105.55761204674887 147.0382683432365 3.01
    endloop
  endfacet
  facet normal 0 0 1
    outer loop
      vertex 105.5534074173711 147.02588190451024 3.01
      vertex 105.55761204674887 147.0382683432365 3.01
      vertex 104.9 152.53 3.01
    endloop
  endfacet
  facet normal 0 0 1
    outer loop
      vertex 105.5534074173711 147.02588190451024 3.01
      vertex 104.9 152.53 3.01
      vertex 105.55085551386263 147.013052619222 3.01
    endloop
  endfacet
  facet normal 0 0 1
    outer loop
      vertex 105.57066466597088 147.06087614290087 3.01
      vertex 105.57928932188135 147.07071067811864 3.01
      vertex 104.9 152.53 3.01
    endloop
  endfacet
  facet normal 0 0 1
    outer loop
      vertex 105.56339745962156 147.05 3.01
      vertex 105.57066466597088 147.06087614290087 3.01
      vertex 104.9 152.53 3.01
    endloop
  endfacet
  facet normal 0 0 1
    outer loop
      vertex 105.57928932188135 147.07071067811864 3.01
      vertex 105.58912385709914 147.0793353340291 3.01
      vertex 104.9 152.53 3.01
    endloop
  endfacet
  facet normal 0 0 1
    outer loop
      vertex 105.58912385709914 147.0793353340291 3.01
      vertex 108.76933499846949 149.77673669101932 3.01
      vertex 104.9 152.53 3.01
    endloop
  endfacet
  facet normal 0 0 1
    outer loop
      vertex 108.76933499846949 149.77673669101932 3.01
      vertex 109.15 150.03108891324553 3.01
      vertex 104.9 152.53 3.01
    endloop
  endfacet
  facet normal 0 0 1
    outer loop
      vertex 109.15 150.03108891324553 3.01
      vertex 109.56060798672219 150.2335783637895 3.01
      vertex 104.9 152.53 3.01
    endloop
  endfacet
  facet normal 0 0 1
    outer loop
      vertex 109.56060798672219 150.2335783637895 3.01
      vertex 109.99413334214118 150.38074039201175 3.01
      vertex 104.9 152.53 3.01
    endloop
  endfacet
  facet normal 0 0 1
    outer loop
      vertex 104.9 152.53 3.01
      vertex 109.99413334214118 150.38074039201175 3.01
      vertex 110.44315832722982 150.47005701480833 3.01
    endloop
  endfacet
  facet normal 0 0 1
    outer loop
      vertex 104.9 152.53 3.01
      vertex 110.44315832722982 150.47005701480833 3.01
      vertex 110.9 150.5 3.01
    endloop
  endfacet
  facet normal 0 0 1
    outer loop
      vertex 104.9 152.53 3.01
      vertex 110.9 150.5 3.01
      vertex 111.35684167277019 150.47005701480833 3.01
    endloop
  endfacet
  facet normal 0 1 0
    outer loop
      vertex 103.9 152.53 3
      vertex 103.9 152.53 3.01
      vertex 167 152.53 3
    endloop
  endfacet
  facet normal 0 1 0
    outer loop
      vertex 103.9 152.53 3.01
      vertex 104.9 152.53 3.01
      vertex 167 152.53 3
    endloop
  endfacet
  facet normal 0 0 1
    outer loop
      vertex 111.35684167277019 150.47005701480833 3.01
      vertex 111.80586665785883 150.38074039201175 3.01
      vertex 167 152.53 3.01
    endloop
  endfacet
  facet normal 0 0 1
    outer loop
      vertex 111.80586665785883 150.38074039201175 3.01
      vertex 112.23939201327782 150.2335783637895 3.01
      vertex 167 152.53 3.01
    endloop
  endfacet
  facet normal 0 0 1
    outer loop
      vertex 112.65 150.03108891324553 3.01
      vertex 113.03066500153052 149.77673669101932 3.01
      vertex 167 152.53 3.01
    endloop
  endfacet
  facet normal 0 0 1
    outer loop
      vertex 112.23939201327782 150.2335783637895 3.01
      vertex 112.65 150.03108891324553 3.01
      vertex 167 152.53 3.01
    endloop
  endfacet
  facet normal 0 0 1
    outer loop
      vertex 113.03066500153052 149.77673669101932 3.01
      vertex 113.37487373415293 149.4748737341529 3.01
      vertex 167 152.53 3.01
    endloop
  endfacet
  facet normal 0 0 1
    outer loop
      vertex 104.9 152.53 3.01
      vertex 111.35684167277019 150.47005701480833 3.01
      vertex 167 152.53 3.01
    endloop
  endfacet
  facet normal 0 0 1
    outer loop
      vertex 167 79 3.01
      vertex 113.67673669101933 144.86933499846947 3.01
      vertex 113.37487373415293 144.5251262658471 3.01
    endloop
  endfacet
  facet normal 0 0 1
    outer loop
      vertex 167 79 3.01
      vertex 113.93108891324555 145.25 3.01
      vertex 113.67673669101933 144.86933499846947 3.01
    endloop
  endfacet
  facet normal 0 0 1
    outer loop
      vertex 167 79 3.01
      vertex 114.13357836378951 145.6606079867222 3.01
      vertex 113.93108891324555 145.25 3.01
    endloop
  endfacet
  facet normal 0 0 1
    outer loop
      vertex 167 79 3.01
      vertex 114.28074039201175 146.0941333421412 3.01
      vertex 114.13357836378951 145.6606079867222 3.01
    endloop
  endfacet
  facet normal 0 0 1
    outer loop
      vertex 167 79 3.01
      vertex 114.37005701480834 146.54315832722983 3.01
      vertex 114.28074039201175 146.0941333421412 3.01
    endloop
  endfacet
  facet normal 0 0 1
    outer loop
      vertex 167 79 3.01
      vertex 114.4 147 3.01
      vertex 114.37005701480834 146.54315832722983 3.01
    endloop
  endfacet
  facet normal 0 0 1
    outer loop
      vertex 167 79 3.01
      vertex 114.37005701480834 147.45684167277017 3.01
      vertex 114.4 147 3.01
    endloop
  endfacet
  facet normal 0 0 1
    outer loop
      vertex 167 79 3.01
      vertex 114.28074039201175 147.9058666578588 3.01
      vertex 114.37005701480834 147.45684167277017 3.01
    endloop
  endfacet
  facet normal 0 0 1
    outer loop
      vertex 167 79 3.01
      vertex 113.67673669101933 149.13066500153053 3.01
      vertex 113.93108891324555 148.75 3.01
    endloop
  endfacet
  facet normal 0 0 1
    outer loop
      vertex 167 79 3.01
      vertex 114.13357836378951 148.3393920132778 3.01
      vertex 114.28074039201175 147.9058666578588 3.01
    endloop
  endfacet
  facet normal 0 0 1
    outer loop
      vertex 167 79 3.01
      vertex 113.93108891324555 148.75 3.01
      vertex 114.13357836378951 148.3393920132778 3.01
    endloop
  endfacet
  facet normal 0 0 1
    outer loop
      vertex 167 79 3.01
      vertex 167 152.53 3.01
      vertex 113.67673669101933 149.13066500153053 3.01
    endloop
  endfacet
  facet normal 0 0 1
    outer loop
      vertex 113.67673669101933 149.13066500153053 3.01
      vertex 167 152.53 3.01
      vertex 113.37487373415293 149.4748737341529 3.01
    endloop
  endfacet
  facet normal 0 1 0
    outer loop
      vertex 104.9 152.53 3.01
      vertex 167 152.53 3.01
      vertex 167 152.53 3
    endloop
  endfacet
  facet normal 0 0 1
    outer loop
      vertex 110.56353524136672 145.74429642582422 1
      vertex 110.73031595011393 145.71112168021403 1
      vertex 110.73031595011393 148.28887831978597 1
    endloop
  endfacet
  facet normal 0 0 1
    outer loop
      vertex 110.73031595011393 145.71112168021403 1
      vertex 110.9 145.7 1
      vertex 110.9 148.3 1
    endloop
  endfacet
  facet normal 0 0 1
    outer loop
      vertex 110.9 145.7 1
      vertex 111.06968404988608 145.71112168021403 1
      vertex 111.06968404988608 148.28887831978597 1
    endloop
  endfacet
  facet normal 0 0 1
    outer loop
      vertex 111.06968404988608 145.71112168021403 1
      vertex 111.23646475863329 145.74429642582422 1
      vertex 111.23646475863329 148.25570357417578 1
    endloop
  endfacet
  facet normal 0 0 1
    outer loop
      vertex 111.23646475863329 145.74429642582422 1
      vertex 111.39748846207462 145.79895660773533 1
      vertex 111.39748846207462 148.20104339226467 1
    endloop
  endfacet
  facet normal 0.6593458151000646 0.7518398074789812 0
    outer loop
      vertex 109.98076118445749 146.0807611844575 1
      vertex 109.98076118445749 146.0807611844575 6
      vertex 110.10861014228867 145.9686406576214 1
    endloop
  endfacet
  facet normal 0.7518398074790175 0.6593458151000232 0
    outer loop
      vertex 109.8686406576214 146.20861014228868 1
      vertex 109.8686406576214 146.20861014228868 6
      vertex 109.98076118445749 146.0807611844575 1
    endloop
  endfacet
  facet normal 0.8314696123025116 0.5555702330196525 0
    outer loop
      vertex 109.8686406576214 146.20861014228868 1
      vertex 109.77416697508023 146.35 1
      vertex 109.77416697508023 146.35 6
    endloop
  endfacet
  facet normal 0.8968727415326843 0.4422886902190095 0
    outer loop
      vertex 109.69895660773533 146.5025115379254 1
      vertex 109.69895660773533 146.5025115379254 6
      vertex 109.77416697508023 146.35 1
    endloop
  endfacet
  facet normal 0.4422886902190095 0.8968727415326843 0
    outer loop
      vertex 110.40251153792539 145.79895660773533 1
      vertex 110.25 145.87416697508024 1
      vertex 110.25 145.87416697508024 6
    endloop
  endfacet
  facet normal 0.32143946530318623 0.9469301294950974 0
    outer loop
      vertex 110.40251153792539 145.79895660773533 1
      vertex 110.40251153792539 145.79895660773533 6
      vertex 110.56353524136672 145.74429642582422 1
    endloop
  endfacet
  facet normal 0.19509032201622595 0.980785280403211 0
    outer loop
      vertex 110.56353524136672 145.74429642582422 1
      vertex 110.56353524136672 145.74429642582422 6
      vertex 110.73031595011393 145.71112168021403 1
    endloop
  endfacet
  facet normal 0.5555702330195561 0.8314696123025761 0
    outer loop
      vertex 110.10861014228867 145.9686406576214 1
      vertex 110.10861014228867 145.9686406576214 6
      vertex 110.25 145.87416697508024 1
    endloop
  endfacet
  facet normal 0.06540312923013912 0.9978589232386038 0
    outer loop
      vertex 110.73031595011393 145.71112168021403 1
      vertex 110.73031595011393 145.71112168021403 6
      vertex 110.9 145.7 1
    endloop
  endfacet
  facet normal -0.06540312923013912 0.9978589232386038 0
    outer loop
      vertex 110.9 145.7 1
      vertex 110.9 145.7 6
      vertex 111.06968404988608 145.71112168021403 1
    endloop
  endfacet
  facet normal -0.19509032201622595 0.980785280403211 0
    outer loop
      vertex 111.06968404988608 145.71112168021403 1
      vertex 111.06968404988608 145.71112168021403 6
      vertex 111.23646475863329 145.74429642582422 1
    endloop
  endfacet
  facet normal -0.32143946530318623 0.9469301294950974 0
    outer loop
      vertex 111.23646475863329 145.74429642582422 1
      vertex 111.23646475863329 145.74429642582422 6
      vertex 111.39748846207462 145.79895660773533 1
    endloop
  endfacet
  facet normal -0.4422886902190095 0.8968727415326843 0
    outer loop
      vertex 111.39748846207462 145.79895660773533 1
      vertex 111.39748846207462 145.79895660773533 6
      vertex 111.55000000000001 145.87416697508024 1
    endloop
  endfacet
  facet normal -0.5555702330195561 0.8314696123025761 0
    outer loop
      vertex 111.55000000000001 145.87416697508024 1
      vertex 111.55000000000001 145.87416697508024 6
      vertex 111.69138985771134 145.9686406576214 1
    endloop
  endfacet
  facet normal -0.6593458151000646 0.7518398074789812 0
    outer loop
      vertex 111.69138985771134 145.9686406576214 1
      vertex 111.69138985771134 145.9686406576214 6
      vertex 111.81923881554252 146.0807611844575 1
    endloop
  endfacet
  facet normal -0.7518398074790175 0.6593458151000232 0
    outer loop
      vertex 111.81923881554252 146.0807611844575 1
      vertex 111.81923881554252 146.0807611844575 6
      vertex 111.93135934237861 146.20861014228868 1
    endloop
  endfacet
  facet normal -0.8314696123025116 0.5555702330196525 0
    outer loop
      vertex 111.93135934237861 146.20861014228868 1
      vertex 111.93135934237861 146.20861014228868 6
      vertex 112.02583302491978 146.35 1
    endloop
  endfacet
  facet normal -0.8968727415326843 0.4422886902190095 0
    outer loop
      vertex 112.02583302491978 146.35 1
      vertex 112.02583302491978 146.35 6
      vertex 112.10104339226469 146.5025115379254 1
    endloop
  endfacet
  facet normal -0.9469301294951313 0.3214394653030858 0
    outer loop
      vertex 112.10104339226469 146.5025115379254 1
      vertex 112.10104339226469 146.5025115379254 6
      vertex 112.15570357417579 146.66353524136673 1
    endloop
  endfacet
  facet normal 0.9469301294951313 0.3214394653030858 0
    outer loop
      vertex 109.69895660773533 146.5025115379254 1
      vertex 109.64429642582422 146.66353524136673 6
      vertex 109.69895660773533 146.5025115379254 6
    endloop
  endfacet
  facet normal 0.8314696123025116 0.5555702330196525 0
    outer loop
      vertex 109.8686406576214 146.20861014228868 1
      vertex 109.77416697508023 146.35 6
      vertex 109.8686406576214 146.20861014228868 6
    endloop
  endfacet
  facet normal 0.7518398074790175 0.6593458151000232 0
    outer loop
      vertex 109.98076118445749 146.0807611844575 1
      vertex 109.8686406576214 146.20861014228868 6
      vertex 109.98076118445749 146.0807611844575 6
    endloop
  endfacet
  facet normal 0.8968727415326843 0.4422886902190095 0
    outer loop
      vertex 109.77416697508023 146.35 1
      vertex 109.69895660773533 146.5025115379254 6
      vertex 109.77416697508023 146.35 6
    endloop
  endfacet
  facet normal 0.5555702330195561 0.8314696123025761 0
    outer loop
      vertex 110.25 145.87416697508024 1
      vertex 110.10861014228867 145.9686406576214 6
      vertex 110.25 145.87416697508024 6
    endloop
  endfacet
  facet normal 0.4422886902190095 0.8968727415326843 0
    outer loop
      vertex 110.40251153792539 145.79895660773533 1
      vertex 110.25 145.87416697508024 6
      vertex 110.40251153792539 145.79895660773533 6
    endloop
  endfacet
  facet normal 0.32143946530318623 0.9469301294950974 0
    outer loop
      vertex 110.56353524136672 145.74429642582422 1
      vertex 110.40251153792539 145.79895660773533 6
      vertex 110.56353524136672 145.74429642582422 6
    endloop
  endfacet
  facet normal 0.19509032201622595 0.980785280403211 0
    outer loop
      vertex 110.73031595011393 145.71112168021403 1
      vertex 110.56353524136672 145.74429642582422 6
      vertex 110.73031595011393 145.71112168021403 6
    endloop
  endfacet
  facet normal 0.6593458151000646 0.7518398074789812 0
    outer loop
      vertex 110.10861014228867 145.9686406576214 1
      vertex 109.98076118445749 146.0807611844575 6
      vertex 110.10861014228867 145.9686406576214 6
    endloop
  endfacet
  facet normal 0.06540312923013912 0.9978589232386038 0
    outer loop
      vertex 110.9 145.7 1
      vertex 110.73031595011393 145.71112168021403 6
      vertex 110.9 145.7 6
    endloop
  endfacet
  facet normal -0.06540312923013912 0.9978589232386038 0
    outer loop
      vertex 111.06968404988608 145.71112168021403 1
      vertex 110.9 145.7 6
      vertex 111.06968404988608 145.71112168021403 6
    endloop
  endfacet
  facet normal -0.19509032201622595 0.980785280403211 0
    outer loop
      vertex 111.23646475863329 145.74429642582422 1
      vertex 111.06968404988608 145.71112168021403 6
      vertex 111.23646475863329 145.74429642582422 6
    endloop
  endfacet
  facet normal -0.32143946530318623 0.9469301294950974 0
    outer loop
      vertex 111.39748846207462 145.79895660773533 1
      vertex 111.23646475863329 145.74429642582422 6
      vertex 111.39748846207462 145.79895660773533 6
    endloop
  endfacet
  facet normal -0.4422886902190095 0.8968727415326843 0
    outer loop
      vertex 111.55000000000001 145.87416697508024 1
      vertex 111.39748846207462 145.79895660773533 6
      vertex 111.55000000000001 145.87416697508024 6
    endloop
  endfacet
  facet normal -0.5555702330195561 0.8314696123025761 0
    outer loop
      vertex 111.69138985771134 145.9686406576214 1
      vertex 111.55000000000001 145.87416697508024 6
      vertex 111.69138985771134 145.9686406576214 6
    endloop
  endfacet
  facet normal -0.6593458151000646 0.7518398074789812 0
    outer loop
      vertex 111.81923881554252 146.0807611844575 1
      vertex 111.69138985771134 145.9686406576214 6
      vertex 111.81923881554252 146.0807611844575 6
    endloop
  endfacet
  facet normal -0.7518398074790175 0.6593458151000232 0
    outer loop
      vertex 111.93135934237861 146.20861014228868 1
      vertex 111.81923881554252 146.0807611844575 6
      vertex 111.93135934237861 146.20861014228868 6
    endloop
  endfacet
  facet normal -0.8314696123025116 0.5555702330196525 0
    outer loop
      vertex 112.02583302491978 146.35 1
      vertex 111.93135934237861 146.20861014228868 6
      vertex 112.02583302491978 146.35 6
    endloop
  endfacet
  facet normal -0.8968727415326843 0.4422886902190095 0
    outer loop
      vertex 112.10104339226469 146.5025115379254 1
      vertex 112.02583302491978 146.35 6
      vertex 112.10104339226469 146.5025115379254 6
    endloop
  endfacet
  facet normal 0 0 1
    outer loop
      vertex 109.69895660773533 146.5025115379254 1
      vertex 109.69895660773533 147.4974884620746 1
      vertex 109.64429642582422 146.66353524136673 1
    endloop
  endfacet
  facet normal 0 0 1
    outer loop
      vertex 109.64429642582422 146.66353524136673 1
      vertex 109.64429642582422 147.33646475863327 1
      vertex 109.61112168021405 146.83031595011394 1
    endloop
  endfacet
  facet normal 0 0 1
    outer loop
      vertex 109.61112168021405 146.83031595011394 1
      vertex 109.61112168021405 147.16968404988606 1
      vertex 109.60000000000001 147 1
    endloop
  endfacet
  facet normal 0 0 1
    outer loop
      vertex 109.61112168021405 146.83031595011394 1
      vertex 109.64429642582422 147.33646475863327 1
      vertex 109.61112168021405 147.16968404988606 1
    endloop
  endfacet
  facet normal 0 0 1
    outer loop
      vertex 109.64429642582422 146.66353524136673 1
      vertex 109.69895660773533 147.4974884620746 1
      vertex 109.64429642582422 147.33646475863327 1
    endloop
  endfacet
  facet normal 0 0 1
    outer loop
      vertex 109.69895660773533 146.5025115379254 1
      vertex 109.77416697508023 146.35 1
      vertex 109.77416697508023 147.65 1
    endloop
  endfacet
  facet normal 0 0 1
    outer loop
      vertex 109.8686406576214 146.20861014228868 1
      vertex 109.8686406576214 147.79138985771132 1
      vertex 109.77416697508023 146.35 1
    endloop
  endfacet
  facet normal 0 0 1
    outer loop
      vertex 109.8686406576214 146.20861014228868 1
      vertex 109.98076118445749 146.0807611844575 1
      vertex 109.98076118445749 147.9192388155425 1
    endloop
  endfacet
  facet normal 0 0 1
    outer loop
      vertex 109.69895660773533 146.5025115379254 1
      vertex 109.77416697508023 147.65 1
      vertex 109.69895660773533 147.4974884620746 1
    endloop
  endfacet
  facet normal 0 0 1
    outer loop
      vertex 109.77416697508023 146.35 1
      vertex 109.8686406576214 147.79138985771132 1
      vertex 109.77416697508023 147.65 1
    endloop
  endfacet
  facet normal 0 0 1
    outer loop
      vertex 109.8686406576214 146.20861014228868 1
      vertex 109.98076118445749 147.9192388155425 1
      vertex 109.8686406576214 147.79138985771132 1
    endloop
  endfacet
  facet normal 0 0 1
    outer loop
      vertex 109.98076118445749 146.0807611844575 1
      vertex 110.10861014228867 148.0313593423786 1
      vertex 109.98076118445749 147.9192388155425 1
    endloop
  endfacet
  facet normal 0 0 1
    outer loop
      vertex 109.98076118445749 146.0807611844575 1
      vertex 110.10861014228867 145.9686406576214 1
      vertex 110.10861014228867 148.0313593423786 1
    endloop
  endfacet
  facet normal 0 0 1
    outer loop
      vertex 110.10861014228867 145.9686406576214 1
      vertex 110.25 145.87416697508024 1
      vertex 110.25 148.12583302491976 1
    endloop
  endfacet
  facet normal 0 0 1
    outer loop
      vertex 110.40251153792539 145.79895660773533 1
      vertex 110.40251153792539 148.20104339226467 1
      vertex 110.25 145.87416697508024 1
    endloop
  endfacet
  facet normal 0 0 1
    outer loop
      vertex 110.40251153792539 145.79895660773533 1
      vertex 110.56353524136672 145.74429642582422 1
      vertex 110.56353524136672 148.25570357417578 1
    endloop
  endfacet
  facet normal 0 0 1
    outer loop
      vertex 110.10861014228867 145.9686406576214 1
      vertex 110.25 148.12583302491976 1
      vertex 110.10861014228867 148.0313593423786 1
    endloop
  endfacet
  facet normal 0 0 1
    outer loop
      vertex 110.25 145.87416697508024 1
      vertex 110.40251153792539 148.20104339226467 1
      vertex 110.25 148.12583302491976 1
    endloop
  endfacet
  facet normal 0 0 1
    outer loop
      vertex 110.40251153792539 145.79895660773533 1
      vertex 110.56353524136672 148.25570357417578 1
      vertex 110.40251153792539 148.20104339226467 1
    endloop
  endfacet
  facet normal 0 0 1
    outer loop
      vertex 110.56353524136672 145.74429642582422 1
      vertex 110.73031595011393 148.28887831978597 1
      vertex 110.56353524136672 148.25570357417578 1
    endloop
  endfacet
  facet normal 0 0 1
    outer loop
      vertex 110.73031595011393 145.71112168021403 1
      vertex 110.9 148.3 1
      vertex 110.73031595011393 148.28887831978597 1
    endloop
  endfacet
  facet normal 0 0 1
    outer loop
      vertex 110.9 145.7 1
      vertex 111.06968404988608 148.28887831978597 1
      vertex 110.9 148.3 1
    endloop
  endfacet
  facet normal 0 0 1
    outer loop
      vertex 111.06968404988608 145.71112168021403 1
      vertex 111.23646475863329 148.25570357417578 1
      vertex 111.06968404988608 148.28887831978597 1
    endloop
  endfacet
  facet normal 0 0 1
    outer loop
      vertex 111.23646475863329 145.74429642582422 1
      vertex 111.39748846207462 148.20104339226467 1
      vertex 111.23646475863329 148.25570357417578 1
    endloop
  endfacet
  facet normal 0 0 1
    outer loop
      vertex 111.39748846207462 145.79895660773533 1
      vertex 111.55000000000001 145.87416697508024 1
      vertex 111.55000000000001 148.12583302491976 1
    endloop
  endfacet
  facet normal 0 0 1
    outer loop
      vertex 111.55000000000001 145.87416697508024 1
      vertex 111.69138985771134 145.9686406576214 1
      vertex 111.69138985771134 148.0313593423786 1
    endloop
  endfacet
  facet normal 0 0 1
    outer loop
      vertex 111.69138985771134 145.9686406576214 1
      vertex 111.81923881554252 146.0807611844575 1
      vertex 111.81923881554252 147.9192388155425 1
    endloop
  endfacet
  facet normal 0 0 1
    outer loop
      vertex 111.81923881554252 146.0807611844575 1
      vertex 111.93135934237861 146.20861014228868 1
      vertex 111.93135934237861 147.79138985771132 1
    endloop
  endfacet
  facet normal 0 0 1
    outer loop
      vertex 111.93135934237861 146.20861014228868 1
      vertex 112.02583302491978 146.35 1
      vertex 112.02583302491978 147.65 1
    endloop
  endfacet
  facet normal 0 0 1
    outer loop
      vertex 112.02583302491978 146.35 1
      vertex 112.10104339226469 146.5025115379254 1
      vertex 112.10104339226469 147.4974884620746 1
    endloop
  endfacet
  facet normal 0 0 1
    outer loop
      vertex 111.93135934237861 146.20861014228868 1
      vertex 112.02583302491978 147.65 1
      vertex 111.93135934237861 147.79138985771132 1
    endloop
  endfacet
  facet normal 0 0 1
    outer loop
      vertex 112.02583302491978 146.35 1
      vertex 112.10104339226469 147.4974884620746 1
      vertex 112.02583302491978 147.65 1
    endloop
  endfacet
  facet normal 0 0 1
    outer loop
      vertex 111.39748846207462 145.79895660773533 1
      vertex 111.55000000000001 148.12583302491976 1
      vertex 111.39748846207462 148.20104339226467 1
    endloop
  endfacet
  facet normal 0 0 1
    outer loop
      vertex 111.55000000000001 145.87416697508024 1
      vertex 111.69138985771134 148.0313593423786 1
      vertex 111.55000000000001 148.12583302491976 1
    endloop
  endfacet
  facet normal 0 0 1
    outer loop
      vertex 111.69138985771134 145.9686406576214 1
      vertex 111.81923881554252 147.9192388155425 1
      vertex 111.69138985771134 148.0313593423786 1
    endloop
  endfacet
  facet normal 0 0 1
    outer loop
      vertex 111.81923881554252 146.0807611844575 1
      vertex 111.93135934237861 147.79138985771132 1
      vertex 111.81923881554252 147.9192388155425 1
    endloop
  endfacet
  facet normal 0 0 1
    outer loop
      vertex 112.10104339226469 146.5025115379254 1
      vertex 112.15570357417579 146.66353524136673 1
      vertex 112.15570357417579 147.33646475863327 1
    endloop
  endfacet
  facet normal 0 0 1
    outer loop
      vertex 112.15570357417579 146.66353524136673 1
      vertex 112.18887831978596 146.83031595011394 1
      vertex 112.18887831978596 147.16968404988606 1
    endloop
  endfacet
  facet normal 0 0 1
    outer loop
      vertex 112.18887831978596 146.83031595011394 1
      vertex 112.2 147 1
      vertex 112.18887831978596 147.16968404988606 1
    endloop
  endfacet
  facet normal 0 0 1
    outer loop
      vertex 112.15570357417579 146.66353524136673 1
      vertex 112.18887831978596 147.16968404988606 1
      vertex 112.15570357417579 147.33646475863327 1
    endloop
  endfacet
  facet normal 0 0 1
    outer loop
      vertex 112.10104339226469 146.5025115379254 1
      vertex 112.15570357417579 147.33646475863327 1
      vertex 112.10104339226469 147.4974884620746 1
    endloop
  endfacet
  facet normal 0.9469301294951313 0.3214394653030858 0
    outer loop
      vertex 109.69895660773533 146.5025115379254 1
      vertex 109.64429642582422 146.66353524136673 1
      vertex 109.64429642582422 146.66353524136673 6
    endloop
  endfacet
  facet normal 0.980785280403227 0.19509032201614554 0
    outer loop
      vertex 109.64429642582422 146.66353524136673 1
      vertex 109.61112168021405 146.83031595011394 1
      vertex 109.61112168021405 146.83031595011394 6
    endloop
  endfacet
  facet normal 0.9978589232386035 0.06540312923014457 0
    outer loop
      vertex 109.61112168021405 146.83031595011394 1
      vertex 109.60000000000001 147 1
      vertex 109.60000000000001 147 6
    endloop
  endfacet
  facet normal 0.9978589232386035 -0.06540312923014457 0
    outer loop
      vertex 109.60000000000001 147 1
      vertex 109.61112168021405 147.16968404988606 1
      vertex 109.61112168021405 147.16968404988606 6
    endloop
  endfacet
  facet normal 0.980785280403227 -0.19509032201614554 0
    outer loop
      vertex 109.61112168021405 147.16968404988606 1
      vertex 109.64429642582422 147.33646475863327 1
      vertex 109.64429642582422 147.33646475863327 6
    endloop
  endfacet
  facet normal 0.9469301294951313 -0.3214394653030858 0
    outer loop
      vertex 109.64429642582422 147.33646475863327 1
      vertex 109.69895660773533 147.4974884620746 1
      vertex 109.69895660773533 147.4974884620746 6
    endloop
  endfacet
  facet normal 0.8968727415326843 -0.4422886902190095 0
    outer loop
      vertex 109.69895660773533 147.4974884620746 1
      vertex 109.77416697508023 147.65 1
      vertex 109.77416697508023 147.65 6
    endloop
  endfacet
  facet normal 0.8314696123025116 -0.5555702330196525 0
    outer loop
      vertex 109.77416697508023 147.65 1
      vertex 109.8686406576214 147.79138985771132 1
      vertex 109.8686406576214 147.79138985771132 6
    endloop
  endfacet
  facet normal 0.7518398074790175 -0.6593458151000232 0
    outer loop
      vertex 109.8686406576214 147.79138985771132 1
      vertex 109.98076118445749 147.9192388155425 1
      vertex 109.98076118445749 147.9192388155425 6
    endloop
  endfacet
  facet normal 0.6593458151000646 -0.7518398074789812 0
    outer loop
      vertex 109.98076118445749 147.9192388155425 1
      vertex 110.10861014228867 148.0313593423786 1
      vertex 110.10861014228867 148.0313593423786 6
    endloop
  endfacet
  facet normal 0.5555702330195561 -0.8314696123025761 0
    outer loop
      vertex 110.10861014228867 148.0313593423786 1
      vertex 110.25 148.12583302491976 1
      vertex 110.25 148.12583302491976 6
    endloop
  endfacet
  facet normal 0.4422886902190095 -0.8968727415326843 0
    outer loop
      vertex 110.25 148.12583302491976 1
      vertex 110.40251153792539 148.20104339226467 1
      vertex 110.40251153792539 148.20104339226467 6
    endloop
  endfacet
  facet normal 0.32143946530318623 -0.9469301294950974 0
    outer loop
      vertex 110.40251153792539 148.20104339226467 1
      vertex 110.56353524136672 148.25570357417578 1
      vertex 110.56353524136672 148.25570357417578 6
    endloop
  endfacet
  facet normal 0.19509032201622595 -0.980785280403211 0
    outer loop
      vertex 110.56353524136672 148.25570357417578 1
      vertex 110.73031595011393 148.28887831978597 1
      vertex 110.73031595011393 148.28887831978597 6
    endloop
  endfacet
  facet normal -0.8968727415326843 -0.4422886902190095 0
    outer loop
      vertex 112.10104339226469 147.4974884620746 1
      vertex 112.10104339226469 147.4974884620746 6
      vertex 112.02583302491978 147.65 1
    endloop
  endfacet
  facet normal -0.7518398074790175 -0.6593458151000232 0
    outer loop
      vertex 111.93135934237861 147.79138985771132 1
      vertex 111.93135934237861 147.79138985771132 6
      vertex 111.81923881554252 147.9192388155425 1
    endloop
  endfacet
  facet normal -0.8314696123025116 -0.5555702330196525 0
    outer loop
      vertex 112.02583302491978 147.65 1
      vertex 112.02583302491978 147.65 6
      vertex 111.93135934237861 147.79138985771132 1
    endloop
  endfacet
  facet normal 0.06540312923013912 -0.9978589232386038 0
    outer loop
      vertex 110.73031595011393 148.28887831978597 1
      vertex 110.9 148.3 1
      vertex 110.9 148.3 6
    endloop
  endfacet
  facet normal -0.06540312923013912 -0.9978589232386038 0
    outer loop
      vertex 110.9 148.3 1
      vertex 111.06968404988608 148.28887831978597 1
      vertex 111.06968404988608 148.28887831978597 6
    endloop
  endfacet
  facet normal -0.32143946530318623 -0.9469301294950974 0
    outer loop
      vertex 111.39748846207462 148.20104339226467 1
      vertex 111.39748846207462 148.20104339226467 6
      vertex 111.23646475863329 148.25570357417578 1
    endloop
  endfacet
  facet normal -0.19509032201622595 -0.980785280403211 0
    outer loop
      vertex 111.06968404988608 148.28887831978597 1
      vertex 111.23646475863329 148.25570357417578 1
      vertex 111.23646475863329 148.25570357417578 6
    endloop
  endfacet
  facet normal -0.4422886902190095 -0.8968727415326843 0
    outer loop
      vertex 111.55000000000001 148.12583302491976 1
      vertex 111.55000000000001 148.12583302491976 6
      vertex 111.39748846207462 148.20104339226467 1
    endloop
  endfacet
  facet normal -0.5555702330195561 -0.8314696123025761 0
    outer loop
      vertex 111.55000000000001 148.12583302491976 1
      vertex 111.69138985771134 148.0313593423786 1
      vertex 111.69138985771134 148.0313593423786 6
    endloop
  endfacet
  facet normal -0.6593458151000646 -0.7518398074789812 0
    outer loop
      vertex 111.69138985771134 148.0313593423786 1
      vertex 111.81923881554252 147.9192388155425 1
      vertex 111.81923881554252 147.9192388155425 6
    endloop
  endfacet
  facet normal -0.980785280403227 0.19509032201614554 0
    outer loop
      vertex 112.15570357417579 146.66353524136673 1
      vertex 112.15570357417579 146.66353524136673 6
      vertex 112.18887831978596 146.83031595011394 1
    endloop
  endfacet
  facet normal -0.9978589232386035 0.06540312923014457 0
    outer loop
      vertex 112.18887831978596 146.83031595011394 1
      vertex 112.18887831978596 146.83031595011394 6
      vertex 112.2 147 1
    endloop
  endfacet
  facet normal -0.9978589232386035 -0.06540312923014457 0
    outer loop
      vertex 112.2 147 1
      vertex 112.2 147 6
      vertex 112.18887831978596 147.16968404988606 1
    endloop
  endfacet
  facet normal -0.980785280403227 -0.19509032201614554 0
    outer loop
      vertex 112.18887831978596 147.16968404988606 1
      vertex 112.18887831978596 147.16968404988606 6
      vertex 112.15570357417579 147.33646475863327 1
    endloop
  endfacet
  facet normal -0.9469301294951313 -0.3214394653030858 0
    outer loop
      vertex 112.15570357417579 147.33646475863327 1
      vertex 112.15570357417579 147.33646475863327 6
      vertex 112.10104339226469 147.4974884620746 1
    endloop
  endfacet
  facet normal 0.980785280403227 0.19509032201614554 0
    outer loop
      vertex 109.64429642582422 146.66353524136673 1
      vertex 109.61112168021405 146.83031595011394 6
      vertex 109.64429642582422 146.66353524136673 6
    endloop
  endfacet
  facet normal 0.9978589232386035 0.06540312923014457 0
    outer loop
      vertex 109.61112168021405 146.83031595011394 1
      vertex 109.60000000000001 147 6
      vertex 109.61112168021405 146.83031595011394 6
    endloop
  endfacet
  facet normal 0.9978589232386035 -0.06540312923014457 0
    outer loop
      vertex 109.60000000000001 147 1
      vertex 109.61112168021405 147.16968404988606 6
      vertex 109.60000000000001 147 6
    endloop
  endfacet
  facet normal 0.980785280403227 -0.19509032201614554 0
    outer loop
      vertex 109.61112168021405 147.16968404988606 1
      vertex 109.64429642582422 147.33646475863327 6
      vertex 109.61112168021405 147.16968404988606 6
    endloop
  endfacet
  facet normal 0.9469301294951313 -0.3214394653030858 0
    outer loop
      vertex 109.64429642582422 147.33646475863327 1
      vertex 109.69895660773533 147.4974884620746 6
      vertex 109.64429642582422 147.33646475863327 6
    endloop
  endfacet
  facet normal 0.8968727415326843 -0.4422886902190095 0
    outer loop
      vertex 109.69895660773533 147.4974884620746 1
      vertex 109.77416697508023 147.65 6
      vertex 109.69895660773533 147.4974884620746 6
    endloop
  endfacet
  facet normal 0.8314696123025116 -0.5555702330196525 0
    outer loop
      vertex 109.77416697508023 147.65 1
      vertex 109.8686406576214 147.79138985771132 6
      vertex 109.77416697508023 147.65 6
    endloop
  endfacet
  facet normal 0.7518398074790175 -0.6593458151000232 0
    outer loop
      vertex 109.8686406576214 147.79138985771132 1
      vertex 109.98076118445749 147.9192388155425 6
      vertex 109.8686406576214 147.79138985771132 6
    endloop
  endfacet
  facet normal 0.6593458151000646 -0.7518398074789812 0
    outer loop
      vertex 109.98076118445749 147.9192388155425 1
      vertex 110.10861014228867 148.0313593423786 6
      vertex 109.98076118445749 147.9192388155425 6
    endloop
  endfacet
  facet normal 0.5555702330195561 -0.8314696123025761 0
    outer loop
      vertex 110.10861014228867 148.0313593423786 1
      vertex 110.25 148.12583302491976 6
      vertex 110.10861014228867 148.0313593423786 6
    endloop
  endfacet
  facet normal 0.4422886902190095 -0.8968727415326843 0
    outer loop
      vertex 110.25 148.12583302491976 1
      vertex 110.40251153792539 148.20104339226467 6
      vertex 110.25 148.12583302491976 6
    endloop
  endfacet
  facet normal 0.32143946530318623 -0.9469301294950974 0
    outer loop
      vertex 110.40251153792539 148.20104339226467 1
      vertex 110.56353524136672 148.25570357417578 6
      vertex 110.40251153792539 148.20104339226467 6
    endloop
  endfacet
  facet normal 0.19509032201622595 -0.980785280403211 0
    outer loop
      vertex 110.56353524136672 148.25570357417578 1
      vertex 110.73031595011393 148.28887831978597 6
      vertex 110.56353524136672 148.25570357417578 6
    endloop
  endfacet
  facet normal -0.7518398074790175 -0.6593458151000232 0
    outer loop
      vertex 111.81923881554252 147.9192388155425 1
      vertex 111.93135934237861 147.79138985771132 6
      vertex 111.81923881554252 147.9192388155425 6
    endloop
  endfacet
  facet normal -0.8968727415326843 -0.4422886902190095 0
    outer loop
      vertex 112.02583302491978 147.65 1
      vertex 112.10104339226469 147.4974884620746 6
      vertex 112.02583302491978 147.65 6
    endloop
  endfacet
  facet normal -0.8314696123025116 -0.5555702330196525 0
    outer loop
      vertex 111.93135934237861 147.79138985771132 1
      vertex 112.02583302491978 147.65 6
      vertex 111.93135934237861 147.79138985771132 6
    endloop
  endfacet
  facet normal 0.06540312923013912 -0.9978589232386038 0
    outer loop
      vertex 110.73031595011393 148.28887831978597 1
      vertex 110.9 148.3 6
      vertex 110.73031595011393 148.28887831978597 6
    endloop
  endfacet
  facet normal -0.06540312923013912 -0.9978589232386038 0
    outer loop
      vertex 110.9 148.3 1
      vertex 111.06968404988608 148.28887831978597 6
      vertex 110.9 148.3 6
    endloop
  endfacet
  facet normal -0.19509032201622595 -0.980785280403211 0
    outer loop
      vertex 111.06968404988608 148.28887831978597 1
      vertex 111.23646475863329 148.25570357417578 6
      vertex 111.06968404988608 148.28887831978597 6
    endloop
  endfacet
  facet normal -0.32143946530318623 -0.9469301294950974 0
    outer loop
      vertex 111.23646475863329 148.25570357417578 1
      vertex 111.39748846207462 148.20104339226467 6
      vertex 111.23646475863329 148.25570357417578 6
    endloop
  endfacet
  facet normal -0.4422886902190095 -0.8968727415326843 0
    outer loop
      vertex 111.39748846207462 148.20104339226467 1
      vertex 111.55000000000001 148.12583302491976 6
      vertex 111.39748846207462 148.20104339226467 6
    endloop
  endfacet
  facet normal -0.6593458151000646 -0.7518398074789812 0
    outer loop
      vertex 111.69138985771134 148.0313593423786 1
      vertex 111.81923881554252 147.9192388155425 6
      vertex 111.69138985771134 148.0313593423786 6
    endloop
  endfacet
  facet normal -0.5555702330195561 -0.8314696123025761 0
    outer loop
      vertex 111.55000000000001 148.12583302491976 1
      vertex 111.69138985771134 148.0313593423786 6
      vertex 111.55000000000001 148.12583302491976 6
    endloop
  endfacet
  facet normal -0.9469301294951313 0.3214394653030858 0
    outer loop
      vertex 112.10104339226469 146.5025115379254 6
      vertex 112.15570357417579 146.66353524136673 6
      vertex 112.15570357417579 146.66353524136673 1
    endloop
  endfacet
  facet normal -0.980785280403227 0.19509032201614554 0
    outer loop
      vertex 112.18887831978596 146.83031595011394 1
      vertex 112.15570357417579 146.66353524136673 6
      vertex 112.18887831978596 146.83031595011394 6
    endloop
  endfacet
  facet normal -0.9978589232386035 0.06540312923014457 0
    outer loop
      vertex 112.2 147 1
      vertex 112.18887831978596 146.83031595011394 6
      vertex 112.2 147 6
    endloop
  endfacet
  facet normal -0.9978589232386035 -0.06540312923014457 0
    outer loop
      vertex 112.18887831978596 147.16968404988606 1
      vertex 112.2 147 6
      vertex 112.18887831978596 147.16968404988606 6
    endloop
  endfacet
  facet normal -0.980785280403227 -0.19509032201614554 0
    outer loop
      vertex 112.15570357417579 147.33646475863327 1
      vertex 112.18887831978596 147.16968404988606 6
      vertex 112.15570357417579 147.33646475863327 6
    endloop
  endfacet
  facet normal -0.9469301294951313 -0.3214394653030858 0
    outer loop
      vertex 112.10104339226469 147.4974884620746 1
      vertex 112.15570357417579 147.33646475863327 6
      vertex 112.10104339226469 147.4974884620746 6
    endloop
  endfacet
  facet normal 0 0 1
    outer loop
      vertex 109.69895660773533 86.00251153792539 1
      vertex 109.77416697508023 85.85 1
      vertex 109.77416697508023 87.15 1
    endloop
  endfacet
  facet normal 0 0 1
    outer loop
      vertex 109.8686406576214 85.70861014228866 1
      vertex 109.8686406576214 87.29138985771134 1
      vertex 109.77416697508023 85.85 1
    endloop
  endfacet
  facet normal 0 0 1
    outer loop
      vertex 109.8686406576214 85.70861014228866 1
      vertex 109.98076118445749 85.58076118445749 1
      vertex 109.98076118445749 87.41923881554251 1
    endloop
  endfacet
  facet normal 0 0 1
    outer loop
      vertex 109.98076118445749 85.58076118445749 1
      vertex 110.10861014228867 85.46864065762139 1
      vertex 110.10861014228867 87.53135934237861 1
    endloop
  endfacet
  facet normal 0 0 1
    outer loop
      vertex 110.10861014228867 85.46864065762139 1
      vertex 110.25 85.37416697508023 1
      vertex 110.25 87.62583302491977 1
    endloop
  endfacet
  facet normal 0 0 1
    outer loop
      vertex 110.40251153792539 85.29895660773532 1
      vertex 110.40251153792539 87.70104339226468 1
      vertex 110.25 85.37416697508023 1
    endloop
  endfacet
  facet normal 0 0 1
    outer loop
      vertex 110.40251153792539 85.29895660773532 1
      vertex 110.56353524136672 85.24429642582422 1
      vertex 110.56353524136672 87.75570357417578 1
    endloop
  endfacet
  facet normal 0 0 1
    outer loop
      vertex 110.56353524136672 85.24429642582422 1
      vertex 110.73031595011393 85.21112168021405 1
      vertex 110.73031595011393 87.78887831978595 1
    endloop
  endfacet
  facet normal 0 0 1
    outer loop
      vertex 110.73031595011393 85.21112168021405 1
      vertex 110.9 85.2 1
      vertex 110.9 87.8 1
    endloop
  endfacet
  facet normal 0 0 1
    outer loop
      vertex 110.9 85.2 1
      vertex 111.06968404988608 85.21112168021405 1
      vertex 111.06968404988608 87.78887831978595 1
    endloop
  endfacet
  facet normal 0 0 1
    outer loop
      vertex 111.06968404988608 85.21112168021405 1
      vertex 111.23646475863329 85.24429642582422 1
      vertex 111.23646475863329 87.75570357417578 1
    endloop
  endfacet
  facet normal 0 0 1
    outer loop
      vertex 111.23646475863329 85.24429642582422 1
      vertex 111.39748846207462 85.29895660773532 1
      vertex 111.39748846207462 87.70104339226468 1
    endloop
  endfacet
  facet normal 0 0 1
    outer loop
      vertex 111.39748846207462 85.29895660773532 1
      vertex 111.55000000000001 85.37416697508023 1
      vertex 111.55000000000001 87.62583302491977 1
    endloop
  endfacet
  facet normal 0 0 1
    outer loop
      vertex 111.55000000000001 85.37416697508023 1
      vertex 111.69138985771134 85.46864065762139 1
      vertex 111.69138985771134 87.53135934237861 1
    endloop
  endfacet
  facet normal 0 0 1
    outer loop
      vertex 111.69138985771134 85.46864065762139 1
      vertex 111.81923881554252 85.58076118445749 1
      vertex 111.81923881554252 87.41923881554251 1
    endloop
  endfacet
  facet normal 0 0 1
    outer loop
      vertex 111.81923881554252 85.58076118445749 1
      vertex 111.93135934237861 85.70861014228866 1
      vertex 111.93135934237861 87.29138985771134 1
    endloop
  endfacet
  facet normal 0 0 1
    outer loop
      vertex 111.93135934237861 85.70861014228866 1
      vertex 112.02583302491978 85.85 1
      vertex 112.02583302491978 87.15 1
    endloop
  endfacet
  facet normal 0 0 1
    outer loop
      vertex 112.02583302491978 85.85 1
      vertex 112.10104339226469 86.00251153792539 1
      vertex 112.10104339226469 86.99748846207461 1
    endloop
  endfacet
  facet normal 0 0 1
    outer loop
      vertex 109.69895660773533 86.00251153792539 1
      vertex 109.69895660773533 86.99748846207461 1
      vertex 109.64429642582422 86.16353524136672 1
    endloop
  endfacet
  facet normal 0 0 1
    outer loop
      vertex 109.64429642582422 86.16353524136672 1
      vertex 109.64429642582422 86.83646475863328 1
      vertex 109.61112168021405 86.33031595011393 1
    endloop
  endfacet
  facet normal 0 0 1
    outer loop
      vertex 109.61112168021405 86.33031595011393 1
      vertex 109.61112168021405 86.66968404988607 1
      vertex 109.60000000000001 86.5 1
    endloop
  endfacet
  facet normal 0 0 1
    outer loop
      vertex 109.61112168021405 86.33031595011393 1
      vertex 109.64429642582422 86.83646475863328 1
      vertex 109.61112168021405 86.66968404988607 1
    endloop
  endfacet
  facet normal 0 0 1
    outer loop
      vertex 109.64429642582422 86.16353524136672 1
      vertex 109.69895660773533 86.99748846207461 1
      vertex 109.64429642582422 86.83646475863328 1
    endloop
  endfacet
  facet normal 0 0 1
    outer loop
      vertex 109.69895660773533 86.00251153792539 1
      vertex 109.77416697508023 87.15 1
      vertex 109.69895660773533 86.99748846207461 1
    endloop
  endfacet
  facet normal 0 0 1
    outer loop
      vertex 109.77416697508023 85.85 1
      vertex 109.8686406576214 87.29138985771134 1
      vertex 109.77416697508023 87.15 1
    endloop
  endfacet
  facet normal 0 0 1
    outer loop
      vertex 109.8686406576214 85.70861014228866 1
      vertex 109.98076118445749 87.41923881554251 1
      vertex 109.8686406576214 87.29138985771134 1
    endloop
  endfacet
  facet normal 0 0 1
    outer loop
      vertex 109.98076118445749 85.58076118445749 1
      vertex 110.10861014228867 87.53135934237861 1
      vertex 109.98076118445749 87.41923881554251 1
    endloop
  endfacet
  facet normal 0 0 1
    outer loop
      vertex 110.10861014228867 85.46864065762139 1
      vertex 110.25 87.62583302491977 1
      vertex 110.10861014228867 87.53135934237861 1
    endloop
  endfacet
  facet normal 0 0 1
    outer loop
      vertex 110.25 85.37416697508023 1
      vertex 110.40251153792539 87.70104339226468 1
      vertex 110.25 87.62583302491977 1
    endloop
  endfacet
  facet normal 0 0 1
    outer loop
      vertex 110.40251153792539 85.29895660773532 1
      vertex 110.56353524136672 87.75570357417578 1
      vertex 110.40251153792539 87.70104339226468 1
    endloop
  endfacet
  facet normal 0 0 1
    outer loop
      vertex 110.56353524136672 85.24429642582422 1
      vertex 110.73031595011393 87.78887831978595 1
      vertex 110.56353524136672 87.75570357417578 1
    endloop
  endfacet
  facet normal 0 0 1
    outer loop
      vertex 110.73031595011393 85.21112168021405 1
      vertex 110.9 87.8 1
      vertex 110.73031595011393 87.78887831978595 1
    endloop
  endfacet
  facet normal 0 0 1
    outer loop
      vertex 110.9 85.2 1
      vertex 111.06968404988608 87.78887831978595 1
      vertex 110.9 87.8 1
    endloop
  endfacet
  facet normal 0 0 1
    outer loop
      vertex 111.06968404988608 85.21112168021405 1
      vertex 111.23646475863329 87.75570357417578 1
      vertex 111.06968404988608 87.78887831978595 1
    endloop
  endfacet
  facet normal 0 0 1
    outer loop
      vertex 111.23646475863329 85.24429642582422 1
      vertex 111.39748846207462 87.70104339226468 1
      vertex 111.23646475863329 87.75570357417578 1
    endloop
  endfacet
  facet normal 0 0 1
    outer loop
      vertex 111.39748846207462 85.29895660773532 1
      vertex 111.55000000000001 87.62583302491977 1
      vertex 111.39748846207462 87.70104339226468 1
    endloop
  endfacet
  facet normal 0 0 1
    outer loop
      vertex 111.55000000000001 85.37416697508023 1
      vertex 111.69138985771134 87.53135934237861 1
      vertex 111.55000000000001 87.62583302491977 1
    endloop
  endfacet
  facet normal 0 0 1
    outer loop
      vertex 111.69138985771134 85.46864065762139 1
      vertex 111.81923881554252 87.41923881554251 1
      vertex 111.69138985771134 87.53135934237861 1
    endloop
  endfacet
  facet normal 0 0 1
    outer loop
      vertex 112.02583302491978 85.85 1
      vertex 112.10104339226469 86.99748846207461 1
      vertex 112.02583302491978 87.15 1
    endloop
  endfacet
  facet normal 0 0 1
    outer loop
      vertex 111.81923881554252 85.58076118445749 1
      vertex 111.93135934237861 87.29138985771134 1
      vertex 111.81923881554252 87.41923881554251 1
    endloop
  endfacet
  facet normal 0 0 1
    outer loop
      vertex 111.93135934237861 85.70861014228866 1
      vertex 112.02583302491978 87.15 1
      vertex 111.93135934237861 87.29138985771134 1
    endloop
  endfacet
  facet normal 0 0 1
    outer loop
      vertex 112.10104339226469 86.00251153792539 1
      vertex 112.15570357417579 86.16353524136672 1
      vertex 112.15570357417579 86.83646475863328 1
    endloop
  endfacet
  facet normal 0 0 1
    outer loop
      vertex 112.15570357417579 86.16353524136672 1
      vertex 112.18887831978596 86.33031595011393 1
      vertex 112.18887831978596 86.66968404988607 1
    endloop
  endfacet
  facet normal 0 0 1
    outer loop
      vertex 112.18887831978596 86.33031595011393 1
      vertex 112.2 86.5 1
      vertex 112.18887831978596 86.66968404988607 1
    endloop
  endfacet
  facet normal 0 0 1
    outer loop
      vertex 112.15570357417579 86.16353524136672 1
      vertex 112.18887831978596 86.66968404988607 1
      vertex 112.15570357417579 86.83646475863328 1
    endloop
  endfacet
  facet normal 0 0 1
    outer loop
      vertex 112.10104339226469 86.00251153792539 1
      vertex 112.15570357417579 86.83646475863328 1
      vertex 112.10104339226469 86.99748846207461 1
    endloop
  endfacet
  facet normal 0.6593458151000646 0.7518398074789812 0
    outer loop
      vertex 109.98076118445749 85.58076118445749 1
      vertex 109.98076118445749 85.58076118445749 6
      vertex 110.10861014228867 85.46864065762139 1
    endloop
  endfacet
  facet normal 0.7518398074789812 0.6593458151000646 0
    outer loop
      vertex 109.8686406576214 85.70861014228866 1
      vertex 109.8686406576214 85.70861014228866 6
      vertex 109.98076118445749 85.58076118445749 1
    endloop
  endfacet
  facet normal 0.9469301294951228 0.3214394653031113 0
    outer loop
      vertex 109.69895660773533 86.00251153792539 1
      vertex 109.64429642582422 86.16353524136672 1
      vertex 109.64429642582422 86.16353524136672 6
    endloop
  endfacet
  facet normal 0.980785280403227 0.19509032201614554 0
    outer loop
      vertex 109.64429642582422 86.16353524136672 1
      vertex 109.61112168021405 86.33031595011393 1
      vertex 109.61112168021405 86.33031595011393 6
    endloop
  endfacet
  facet normal 0.8314696123025374 0.5555702330196138 0
    outer loop
      vertex 109.8686406576214 85.70861014228866 1
      vertex 109.77416697508023 85.85 1
      vertex 109.77416697508023 85.85 6
    endloop
  endfacet
  facet normal 0.8968727415326843 0.4422886902190095 0
    outer loop
      vertex 109.69895660773533 86.00251153792539 1
      vertex 109.69895660773533 86.00251153792539 6
      vertex 109.77416697508023 85.85 1
    endloop
  endfacet
  facet normal 0.4422886902190095 0.8968727415326843 0
    outer loop
      vertex 110.40251153792539 85.29895660773532 1
      vertex 110.25 85.37416697508023 1
      vertex 110.25 85.37416697508023 6
    endloop
  endfacet
  facet normal 0.5555702330196138 0.8314696123025374 0
    outer loop
      vertex 110.10861014228867 85.46864065762139 1
      vertex 110.10861014228867 85.46864065762139 6
      vertex 110.25 85.37416697508023 1
    endloop
  endfacet
  facet normal 0.3214394653031113 0.9469301294951228 0
    outer loop
      vertex 110.40251153792539 85.29895660773532 1
      vertex 110.40251153792539 85.29895660773532 6
      vertex 110.56353524136672 85.24429642582422 1
    endloop
  endfacet
  facet normal 0.19509032201614554 0.980785280403227 0
    outer loop
      vertex 110.56353524136672 85.24429642582422 1
      vertex 110.56353524136672 85.24429642582422 6
      vertex 110.73031595011393 85.21112168021405 1
    endloop
  endfacet
  facet normal 0.06540312923013912 0.9978589232386038 0
    outer loop
      vertex 110.73031595011393 85.21112168021405 1
      vertex 110.73031595011393 85.21112168021405 6
      vertex 110.9 85.2 1
    endloop
  endfacet
  facet normal -0.06540312923013912 0.9978589232386038 0
    outer loop
      vertex 110.9 85.2 1
      vertex 110.9 85.2 6
      vertex 111.06968404988608 85.21112168021405 1
    endloop
  endfacet
  facet normal -0.19509032201614554 0.980785280403227 0
    outer loop
      vertex 111.06968404988608 85.21112168021405 1
      vertex 111.06968404988608 85.21112168021405 6
      vertex 111.23646475863329 85.24429642582422 1
    endloop
  endfacet
  facet normal -0.3214394653031113 0.9469301294951228 0
    outer loop
      vertex 111.23646475863329 85.24429642582422 1
      vertex 111.23646475863329 85.24429642582422 6
      vertex 111.39748846207462 85.29895660773532 1
    endloop
  endfacet
  facet normal -0.4422886902190095 0.8968727415326843 0
    outer loop
      vertex 111.39748846207462 85.29895660773532 1
      vertex 111.39748846207462 85.29895660773532 6
      vertex 111.55000000000001 85.37416697508023 1
    endloop
  endfacet
  facet normal -0.5555702330196138 0.8314696123025374 0
    outer loop
      vertex 111.55000000000001 85.37416697508023 1
      vertex 111.55000000000001 85.37416697508023 6
      vertex 111.69138985771134 85.46864065762139 1
    endloop
  endfacet
  facet normal -0.6593458151000646 0.7518398074789812 0
    outer loop
      vertex 111.69138985771134 85.46864065762139 1
      vertex 111.69138985771134 85.46864065762139 6
      vertex 111.81923881554252 85.58076118445749 1
    endloop
  endfacet
  facet normal -0.7518398074789812 0.6593458151000646 0
    outer loop
      vertex 111.81923881554252 85.58076118445749 1
      vertex 111.81923881554252 85.58076118445749 6
      vertex 111.93135934237861 85.70861014228866 1
    endloop
  endfacet
  facet normal -0.8314696123025374 0.5555702330196138 0
    outer loop
      vertex 111.93135934237861 85.70861014228866 1
      vertex 111.93135934237861 85.70861014228866 6
      vertex 112.02583302491978 85.85 1
    endloop
  endfacet
  facet normal -0.8968727415326843 0.4422886902190095 0
    outer loop
      vertex 112.02583302491978 85.85 1
      vertex 112.02583302491978 85.85 6
      vertex 112.10104339226469 86.00251153792539 1
    endloop
  endfacet
  facet normal 0.9978589232386038 0.06540312923013912 0
    outer loop
      vertex 109.61112168021405 86.33031595011393 1
      vertex 109.60000000000001 86.5 1
      vertex 109.60000000000001 86.5 6
    endloop
  endfacet
  facet normal 0.9978589232386038 -0.06540312923013912 0
    outer loop
      vertex 109.60000000000001 86.5 1
      vertex 109.61112168021405 86.66968404988607 1
      vertex 109.61112168021405 86.66968404988607 6
    endloop
  endfacet
  facet normal 0.980785280403227 -0.19509032201614554 0
    outer loop
      vertex 109.61112168021405 86.66968404988607 1
      vertex 109.64429642582422 86.83646475863328 1
      vertex 109.64429642582422 86.83646475863328 6
    endloop
  endfacet
  facet normal 0.9469301294951228 -0.3214394653031113 0
    outer loop
      vertex 109.64429642582422 86.83646475863328 1
      vertex 109.69895660773533 86.99748846207461 1
      vertex 109.69895660773533 86.99748846207461 6
    endloop
  endfacet
  facet normal 0.8968727415326843 -0.4422886902190095 0
    outer loop
      vertex 109.69895660773533 86.99748846207461 1
      vertex 109.77416697508023 87.15 1
      vertex 109.77416697508023 87.15 6
    endloop
  endfacet
  facet normal 0.8314696123025374 -0.5555702330196138 0
    outer loop
      vertex 109.77416697508023 87.15 1
      vertex 109.8686406576214 87.29138985771134 1
      vertex 109.8686406576214 87.29138985771134 6
    endloop
  endfacet
  facet normal 0.7518398074789812 -0.6593458151000646 0
    outer loop
      vertex 109.8686406576214 87.29138985771134 1
      vertex 109.98076118445749 87.41923881554251 1
      vertex 109.98076118445749 87.41923881554251 6
    endloop
  endfacet
  facet normal 0.6593458151000646 -0.7518398074789812 0
    outer loop
      vertex 109.98076118445749 87.41923881554251 1
      vertex 110.10861014228867 87.53135934237861 1
      vertex 110.10861014228867 87.53135934237861 6
    endloop
  endfacet
  facet normal 0.5555702330196138 -0.8314696123025374 0
    outer loop
      vertex 110.10861014228867 87.53135934237861 1
      vertex 110.25 87.62583302491977 1
      vertex 110.25 87.62583302491977 6
    endloop
  endfacet
  facet normal 0.4422886902190095 -0.8968727415326843 0
    outer loop
      vertex 110.25 87.62583302491977 1
      vertex 110.40251153792539 87.70104339226468 1
      vertex 110.40251153792539 87.70104339226468 6
    endloop
  endfacet
  facet normal 0.3214394653031113 -0.9469301294951228 0
    outer loop
      vertex 110.40251153792539 87.70104339226468 1
      vertex 110.56353524136672 87.75570357417578 1
      vertex 110.56353524136672 87.75570357417578 6
    endloop
  endfacet
  facet normal 0.19509032201614554 -0.980785280403227 0
    outer loop
      vertex 110.56353524136672 87.75570357417578 1
      vertex 110.73031595011393 87.78887831978595 1
      vertex 110.73031595011393 87.78887831978595 6
    endloop
  endfacet
  facet normal -0.4422886902190095 -0.8968727415326843 0
    outer loop
      vertex 111.55000000000001 87.62583302491977 1
      vertex 111.55000000000001 87.62583302491977 6
      vertex 111.39748846207462 87.70104339226468 1
    endloop
  endfacet
  facet normal -0.5555702330196138 -0.8314696123025374 0
    outer loop
      vertex 111.55000000000001 87.62583302491977 1
      vertex 111.69138985771134 87.53135934237861 1
      vertex 111.69138985771134 87.53135934237861 6
    endloop
  endfacet
  facet normal -0.7518398074789812 -0.6593458151000646 0
    outer loop
      vertex 111.81923881554252 87.41923881554251 1
      vertex 111.93135934237861 87.29138985771134 1
      vertex 111.93135934237861 87.29138985771134 6
    endloop
  endfacet
  facet normal -0.8314696123025374 -0.5555702330196138 0
    outer loop
      vertex 112.02583302491978 87.15 1
      vertex 112.02583302491978 87.15 6
      vertex 111.93135934237861 87.29138985771134 1
    endloop
  endfacet
  facet normal -0.8968727415326843 -0.4422886902190095 0
    outer loop
      vertex 112.10104339226469 86.99748846207461 1
      vertex 112.10104339226469 86.99748846207461 6
      vertex 112.02583302491978 87.15 1
    endloop
  endfacet
  facet normal -0.6593458151000646 -0.7518398074789812 0
    outer loop
      vertex 111.69138985771134 87.53135934237861 1
      vertex 111.81923881554252 87.41923881554251 1
      vertex 111.81923881554252 87.41923881554251 6
    endloop
  endfacet
  facet normal 0.06540312923013912 -0.9978589232386038 0
    outer loop
      vertex 110.73031595011393 87.78887831978595 1
      vertex 110.9 87.8 1
      vertex 110.9 87.8 6
    endloop
  endfacet
  facet normal -0.06540312923013912 -0.9978589232386038 0
    outer loop
      vertex 110.9 87.8 1
      vertex 111.06968404988608 87.78887831978595 1
      vertex 111.06968404988608 87.78887831978595 6
    endloop
  endfacet
  facet normal -0.19509032201614554 -0.980785280403227 0
    outer loop
      vertex 111.06968404988608 87.78887831978595 1
      vertex 111.23646475863329 87.75570357417578 1
      vertex 111.23646475863329 87.75570357417578 6
    endloop
  endfacet
  facet normal -0.3214394653031113 -0.9469301294951228 0
    outer loop
      vertex 111.23646475863329 87.75570357417578 1
      vertex 111.39748846207462 87.70104339226468 1
      vertex 111.39748846207462 87.70104339226468 6
    endloop
  endfacet
  facet normal -0.9469301294951228 0.3214394653031113 0
    outer loop
      vertex 112.10104339226469 86.00251153792539 1
      vertex 112.10104339226469 86.00251153792539 6
      vertex 112.15570357417579 86.16353524136672 1
    endloop
  endfacet
  facet normal -0.980785280403227 0.19509032201614554 0
    outer loop
      vertex 112.15570357417579 86.16353524136672 1
      vertex 112.15570357417579 86.16353524136672 6
      vertex 112.18887831978596 86.33031595011393 1
    endloop
  endfacet
  facet normal -0.9978589232386038 0.06540312923013912 0
    outer loop
      vertex 112.18887831978596 86.33031595011393 1
      vertex 112.18887831978596 86.33031595011393 6
      vertex 112.2 86.5 1
    endloop
  endfacet
  facet normal -0.9978589232386038 -0.06540312923013912 0
    outer loop
      vertex 112.2 86.5 1
      vertex 112.2 86.5 6
      vertex 112.18887831978596 86.66968404988607 1
    endloop
  endfacet
  facet normal -0.980785280403227 -0.19509032201614554 0
    outer loop
      vertex 112.18887831978596 86.66968404988607 1
      vertex 112.18887831978596 86.66968404988607 6
      vertex 112.15570357417579 86.83646475863328 1
    endloop
  endfacet
  facet normal -0.9469301294951228 -0.3214394653031113 0
    outer loop
      vertex 112.15570357417579 86.83646475863328 1
      vertex 112.15570357417579 86.83646475863328 6
      vertex 112.10104339226469 86.99748846207461 1
    endloop
  endfacet
  facet normal 0.7518398074789812 0.6593458151000646 0
    outer loop
      vertex 109.98076118445749 85.58076118445749 1
      vertex 109.8686406576214 85.70861014228866 6
      vertex 109.98076118445749 85.58076118445749 6
    endloop
  endfacet
  facet normal 0.9469301294951228 0.3214394653031113 0
    outer loop
      vertex 109.69895660773533 86.00251153792539 1
      vertex 109.64429642582422 86.16353524136672 6
      vertex 109.69895660773533 86.00251153792539 6
    endloop
  endfacet
  facet normal 0.980785280403227 0.19509032201614554 0
    outer loop
      vertex 109.64429642582422 86.16353524136672 1
      vertex 109.61112168021405 86.33031595011393 6
      vertex 109.64429642582422 86.16353524136672 6
    endloop
  endfacet
  facet normal 0.8314696123025374 0.5555702330196138 0
    outer loop
      vertex 109.8686406576214 85.70861014228866 1
      vertex 109.77416697508023 85.85 6
      vertex 109.8686406576214 85.70861014228866 6
    endloop
  endfacet
  facet normal 0.8968727415326843 0.4422886902190095 0
    outer loop
      vertex 109.77416697508023 85.85 1
      vertex 109.69895660773533 86.00251153792539 6
      vertex 109.77416697508023 85.85 6
    endloop
  endfacet
  facet normal 0.4422886902190095 0.8968727415326843 0
    outer loop
      vertex 110.40251153792539 85.29895660773532 1
      vertex 110.25 85.37416697508023 6
      vertex 110.40251153792539 85.29895660773532 6
    endloop
  endfacet
  facet normal 0.6593458151000646 0.7518398074789812 0
    outer loop
      vertex 110.10861014228867 85.46864065762139 1
      vertex 109.98076118445749 85.58076118445749 6
      vertex 110.10861014228867 85.46864065762139 6
    endloop
  endfacet
  facet normal 0.5555702330196138 0.8314696123025374 0
    outer loop
      vertex 110.25 85.37416697508023 1
      vertex 110.10861014228867 85.46864065762139 6
      vertex 110.25 85.37416697508023 6
    endloop
  endfacet
  facet normal 0.3214394653031113 0.9469301294951228 0
    outer loop
      vertex 110.56353524136672 85.24429642582422 1
      vertex 110.40251153792539 85.29895660773532 6
      vertex 110.56353524136672 85.24429642582422 6
    endloop
  endfacet
  facet normal 0.19509032201614554 0.980785280403227 0
    outer loop
      vertex 110.73031595011393 85.21112168021405 1
      vertex 110.56353524136672 85.24429642582422 6
      vertex 110.73031595011393 85.21112168021405 6
    endloop
  endfacet
  facet normal 0.06540312923013912 0.9978589232386038 0
    outer loop
      vertex 110.9 85.2 1
      vertex 110.73031595011393 85.21112168021405 6
      vertex 110.9 85.2 6
    endloop
  endfacet
  facet normal -0.06540312923013912 0.9978589232386038 0
    outer loop
      vertex 111.06968404988608 85.21112168021405 1
      vertex 110.9 85.2 6
      vertex 111.06968404988608 85.21112168021405 6
    endloop
  endfacet
  facet normal -0.19509032201614554 0.980785280403227 0
    outer loop
      vertex 111.23646475863329 85.24429642582422 1
      vertex 111.06968404988608 85.21112168021405 6
      vertex 111.23646475863329 85.24429642582422 6
    endloop
  endfacet
  facet normal -0.3214394653031113 0.9469301294951228 0
    outer loop
      vertex 111.39748846207462 85.29895660773532 1
      vertex 111.23646475863329 85.24429642582422 6
      vertex 111.39748846207462 85.29895660773532 6
    endloop
  endfacet
  facet normal -0.4422886902190095 0.8968727415326843 0
    outer loop
      vertex 111.55000000000001 85.37416697508023 1
      vertex 111.39748846207462 85.29895660773532 6
      vertex 111.55000000000001 85.37416697508023 6
    endloop
  endfacet
  facet normal -0.5555702330196138 0.8314696123025374 0
    outer loop
      vertex 111.69138985771134 85.46864065762139 1
      vertex 111.55000000000001 85.37416697508023 6
      vertex 111.69138985771134 85.46864065762139 6
    endloop
  endfacet
  facet normal -0.6593458151000646 0.7518398074789812 0
    outer loop
      vertex 111.81923881554252 85.58076118445749 1
      vertex 111.69138985771134 85.46864065762139 6
      vertex 111.81923881554252 85.58076118445749 6
    endloop
  endfacet
  facet normal -0.7518398074789812 0.6593458151000646 0
    outer loop
      vertex 111.93135934237861 85.70861014228866 1
      vertex 111.81923881554252 85.58076118445749 6
      vertex 111.93135934237861 85.70861014228866 6
    endloop
  endfacet
  facet normal -0.8314696123025374 0.5555702330196138 0
    outer loop
      vertex 112.02583302491978 85.85 1
      vertex 111.93135934237861 85.70861014228866 6
      vertex 112.02583302491978 85.85 6
    endloop
  endfacet
  facet normal -0.8968727415326843 0.4422886902190095 0
    outer loop
      vertex 112.10104339226469 86.00251153792539 1
      vertex 112.02583302491978 85.85 6
      vertex 112.10104339226469 86.00251153792539 6
    endloop
  endfacet
  facet normal 0.9978589232386038 0.06540312923013912 0
    outer loop
      vertex 109.61112168021405 86.33031595011393 1
      vertex 109.60000000000001 86.5 6
      vertex 109.61112168021405 86.33031595011393 6
    endloop
  endfacet
  facet normal 0.9978589232386038 -0.06540312923013912 0
    outer loop
      vertex 109.60000000000001 86.5 1
      vertex 109.61112168021405 86.66968404988607 6
      vertex 109.60000000000001 86.5 6
    endloop
  endfacet
  facet normal 0.980785280403227 -0.19509032201614554 0
    outer loop
      vertex 109.61112168021405 86.66968404988607 1
      vertex 109.64429642582422 86.83646475863328 6
      vertex 109.61112168021405 86.66968404988607 6
    endloop
  endfacet
  facet normal 0.9469301294951228 -0.3214394653031113 0
    outer loop
      vertex 109.64429642582422 86.83646475863328 1
      vertex 109.69895660773533 86.99748846207461 6
      vertex 109.64429642582422 86.83646475863328 6
    endloop
  endfacet
  facet normal 0.8968727415326843 -0.4422886902190095 0
    outer loop
      vertex 109.69895660773533 86.99748846207461 1
      vertex 109.77416697508023 87.15 6
      vertex 109.69895660773533 86.99748846207461 6
    endloop
  endfacet
  facet normal 0.8314696123025374 -0.5555702330196138 0
    outer loop
      vertex 109.77416697508023 87.15 1
      vertex 109.8686406576214 87.29138985771134 6
      vertex 109.77416697508023 87.15 6
    endloop
  endfacet
  facet normal 0.7518398074789812 -0.6593458151000646 0
    outer loop
      vertex 109.8686406576214 87.29138985771134 1
      vertex 109.98076118445749 87.41923881554251 6
      vertex 109.8686406576214 87.29138985771134 6
    endloop
  endfacet
  facet normal 0.6593458151000646 -0.7518398074789812 0
    outer loop
      vertex 109.98076118445749 87.41923881554251 1
      vertex 110.10861014228867 87.53135934237861 6
      vertex 109.98076118445749 87.41923881554251 6
    endloop
  endfacet
  facet normal 0.5555702330196138 -0.8314696123025374 0
    outer loop
      vertex 110.10861014228867 87.53135934237861 1
      vertex 110.25 87.62583302491977 6
      vertex 110.10861014228867 87.53135934237861 6
    endloop
  endfacet
  facet normal 0.4422886902190095 -0.8968727415326843 0
    outer loop
      vertex 110.25 87.62583302491977 1
      vertex 110.40251153792539 87.70104339226468 6
      vertex 110.25 87.62583302491977 6
    endloop
  endfacet
  facet normal 0.3214394653031113 -0.9469301294951228 0
    outer loop
      vertex 110.40251153792539 87.70104339226468 1
      vertex 110.56353524136672 87.75570357417578 6
      vertex 110.40251153792539 87.70104339226468 6
    endloop
  endfacet
  facet normal 0.19509032201614554 -0.980785280403227 0
    outer loop
      vertex 110.56353524136672 87.75570357417578 1
      vertex 110.73031595011393 87.78887831978595 6
      vertex 110.56353524136672 87.75570357417578 6
    endloop
  endfacet
  facet normal -0.4422886902190095 -0.8968727415326843 0
    outer loop
      vertex 111.39748846207462 87.70104339226468 1
      vertex 111.55000000000001 87.62583302491977 6
      vertex 111.39748846207462 87.70104339226468 6
    endloop
  endfacet
  facet normal -0.6593458151000646 -0.7518398074789812 0
    outer loop
      vertex 111.69138985771134 87.53135934237861 1
      vertex 111.81923881554252 87.41923881554251 6
      vertex 111.69138985771134 87.53135934237861 6
    endloop
  endfacet
  facet normal -0.5555702330196138 -0.8314696123025374 0
    outer loop
      vertex 111.55000000000001 87.62583302491977 1
      vertex 111.69138985771134 87.53135934237861 6
      vertex 111.55000000000001 87.62583302491977 6
    endloop
  endfacet
  facet normal -0.8968727415326843 -0.4422886902190095 0
    outer loop
      vertex 112.02583302491978 87.15 1
      vertex 112.10104339226469 86.99748846207461 6
      vertex 112.02583302491978 87.15 6
    endloop
  endfacet
  facet normal -0.8314696123025374 -0.5555702330196138 0
    outer loop
      vertex 111.93135934237861 87.29138985771134 1
      vertex 112.02583302491978 87.15 6
      vertex 111.93135934237861 87.29138985771134 6
    endloop
  endfacet
  facet normal -0.7518398074789812 -0.6593458151000646 0
    outer loop
      vertex 111.81923881554252 87.41923881554251 1
      vertex 111.93135934237861 87.29138985771134 6
      vertex 111.81923881554252 87.41923881554251 6
    endloop
  endfacet
  facet normal 0.06540312923013912 -0.9978589232386038 0
    outer loop
      vertex 110.73031595011393 87.78887831978595 1
      vertex 110.9 87.8 6
      vertex 110.73031595011393 87.78887831978595 6
    endloop
  endfacet
  facet normal -0.06540312923013912 -0.9978589232386038 0
    outer loop
      vertex 110.9 87.8 1
      vertex 111.06968404988608 87.78887831978595 6
      vertex 110.9 87.8 6
    endloop
  endfacet
  facet normal -0.19509032201614554 -0.980785280403227 0
    outer loop
      vertex 111.06968404988608 87.78887831978595 1
      vertex 111.23646475863329 87.75570357417578 6
      vertex 111.06968404988608 87.78887831978595 6
    endloop
  endfacet
  facet normal -0.3214394653031113 -0.9469301294951228 0
    outer loop
      vertex 111.23646475863329 87.75570357417578 1
      vertex 111.39748846207462 87.70104339226468 6
      vertex 111.23646475863329 87.75570357417578 6
    endloop
  endfacet
  facet normal -0.9469301294951228 0.3214394653031113 0
    outer loop
      vertex 112.15570357417579 86.16353524136672 1
      vertex 112.10104339226469 86.00251153792539 6
      vertex 112.15570357417579 86.16353524136672 6
    endloop
  endfacet
  facet normal -0.980785280403227 0.19509032201614554 0
    outer loop
      vertex 112.18887831978596 86.33031595011393 1
      vertex 112.15570357417579 86.16353524136672 6
      vertex 112.18887831978596 86.33031595011393 6
    endloop
  endfacet
  facet normal -0.9978589232386038 0.06540312923013912 0
    outer loop
      vertex 112.2 86.5 1
      vertex 112.18887831978596 86.33031595011393 6
      vertex 112.2 86.5 6
    endloop
  endfacet
  facet normal -0.9978589232386038 -0.06540312923013912 0
    outer loop
      vertex 112.18887831978596 86.66968404988607 1
      vertex 112.2 86.5 6
      vertex 112.18887831978596 86.66968404988607 6
    endloop
  endfacet
  facet normal -0.980785280403227 -0.19509032201614554 0
    outer loop
      vertex 112.15570357417579 86.83646475863328 1
      vertex 112.18887831978596 86.66968404988607 6
      vertex 112.15570357417579 86.83646475863328 6
    endloop
  endfacet
  facet normal -0.9469301294951228 -0.3214394653031113 0
    outer loop
      vertex 112.10104339226469 86.99748846207461 1
      vertex 112.15570357417579 86.83646475863328 6
      vertex 112.10104339226469 86.99748846207461 6
    endloop
  endfacet
  facet normal 0.7518398074789645 0.6529291069519962 0.0917632016925201
    outer loop
      vertex 13.397918471982864 108.51312041598045 15.221041801867152
      vertex 13.251299321504895 108.67868046133088 15.244309748834068
      vertex 13.251299321504895 108.26116115845069 18.21511395505878
    endloop
  endfacet
  facet normal 0.5555702330195516 0.8233778071921772 0.11571820429821279
    outer loop
      vertex 13.56510557068517 108.3679281529961 15.200636360035002
      vertex 13.56510557068517 107.9504088501159 18.17144056625971
      vertex 13.749999999999995 108.24558795225242 15.183442566104826
    endloop
  endfacet
  facet normal 0.6593458151000808 0.7445229541552306 0.10463587743206595
    outer loop
      vertex 13.397918471982864 108.51312041598045 15.221041801867152
      vertex 13.397918471982864 108.09560111310026 18.19184600809186
      vertex 13.56510557068517 108.3679281529961 15.200636360035002
    endloop
  endfacet
  facet normal 0.8968727415326766 0.4379843670894326 0.06155468853734713
    outer loop
      vertex 13.029404794730807 109.05927275723703 15.297798507782016
      vertex 13.029404794730807 108.64175345435683 18.26860271400673
      vertex 13.12775681356645 108.86177551076958 15.270042079912056
    endloop
  endfacet
  facet normal 0.83146961230258 0.5501634617025742 0.0773204321304365
    outer loop
      vertex 13.12775681356645 108.86177551076958 15.270042079912056
      vertex 13.12775681356645 108.44425620788938 18.24084628613677
      vertex 13.251299321504895 108.67868046133088 15.244309748834068
    endloop
  endfacet
  facet normal 0.19509032201607987 0.9712403454750762 0.13649892884970552
    outer loop
      vertex 14.16000762332571 108.0774100148702 15.159806698406603
      vertex 14.16000762332571 107.65989071199 18.130610904631315
      vertex 14.378105473225906 108.03444984936803 15.153769040887974
    endloop
  endfacet
  facet normal 0.4422886902190397 0.8881444376645141 0.12482056060565631
    outer loop
      vertex 13.749999999999995 108.24558795225242 15.183442566104826
      vertex 13.749999999999995 107.82806864937223 18.154246772329536
      vertex 13.949438164979341 108.1481930885032 15.169754610657787
    endloop
  endfacet
  facet normal 0.3214394653031597 0.9377146705683241 0.1317872025143497
    outer loop
      vertex 13.949438164979341 108.1481930885032 15.169754610657787
      vertex 13.949438164979341 107.73067378562301 18.140558816882496
      vertex 14.16000762332571 108.0774100148702 15.159806698406603
    endloop
  endfacet
  facet normal 0.06540312923017202 0.988147828792033 0.1388751206677874
    outer loop
      vertex 14.378105473225906 108.03444984936803 15.153769040887974
      vertex 14.378105473225906 107.61693054648784 18.124573247112686
      vertex 14.599999999999994 108.02004765233923 15.151744944095999
    endloop
  endfacet
  facet normal -0.06540312923017202 0.988147828792033 0.13887512066778732
    outer loop
      vertex 14.599999999999994 108.02004765233923 15.151744944095999
      vertex 14.599999999999994 107.60252834945904 18.12254915032071
      vertex 14.821894526774082 108.03444984936803 15.153769040887974
    endloop
  endfacet
  facet normal -0.19509032201607987 0.9712403454750762 0.13649892884970552
    outer loop
      vertex 14.821894526774082 108.03444984936803 15.153769040887974
      vertex 14.821894526774082 107.61693054648784 18.124573247112686
      vertex 15.03999237667428 108.0774100148702 15.159806698406603
    endloop
  endfacet
  facet normal -0.3214394653031597 0.9377146705683241 0.1317872025143496
    outer loop
      vertex 15.03999237667428 108.0774100148702 15.159806698406603
      vertex 15.03999237667428 107.65989071199 18.130610904631315
      vertex 15.250561835020648 108.1481930885032 15.169754610657787
    endloop
  endfacet
  facet normal -0.4422886902190397 0.8881444376645141 0.12482056060565631
    outer loop
      vertex 15.250561835020648 108.1481930885032 15.169754610657787
      vertex 15.250561835020648 107.73067378562301 18.140558816882496
      vertex 15.449999999999994 108.24558795225242 15.183442566104826
    endloop
  endfacet
  facet normal -0.5555702330195516 0.8233778071921772 0.11571820429821279
    outer loop
      vertex 15.449999999999994 108.24558795225242 15.183442566104826
      vertex 15.449999999999994 107.82806864937223 18.154246772329536
      vertex 15.63489442931482 108.3679281529961 15.200636360035002
    endloop
  endfacet
  facet normal -0.6593458151000808 0.7445229541552306 0.10463587743206595
    outer loop
      vertex 15.63489442931482 108.3679281529961 15.200636360035002
      vertex 15.63489442931482 107.9504088501159 18.17144056625971
      vertex 15.802081528017125 108.51312041598045 15.221041801867152
    endloop
  endfacet
  facet normal -0.7050240059543338 0.7022817151338017 0.09869925844113112
    outer loop
      vertex 15.802081528017125 108.51312041598045 15.221041801867152
      vertex 15.802081528017125 108.09560111310026 18.19184600809186
      vertex 17.00769858994019 109.7000022428669 15.387847164510871
    endloop
  endfacet
  facet normal 0.9469301294951028 0.31831123852309323 0.04473572715718731
    outer loop
      vertex 13.029404794730807 109.05927275723703 15.297798507782016
      vertex 12.957926095308578 109.26779296808964 15.32710411226756
      vertex 12.957926095308578 108.85027366520944 18.297908318492272
    endloop
  endfacet
  facet normal 0.9807852804032312 0.1931917164130782 0.02715132508228158
    outer loop
      vertex 12.957926095308578 109.26779296808964 15.32710411226756
      vertex 12.914543735664516 109.483768304707 15.357457466350894
      vertex 12.914543735664516 109.0662490018268 18.328261672575604
    endloop
  endfacet
  facet normal 0.9978589232386038 0.06476663047238525 0.009102356307450318
    outer loop
      vertex 12.914543735664516 109.483768304707 15.357457466350894
      vertex 12.899999999999995 109.7035033691999 15.388339215728111
      vertex 12.899999999999995 109.2859840663197 18.359143421952822
    endloop
  endfacet
  facet normal 0.9978589232386041 -0.06476663047238122 -0.009102356307449752
    outer loop
      vertex 12.899999999999995 109.7035033691999 15.388339215728111
      vertex 12.914543735664516 109.9232384336928 15.419220965105326
      vertex 12.914543735664516 109.50571913081261 18.390025171330038
    endloop
  endfacet
  facet normal 0.9807852804032289 -0.1931917164130902 -0.02715132508228327
    outer loop
      vertex 12.914543735664516 109.9232384336928 15.419220965105326
      vertex 12.957926095308578 110.13921377031015 15.44957431918866
      vertex 12.957926095308578 109.72169446742996 18.42037852541337
    endloop
  endfacet
  facet normal 0.8314696123025804 0.5501634617025736 0.07732043213043646
    outer loop
      vertex 13.251299321504895 108.67868046133088 15.244309748834068
      vertex 13.12775681356645 108.44425620788938 18.24084628613677
      vertex 13.251299321504895 108.26116115845069 18.21511395505878
    endloop
  endfacet
  facet normal 0.7518398074789651 0.6529291069519957 0.09176320169252007
    outer loop
      vertex 13.397918471982864 108.51312041598045 15.221041801867152
      vertex 13.251299321504895 108.26116115845069 18.21511395505878
      vertex 13.397918471982864 108.09560111310026 18.19184600809186
    endloop
  endfacet
  facet normal 0.6593458151000807 0.7445229541552306 0.10463587743206595
    outer loop
      vertex 13.56510557068517 108.3679281529961 15.200636360035002
      vertex 13.397918471982864 108.09560111310026 18.19184600809186
      vertex 13.56510557068517 107.9504088501159 18.17144056625971
    endloop
  endfacet
  facet normal 0.9807852804032312 0.19319171641307842 0.027151325082281595
    outer loop
      vertex 12.957926095308578 109.26779296808964 15.32710411226756
      vertex 12.914543735664516 109.0662490018268 18.328261672575604
      vertex 12.957926095308578 108.85027366520944 18.297908318492272
    endloop
  endfacet
  facet normal 0.9978589232386038 0.06476663047238518 0.009102356307450312
    outer loop
      vertex 12.914543735664516 109.483768304707 15.357457466350894
      vertex 12.899999999999995 109.2859840663197 18.359143421952822
      vertex 12.914543735664516 109.0662490018268 18.328261672575604
    endloop
  endfacet
  facet normal 0.9978589232386041 -0.06476663047238122 -0.00910235630744975
    outer loop
      vertex 12.899999999999995 109.7035033691999 15.388339215728111
      vertex 12.914543735664516 109.50571913081261 18.390025171330038
      vertex 12.899999999999995 109.2859840663197 18.359143421952822
    endloop
  endfacet
  facet normal 0.9807852804032289 -0.1931917164130904 -0.02715132508228328
    outer loop
      vertex 12.914543735664516 109.9232384336928 15.419220965105326
      vertex 12.957926095308578 109.72169446742996 18.42037852541337
      vertex 12.914543735664516 109.50571913081261 18.390025171330038
    endloop
  endfacet
  facet normal 0.9469301294951096 -0.3183112385230738 -0.04473572715718461
    outer loop
      vertex 12.957926095308578 110.13921377031015 15.44957431918866
      vertex 13.029404794730807 109.93021467828258 18.449684129898916
      vertex 12.957926095308578 109.72169446742996 18.42037852541337
    endloop
  endfacet
  facet normal 0.8968727415326766 0.43798436708943256 0.061554688537347114
    outer loop
      vertex 13.12775681356645 108.86177551076958 15.270042079912056
      vertex 13.029404794730807 108.64175345435683 18.26860271400673
      vertex 13.12775681356645 108.44425620788938 18.24084628613677
    endloop
  endfacet
  facet normal 0.9469301294951028 0.31831123852309356 0.044735727157187336
    outer loop
      vertex 13.029404794730807 109.05927275723703 15.297798507782016
      vertex 12.957926095308578 108.85027366520944 18.297908318492272
      vertex 13.029404794730807 108.64175345435683 18.26860271400673
    endloop
  endfacet
  facet normal 0.44228869021903977 0.8881444376645141 0.12482056060565631
    outer loop
      vertex 13.949438164979341 108.1481930885032 15.169754610657787
      vertex 13.749999999999995 107.82806864937223 18.154246772329536
      vertex 13.949438164979341 107.73067378562301 18.140558816882496
    endloop
  endfacet
  facet normal 0.32143946530315876 0.9377146705683244 0.13178720251434964
    outer loop
      vertex 14.16000762332571 108.0774100148702 15.159806698406603
      vertex 13.949438164979341 107.73067378562301 18.140558816882496
      vertex 14.16000762332571 107.65989071199 18.130610904631315
    endloop
  endfacet
  facet normal 0.19509032201608 0.971240345475076 0.13649892884970552
    outer loop
      vertex 14.378105473225906 108.03444984936803 15.153769040887974
      vertex 14.16000762332571 107.65989071199 18.130610904631315
      vertex 14.378105473225906 107.61693054648784 18.124573247112686
    endloop
  endfacet
  facet normal 0.06540312923017111 0.988147828792033 0.13887512066778732
    outer loop
      vertex 14.599999999999994 108.02004765233923 15.151744944095999
      vertex 14.378105473225906 107.61693054648784 18.124573247112686
      vertex 14.599999999999994 107.60252834945904 18.12254915032071
    endloop
  endfacet
  facet normal -0.0654031292301708 0.988147828792033 0.1388751206677874
    outer loop
      vertex 14.821894526774082 108.03444984936803 15.153769040887974
      vertex 14.599999999999994 107.60252834945904 18.12254915032071
      vertex 14.821894526774082 107.61693054648784 18.124573247112686
    endloop
  endfacet
  facet normal -0.19509032201608 0.971240345475076 0.13649892884970552
    outer loop
      vertex 15.03999237667428 108.0774100148702 15.159806698406603
      vertex 14.821894526774082 107.61693054648784 18.124573247112686
      vertex 15.03999237667428 107.65989071199 18.130610904631315
    endloop
  endfacet
  facet normal 0.5555702330195516 0.8233778071921773 0.1157182042982128
    outer loop
      vertex 13.749999999999995 108.24558795225242 15.183442566104826
      vertex 13.56510557068517 107.9504088501159 18.17144056625971
      vertex 13.749999999999995 107.82806864937223 18.154246772329536
    endloop
  endfacet
  facet normal -0.3214394653031589 0.9377146705683242 0.1317872025143497
    outer loop
      vertex 15.250561835020648 108.1481930885032 15.169754610657787
      vertex 15.03999237667428 107.65989071199 18.130610904631315
      vertex 15.250561835020648 107.73067378562301 18.140558816882496
    endloop
  endfacet
  facet normal -0.4422886902190396 0.8881444376645141 0.12482056060565631
    outer loop
      vertex 15.449999999999994 108.24558795225242 15.183442566104826
      vertex 15.250561835020648 107.73067378562301 18.140558816882496
      vertex 15.449999999999994 107.82806864937223 18.154246772329536
    endloop
  endfacet
  facet normal -0.5555702330195519 0.8233778071921772 0.11571820429821279
    outer loop
      vertex 15.63489442931482 108.3679281529961 15.200636360035002
      vertex 15.449999999999994 107.82806864937223 18.154246772329536
      vertex 15.63489442931482 107.9504088501159 18.17144056625971
    endloop
  endfacet
  facet normal -0.6593458151000808 0.7445229541552306 0.10463587743206595
    outer loop
      vertex 15.802081528017125 108.51312041598045 15.221041801867152
      vertex 15.63489442931482 107.9504088501159 18.17144056625971
      vertex 15.802081528017125 108.09560111310026 18.19184600809186
    endloop
  endfacet
  facet normal 0.9469301294951094 -0.31831123852307414 -0.04473572715718463
    outer loop
      vertex 12.957926095308578 110.13921377031015 15.44957431918866
      vertex 13.029404794730807 110.34773398116278 15.478879923674205
      vertex 13.029404794730807 109.93021467828258 18.449684129898916
    endloop
  endfacet
  facet normal 0.8968727415326766 -0.43798436708943267 -0.06155468853734717
    outer loop
      vertex 13.029404794730807 110.34773398116278 15.478879923674205
      vertex 13.12775681356645 110.54523122763023 15.506636351544165
      vertex 13.12775681356645 110.12771192475003 18.477440557768876
    endloop
  endfacet
  facet normal 0.8314696123025607 -0.5501634617026031 -0.07732043213044065
    outer loop
      vertex 13.12775681356645 110.54523122763023 15.506636351544165
      vertex 13.251299321504895 110.7283262770689 15.532368682622153
      vertex 13.251299321504895 110.31080697418871 18.503172888846862
    endloop
  endfacet
  facet normal 0.7518398074789645 -0.6529291069519962 -0.0917632016925201
    outer loop
      vertex 13.251299321504895 110.7283262770689 15.532368682622153
      vertex 13.397918471982864 110.89388632241933 15.555636629589069
      vertex 13.397918471982864 110.47636701953914 18.52644083581378
    endloop
  endfacet
  facet normal 0.6593458151000807 -0.7445229541552306 -0.10463587743206589
    outer loop
      vertex 13.397918471982864 110.89388632241933 15.555636629589069
      vertex 13.56510557068517 111.03907858540369 15.576042071421218
      vertex 13.56510557068517 110.62155928252349 18.54684627764593
    endloop
  endfacet
  facet normal 0.5555702330195954 -0.8233778071921483 -0.11571820429820866
    outer loop
      vertex 13.56510557068517 111.03907858540369 15.576042071421218
      vertex 13.749999999999995 111.16141878614738 15.593235865351394
      vertex 13.749999999999995 110.74389948326719 18.564040071576105
    endloop
  endfacet
  facet normal 0.44228869021898887 -0.888144437664539 -0.12482056060565974
    outer loop
      vertex 13.749999999999995 111.16141878614738 15.593235865351394
      vertex 13.949438164979341 111.25881364989658 15.606923820798434
      vertex 13.949438164979341 110.84129434701639 18.577728027023145
    endloop
  endfacet
  facet normal 0.3214394653031597 -0.9377146705683241 -0.1317872025143497
    outer loop
      vertex 13.949438164979341 111.25881364989658 15.606923820798434
      vertex 14.16000762332571 111.32959672352959 15.616871733049617
      vertex 14.16000762332571 110.9120774206494 18.587675939274327
    endloop
  endfacet
  facet normal 0.1950903220161408 -0.9712403454750641 -0.13649892884970377
    outer loop
      vertex 14.16000762332571 111.32959672352959 15.616871733049617
      vertex 14.378105473225906 111.37255688903177 15.622909390568246
      vertex 14.378105473225906 110.95503758615158 18.59371359679296
    endloop
  endfacet
  facet normal 0.06540312923017202 -0.988147828792033 -0.1388751206677874
    outer loop
      vertex 14.378105473225906 111.37255688903177 15.622909390568246
      vertex 14.599999999999994 111.38695908606057 15.624933487360222
      vertex 14.599999999999994 110.96943978318038 18.595737693584933
    endloop
  endfacet
  facet normal -0.06540312923017202 -0.988147828792033 -0.13887512066778748
    outer loop
      vertex 14.599999999999994 111.38695908606057 15.624933487360222
      vertex 14.821894526774082 111.37255688903177 15.622909390568246
      vertex 14.821894526774082 110.95503758615158 18.593713596792956
    endloop
  endfacet
  facet normal -0.19509032201614074 -0.971240345475064 -0.1364989288497039
    outer loop
      vertex 14.821894526774082 111.37255688903177 15.622909390568246
      vertex 15.03999237667428 111.32959672352959 15.616871733049617
      vertex 15.03999237667428 110.9120774206494 18.587675939274327
    endloop
  endfacet
  facet normal -0.5555702330195954 -0.8233778071921484 -0.11571820429820866
    outer loop
      vertex 15.449999999999994 111.16141878614738 15.593235865351394
      vertex 15.63489442931482 111.03907858540369 15.576042071421218
      vertex 15.63489442931482 110.62155928252349 18.54684627764593
    endloop
  endfacet
  facet normal -0.6593458151000807 -0.7445229541552306 -0.10463587743206589
    outer loop
      vertex 15.63489442931482 111.03907858540369 15.576042071421218
      vertex 15.802081528017125 110.89388632241933 15.555636629589069
      vertex 15.802081528017125 110.47636701953914 18.52644083581378
    endloop
  endfacet
  facet normal -0.3214394653031597 -0.9377146705683241 -0.1317872025143496
    outer loop
      vertex 15.03999237667428 111.32959672352959 15.616871733049617
      vertex 15.250561835020648 111.25881364989658 15.606923820798434
      vertex 15.250561835020648 110.84129434701639 18.577728027023145
    endloop
  endfacet
  facet normal -0.44228869021898887 -0.888144437664539 -0.12482056060565974
    outer loop
      vertex 15.449999999999994 111.16141878614738 15.593235865351394
      vertex 15.449999999999994 110.74389948326719 18.564040071576105
      vertex 15.250561835020648 111.25881364989658 15.606923820798434
    endloop
  endfacet
  facet normal 0.8968727415326766 -0.43798436708943267 -0.06155468853734717
    outer loop
      vertex 13.029404794730807 110.34773398116278 15.478879923674205
      vertex 13.12775681356645 110.12771192475003 18.477440557768876
      vertex 13.029404794730807 109.93021467828258 18.449684129898916
    endloop
  endfacet
  facet normal 0.8314696123025602 -0.5501634617026037 -0.0773204321304407
    outer loop
      vertex 13.12775681356645 110.54523122763023 15.506636351544165
      vertex 13.251299321504895 110.31080697418871 18.503172888846862
      vertex 13.12775681356645 110.12771192475003 18.477440557768876
    endloop
  endfacet
  facet normal 0.7518398074789651 -0.6529291069519957 -0.09176320169252007
    outer loop
      vertex 13.251299321504895 110.7283262770689 15.532368682622153
      vertex 13.397918471982864 110.47636701953914 18.52644083581378
      vertex 13.251299321504895 110.31080697418871 18.503172888846862
    endloop
  endfacet
  facet normal 0.659345815100081 -0.7445229541552306 -0.10463587743206589
    outer loop
      vertex 13.397918471982864 110.89388632241933 15.555636629589069
      vertex 13.56510557068517 110.62155928252349 18.54684627764593
      vertex 13.397918471982864 110.47636701953914 18.52644083581378
    endloop
  endfacet
  facet normal 0.5555702330195955 -0.8233778071921483 -0.11571820429820866
    outer loop
      vertex 13.56510557068517 111.03907858540369 15.576042071421218
      vertex 13.749999999999995 110.74389948326719 18.564040071576105
      vertex 13.56510557068517 110.62155928252349 18.54684627764593
    endloop
  endfacet
  facet normal 0.44228869021898887 -0.888144437664539 -0.12482056060565974
    outer loop
      vertex 13.749999999999995 111.16141878614738 15.593235865351394
      vertex 13.949438164979341 110.84129434701639 18.577728027023145
      vertex 13.749999999999995 110.74389948326719 18.564040071576105
    endloop
  endfacet
  facet normal 0.32143946530315876 -0.9377146705683244 -0.13178720251434964
    outer loop
      vertex 13.949438164979341 111.25881364989658 15.606923820798434
      vertex 14.16000762332571 110.9120774206494 18.587675939274327
      vertex 13.949438164979341 110.84129434701639 18.577728027023145
    endloop
  endfacet
  facet normal 0.19509032201614288 -0.9712403454750638 -0.13649892884970385
    outer loop
      vertex 14.16000762332571 111.32959672352959 15.616871733049617
      vertex 14.378105473225906 110.95503758615158 18.59371359679296
      vertex 14.16000762332571 110.9120774206494 18.587675939274327
    endloop
  endfacet
  facet normal 0.06540312923017111 -0.988147828792033 -0.13887512066778732
    outer loop
      vertex 14.378105473225906 111.37255688903177 15.622909390568246
      vertex 14.599999999999994 110.96943978318038 18.595737693584933
      vertex 14.378105473225906 110.95503758615158 18.59371359679296
    endloop
  endfacet
  facet normal -0.06540312923017312 -0.9881478287920329 -0.13887512066778737
    outer loop
      vertex 14.599999999999994 111.38695908606057 15.624933487360222
      vertex 14.821894526774082 110.95503758615158 18.593713596792956
      vertex 14.599999999999994 110.96943978318038 18.595737693584933
    endloop
  endfacet
  facet normal -0.19509032201614096 -0.971240345475064 -0.13649892884970388
    outer loop
      vertex 14.821894526774082 111.37255688903177 15.622909390568246
      vertex 15.03999237667428 110.9120774206494 18.587675939274327
      vertex 14.821894526774082 110.95503758615158 18.593713596792956
    endloop
  endfacet
  facet normal -0.3214394653031589 -0.9377146705683242 -0.1317872025143497
    outer loop
      vertex 15.03999237667428 111.32959672352959 15.616871733049617
      vertex 15.250561835020648 110.84129434701639 18.577728027023145
      vertex 15.03999237667428 110.9120774206494 18.587675939274327
    endloop
  endfacet
  facet normal -0.44228869021898887 -0.888144437664539 -0.12482056060565974
    outer loop
      vertex 15.250561835020648 111.25881364989658 15.606923820798434
      vertex 15.449999999999994 110.74389948326719 18.564040071576105
      vertex 15.250561835020648 110.84129434701639 18.577728027023145
    endloop
  endfacet
  facet normal -0.5555702330195953 -0.8233778071921484 -0.11571820429820867
    outer loop
      vertex 15.449999999999994 111.16141878614738 15.593235865351394
      vertex 15.63489442931482 110.62155928252349 18.54684627764593
      vertex 15.449999999999994 110.74389948326719 18.564040071576105
    endloop
  endfacet
  facet normal -0.6593458151000807 -0.7445229541552306 -0.10463587743206589
    outer loop
      vertex 15.63489442931482 111.03907858540369 15.576042071421218
      vertex 15.802081528017125 110.47636701953914 18.52644083581378
      vertex 15.63489442931482 110.62155928252349 18.54684627764593
    endloop
  endfacet
  facet normal -0.7050240059543298 -0.7022817151338057 -0.09869925844113163
    outer loop
      vertex 15.802081528017125 110.89388632241933 15.555636629589069
      vertex 17.00769858994019 109.2894851926527 18.35963547317006
      vertex 15.802081528017125 110.47636701953914 18.52644083581378
    endloop
  endfacet
  facet normal -0.7518398074749301 0.6529291069565519 0.09176320169316035
    outer loop
      vertex 17.00769858994019 109.7000022428669 15.387847164510871
      vertex 17.00769858994019 109.2824829399867 18.358651370735583
      vertex 17.00812982273571 109.70048918417675 15.38791559964901
    endloop
  endfacet
  facet normal -0.9469301294959707 0.31831123852056115 0.044735727156831454
    outer loop
      vertex 17.008782453696814 109.70160857328236 15.388072919528268
      vertex 17.008782453696814 109.28408927040216 18.35887712575298
      vertex 17.0089926851657 109.70222186802016 15.388159112482638
    endloop
  endfacet
  facet normal -0.9807852804033553 0.1931917164124611 0.02715132508219484
    outer loop
      vertex 17.0089926851657 109.70222186802016 15.388159112482638
      vertex 17.0089926851657 109.28470256513997 18.35896331870735
      vertex 17.009120280341126 109.70285708959845 15.388248387053471
    endloop
  endfacet
  facet normal -0.8968727415312029 0.4379843670923918 0.061554688537763046
    outer loop
      vertex 17.008782453696814 109.70160857328236 15.388072919528268
      vertex 17.00849318305318 109.70102769902805 15.38799128297571
      vertex 17.00849318305318 109.28350839614785 18.35879548920042
    endloop
  endfacet
  facet normal -0.8314696123054708 0.5501634616982898 0.07732043212983444
    outer loop
      vertex 17.00849318305318 109.70102769902805 15.38799128297571
      vertex 17.00812982273571 109.70048918417675 15.38791559964901
      vertex 17.00812982273571 109.28296988129655 18.35871980587372
    endloop
  endfacet
  facet normal -0.9978589232384789 0.06476663047427202 0.009102356307715486
    outer loop
      vertex 17.009120280341126 109.70285708959845 15.388248387053471
      vertex 17.009120280341126 109.28533778671826 18.359052593278182
      vertex 17.009163056034257 109.7035033691999 15.388339215728111
    endloop
  endfacet
  facet normal -0.8314696122988297 -0.5501634617081325 -0.07732043213121777
    outer loop
      vertex 17.00849318305318 109.70597903937175 15.38868714848051
      vertex 17.00849318305318 109.28845973649156 18.35949135470522
      vertex 17.00812982273571 109.70651755422304 15.388762831807211
    endloop
  endfacet
  facet normal -0.896872741531203 -0.4379843670923918 -0.06155468853776309
    outer loop
      vertex 17.008782453696814 109.70539816511744 15.388605511927953
      vertex 17.008782453696814 109.28787886223725 18.359409718152662
      vertex 17.00849318305318 109.70597903937175 15.38868714848051
    endloop
  endfacet
  facet normal -0.9807852804033698 -0.19319171641238952 -0.027151325082184798
    outer loop
      vertex 17.009120280341126 109.70414964880135 15.38843004440275
      vertex 17.009120280341126 109.28663034592115 18.35923425062746
      vertex 17.0089926851657 109.70478487037964 15.388519318973584
    endloop
  endfacet
  facet normal -0.7518398074842841 -0.6529291069459894 -0.09176320169167589
    outer loop
      vertex 17.00769858994019 109.7070044955329 15.388831266945349
      vertex 17.00812982273571 109.70651755422304 15.388762831807211
      vertex 17.00812982273571 109.28899825134285 18.359567038031923
    endloop
  endfacet
  facet normal -0.9469301294959316 -0.31831123852067505 -0.04473572715684746
    outer loop
      vertex 17.008782453696814 109.70539816511744 15.388605511927953
      vertex 17.0089926851657 109.70478487037964 15.388519318973584
      vertex 17.0089926851657 109.28726556749945 18.359323525198295
    endloop
  endfacet
  facet normal -0.9978589232385694 -0.06476663047290586 -0.009102356307523485
    outer loop
      vertex 17.009120280341126 109.70414964880135 15.38843004440275
      vertex 17.009163056034257 109.7035033691999 15.388339215728111
      vertex 17.009163056034257 109.2859840663197 18.359143421952822
    endloop
  endfacet
  facet normal -0.7050240059543339 0.7022817151338016 0.09869925844113105
    outer loop
      vertex 17.00769858994019 109.7000022428669 15.387847164510871
      vertex 15.802081528017125 108.09560111310026 18.19184600809186
      vertex 17.00769858994019 109.2824829399867 18.358651370735583
    endloop
  endfacet
  facet normal -0.8968727415312019 0.4379843670923938 0.06155468853776333
    outer loop
      vertex 17.008782453696814 109.70160857328236 15.388072919528268
      vertex 17.00849318305318 109.28350839614785 18.35879548920042
      vertex 17.008782453696814 109.28408927040216 18.35887712575298
    endloop
  endfacet
  facet normal -0.7518398074747592 0.652929106956745 0.09176320169318755
    outer loop
      vertex 17.00812982273571 109.70048918417675 15.38791559964901
      vertex 17.00769858994019 109.2824829399867 18.358651370735583
      vertex 17.00812982273571 109.28296988129655 18.35871980587372
    endloop
  endfacet
  facet normal -0.9469301294959721 0.3183112385205571 0.04473572715683088
    outer loop
      vertex 17.0089926851657 109.70222186802016 15.388159112482638
      vertex 17.008782453696814 109.28408927040216 18.35887712575298
      vertex 17.0089926851657 109.28470256513997 18.35896331870735
    endloop
  endfacet
  facet normal -0.8314696123055866 0.5501634616981183 0.07732043212981031
    outer loop
      vertex 17.00849318305318 109.70102769902805 15.38799128297571
      vertex 17.00812982273571 109.28296988129655 18.35871980587372
      vertex 17.00849318305318 109.28350839614785 18.35879548920042
    endloop
  endfacet
  facet normal -0.980785280403357 0.19319171641245275 0.027151325082193666
    outer loop
      vertex 17.009120280341126 109.70285708959845 15.388248387053471
      vertex 17.0089926851657 109.28470256513997 18.35896331870735
      vertex 17.009120280341126 109.28533778671826 18.359052593278182
    endloop
  endfacet
  facet normal -0.9978589232384787 0.06476663047427353 0.009102356307715697
    outer loop
      vertex 17.009163056034257 109.7035033691999 15.388339215728111
      vertex 17.009120280341126 109.28533778671826 18.359052593278182
      vertex 17.009163056034257 109.2859840663197 18.359143421952822
    endloop
  endfacet
  facet normal -0.7518398074841066 -0.6529291069461897 -0.0917632016917041
    outer loop
      vertex 17.00769858994019 109.7070044955329 15.388831266945349
      vertex 17.00812982273571 109.28899825134285 18.359567038031923
      vertex 17.00769858994019 109.2894851926527 18.35963547317006
    endloop
  endfacet
  facet normal -0.8968727415312021 -0.43798436709239363 -0.061554688537763344
    outer loop
      vertex 17.00849318305318 109.70597903937175 15.38868714848051
      vertex 17.008782453696814 109.28787886223725 18.359409718152662
      vertex 17.00849318305318 109.28845973649156 18.35949135470522
    endloop
  endfacet
  facet normal -0.9469301294958903 -0.3183112385207957 -0.04473572715686444
    outer loop
      vertex 17.008782453696814 109.70539816511744 15.388605511927953
      vertex 17.0089926851657 109.28726556749945 18.359323525198295
      vertex 17.008782453696814 109.28787886223725 18.359409718152662
    endloop
  endfacet
  facet normal -0.9807852804033829 -0.19319171641232408 -0.027151325082175586
    outer loop
      vertex 17.0089926851657 109.70478487037964 15.388519318973584
      vertex 17.009120280341126 109.28663034592115 18.35923425062746
      vertex 17.0089926851657 109.28726556749945 18.359323525198295
    endloop
  endfacet
  facet normal -0.83146961229895 -0.5501634617079542 -0.07732043213119266
    outer loop
      vertex 17.00812982273571 109.70651755422304 15.388762831807211
      vertex 17.00849318305318 109.28845973649156 18.35949135470522
      vertex 17.00812982273571 109.28899825134285 18.359567038031923
    endloop
  endfacet
  facet normal -0.9978589232385678 -0.06476663047292776 -0.009102356307526567
    outer loop
      vertex 17.009120280341126 109.70414964880135 15.38843004440275
      vertex 17.009163056034257 109.2859840663197 18.359143421952822
      vertex 17.009120280341126 109.28663034592115 18.35923425062746
    endloop
  endfacet
  facet normal -0.7050240059543297 -0.7022817151338059 -0.0986992584411317
    outer loop
      vertex 17.00769858994019 109.7070044955329 15.388831266945349
      vertex 17.00769858994019 109.2894851926527 18.35963547317006
      vertex 15.802081528017125 110.89388632241933 15.555636629589069
    endloop
  endfacet
  facet normal 0.5555702330195957 0.823377807192148 0.11571820429820856
    outer loop
      vertex 13.56510557068517 48.93203866712706 6.847466840411876
      vertex 13.56510557068517 48.514519364246866 9.818271046636589
      vertex 13.749999999999995 48.80969846638337 6.830273046481699
    endloop
  endfacet
  facet normal 0.659345815100063 0.7445229541552462 0.10463587743206808
    outer loop
      vertex 13.397918471982864 49.077230930111405 6.867872282244026
      vertex 13.397918471982864 48.65971162723121 9.838676488468737
      vertex 13.56510557068517 48.93203866712706 6.847466840411876
    endloop
  endfacet
  facet normal 0.9469301294951061 0.31831123852308374 0.04473572715718596
    outer loop
      vertex 13.029404794730807 49.62338327136798 6.944628988158889
      vertex 12.957926095308578 49.831903482220596 6.973934592644434
      vertex 12.957926095308578 49.4143841793404 9.944738798869146
    endloop
  endfacet
  facet normal 0.751839807478992 0.6529291069519653 0.09176320169251569
    outer loop
      vertex 13.397918471982864 49.077230930111405 6.867872282244026
      vertex 13.251299321504895 49.24279097546185 6.891140229210942
      vertex 13.251299321504895 48.82527167258166 9.861944435435655
    endloop
  endfacet
  facet normal 0.8314696123025407 0.5501634617026326 0.07732043213044475
    outer loop
      vertex 13.251299321504895 49.24279097546185 6.891140229210942
      vertex 13.12775681356645 49.425886024900514 6.916872560288928
      vertex 13.12775681356645 49.00836672202032 9.88767676651364
    endloop
  endfacet
  facet normal 0.8968727415326891 0.4379843670894076 0.06155468853734363
    outer loop
      vertex 13.029404794730807 49.62338327136798 6.944628988158889
      vertex 13.029404794730807 49.20586396848778 9.915433194383601
      vertex 13.12775681356645 49.425886024900514 6.916872560288928
    endloop
  endfacet
  facet normal 0.9807852804032301 0.19319171641308416 0.027151325082282404
    outer loop
      vertex 12.957926095308578 49.831903482220596 6.973934592644434
      vertex 12.914543735664516 50.04787881883795 7.004287946727767
      vertex 12.914543735664516 49.63035951595776 9.97509215295248
    endloop
  endfacet
  facet normal 0.9978589232386039 0.06476663047238325 0.00910235630745003
    outer loop
      vertex 12.914543735664516 50.04787881883795 7.004287946727767
      vertex 12.899999999999995 50.26761388333085 7.035169696104983
      vertex 12.899999999999995 49.85009458045066 10.005973902329696
    endloop
  endfacet
  facet normal 0.9978589232386038 -0.06476663047238529 -0.009102356307450321
    outer loop
      vertex 12.899999999999995 50.26761388333085 7.035169696104983
      vertex 12.914543735664516 50.48734894782375 7.066051445482199
      vertex 12.914543735664516 50.06982964494355 10.036855651706912
    endloop
  endfacet
  facet normal 0.9807852804032301 -0.19319171641308416 -0.027151325082282404
    outer loop
      vertex 12.914543735664516 50.48734894782375 7.066051445482199
      vertex 12.957926095308578 50.7033242844411 7.096404799565533
      vertex 12.957926095308578 50.28580498156091 10.067209005790245
    endloop
  endfacet
  facet normal 0.9469301294951061 -0.31831123852308374 -0.04473572715718596
    outer loop
      vertex 12.957926095308578 50.7033242844411 7.096404799565533
      vertex 13.029404794730807 50.91184449529372 7.125710404051078
      vertex 13.029404794730807 50.49432519241353 10.09651461027579
    endloop
  endfacet
  facet normal 0.8968727415326891 -0.43798436708940736 -0.06155468853734359
    outer loop
      vertex 13.029404794730807 50.91184449529372 7.125710404051078
      vertex 13.12775681356645 51.109341741761185 7.1534668319210395
      vertex 13.12775681356645 50.69182243888099 10.124271038145752
    endloop
  endfacet
  facet normal 0.44228869021898837 0.8881444376645392 0.12482056060565973
    outer loop
      vertex 13.949438164979341 48.712303602634165 6.816585091034661
      vertex 13.749999999999995 48.80969846638337 6.830273046481699
      vertex 13.749999999999995 48.39217916350317 9.801077252706412
    endloop
  endfacet
  facet normal 0.3214394653031603 0.937714670568324 0.13178720251434953
    outer loop
      vertex 13.949438164979341 48.712303602634165 6.816585091034661
      vertex 13.949438164979341 48.29478429975397 9.787389297259374
      vertex 14.16000762332571 48.641520529001156 6.806637178783476
    endloop
  endfacet
  facet normal 0.19509032201614074 0.9712403454750641 0.13649892884970377
    outer loop
      vertex 14.16000762332571 48.641520529001156 6.806637178783476
      vertex 14.16000762332571 48.22400122612096 9.777441385008188
      vertex 14.378105473225906 48.598560363498976 6.800599521264847
    endloop
  endfacet
  facet normal 0.06540312923017202 0.988147828792033 0.13887512066778737
    outer loop
      vertex 14.378105473225906 48.598560363498976 6.800599521264847
      vertex 14.378105473225906 48.18104106061878 9.77140372748956
      vertex 14.599999999999994 48.584158166470175 6.7985754244728716
    endloop
  endfacet
  facet normal -0.06540312923017202 0.988147828792033 0.13887512066778737
    outer loop
      vertex 14.599999999999994 48.584158166470175 6.7985754244728716
      vertex 14.599999999999994 48.16663886358998 9.769379630697584
      vertex 14.821894526774082 48.598560363498976 6.800599521264847
    endloop
  endfacet
  facet normal -0.19509032201614074 0.9712403454750641 0.13649892884970377
    outer loop
      vertex 14.821894526774082 48.598560363498976 6.800599521264847
      vertex 14.821894526774082 48.18104106061878 9.77140372748956
      vertex 15.03999237667428 48.641520529001156 6.806637178783476
    endloop
  endfacet
  facet normal -0.3214394653031602 0.937714670568324 0.13178720251434956
    outer loop
      vertex 15.03999237667428 48.641520529001156 6.806637178783476
      vertex 15.03999237667428 48.22400122612096 9.777441385008188
      vertex 15.250561835020648 48.712303602634165 6.816585091034661
    endloop
  endfacet
  facet normal -0.44228869021898837 0.8881444376645392 0.1248205606056597
    outer loop
      vertex 15.250561835020648 48.712303602634165 6.816585091034661
      vertex 15.250561835020648 48.29478429975397 9.787389297259374
      vertex 15.449999999999994 48.80969846638337 6.830273046481699
    endloop
  endfacet
  facet normal -0.5555702330195958 0.8233778071921481 0.11571820429820859
    outer loop
      vertex 15.449999999999994 48.80969846638337 6.830273046481699
      vertex 15.449999999999994 48.39217916350317 9.801077252706412
      vertex 15.63489442931482 48.93203866712706 6.847466840411876
    endloop
  endfacet
  facet normal -0.659345815100063 0.7445229541552462 0.10463587743206808
    outer loop
      vertex 15.63489442931482 48.93203866712706 6.847466840411876
      vertex 15.63489442931482 48.514519364246866 9.818271046636587
      vertex 15.802081528017125 49.077230930111405 6.867872282244026
    endloop
  endfacet
  facet normal -0.7050240059543339 0.7022817151338017 0.09869925844113106
    outer loop
      vertex 15.802081528017125 49.077230930111405 6.867872282244026
      vertex 15.802081528017125 48.65971162723121 9.838676488468737
      vertex 17.00769858994019 50.264112756997854 7.034677644887745
    endloop
  endfacet
  facet normal 0.9807852804032301 0.19319171641308416 0.0271513250822824
    outer loop
      vertex 12.957926095308578 49.831903482220596 6.973934592644434
      vertex 12.914543735664516 49.63035951595776 9.97509215295248
      vertex 12.957926095308578 49.4143841793404 9.944738798869146
    endloop
  endfacet
  facet normal 0.6593458151000623 0.7445229541552467 0.10463587743206808
    outer loop
      vertex 13.56510557068517 48.93203866712706 6.847466840411876
      vertex 13.397918471982864 48.65971162723121 9.838676488468737
      vertex 13.56510557068517 48.514519364246866 9.818271046636589
    endloop
  endfacet
  facet normal 0.7518398074789925 0.6529291069519647 0.09176320169251566
    outer loop
      vertex 13.397918471982864 49.077230930111405 6.867872282244026
      vertex 13.251299321504895 48.82527167258166 9.861944435435655
      vertex 13.397918471982864 48.65971162723121 9.838676488468737
    endloop
  endfacet
  facet normal 0.8314696123025404 0.5501634617026332 0.07732043213044479
    outer loop
      vertex 13.251299321504895 49.24279097546185 6.891140229210942
      vertex 13.12775681356645 49.00836672202032 9.88767676651364
      vertex 13.251299321504895 48.82527167258166 9.861944435435655
    endloop
  endfacet
  facet normal 0.8968727415326891 0.4379843670894073 0.0615546885373436
    outer loop
      vertex 13.12775681356645 49.425886024900514 6.916872560288928
      vertex 13.029404794730807 49.20586396848778 9.915433194383601
      vertex 13.12775681356645 49.00836672202032 9.88767676651364
    endloop
  endfacet
  facet normal 0.9469301294951061 0.31831123852308374 0.04473572715718596
    outer loop
      vertex 13.029404794730807 49.62338327136798 6.944628988158889
      vertex 12.957926095308578 49.4143841793404 9.944738798869146
      vertex 13.029404794730807 49.20586396848778 9.915433194383601
    endloop
  endfacet
  facet normal 0.8314696123025502 -0.5501634617026183 -0.07732043213044269
    outer loop
      vertex 13.12775681356645 51.109341741761185 7.1534668319210395
      vertex 13.251299321504895 51.292436791199854 7.179199162999025
      vertex 13.251299321504895 50.87491748831966 10.150003369223738
    endloop
  endfacet
  facet normal 0.7518398074789785 -0.6529291069519805 -0.09176320169251787
    outer loop
      vertex 13.251299321504895 51.292436791199854 7.179199162999025
      vertex 13.397918471982864 51.45799683655029 7.202467109965942
      vertex 13.397918471982864 51.0404775336701 10.173271316190654
    endloop
  endfacet
  facet normal 0.6593458151000626 -0.7445229541552465 -0.10463587743206805
    outer loop
      vertex 13.397918471982864 51.45799683655029 7.202467109965942
      vertex 13.56510557068517 51.60318909953464 7.2228725517980905
      vertex 13.56510557068517 51.185669796654444 10.193676758022804
    endloop
  endfacet
  facet normal 0.9978589232386039 0.06476663047238318 0.009102356307450024
    outer loop
      vertex 12.914543735664516 50.04787881883795 7.004287946727767
      vertex 12.899999999999995 49.85009458045066 10.005973902329696
      vertex 12.914543735664516 49.63035951595776 9.97509215295248
    endloop
  endfacet
  facet normal 0.9978589232386038 -0.06476663047238532 -0.009102356307450321
    outer loop
      vertex 12.899999999999995 50.26761388333085 7.035169696104983
      vertex 12.914543735664516 50.06982964494355 10.036855651706912
      vertex 12.899999999999995 49.85009458045066 10.005973902329696
    endloop
  endfacet
  facet normal 0.9807852804032301 -0.19319171641308416 -0.0271513250822824
    outer loop
      vertex 12.914543735664516 50.48734894782375 7.066051445482199
      vertex 12.957926095308578 50.28580498156091 10.067209005790245
      vertex 12.914543735664516 50.06982964494355 10.036855651706912
    endloop
  endfacet
  facet normal 0.9469301294951061 -0.31831123852308374 -0.04473572715718596
    outer loop
      vertex 12.957926095308578 50.7033242844411 7.096404799565533
      vertex 13.029404794730807 50.49432519241353 10.09651461027579
      vertex 12.957926095308578 50.28580498156091 10.067209005790245
    endloop
  endfacet
  facet normal 0.8968727415326891 -0.4379843670894073 -0.06155468853734359
    outer loop
      vertex 13.029404794730807 50.91184449529372 7.125710404051078
      vertex 13.12775681356645 50.69182243888099 10.124271038145752
      vertex 13.029404794730807 50.49432519241353 10.09651461027579
    endloop
  endfacet
  facet normal 0.8314696123025503 -0.5501634617026181 -0.07732043213044269
    outer loop
      vertex 13.12775681356645 51.109341741761185 7.1534668319210395
      vertex 13.251299321504895 50.87491748831966 10.150003369223738
      vertex 13.12775681356645 50.69182243888099 10.124271038145752
    endloop
  endfacet
  facet normal 0.7518398074789783 -0.6529291069519808 -0.09176320169251788
    outer loop
      vertex 13.251299321504895 51.292436791199854 7.179199162999025
      vertex 13.397918471982864 51.0404775336701 10.173271316190654
      vertex 13.251299321504895 50.87491748831966 10.150003369223738
    endloop
  endfacet
  facet normal 0.659345815100063 -0.7445229541552462 -0.10463587743206805
    outer loop
      vertex 13.397918471982864 51.45799683655029 7.202467109965942
      vertex 13.56510557068517 51.185669796654444 10.193676758022804
      vertex 13.397918471982864 51.0404775336701 10.173271316190654
    endloop
  endfacet
  facet normal 0.5555702330195954 -0.8233778071921484 -0.11571820429820859
    outer loop
      vertex 13.56510557068517 51.60318909953464 7.2228725517980905
      vertex 13.749999999999995 51.30800999739814 10.21087055195298
      vertex 13.56510557068517 51.185669796654444 10.193676758022804
    endloop
  endfacet
  facet normal 0.32143946530316075 0.9377146705683237 0.1317872025143495
    outer loop
      vertex 14.16000762332571 48.641520529001156 6.806637178783476
      vertex 13.949438164979341 48.29478429975397 9.787389297259374
      vertex 14.16000762332571 48.22400122612096 9.777441385008188
    endloop
  endfacet
  facet normal 0.1950903220161405 0.9712403454750642 0.1364989288497038
    outer loop
      vertex 14.378105473225906 48.598560363498976 6.800599521264847
      vertex 14.16000762332571 48.22400122612096 9.777441385008188
      vertex 14.378105473225906 48.18104106061878 9.77140372748956
    endloop
  endfacet
  facet normal 0.06540312923017179 0.988147828792033 0.13887512066778737
    outer loop
      vertex 14.599999999999994 48.584158166470175 6.7985754244728716
      vertex 14.378105473225906 48.18104106061878 9.77140372748956
      vertex 14.599999999999994 48.16663886358998 9.769379630697584
    endloop
  endfacet
  facet normal -0.06540312923017212 0.988147828792033 0.13887512066778737
    outer loop
      vertex 14.821894526774082 48.598560363498976 6.800599521264847
      vertex 14.599999999999994 48.16663886358998 9.769379630697584
      vertex 14.821894526774082 48.18104106061878 9.77140372748956
    endloop
  endfacet
  facet normal -0.1950903220161408 0.9712403454750641 0.13649892884970377
    outer loop
      vertex 15.03999237667428 48.641520529001156 6.806637178783476
      vertex 14.821894526774082 48.18104106061878 9.77140372748956
      vertex 15.03999237667428 48.22400122612096 9.777441385008188
    endloop
  endfacet
  facet normal 0.5555702330195963 0.8233778071921477 0.11571820429820853
    outer loop
      vertex 13.749999999999995 48.80969846638337 6.830273046481699
      vertex 13.56510557068517 48.514519364246866 9.818271046636589
      vertex 13.749999999999995 48.39217916350317 9.801077252706412
    endloop
  endfacet
  facet normal 0.4422886902189879 0.8881444376645393 0.12482056060565973
    outer loop
      vertex 13.949438164979341 48.712303602634165 6.816585091034661
      vertex 13.749999999999995 48.39217916350317 9.801077252706412
      vertex 13.949438164979341 48.29478429975397 9.787389297259374
    endloop
  endfacet
  facet normal -0.3214394653031607 0.9377146705683237 0.13178720251434947
    outer loop
      vertex 15.250561835020648 48.712303602634165 6.816585091034661
      vertex 15.03999237667428 48.22400122612096 9.777441385008188
      vertex 15.250561835020648 48.29478429975397 9.787389297259374
    endloop
  endfacet
  facet normal -0.4422886902189879 0.8881444376645394 0.12482056060565977
    outer loop
      vertex 15.449999999999994 48.80969846638337 6.830273046481699
      vertex 15.250561835020648 48.29478429975397 9.787389297259374
      vertex 15.449999999999994 48.39217916350317 9.801077252706412
    endloop
  endfacet
  facet normal -0.5555702330195953 0.8233778071921484 0.11571820429820867
    outer loop
      vertex 15.63489442931482 48.93203866712706 6.847466840411876
      vertex 15.449999999999994 48.39217916350317 9.801077252706412
      vertex 15.63489442931482 48.514519364246866 9.818271046636587
    endloop
  endfacet
  facet normal -0.659345815100063 0.7445229541552462 0.10463587743206808
    outer loop
      vertex 15.802081528017125 49.077230930111405 6.867872282244026
      vertex 15.63489442931482 48.514519364246866 9.818271046636587
      vertex 15.802081528017125 48.65971162723121 9.838676488468737
    endloop
  endfacet
  facet normal 0.5555702330195962 -0.8233778071921478 -0.11571820429820859
    outer loop
      vertex 13.56510557068517 51.60318909953464 7.2228725517980905
      vertex 13.749999999999995 51.72552930027833 7.240066345728268
      vertex 13.749999999999995 51.30800999739814 10.21087055195298
    endloop
  endfacet
  facet normal 0.44228869021898837 -0.8881444376645392 -0.12482056060565973
    outer loop
      vertex 13.749999999999995 51.72552930027833 7.240066345728268
      vertex 13.949438164979341 51.82292416402753 7.253754301175307
      vertex 13.949438164979341 51.40540486114734 10.224558507400019
    endloop
  endfacet
  facet normal 0.32143946530318807 -0.9377146705683146 -0.13178720251434817
    outer loop
      vertex 13.949438164979341 51.82292416402753 7.253754301175307
      vertex 14.16000762332571 51.89370723766055 7.26370221342649
      vertex 14.16000762332571 51.476187934780356 10.234506419651204
    endloop
  endfacet
  facet normal 0.19509032201611085 -0.97124034547507 -0.1364989288497047
    outer loop
      vertex 14.16000762332571 51.89370723766055 7.26370221342649
      vertex 14.378105473225906 51.93666740316272 7.26973987094512
      vertex 14.378105473225906 51.51914810028253 10.240544077169831
    endloop
  endfacet
  facet normal 0.06540312923017148 -0.988147828792033 -0.13887512066778734
    outer loop
      vertex 14.378105473225906 51.93666740316272 7.26973987094512
      vertex 14.599999999999994 51.95106960019152 7.271763967737095
      vertex 14.599999999999994 51.53355029731133 10.242568173961807
    endloop
  endfacet
  facet normal -0.06540312923017147 -0.988147828792033 -0.1388751206677874
    outer loop
      vertex 14.599999999999994 51.95106960019152 7.271763967737095
      vertex 14.821894526774082 51.93666740316272 7.26973987094512
      vertex 14.821894526774082 51.51914810028253 10.240544077169831
    endloop
  endfacet
  facet normal -0.19509032201611087 -0.9712403454750701 -0.13649892884970452
    outer loop
      vertex 14.821894526774082 51.93666740316272 7.26973987094512
      vertex 15.03999237667428 51.89370723766055 7.26370221342649
      vertex 15.03999237667428 51.476187934780356 10.234506419651204
    endloop
  endfacet
  facet normal -0.4422886902189884 -0.8881444376645393 -0.12482056060565978
    outer loop
      vertex 15.250561835020648 51.82292416402753 7.253754301175307
      vertex 15.449999999999994 51.72552930027833 7.240066345728268
      vertex 15.449999999999994 51.30800999739814 10.21087055195298
    endloop
  endfacet
  facet normal -0.5555702330195962 -0.8233778071921479 -0.11571820429820853
    outer loop
      vertex 15.63489442931482 51.60318909953464 7.2228725517980905
      vertex 15.63489442931482 51.185669796654444 10.193676758022804
      vertex 15.449999999999994 51.72552930027833 7.240066345728268
    endloop
  endfacet
  facet normal -0.32143946530318807 -0.9377146705683147 -0.13178720251434822
    outer loop
      vertex 15.03999237667428 51.89370723766055 7.26370221342649
      vertex 15.250561835020648 51.82292416402753 7.253754301175307
      vertex 15.250561835020648 51.40540486114734 10.224558507400019
    endloop
  endfacet
  facet normal -0.6593458151000626 -0.7445229541552466 -0.10463587743206804
    outer loop
      vertex 15.63489442931482 51.60318909953464 7.2228725517980905
      vertex 15.802081528017125 51.45799683655029 7.202467109965942
      vertex 15.802081528017125 51.0404775336701 10.173271316190656
    endloop
  endfacet
  facet normal 0.44228869021898887 -0.888144437664539 -0.12482056060565974
    outer loop
      vertex 13.749999999999995 51.72552930027833 7.240066345728268
      vertex 13.949438164979341 51.40540486114734 10.224558507400019
      vertex 13.749999999999995 51.30800999739814 10.21087055195298
    endloop
  endfacet
  facet normal 0.3214394653031891 -0.9377146705683141 -0.13178720251434817
    outer loop
      vertex 13.949438164979341 51.82292416402753 7.253754301175307
      vertex 14.16000762332571 51.476187934780356 10.234506419651204
      vertex 13.949438164979341 51.40540486114734 10.224558507400019
    endloop
  endfacet
  facet normal 0.195090322016109 -0.9712403454750704 -0.1364989288497046
    outer loop
      vertex 14.16000762332571 51.89370723766055 7.26370221342649
      vertex 14.378105473225906 51.51914810028253 10.240544077169831
      vertex 14.16000762332571 51.476187934780356 10.234506419651204
    endloop
  endfacet
  facet normal 0.06540312923017214 -0.988147828792033 -0.1388751206677874
    outer loop
      vertex 14.378105473225906 51.93666740316272 7.26973987094512
      vertex 14.599999999999994 51.53355029731133 10.242568173961807
      vertex 14.378105473225906 51.51914810028253 10.240544077169831
    endloop
  endfacet
  facet normal -0.06540312923017212 -0.988147828792033 -0.13887512066778737
    outer loop
      vertex 14.599999999999994 51.95106960019152 7.271763967737095
      vertex 14.821894526774082 51.51914810028253 10.240544077169831
      vertex 14.599999999999994 51.53355029731133 10.242568173961807
    endloop
  endfacet
  facet normal -0.19509032201610918 -0.9712403454750703 -0.13649892884970471
    outer loop
      vertex 14.821894526774082 51.93666740316272 7.26973987094512
      vertex 15.03999237667428 51.476187934780356 10.234506419651204
      vertex 14.821894526774082 51.51914810028253 10.240544077169831
    endloop
  endfacet
  facet normal -0.7050240059543339 -0.7022817151338014 -0.09869925844113095
    outer loop
      vertex 15.802081528017125 51.45799683655029 7.202467109965942
      vertex 17.00769858994019 49.85359570678365 10.006465953546932
      vertex 15.802081528017125 51.0404775336701 10.173271316190656
    endloop
  endfacet
  facet normal -0.4422886902189887 -0.888144437664539 -0.1248205606056597
    outer loop
      vertex 15.250561835020648 51.82292416402753 7.253754301175307
      vertex 15.449999999999994 51.30800999739814 10.21087055195298
      vertex 15.250561835020648 51.40540486114734 10.224558507400019
    endloop
  endfacet
  facet normal -0.32143946530318895 -0.9377146705683143 -0.1317872025143481
    outer loop
      vertex 15.03999237667428 51.89370723766055 7.26370221342649
      vertex 15.250561835020648 51.40540486114734 10.224558507400019
      vertex 15.03999237667428 51.476187934780356 10.234506419651204
    endloop
  endfacet
  facet normal -0.6593458151000623 -0.7445229541552467 -0.10463587743206808
    outer loop
      vertex 15.63489442931482 51.60318909953464 7.2228725517980905
      vertex 15.802081528017125 51.0404775336701 10.173271316190656
      vertex 15.63489442931482 51.185669796654444 10.193676758022804
    endloop
  endfacet
  facet normal -0.5555702330195953 -0.8233778071921484 -0.11571820429820867
    outer loop
      vertex 15.449999999999994 51.72552930027833 7.240066345728268
      vertex 15.63489442931482 51.185669796654444 10.193676758022804
      vertex 15.449999999999994 51.30800999739814 10.21087055195298
    endloop
  endfacet
  facet normal -0.7518398074796894 0.652929106951178 0.0917632016924051
    outer loop
      vertex 17.00769858994019 50.264112756997854 7.034677644887745
      vertex 17.00769858994019 49.84659345411766 10.005481851112457
      vertex 17.00812982273571 50.264599698307705 7.034746080025884
    endloop
  endfacet
  facet normal -0.9469301294948397 0.3183112385238609 0.04473572715729517
    outer loop
      vertex 17.008782453696814 50.265719087413316 7.034903399905142
      vertex 17.008782453696814 49.84819978453312 10.005707606129855
      vertex 17.0089926851657 50.26633238215111 7.034989592859511
    endloop
  endfacet
  facet normal -0.980785280402953 0.19319171641446378 0.027151325082476307
    outer loop
      vertex 17.0089926851657 50.26633238215111 7.034989592859511
      vertex 17.0089926851657 49.84881307927092 10.005793799084222
      vertex 17.009120280341126 50.2669676037294 7.035078867430345
    endloop
  endfacet
  facet normal -0.8968727415333074 0.43798436708816574 0.061554688537169125
    outer loop
      vertex 17.008782453696814 50.265719087413316 7.034903399905142
      vertex 17.00849318305318 50.265138213159 7.034821763352584
      vertex 17.00849318305318 49.847618910278804 10.005625969577295
    endloop
  endfacet
  facet normal -0.8314696123020919 0.5501634617032976 0.07732043213053823
    outer loop
      vertex 17.00849318305318 50.265138213159 7.034821763352584
      vertex 17.00812982273571 50.264599698307705 7.034746080025884
      vertex 17.00812982273571 49.84708039542751 10.005550286250594
    endloop
  endfacet
  facet normal -0.9978589232385694 0.06476663047290587 0.009102356307523487
    outer loop
      vertex 17.009120280341126 50.2669676037294 7.035078867430345
      vertex 17.009120280341126 49.849448300849204 10.005883073655056
      vertex 17.009163056034257 50.26761388333085 7.035169696104983
    endloop
  endfacet
  facet normal -0.8314696123020336 -0.550163461703384 -0.07732043213055034
    outer loop
      vertex 17.00849318305318 50.2700895535027 7.0355176288573835
      vertex 17.00849318305318 49.852570250622506 10.006321835082096
      vertex 17.00812982273571 50.27062806835399 7.035593312184083
    endloop
  endfacet
  facet normal -0.8968727415333444 -0.43798436708809146 -0.06155468853715868
    outer loop
      vertex 17.008782453696814 50.26950867924838 7.035435992304825
      vertex 17.008782453696814 49.85198937636819 10.006240198529536
      vertex 17.00849318305318 50.2700895535027 7.0355176288573835
    endloop
  endfacet
  facet normal -0.980785280402953 -0.1931917164144638 -0.027151325082476283
    outer loop
      vertex 17.009120280341126 50.2682601629323 7.035260524779622
      vertex 17.009120280341126 49.850740860052106 10.006064731004335
      vertex 17.0089926851657 50.268895384510586 7.035349799350455
    endloop
  endfacet
  facet normal -0.7518398074796894 -0.6529291069511779 -0.09176320169240507
    outer loop
      vertex 17.00769858994019 50.271115009663845 7.035661747322221
      vertex 17.00812982273571 50.27062806835399 7.035593312184083
      vertex 17.00812982273571 49.8531087654738 10.006397518408795
    endloop
  endfacet
  facet normal -0.9469301294948397 -0.3183112385238609 -0.04473572715729519
    outer loop
      vertex 17.008782453696814 50.26950867924838 7.035435992304825
      vertex 17.0089926851657 50.268895384510586 7.035349799350455
      vertex 17.0089926851657 49.85137608163039 10.006154005575167
    endloop
  endfacet
  facet normal -0.9978589232385234 -0.06476663047360118 -0.009102356307621198
    outer loop
      vertex 17.009120280341126 50.2682601629323 7.035260524779622
      vertex 17.009163056034257 50.26761388333085 7.035169696104983
      vertex 17.009163056034257 49.85009458045066 10.005973902329696
    endloop
  endfacet
  facet normal -0.705024005954334 -0.7022817151338017 -0.09869925844113112
    outer loop
      vertex 15.802081528017125 51.45799683655029 7.202467109965942
      vertex 17.00769858994019 50.271115009663845 7.035661747322221
      vertex 17.00769858994019 49.85359570678365 10.006465953546932
    endloop
  endfacet
  facet normal -0.7050240059543339 0.7022817151338017 0.09869925844113106
    outer loop
      vertex 17.00769858994019 50.264112756997854 7.034677644887745
      vertex 15.802081528017125 48.65971162723121 9.838676488468737
      vertex 17.00769858994019 49.84659345411766 10.005481851112457
    endloop
  endfacet
  facet normal -0.8968727415333713 0.4379843670880375 0.06155468853715106
    outer loop
      vertex 17.008782453696814 50.265719087413316 7.034903399905142
      vertex 17.00849318305318 49.847618910278804 10.005625969577295
      vertex 17.008782453696814 49.84819978453312 10.005707606129855
    endloop
  endfacet
  facet normal -0.7518398074796296 0.6529291069512453 0.09176320169241459
    outer loop
      vertex 17.00812982273571 50.264599698307705 7.034746080025884
      vertex 17.00769858994019 49.84659345411766 10.005481851112457
      vertex 17.00812982273571 49.84708039542751 10.005550286250594
    endloop
  endfacet
  facet normal -0.9469301294947796 0.3183112385240363 0.04473572715731987
    outer loop
      vertex 17.0089926851657 50.26633238215111 7.034989592859511
      vertex 17.008782453696814 49.84819978453312 10.005707606129855
      vertex 17.0089926851657 49.84881307927092 10.005793799084222
    endloop
  endfacet
  facet normal -0.8314696123021286 0.5501634617032433 0.07732043213053058
    outer loop
      vertex 17.00849318305318 50.265138213159 7.034821763352584
      vertex 17.00812982273571 49.84708039542751 10.005550286250594
      vertex 17.00849318305318 49.847618910278804 10.005625969577295
    endloop
  endfacet
  facet normal -0.9807852804029608 0.19319171641442548 0.02715132508247092
    outer loop
      vertex 17.009120280341126 50.2669676037294 7.035078867430345
      vertex 17.0089926851657 49.84881307927092 10.005793799084222
      vertex 17.009120280341126 49.849448300849204 10.005883073655056
    endloop
  endfacet
  facet normal -0.9978589232385708 0.06476663047288396 0.0091023563075204
    outer loop
      vertex 17.009163056034257 50.26761388333085 7.035169696104983
      vertex 17.009120280341126 49.849448300849204 10.005883073655056
      vertex 17.009163056034257 49.85009458045066 10.005973902329696
    endloop
  endfacet
  facet normal -0.7518398074796294 -0.6529291069512454 -0.09176320169241457
    outer loop
      vertex 17.00769858994019 50.271115009663845 7.035661747322221
      vertex 17.00812982273571 49.8531087654738 10.006397518408795
      vertex 17.00769858994019 49.85359570678365 10.006465953546932
    endloop
  endfacet
  facet normal -0.8968727415333935 -0.43798436708799293 -0.06155468853714482
    outer loop
      vertex 17.00849318305318 50.2700895535027 7.0355176288573835
      vertex 17.008782453696814 49.85198937636819 10.006240198529536
      vertex 17.00849318305318 49.852570250622506 10.006321835082096
    endloop
  endfacet
  facet normal -0.9469301294948146 -0.31831123852393406 -0.04473572715730548
    outer loop
      vertex 17.008782453696814 50.26950867924838 7.035435992304825
      vertex 17.0089926851657 49.85137608163039 10.006154005575167
      vertex 17.008782453696814 49.85198937636819 10.006240198529536
    endloop
  endfacet
  facet normal -0.9807852804029434 -0.1931917164145113 -0.02715132508248297
    outer loop
      vertex 17.0089926851657 50.268895384510586 7.035349799350455
      vertex 17.009120280341126 49.850740860052106 10.006064731004335
      vertex 17.0089926851657 49.85137608163039 10.006154005575167
    endloop
  endfacet
  facet normal -0.8314696123020238 -0.5501634617033987 -0.07732043213055241
    outer loop
      vertex 17.00812982273571 50.27062806835399 7.035593312184083
      vertex 17.00849318305318 49.852570250622506 10.006321835082096
      vertex 17.00812982273571 49.8531087654738 10.006397518408795
    endloop
  endfacet
  facet normal -0.9978589232385234 -0.06476663047360072 -0.009102356307621134
    outer loop
      vertex 17.009120280341126 50.2682601629323 7.035260524779622
      vertex 17.009163056034257 49.85009458045066 10.005973902329696
      vertex 17.009120280341126 49.850740860052106 10.006064731004335
    endloop
  endfacet
  facet normal 0.7518398074789706 0.6529291069519895 0.09176320169251947
    outer loop
      vertex 12.061269311068042 109.89901236374558 0
      vertex 12.061269311068042 107.77442495438767 15.117224925104033
      vertex 12.337258300203041 109.58121444931928 0
    endloop
  endfacet
  facet normal 0.8314696123025506 0.5501634617026178 0.07732043213044319
    outer loop
      vertex 12.061269311068042 109.89901236374558 0
      vertex 11.828718707889792 110.2504692912321 0
      vertex 11.828718707889792 108.1190744592134 15.165662254192007
    endloop
  endfacet
  facet normal 0.8968727415326849 0.4379843670894162 0.06155468853734527
    outer loop
      vertex 11.643585495963876 110.62957170630722 0
      vertex 11.643585495963876 108.49083398197567 15.217909647829579
      vertex 11.828718707889792 110.2504692912321 0
    endloop
  endfacet
  facet normal 0.5555702330195885 0.8233778071921528 0.11571820429820985
    outer loop
      vertex 12.999999999999995 109.06767714728397 0
      vertex 12.651963427172088 109.3025131583792 0
      vertex 12.651963427172088 107.1894794328163 15.035016193246967
    endloop
  endfacet
  facet normal 0.44228869021903067 0.8881444376645183 0.12482056060565787
    outer loop
      vertex 12.999999999999995 109.06767714728397 0
      vertex 12.999999999999995 106.95919199612229 15.002651404672516
      vertex 13.375413016431708 108.88072452529224 0
    endloop
  endfacet
  facet normal 0.3214394653031354 0.9377146705683322 0.13178720251435133
    outer loop
      vertex 13.375413016431708 108.88072452529224 0
      vertex 13.375413016431708 106.77586048788848 14.97688584147809
      vertex 13.771779055671928 108.74485410359938 0
    endloop
  endfacet
  facet normal 0.6593458151000846 0.7445229541552274 0.10463587743206608
    outer loop
      vertex 12.337258300203041 109.58121444931928 0
      vertex 12.337258300203041 107.46278251608096 15.07342643669572
      vertex 12.651963427172088 109.3025131583792 0
    endloop
  endfacet
  facet normal 0.06540312923018533 0.9881478287920321 0.13887512066778834
    outer loop
      vertex 14.182316184895829 108.66239066279093 0
      vertex 14.182316184895829 106.56175556716343 14.946795357205502
      vertex 14.599999999999994 108.63474517520228 0
    endloop
  endfacet
  facet normal 0.19509032201612217 0.9712403454750677 0.13649892884970527
    outer loop
      vertex 13.771779055671928 108.74485410359938 0
      vertex 13.771779055671928 106.64262176104988 14.958160359593508
      vertex 14.182316184895829 108.66239066279093 0
    endloop
  endfacet
  facet normal -0.06540312923018532 0.988147828792032 0.13887512066778784
    outer loop
      vertex 14.599999999999994 108.63474517520228 0
      vertex 14.599999999999994 106.53464554922687 14.9429852926559
      vertex 15.01768381510416 108.66239066279093 0
    endloop
  endfacet
  facet normal -0.19509032201612217 0.9712403454750677 0.13649892884970527
    outer loop
      vertex 15.01768381510416 108.66239066279093 0
      vertex 15.42822094432806 106.64262176104988 14.958160359593508
      vertex 15.42822094432806 108.74485410359938 0
    endloop
  endfacet
  facet normal -0.3214394653031354 0.9377146705683322 0.13178720251435164
    outer loop
      vertex 15.42822094432806 108.74485410359938 0
      vertex 15.42822094432806 106.64262176104988 14.958160359593508
      vertex 15.824586983568281 108.88072452529224 0
    endloop
  endfacet
  facet normal -0.442288690219029 0.8881444376645191 0.12482056060565751
    outer loop
      vertex 15.824586983568281 108.88072452529224 0
      vertex 15.824586983568281 106.77586048788848 14.97688584147809
      vertex 16.199999999999996 109.06767714728397 0
    endloop
  endfacet
  facet normal 0.946930129495103 0.31831123852309257 0.04473572715718736
    outer loop
      vertex 11.643585495963876 110.62957170630722 0
      vertex 11.509037355874975 111.02983306154198 0
      vertex 11.509037355874975 108.88334261416882 15.2730731386259
    endloop
  endfacet
  facet normal 0.980785280403231 0.1931917164130796 0.02715132508228183
    outer loop
      vertex 11.509037355874975 111.02983306154198 0
      vertex 11.427376443603801 111.44440477417491 0
      vertex 11.427376443603801 109.28988442427209 15.330208863959232
    endloop
  endfacet
  facet normal 0.9978589232386035 0.06476663047238954 0.009102356307450946
    outer loop
      vertex 11.399999999999995 111.86619340726186 0
      vertex 11.399999999999995 109.7035033691999 15.388339215728111
      vertex 11.427376443603801 111.44440477417491 0
    endloop
  endfacet
  facet normal 0.9978589232386037 -0.06476663047238737 -0.009102356307450645
    outer loop
      vertex 11.399999999999995 111.86619340726186 0
      vertex 11.427376443603801 112.28798204034882 0
      vertex 11.427376443603801 110.11712231412771 15.446469567496989
    endloop
  endfacet
  facet normal 0.9807852804032311 -0.1931917164130796 -0.02715132508228183
    outer loop
      vertex 11.427376443603801 112.28798204034882 0
      vertex 11.509037355874975 112.70255375298176 0
      vertex 11.509037355874975 110.52366412423098 15.50360529283032
    endloop
  endfacet
  facet normal 0.9469301294951065 -0.3183112385230824 -0.04473572715718604
    outer loop
      vertex 11.509037355874975 112.70255375298176 0
      vertex 11.643585495963876 113.10281510821653 0
      vertex 11.643585495963876 110.91617275642413 15.558768783626642
    endloop
  endfacet
  facet normal 0.8968727415326848 -0.4379843670894161 -0.06155468853734518
    outer loop
      vertex 11.643585495963876 113.10281510821653 0
      vertex 11.828718707889792 113.48191752329166 0
      vertex 11.828718707889792 111.2879322791864 15.611016177264215
    endloop
  endfacet
  facet normal 0.8314696123025506 -0.5501634617026178 -0.07732043213044333
    outer loop
      vertex 11.828718707889792 113.48191752329166 0
      vertex 12.061269311068042 113.83337445077817 0
      vertex 12.061269311068042 111.63258178401213 15.659453506352188
    endloop
  endfacet
  facet normal 0.7518398074789706 -0.6529291069519892 -0.09176320169251968
    outer loop
      vertex 12.061269311068042 113.83337445077817 0
      vertex 12.337258300203041 114.15117236520447 0
      vertex 12.337258300203041 111.94422422231884 15.703251994760501
    endloop
  endfacet
  facet normal 0.6593458151000846 -0.7445229541552274 -0.10463587743206619
    outer loop
      vertex 12.337258300203041 114.15117236520447 0
      vertex 12.651963427172088 114.42987365614455 0
      vertex 12.651963427172088 112.2175273055835 15.741662238209253
    endloop
  endfacet
  facet normal 0.5555702330195885 -0.8233778071921528 -0.11571820429820975
    outer loop
      vertex 12.651963427172088 114.42987365614455 0
      vertex 12.999999999999995 114.66470966723978 0
      vertex 12.999999999999995 112.44781474227752 15.774027026783704
    endloop
  endfacet
  facet normal 0.4422886902190037 -0.8881444376645315 -0.12482056060565964
    outer loop
      vertex 12.999999999999995 114.66470966723978 0
      vertex 13.375413016431708 114.8516622892315 0
      vertex 13.375413016431708 112.6311462505113 15.79979258997813
    endloop
  endfacet
  facet normal 0.3214394653031654 -0.937714670568322 -0.13178720251435003
    outer loop
      vertex 13.375413016431708 114.8516622892315 0
      vertex 13.771779055671928 114.98753271092437 0
      vertex 13.771779055671928 112.76438497734992 15.818518071862712
    endloop
  endfacet
  facet normal 0.19509032201612223 -0.9712403454750678 -0.136498928849705
    outer loop
      vertex 13.771779055671928 114.98753271092437 0
      vertex 14.182316184895829 115.06999615173282 0
      vertex 14.182316184895829 112.84525117123637 15.829883074250718
    endloop
  endfacet
  facet normal 0.06540312923015185 -0.9881478287920341 -0.13887512066778865
    outer loop
      vertex 14.182316184895829 115.06999615173282 0
      vertex 14.599999999999994 115.09764163932145 0
      vertex 14.599999999999994 112.87236118917292 15.83369313880032
    endloop
  endfacet
  facet normal -0.06540312923015185 -0.9881478287920341 -0.13887512066778865
    outer loop
      vertex 14.599999999999994 115.09764163932145 0
      vertex 15.01768381510416 115.06999615173282 0
      vertex 14.599999999999994 112.87236118917292 15.83369313880032
    endloop
  endfacet
  facet normal -0.19509032201612217 -0.9712403454750677 -0.13649892884970508
    outer loop
      vertex 15.01768381510416 115.06999615173282 0
      vertex 15.42822094432806 114.98753271092437 0
      vertex 15.42822094432806 112.76438497734992 15.818518071862712
    endloop
  endfacet
  facet normal -0.3214394653031655 -0.937714670568322 -0.13178720251435033
    outer loop
      vertex 15.42822094432806 114.98753271092437 0
      vertex 15.824586983568281 114.8516622892315 0
      vertex 15.824586983568281 112.6311462505113 15.79979258997813
    endloop
  endfacet
  facet normal -0.442288690219002 -0.8881444376645324 -0.12482056060565978
    outer loop
      vertex 15.824586983568281 114.8516622892315 0
      vertex 16.199999999999996 114.66470966723978 0
      vertex 15.824586983568281 112.6311462505113 15.79979258997813
    endloop
  endfacet
  facet normal -0.5555702330195904 0.8233778071921514 0.11571820429820964
    outer loop
      vertex 16.199999999999996 109.06767714728397 0
      vertex 16.5480365728279 107.1894794328163 15.035016193246967
      vertex 16.5480365728279 109.3025131583792 0
    endloop
  endfacet
  facet normal -0.6593458151000866 0.7445229541552255 0.10463587743206569
    outer loop
      vertex 16.5480365728279 109.3025131583792 0
      vertex 16.5480365728279 107.1894794328163 15.035016193246967
      vertex 16.862741699796945 109.58121444931928 0
    endloop
  endfacet
  facet normal -0.7060010650237618 0.7013185124775567 0.09856388913583557
    outer loop
      vertex 16.862741699796945 109.58121444931928 0
      vertex 19.129018933499832 109.7000022428669 15.387847164510871
      vertex 19.129018933499832 111.86262312764009 0
    endloop
  endfacet
  facet normal -0.7518398074647753 0.6529291069680185 0.09176320169477256
    outer loop
      vertex 19.129018933499832 111.86262312764009 0
      vertex 19.129018933499832 109.7000022428669 15.387847164510871
      vertex 19.129450166295356 111.86311968688136 0
    endloop
  endfacet
  facet normal -0.9469301294940321 0.3183112385262164 0.04473572715762664
    outer loop
      vertex 19.130313028725347 111.86488659422169 0
      vertex 19.130102797256455 111.86426118585413 0
      vertex 19.130102797256455 109.70160857328236 15.388072919528268
    endloop
  endfacet
  facet normal -0.9807852804042942 0.19319171640778618 0.027151325081538034
    outer loop
      vertex 19.130313028725347 111.86488659422169 0
      vertex 19.130313028725347 109.70222186802016 15.388159112482638
      vertex 19.130440623900768 111.86553436252268 0
    endloop
  endfacet
  facet normal -0.8968727415314496 0.43798436709189636 0.06155468853769395
    outer loop
      vertex 19.12981352661282 111.86366883833058 0
      vertex 19.12981352661282 109.70102769902805 15.38799128297571
      vertex 19.130102797256455 111.86426118585413 0
    endloop
  endfacet
  facet normal -0.8314696123008094 -0.5501634617051983 -0.07732043213080564
    outer loop
      vertex 19.12981352661282 111.86871797619317 0
      vertex 19.12981352661282 109.70597903937175 15.38868714848051
      vertex 19.129450166295356 111.86926712764236 0
    endloop
  endfacet
  facet normal -0.9807852804042944 -0.19319171640778618 -0.027151325081537968
    outer loop
      vertex 19.130440623900768 111.86685245200107 0
      vertex 19.130440623900768 109.70414964880135 15.38843004440275
      vertex 19.130313028725347 111.86750022030206 0
    endloop
  endfacet
  facet normal -0.9978589232384198 0.06476663047516311 0.009102356307840745
    outer loop
      vertex 19.1304833995939 111.86619340726186 0
      vertex 19.130440623900768 111.86553436252268 0
      vertex 19.1304833995939 109.7035033691999 15.388339215728111
    endloop
  endfacet
  facet normal -0.831469612314092 0.5501634616855129 0.07732043212803938
    outer loop
      vertex 19.12981352661282 111.86366883833058 0
      vertex 19.129450166295356 111.86311968688136 0
      vertex 19.12981352661282 109.70102769902805 15.38799128297571
    endloop
  endfacet
  facet normal -0.997858923238604 -0.06476663047238194 -0.009102356307449901
    outer loop
      vertex 19.1304833995939 111.86619340726186 0
      vertex 19.130440623900768 109.70414964880135 15.38843004440275
      vertex 19.130440623900768 111.86685245200107 0
    endloop
  endfacet
  facet normal -0.7518398074834834 -0.6529291069468934 -0.0917632016918034
    outer loop
      vertex 19.129018933499832 111.86976368688366 0
      vertex 19.129450166295356 111.86926712764236 0
      vertex 19.129018933499832 109.7070044955329 15.388831266945349
    endloop
  endfacet
  facet normal -0.8968727415314497 -0.4379843670918964 -0.06155468853769368
    outer loop
      vertex 19.130102797256455 111.86812562866962 0
      vertex 19.12981352661282 109.70597903937175 15.38868714848051
      vertex 19.12981352661282 111.86871797619317 0
    endloop
  endfacet
  facet normal -0.9469301294940321 -0.3183112385262164 -0.04473572715762641
    outer loop
      vertex 19.130102797256455 111.86812562866962 0
      vertex 19.130313028725347 111.86750022030206 0
      vertex 19.130102797256455 109.70539816511744 15.388605511927953
    endloop
  endfacet
  facet normal -0.7060010650237617 -0.7013185124775566 -0.09856388913583532
    outer loop
      vertex 16.862741699796945 114.15117236520447 0
      vertex 19.129018933499832 111.86976368688366 0
      vertex 19.129018933499832 109.7070044955329 15.388831266945349
    endloop
  endfacet
  facet normal -0.6593458151000867 -0.7445229541552255 -0.10463587743206582
    outer loop
      vertex 16.5480365728279 114.42987365614455 0
      vertex 16.862741699796945 114.15117236520447 0
      vertex 16.862741699796945 111.94422422231884 15.703251994760501
    endloop
  endfacet
  facet normal -0.5555702330195904 -0.8233778071921514 -0.11571820429820993
    outer loop
      vertex 16.199999999999996 114.66470966723978 0
      vertex 16.5480365728279 114.42987365614455 0
      vertex 16.5480365728279 112.2175273055835 15.741662238209253
    endloop
  endfacet
  facet normal 0.751839807478976 0.6529291069519831 0.09176320169251882
    outer loop
      vertex 12.337258300203041 109.58121444931928 0
      vertex 12.061269311068042 107.77442495438767 15.117224925104033
      vertex 12.337258300203041 107.46278251608096 15.07342643669572
    endloop
  endfacet
  facet normal 0.8314696123025458 0.550163461702625 0.07732043213044397
    outer loop
      vertex 12.061269311068042 109.89901236374558 0
      vertex 11.828718707889792 108.1190744592134 15.165662254192007
      vertex 12.061269311068042 107.77442495438767 15.117224925104033
    endloop
  endfacet
  facet normal 0.9469301294951048 0.3183112385230874 0.044735727157186794
    outer loop
      vertex 11.643585495963876 110.62957170630722 0
      vertex 11.509037355874975 108.88334261416882 15.2730731386259
      vertex 11.643585495963876 108.49083398197567 15.217909647829579
    endloop
  endfacet
  facet normal 0.896872741532685 0.43798436708941607 0.06155468853734526
    outer loop
      vertex 11.828718707889792 110.2504692912321 0
      vertex 11.643585495963876 108.49083398197567 15.217909647829579
      vertex 11.828718707889792 108.1190744592134 15.165662254192007
    endloop
  endfacet
  facet normal 0.9807852804032312 0.1931917164130787 0.027151325082281727
    outer loop
      vertex 11.509037355874975 111.02983306154198 0
      vertex 11.427376443603801 109.28988442427209 15.330208863959232
      vertex 11.509037355874975 108.88334261416882 15.2730731386259
    endloop
  endfacet
  facet normal 0.5555702330196004 0.8233778071921448 0.11571820429820912
    outer loop
      vertex 12.999999999999995 109.06767714728397 0
      vertex 12.651963427172088 107.1894794328163 15.035016193246967
      vertex 12.999999999999995 106.95919199612229 15.002651404672516
    endloop
  endfacet
  facet normal 0.659345815100081 0.7445229541552305 0.10463587743206638
    outer loop
      vertex 12.651963427172088 109.3025131583792 0
      vertex 12.337258300203041 107.46278251608096 15.07342643669572
      vertex 12.651963427172088 107.1894794328163 15.035016193246967
    endloop
  endfacet
  facet normal 0.44228869021901523 0.888144437664526 0.12482056060565846
    outer loop
      vertex 13.375413016431708 108.88072452529224 0
      vertex 12.999999999999995 106.95919199612229 15.002651404672516
      vertex 13.375413016431708 106.77586048788848 14.97688584147809
    endloop
  endfacet
  facet normal 0.321439465303146 0.9377146705683287 0.13178720251435114
    outer loop
      vertex 13.771779055671928 108.74485410359938 0
      vertex 13.375413016431708 106.77586048788848 14.97688584147809
      vertex 13.771779055671928 106.64262176104988 14.958160359593508
    endloop
  endfacet
  facet normal 0.19509032201612636 0.9712403454750669 0.1364989288497053
    outer loop
      vertex 14.182316184895829 108.66239066279093 0
      vertex 13.771779055671928 106.64262176104988 14.958160359593508
      vertex 14.182316184895829 106.56175556716343 14.946795357205502
    endloop
  endfacet
  facet normal 0.06540312923016825 0.9881478287920331 0.13887512066778798
    outer loop
      vertex 14.599999999999994 108.63474517520228 0
      vertex 14.182316184895829 106.56175556716343 14.946795357205502
      vertex 14.599999999999994 106.53464554922687 14.9429852926559
    endloop
  endfacet
  facet normal -0.06540312923016885 0.9881478287920331 0.13887512066778848
    outer loop
      vertex 15.01768381510416 108.66239066279093 0
      vertex 14.599999999999994 106.53464554922687 14.9429852926559
      vertex 15.01768381510416 106.56175556716343 14.946795357205502
    endloop
  endfacet
  facet normal -0.19509032201612636 0.9712403454750669 0.1364989288497053
    outer loop
      vertex 15.01768381510416 108.66239066279093 0
      vertex 15.01768381510416 106.56175556716343 14.946795357205502
      vertex 15.42822094432806 106.64262176104988 14.958160359593508
    endloop
  endfacet
  facet normal -0.3214394653031464 0.9377146705683286 0.1317872025143508
    outer loop
      vertex 15.824586983568281 108.88072452529224 0
      vertex 15.42822094432806 106.64262176104988 14.958160359593508
      vertex 15.824586983568281 106.77586048788848 14.97688584147809
    endloop
  endfacet
  facet normal -0.4422886902190136 0.8881444376645268 0.12482056060565903
    outer loop
      vertex 16.199999999999996 109.06767714728397 0
      vertex 15.824586983568281 106.77586048788848 14.97688584147809
      vertex 16.199999999999996 106.95919199612229 15.002651404672516
    endloop
  endfacet
  facet normal -0.5555702330196024 0.8233778071921436 0.11571820429820896
    outer loop
      vertex 16.199999999999996 109.06767714728397 0
      vertex 16.199999999999996 106.95919199612229 15.002651404672516
      vertex 16.5480365728279 107.1894794328163 15.035016193246967
    endloop
  endfacet
  facet normal 0.9978589232386035 0.06476663047238963 0.009102356307450956
    outer loop
      vertex 11.427376443603801 111.44440477417491 0
      vertex 11.399999999999995 109.7035033691999 15.388339215728111
      vertex 11.427376443603801 109.28988442427209 15.330208863959232
    endloop
  endfacet
  facet normal 0.9978589232386037 -0.06476663047238754 -0.009102356307450665
    outer loop
      vertex 11.399999999999995 111.86619340726186 0
      vertex 11.427376443603801 110.11712231412771 15.446469567496989
      vertex 11.399999999999995 109.7035033691999 15.388339215728111
    endloop
  endfacet
  facet normal 0.9807852804032312 -0.1931917164130787 -0.027151325082281727
    outer loop
      vertex 11.427376443603801 112.28798204034882 0
      vertex 11.509037355874975 110.52366412423098 15.50360529283032
      vertex 11.427376443603801 110.11712231412771 15.446469567496989
    endloop
  endfacet
  facet normal 0.9469301294951049 -0.3183112385230871 -0.04473572715718655
    outer loop
      vertex 11.509037355874975 112.70255375298176 0
      vertex 11.643585495963876 110.91617275642413 15.558768783626642
      vertex 11.509037355874975 110.52366412423098 15.50360529283032
    endloop
  endfacet
  facet normal 0.8968727415326849 -0.43798436708941585 -0.06155468853734515
    outer loop
      vertex 11.643585495963876 113.10281510821653 0
      vertex 11.828718707889792 111.2879322791864 15.611016177264215
      vertex 11.643585495963876 110.91617275642413 15.558768783626642
    endloop
  endfacet
  facet normal 0.8314696123025456 -0.5501634617026252 -0.07732043213044414
    outer loop
      vertex 11.828718707889792 113.48191752329166 0
      vertex 12.061269311068042 111.63258178401213 15.659453506352188
      vertex 11.828718707889792 111.2879322791864 15.611016177264215
    endloop
  endfacet
  facet normal 0.7518398074789762 -0.6529291069519831 -0.09176320169251903
    outer loop
      vertex 12.061269311068042 113.83337445077817 0
      vertex 12.337258300203041 111.94422422231884 15.703251994760501
      vertex 12.061269311068042 111.63258178401213 15.659453506352188
    endloop
  endfacet
  facet normal 0.659345815100081 -0.7445229541552305 -0.10463587743206651
    outer loop
      vertex 12.337258300203041 114.15117236520447 0
      vertex 12.651963427172088 112.2175273055835 15.741662238209253
      vertex 12.337258300203041 111.94422422231884 15.703251994760501
    endloop
  endfacet
  facet normal 0.5555702330196003 -0.8233778071921448 -0.115718204298209
    outer loop
      vertex 12.651963427172088 114.42987365614455 0
      vertex 12.999999999999995 112.44781474227752 15.774027026783704
      vertex 12.651963427172088 112.2175273055835 15.741662238209253
    endloop
  endfacet
  facet normal 0.44228869021898753 -0.8881444376645395 -0.12482056060566032
    outer loop
      vertex 12.999999999999995 114.66470966723978 0
      vertex 13.375413016431708 112.6311462505113 15.79979258997813
      vertex 12.999999999999995 112.44781474227752 15.774027026783704
    endloop
  endfacet
  facet normal 0.32143946530317574 -0.9377146705683186 -0.13178720251434986
    outer loop
      vertex 13.375413016431708 114.8516622892315 0
      vertex 13.771779055671928 112.76438497734992 15.818518071862712
      vertex 13.375413016431708 112.6311462505113 15.79979258997813
    endloop
  endfacet
  facet normal 0.195090322016126 -0.9712403454750669 -0.13649892884970496
    outer loop
      vertex 13.771779055671928 114.98753271092437 0
      vertex 14.182316184895829 112.84525117123637 15.829883074250718
      vertex 13.771779055671928 112.76438497734992 15.818518071862712
    endloop
  endfacet
  facet normal 0.06540312923013548 -0.9881478287920352 -0.13887512066778834
    outer loop
      vertex 14.182316184895829 115.06999615173282 0
      vertex 14.599999999999994 112.87236118917292 15.83369313880032
      vertex 14.182316184895829 112.84525117123637 15.829883074250718
    endloop
  endfacet
  facet normal -0.06540312923013548 -0.9881478287920352 -0.13887512066778834
    outer loop
      vertex 15.01768381510416 115.06999615173282 0
      vertex 15.01768381510416 112.84525117123637 15.829883074250718
      vertex 14.599999999999994 112.87236118917292 15.83369313880032
    endloop
  endfacet
  facet normal -0.19509032201612655 -0.9712403454750669 -0.13649892884970485
    outer loop
      vertex 15.01768381510416 115.06999615173282 0
      vertex 15.42822094432806 112.76438497734992 15.818518071862712
      vertex 15.01768381510416 112.84525117123637 15.829883074250718
    endloop
  endfacet
  facet normal -0.321439465303176 -0.9377146705683184 -0.13178720251434953
    outer loop
      vertex 15.42822094432806 114.98753271092437 0
      vertex 15.824586983568281 112.6311462505113 15.79979258997813
      vertex 15.42822094432806 112.76438497734992 15.818518071862712
    endloop
  endfacet
  facet normal -0.555570233019602 -0.8233778071921439 -0.1157182042982085
    outer loop
      vertex 16.199999999999996 114.66470966723978 0
      vertex 16.5480365728279 112.2175273055835 15.741662238209253
      vertex 16.199999999999996 112.44781474227752 15.774027026783704
    endloop
  endfacet
  facet normal -0.4422886902189859 -0.8881444376645404 -0.12482056060566045
    outer loop
      vertex 16.199999999999996 114.66470966723978 0
      vertex 16.199999999999996 112.44781474227752 15.774027026783704
      vertex 15.824586983568281 112.6311462505113 15.79979258997813
    endloop
  endfacet
  facet normal -0.659345815100083 0.7445229541552286 0.10463587743206625
    outer loop
      vertex 16.862741699796945 109.58121444931928 0
      vertex 16.5480365728279 107.1894794328163 15.035016193246967
      vertex 16.862741699796945 107.46278251608096 15.07342643669572
    endloop
  endfacet
  facet normal -0.7060010650237613 0.701318512477557 0.0985638891358355
    outer loop
      vertex 16.862741699796945 109.58121444931928 0
      vertex 16.862741699796945 107.46278251608096 15.07342643669572
      vertex 19.129018933499832 109.7000022428669 15.387847164510871
    endloop
  endfacet
  facet normal -0.7060010650237613 -0.701318512477557 -0.09856388913583548
    outer loop
      vertex 16.862741699796945 114.15117236520447 0
      vertex 19.129018933499832 109.7070044955329 15.388831266945349
      vertex 16.862741699796945 111.94422422231884 15.703251994760501
    endloop
  endfacet
  facet normal -0.9469301294942603 0.31831123852555104 0.04473572715753309
    outer loop
      vertex 19.130313028725347 111.86488659422169 0
      vertex 19.130102797256455 109.70160857328236 15.388072919528268
      vertex 19.130313028725347 109.70222186802016 15.388159112482638
    endloop
  endfacet
  facet normal -0.75183980747213 0.6529291069597136 0.09176320169360491
    outer loop
      vertex 19.129450166295356 111.86311968688136 0
      vertex 19.129018933499832 109.7000022428669 15.387847164510871
      vertex 19.129450166295356 109.70048918417675 15.38791559964901
    endloop
  endfacet
  facet normal -0.8968727415311823 0.43798436709243316 0.0615546885377694
    outer loop
      vertex 19.130102797256455 111.86426118585413 0
      vertex 19.12981352661282 109.70102769902805 15.38799128297571
      vertex 19.130102797256455 109.70160857328236 15.388072919528268
    endloop
  endfacet
  facet normal -0.997858923238478 0.06476663047428438 0.009102356307717286
    outer loop
      vertex 19.130440623900768 111.86553436252268 0
      vertex 19.130440623900768 109.70285708959845 15.388248387053471
      vertex 19.1304833995939 109.7035033691999 15.388339215728111
    endloop
  endfacet
  facet normal -0.8314696123081194 0.5501634616943646 0.07732043212928293
    outer loop
      vertex 19.129450166295356 111.86311968688136 0
      vertex 19.129450166295356 109.70048918417675 15.38791559964901
      vertex 19.12981352661282 109.70102769902805 15.38799128297571
    endloop
  endfacet
  facet normal -0.9807852804043798 0.19319171640736035 0.02715132508147817
    outer loop
      vertex 19.130440623900768 111.86553436252268 0
      vertex 19.130313028725347 109.70222186802016 15.388159112482638
      vertex 19.130440623900768 109.70285708959845 15.388248387053471
    endloop
  endfacet
  facet normal -0.997858923238569 -0.06476663047291072 -0.009102356307524193
    outer loop
      vertex 19.1304833995939 111.86619340726186 0
      vertex 19.1304833995939 109.7035033691999 15.388339215728111
      vertex 19.130440623900768 109.70414964880135 15.38843004440275
    endloop
  endfacet
  facet normal -0.751839807481816 -0.6529291069487766 -0.0917632016920679
    outer loop
      vertex 19.129450166295356 111.86926712764236 0
      vertex 19.129450166295356 109.70651755422304 15.388762831807211
      vertex 19.129018933499832 109.7070044955329 15.388831266945349
    endloop
  endfacet
  facet normal -0.8968727415311643 -0.43798436709246963 -0.06155468853777422
    outer loop
      vertex 19.130102797256455 111.86812562866962 0
      vertex 19.130102797256455 109.70539816511744 15.388605511927953
      vertex 19.12981352661282 109.70597903937175 15.38868714848051
    endloop
  endfacet
  facet normal -0.9807852804044233 -0.19319171640714383 -0.027151325081447665
    outer loop
      vertex 19.130313028725347 111.86750022030206 0
      vertex 19.130440623900768 109.70414964880135 15.38843004440275
      vertex 19.130313028725347 109.70478487037964 15.388519318973584
    endloop
  endfacet
  facet normal -0.9469301294943304 -0.3183112385253462 -0.04473572715750414
    outer loop
      vertex 19.130313028725347 111.86750022030206 0
      vertex 19.130313028725347 109.70478487037964 15.388519318973584
      vertex 19.130102797256455 109.70539816511744 15.388605511927953
    endloop
  endfacet
  facet normal -0.8314696123013499 -0.5501634617043974 -0.07732043213069305
    outer loop
      vertex 19.129450166295356 111.86926712764236 0
      vertex 19.12981352661282 109.70597903937175 15.38868714848051
      vertex 19.129450166295356 109.70651755422304 15.388762831807211
    endloop
  endfacet
  facet normal -0.6593458151000828 -0.744522954155229 -0.10463587743206643
    outer loop
      vertex 16.5480365728279 114.42987365614455 0
      vertex 16.862741699796945 111.94422422231884 15.703251994760501
      vertex 16.5480365728279 112.2175273055835 15.741662238209253
    endloop
  endfacet
  facet normal -2.283190134460219e-14 0.13917310096003427 -0.9902680687415747
    outer loop
      vertex 12.651963427172088 107.1894794328163 15.035016193246967
      vertex 12.337258300203041 107.46278251608096 15.07342643669572
      vertex 12.999999999999995 106.95919199612229 15.002651404672516
    endloop
  endfacet
  facet normal -1.8887519716961573e-14 0.13917310096001978 -0.9902680687415767
    outer loop
      vertex 12.999999999999995 106.95919199612229 15.002651404672516
      vertex 13.771779055671928 106.64262176104988 14.958160359593508
      vertex 13.375413016431708 106.77586048788848 14.97688584147809
    endloop
  endfacet
  facet normal 1.972267675300651e-16 0.13917310096006538 -0.9902680687415704
    outer loop
      vertex 12.999999999999995 106.95919199612229 15.002651404672516
      vertex 12.061269311068042 107.77442495438767 15.117224925104033
      vertex 14.599999999999994 106.53464554922687 14.9429852926559
    endloop
  endfacet
  facet normal 8.849477507245996e-15 0.13917310096007524 -0.9902680687415689
    outer loop
      vertex 12.999999999999995 106.95919199612229 15.002651404672516
      vertex 12.337258300203041 107.46278251608096 15.07342643669572
      vertex 12.061269311068042 107.77442495438767 15.117224925104033
    endloop
  endfacet
  facet normal -5.214927632697561e-15 0.13917310096002394 -0.9902680687415762
    outer loop
      vertex 13.771779055671928 106.64262176104988 14.958160359593508
      vertex 14.599999999999994 106.53464554922687 14.9429852926559
      vertex 14.182316184895829 106.56175556716343 14.946795357205502
    endloop
  endfacet
  facet normal 3.649743438375733e-16 0.13917310096006602 -0.9902680687415703
    outer loop
      vertex 12.999999999999995 106.95919199612229 15.002651404672516
      vertex 14.599999999999994 106.53464554922687 14.9429852926559
      vertex 13.771779055671928 106.64262176104988 14.958160359593508
    endloop
  endfacet
  facet normal 5.222038897651241e-15 0.13917310096002397 -0.9902680687415762
    outer loop
      vertex 14.599999999999994 106.53464554922687 14.9429852926559
      vertex 15.42822094432806 106.64262176104988 14.958160359593508
      vertex 15.01768381510416 106.56175556716343 14.946795357205502
    endloop
  endfacet
  facet normal -5.691547985396156e-16 0.13917310096006752 -0.99026806874157
    outer loop
      vertex 14.599999999999994 106.53464554922687 14.9429852926559
      vertex 16.5480365728279 107.1894794328163 15.035016193246967
      vertex 15.42822094432806 106.64262176104988 14.958160359593508
    endloop
  endfacet
  facet normal 9.586933966181651e-15 0.1391731009600471 -0.9902680687415727
    outer loop
      vertex 15.42822094432806 106.64262176104988 14.958160359593508
      vertex 16.5480365728279 107.1894794328163 15.035016193246967
      vertex 15.824586983568281 106.77586048788848 14.97688584147809
    endloop
  endfacet
  facet normal -1.9494347659681796e-14 0.1391731009600969 -0.9902680687415659
    outer loop
      vertex 15.824586983568281 106.77586048788848 14.97688584147809
      vertex 16.5480365728279 107.1894794328163 15.035016193246967
      vertex 16.199999999999996 106.95919199612229 15.002651404672516
    endloop
  endfacet
  facet normal 3.5183069932461412e-15 0.13917310096006788 -0.99026806874157
    outer loop
      vertex 14.599999999999994 106.53464554922687 14.9429852926559
      vertex 13.397918471982864 108.51312041598045 15.221041801867152
      vertex 13.56510557068517 108.3679281529961 15.200636360035002
    endloop
  endfacet
  facet normal -6.7304606530025955e-15 0.1391731009600619 -0.9902680687415708
    outer loop
      vertex 14.599999999999994 106.53464554922687 14.9429852926559
      vertex 13.56510557068517 108.3679281529961 15.200636360035002
      vertex 13.749999999999995 108.24558795225242 15.183442566104826
    endloop
  endfacet
  facet normal 4.679433765739623e-15 0.1391731009600676 -0.9902680687415699
    outer loop
      vertex 14.599999999999994 106.53464554922687 14.9429852926559
      vertex 13.749999999999995 108.24558795225242 15.183442566104826
      vertex 13.949438164979341 108.1481930885032 15.169754610657787
    endloop
  endfacet
  facet normal 3.1816742141232185e-15 0.13917310096006702 -0.99026806874157
    outer loop
      vertex 14.599999999999994 106.53464554922687 14.9429852926559
      vertex 13.949438164979341 108.1481930885032 15.169754610657787
      vertex 14.16000762332571 108.0774100148702 15.159806698406603
    endloop
  endfacet
  facet normal -7.962498532009399e-15 0.13917310096006388 -0.9902680687415705
    outer loop
      vertex 14.599999999999994 106.53464554922687 14.9429852926559
      vertex 14.16000762332571 108.0774100148702 15.159806698406603
      vertex 14.378105473225906 108.03444984936803 15.153769040887974
    endloop
  endfacet
  facet normal 8.338969575362515e-16 0.13917310096006516 -0.9902680687415703
    outer loop
      vertex 14.599999999999994 106.53464554922687 14.9429852926559
      vertex 14.378105473225906 108.03444984936803 15.153769040887974
      vertex 14.599999999999994 108.02004765233923 15.151744944095999
    endloop
  endfacet
  facet normal -8.338969575362515e-16 0.13917310096006516 -0.9902680687415703
    outer loop
      vertex 14.599999999999994 106.53464554922687 14.9429852926559
      vertex 14.599999999999994 108.02004765233923 15.151744944095999
      vertex 14.821894526774082 108.03444984936803 15.153769040887974
    endloop
  endfacet
  facet normal 7.962498532009399e-15 0.13917310096006388 -0.9902680687415705
    outer loop
      vertex 14.599999999999994 106.53464554922687 14.9429852926559
      vertex 14.821894526774082 108.03444984936803 15.153769040887974
      vertex 15.03999237667428 108.0774100148702 15.159806698406603
    endloop
  endfacet
  facet normal -3.1816742141232185e-15 0.13917310096006702 -0.99026806874157
    outer loop
      vertex 14.599999999999994 106.53464554922687 14.9429852926559
      vertex 15.03999237667428 108.0774100148702 15.159806698406603
      vertex 15.250561835020648 108.1481930885032 15.169754610657787
    endloop
  endfacet
  facet normal -4.679433765739623e-15 0.1391731009600676 -0.9902680687415699
    outer loop
      vertex 14.599999999999994 106.53464554922687 14.9429852926559
      vertex 15.250561835020648 108.1481930885032 15.169754610657787
      vertex 15.449999999999994 108.24558795225242 15.183442566104826
    endloop
  endfacet
  facet normal 6.7304606530025955e-15 0.1391731009600619 -0.9902680687415708
    outer loop
      vertex 14.599999999999994 106.53464554922687 14.9429852926559
      vertex 15.449999999999994 108.24558795225242 15.183442566104826
      vertex 15.63489442931482 108.3679281529961 15.200636360035002
    endloop
  endfacet
  facet normal -3.610626259147237e-14 0.1391731009600451 -0.9902680687415732
    outer loop
      vertex 12.061269311068042 107.77442495438767 15.117224925104033
      vertex 11.828718707889792 108.1190744592134 15.165662254192007
      vertex 11.643585495963876 108.49083398197567 15.217909647829579
    endloop
  endfacet
  facet normal 1.078212202032228e-14 0.13917310096007185 -0.9902680687415696
    outer loop
      vertex 12.061269311068042 107.77442495438767 15.117224925104033
      vertex 11.643585495963876 108.49083398197567 15.217909647829579
      vertex 11.509037355874975 108.88334261416882 15.2730731386259
    endloop
  endfacet
  facet normal 8.859687963621497e-14 0.1391731009600781 -0.9902680687415685
    outer loop
      vertex 11.509037355874975 108.88334261416882 15.2730731386259
      vertex 11.427376443603801 109.28988442427209 15.330208863959232
      vertex 11.399999999999995 109.7035033691999 15.388339215728111
    endloop
  endfacet
  facet normal -1.5461156104613064e-14 0.13917310096006463 -0.9902680687415704
    outer loop
      vertex 11.509037355874975 108.88334261416882 15.2730731386259
      vertex 11.399999999999995 109.7035033691999 15.388339215728111
      vertex 11.427376443603801 110.11712231412771 15.446469567496989
    endloop
  endfacet
  facet normal -2.4192598748602476e-15 0.13917310096006547 -0.9902680687415704
    outer loop
      vertex 12.061269311068042 107.77442495438767 15.117224925104033
      vertex 11.509037355874975 108.88334261416882 15.2730731386259
      vertex 11.427376443603801 110.11712231412771 15.446469567496989
    endloop
  endfacet
  facet normal 6.389998046015651e-16 0.13917310096006624 -0.9902680687415704
    outer loop
      vertex 12.061269311068042 107.77442495438767 15.117224925104033
      vertex 11.427376443603801 110.11712231412771 15.446469567496989
      vertex 14.599999999999994 106.53464554922687 14.9429852926559
    endloop
  endfacet
  facet normal -1.772557302286353e-15 0.1391731009600641 -0.9902680687415705
    outer loop
      vertex 14.599999999999994 106.53464554922687 14.9429852926559
      vertex 11.427376443603801 110.11712231412771 15.446469567496989
      vertex 13.12775681356645 108.86177551076958 15.270042079912056
    endloop
  endfacet
  facet normal 1.8998778370575324e-13 0.13917310096018176 -0.990268068741554
    outer loop
      vertex 14.599999999999994 106.53464554922687 14.9429852926559
      vertex 13.12775681356645 108.86177551076958 15.270042079912056
      vertex 13.251299321504895 108.67868046133088 15.244309748834068
    endloop
  endfacet
  facet normal 3.1549034310955012e-15 0.1391731009600707 -0.9902680687415696
    outer loop
      vertex 13.029404794730807 109.05927275723703 15.297798507782016
      vertex 13.12775681356645 108.86177551076958 15.270042079912056
      vertex 11.427376443603801 110.11712231412771 15.446469567496989
    endloop
  endfacet
  facet normal 9.57156906628558e-16 0.1391731009600674 -0.9902680687415701
    outer loop
      vertex 13.029404794730807 109.05927275723703 15.297798507782016
      vertex 11.427376443603801 110.11712231412771 15.446469567496989
      vertex 12.957926095308578 109.26779296808964 15.32710411226756
    endloop
  endfacet
  facet normal -2.538320972296803e-15 0.13917310096006125 -0.9902680687415709
    outer loop
      vertex 12.957926095308578 109.26779296808964 15.32710411226756
      vertex 11.427376443603801 110.11712231412771 15.446469567496989
      vertex 12.914543735664516 109.483768304707 15.357457466350894
    endloop
  endfacet
  facet normal 2.975118337367756e-15 0.139173100960074 -0.9902680687415691
    outer loop
      vertex 12.914543735664516 109.483768304707 15.357457466350894
      vertex 11.427376443603801 110.11712231412771 15.446469567496989
      vertex 12.899999999999995 109.7035033691999 15.388339215728111
    endloop
  endfacet
  facet normal -1.818937738625899e-15 0.13917310096005722 -0.9902680687415715
    outer loop
      vertex 12.899999999999995 109.7035033691999 15.388339215728111
      vertex 11.427376443603801 110.11712231412771 15.446469567496989
      vertex 12.914543735664516 109.9232384336928 15.419220965105326
    endloop
  endfacet
  facet normal -1.3280095093213037e-14 0.13917310096005753 -0.9902680687415715
    outer loop
      vertex 14.599999999999994 106.53464554922687 14.9429852926559
      vertex 13.251299321504895 108.67868046133088 15.244309748834068
      vertex 13.397918471982864 108.51312041598045 15.221041801867152
    endloop
  endfacet
  facet normal -2.606701915127075e-16 0.13917310096006588 -0.9902680687415704
    outer loop
      vertex 14.599999999999994 106.53464554922687 14.9429852926559
      vertex 15.63489442931482 108.3679281529961 15.200636360035002
      vertex 17.772623556396187 110.11712231412771 15.446469567496989
    endloop
  endfacet
  facet normal 2.5280632509174206e-14 0.13917310096003535 -0.9902680687415745
    outer loop
      vertex 15.63489442931482 108.3679281529961 15.200636360035002
      vertex 15.802081528017125 108.51312041598045 15.221041801867152
      vertex 17.772623556396187 110.11712231412771 15.446469567496989
    endloop
  endfacet
  facet normal 5.400768690152334e-14 0.13917310096005014 -0.9902680687415725
    outer loop
      vertex 11.427376443603801 110.11712231412771 15.446469567496989
      vertex 11.509037355874975 110.52366412423098 15.50360529283032
      vertex 11.643585495963876 110.91617275642413 15.558768783626642
    endloop
  endfacet
  facet normal 4.553238388316738e-15 0.1391731009600632 -0.9902680687415706
    outer loop
      vertex 11.427376443603801 110.11712231412771 15.446469567496989
      vertex 11.643585495963876 110.91617275642413 15.558768783626642
      vertex 12.337258300203041 111.94422422231884 15.703251994760501
    endloop
  endfacet
  facet normal -1.9721908138199126e-14 0.1391731009600771 -0.9902680687415687
    outer loop
      vertex 11.643585495963876 110.91617275642413 15.558768783626642
      vertex 11.828718707889792 111.2879322791864 15.611016177264215
      vertex 12.061269311068042 111.63258178401213 15.659453506352188
    endloop
  endfacet
  facet normal 5.899651671497173e-15 0.13917310096006225 -0.9902680687415708
    outer loop
      vertex 11.643585495963876 110.91617275642413 15.558768783626642
      vertex 12.061269311068042 111.63258178401213 15.659453506352188
      vertex 12.337258300203041 111.94422422231884 15.703251994760501
    endloop
  endfacet
  facet normal -1.824149594610646e-17 0.13917310096007074 -0.9902680687415696
    outer loop
      vertex 12.914543735664516 109.9232384336928 15.419220965105326
      vertex 11.427376443603801 110.11712231412771 15.446469567496989
      vertex 12.957926095308578 110.13921377031015 15.44957431918866
    endloop
  endfacet
  facet normal 1.7140738602787953e-16 0.13917310096005775 -0.9902680687415714
    outer loop
      vertex 11.427376443603801 110.11712231412771 15.446469567496989
      vertex 13.029404794730807 110.34773398116278 15.478879923674205
      vertex 12.957926095308578 110.13921377031015 15.44957431918866
    endloop
  endfacet
  facet normal -1.6200804362356546e-15 0.13917310096006993 -0.9902680687415697
    outer loop
      vertex 11.427376443603801 110.11712231412771 15.446469567496989
      vertex 13.12775681356645 110.54523122763023 15.506636351544165
      vertex 13.029404794730807 110.34773398116278 15.478879923674205
    endloop
  endfacet
  facet normal -1.3559722843903202e-15 0.139173100960069 -0.9902680687415698
    outer loop
      vertex 11.427376443603801 110.11712231412771 15.446469567496989
      vertex 13.251299321504895 110.7283262770689 15.532368682622153
      vertex 13.12775681356645 110.54523122763023 15.506636351544165
    endloop
  endfacet
  facet normal -2.0709109701549214e-15 0.13917310096007107 -0.9902680687415696
    outer loop
      vertex 11.427376443603801 110.11712231412771 15.446469567496989
      vertex 13.397918471982864 110.89388632241933 15.555636629589069
      vertex 13.251299321504895 110.7283262770689 15.532368682622153
    endloop
  endfacet
  facet normal 1.4952804721294604e-15 0.13917310096006202 -0.9902680687415709
    outer loop
      vertex 11.427376443603801 110.11712231412771 15.446469567496989
      vertex 13.56510557068517 111.03907858540369 15.576042071421218
      vertex 13.397918471982864 110.89388632241933 15.555636629589069
    endloop
  endfacet
  facet normal 1.1469173035049217e-14 0.13917310096003946 -0.990268068741574
    outer loop
      vertex 11.427376443603801 110.11712231412771 15.446469567496989
      vertex 13.749999999999995 111.16141878614738 15.593235865351394
      vertex 13.56510557068517 111.03907858540369 15.576042071421218
    endloop
  endfacet
  facet normal 4.34451721601223e-16 0.13917310096006524 -0.9902680687415704
    outer loop
      vertex 11.427376443603801 110.11712231412771 15.446469567496989
      vertex 12.337258300203041 111.94422422231884 15.703251994760501
      vertex 14.599999999999994 112.87236118917292 15.83369313880032
    endloop
  endfacet
  facet normal -1.175573056269209e-15 0.13917310096006705 -0.9902680687415701
    outer loop
      vertex 11.427376443603801 110.11712231412771 15.446469567496989
      vertex 14.599999999999994 112.87236118917292 15.83369313880032
      vertex 13.749999999999995 111.16141878614738 15.593235865351394
    endloop
  endfacet
  facet normal 2.275604785176298e-14 0.13917310096003427 -0.9902680687415747
    outer loop
      vertex 12.337258300203041 111.94422422231884 15.703251994760501
      vertex 12.651963427172088 112.2175273055835 15.741662238209253
      vertex 12.999999999999995 112.44781474227752 15.774027026783704
    endloop
  endfacet
  facet normal 6.611678597366668e-15 0.1391731009600552 -0.9902680687415717
    outer loop
      vertex 12.337258300203041 111.94422422231884 15.703251994760501
      vertex 12.999999999999995 112.44781474227752 15.774027026783704
      vertex 13.375413016431708 112.6311462505113 15.79979258997813
    endloop
  endfacet
  facet normal 1.3724647366995734e-15 0.13917310096006294 -0.9902680687415707
    outer loop
      vertex 12.337258300203041 111.94422422231884 15.703251994760501
      vertex 13.375413016431708 112.6311462505113 15.79979258997813
      vertex 14.599999999999994 112.87236118917292 15.83369313880032
    endloop
  endfacet
  facet normal 7.537610639699641e-15 0.13917310096006275 -0.9902680687415707
    outer loop
      vertex 13.749999999999995 111.16141878614738 15.593235865351394
      vertex 14.599999999999994 112.87236118917292 15.83369313880032
      vertex 13.949438164979341 111.25881364989658 15.606923820798434
    endloop
  endfacet
  facet normal -3.286950199149355e-15 0.13917310096006705 -0.99026806874157
    outer loop
      vertex 13.949438164979341 111.25881364989658 15.606923820798434
      vertex 14.599999999999994 112.87236118917292 15.83369313880032
      vertex 14.16000762332571 111.32959672352959 15.616871733049617
    endloop
  endfacet
  facet normal -1.547061535431204e-15 0.13917310096006655 -0.9902680687415701
    outer loop
      vertex 14.16000762332571 111.32959672352959 15.616871733049617
      vertex 14.599999999999994 112.87236118917292 15.83369313880032
      vertex 14.378105473225906 111.37255688903177 15.622909390568246
    endloop
  endfacet
  facet normal -8.755918054130722e-16 0.13917310096006646 -0.9902680687415701
    outer loop
      vertex 14.378105473225906 111.37255688903177 15.622909390568246
      vertex 14.599999999999994 112.87236118917292 15.83369313880032
      vertex 14.599999999999994 111.38695908606057 15.624933487360222
    endloop
  endfacet
  facet normal 8.755918054130722e-16 0.13917310096006646 -0.9902680687415701
    outer loop
      vertex 14.599999999999994 111.38695908606057 15.624933487360222
      vertex 14.599999999999994 112.87236118917292 15.83369313880032
      vertex 14.821894526774082 111.37255688903177 15.622909390568246
    endloop
  endfacet
  facet normal 1.5416522293632631e-15 0.1391731009600666 -0.9902680687415701
    outer loop
      vertex 14.821894526774082 111.37255688903177 15.622909390568246
      vertex 14.599999999999994 112.87236118917292 15.83369313880032
      vertex 15.03999237667428 111.32959672352959 15.616871733049617
    endloop
  endfacet
  facet normal 3.2811015333145696e-15 0.13917310096006705 -0.99026806874157
    outer loop
      vertex 15.03999237667428 111.32959672352959 15.616871733049617
      vertex 14.599999999999994 112.87236118917292 15.83369313880032
      vertex 15.250561835020648 111.25881364989658 15.606923820798434
    endloop
  endfacet
  facet normal -7.537610639699641e-15 0.13917310096006275 -0.9902680687415707
    outer loop
      vertex 15.449999999999994 111.16141878614738 15.593235865351394
      vertex 15.250561835020648 111.25881364989658 15.606923820798434
      vertex 14.599999999999994 112.87236118917292 15.83369313880032
    endloop
  endfacet
  facet normal 1.014422795536758e-14 0.13917310096007138 -0.9902680687415695
    outer loop
      vertex 15.449999999999994 111.16141878614738 15.593235865351394
      vertex 14.599999999999994 112.87236118917292 15.83369313880032
      vertex 15.63489442931482 111.03907858540369 15.576042071421218
    endloop
  endfacet
  facet normal 3.342391643583832e-15 0.13917310096006766 -0.99026806874157
    outer loop
      vertex 15.63489442931482 111.03907858540369 15.576042071421218
      vertex 14.599999999999994 112.87236118917292 15.83369313880032
      vertex 15.802081528017125 110.89388632241933 15.555636629589069
    endloop
  endfacet
  facet normal -1.1124210510741892e-16 0.13917310096006558 -0.9902680687415703
    outer loop
      vertex 14.599999999999994 112.87236118917292 15.83369313880032
      vertex 17.772623556396187 110.11712231412771 15.446469567496989
      vertex 15.802081528017125 110.89388632241933 15.555636629589069
    endloop
  endfacet
  facet normal 6.433671865900579e-15 0.13917310096007926 -0.9902680687415685
    outer loop
      vertex 15.42822094432806 112.76438497734992 15.818518071862712
      vertex 15.824586983568281 112.6311462505113 15.79979258997813
      vertex 16.5480365728279 112.2175273055835 15.741662238209253
    endloop
  endfacet
  facet normal -6.82681435552913e-16 0.13917310096006713 -0.9902680687415701
    outer loop
      vertex 16.199999999999996 112.44781474227752 15.774027026783704
      vertex 16.5480365728279 112.2175273055835 15.741662238209253
      vertex 15.824586983568281 112.6311462505113 15.79979258997813
    endloop
  endfacet
  facet normal 4.488312586289315e-15 0.13917310096004742 -0.9902680687415729
    outer loop
      vertex 13.375413016431708 112.6311462505113 15.79979258997813
      vertex 13.771779055671928 112.76438497734992 15.818518071862712
      vertex 14.599999999999994 112.87236118917292 15.83369313880032
    endloop
  endfacet
  facet normal 1.2278784153348428e-14 0.13917310095998878 -0.9902680687415811
    outer loop
      vertex 13.771779055671928 112.76438497734992 15.818518071862712
      vertex 14.182316184895829 112.84525117123637 15.829883074250718
      vertex 14.599999999999994 112.87236118917292 15.83369313880032
    endloop
  endfacet
  facet normal -1.2283524996650879e-14 0.13917310095998878 -0.9902680687415811
    outer loop
      vertex 14.599999999999994 112.87236118917292 15.83369313880032
      vertex 15.01768381510416 112.84525117123637 15.829883074250718
      vertex 15.42822094432806 112.76438497734992 15.818518071862712
    endloop
  endfacet
  facet normal -2.6905499567326015e-15 0.13917310096006097 -0.990268068741571
    outer loop
      vertex 14.599999999999994 112.87236118917292 15.83369313880032
      vertex 15.42822094432806 112.76438497734992 15.818518071862712
      vertex 16.5480365728279 112.2175273055835 15.741662238209253
    endloop
  endfacet
  facet normal 4.1222064430729025e-16 0.1391731009600646 -0.9902680687415704
    outer loop
      vertex 14.599999999999994 106.53464554922687 14.9429852926559
      vertex 19.129018933499832 109.7000022428669 15.387847164510871
      vertex 16.5480365728279 107.1894794328163 15.035016193246967
    endloop
  endfacet
  facet normal -4.1382052430957817e-14 0.13917310096010677 -0.9902680687415646
    outer loop
      vertex 16.5480365728279 107.1894794328163 15.035016193246967
      vertex 19.129018933499832 109.7000022428669 15.387847164510871
      vertex 16.862741699796945 107.46278251608096 15.07342643669572
    endloop
  endfacet
  facet normal 6.1080539968961696e-15 0.13917310096005833 -0.9902680687415713
    outer loop
      vertex 15.802081528017125 108.51312041598045 15.221041801867152
      vertex 17.00769858994019 109.7000022428669 15.387847164510871
      vertex 17.772623556396187 110.11712231412771 15.446469567496989
    endloop
  endfacet
  facet normal -8.891201712746005e-16 0.13917310096006646 -0.9902680687415701
    outer loop
      vertex 14.599999999999994 106.53464554922687 14.9429852926559
      vertex 17.772623556396187 110.11712231412771 15.446469567496989
      vertex 19.129018933499832 109.7000022428669 15.387847164510871
    endloop
  endfacet
  facet normal 8.019798037624686e-13 0.1391731009586238 -0.9902680687417729
    outer loop
      vertex 17.00849318305318 109.70102769902805 15.38799128297571
      vertex 17.772623556396187 110.11712231412771 15.446469567496989
      vertex 17.00812982273571 109.70048918417675 15.38791559964901
    endloop
  endfacet
  facet normal -2.2433491975807747e-12 0.1391731009641036 -0.9902680687410027
    outer loop
      vertex 17.00769858994019 109.7000022428669 15.387847164510871
      vertex 17.00812982273571 109.70048918417675 15.38791559964901
      vertex 17.772623556396187 110.11712231412771 15.446469567496989
    endloop
  endfacet
  facet normal 7.021875018367344e-13 0.13917310095878227 -0.9902680687417507
    outer loop
      vertex 17.00769858994019 109.7070044955329 15.388831266945349
      vertex 17.772623556396187 110.11712231412771 15.446469567496989
      vertex 17.00812982273571 109.70651755422304 15.388762831807211
    endloop
  endfacet
  facet normal -1.0820948733465575e-12 0.13917310096204 -0.9902680687412928
    outer loop
      vertex 17.00849318305318 109.70597903937175 15.38868714848051
      vertex 17.00812982273571 109.70651755422304 15.388762831807211
      vertex 17.772623556396187 110.11712231412771 15.446469567496989
    endloop
  endfacet
  facet normal -7.273147710604998e-16 0.13917310096006918 -0.9902680687415697
    outer loop
      vertex 17.008782453696814 109.70539816511744 15.388605511927953
      vertex 17.00849318305318 109.70597903937175 15.38868714848051
      vertex 17.772623556396187 110.11712231412771 15.446469567496989
    endloop
  endfacet
  facet normal 7.141008604123164e-13 0.13917310095876867 -0.9902680687417525
    outer loop
      vertex 17.008782453696814 109.70539816511744 15.388605511927953
      vertex 17.772623556396187 110.11712231412771 15.446469567496989
      vertex 17.0089926851657 109.70478487037964 15.388519318973584
    endloop
  endfacet
  facet normal -2.385421064907212e-13 0.13917310096049873 -0.9902680687415094
    outer loop
      vertex 17.009120280341126 109.70414964880135 15.38843004440275
      vertex 17.0089926851657 109.70478487037964 15.388519318973584
      vertex 17.772623556396187 110.11712231412771 15.446469567496989
    endloop
  endfacet
  facet normal 9.347146778921858e-13 0.13917310095837168 -0.9902680687418084
    outer loop
      vertex 17.009120280341126 109.70414964880135 15.38843004440275
      vertex 17.772623556396187 110.11712231412771 15.446469567496989
      vertex 17.009163056034257 109.7035033691999 15.388339215728111
    endloop
  endfacet
  facet normal -2.2448122205587365e-12 0.1391731009641268 -0.9902680687409995
    outer loop
      vertex 17.009120280341126 109.70285708959845 15.388248387053471
      vertex 17.009163056034257 109.7035033691999 15.388339215728111
      vertex 17.772623556396187 110.11712231412771 15.446469567496989
    endloop
  endfacet
  facet normal 1.3906809163626376e-12 0.13917310095755628 -0.990268068741923
    outer loop
      vertex 17.0089926851657 109.70222186802016 15.388159112482638
      vertex 17.009120280341126 109.70285708959845 15.388248387053471
      vertex 17.772623556396187 110.11712231412771 15.446469567496989
    endloop
  endfacet
  facet normal -8.681553245028152e-13 0.13917310096163316 -0.99026806874135
    outer loop
      vertex 17.008782453696814 109.70160857328236 15.388072919528268
      vertex 17.0089926851657 109.70222186802016 15.388159112482638
      vertex 17.772623556396187 110.11712231412771 15.446469567496989
    endloop
  endfacet
  facet normal -1.0993729534193918e-15 0.13917310096007007 -0.9902680687415697
    outer loop
      vertex 17.008782453696814 109.70160857328236 15.388072919528268
      vertex 17.772623556396187 110.11712231412771 15.446469567496989
      vertex 17.00849318305318 109.70102769902805 15.38799128297571
    endloop
  endfacet
  facet normal -1.4407245030014631e-12 0.1391731009613484 -0.99026806874139
    outer loop
      vertex 19.129018933499832 109.7000022428669 15.387847164510871
      vertex 19.1304833995939 109.7035033691999 15.388339215728111
      vertex 19.130102797256455 109.70160857328236 15.388072919528268
    endloop
  endfacet
  facet normal 8.513489801116718e-12 0.1391731009547619 -0.9902680687423158
    outer loop
      vertex 19.129018933499832 109.7000022428669 15.387847164510871
      vertex 19.130102797256455 109.70160857328236 15.388072919528268
      vertex 19.129450166295356 109.70048918417675 15.38791559964901
    endloop
  endfacet
  facet normal 1.9882716166202138e-12 0.13917310096067292 -0.990268068741485
    outer loop
      vertex 19.130102797256455 109.70160857328236 15.388072919528268
      vertex 19.1304833995939 109.7035033691999 15.388339215728111
      vertex 19.130313028725347 109.70222186802016 15.388159112482638
    endloop
  endfacet
  facet normal -5.279166059948597e-12 0.13917310096264765 -0.9902680687412074
    outer loop
      vertex 19.129450166295356 109.70048918417675 15.38791559964901
      vertex 19.130102797256455 109.70160857328236 15.388072919528268
      vertex 19.12981352661282 109.70102769902805 15.38799128297571
    endloop
  endfacet
  facet normal -4.65726223533332e-11 0.13917310096700392 -0.9902680687405951
    outer loop
      vertex 19.130313028725347 109.70222186802016 15.388159112482638
      vertex 19.1304833995939 109.7035033691999 15.388339215728111
      vertex 19.130440623900768 109.70285708959845 15.388248387053471
    endloop
  endfacet
  facet normal 1.2758246078769998e-12 0.13917310096023408 -0.9902680687415466
    outer loop
      vertex 19.129018933499832 109.7000022428669 15.387847164510871
      vertex 19.129018933499832 109.7070044955329 15.388831266945349
      vertex 19.1304833995939 109.7035033691999 15.388339215728111
    endloop
  endfacet
  facet normal -4.054097081648836e-12 0.13917310095804789 -0.9902680687418538
    outer loop
      vertex 19.130440623900768 109.70414964880135 15.38843004440275
      vertex 19.1304833995939 109.7035033691999 15.388339215728111
      vertex 19.129018933499832 109.7070044955329 15.388831266945349
    endloop
  endfacet
  facet normal -2.1198429178072494e-12 0.13917310095899244 -0.9902680687417211
    outer loop
      vertex 19.130440623900768 109.70414964880135 15.38843004440275
      vertex 19.129018933499832 109.7070044955329 15.388831266945349
      vertex 19.130102797256455 109.70539816511744 15.388605511927953
    endloop
  endfacet
  facet normal -1.878129951614481e-12 0.13917310095915236 -0.9902680687416987
    outer loop
      vertex 19.130102797256455 109.70539816511744 15.388605511927953
      vertex 19.129018933499832 109.7070044955329 15.388831266945349
      vertex 19.12981352661282 109.70597903937175 15.38868714848051
    endloop
  endfacet
  facet normal 1.4493469100966981e-11 0.1391731009634006 -0.9902680687411016
    outer loop
      vertex 19.130440623900768 109.70414964880135 15.38843004440275
      vertex 19.130102797256455 109.70539816511744 15.388605511927953
      vertex 19.130313028725347 109.70478487037964 15.388519318973584
    endloop
  endfacet
  facet normal 2.216794624114168e-11 0.139173100977424 -0.9902680687391308
    outer loop
      vertex 19.12981352661282 109.70597903937175 15.38868714848051
      vertex 19.129018933499832 109.7070044955329 15.388831266945349
      vertex 19.129450166295356 109.70651755422304 15.388762831807211
    endloop
  endfacet
  facet normal 1.665998598114427e-16 0.13917310096006627 -0.9902680687415701
    outer loop
      vertex 17.00769858994019 109.7070044955329 15.388831266945349
      vertex 15.802081528017125 110.89388632241933 15.555636629589069
      vertex 17.772623556396187 110.11712231412771 15.446469567496989
    endloop
  endfacet
  facet normal -1.821866793704992e-15 0.13917310096006374 -0.9902680687415706
    outer loop
      vertex 14.599999999999994 112.87236118917292 15.83369313880032
      vertex 19.129018933499832 109.7000022428669 15.387847164510871
      vertex 17.772623556396187 110.11712231412771 15.446469567496989
    endloop
  endfacet
  facet normal -1.7273995837094152e-15 0.13917310096006377 -0.9902680687415706
    outer loop
      vertex 14.599999999999994 112.87236118917292 15.83369313880032
      vertex 16.5480365728279 112.2175273055835 15.741662238209253
      vertex 19.129018933499832 109.7000022428669 15.387847164510871
    endloop
  endfacet
  facet normal 4.428668883799178e-14 0.13917310096011057 -0.9902680687415639
    outer loop
      vertex 19.129018933499832 109.7000022428669 15.387847164510871
      vertex 16.5480365728279 112.2175273055835 15.741662238209253
      vertex 16.862741699796945 111.94422422231884 15.703251994760501
    endloop
  endfacet
  facet normal 1.6954824613091973e-13 0.1391731009602341 -0.9902680687415466
    outer loop
      vertex 19.129018933499832 109.7000022428669 15.387847164510871
      vertex 16.862741699796945 111.94422422231884 15.703251994760501
      vertex 19.129018933499832 109.7070044955329 15.388831266945349
    endloop
  endfacet
  facet normal 0.7518398074789853 0.6529291069519729 0.09176320169251743
    outer loop
      vertex 12.337258300203041 48.9713635467518 0
      vertex 12.061269311068042 49.289161461178125 0
      vertex 12.061269311068042 48.338535468518614 6.764055405480906
    endloop
  endfacet
  facet normal 0.8314696123025453 0.5501634617026255 0.07732043213044423
    outer loop
      vertex 12.061269311068042 49.289161461178125 0
      vertex 11.828718707889792 49.64061838866463 0
      vertex 11.828718707889792 48.68318497334434 6.812492734568878
    endloop
  endfacet
  facet normal 0.8968727415326848 0.4379843670894161 0.06155468853734522
    outer loop
      vertex 11.828718707889792 49.64061838866463 0
      vertex 11.643585495963876 50.01972080373975 0
      vertex 11.643585495963876 49.054944496106614 6.864740128206452
    endloop
  endfacet
  facet normal 0.5555702330196002 0.823377807192145 0.11571820429820927
    outer loop
      vertex 12.651963427172088 48.69266225581175 0
      vertex 12.651963427172088 47.75358994694725 6.68184667362384
      vertex 12.999999999999995 48.457826244716514 0
    endloop
  endfacet
  facet normal 0.4422886902190172 0.888144437664525 0.12482056060565892
    outer loop
      vertex 12.999999999999995 48.457826244716514 0
      vertex 12.999999999999995 47.52330251025324 6.649481885049389
      vertex 13.375413016431708 48.270873622724785 0
    endloop
  endfacet
  facet normal 0.3214394653031654 0.937714670568322 0.1317872025143504
    outer loop
      vertex 13.375413016431708 48.270873622724785 0
      vertex 13.375413016431708 47.33997100201943 6.623716321854963
      vertex 13.771779055671928 48.135003201031914 0
    endloop
  endfacet
  facet normal 0.6593458151000561 0.744522954155252 0.10463587743206942
    outer loop
      vertex 12.337258300203041 48.9713635467518 0
      vertex 12.337258300203041 48.0268930302119 6.720256917072591
      vertex 12.651963427172088 48.69266225581175 0
    endloop
  endfacet
  facet normal 0.9469301294951066 0.31831123852308235 0.044735727157186045
    outer loop
      vertex 11.643585495963876 50.01972080373975 0
      vertex 11.509037355874975 50.41998215897453 0
      vertex 11.509037355874975 49.44745312829978 6.919903619002772
    endloop
  endfacet
  facet normal 0.9807852804032309 0.1931917164130796 0.02715132508228186
    outer loop
      vertex 11.509037355874975 50.41998215897453 0
      vertex 11.427376443603801 50.83455387160746 0
      vertex 11.427376443603801 49.85399493840304 6.977039344336107
    endloop
  endfacet
  facet normal 0.06540312923015185 0.9881478287920341 0.13887512066778873
    outer loop
      vertex 14.182316184895829 48.05253976022346 0
      vertex 14.182316184895829 47.125866081294376 6.5936258375823735
      vertex 14.599999999999994 48.02489427263483 0
    endloop
  endfacet
  facet normal 0.19509032201612217 0.9712403454750675 0.13649892884970516
    outer loop
      vertex 13.771779055671928 48.135003201031914 0
      vertex 13.771779055671928 47.206732275180826 6.604990839970381
      vertex 14.182316184895829 48.05253976022346 0
    endloop
  endfacet
  facet normal -0.06540312923015185 0.9881478287920341 0.13887512066778865
    outer loop
      vertex 14.599999999999994 48.02489427263483 0
      vertex 14.599999999999994 47.09875606335782 6.5898157730327735
      vertex 15.01768381510416 48.05253976022346 0
    endloop
  endfacet
  facet normal -0.19509032201612217 0.9712403454750675 0.13649892884970516
    outer loop
      vertex 15.01768381510416 48.05253976022346 0
      vertex 15.42822094432806 47.206732275180826 6.604990839970381
      vertex 15.42822094432806 48.135003201031914 0
    endloop
  endfacet
  facet normal -0.3214394653031655 0.9377146705683221 0.1317872025143501
    outer loop
      vertex 15.42822094432806 48.135003201031914 0
      vertex 15.42822094432806 47.206732275180826 6.604990839970381
      vertex 15.824586983568281 48.270873622724785 0
    endloop
  endfacet
  facet normal -0.44228869021901557 0.8881444376645259 0.12482056060565891
    outer loop
      vertex 15.824586983568281 48.270873622724785 0
      vertex 15.824586983568281 47.33997100201943 6.623716321854963
      vertex 16.199999999999996 48.457826244716514 0
    endloop
  endfacet
  facet normal -0.5555702330196021 0.8233778071921438 0.11571820429820907
    outer loop
      vertex 16.199999999999996 48.457826244716514 0
      vertex 16.5480365728279 47.75358994694725 6.68184667362384
      vertex 16.5480365728279 48.69266225581175 0
    endloop
  endfacet
  facet normal -0.6593458151000582 0.7445229541552503 0.10463587743206962
    outer loop
      vertex 16.5480365728279 48.69266225581175 0
      vertex 16.5480365728279 47.75358994694725 6.68184667362384
      vertex 16.862741699796945 48.9713635467518 0
    endloop
  endfacet
  facet normal 0.9978589232386036 0.06476663047238845 0.009102356307450809
    outer loop
      vertex 11.427376443603801 50.83455387160746 0
      vertex 11.399999999999995 51.256342504694416 0
      vertex 11.399999999999995 50.26761388333085 7.035169696104983
    endloop
  endfacet
  facet normal 0.9978589232386035 -0.06476663047238954 -0.009102356307450972
    outer loop
      vertex 11.399999999999995 51.256342504694416 0
      vertex 11.427376443603801 51.678131137781364 0
      vertex 11.427376443603801 50.68123282825866 7.093300047873861
    endloop
  endfacet
  facet normal 0.980785280403231 -0.19319171641307958 -0.02715132508228186
    outer loop
      vertex 11.427376443603801 51.678131137781364 0
      vertex 11.509037355874975 52.0927028504143 0
      vertex 11.509037355874975 51.08777463836192 7.150435773207194
    endloop
  endfacet
  facet normal 0.9469301294951065 -0.31831123852308235 -0.04473572715718592
    outer loop
      vertex 11.509037355874975 52.0927028504143 0
      vertex 11.643585495963876 52.49296420564907 0
      vertex 11.643585495963876 51.480283270555084 7.2055992640035145
    endloop
  endfacet
  facet normal 0.9469301294951066 0.31831123852308224 0.044735727157186045
    outer loop
      vertex 11.643585495963876 50.01972080373975 0
      vertex 11.509037355874975 49.44745312829978 6.919903619002772
      vertex 11.643585495963876 49.054944496106614 6.864740128206452
    endloop
  endfacet
  facet normal 0.7518398074789835 0.6529291069519748 0.09176320169251753
    outer loop
      vertex 12.337258300203041 48.9713635467518 0
      vertex 12.061269311068042 48.338535468518614 6.764055405480906
      vertex 12.337258300203041 48.0268930302119 6.720256917072591
    endloop
  endfacet
  facet normal 0.8314696123025456 0.5501634617026251 0.0773204321304442
    outer loop
      vertex 12.061269311068042 49.289161461178125 0
      vertex 11.828718707889792 48.68318497334434 6.812492734568878
      vertex 12.061269311068042 48.338535468518614 6.764055405480906
    endloop
  endfacet
  facet normal 0.8968727415326848 0.437984367089416 0.06155468853734521
    outer loop
      vertex 11.828718707889792 49.64061838866463 0
      vertex 11.643585495963876 49.054944496106614 6.864740128206452
      vertex 11.828718707889792 48.68318497334434 6.812492734568878
    endloop
  endfacet
  facet normal 0.6593458151000616 0.744522954155247 0.10463587743206917
    outer loop
      vertex 12.651963427172088 48.69266225581175 0
      vertex 12.337258300203041 48.0268930302119 6.720256917072591
      vertex 12.651963427172088 47.75358994694725 6.68184667362384
    endloop
  endfacet
  facet normal 0.5555702330196003 0.8233778071921448 0.11571820429820924
    outer loop
      vertex 12.999999999999995 48.457826244716514 0
      vertex 12.651963427172088 47.75358994694725 6.68184667362384
      vertex 12.999999999999995 47.52330251025324 6.649481885049389
    endloop
  endfacet
  facet normal 0.4422886902190152 0.8881444376645259 0.12482056060565891
    outer loop
      vertex 13.375413016431708 48.270873622724785 0
      vertex 12.999999999999995 47.52330251025324 6.649481885049389
      vertex 13.375413016431708 47.33997100201943 6.623716321854963
    endloop
  endfacet
  facet normal 0.3214394653031608 0.9377146705683236 0.1317872025143503
    outer loop
      vertex 13.771779055671928 48.135003201031914 0
      vertex 13.375413016431708 47.33997100201943 6.623716321854963
      vertex 13.771779055671928 47.206732275180826 6.604990839970381
    endloop
  endfacet
  facet normal 0.9807852804032313 0.19319171641307856 0.027151325082281776
    outer loop
      vertex 11.509037355874975 50.41998215897453 0
      vertex 11.427376443603801 49.85399493840304 6.977039344336107
      vertex 11.509037355874975 49.44745312829978 6.919903619002772
    endloop
  endfacet
  facet normal 0.1950903220161271 0.9712403454750668 0.13649892884970533
    outer loop
      vertex 14.182316184895829 48.05253976022346 0
      vertex 13.771779055671928 47.206732275180826 6.604990839970381
      vertex 14.182316184895829 47.125866081294376 6.5936258375823735
    endloop
  endfacet
  facet normal 0.06540312923015101 0.9881478287920343 0.13887512066778868
    outer loop
      vertex 14.599999999999994 48.02489427263483 0
      vertex 14.182316184895829 47.125866081294376 6.5936258375823735
      vertex 14.599999999999994 47.09875606335782 6.5898157730327735
    endloop
  endfacet
  facet normal -0.06540312923015079 0.9881478287920343 0.13887512066778873
    outer loop
      vertex 15.01768381510416 48.05253976022346 0
      vertex 14.599999999999994 47.09875606335782 6.5898157730327735
      vertex 15.01768381510416 47.125866081294376 6.5936258375823735
    endloop
  endfacet
  facet normal -0.1950903220161271 0.9712403454750668 0.13649892884970533
    outer loop
      vertex 15.01768381510416 48.05253976022346 0
      vertex 15.01768381510416 47.125866081294376 6.5936258375823735
      vertex 15.42822094432806 47.206732275180826 6.604990839970381
    endloop
  endfacet
  facet normal -0.32143946530316103 0.9377146705683235 0.13178720251435058
    outer loop
      vertex 15.824586983568281 48.270873622724785 0
      vertex 15.42822094432806 47.206732275180826 6.604990839970381
      vertex 15.824586983568281 47.33997100201943 6.623716321854963
    endloop
  endfacet
  facet normal -0.4422886902190135 0.8881444376645268 0.1248205606056592
    outer loop
      vertex 16.199999999999996 48.457826244716514 0
      vertex 15.824586983568281 47.33997100201943 6.623716321854963
      vertex 16.199999999999996 47.52330251025324 6.649481885049389
    endloop
  endfacet
  facet normal -0.5555702330196023 0.8233778071921436 0.11571820429820907
    outer loop
      vertex 16.199999999999996 48.457826244716514 0
      vertex 16.199999999999996 47.52330251025324 6.649481885049389
      vertex 16.5480365728279 47.75358994694725 6.68184667362384
    endloop
  endfacet
  facet normal -0.7060010650237639 0.7013185124775545 0.09856388913583526
    outer loop
      vertex 16.862741699796945 48.9713635467518 0
      vertex 19.129018933499832 50.264112756997854 7.034677644887745
      vertex 19.129018933499832 51.25277222507263 0
    endloop
  endfacet
  facet normal -0.7518398074741293 0.652929106957456 0.09176320169328808
    outer loop
      vertex 19.129018933499832 51.25277222507263 0
      vertex 19.129018933499832 50.264112756997854 7.034677644887745
      vertex 19.129450166295356 51.25326878431392 0
    endloop
  endfacet
  facet normal -0.9469301294940322 0.31831123852621646 0.044735727157626366
    outer loop
      vertex 19.130313028725347 51.25503569165423 0
      vertex 19.130102797256455 51.254410283286674 0
      vertex 19.130102797256455 50.265719087413316 7.034903399905142
    endloop
  endfacet
  facet normal -0.9807852804038849 0.19319171640982466 0.027151325081824534
    outer loop
      vertex 19.130313028725347 51.25503569165423 0
      vertex 19.130313028725347 50.26633238215111 7.034989592859511
      vertex 19.130440623900768 51.255683459955215 0
    endloop
  endfacet
  facet normal -0.8968727415314497 0.4379843670918963 0.06155468853769399
    outer loop
      vertex 19.12981352661282 51.253817935763124 0
      vertex 19.12981352661282 50.265138213159 7.034821763352584
      vertex 19.130102797256455 51.254410283286674 0
    endloop
  endfacet
  facet normal -0.83146961230413 -0.5501634617002769 -0.07732043213011423
    outer loop
      vertex 19.12981352661282 51.25886707362571 0
      vertex 19.12981352661282 50.2700895535027 7.0355176288573835
      vertex 19.129450166295356 51.25941622507491 0
    endloop
  endfacet
  facet normal -0.9807852804042941 -0.19319171640778615 -0.02715132508153789
    outer loop
      vertex 19.130440623900768 51.25700154943361 0
      vertex 19.130440623900768 50.2682601629323 7.035260524779622
      vertex 19.130313028725347 51.257649317734604 0
    endloop
  endfacet
  facet normal -0.997858923238558 0.06476663047307724 0.009102356307547611
    outer loop
      vertex 19.1304833995939 51.256342504694416 0
      vertex 19.130440623900768 51.255683459955215 0
      vertex 19.1304833995939 50.26761388333085 7.035169696104983
    endloop
  endfacet
  facet normal -0.8314696123074508 0.5501634616953557 0.07732043212942274
    outer loop
      vertex 19.12981352661282 51.253817935763124 0
      vertex 19.129450166295356 51.25326878431392 0
      vertex 19.12981352661282 50.265138213159 7.034821763352584
    endloop
  endfacet
  facet normal -0.9978589232385119 -0.06476663047377253 -0.00910235630764531
    outer loop
      vertex 19.1304833995939 51.256342504694416 0
      vertex 19.130440623900768 50.2682601629323 7.035260524779622
      vertex 19.130440623900768 51.25700154943361 0
    endloop
  endfacet
  facet normal -0.7518398074788064 -0.6529291069521748 -0.09176320169254601
    outer loop
      vertex 19.129018933499832 51.2599127843162 0
      vertex 19.129450166295356 51.25941622507491 0
      vertex 19.129018933499832 50.271115009663845 7.035661747322221
    endloop
  endfacet
  facet normal -0.8968727415335542 -0.4379843670876703 -0.06155468853709994
    outer loop
      vertex 19.130102797256455 51.25827472610215 0
      vertex 19.12981352661282 50.2700895535027 7.0355176288573835
      vertex 19.12981352661282 51.25886707362571 0
    endloop
  endfacet
  facet normal -0.9469301294929207 -0.3183112385294592 -0.04473572715808228
    outer loop
      vertex 19.130102797256455 51.25827472610215 0
      vertex 19.130313028725347 51.257649317734604 0
      vertex 19.130102797256455 50.26950867924838 7.035435992304825
    endloop
  endfacet
  facet normal -0.706001065023763 -0.7013185124775556 -0.09856388913583558
    outer loop
      vertex 19.129018933499832 51.2599127843162 0
      vertex 19.129018933499832 50.271115009663845 7.035661747322221
      vertex 16.862741699796945 53.54132146263702 0
    endloop
  endfacet
  facet normal -0.6593458151000637 0.7445229541552454 0.1046358774320685
    outer loop
      vertex 16.862741699796945 48.9713635467518 0
      vertex 16.5480365728279 47.75358994694725 6.68184667362384
      vertex 16.862741699796945 48.0268930302119 6.720256917072591
    endloop
  endfacet
  facet normal -0.7060010650237635 0.7013185124775548 0.09856388913583505
    outer loop
      vertex 16.862741699796945 48.9713635467518 0
      vertex 16.862741699796945 48.0268930302119 6.720256917072591
      vertex 19.129018933499832 50.264112756997854 7.034677644887745
    endloop
  endfacet
  facet normal 0.896872741532688 -0.43798436708940947 -0.0615546885373441
    outer loop
      vertex 11.643585495963876 52.49296420564907 0
      vertex 11.828718707889792 52.872066620724205 0
      vertex 11.828718707889792 51.852042793317366 7.257846657641088
    endloop
  endfacet
  facet normal 0.8314696123025402 -0.5501634617026332 -0.07732043213044504
    outer loop
      vertex 11.828718707889792 52.872066620724205 0
      vertex 12.061269311068042 53.2235235482107 0
      vertex 12.061269311068042 52.196692298143084 7.306283986729061
    endloop
  endfacet
  facet normal 0.7518398074789853 -0.6529291069519729 -0.09176320169251723
    outer loop
      vertex 12.061269311068042 53.2235235482107 0
      vertex 12.337258300203041 53.54132146263702 0
      vertex 12.337258300203041 52.5083347364498 7.350082475137375
    endloop
  endfacet
  facet normal 0.6593458151000654 -0.7445229541552437 -0.1046358774320685
    outer loop
      vertex 12.337258300203041 53.54132146263702 0
      vertex 12.651963427172088 53.820022753577085 0
      vertex 12.651963427172088 52.78163781971445 7.388492718586126
    endloop
  endfacet
  facet normal 0.5555702330196001 -0.823377807192145 -0.115718204298209
    outer loop
      vertex 12.651963427172088 53.820022753577085 0
      vertex 12.999999999999995 54.05485876467232 0
      vertex 12.999999999999995 53.01192525640846 7.420857507160577
    endloop
  endfacet
  facet normal 0.4422886902190172 -0.8881444376645249 -0.12482056060565877
    outer loop
      vertex 12.999999999999995 54.05485876467232 0
      vertex 13.375413016431708 54.24181138666405 0
      vertex 13.375413016431708 53.19525676464227 7.446623070355003
    endloop
  endfacet
  facet normal 0.3214394653031504 -0.9377146705683271 -0.13178720251435047
    outer loop
      vertex 13.375413016431708 54.24181138666405 0
      vertex 13.771779055671928 54.37768180835691 0
      vertex 13.771779055671928 53.32849549148087 7.465348552239585
    endloop
  endfacet
  facet normal 0.19509032201613838 -0.9712403454750644 -0.136498928849705
    outer loop
      vertex 13.771779055671928 54.37768180835691 0
      vertex 14.182316184895829 54.46014524916537 0
      vertex 14.182316184895829 53.40936168536732 7.476713554627593
    endloop
  endfacet
  facet normal 0.06540312923015185 -0.9881478287920341 -0.1388751206677887
    outer loop
      vertex 14.182316184895829 54.46014524916537 0
      vertex 14.599999999999994 54.487790736754 0
      vertex 14.599999999999994 53.43647170330388 7.480523619177193
    endloop
  endfacet
  facet normal -0.06540312923015185 -0.9881478287920341 -0.1388751206677887
    outer loop
      vertex 14.599999999999994 54.487790736754 0
      vertex 15.01768381510416 54.46014524916537 0
      vertex 14.599999999999994 53.43647170330388 7.480523619177193
    endloop
  endfacet
  facet normal -0.19509032201613838 -0.9712403454750645 -0.13649892884970435
    outer loop
      vertex 15.01768381510416 54.46014524916537 0
      vertex 15.42822094432806 54.37768180835691 0
      vertex 15.42822094432806 53.32849549148087 7.465348552239585
    endloop
  endfacet
  facet normal -0.3214394653031504 -0.9377146705683271 -0.13178720251435108
    outer loop
      vertex 15.42822094432806 54.37768180835691 0
      vertex 15.824586983568281 54.24181138666405 0
      vertex 15.824586983568281 53.19525676464227 7.446623070355003
    endloop
  endfacet
  facet normal -0.4422886902190155 -0.8881444376645259 -0.12482056060565891
    outer loop
      vertex 15.824586983568281 54.24181138666405 0
      vertex 16.199999999999996 54.05485876467232 0
      vertex 15.824586983568281 53.19525676464227 7.446623070355003
    endloop
  endfacet
  facet normal -0.5555702330196021 -0.8233778071921437 -0.11571820429820884
    outer loop
      vertex 16.199999999999996 54.05485876467232 0
      vertex 16.5480365728279 53.820022753577085 0
      vertex 16.5480365728279 52.78163781971445 7.388492718586126
    endloop
  endfacet
  facet normal -0.6593458151000677 -0.7445229541552421 -0.10463587743206795
    outer loop
      vertex 16.862741699796945 53.54132146263702 0
      vertex 16.862741699796945 52.5083347364498 7.350082475137375
      vertex 16.5480365728279 53.820022753577085 0
    endloop
  endfacet
  facet normal 0.9978589232386036 0.06476663047238863 0.009102356307450822
    outer loop
      vertex 11.427376443603801 50.83455387160746 0
      vertex 11.399999999999995 50.26761388333085 7.035169696104983
      vertex 11.427376443603801 49.85399493840304 6.977039344336107
    endloop
  endfacet
  facet normal 0.9978589232386035 -0.06476663047238969 -0.009102356307450984
    outer loop
      vertex 11.399999999999995 51.256342504694416 0
      vertex 11.427376443603801 50.68123282825866 7.093300047873861
      vertex 11.399999999999995 50.26761388333085 7.035169696104983
    endloop
  endfacet
  facet normal 0.9807852804032312 -0.1931917164130786 -0.027151325082281776
    outer loop
      vertex 11.427376443603801 51.678131137781364 0
      vertex 11.509037355874975 51.08777463836192 7.150435773207194
      vertex 11.427376443603801 50.68123282825866 7.093300047873861
    endloop
  endfacet
  facet normal 0.9469301294951066 -0.31831123852308224 -0.044735727157185906
    outer loop
      vertex 11.509037355874975 52.0927028504143 0
      vertex 11.643585495963876 51.480283270555084 7.2055992640035145
      vertex 11.509037355874975 51.08777463836192 7.150435773207194
    endloop
  endfacet
  facet normal 0.8968727415326881 -0.4379843670894095 -0.06155468853734411
    outer loop
      vertex 11.643585495963876 52.49296420564907 0
      vertex 11.828718707889792 51.852042793317366 7.257846657641088
      vertex 11.643585495963876 51.480283270555084 7.2055992640035145
    endloop
  endfacet
  facet normal 0.8314696123025406 -0.5501634617026328 -0.07732043213044501
    outer loop
      vertex 11.828718707889792 52.872066620724205 0
      vertex 12.061269311068042 52.196692298143084 7.306283986729061
      vertex 11.828718707889792 51.852042793317366 7.257846657641088
    endloop
  endfacet
  facet normal 1.9721908138199126e-14 0.1391731009600771 -0.9902680687415687
    outer loop
      vertex 11.643585495963876 49.054944496106614 6.864740128206452
      vertex 12.061269311068042 48.338535468518614 6.764055405480906
      vertex 11.828718707889792 48.68318497334434 6.812492734568878
    endloop
  endfacet
  facet normal -9.15463190404683e-15 0.13917310096006047 -0.990268068741571
    outer loop
      vertex 11.643585495963876 49.054944496106614 6.864740128206452
      vertex 11.509037355874975 49.44745312829978 6.919903619002772
      vertex 12.061269311068042 48.338535468518614 6.764055405480906
    endloop
  endfacet
  facet normal 3.3497444421142134e-15 0.13917310096006658 -0.9902680687415701
    outer loop
      vertex 11.509037355874975 49.44745312829978 6.919903619002772
      vertex 11.427376443603801 50.68123282825866 7.093300047873861
      vertex 12.061269311068042 48.338535468518614 6.764055405480906
    endloop
  endfacet
  facet normal -1.168143789724085e-14 0.1391731009600508 -0.9902680687415725
    outer loop
      vertex 12.651963427172088 47.75358994694725 6.68184667362384
      vertex 12.337258300203041 48.0268930302119 6.720256917072591
      vertex 12.999999999999995 47.52330251025324 6.649481885049389
    endloop
  endfacet
  facet normal 1.4564438217604983e-15 0.139173100960068 -0.9902680687415699
    outer loop
      vertex 14.599999999999994 47.09875606335782 6.5898157730327735
      vertex 12.999999999999995 47.52330251025324 6.649481885049389
      vertex 12.061269311068042 48.338535468518614 6.764055405480906
    endloop
  endfacet
  facet normal -1.0922902968846509e-14 0.13917310096003585 -0.9902680687415745
    outer loop
      vertex 12.999999999999995 47.52330251025324 6.649481885049389
      vertex 13.771779055671928 47.206732275180826 6.604990839970381
      vertex 13.375413016431708 47.33997100201943 6.623716321854963
    endloop
  endfacet
  facet normal 2.9498258357482898e-15 0.13917310096006974 -0.9902680687415698
    outer loop
      vertex 12.999999999999995 47.52330251025324 6.649481885049389
      vertex 12.337258300203041 48.0268930302119 6.720256917072591
      vertex 12.061269311068042 48.338535468518614 6.764055405480906
    endloop
  endfacet
  facet normal 3.833998827609387e-16 0.1391731009600658 -0.9902680687415701
    outer loop
      vertex 14.599999999999994 47.09875606335782 6.5898157730327735
      vertex 12.061269311068042 48.338535468518614 6.764055405480906
      vertex 11.427376443603801 50.68123282825866 7.093300047873861
    endloop
  endfacet
  facet normal -9.192957276064579e-14 0.1391731009600069 -0.9902680687415785
    outer loop
      vertex 14.599999999999994 47.09875606335782 6.5898157730327735
      vertex 13.12775681356645 49.425886024900514 6.916872560288928
      vertex 13.251299321504895 49.24279097546185 6.891140229210942
    endloop
  endfacet
  facet normal -6.256084596304881e-16 0.13917310096006508 -0.9902680687415705
    outer loop
      vertex 14.599999999999994 47.09875606335782 6.5898157730327735
      vertex 11.427376443603801 50.68123282825866 7.093300047873861
      vertex 13.12775681356645 49.425886024900514 6.916872560288928
    endloop
  endfacet
  facet normal -2.4879945651265263e-14 0.13917310096006213 -0.9902680687415707
    outer loop
      vertex 11.509037355874975 49.44745312829978 6.919903619002772
      vertex 11.427376443603801 49.85399493840304 6.977039344336107
      vertex 11.399999999999995 50.26761388333085 7.035169696104983
    endloop
  endfacet
  facet normal -4.226018718119002e-16 0.13917310096006102 -0.990268068741571
    outer loop
      vertex 14.599999999999994 47.09875606335782 6.5898157730327735
      vertex 13.771779055671928 47.206732275180826 6.604990839970381
      vertex 12.999999999999995 47.52330251025324 6.649481885049389
    endloop
  endfacet
  facet normal 2.7733933319342302e-15 0.13917310096008503 -0.9902680687415676
    outer loop
      vertex 14.599999999999994 47.09875606335782 6.5898157730327735
      vertex 14.182316184895829 47.125866081294376 6.5936258375823735
      vertex 13.771779055671928 47.206732275180826 6.604990839970381
    endloop
  endfacet
  facet normal -2.7733933319342302e-15 0.13917310096008503 -0.9902680687415676
    outer loop
      vertex 14.599999999999994 47.09875606335782 6.5898157730327735
      vertex 15.42822094432806 47.206732275180826 6.604990839970381
      vertex 15.01768381510416 47.125866081294376 6.5936258375823735
    endloop
  endfacet
  facet normal 2.0709109701547735e-15 0.1391731009600663 -0.9902680687415703
    outer loop
      vertex 14.599999999999994 47.09875606335782 6.5898157730327735
      vertex 13.56510557068517 48.93203866712706 6.847466840411876
      vertex 13.749999999999995 48.80969846638337 6.830273046481699
    endloop
  endfacet
  facet normal -9.147598182439457e-15 0.1391731009600601 -0.9902680687415711
    outer loop
      vertex 14.599999999999994 47.09875606335782 6.5898157730327735
      vertex 13.397918471982864 49.077230930111405 6.867872282244026
      vertex 13.56510557068517 48.93203866712706 6.847466840411876
    endloop
  endfacet
  facet normal -2.5524184176760545e-15 0.1391731009600642 -0.9902680687415705
    outer loop
      vertex 14.599999999999994 47.09875606335782 6.5898157730327735
      vertex 13.749999999999995 48.80969846638337 6.830273046481699
      vertex 13.949438164979341 48.712303602634165 6.816585091034661
    endloop
  endfacet
  facet normal -1.871573067131296e-15 0.13917310096006438 -0.9902680687415705
    outer loop
      vertex 14.599999999999994 47.09875606335782 6.5898157730327735
      vertex 13.949438164979341 48.712303602634165 6.816585091034661
      vertex 14.16000762332571 48.641520529001156 6.806637178783476
    endloop
  endfacet
  facet normal 6.671175660290044e-16 0.13917310096006524 -0.9902680687415704
    outer loop
      vertex 14.599999999999994 47.09875606335782 6.5898157730327735
      vertex 14.378105473225906 48.598560363498976 6.800599521264847
      vertex 14.599999999999994 48.584158166470175 6.7985754244728716
    endloop
  endfacet
  facet normal -6.671175660290044e-16 0.13917310096006524 -0.9902680687415704
    outer loop
      vertex 14.599999999999994 47.09875606335782 6.5898157730327735
      vertex 14.599999999999994 48.584158166470175 6.7985754244728716
      vertex 14.821894526774082 48.598560363498976 6.800599521264847
    endloop
  endfacet
  facet normal 1.2116845592188395e-15 0.1391731009600653 -0.9902680687415704
    outer loop
      vertex 14.599999999999994 47.09875606335782 6.5898157730327735
      vertex 14.16000762332571 48.641520529001156 6.806637178783476
      vertex 14.378105473225906 48.598560363498976 6.800599521264847
    endloop
  endfacet
  facet normal -1.2116845592188395e-15 0.1391731009600653 -0.9902680687415704
    outer loop
      vertex 14.599999999999994 47.09875606335782 6.5898157730327735
      vertex 14.821894526774082 48.598560363498976 6.800599521264847
      vertex 15.03999237667428 48.641520529001156 6.806637178783476
    endloop
  endfacet
  facet normal 1.871573067131296e-15 0.13917310096006438 -0.9902680687415705
    outer loop
      vertex 14.599999999999994 47.09875606335782 6.5898157730327735
      vertex 15.03999237667428 48.641520529001156 6.806637178783476
      vertex 15.250561835020648 48.712303602634165 6.816585091034661
    endloop
  endfacet
  facet normal 2.897475293065189e-14 0.1391731009600828 -0.9902680687415679
    outer loop
      vertex 14.599999999999994 47.09875606335782 6.5898157730327735
      vertex 13.251299321504895 49.24279097546185 6.891140229210942
      vertex 13.397918471982864 49.077230930111405 6.867872282244026
    endloop
  endfacet
  facet normal -6.726374891831543e-17 0.13917310096006474 -0.9902680687415705
    outer loop
      vertex 14.599999999999994 47.09875606335782 6.5898157730327735
      vertex 16.5480365728279 47.75358994694725 6.68184667362384
      vertex 15.42822094432806 47.206732275180826 6.604990839970381
    endloop
  endfacet
  facet normal 3.5347050962847455e-15 0.1391731009600575 -0.9902680687415714
    outer loop
      vertex 15.42822094432806 47.206732275180826 6.604990839970381
      vertex 16.5480365728279 47.75358994694725 6.68184667362384
      vertex 15.824586983568281 47.33997100201943 6.623716321854963
    endloop
  endfacet
  facet normal -1.9494347659681796e-14 0.1391731009600969 -0.9902680687415659
    outer loop
      vertex 15.824586983568281 47.33997100201943 6.623716321854963
      vertex 16.5480365728279 47.75358994694725 6.68184667362384
      vertex 16.199999999999996 47.52330251025324 6.649481885049389
    endloop
  endfacet
  facet normal 2.5524184176760545e-15 0.1391731009600642 -0.9902680687415705
    outer loop
      vertex 14.599999999999994 47.09875606335782 6.5898157730327735
      vertex 15.250561835020648 48.712303602634165 6.816585091034661
      vertex 15.449999999999994 48.80969846638337 6.830273046481699
    endloop
  endfacet
  facet normal -2.0709109701547735e-15 0.1391731009600663 -0.9902680687415703
    outer loop
      vertex 14.599999999999994 47.09875606335782 6.5898157730327735
      vertex 15.449999999999994 48.80969846638337 6.830273046481699
      vertex 15.63489442931482 48.93203866712706 6.847466840411876
    endloop
  endfacet
  facet normal 7.298765362355709e-16 0.13917310096006485 -0.9902680687415705
    outer loop
      vertex 14.599999999999994 47.09875606335782 6.5898157730327735
      vertex 15.63489442931482 48.93203866712706 6.847466840411876
      vertex 17.772623556396187 50.68123282825866 7.093300047873861
    endloop
  endfacet
  facet normal -6.933021945702598e-14 0.13917310096014865 -0.9902680687415587
    outer loop
      vertex 15.63489442931482 48.93203866712706 6.847466840411876
      vertex 15.802081528017125 49.077230930111405 6.867872282244026
      vertex 17.772623556396187 50.68123282825866 7.093300047873861
    endloop
  endfacet
  facet normal -0.7060010650237636 -0.701318512477555 -0.09856388913583503
    outer loop
      vertex 16.862741699796945 53.54132146263702 0
      vertex 19.129018933499832 50.271115009663845 7.035661747322221
      vertex 16.862741699796945 52.5083347364498 7.350082475137375
    endloop
  endfacet
  facet normal -0.9469301294931866 0.31831123852868287 0.044735727157973255
    outer loop
      vertex 19.130313028725347 51.25503569165423 0
      vertex 19.130102797256455 50.265719087413316 7.034903399905142
      vertex 19.130313028725347 50.26633238215111 7.034989592859511
    endloop
  endfacet
  facet normal -0.751839807477013 0.6529291069541997 0.09176320169283005
    outer loop
      vertex 19.129450166295356 51.25326878431392 0
      vertex 19.129018933499832 50.264112756997854 7.034677644887745
      vertex 19.129450166295356 50.264599698307705 7.034746080025884
    endloop
  endfacet
  facet normal -0.8968727415332935 0.4379843670881938 0.06155468853717324
    outer loop
      vertex 19.130102797256455 51.254410283286674 0
      vertex 19.12981352661282 50.265138213159 7.034821763352584
      vertex 19.130102797256455 50.265719087413316 7.034903399905142
    endloop
  endfacet
  facet normal -0.9978589232385696 0.0647666304729021 0.009102356307523011
    outer loop
      vertex 19.130440623900768 51.255683459955215 0
      vertex 19.130440623900768 50.2669676037294 7.035078867430345
      vertex 19.1304833995939 50.26761388333085 7.035169696104983
    endloop
  endfacet
  facet normal -0.8314696123046085 0.550163461699568 0.07732043213001429
    outer loop
      vertex 19.129450166295356 51.25326878431392 0
      vertex 19.129450166295356 50.264599698307705 7.034746080025884
      vertex 19.12981352661282 50.265138213159 7.034821763352584
    endloop
  endfacet
  facet normal -0.9807852804039935 0.19319171640928381 0.027151325081748473
    outer loop
      vertex 19.130440623900768 51.255683459955215 0
      vertex 19.130313028725347 50.26633238215111 7.034989592859511
      vertex 19.130440623900768 50.2669676037294 7.035078867430345
    endloop
  endfacet
  facet normal -0.9978589232385232 -0.06476663047360355 -0.009102356307621578
    outer loop
      vertex 19.1304833995939 51.256342504694416 0
      vertex 19.1304833995939 50.26761388333085 7.035169696104983
      vertex 19.130440623900768 50.2682601629323 7.035260524779622
    endloop
  endfacet
  facet normal -0.7518398074770088 -0.6529291069542045 -0.09176320169283102
    outer loop
      vertex 19.129450166295356 51.25941622507491 0
      vertex 19.129450166295356 50.27062806835399 7.035593312184083
      vertex 19.129018933499832 50.271115009663845 7.035661747322221
    endloop
  endfacet
  facet normal -0.8968727415333283 -0.43798436708812355 -0.06155468853716359
    outer loop
      vertex 19.130102797256455 51.25827472610215 0
      vertex 19.130102797256455 50.26950867924838 7.035435992304825
      vertex 19.12981352661282 50.2700895535027 7.0355176288573835
    endloop
  endfacet
  facet normal -0.980785280403994 -0.19319171640928087 -0.027151325081748112
    outer loop
      vertex 19.130313028725347 51.257649317734604 0
      vertex 19.130440623900768 50.2682601629323 7.035260524779622
      vertex 19.130313028725347 50.268895384510586 7.035349799350455
    endloop
  endfacet
  facet normal -0.9469301294932022 -0.31831123852863796 -0.044735727157966934
    outer loop
      vertex 19.130313028725347 51.257649317734604 0
      vertex 19.130313028725347 50.268895384510586 7.035349799350455
      vertex 19.130102797256455 50.26950867924838 7.035435992304825
    endloop
  endfacet
  facet normal -0.8314696123045513 -0.5501634616996526 -0.07732043213002641
    outer loop
      vertex 19.129450166295356 51.25941622507491 0
      vertex 19.12981352661282 50.2700895535027 7.0355176288573835
      vertex 19.129450166295356 50.27062806835399 7.035593312184083
    endloop
  endfacet
  facet normal -4.46572364666231e-16 0.13917310096006583 -0.9902680687415703
    outer loop
      vertex 14.599999999999994 47.09875606335782 6.5898157730327735
      vertex 19.129018933499832 50.264112756997854 7.034677644887745
      vertex 16.5480365728279 47.75358994694725 6.68184667362384
    endloop
  endfacet
  facet normal -1.152206165724214e-14 0.1391731009600773 -0.9902680687415686
    outer loop
      vertex 16.5480365728279 47.75358994694725 6.68184667362384
      vertex 19.129018933499832 50.264112756997854 7.034677644887745
      vertex 16.862741699796945 48.0268930302119 6.720256917072591
    endloop
  endfacet
  facet normal -5.334721027647632e-16 0.13917310096006594 -0.9902680687415701
    outer loop
      vertex 14.599999999999994 47.09875606335782 6.5898157730327735
      vertex 17.772623556396187 50.68123282825866 7.093300047873861
      vertex 19.129018933499832 50.264112756997854 7.034677644887745
    endloop
  endfacet
  facet normal 1.424053851740705e-14 0.13917310096006738 -0.99026806874157
    outer loop
      vertex 11.509037355874975 49.44745312829978 6.919903619002772
      vertex 11.399999999999995 50.26761388333085 7.035169696104983
      vertex 11.427376443603801 50.68123282825866 7.093300047873861
    endloop
  endfacet
  facet normal -1.0012661054777033e-14 0.13917310096006705 -0.9902680687415701
    outer loop
      vertex 11.427376443603801 50.68123282825866 7.093300047873861
      vertex 11.509037355874975 51.08777463836192 7.150435773207194
      vertex 11.643585495963876 51.480283270555084 7.2055992640035145
    endloop
  endfacet
  facet normal 4.6360245408315406e-15 0.139173100960063 -0.9902680687415706
    outer loop
      vertex 11.427376443603801 50.68123282825866 7.093300047873861
      vertex 11.643585495963876 51.480283270555084 7.2055992640035145
      vertex 12.337258300203041 52.5083347364498 7.350082475137375
    endloop
  endfacet
  facet normal 1.1529730911561083e-14 0.1391731009600592 -0.9902680687415711
    outer loop
      vertex 11.643585495963876 51.480283270555084 7.2055992640035145
      vertex 11.828718707889792 51.852042793317366 7.257846657641088
      vertex 12.061269311068042 52.196692298143084 7.306283986729061
    endloop
  endfacet
  facet normal 4.679034084291064e-15 0.13917310096006288 -0.9902680687415706
    outer loop
      vertex 11.643585495963876 51.480283270555084 7.2055992640035145
      vertex 12.061269311068042 52.196692298143084 7.306283986729061
      vertex 12.337258300203041 52.5083347364498 7.350082475137375
    endloop
  endfacet
  facet normal -3.177229176169653e-15 0.13917310096006139 -0.990268068741571
    outer loop
      vertex 13.029404794730807 49.62338327136798 6.944628988158889
      vertex 11.427376443603801 50.68123282825866 7.093300047873861
      vertex 12.957926095308578 49.831903482220596 6.973934592644434
    endloop
  endfacet
  facet normal -2.410669801195786e-15 0.13917310096006255 -0.9902680687415706
    outer loop
      vertex 13.029404794730807 49.62338327136798 6.944628988158889
      vertex 13.12775681356645 49.425886024900514 6.916872560288928
      vertex 11.427376443603801 50.68123282825866 7.093300047873861
    endloop
  endfacet
  facet normal -4.795905984524077e-16 0.13917310096006616 -0.9902680687415701
    outer loop
      vertex 12.957926095308578 49.831903482220596 6.973934592644434
      vertex 11.427376443603801 50.68123282825866 7.093300047873861
      vertex 12.914543735664516 50.04787881883795 7.004287946727767
    endloop
  endfacet
  facet normal -8.222145223270622e-16 0.13917310096006535 -0.9902680687415703
    outer loop
      vertex 11.427376443603801 50.68123282825866 7.093300047873861
      vertex 12.899999999999995 50.26761388333085 7.035169696104983
      vertex 12.914543735664516 50.04787881883795 7.004287946727767
    endloop
  endfacet
  facet normal 4.482196146757509e-16 0.13917310096006985 -0.9902680687415697
    outer loop
      vertex 11.427376443603801 50.68123282825866 7.093300047873861
      vertex 12.914543735664516 50.48734894782375 7.066051445482199
      vertex 12.899999999999995 50.26761388333085 7.035169696104983
    endloop
  endfacet
  facet normal -2.5082056925895597e-17 0.13917310096006624 -0.9902680687415701
    outer loop
      vertex 11.427376443603801 50.68123282825866 7.093300047873861
      vertex 12.957926095308578 50.7033242844411 7.096404799565533
      vertex 12.914543735664516 50.48734894782375 7.066051445482199
    endloop
  endfacet
  facet normal 3.076542826141536e-17 0.13917310096006244 -0.9902680687415707
    outer loop
      vertex 11.427376443603801 50.68123282825866 7.093300047873861
      vertex 13.029404794730807 50.91184449529372 7.125710404051078
      vertex 12.957926095308578 50.7033242844411 7.096404799565533
    endloop
  endfacet
  facet normal -8.539052118786545e-16 0.13917310096006852 -0.9902680687415699
    outer loop
      vertex 11.427376443603801 50.68123282825866 7.093300047873861
      vertex 13.12775681356645 51.109341741761185 7.1534668319210395
      vertex 13.029404794730807 50.91184449529372 7.125710404051078
    endloop
  endfacet
  facet normal 1.8345507377046507e-15 0.13917310096005797 -0.9902680687415714
    outer loop
      vertex 11.427376443603801 50.68123282825866 7.093300047873861
      vertex 13.251299321504895 51.292436791199854 7.179199162999025
      vertex 13.12775681356645 51.109341741761185 7.1534668319210395
    endloop
  endfacet
  facet normal -2.5239227448761706e-15 0.13917310096007085 -0.9902680687415696
    outer loop
      vertex 11.427376443603801 50.68123282825866 7.093300047873861
      vertex 13.397918471982864 51.45799683655029 7.202467109965942
      vertex 13.251299321504895 51.292436791199854 7.179199162999025
    endloop
  endfacet
  facet normal -8.795767483115395e-17 0.1391731009600645 -0.9902680687415706
    outer loop
      vertex 11.427376443603801 50.68123282825866 7.093300047873861
      vertex 13.56510557068517 51.60318909953464 7.2228725517980905
      vertex 13.397918471982864 51.45799683655029 7.202467109965942
    endloop
  endfacet
  facet normal -7.545508575690339e-15 0.1391731009600817 -0.9902680687415679
    outer loop
      vertex 11.427376443603801 50.68123282825866 7.093300047873861
      vertex 13.749999999999995 51.72552930027833 7.240066345728268
      vertex 13.56510557068517 51.60318909953464 7.2228725517980905
    endloop
  endfacet
  facet normal 1.959288427115342e-16 0.13917310096006477 -0.9902680687415704
    outer loop
      vertex 11.427376443603801 50.68123282825866 7.093300047873861
      vertex 14.599999999999994 53.43647170330388 7.480523619177193
      vertex 13.749999999999995 51.72552930027833 7.240066345728268
    endloop
  endfacet
  facet normal -5.012904480014063e-16 0.1391731009600656 -0.9902680687415704
    outer loop
      vertex 11.427376443603801 50.68123282825866 7.093300047873861
      vertex 12.337258300203041 52.5083347364498 7.350082475137375
      vertex 14.599999999999994 53.43647170330388 7.480523619177193
    endloop
  endfacet
  facet normal 2.751826106556997e-15 0.13917310096006355 -0.9902680687415707
    outer loop
      vertex 13.749999999999995 51.72552930027833 7.240066345728268
      vertex 14.599999999999994 53.43647170330388 7.480523619177193
      vertex 13.949438164979341 51.82292416402753 7.253754301175307
    endloop
  endfacet
  facet normal 3.708070170247318e-16 0.1391731009600654 -0.9902680687415703
    outer loop
      vertex 15.802081528017125 51.45799683655029 7.202467109965942
      vertex 14.599999999999994 53.43647170330388 7.480523619177193
      vertex 17.772623556396187 50.68123282825866 7.093300047873861
    endloop
  endfacet
  facet normal -2.751826106556996e-15 0.13917310096006352 -0.9902680687415705
    outer loop
      vertex 15.250561835020648 51.82292416402753 7.253754301175307
      vertex 14.599999999999994 53.43647170330388 7.480523619177193
      vertex 15.449999999999994 51.72552930027833 7.240066345728268
    endloop
  endfacet
  facet normal 1.143449772804933e-15 0.13917310096006594 -0.9902680687415703
    outer loop
      vertex 15.63489442931482 51.60318909953464 7.2228725517980905
      vertex 14.599999999999994 53.43647170330388 7.480523619177193
      vertex 15.802081528017125 51.45799683655029 7.202467109965942
    endloop
  endfacet
  facet normal -5.597931216199625e-15 0.13917310096006213 -0.9902680687415707
    outer loop
      vertex 15.63489442931482 51.60318909953464 7.2228725517980905
      vertex 15.449999999999994 51.72552930027833 7.240066345728268
      vertex 14.599999999999994 53.43647170330388 7.480523619177193
    endloop
  endfacet
  facet normal 3.800566931401981e-15 0.1391731009600607 -0.9902680687415709
    outer loop
      vertex 15.802081528017125 49.077230930111405 6.867872282244026
      vertex 17.00769858994019 50.264112756997854 7.034677644887745
      vertex 17.772623556396187 50.68123282825866 7.093300047873861
    endloop
  endfacet
  facet normal 4.899995876807101e-16 0.1391731009600657 -0.9902680687415704
    outer loop
      vertex 15.802081528017125 51.45799683655029 7.202467109965942
      vertex 17.772623556396187 50.68123282825866 7.093300047873861
      vertex 17.00769858994019 50.271115009663845 7.035661747322221
    endloop
  endfacet
  facet normal 6.256009604022012e-13 0.13917310095893973 -0.9902680687417287
    outer loop
      vertex 17.00849318305318 50.265138213159 7.034821763352584
      vertex 17.772623556396187 50.68123282825866 7.093300047873861
      vertex 17.00812982273571 50.264599698307705 7.034746080025884
    endloop
  endfacet
  facet normal -2.008467874676903e-12 0.1391731009636794 -0.9902680687410624
    outer loop
      vertex 17.00769858994019 50.264112756997854 7.034677644887745
      vertex 17.00812982273571 50.264599698307705 7.034746080025884
      vertex 17.772623556396187 50.68123282825866 7.093300047873861
    endloop
  endfacet
  facet normal -6.927327343635976e-13 0.1391731009613336 -0.9902680687413922
    outer loop
      vertex 17.00769858994019 50.271115009663845 7.035661747322221
      vertex 17.772623556396187 50.68123282825866 7.093300047873861
      vertex 17.00812982273571 50.27062806835399 7.035593312184083
    endloop
  endfacet
  facet normal 9.313758832617409e-13 0.13917310095836824 -0.9902680687418087
    outer loop
      vertex 17.00849318305318 50.2700895535027 7.0355176288573835
      vertex 17.00812982273571 50.27062806835399 7.035593312184083
      vertex 17.772623556396187 50.68123282825866 7.093300047873861
    endloop
  endfacet
  facet normal 7.823999225660747e-14 0.13917310095992316 -0.9902680687415903
    outer loop
      vertex 17.008782453696814 50.26950867924838 7.035435992304825
      vertex 17.00849318305318 50.2700895535027 7.0355176288573835
      vertex 17.772623556396187 50.68123282825866 7.093300047873861
    endloop
  endfacet
  facet normal -6.730180566180143e-13 0.13917310096128988 -0.9902680687413982
    outer loop
      vertex 17.008782453696814 50.26950867924838 7.035435992304825
      vertex 17.772623556396187 50.68123282825866 7.093300047873861
      vertex 17.0089926851657 50.268895384510586 7.035349799350455
    endloop
  endfacet
  facet normal -3.2135917349575826e-13 0.13917310096065125 -0.9902680687414879
    outer loop
      vertex 17.009120280341126 50.2682601629323 7.035260524779622
      vertex 17.0089926851657 50.268895384510586 7.035349799350455
      vertex 17.772623556396187 50.68123282825866 7.093300047873861
    endloop
  endfacet
  facet normal 1.3693673751323113e-13 0.13917310095982036 -0.9902680687416048
    outer loop
      vertex 17.009120280341126 50.2682601629323 7.035260524779622
      vertex 17.772623556396187 50.68123282825866 7.093300047873861
      vertex 17.009163056034257 50.26761388333085 7.035169696104983
    endloop
  endfacet
  facet normal 1.006922594593783e-12 0.13917310095824564 -0.9902680687418262
    outer loop
      vertex 17.009120280341126 50.2669676037294 7.035078867430345
      vertex 17.009163056034257 50.26761388333085 7.035169696104983
      vertex 17.772623556396187 50.68123282825866 7.093300047873861
    endloop
  endfacet
  facet normal -4.0306733677015523e-13 0.13917310096079397 -0.9902680687414679
    outer loop
      vertex 17.0089926851657 50.26633238215111 7.034989592859511
      vertex 17.009120280341126 50.2669676037294 7.035078867430345
      vertex 17.772623556396187 50.68123282825866 7.093300047873861
    endloop
  endfacet
  facet normal -9.87023547364327e-13 0.1391731009618479 -0.9902680687413198
    outer loop
      vertex 17.008782453696814 50.265719087413316 7.034903399905142
      vertex 17.0089926851657 50.26633238215111 7.034989592859511
      vertex 17.772623556396187 50.68123282825866 7.093300047873861
    endloop
  endfacet
  facet normal 1.2694646178897925e-12 0.1391731009577802 -0.9902680687418915
    outer loop
      vertex 17.008782453696814 50.265719087413316 7.034903399905142
      vertex 17.772623556396187 50.68123282825866 7.093300047873861
      vertex 17.00849318305318 50.265138213159 7.034821763352584
    endloop
  endfacet
  facet normal -1.2411467532115039e-15 0.13917310096006358 -0.9902680687415706
    outer loop
      vertex 17.772623556396187 50.68123282825866 7.093300047873861
      vertex 14.599999999999994 53.43647170330388 7.480523619177193
      vertex 19.129018933499832 50.264112756997854 7.034677644887745
    endloop
  endfacet
  facet normal 1.2653339667992664e-14 0.1391731009600785 -0.9902680687415686
    outer loop
      vertex 19.129018933499832 50.264112756997854 7.034677644887745
      vertex 16.5480365728279 52.78163781971445 7.388492718586126
      vertex 16.862741699796945 52.5083347364498 7.350082475137375
    endloop
  endfacet
  facet normal 4.78883052909548e-16 0.13917310096006608 -0.9902680687415701
    outer loop
      vertex 19.129018933499832 50.264112756997854 7.034677644887745
      vertex 14.599999999999994 53.43647170330388 7.480523619177193
      vertex 16.5480365728279 52.78163781971445 7.388492718586126
    endloop
  endfacet
  facet normal 6.108066903717158e-14 0.1391731009601262 -0.9902680687415617
    outer loop
      vertex 19.129018933499832 50.264112756997854 7.034677644887745
      vertex 16.862741699796945 52.5083347364498 7.350082475137375
      vertex 19.129018933499832 50.271115009663845 7.035661747322221
    endloop
  endfacet
  facet normal -7.808074013204512e-13 0.139173100960308 -0.9902680687415363
    outer loop
      vertex 19.129018933499832 50.264112756997854 7.034677644887745
      vertex 19.1304833995939 50.26761388333085 7.035169696104983
      vertex 19.130102797256455 50.265719087413316 7.034903399905142
    endloop
  endfacet
  facet normal 1.0368176902074259e-11 0.13917310095293098 -0.9902680687425731
    outer loop
      vertex 19.129018933499832 50.264112756997854 7.034677644887745
      vertex 19.130102797256455 50.265719087413316 7.034903399905142
      vertex 19.129450166295356 50.264599698307705 7.034746080025884
    endloop
  endfacet
  facet normal 5.501037526068538e-12 0.13917310095571372 -0.990268068742182
    outer loop
      vertex 19.129450166295356 50.264599698307705 7.034746080025884
      vertex 19.130102797256455 50.265719087413316 7.034903399905142
      vertex 19.12981352661282 50.265138213159 7.034821763352584
    endloop
  endfacet
  facet normal 9.785920062076331e-12 0.1391731009582266 -0.9902680687418287
    outer loop
      vertex 19.130102797256455 50.265719087413316 7.034903399905142
      vertex 19.1304833995939 50.26761388333085 7.035169696104983
      vertex 19.130313028725347 50.26633238215111 7.034989592859511
    endloop
  endfacet
  facet normal 1.8199149269967533e-11 0.13917310095712984 -0.9902680687419829
    outer loop
      vertex 19.130313028725347 50.26633238215111 7.034989592859511
      vertex 19.1304833995939 50.26761388333085 7.035169696104983
      vertex 19.130440623900768 50.2669676037294 7.035078867430345
    endloop
  endfacet
  facet normal -3.3761603263457227e-13 0.13917310096012622 -0.9902680687415617
    outer loop
      vertex 19.129018933499832 50.264112756997854 7.034677644887745
      vertex 19.129018933499832 50.271115009663845 7.035661747322221
      vertex 19.1304833995939 50.26761388333085 7.035169696104983
    endloop
  endfacet
  facet normal -1.3126957098326242e-12 0.1391731009597263 -0.990268068741618
    outer loop
      vertex 19.130440623900768 50.2682601629323 7.035260524779622
      vertex 19.1304833995939 50.26761388333085 7.035169696104983
      vertex 19.129018933499832 50.271115009663845 7.035661747322221
    endloop
  endfacet
  facet normal 3.3228291965954044e-12 0.13917310096198998 -0.9902680687412999
    outer loop
      vertex 19.130440623900768 50.2682601629323 7.035260524779622
      vertex 19.129018933499832 50.271115009663845 7.035661747322221
      vertex 19.130102797256455 50.26950867924838 7.035435992304825
    endloop
  endfacet
  facet normal 5.397418393385402e-13 0.1391731009601485 -0.9902680687415586
    outer loop
      vertex 19.130102797256455 50.26950867924838 7.035435992304825
      vertex 19.129018933499832 50.271115009663845 7.035661747322221
      vertex 19.12981352661282 50.2700895535027 7.0355176288573835
    endloop
  endfacet
  facet normal -5.759413485601385e-12 0.1391731009595801 -0.9902680687416384
    outer loop
      vertex 19.130440623900768 50.2682601629323 7.035260524779622
      vertex 19.130102797256455 50.26950867924838 7.035435992304825
      vertex 19.130313028725347 50.268895384510586 7.035349799350455
    endloop
  endfacet
  facet normal -2.023154879219318e-11 0.13917310094436536 -0.9902680687437768
    outer loop
      vertex 19.12981352661282 50.2700895535027 7.0355176288573835
      vertex 19.129018933499832 50.271115009663845 7.035661747322221
      vertex 19.129450166295356 50.27062806835399 7.035593312184083
    endloop
  endfacet
  facet normal 0.7518398074789834 -0.6529291069519748 -0.09176320169251735
    outer loop
      vertex 12.061269311068042 53.2235235482107 0
      vertex 12.337258300203041 52.5083347364498 7.350082475137375
      vertex 12.061269311068042 52.196692298143084 7.306283986729061
    endloop
  endfacet
  facet normal 0.6593458151000616 -0.7445229541552472 -0.10463587743206866
    outer loop
      vertex 12.337258300203041 53.54132146263702 0
      vertex 12.651963427172088 52.78163781971445 7.388492718586126
      vertex 12.337258300203041 52.5083347364498 7.350082475137375
    endloop
  endfacet
  facet normal 0.5555702330196003 -0.8233778071921449 -0.115718204298209
    outer loop
      vertex 12.651963427172088 53.820022753577085 0
      vertex 12.999999999999995 53.01192525640846 7.420857507160577
      vertex 12.651963427172088 52.78163781971445 7.388492718586126
    endloop
  endfacet
  facet normal 0.4422886902190151 -0.8881444376645261 -0.1248205606056588
    outer loop
      vertex 12.999999999999995 54.05485876467232 0
      vertex 13.375413016431708 53.19525676464227 7.446623070355003
      vertex 12.999999999999995 53.01192525640846 7.420857507160577
    endloop
  endfacet
  facet normal 0.32143946530316103 -0.9377146705683235 -0.13178720251435058
    outer loop
      vertex 13.375413016431708 54.24181138666405 0
      vertex 13.771779055671928 53.32849549148087 7.465348552239585
      vertex 13.375413016431708 53.19525676464227 7.446623070355003
    endloop
  endfacet
  facet normal 0.1950903220161271 -0.9712403454750669 -0.1364989288497047
    outer loop
      vertex 13.771779055671928 54.37768180835691 0
      vertex 14.182316184895829 53.40936168536732 7.476713554627593
      vertex 13.771779055671928 53.32849549148087 7.465348552239585
    endloop
  endfacet
  facet normal 0.06540312923015082 -0.9881478287920342 -0.1388751206677887
    outer loop
      vertex 14.182316184895829 54.46014524916537 0
      vertex 14.599999999999994 53.43647170330388 7.480523619177193
      vertex 14.182316184895829 53.40936168536732 7.476713554627593
    endloop
  endfacet
  facet normal -0.06540312923015082 -0.9881478287920342 -0.1388751206677887
    outer loop
      vertex 15.01768381510416 54.46014524916537 0
      vertex 15.01768381510416 53.40936168536732 7.476713554627593
      vertex 14.599999999999994 53.43647170330388 7.480523619177193
    endloop
  endfacet
  facet normal -0.5555702330196023 -0.8233778071921437 -0.11571820429820882
    outer loop
      vertex 16.199999999999996 54.05485876467232 0
      vertex 16.5480365728279 52.78163781971445 7.388492718586126
      vertex 16.199999999999996 53.01192525640846 7.420857507160577
    endloop
  endfacet
  facet normal -0.321439465303161 -0.9377146705683236 -0.13178720251434997
    outer loop
      vertex 15.42822094432806 54.37768180835691 0
      vertex 15.824586983568281 53.19525676464227 7.446623070355003
      vertex 15.42822094432806 53.32849549148087 7.465348552239585
    endloop
  endfacet
  facet normal -0.44228869021901346 -0.8881444376645268 -0.12482056060565891
    outer loop
      vertex 16.199999999999996 54.05485876467232 0
      vertex 16.199999999999996 53.01192525640846 7.420857507160577
      vertex 15.824586983568281 53.19525676464227 7.446623070355003
    endloop
  endfacet
  facet normal -0.19509032201612678 -0.9712403454750668 -0.1364989288497053
    outer loop
      vertex 15.01768381510416 54.46014524916537 0
      vertex 15.42822094432806 53.32849549148087 7.465348552239585
      vertex 15.01768381510416 53.40936168536732 7.476713554627593
    endloop
  endfacet
  facet normal -0.6593458151000638 -0.7445229541552453 -0.10463587743206872
    outer loop
      vertex 16.5480365728279 53.820022753577085 0
      vertex 16.862741699796945 52.5083347364498 7.350082475137375
      vertex 16.5480365728279 52.78163781971445 7.388492718586126
    endloop
  endfacet
  facet normal 1.168143789724085e-14 0.1391731009600508 -0.9902680687415725
    outer loop
      vertex 12.337258300203041 52.5083347364498 7.350082475137375
      vertex 12.651963427172088 52.78163781971445 7.388492718586126
      vertex 12.999999999999995 53.01192525640846 7.420857507160577
    endloop
  endfacet
  facet normal -1.1188994549392134e-14 0.1391731009600802 -0.9902680687415683
    outer loop
      vertex 12.337258300203041 52.5083347364498 7.350082475137375
      vertex 12.999999999999995 53.01192525640846 7.420857507160577
      vertex 13.375413016431708 53.19525676464227 7.446623070355003
    endloop
  endfacet
  facet normal 7.211255396218097e-16 0.13917310096006266 -0.9902680687415707
    outer loop
      vertex 12.337258300203041 52.5083347364498 7.350082475137375
      vertex 13.375413016431708 53.19525676464227 7.446623070355003
      vertex 14.599999999999994 53.43647170330388 7.480523619177193
    endloop
  endfacet
  facet normal -8.270013490386545e-15 0.1391731009600679 -0.9902680687415701
    outer loop
      vertex 13.949438164979341 51.82292416402753 7.253754301175307
      vertex 14.599999999999994 53.43647170330388 7.480523619177193
      vertex 14.16000762332571 51.89370723766055 7.26370221342649
    endloop
  endfacet
  facet normal -7.883155250707436e-16 0.13917310096007007 -0.9902680687415696
    outer loop
      vertex 13.375413016431708 53.19525676464227 7.446623070355003
      vertex 13.771779055671928 53.32849549148087 7.465348552239585
      vertex 14.599999999999994 53.43647170330388 7.480523619177193
    endloop
  endfacet
  facet normal -2.778134175236682e-15 0.13917310096008503 -0.9902680687415676
    outer loop
      vertex 13.771779055671928 53.32849549148087 7.465348552239585
      vertex 14.182316184895829 53.40936168536732 7.476713554627593
      vertex 14.599999999999994 53.43647170330388 7.480523619177193
    endloop
  endfacet
  facet normal 7.65416808613683e-15 0.13917310096006344 -0.9902680687415706
    outer loop
      vertex 14.16000762332571 51.89370723766055 7.26370221342649
      vertex 14.599999999999994 53.43647170330388 7.480523619177193
      vertex 14.378105473225906 51.93666740316272 7.26973987094512
    endloop
  endfacet
  facet normal -4.757121549945107e-15 0.13917310096006527 -0.9902680687415704
    outer loop
      vertex 14.378105473225906 51.93666740316272 7.26973987094512
      vertex 14.599999999999994 53.43647170330388 7.480523619177193
      vertex 14.599999999999994 51.95106960019152 7.271763967737095
    endloop
  endfacet
  facet normal 4.758424513941258e-15 0.13917310096006524 -0.9902680687415704
    outer loop
      vertex 14.599999999999994 51.95106960019152 7.271763967737095
      vertex 14.599999999999994 53.43647170330388 7.480523619177193
      vertex 14.821894526774082 51.93666740316272 7.26973987094512
    endloop
  endfacet
  facet normal -7.648758780068888e-15 0.13917310096006347 -0.9902680687415706
    outer loop
      vertex 14.821894526774082 51.93666740316272 7.26973987094512
      vertex 14.599999999999994 53.43647170330388 7.480523619177193
      vertex 15.03999237667428 51.89370723766055 7.26370221342649
    endloop
  endfacet
  facet normal 8.26416482455176e-15 0.1391731009600679 -0.9902680687415701
    outer loop
      vertex 15.03999237667428 51.89370723766055 7.26370221342649
      vertex 14.599999999999994 53.43647170330388 7.480523619177193
      vertex 15.250561835020648 51.82292416402753 7.253754301175307
    endloop
  endfacet
  facet normal 2.7733933319342302e-15 0.13917310096008503 -0.9902680687415676
    outer loop
      vertex 14.599999999999994 53.43647170330388 7.480523619177193
      vertex 15.01768381510416 53.40936168536732 7.476713554627593
      vertex 15.42822094432806 53.32849549148087 7.465348552239585
    endloop
  endfacet
  facet normal 6.726374891831543e-17 0.13917310096006474 -0.9902680687415705
    outer loop
      vertex 14.599999999999994 53.43647170330388 7.480523619177193
      vertex 15.42822094432806 53.32849549148087 7.465348552239585
      vertex 16.5480365728279 52.78163781971445 7.388492718586126
    endloop
  endfacet
  facet normal 1.9494347659681796e-14 0.1391731009600969 -0.9902680687415659
    outer loop
      vertex 15.824586983568281 53.19525676464227 7.446623070355003
      vertex 16.199999999999996 53.01192525640846 7.420857507160577
      vertex 16.5480365728279 52.78163781971445 7.388492718586126
    endloop
  endfacet
  facet normal -3.5347050962847455e-15 0.1391731009600575 -0.9902680687415714
    outer loop
      vertex 15.42822094432806 53.32849549148087 7.465348552239585
      vertex 15.824586983568281 53.19525676464227 7.446623070355003
      vertex 16.5480365728279 52.78163781971445 7.388492718586126
    endloop
  endfacet
  facet normal 3.0675308071607167e-15 -0.13917310096006505 0.9902680687415704
    outer loop
      vertex 85.73218185919609 133.2134832355581 19.500313467997405
      vertex 86.20762056099599 132.9618291042095 19.464945786321366
      vertex 86.20762056099599 137.99371530646349 20.172131273313585
    endloop
  endfacet
  facet normal -6.2193720792000875e-15 -0.13917310096006463 0.9902680687415704
    outer loop
      vertex 84.71933128559395 134.43563445069066 19.672075619904675
      vertex 84.97345856616799 133.96482268565427 19.605907341458757
      vertex 84.97345856616799 136.99072172501872 20.031169718176198
    endloop
  endfacet
  facet normal 5.1961131529473604e-15 -0.13917310096006463 0.9902680687415704
    outer loop
      vertex 84.97345856616799 133.96482268565427 19.605907341458757
      vertex 85.31545635173698 133.5521527221874 19.547910360336516
      vertex 85.31545635173698 137.40339168848558 20.089166699298435
    endloop
  endfacet
  facet normal -9.32118348780345e-16 -0.13917310096006447 0.9902680687415705
    outer loop
      vertex 85.73218185919609 133.2134832355581 19.500313467997405
      vertex 85.73218185919609 137.74206117511488 20.136763591637546
      vertex 85.31545635173698 133.5521527221874 19.547910360336516
    endloop
  endfacet
  facet normal 4.253858770871267e-15 -0.13917310096006594 0.9902680687415703
    outer loop
      vertex 86.72350161445564 132.80686125528007 19.443166475480787
      vertex 86.72350161445564 138.14868315539292 20.193910584154164
      vertex 86.20762056099599 132.9618291042095 19.464945786321366
    endloop
  endfacet
  facet normal -5.596752414706895e-16 -0.1391731009600658 0.9902680687415703
    outer loop
      vertex 86.72350161445564 132.80686125528007 19.443166475480787
      vertex 87.25999999999999 132.75453501629718 19.435812502177296
      vertex 87.25999999999999 138.2010093943758 20.201264557457655
    endloop
  endfacet
  facet normal -8.089660429721311e-15 -0.13917310096006447 0.9902680687415705
    outer loop
      vertex 84.71933128559395 134.43563445069066 19.672075619904675
      vertex 84.71933128559395 136.51990995998233 19.965001439730276
      vertex 84.5628404788911 134.94649498520053 19.7438723858412
    endloop
  endfacet
  facet normal 3.328848199807493e-14 -0.1391731009600668 0.99026806874157
    outer loop
      vertex 84.5628404788911 134.94649498520053 19.7438723858412
      vertex 84.5628404788911 136.00904942547245 19.89320467379375
      vertex 84.50999999999999 135.4777722053365 19.818538529817477
    endloop
  endfacet
  facet normal 1.5703143498510117e-14 -0.1391731009600668 0.9902680687415701
    outer loop
      vertex 84.5628404788911 134.94649498520053 19.7438723858412
      vertex 84.71933128559395 136.51990995998233 19.965001439730276
      vertex 84.5628404788911 136.00904942547245 19.89320467379375
    endloop
  endfacet
  facet normal 0.9569403357322112 0.28745964673003904 0.04039981869469359
    outer loop
      vertex 84.71933128559395 134.43563445069066 19.672075619904675
      vertex 84.5628404788911 134.94649498520053 19.7438723858412
      vertex 84.5628404788911 134.6403141630884 21.92246213707266
    endloop
  endfacet
  facet normal 0.9951847266721973 0.09706324425772248 0.013641349366902216
    outer loop
      vertex 84.5628404788911 134.94649498520053 19.7438723858412
      vertex 84.50999999999999 135.4777722053365 19.818538529817477
      vertex 84.50999999999999 135.17159138322435 21.997128281048933
    endloop
  endfacet
  facet normal 0.9951847266721973 -0.0970632442577226 -0.013641349366902231
    outer loop
      vertex 84.50999999999999 135.4777722053365 19.818538529817477
      vertex 84.5628404788911 136.00904942547245 19.89320467379375
      vertex 84.5628404788911 135.70286860336032 22.071794425025207
    endloop
  endfacet
  facet normal 0.4713967368260043 0.8733384672283663 0.1227397171619799
    outer loop
      vertex 85.73218185919609 133.2134832355581 19.500313467997405
      vertex 85.73218185919609 132.90730241344596 21.67890321922886
      vertex 86.20762056099599 132.9618291042095 19.464945786321366
    endloop
  endfacet
  facet normal 0.6343932841636387 0.7654875687685689 0.10758226186903733
    outer loop
      vertex 85.73218185919609 133.2134832355581 19.500313467997405
      vertex 85.31545635173698 133.5521527221874 19.547910360336516
      vertex 85.31545635173698 133.24597190007526 21.726500111567972
    endloop
  endfacet
  facet normal 0.29028467725444895 0.9476274581664488 0.13318035395761627
    outer loop
      vertex 86.72350161445564 132.80686125528007 19.443166475480787
      vertex 86.20762056099599 132.9618291042095 19.464945786321366
      vertex 86.20762056099599 132.65564828209736 21.643535537552822
    endloop
  endfacet
  facet normal 0.09801714032956202 0.9854996573227841 0.1385029444390625
    outer loop
      vertex 86.72350161445564 132.80686125528007 19.443166475480787
      vertex 86.72350161445564 132.50068043316793 21.621756226712247
      vertex 87.25999999999999 132.75453501629718 19.435812502177296
    endloop
  endfacet
  facet normal -0.09801714032956202 0.9854996573227841 0.1385029444390625
    outer loop
      vertex 87.25999999999999 132.75453501629718 19.435812502177296
      vertex 87.25999999999999 132.44835419418504 21.614402253408755
      vertex 87.79649838554434 132.80686125528007 19.443166475480787
    endloop
  endfacet
  facet normal 0.4713967368260043 0.8733384672283663 0.1227397171619799
    outer loop
      vertex 86.20762056099599 132.9618291042095 19.464945786321366
      vertex 85.73218185919609 132.90730241344596 21.67890321922886
      vertex 86.20762056099599 132.65564828209736 21.643535537552822
    endloop
  endfacet
  facet normal 0.2902846772544481 0.947627458166449 0.13318035395761607
    outer loop
      vertex 86.72350161445564 132.80686125528007 19.443166475480787
      vertex 86.20762056099599 132.65564828209736 21.643535537552822
      vertex 86.72350161445564 132.50068043316793 21.621756226712247
    endloop
  endfacet
  facet normal 0.09801714032956203 0.9854996573227841 0.1385029444390625
    outer loop
      vertex 87.25999999999999 132.75453501629718 19.435812502177296
      vertex 86.72350161445564 132.50068043316793 21.621756226712247
      vertex 87.25999999999999 132.44835419418504 21.614402253408755
    endloop
  endfacet
  facet normal 0.7730104533627346 0.6282194123313584 0.08829048058529361
    outer loop
      vertex 84.97345856616799 133.96482268565427 19.605907341458757
      vertex 84.97345856616799 133.65864186354213 21.784497092690213
      vertex 85.31545635173698 133.5521527221874 19.547910360336516
    endloop
  endfacet
  facet normal -7.88751480198291e-15 -0.13917310096006447 0.9902680687415706
    outer loop
      vertex 84.71933128559395 134.43563445069066 19.672075619904675
      vertex 84.97345856616799 136.99072172501872 20.031169718176198
      vertex 84.71933128559395 136.51990995998233 19.965001439730276
    endloop
  endfacet
  facet normal 0.8819212643483516 0.4668091361877654 0.06560574564652988
    outer loop
      vertex 84.71933128559395 134.43563445069066 19.672075619904675
      vertex 84.71933128559395 134.12945362857852 21.85066537113613
      vertex 84.97345856616799 133.96482268565427 19.605907341458757
    endloop
  endfacet
  facet normal 0.9569403357322113 0.28745964673003876 0.04039981869469361
    outer loop
      vertex 84.71933128559395 134.43563445069066 19.672075619904675
      vertex 84.5628404788911 134.6403141630884 21.92246213707266
      vertex 84.71933128559395 134.12945362857852 21.85066537113613
    endloop
  endfacet
  facet normal 0.9951847266721973 0.09706324425772259 0.013641349366902209
    outer loop
      vertex 84.5628404788911 134.94649498520053 19.7438723858412
      vertex 84.50999999999999 135.17159138322435 21.997128281048933
      vertex 84.5628404788911 134.6403141630884 21.92246213707266
    endloop
  endfacet
  facet normal 0.9951847266721973 -0.09706324425772259 -0.013641349366902231
    outer loop
      vertex 84.50999999999999 135.4777722053365 19.818538529817477
      vertex 84.5628404788911 135.70286860336032 22.071794425025207
      vertex 84.50999999999999 135.17159138322435 21.997128281048933
    endloop
  endfacet
  facet normal 0.9569403357322113 -0.28745964673003876 -0.04039981869469361
    outer loop
      vertex 84.5628404788911 136.00904942547245 19.89320467379375
      vertex 84.71933128559395 136.2137291378702 22.143591190961736
      vertex 84.5628404788911 135.70286860336032 22.071794425025207
    endloop
  endfacet
  facet normal 0.7730104533627346 0.6282194123313584 0.08829048058529361
    outer loop
      vertex 85.31545635173698 133.5521527221874 19.547910360336516
      vertex 84.97345856616799 133.65864186354213 21.784497092690213
      vertex 85.31545635173698 133.24597190007526 21.726500111567972
    endloop
  endfacet
  facet normal 0.6343932841636387 0.7654875687685689 0.10758226186903734
    outer loop
      vertex 85.73218185919609 133.2134832355581 19.500313467997405
      vertex 85.31545635173698 133.24597190007526 21.726500111567972
      vertex 85.73218185919609 132.90730241344596 21.67890321922886
    endloop
  endfacet
  facet normal 0.8819212643483516 0.4668091361877654 0.06560574564652988
    outer loop
      vertex 84.97345856616799 133.96482268565427 19.605907341458757
      vertex 84.71933128559395 134.12945362857852 21.85066537113613
      vertex 84.97345856616799 133.65864186354213 21.784497092690213
    endloop
  endfacet
  facet normal 0.9569403357322112 -0.28745964673003904 -0.04039981869469359
    outer loop
      vertex 84.5628404788911 136.00904942547245 19.89320467379375
      vertex 84.71933128559395 136.51990995998233 19.965001439730276
      vertex 84.71933128559395 136.2137291378702 22.143591190961736
    endloop
  endfacet
  facet normal 5.099487306826869e-15 -0.13917310096006466 0.9902680687415705
    outer loop
      vertex 84.97345856616799 133.96482268565427 19.605907341458757
      vertex 85.31545635173698 137.40339168848558 20.089166699298435
      vertex 84.97345856616799 136.99072172501872 20.031169718176198
    endloop
  endfacet
  facet normal 1.0960552248982255e-15 -0.13917310096006463 0.9902680687415704
    outer loop
      vertex 85.31545635173698 133.5521527221874 19.547910360336516
      vertex 85.73218185919609 137.74206117511488 20.136763591637546
      vertex 85.31545635173698 137.40339168848558 20.089166699298435
    endloop
  endfacet
  facet normal -3.4722864048652603e-15 -0.13917310096006447 0.9902680687415706
    outer loop
      vertex 85.73218185919609 133.2134832355581 19.500313467997405
      vertex 86.20762056099599 137.99371530646349 20.172131273313585
      vertex 85.73218185919609 137.74206117511488 20.136763591637546
    endloop
  endfacet
  facet normal -4.5741075499717565e-15 -0.13917310096006508 0.9902680687415704
    outer loop
      vertex 86.20762056099599 132.9618291042095 19.464945786321366
      vertex 86.72350161445564 138.14868315539292 20.193910584154164
      vertex 86.20762056099599 137.99371530646349 20.172131273313585
    endloop
  endfacet
  facet normal 6.137975692602307e-16 -0.1391731009600659 0.9902680687415701
    outer loop
      vertex 86.72350161445564 132.80686125528007 19.443166475480787
      vertex 87.25999999999999 138.2010093943758 20.201264557457655
      vertex 86.72350161445564 138.14868315539292 20.193910584154164
    endloop
  endfacet
  facet normal -6.020036210777164e-16 -0.1391731009600658 0.9902680687415703
    outer loop
      vertex 87.25999999999999 132.75453501629718 19.435812502177296
      vertex 87.79649838554434 138.14868315539292 20.193910584154164
      vertex 87.25999999999999 138.2010093943758 20.201264557457655
    endloop
  endfacet
  facet normal 0.8819212643483518 -0.4668091361877651 -0.06560574564652974
    outer loop
      vertex 84.71933128559395 136.51990995998233 19.965001439730276
      vertex 84.97345856616799 136.99072172501872 20.031169718176198
      vertex 84.97345856616799 136.68454090290658 22.209759469407658
    endloop
  endfacet
  facet normal 0.7730104533627342 -0.6282194123313589 -0.08829048058529353
    outer loop
      vertex 84.97345856616799 136.99072172501872 20.031169718176198
      vertex 85.31545635173698 137.40339168848558 20.089166699298435
      vertex 85.31545635173698 137.09721086637344 22.267756450529895
    endloop
  endfacet
  facet normal 0.6343932841636386 -0.7654875687685689 -0.10758226186903715
    outer loop
      vertex 85.31545635173698 137.40339168848558 20.089166699298435
      vertex 85.73218185919609 137.74206117511488 20.136763591637546
      vertex 85.73218185919609 137.43588035300274 22.315353342869006
    endloop
  endfacet
  facet normal 0.4713967368260043 -0.8733384672283662 -0.12273971716197968
    outer loop
      vertex 85.73218185919609 137.74206117511488 20.136763591637546
      vertex 86.20762056099599 137.99371530646349 20.172131273313585
      vertex 86.20762056099599 137.68753448435135 22.350721024545045
    endloop
  endfacet
  facet normal 0.29028467725444895 -0.9476274581664488 -0.13318035395761627
    outer loop
      vertex 86.20762056099599 137.99371530646349 20.172131273313585
      vertex 86.72350161445564 138.14868315539292 20.193910584154164
      vertex 86.72350161445564 137.84250233328078 22.37250033538562
    endloop
  endfacet
  facet normal 0.09801714032956203 -0.9854996573227842 -0.13850294443906275
    outer loop
      vertex 86.72350161445564 138.14868315539292 20.193910584154164
      vertex 87.25999999999999 138.2010093943758 20.201264557457655
      vertex 87.25999999999999 137.89482857226366 22.37985430868911
    endloop
  endfacet
  facet normal 0.8819212643483518 -0.4668091361877651 -0.06560574564652973
    outer loop
      vertex 84.71933128559395 136.51990995998233 19.965001439730276
      vertex 84.97345856616799 136.68454090290658 22.209759469407658
      vertex 84.71933128559395 136.2137291378702 22.143591190961736
    endloop
  endfacet
  facet normal 0.7730104533627343 -0.6282194123313589 -0.08829048058529354
    outer loop
      vertex 84.97345856616799 136.99072172501872 20.031169718176198
      vertex 85.31545635173698 137.09721086637344 22.267756450529895
      vertex 84.97345856616799 136.68454090290658 22.209759469407658
    endloop
  endfacet
  facet normal 0.6343932841636386 -0.7654875687685689 -0.10758226186903716
    outer loop
      vertex 85.31545635173698 137.40339168848558 20.089166699298435
      vertex 85.73218185919609 137.43588035300274 22.315353342869006
      vertex 85.31545635173698 137.09721086637344 22.267756450529895
    endloop
  endfacet
  facet normal 0.4713967368260042 -0.8733384672283662 -0.12273971716197968
    outer loop
      vertex 85.73218185919609 137.74206117511488 20.136763591637546
      vertex 86.20762056099599 137.68753448435135 22.350721024545045
      vertex 85.73218185919609 137.43588035300274 22.315353342869006
    endloop
  endfacet
  facet normal 0.2902846772544481 -0.947627458166449 -0.13318035395761607
    outer loop
      vertex 86.20762056099599 137.99371530646349 20.172131273313585
      vertex 86.72350161445564 137.84250233328078 22.37250033538562
      vertex 86.20762056099599 137.68753448435135 22.350721024545045
    endloop
  endfacet
  facet normal 0.098017140329562 -0.9854996573227842 -0.13850294443906275
    outer loop
      vertex 86.72350161445564 138.14868315539292 20.193910584154164
      vertex 87.25999999999999 137.89482857226366 22.37985430868911
      vertex 86.72350161445564 137.84250233328078 22.37250033538562
    endloop
  endfacet
  facet normal -0.09801714032956209 -0.9854996573227841 -0.13850294443906272
    outer loop
      vertex 87.25999999999999 138.2010093943758 20.201264557457655
      vertex 87.79649838554434 137.84250233328078 22.37250033538562
      vertex 87.25999999999999 137.89482857226366 22.37985430868911
    endloop
  endfacet
  facet normal 5.706399276716207e-16 -0.1391731009600659 0.9902680687415701
    outer loop
      vertex 87.25999999999999 132.75453501629718 19.435812502177296
      vertex 87.79649838554434 132.80686125528007 19.443166475480787
      vertex 87.79649838554434 138.14868315539292 20.193910584154164
    endloop
  endfacet
  facet normal -4.515872384404985e-15 -0.13917310096006508 0.9902680687415704
    outer loop
      vertex 87.79649838554434 132.80686125528007 19.443166475480787
      vertex 88.31237943900399 132.9618291042095 19.464945786321366
      vertex 88.31237943900399 137.99371530646349 20.172131273313585
    endloop
  endfacet
  facet normal -3.4084576106581784e-15 -0.13917310096006447 0.9902680687415706
    outer loop
      vertex 88.31237943900399 132.9618291042095 19.464945786321366
      vertex 88.78781814080389 133.2134832355581 19.500313467997405
      vertex 88.78781814080389 137.74206117511488 20.136763591637546
    endloop
  endfacet
  facet normal 1.0960552248982255e-15 -0.13917310096006463 0.9902680687415704
    outer loop
      vertex 88.78781814080389 133.2134832355581 19.500313467997405
      vertex 89.204543648263 133.5521527221874 19.547910360336516
      vertex 89.204543648263 137.40339168848558 20.089166699298435
    endloop
  endfacet
  facet normal -5.205726625719096e-15 -0.13917310096006466 0.9902680687415705
    outer loop
      vertex 89.204543648263 133.5521527221874 19.547910360336516
      vertex 89.54654143383199 133.96482268565427 19.605907341458757
      vertex 89.54654143383199 136.99072172501872 20.031169718176198
    endloop
  endfacet
  facet normal 5.9156361014871826e-15 -0.1391731009600645 0.9902680687415706
    outer loop
      vertex 89.54654143383199 133.96482268565427 19.605907341458757
      vertex 89.80066871440603 134.43563445069066 19.672075619904675
      vertex 89.80066871440603 136.51990995998233 19.965001439730276
    endloop
  endfacet
  facet normal 1.5785791622186488e-14 -0.13917310096006683 0.9902680687415701
    outer loop
      vertex 89.80066871440603 134.43563445069066 19.672075619904675
      vertex 89.95715952110888 134.94649498520053 19.7438723858412
      vertex 89.95715952110888 136.00904942547245 19.89320467379375
    endloop
  endfacet
  facet normal -0.29028467725444895 0.9476274581664489 0.13318035395761604
    outer loop
      vertex 87.79649838554434 132.80686125528007 19.443166475480787
      vertex 87.79649838554434 132.50068043316793 21.621756226712247
      vertex 88.31237943900399 132.9618291042095 19.464945786321366
    endloop
  endfacet
  facet normal -0.4713967368260043 0.8733384672283663 0.1227397171619799
    outer loop
      vertex 88.31237943900399 132.9618291042095 19.464945786321366
      vertex 88.31237943900399 132.65564828209736 21.643535537552822
      vertex 88.78781814080389 133.2134832355581 19.500313467997405
    endloop
  endfacet
  facet normal -0.6343932841636387 0.765487568768569 0.10758226186903737
    outer loop
      vertex 88.78781814080389 133.2134832355581 19.500313467997405
      vertex 88.78781814080389 132.90730241344596 21.67890321922886
      vertex 89.204543648263 133.5521527221874 19.547910360336516
    endloop
  endfacet
  facet normal -0.09801714032956203 0.9854996573227841 0.1385029444390625
    outer loop
      vertex 87.79649838554434 132.80686125528007 19.443166475480787
      vertex 87.25999999999999 132.44835419418504 21.614402253408755
      vertex 87.79649838554434 132.50068043316793 21.621756226712247
    endloop
  endfacet
  facet normal -0.2902846772544481 0.9476274581664489 0.13318035395761627
    outer loop
      vertex 88.31237943900399 132.9618291042095 19.464945786321366
      vertex 87.79649838554434 132.50068043316793 21.621756226712247
      vertex 88.31237943900399 132.65564828209736 21.643535537552822
    endloop
  endfacet
  facet normal -0.4713967368260043 0.8733384672283663 0.1227397171619799
    outer loop
      vertex 88.78781814080389 133.2134832355581 19.500313467997405
      vertex 88.31237943900399 132.65564828209736 21.643535537552822
      vertex 88.78781814080389 132.90730241344596 21.67890321922886
    endloop
  endfacet
  facet normal -0.7730104533627346 0.6282194123313584 0.08829048058529361
    outer loop
      vertex 89.204543648263 133.5521527221874 19.547910360336516
      vertex 89.204543648263 133.24597190007526 21.726500111567972
      vertex 89.54654143383199 133.96482268565427 19.605907341458757
    endloop
  endfacet
  facet normal -0.8819212643483516 0.4668091361877654 0.06560574564652988
    outer loop
      vertex 89.54654143383199 133.96482268565427 19.605907341458757
      vertex 89.54654143383199 133.65864186354213 21.784497092690213
      vertex 89.80066871440603 134.43563445069066 19.672075619904675
    endloop
  endfacet
  facet normal -5.175245228638335e-15 -0.13917310096006463 0.9902680687415704
    outer loop
      vertex 89.204543648263 133.5521527221874 19.547910360336516
      vertex 89.54654143383199 136.99072172501872 20.031169718176198
      vertex 89.204543648263 137.40339168848558 20.089166699298435
    endloop
  endfacet
  facet normal -8.089660429721311e-15 -0.13917310096006447 0.9902680687415705
    outer loop
      vertex 89.80066871440603 134.43563445069066 19.672075619904675
      vertex 89.95715952110888 136.00904942547245 19.89320467379375
      vertex 89.80066871440603 136.51990995998233 19.965001439730276
    endloop
  endfacet
  facet normal 7.434651680882861e-15 -0.13917310096006463 0.9902680687415704
    outer loop
      vertex 89.54654143383199 133.96482268565427 19.605907341458757
      vertex 89.80066871440603 136.51990995998233 19.965001439730276
      vertex 89.54654143383199 136.99072172501872 20.031169718176198
    endloop
  endfacet
  facet normal -3.328848199807493e-14 -0.1391731009600668 0.99026806874157
    outer loop
      vertex 89.95715952110888 134.94649498520053 19.7438723858412
      vertex 90.00999999999999 135.4777722053365 19.818538529817477
      vertex 89.95715952110888 136.00904942547245 19.89320467379375
    endloop
  endfacet
  facet normal -0.9569403357322113 0.28745964673003904 0.040399818694693654
    outer loop
      vertex 89.80066871440603 134.43563445069066 19.672075619904675
      vertex 89.80066871440603 134.12945362857852 21.85066537113613
      vertex 89.95715952110888 134.94649498520053 19.7438723858412
    endloop
  endfacet
  facet normal -0.9951847266721973 0.09706324425772249 0.013641349366902195
    outer loop
      vertex 89.95715952110888 134.94649498520053 19.7438723858412
      vertex 89.95715952110888 134.6403141630884 21.92246213707266
      vertex 90.00999999999999 135.4777722053365 19.818538529817477
    endloop
  endfacet
  facet normal -0.9951847266721973 -0.09706324425772256 -0.01364134936690223
    outer loop
      vertex 90.00999999999999 135.4777722053365 19.818538529817477
      vertex 90.00999999999999 135.17159138322435 21.997128281048933
      vertex 89.95715952110888 136.00904942547245 19.89320467379375
    endloop
  endfacet
  facet normal -0.9569403357322113 -0.28745964673003904 -0.040399818694693654
    outer loop
      vertex 89.95715952110888 136.00904942547245 19.89320467379375
      vertex 89.95715952110888 135.70286860336032 22.071794425025207
      vertex 89.80066871440603 136.51990995998233 19.965001439730276
    endloop
  endfacet
  facet normal -0.6343932841636387 0.765487568768569 0.10758226186903737
    outer loop
      vertex 89.204543648263 133.5521527221874 19.547910360336516
      vertex 88.78781814080389 132.90730241344596 21.67890321922886
      vertex 89.204543648263 133.24597190007526 21.726500111567972
    endloop
  endfacet
  facet normal -0.7730104533627347 0.6282194123313584 0.08829048058529361
    outer loop
      vertex 89.54654143383199 133.96482268565427 19.605907341458757
      vertex 89.204543648263 133.24597190007526 21.726500111567972
      vertex 89.54654143383199 133.65864186354213 21.784497092690213
    endloop
  endfacet
  facet normal -0.8819212643483516 0.4668091361877655 0.06560574564652989
    outer loop
      vertex 89.80066871440603 134.43563445069066 19.672075619904675
      vertex 89.54654143383199 133.65864186354213 21.784497092690213
      vertex 89.80066871440603 134.12945362857852 21.85066537113613
    endloop
  endfacet
  facet normal -0.9569403357322114 0.2874596467300388 0.04039981869469355
    outer loop
      vertex 89.95715952110888 134.94649498520053 19.7438723858412
      vertex 89.80066871440603 134.12945362857852 21.85066537113613
      vertex 89.95715952110888 134.6403141630884 21.92246213707266
    endloop
  endfacet
  facet normal -0.9951847266721973 0.09706324425772256 0.01364134936690223
    outer loop
      vertex 90.00999999999999 135.4777722053365 19.818538529817477
      vertex 89.95715952110888 134.6403141630884 21.92246213707266
      vertex 90.00999999999999 135.17159138322435 21.997128281048933
    endloop
  endfacet
  facet normal -0.9951847266721973 -0.09706324425772256 -0.01364134936690223
    outer loop
      vertex 89.95715952110888 136.00904942547245 19.89320467379375
      vertex 90.00999999999999 135.17159138322435 21.997128281048933
      vertex 89.95715952110888 135.70286860336032 22.071794425025207
    endloop
  endfacet
  facet normal 4.3087150973420575e-15 -0.13917310096006594 0.9902680687415703
    outer loop
      vertex 87.79649838554434 132.80686125528007 19.443166475480787
      vertex 88.31237943900399 137.99371530646349 20.172131273313585
      vertex 87.79649838554434 138.14868315539292 20.193910584154164
    endloop
  endfacet
  facet normal 3.1249752042985585e-15 -0.13917310096006508 0.9902680687415704
    outer loop
      vertex 88.31237943900399 132.9618291042095 19.464945786321366
      vertex 88.78781814080389 137.74206117511488 20.136763591637546
      vertex 88.31237943900399 137.99371530646349 20.172131273313585
    endloop
  endfacet
  facet normal -9.32118348780345e-16 -0.13917310096006447 0.9902680687415705
    outer loop
      vertex 88.78781814080389 133.2134832355581 19.500313467997405
      vertex 89.204543648263 137.40339168848558 20.089166699298435
      vertex 88.78781814080389 137.74206117511488 20.136763591637546
    endloop
  endfacet
  facet normal -0.09801714032956203 -0.9854996573227841 -0.13850294443906275
    outer loop
      vertex 87.25999999999999 138.2010093943758 20.201264557457655
      vertex 87.79649838554434 138.14868315539292 20.193910584154164
      vertex 87.79649838554434 137.84250233328078 22.37250033538562
    endloop
  endfacet
  facet normal -0.2902846772544489 -0.9476274581664489 -0.13318035395761604
    outer loop
      vertex 87.79649838554434 138.14868315539292 20.193910584154164
      vertex 88.31237943900399 137.99371530646349 20.172131273313585
      vertex 88.31237943900399 137.68753448435135 22.350721024545045
    endloop
  endfacet
  facet normal -0.4713967368260043 -0.8733384672283662 -0.12273971716197965
    outer loop
      vertex 88.31237943900399 137.99371530646349 20.172131273313585
      vertex 88.78781814080389 137.74206117511488 20.136763591637546
      vertex 88.78781814080389 137.43588035300274 22.315353342869006
    endloop
  endfacet
  facet normal -0.7730104533627342 -0.6282194123313588 -0.08829048058529368
    outer loop
      vertex 89.54654143383199 136.99072172501872 20.031169718176198
      vertex 89.54654143383199 136.68454090290658 22.209759469407654
      vertex 89.204543648263 137.40339168848558 20.089166699298435
    endloop
  endfacet
  facet normal -0.6343932841636386 -0.765487568768569 -0.10758226186903719
    outer loop
      vertex 89.204543648263 137.40339168848558 20.089166699298435
      vertex 89.204543648263 137.09721086637344 22.267756450529895
      vertex 88.78781814080389 137.74206117511488 20.136763591637546
    endloop
  endfacet
  facet normal -0.8819212643483518 -0.4668091361877651 -0.06560574564652973
    outer loop
      vertex 89.80066871440603 136.51990995998233 19.965001439730276
      vertex 89.80066871440603 136.2137291378702 22.143591190961736
      vertex 89.54654143383199 136.99072172501872 20.031169718176198
    endloop
  endfacet
  facet normal -0.7730104533627346 -0.6282194123313585 -0.08829048058529347
    outer loop
      vertex 89.204543648263 137.40339168848558 20.089166699298435
      vertex 89.54654143383199 136.68454090290658 22.209759469407654
      vertex 89.204543648263 137.09721086637344 22.267756450529895
    endloop
  endfacet
  facet normal -0.9569403357322114 -0.2874596467300388 -0.04039981869469354
    outer loop
      vertex 89.95715952110888 135.70286860336032 22.071794425025207
      vertex 89.80066871440603 136.2137291378702 22.143591190961736
      vertex 89.80066871440603 136.51990995998233 19.965001439730276
    endloop
  endfacet
  facet normal -0.8819212643483516 -0.4668091361877655 -0.06560574564652989
    outer loop
      vertex 89.54654143383199 136.99072172501872 20.031169718176198
      vertex 89.80066871440603 136.2137291378702 22.143591190961736
      vertex 89.54654143383199 136.68454090290658 22.209759469407654
    endloop
  endfacet
  facet normal -0.2902846772544481 -0.9476274581664489 -0.13318035395761627
    outer loop
      vertex 87.79649838554434 138.14868315539292 20.193910584154164
      vertex 88.31237943900399 137.68753448435135 22.350721024545045
      vertex 87.79649838554434 137.84250233328078 22.37250033538562
    endloop
  endfacet
  facet normal -0.4713967368260042 -0.8733384672283662 -0.12273971716197968
    outer loop
      vertex 88.31237943900399 137.99371530646349 20.172131273313585
      vertex 88.78781814080389 137.43588035300274 22.315353342869006
      vertex 88.31237943900399 137.68753448435135 22.350721024545045
    endloop
  endfacet
  facet normal -0.6343932841636386 -0.765487568768569 -0.10758226186903719
    outer loop
      vertex 88.78781814080389 137.74206117511488 20.136763591637546
      vertex 89.204543648263 137.09721086637344 22.267756450529895
      vertex 88.78781814080389 137.43588035300274 22.315353342869006
    endloop
  endfacet
  facet normal -0.29408584902706936 0.9557790086636281 0
    outer loop
      vertex 153.79999999701977 2.2292081490159035 0
      vertex 153.79999999701977 2.2292081490159035 1.9999999999999998
      vertex 167 6.2907466143369675 0
    endloop
  endfacet
  facet normal 1 0 0
    outer loop
      vertex 153.79999999701977 2.2292081490159035 0
      vertex 153.79999999701977 17.770791850984097 1.9999999999999998
      vertex 153.79999999701977 2.2292081490159035 1.9999999999999998
    endloop
  endfacet
  facet normal -0.29408584902706936 0.9557790086636281 0
    outer loop
      vertex 153.79999999701977 2.2292081490159035 1.9999999999999998
      vertex 167 6.2907466143369675 1.9999999999999998
      vertex 167 6.2907466143369675 0
    endloop
  endfacet
  facet normal 0 0 -1
    outer loop
      vertex 153.79999999701977 2.2292081490159035 1.9999999999999998
      vertex 167 13.709253385663033 1.9999999999999998
      vertex 167 6.2907466143369675 1.9999999999999998
    endloop
  endfacet
  facet normal 1 0 0
    outer loop
      vertex 153.79999999701977 2.2292081490159035 0
      vertex 153.79999999701977 17.770791850984097 0
      vertex 153.79999999701977 17.770791850984097 1.9999999999999998
    endloop
  endfacet
  facet normal 0 0 -1
    outer loop
      vertex 153.79999999701977 2.2292081490159035 1.9999999999999998
      vertex 153.79999999701977 17.770791850984097 1.9999999999999998
      vertex 167 13.709253385663033 1.9999999999999998
    endloop
  endfacet
  facet normal -0.29408584902706936 -0.9557790086636281 0
    outer loop
      vertex 153.79999999701977 17.770791850984097 0
      vertex 167 13.709253385663033 1.9999999999999998
      vertex 153.79999999701977 17.770791850984097 1.9999999999999998
    endloop
  endfacet
  facet normal -0.29408584902706936 -0.9557790086636281 0
    outer loop
      vertex 153.79999999701977 17.770791850984097 0
      vertex 167 13.709253385663033 0
      vertex 167 13.709253385663033 1.9999999999999998
    endloop
  endfacet
  facet normal -0.29408584902706936 0.9557790086636281 0
    outer loop
      vertex 153.79999999701977 30.229208149015903 0
      vertex 153.79999999701977 30.229208149015903 1.9999999999999998
      vertex 167 34.29074661433697 0
    endloop
  endfacet
  facet normal 1 0 0
    outer loop
      vertex 153.79999999701977 30.229208149015903 0
      vertex 153.79999999701977 45.7707918509841 1.9999999999999998
      vertex 153.79999999701977 30.229208149015903 1.9999999999999998
    endloop
  endfacet
  facet normal 1 0 0
    outer loop
      vertex 153.79999999701977 30.229208149015903 0
      vertex 153.79999999701977 45.7707918509841 0
      vertex 153.79999999701977 45.7707918509841 1.9999999999999998
    endloop
  endfacet
  facet normal 0 0 -1
    outer loop
      vertex 153.79999999701977 30.229208149015903 1.9999999999999998
      vertex 153.79999999701977 45.7707918509841 1.9999999999999998
      vertex 167 41.70925338566303 1.9999999999999998
    endloop
  endfacet
  facet normal -0.29408584902706936 0.9557790086636281 0
    outer loop
      vertex 153.79999999701977 30.229208149015903 1.9999999999999998
      vertex 167 34.29074661433697 1.9999999999999998
      vertex 167 34.29074661433697 0
    endloop
  endfacet
  facet normal 0 0 -1
    outer loop
      vertex 153.79999999701977 30.229208149015903 1.9999999999999998
      vertex 167 41.70925338566303 1.9999999999999998
      vertex 167 34.29074661433697 1.9999999999999998
    endloop
  endfacet
  facet normal -0.29408584902706936 -0.9557790086636281 0
    outer loop
      vertex 167 41.70925338566303 1.9999999999999998
      vertex 153.79999999701977 45.7707918509841 1.9999999999999998
      vertex 153.79999999701977 45.7707918509841 0
    endloop
  endfacet
  facet normal -0.29408584902706936 -0.9557790086636281 0
    outer loop
      vertex 167 41.70925338566303 0
      vertex 167 41.70925338566303 1.9999999999999998
      vertex 153.79999999701977 45.7707918509841 0
    endloop
  endfacet
  facet normal -0.29408584902706936 0.9557790086636281 0
    outer loop
      vertex 153.79999999701977 110.2292081490159 0
      vertex 153.79999999701977 110.2292081490159 1.9999999999999998
      vertex 167 114.29074661433697 0
    endloop
  endfacet
  facet normal -0.29408584902706936 0.9557790086636281 0
    outer loop
      vertex 153.79999999701977 110.2292081490159 1.9999999999999998
      vertex 167 114.29074661433697 1.9999999999999998
      vertex 167 114.29074661433697 0
    endloop
  endfacet
  facet normal 1 0 0
    outer loop
      vertex 153.79999999701977 110.2292081490159 0
      vertex 153.79999999701977 125.7707918509841 1.9999999999999998
      vertex 153.79999999701977 110.2292081490159 1.9999999999999998
    endloop
  endfacet
  facet normal 0 0 -1
    outer loop
      vertex 153.79999999701977 110.2292081490159 1.9999999999999998
      vertex 153.79999999701977 125.7707918509841 1.9999999999999998
      vertex 167 121.70925338566303 1.9999999999999998
    endloop
  endfacet
  facet normal 1 0 0
    outer loop
      vertex 153.79999999701977 110.2292081490159 0
      vertex 153.79999999701977 125.7707918509841 0
      vertex 153.79999999701977 125.7707918509841 1.9999999999999998
    endloop
  endfacet
  facet normal -0.29408584902706936 -0.9557790086636281 0
    outer loop
      vertex 167 121.70925338566303 1.9999999999999998
      vertex 153.79999999701977 125.7707918509841 1.9999999999999998
      vertex 153.79999999701977 125.7707918509841 0
    endloop
  endfacet
  facet normal 0 0 -1
    outer loop
      vertex 153.79999999701977 110.2292081490159 1.9999999999999998
      vertex 167 121.70925338566303 1.9999999999999998
      vertex 167 114.29074661433697 1.9999999999999998
    endloop
  endfacet
  facet normal -0.29408584902706936 -0.9557790086636281 0
    outer loop
      vertex 167 121.70925338566303 0
      vertex 167 121.70925338566303 1.9999999999999998
      vertex 153.79999999701977 125.7707918509841 0
    endloop
  endfacet
  facet normal 0.7071067811865476 -0.7071067811865476 0
    outer loop
      vertex 55.01715728640556 161.32999999701977 0
      vertex 61.217157289385796 167.53 0
      vertex 55.01715728640556 161.32999999701977 3
    endloop
  endfacet
  facet normal 0.7071067811865476 -0.7071067811865476 0
    outer loop
      vertex 61.217157289385796 167.53 0
      vertex 61.217157289385796 167.53 3
      vertex 55.01715728640556 161.32999999701977 3
    endloop
  endfacet
  facet normal 0 1 0
    outer loop
      vertex 55.01715728640556 161.32999999701977 0
      vertex 55.01715728640556 161.32999999701977 3
      vertex 74.98284271359444 161.32999999701977 0
    endloop
  endfacet
  facet normal 0 0 -1
    outer loop
      vertex 55.01715728640556 161.32999999701977 3
      vertex 61.217157289385796 167.53 3
      vertex 74.98284271359444 161.32999999701977 3
    endloop
  endfacet
  facet normal 0 1 0
    outer loop
      vertex 55.01715728640556 161.32999999701977 3
      vertex 74.98284271359444 161.32999999701977 3
      vertex 74.98284271359444 161.32999999701977 0
    endloop
  endfacet
  facet normal -0.7071067807672822 -0.7071067816058129 0
    outer loop
      vertex 68.78284270326186 167.53 0
      vertex 74.98284271359444 161.32999999701977 3
      vertex 68.78284270326186 167.53 3
    endloop
  endfacet
  facet normal -0.7071067807672822 -0.7071067816058129 0
    outer loop
      vertex 68.78284270326186 167.53 0
      vertex 74.98284271359444 161.32999999701977 0
      vertex 74.98284271359444 161.32999999701977 3
    endloop
  endfacet
  facet normal 0 0 -1
    outer loop
      vertex 61.217157289385796 167.53 3
      vertex 68.78284270326186 167.53 3
      vertex 74.98284271359444 161.32999999701977 3
    endloop
  endfacet
  facet normal 0.9978589232386046 0 -0.06540312923012764
    outer loop
      vertex 83.9 163.28 15.925
      vertex 83.92652092974119 166.53 16.32963119588216
      vertex 83.92652092974119 163.28 16.32963119588216
    endloop
  endfacet
  facet normal 0.9978589232386046 0 -0.06540312923012764
    outer loop
      vertex 83.9 163.28 15.925
      vertex 83.9 166.53 15.925
      vertex 83.92652092974119 166.53 16.32963119588216
    endloop
  endfacet
  facet normal 0 1 0
    outer loop
      vertex 83.92652092974119 163.28 15.52036880411784
      vertex 83.9 163.28 15.925
      vertex 90.1 163.28 15.925
    endloop
  endfacet
  facet normal 0 1 0
    outer loop
      vertex 83.9 163.28 15.925
      vertex 83.92652092974119 163.28 16.32963119588216
      vertex 90.07347907025881 163.28 16.32963119588216
    endloop
  endfacet
  facet normal 0 -1 0
    outer loop
      vertex 83.92652092974119 166.53 15.52036880411784
      vertex 90.07347907025881 166.53 15.52036880411784
      vertex 83.9 166.53 15.925
    endloop
  endfacet
  facet normal 0 -1 0
    outer loop
      vertex 83.9 166.53 15.925
      vertex 90.1 166.53 15.925
      vertex 83.92652092974119 166.53 16.32963119588216
    endloop
  endfacet
  facet normal 0.9807852804032307 0 -0.19509032201612725
    outer loop
      vertex 83.92652092974119 163.28 16.32963119588216
      vertex 84.00562993850389 166.53 16.727339039817814
      vertex 84.00562993850389 163.28 16.727339039817814
    endloop
  endfacet
  facet normal 0.9469301294951014 0 -0.32143946530317397
    outer loop
      vertex 84.00562993850389 163.28 16.727339039817814
      vertex 84.13597344921502 166.53 17.111318640331778
      vertex 84.13597344921502 163.28 17.111318640331778
    endloop
  endfacet
  facet normal 0.8968727415327 0 -0.44228869021897754
    outer loop
      vertex 84.13597344921502 163.28 17.111318640331778
      vertex 84.31532124826823 166.53 17.475
      vertex 84.31532124826823 163.28 17.475
    endloop
  endfacet
  facet normal 0.9807852804032307 0 -0.19509032201612725
    outer loop
      vertex 83.92652092974119 163.28 16.32963119588216
      vertex 83.92652092974119 166.53 16.32963119588216
      vertex 84.00562993850389 166.53 16.727339039817814
    endloop
  endfacet
  facet normal 0.9469301294951014 0 -0.32143946530317397
    outer loop
      vertex 84.00562993850389 163.28 16.727339039817814
      vertex 84.00562993850389 166.53 16.727339039817814
      vertex 84.13597344921502 166.53 17.111318640331778
    endloop
  endfacet
  facet normal 0.8968727415327 0 -0.44228869021897754
    outer loop
      vertex 84.13597344921502 163.28 17.111318640331778
      vertex 84.13597344921502 166.53 17.111318640331778
      vertex 84.31532124826823 166.53 17.475
    endloop
  endfacet
  facet normal 0 1 0
    outer loop
      vertex 83.92652092974119 163.28 16.32963119588216
      vertex 84.00562993850389 163.28 16.727339039817814
      vertex 89.99437006149611 163.28 16.727339039817814
    endloop
  endfacet
  facet normal 0 1 0
    outer loop
      vertex 84.00562993850389 163.28 16.727339039817814
      vertex 84.13597344921502 163.28 17.111318640331778
      vertex 89.86402655078498 163.28 17.111318640331778
    endloop
  endfacet
  facet normal 0 1 0
    outer loop
      vertex 84.13597344921502 163.28 17.111318640331778
      vertex 84.31532124826823 163.28 17.475
      vertex 89.68467875173177 163.28 17.475
    endloop
  endfacet
  facet normal 0 -1 0
    outer loop
      vertex 83.92652092974119 166.53 16.32963119588216
      vertex 90.07347907025881 166.53 16.32963119588216
      vertex 84.00562993850389 166.53 16.727339039817814
    endloop
  endfacet
  facet normal 0 -1 0
    outer loop
      vertex 84.00562993850389 166.53 16.727339039817814
      vertex 89.99437006149611 166.53 16.727339039817814
      vertex 84.13597344921502 166.53 17.111318640331778
    endloop
  endfacet
  facet normal 0 -1 0
    outer loop
      vertex 84.13597344921502 166.53 17.111318640331778
      vertex 89.86402655078498 166.53 17.111318640331778
      vertex 84.31532124826823 166.53 17.475
    endloop
  endfacet
  facet normal 0.8314696123025304 0 -0.5555702330196244
    outer loop
      vertex 84.31532124826823 163.28 17.475
      vertex 84.54060464509718 166.53 17.812160429927033
      vertex 84.54060464509718 163.28 17.812160429927033
    endloop
  endfacet
  facet normal 0.7518398074789918 0 -0.6593458151000523
    outer loop
      vertex 84.54060464509718 163.28 17.812160429927033
      vertex 84.8079689783217 166.53 18.117031021678297
      vertex 84.8079689783217 163.28 18.117031021678297
    endloop
  endfacet
  facet normal 0.8314696123025304 0 -0.5555702330196244
    outer loop
      vertex 84.31532124826823 163.28 17.475
      vertex 84.31532124826823 166.53 17.475
      vertex 84.54060464509718 166.53 17.812160429927033
    endloop
  endfacet
  facet normal 0.7518398074789918 0 -0.6593458151000523
    outer loop
      vertex 84.54060464509718 163.28 17.812160429927033
      vertex 84.54060464509718 166.53 17.812160429927033
      vertex 84.8079689783217 166.53 18.117031021678297
    endloop
  endfacet
  facet normal 0 1 0
    outer loop
      vertex 84.31532124826823 163.28 17.475
      vertex 84.54060464509718 163.28 17.812160429927033
      vertex 89.45939535490282 163.28 17.812160429927033
    endloop
  endfacet
  facet normal 0 1 0
    outer loop
      vertex 84.54060464509718 163.28 17.812160429927033
      vertex 84.8079689783217 163.28 18.117031021678297
      vertex 89.1920310216783 163.28 18.117031021678297
    endloop
  endfacet
  facet normal 0.6593458151000628 0 -0.7518398074789826
    outer loop
      vertex 84.8079689783217 163.28 18.117031021678297
      vertex 84.8079689783217 166.53 18.117031021678297
      vertex 85.11283957007296 163.28 18.38439535490283
    endloop
  endfacet
  facet normal 0.5555702330195982 0 -0.8314696123025479
    outer loop
      vertex 85.11283957007296 163.28 18.38439535490283
      vertex 85.11283957007296 166.53 18.38439535490283
      vertex 85.45 163.28 18.60967875173176
    endloop
  endfacet
  facet normal 0 1 0
    outer loop
      vertex 84.8079689783217 163.28 18.117031021678297
      vertex 85.11283957007296 163.28 18.38439535490283
      vertex 88.88716042992704 163.28 18.38439535490283
    endloop
  endfacet
  facet normal 0 1 0
    outer loop
      vertex 85.11283957007296 163.28 18.38439535490283
      vertex 85.45 163.28 18.60967875173176
      vertex 88.55 163.28 18.60967875173176
    endloop
  endfacet
  facet normal 0 -1 0
    outer loop
      vertex 84.31532124826823 166.53 17.475
      vertex 89.68467875173177 166.53 17.475
      vertex 84.54060464509718 166.53 17.812160429927033
    endloop
  endfacet
  facet normal 0 -1 0
    outer loop
      vertex 84.54060464509718 166.53 17.812160429927033
      vertex 89.45939535490282 166.53 17.812160429927033
      vertex 84.8079689783217 166.53 18.117031021678297
    endloop
  endfacet
  facet normal 0.6593458151000628 0 -0.7518398074789826
    outer loop
      vertex 85.11283957007296 163.28 18.38439535490283
      vertex 84.8079689783217 166.53 18.117031021678297
      vertex 85.11283957007296 166.53 18.38439535490283
    endloop
  endfacet
  facet normal 0.5555702330195982 0 -0.8314696123025479
    outer loop
      vertex 85.45 163.28 18.60967875173176
      vertex 85.11283957007296 166.53 18.38439535490283
      vertex 85.45 166.53 18.60967875173176
    endloop
  endfacet
  facet normal 0 -1 0
    outer loop
      vertex 84.8079689783217 166.53 18.117031021678297
      vertex 89.1920310216783 166.53 18.117031021678297
      vertex 85.11283957007296 166.53 18.38439535490283
    endloop
  endfacet
  facet normal 0 -1 0
    outer loop
      vertex 85.11283957007296 166.53 18.38439535490283
      vertex 88.88716042992704 166.53 18.38439535490283
      vertex 85.45 166.53 18.60967875173176
    endloop
  endfacet
  facet normal 0.4422886902190022 0 -0.8968727415326879
    outer loop
      vertex 85.45 163.28 18.60967875173176
      vertex 85.45 166.53 18.60967875173176
      vertex 85.81368135966822 163.28 18.78902655078499
    endloop
  endfacet
  facet normal 0.3214394653031635 0 -0.946930129495105
    outer loop
      vertex 85.81368135966822 163.28 18.78902655078499
      vertex 85.81368135966822 166.53 18.78902655078499
      vertex 86.19766096018219 163.28 18.919370061496114
    endloop
  endfacet
  facet normal 0 1 0
    outer loop
      vertex 85.45 163.28 18.60967875173176
      vertex 85.81368135966822 163.28 18.78902655078499
      vertex 88.18631864033178 163.28 18.78902655078499
    endloop
  endfacet
  facet normal 0 1 0
    outer loop
      vertex 85.81368135966822 163.28 18.78902655078499
      vertex 86.19766096018219 163.28 18.919370061496114
      vertex 87.80233903981781 163.28 18.919370061496114
    endloop
  endfacet
  facet normal 0 1 0
    outer loop
      vertex 85.45 163.28 18.60967875173176
      vertex 88.18631864033178 163.28 18.78902655078499
      vertex 88.55 163.28 18.60967875173176
    endloop
  endfacet
  facet normal 0 1 0
    outer loop
      vertex 85.81368135966822 163.28 18.78902655078499
      vertex 87.80233903981781 163.28 18.919370061496114
      vertex 88.18631864033178 163.28 18.78902655078499
    endloop
  endfacet
  facet normal 0 1 0
    outer loop
      vertex 86.19766096018219 163.28 18.919370061496114
      vertex 86.59536880411784 163.28 18.998479070258814
      vertex 87.40463119588216 163.28 18.998479070258814
    endloop
  endfacet
  facet normal 0 1 0
    outer loop
      vertex 86.19766096018219 163.28 18.919370061496114
      vertex 87.40463119588216 163.28 18.998479070258814
      vertex 87.80233903981781 163.28 18.919370061496114
    endloop
  endfacet
  facet normal 0 1 0
    outer loop
      vertex 86.59536880411784 163.28 18.998479070258814
      vertex 87 163.28 19.025000000000002
      vertex 87.40463119588216 163.28 18.998479070258814
    endloop
  endfacet
  facet normal 0.19509032201612891 0 -0.9807852804032303
    outer loop
      vertex 86.19766096018219 163.28 18.919370061496114
      vertex 86.19766096018219 166.53 18.919370061496114
      vertex 86.59536880411784 163.28 18.998479070258814
    endloop
  endfacet
  facet normal 0.06540312923014509 0 -0.9978589232386034
    outer loop
      vertex 86.59536880411784 163.28 18.998479070258814
      vertex 86.59536880411784 166.53 18.998479070258814
      vertex 87 163.28 19.025000000000002
    endloop
  endfacet
  facet normal -0.06540312923014509 0 -0.9978589232386034
    outer loop
      vertex 87 163.28 19.025000000000002
      vertex 87 166.53 19.025000000000002
      vertex 87.40463119588216 163.28 18.998479070258814
    endloop
  endfacet
  facet normal 0.4422886902190022 0 -0.8968727415326879
    outer loop
      vertex 85.45 166.53 18.60967875173176
      vertex 85.81368135966822 166.53 18.78902655078499
      vertex 85.81368135966822 163.28 18.78902655078499
    endloop
  endfacet
  facet normal 0.3214394653031635 0 -0.946930129495105
    outer loop
      vertex 85.81368135966822 166.53 18.78902655078499
      vertex 86.19766096018219 166.53 18.919370061496114
      vertex 86.19766096018219 163.28 18.919370061496114
    endloop
  endfacet
  facet normal 0.19509032201612891 0 -0.9807852804032303
    outer loop
      vertex 86.59536880411784 163.28 18.998479070258814
      vertex 86.19766096018219 166.53 18.919370061496114
      vertex 86.59536880411784 166.53 18.998479070258814
    endloop
  endfacet
  facet normal 0.06540312923014509 0 -0.9978589232386034
    outer loop
      vertex 87 163.28 19.025000000000002
      vertex 86.59536880411784 166.53 18.998479070258814
      vertex 87 166.53 19.025000000000002
    endloop
  endfacet
  facet normal -0.06540312923014509 0 -0.9978589232386034
    outer loop
      vertex 87.40463119588216 163.28 18.998479070258814
      vertex 87 166.53 19.025000000000002
      vertex 87.40463119588216 166.53 18.998479070258814
    endloop
  endfacet
  facet normal 0 -1 0
    outer loop
      vertex 85.45 166.53 18.60967875173176
      vertex 88.55 166.53 18.60967875173176
      vertex 85.81368135966822 166.53 18.78902655078499
    endloop
  endfacet
  facet normal 0 -1 0
    outer loop
      vertex 85.81368135966822 166.53 18.78902655078499
      vertex 88.18631864033178 166.53 18.78902655078499
      vertex 86.19766096018219 166.53 18.919370061496114
    endloop
  endfacet
  facet normal 0 -1 0
    outer loop
      vertex 86.19766096018219 166.53 18.919370061496114
      vertex 88.18631864033178 166.53 18.78902655078499
      vertex 87.80233903981781 166.53 18.919370061496114
    endloop
  endfacet
  facet normal 0 -1 0
    outer loop
      vertex 86.19766096018219 166.53 18.919370061496114
      vertex 87.80233903981781 166.53 18.919370061496114
      vertex 86.59536880411784 166.53 18.998479070258814
    endloop
  endfacet
  facet normal 0 -1 0
    outer loop
      vertex 86.59536880411784 166.53 18.998479070258814
      vertex 87.40463119588216 166.53 18.998479070258814
      vertex 87 166.53 19.025000000000002
    endloop
  endfacet
  facet normal 0 -1 0
    outer loop
      vertex 86.59536880411784 166.53 18.998479070258814
      vertex 87.80233903981781 166.53 18.919370061496114
      vertex 87.40463119588216 166.53 18.998479070258814
    endloop
  endfacet
  facet normal 0 1 0
    outer loop
      vertex 83.9 163.28 15.925
      vertex 90.07347907025881 163.28 16.32963119588216
      vertex 90.1 163.28 15.925
    endloop
  endfacet
  facet normal -0.9978589232386046 0 -0.06540312923012764
    outer loop
      vertex 90.1 163.28 15.925
      vertex 90.07347907025881 163.28 16.32963119588216
      vertex 90.1 166.53 15.925
    endloop
  endfacet
  facet normal 0 -1 0
    outer loop
      vertex 83.9 166.53 15.925
      vertex 90.07347907025881 166.53 15.52036880411784
      vertex 90.1 166.53 15.925
    endloop
  endfacet
  facet normal 0 -1 0
    outer loop
      vertex 90.1 166.53 15.925
      vertex 90.07347907025881 166.53 16.32963119588216
      vertex 83.92652092974119 166.53 16.32963119588216
    endloop
  endfacet
  facet normal -0.9978589232386046 0 -0.06540312923012764
    outer loop
      vertex 90.1 166.53 15.925
      vertex 90.07347907025881 163.28 16.32963119588216
      vertex 90.07347907025881 166.53 16.32963119588216
    endloop
  endfacet
  facet normal 0 1 0
    outer loop
      vertex 83.92652092974119 163.28 16.32963119588216
      vertex 89.99437006149611 163.28 16.727339039817814
      vertex 90.07347907025881 163.28 16.32963119588216
    endloop
  endfacet
  facet normal 0 1 0
    outer loop
      vertex 84.00562993850389 163.28 16.727339039817814
      vertex 89.86402655078498 163.28 17.111318640331778
      vertex 89.99437006149611 163.28 16.727339039817814
    endloop
  endfacet
  facet normal -0.9807852804032307 0 -0.19509032201612725
    outer loop
      vertex 89.99437006149611 163.28 16.727339039817814
      vertex 90.07347907025881 166.53 16.32963119588216
      vertex 90.07347907025881 163.28 16.32963119588216
    endloop
  endfacet
  facet normal -0.9469301294951014 0 -0.32143946530317397
    outer loop
      vertex 89.99437006149611 163.28 16.727339039817814
      vertex 89.86402655078498 163.28 17.111318640331778
      vertex 89.99437006149611 166.53 16.727339039817814
    endloop
  endfacet
  facet normal 0 1 0
    outer loop
      vertex 84.13597344921502 163.28 17.111318640331778
      vertex 89.68467875173177 163.28 17.475
      vertex 89.86402655078498 163.28 17.111318640331778
    endloop
  endfacet
  facet normal -0.8968727415327 0 -0.44228869021897754
    outer loop
      vertex 89.86402655078498 163.28 17.111318640331778
      vertex 89.68467875173177 163.28 17.475
      vertex 89.86402655078498 166.53 17.111318640331778
    endloop
  endfacet
  facet normal 0 -1 0
    outer loop
      vertex 84.00562993850389 166.53 16.727339039817814
      vertex 90.07347907025881 166.53 16.32963119588216
      vertex 89.99437006149611 166.53 16.727339039817814
    endloop
  endfacet
  facet normal -0.9807852804032307 0 -0.19509032201612725
    outer loop
      vertex 89.99437006149611 163.28 16.727339039817814
      vertex 89.99437006149611 166.53 16.727339039817814
      vertex 90.07347907025881 166.53 16.32963119588216
    endloop
  endfacet
  facet normal 0 -1 0
    outer loop
      vertex 84.13597344921502 166.53 17.111318640331778
      vertex 89.99437006149611 166.53 16.727339039817814
      vertex 89.86402655078498 166.53 17.111318640331778
    endloop
  endfacet
  facet normal 0 -1 0
    outer loop
      vertex 84.31532124826823 166.53 17.475
      vertex 89.86402655078498 166.53 17.111318640331778
      vertex 89.68467875173177 166.53 17.475
    endloop
  endfacet
  facet normal -0.9469301294951014 0 -0.32143946530317397
    outer loop
      vertex 89.86402655078498 163.28 17.111318640331778
      vertex 89.86402655078498 166.53 17.111318640331778
      vertex 89.99437006149611 166.53 16.727339039817814
    endloop
  endfacet
  facet normal -0.8968727415327 0 -0.44228869021897754
    outer loop
      vertex 89.86402655078498 166.53 17.111318640331778
      vertex 89.68467875173177 163.28 17.475
      vertex 89.68467875173177 166.53 17.475
    endloop
  endfacet
  facet normal 0 1 0
    outer loop
      vertex 84.31532124826823 163.28 17.475
      vertex 89.45939535490282 163.28 17.812160429927033
      vertex 89.68467875173177 163.28 17.475
    endloop
  endfacet
  facet normal 0 1 0
    outer loop
      vertex 84.54060464509718 163.28 17.812160429927033
      vertex 89.1920310216783 163.28 18.117031021678297
      vertex 89.45939535490282 163.28 17.812160429927033
    endloop
  endfacet
  facet normal -0.8314696123025304 0 -0.5555702330196244
    outer loop
      vertex 89.68467875173177 163.28 17.475
      vertex 89.45939535490282 163.28 17.812160429927033
      vertex 89.68467875173177 166.53 17.475
    endloop
  endfacet
  facet normal -0.7518398074789918 0 -0.6593458151000523
    outer loop
      vertex 89.45939535490282 163.28 17.812160429927033
      vertex 89.1920310216783 163.28 18.117031021678297
      vertex 89.45939535490282 166.53 17.812160429927033
    endloop
  endfacet
  facet normal 0 1 0
    outer loop
      vertex 84.8079689783217 163.28 18.117031021678297
      vertex 88.88716042992704 163.28 18.38439535490283
      vertex 89.1920310216783 163.28 18.117031021678297
    endloop
  endfacet
  facet normal 0 1 0
    outer loop
      vertex 85.11283957007296 163.28 18.38439535490283
      vertex 88.55 163.28 18.60967875173176
      vertex 88.88716042992704 163.28 18.38439535490283
    endloop
  endfacet
  facet normal -0.5555702330195982 0 -0.8314696123025479
    outer loop
      vertex 88.55 163.28 18.60967875173176
      vertex 88.55 166.53 18.60967875173176
      vertex 88.88716042992704 163.28 18.38439535490283
    endloop
  endfacet
  facet normal -0.6593458151000628 0 -0.7518398074789826
    outer loop
      vertex 89.1920310216783 163.28 18.117031021678297
      vertex 88.88716042992704 163.28 18.38439535490283
      vertex 88.88716042992704 166.53 18.38439535490283
    endloop
  endfacet
  facet normal 0 -1 0
    outer loop
      vertex 84.54060464509718 166.53 17.812160429927033
      vertex 89.68467875173177 166.53 17.475
      vertex 89.45939535490282 166.53 17.812160429927033
    endloop
  endfacet
  facet normal 0 -1 0
    outer loop
      vertex 84.8079689783217 166.53 18.117031021678297
      vertex 89.45939535490282 166.53 17.812160429927033
      vertex 89.1920310216783 166.53 18.117031021678297
    endloop
  endfacet
  facet normal -0.8314696123025304 0 -0.5555702330196244
    outer loop
      vertex 89.45939535490282 163.28 17.812160429927033
      vertex 89.45939535490282 166.53 17.812160429927033
      vertex 89.68467875173177 166.53 17.475
    endloop
  endfacet
  facet normal -0.7518398074789918 0 -0.6593458151000523
    outer loop
      vertex 89.1920310216783 163.28 18.117031021678297
      vertex 89.1920310216783 166.53 18.117031021678297
      vertex 89.45939535490282 166.53 17.812160429927033
    endloop
  endfacet
  facet normal -0.5555702330195982 0 -0.8314696123025479
    outer loop
      vertex 88.55 166.53 18.60967875173176
      vertex 88.88716042992704 166.53 18.38439535490283
      vertex 88.88716042992704 163.28 18.38439535490283
    endloop
  endfacet
  facet normal 0 -1 0
    outer loop
      vertex 85.11283957007296 166.53 18.38439535490283
      vertex 89.1920310216783 166.53 18.117031021678297
      vertex 88.88716042992704 166.53 18.38439535490283
    endloop
  endfacet
  facet normal 0 -1 0
    outer loop
      vertex 85.45 166.53 18.60967875173176
      vertex 88.88716042992704 166.53 18.38439535490283
      vertex 88.55 166.53 18.60967875173176
    endloop
  endfacet
  facet normal -0.6593458151000628 0 -0.7518398074789826
    outer loop
      vertex 89.1920310216783 163.28 18.117031021678297
      vertex 88.88716042992704 166.53 18.38439535490283
      vertex 89.1920310216783 166.53 18.117031021678297
    endloop
  endfacet
  facet normal -0.3214394653031635 0 -0.946930129495105
    outer loop
      vertex 88.18631864033178 163.28 18.78902655078499
      vertex 87.80233903981781 163.28 18.919370061496114
      vertex 87.80233903981781 166.53 18.919370061496114
    endloop
  endfacet
  facet normal -0.4422886902190022 0 -0.8968727415326879
    outer loop
      vertex 88.55 163.28 18.60967875173176
      vertex 88.18631864033178 163.28 18.78902655078499
      vertex 88.18631864033178 166.53 18.78902655078499
    endloop
  endfacet
  facet normal -0.19509032201612891 0 -0.9807852804032303
    outer loop
      vertex 87.40463119588216 163.28 18.998479070258814
      vertex 87.40463119588216 166.53 18.998479070258814
      vertex 87.80233903981781 163.28 18.919370061496114
    endloop
  endfacet
  facet normal -0.3214394653031635 0 -0.946930129495105
    outer loop
      vertex 88.18631864033178 163.28 18.78902655078499
      vertex 87.80233903981781 166.53 18.919370061496114
      vertex 88.18631864033178 166.53 18.78902655078499
    endloop
  endfacet
  facet normal -0.4422886902190022 0 -0.8968727415326879
    outer loop
      vertex 88.55 163.28 18.60967875173176
      vertex 88.18631864033178 166.53 18.78902655078499
      vertex 88.55 166.53 18.60967875173176
    endloop
  endfacet
  facet normal -0.19509032201612891 0 -0.9807852804032303
    outer loop
      vertex 87.80233903981781 163.28 18.919370061496114
      vertex 87.40463119588216 166.53 18.998479070258814
      vertex 87.80233903981781 166.53 18.919370061496114
    endloop
  endfacet
  facet normal 0 -1 0
    outer loop
      vertex 88.55 166.53 18.60967875173176
      vertex 88.18631864033178 166.53 18.78902655078499
      vertex 85.81368135966822 166.53 18.78902655078499
    endloop
  endfacet
  facet normal 1 0 0
    outer loop
      vertex 83.9 163.28 0
      vertex 83.9 166.53 0
      vertex 83.9 166.53 15.925
    endloop
  endfacet
  facet normal 0 1 0
    outer loop
      vertex 83.9 163.28 0
      vertex 83.92652092974119 163.28 15.52036880411784
      vertex 90.10000000000001 163.28 0
    endloop
  endfacet
  facet normal 0 -1 0
    outer loop
      vertex 83.9 166.53 0
      vertex 90.07347907025881 166.53 15.52036880411784
      vertex 83.92652092974119 166.53 15.52036880411784
    endloop
  endfacet
  facet normal 0 1 0
    outer loop
      vertex 83.9 163.28 0
      vertex 83.9 163.28 15.925
      vertex 83.92652092974119 163.28 15.52036880411784
    endloop
  endfacet
  facet normal 1 0 0
    outer loop
      vertex 83.9 163.28 0
      vertex 83.9 166.53 15.925
      vertex 83.9 163.28 15.925
    endloop
  endfacet
  facet normal 0 -1 0
    outer loop
      vertex 83.9 166.53 0
      vertex 83.92652092974119 166.53 15.52036880411784
      vertex 83.9 166.53 15.925
    endloop
  endfacet
  facet normal -1 0 -8.923613635919625e-16
    outer loop
      vertex 90.10000000000001 163.28 0
      vertex 90.1 163.28 15.925
      vertex 90.10000000000001 166.53 0
    endloop
  endfacet
  facet normal 0 -1 0
    outer loop
      vertex 83.9 166.53 0
      vertex 90.10000000000001 166.53 0
      vertex 90.07347907025881 166.53 15.52036880411784
    endloop
  endfacet
  facet normal 0 1 0
    outer loop
      vertex 90.10000000000001 163.28 0
      vertex 83.92652092974119 163.28 15.52036880411784
      vertex 90.1 163.28 15.925
    endloop
  endfacet
  facet normal -1 0 -8.923613635919625e-16
    outer loop
      vertex 90.10000000000001 166.53 0
      vertex 90.1 163.28 15.925
      vertex 90.1 166.53 15.925
    endloop
  endfacet
  facet normal 0 -1 0
    outer loop
      vertex 90.10000000000001 166.53 0
      vertex 90.1 166.53 15.925
      vertex 90.07347907025881 166.53 15.52036880411784
    endloop
  endfacet
  facet normal 0.9978589232386034 0 -0.06540312923014509
    outer loop
      vertex 38.9 163.28 15.925
      vertex 38.92652092974119 166.53 16.32963119588216
      vertex 38.92652092974119 163.28 16.32963119588216
    endloop
  endfacet
  facet normal 0 1 0
    outer loop
      vertex 38.92652092974119 163.28 15.52036880411784
      vertex 38.9 163.28 15.925
      vertex 45.1 163.28 15.925
    endloop
  endfacet
  facet normal 0 1 0
    outer loop
      vertex 38.9 163.28 15.925
      vertex 38.92652092974119 163.28 16.32963119588216
      vertex 45.07347907025881 163.28 16.32963119588216
    endloop
  endfacet
  facet normal 0 -1 0
    outer loop
      vertex 38.92652092974119 166.53 15.52036880411784
      vertex 45.07347907025881 166.53 15.52036880411784
      vertex 38.9 166.53 15.925
    endloop
  endfacet
  facet normal 0.9978589232386034 0 -0.06540312923014509
    outer loop
      vertex 38.9 163.28 15.925
      vertex 38.9 166.53 15.925
      vertex 38.92652092974119 166.53 16.32963119588216
    endloop
  endfacet
  facet normal 0 -1 0
    outer loop
      vertex 38.9 166.53 15.925
      vertex 45.1 166.53 15.925
      vertex 38.92652092974119 166.53 16.32963119588216
    endloop
  endfacet
  facet normal 0 1 0
    outer loop
      vertex 38.92652092974119 163.28 15.52036880411784
      vertex 45.1 163.28 15.925
      vertex 45.07347907025881 163.28 15.52036880411784
    endloop
  endfacet
  facet normal 0 1 0
    outer loop
      vertex 38.9 163.28 15.925
      vertex 45.07347907025881 163.28 16.32963119588216
      vertex 45.1 163.28 15.925
    endloop
  endfacet
  facet normal 0 -1 0
    outer loop
      vertex 38.9 166.53 15.925
      vertex 45.07347907025881 166.53 15.52036880411784
      vertex 45.1 166.53 15.925
    endloop
  endfacet
  facet normal 0 -1 0
    outer loop
      vertex 38.92652092974119 166.53 16.32963119588216
      vertex 45.1 166.53 15.925
      vertex 45.07347907025881 166.53 16.32963119588216
    endloop
  endfacet
  facet normal 0.9807852804032307 0 -0.19509032201612725
    outer loop
      vertex 38.92652092974119 163.28 16.32963119588216
      vertex 39.00562993850389 166.53 16.727339039817814
      vertex 39.00562993850389 163.28 16.727339039817814
    endloop
  endfacet
  facet normal 0 1 0
    outer loop
      vertex 38.92652092974119 163.28 16.32963119588216
      vertex 39.00562993850389 163.28 16.727339039817814
      vertex 44.99437006149611 163.28 16.727339039817814
    endloop
  endfacet
  facet normal 0.9469301294951068 0 -0.3214394653031583
    outer loop
      vertex 39.00562993850389 163.28 16.727339039817814
      vertex 39.13597344921501 166.53 17.111318640331778
      vertex 39.13597344921501 163.28 17.111318640331778
    endloop
  endfacet
  facet normal 0.8968727415326861 0 -0.4422886902190057
    outer loop
      vertex 39.13597344921501 163.28 17.111318640331778
      vertex 39.31532124826824 166.53 17.475
      vertex 39.31532124826824 163.28 17.475
    endloop
  endfacet
  facet normal 0 1 0
    outer loop
      vertex 39.00562993850389 163.28 16.727339039817814
      vertex 39.13597344921501 163.28 17.111318640331778
      vertex 44.86402655078499 163.28 17.111318640331778
    endloop
  endfacet
  facet normal 0.9807852804032307 0 -0.19509032201612725
    outer loop
      vertex 38.92652092974119 163.28 16.32963119588216
      vertex 38.92652092974119 166.53 16.32963119588216
      vertex 39.00562993850389 166.53 16.727339039817814
    endloop
  endfacet
  facet normal 0.9469301294951068 0 -0.3214394653031583
    outer loop
      vertex 39.00562993850389 163.28 16.727339039817814
      vertex 39.00562993850389 166.53 16.727339039817814
      vertex 39.13597344921501 166.53 17.111318640331778
    endloop
  endfacet
  facet normal 0 -1 0
    outer loop
      vertex 38.92652092974119 166.53 16.32963119588216
      vertex 45.07347907025881 166.53 16.32963119588216
      vertex 39.00562993850389 166.53 16.727339039817814
    endloop
  endfacet
  facet normal 0.8968727415326861 0 -0.4422886902190057
    outer loop
      vertex 39.13597344921501 163.28 17.111318640331778
      vertex 39.13597344921501 166.53 17.111318640331778
      vertex 39.31532124826824 166.53 17.475
    endloop
  endfacet
  facet normal 0 1 0
    outer loop
      vertex 38.92652092974119 163.28 16.32963119588216
      vertex 44.99437006149611 163.28 16.727339039817814
      vertex 45.07347907025881 163.28 16.32963119588216
    endloop
  endfacet
  facet normal 0 1 0
    outer loop
      vertex 39.00562993850389 163.28 16.727339039817814
      vertex 44.86402655078499 163.28 17.111318640331778
      vertex 44.99437006149611 163.28 16.727339039817814
    endloop
  endfacet
  facet normal 0 1 0
    outer loop
      vertex 39.13597344921501 163.28 17.111318640331778
      vertex 39.31532124826824 163.28 17.475
      vertex 44.68467875173176 163.28 17.475
    endloop
  endfacet
  facet normal 0 1 0
    outer loop
      vertex 39.13597344921501 163.28 17.111318640331778
      vertex 44.68467875173176 163.28 17.475
      vertex 44.86402655078499 163.28 17.111318640331778
    endloop
  endfacet
  facet normal 0 -1 0
    outer loop
      vertex 39.00562993850389 166.53 16.727339039817814
      vertex 44.99437006149611 166.53 16.727339039817814
      vertex 39.13597344921501 166.53 17.111318640331778
    endloop
  endfacet
  facet normal 0 -1 0
    outer loop
      vertex 39.00562993850389 166.53 16.727339039817814
      vertex 45.07347907025881 166.53 16.32963119588216
      vertex 44.99437006149611 166.53 16.727339039817814
    endloop
  endfacet
  facet normal 0 -1 0
    outer loop
      vertex 39.13597344921501 166.53 17.111318640331778
      vertex 44.86402655078499 166.53 17.111318640331778
      vertex 39.31532124826824 166.53 17.475
    endloop
  endfacet
  facet normal 0 -1 0
    outer loop
      vertex 39.13597344921501 166.53 17.111318640331778
      vertex 44.99437006149611 166.53 16.727339039817814
      vertex 44.86402655078499 166.53 17.111318640331778
    endloop
  endfacet
  facet normal 0 -1 0
    outer loop
      vertex 39.31532124826824 166.53 17.475
      vertex 44.86402655078499 166.53 17.111318640331778
      vertex 44.68467875173176 166.53 17.475
    endloop
  endfacet
  facet normal 0.8314696123025465 0 -0.5555702330196002
    outer loop
      vertex 39.31532124826824 163.28 17.475
      vertex 39.54060464509717 166.53 17.812160429927033
      vertex 39.54060464509717 163.28 17.812160429927033
    endloop
  endfacet
  facet normal 0.7518398074789745 0 -0.6593458151000722
    outer loop
      vertex 39.54060464509717 163.28 17.812160429927033
      vertex 39.8079689783217 166.53 18.117031021678297
      vertex 39.8079689783217 163.28 18.117031021678297
    endloop
  endfacet
  facet normal 0.6593458151000716 0 -0.7518398074789752
    outer loop
      vertex 39.8079689783217 163.28 18.117031021678297
      vertex 39.8079689783217 166.53 18.117031021678297
      vertex 40.112839570072964 163.28 18.38439535490283
    endloop
  endfacet
  facet normal 0.5555702330195982 0 -0.8314696123025479
    outer loop
      vertex 40.112839570072964 163.28 18.38439535490283
      vertex 40.112839570072964 166.53 18.38439535490283
      vertex 40.45 163.28 18.60967875173176
    endloop
  endfacet
  facet normal 0.8314696123025465 0 -0.5555702330196002
    outer loop
      vertex 39.31532124826824 163.28 17.475
      vertex 39.31532124826824 166.53 17.475
      vertex 39.54060464509717 166.53 17.812160429927033
    endloop
  endfacet
  facet normal 0.7518398074789745 0 -0.6593458151000722
    outer loop
      vertex 39.54060464509717 163.28 17.812160429927033
      vertex 39.54060464509717 166.53 17.812160429927033
      vertex 39.8079689783217 166.53 18.117031021678297
    endloop
  endfacet
  facet normal 0.6593458151000716 0 -0.7518398074789752
    outer loop
      vertex 40.112839570072964 163.28 18.38439535490283
      vertex 39.8079689783217 166.53 18.117031021678297
      vertex 40.112839570072964 166.53 18.38439535490283
    endloop
  endfacet
  facet normal 0.5555702330195982 0 -0.8314696123025479
    outer loop
      vertex 40.45 163.28 18.60967875173176
      vertex 40.112839570072964 166.53 18.38439535490283
      vertex 40.45 166.53 18.60967875173176
    endloop
  endfacet
  facet normal 0 1 0
    outer loop
      vertex 39.31532124826824 163.28 17.475
      vertex 39.54060464509717 163.28 17.812160429927033
      vertex 44.45939535490283 163.28 17.812160429927033
    endloop
  endfacet
  facet normal 0 1 0
    outer loop
      vertex 39.54060464509717 163.28 17.812160429927033
      vertex 39.8079689783217 163.28 18.117031021678297
      vertex 44.1920310216783 163.28 18.117031021678297
    endloop
  endfacet
  facet normal 0 1 0
    outer loop
      vertex 39.31532124826824 163.28 17.475
      vertex 44.45939535490283 163.28 17.812160429927033
      vertex 44.68467875173176 163.28 17.475
    endloop
  endfacet
  facet normal 0 1 0
    outer loop
      vertex 39.54060464509717 163.28 17.812160429927033
      vertex 44.1920310216783 163.28 18.117031021678297
      vertex 44.45939535490283 163.28 17.812160429927033
    endloop
  endfacet
  facet normal 0 1 0
    outer loop
      vertex 39.8079689783217 163.28 18.117031021678297
      vertex 40.112839570072964 163.28 18.38439535490283
      vertex 43.887160429927036 163.28 18.38439535490283
    endloop
  endfacet
  facet normal 0 1 0
    outer loop
      vertex 40.112839570072964 163.28 18.38439535490283
      vertex 40.45 163.28 18.60967875173176
      vertex 43.55 163.28 18.60967875173176
    endloop
  endfacet
  facet normal 0 1 0
    outer loop
      vertex 39.8079689783217 163.28 18.117031021678297
      vertex 43.887160429927036 163.28 18.38439535490283
      vertex 44.1920310216783 163.28 18.117031021678297
    endloop
  endfacet
  facet normal 0 1 0
    outer loop
      vertex 40.112839570072964 163.28 18.38439535490283
      vertex 43.55 163.28 18.60967875173176
      vertex 43.887160429927036 163.28 18.38439535490283
    endloop
  endfacet
  facet normal -0.5555702330195982 0 -0.8314696123025479
    outer loop
      vertex 43.55 163.28 18.60967875173176
      vertex 43.55 166.53 18.60967875173176
      vertex 43.887160429927036 163.28 18.38439535490283
    endloop
  endfacet
  facet normal 0 -1 0
    outer loop
      vertex 39.31532124826824 166.53 17.475
      vertex 44.68467875173176 166.53 17.475
      vertex 39.54060464509717 166.53 17.812160429927033
    endloop
  endfacet
  facet normal 0 -1 0
    outer loop
      vertex 39.54060464509717 166.53 17.812160429927033
      vertex 44.45939535490283 166.53 17.812160429927033
      vertex 39.8079689783217 166.53 18.117031021678297
    endloop
  endfacet
  facet normal 0 -1 0
    outer loop
      vertex 39.54060464509717 166.53 17.812160429927033
      vertex 44.68467875173176 166.53 17.475
      vertex 44.45939535490283 166.53 17.812160429927033
    endloop
  endfacet
  facet normal 0 -1 0
    outer loop
      vertex 39.8079689783217 166.53 18.117031021678297
      vertex 44.45939535490283 166.53 17.812160429927033
      vertex 44.1920310216783 166.53 18.117031021678297
    endloop
  endfacet
  facet normal 0 -1 0
    outer loop
      vertex 39.8079689783217 166.53 18.117031021678297
      vertex 44.1920310216783 166.53 18.117031021678297
      vertex 40.112839570072964 166.53 18.38439535490283
    endloop
  endfacet
  facet normal 0 -1 0
    outer loop
      vertex 40.112839570072964 166.53 18.38439535490283
      vertex 43.887160429927036 166.53 18.38439535490283
      vertex 40.45 166.53 18.60967875173176
    endloop
  endfacet
  facet normal 0 -1 0
    outer loop
      vertex 40.112839570072964 166.53 18.38439535490283
      vertex 44.1920310216783 166.53 18.117031021678297
      vertex 43.887160429927036 166.53 18.38439535490283
    endloop
  endfacet
  facet normal 0 -1 0
    outer loop
      vertex 40.45 166.53 18.60967875173176
      vertex 43.887160429927036 166.53 18.38439535490283
      vertex 43.55 166.53 18.60967875173176
    endloop
  endfacet
  facet normal -0.9978589232386034 0 -0.06540312923014509
    outer loop
      vertex 45.1 163.28 15.925
      vertex 45.07347907025881 163.28 16.32963119588216
      vertex 45.1 166.53 15.925
    endloop
  endfacet
  facet normal -0.9978589232386034 0 -0.06540312923014509
    outer loop
      vertex 45.1 166.53 15.925
      vertex 45.07347907025881 163.28 16.32963119588216
      vertex 45.07347907025881 166.53 16.32963119588216
    endloop
  endfacet
  facet normal -0.9807852804032307 0 -0.19509032201612725
    outer loop
      vertex 45.07347907025881 163.28 16.32963119588216
      vertex 44.99437006149611 163.28 16.727339039817814
      vertex 45.07347907025881 166.53 16.32963119588216
    endloop
  endfacet
  facet normal -0.9469301294951068 0 -0.3214394653031583
    outer loop
      vertex 44.99437006149611 163.28 16.727339039817814
      vertex 44.86402655078499 163.28 17.111318640331778
      vertex 44.99437006149611 166.53 16.727339039817814
    endloop
  endfacet
  facet normal -0.8968727415326861 0 -0.4422886902190057
    outer loop
      vertex 44.86402655078499 163.28 17.111318640331778
      vertex 44.68467875173176 163.28 17.475
      vertex 44.86402655078499 166.53 17.111318640331778
    endloop
  endfacet
  facet normal -0.9807852804032307 0 -0.19509032201612725
    outer loop
      vertex 44.99437006149611 163.28 16.727339039817814
      vertex 44.99437006149611 166.53 16.727339039817814
      vertex 45.07347907025881 166.53 16.32963119588216
    endloop
  endfacet
  facet normal -0.9469301294951068 0 -0.3214394653031583
    outer loop
      vertex 44.86402655078499 163.28 17.111318640331778
      vertex 44.86402655078499 166.53 17.111318640331778
      vertex 44.99437006149611 166.53 16.727339039817814
    endloop
  endfacet
  facet normal -0.8968727415326861 0 -0.4422886902190057
    outer loop
      vertex 44.86402655078499 166.53 17.111318640331778
      vertex 44.68467875173176 163.28 17.475
      vertex 44.68467875173176 166.53 17.475
    endloop
  endfacet
  facet normal -0.8314696123025465 0 -0.5555702330196002
    outer loop
      vertex 44.68467875173176 163.28 17.475
      vertex 44.45939535490283 163.28 17.812160429927033
      vertex 44.68467875173176 166.53 17.475
    endloop
  endfacet
  facet normal -0.7518398074789745 0 -0.6593458151000722
    outer loop
      vertex 44.1920310216783 163.28 18.117031021678297
      vertex 44.45939535490283 166.53 17.812160429927033
      vertex 44.45939535490283 163.28 17.812160429927033
    endloop
  endfacet
  facet normal -0.6593458151000716 0 -0.7518398074789752
    outer loop
      vertex 44.1920310216783 163.28 18.117031021678297
      vertex 43.887160429927036 163.28 18.38439535490283
      vertex 43.887160429927036 166.53 18.38439535490283
    endloop
  endfacet
  facet normal -0.8314696123025465 0 -0.5555702330196002
    outer loop
      vertex 44.45939535490283 163.28 17.812160429927033
      vertex 44.45939535490283 166.53 17.812160429927033
      vertex 44.68467875173176 166.53 17.475
    endloop
  endfacet
  facet normal -0.7518398074789745 0 -0.6593458151000722
    outer loop
      vertex 44.1920310216783 163.28 18.117031021678297
      vertex 44.1920310216783 166.53 18.117031021678297
      vertex 44.45939535490283 166.53 17.812160429927033
    endloop
  endfacet
  facet normal -0.6593458151000716 0 -0.7518398074789752
    outer loop
      vertex 44.1920310216783 163.28 18.117031021678297
      vertex 43.887160429927036 166.53 18.38439535490283
      vertex 44.1920310216783 166.53 18.117031021678297
    endloop
  endfacet
  facet normal -0.5555702330195982 0 -0.8314696123025479
    outer loop
      vertex 43.887160429927036 163.28 18.38439535490283
      vertex 43.55 166.53 18.60967875173176
      vertex 43.887160429927036 166.53 18.38439535490283
    endloop
  endfacet
  facet normal 0.4422886902190022 0 -0.8968727415326879
    outer loop
      vertex 40.45 163.28 18.60967875173176
      vertex 40.45 166.53 18.60967875173176
      vertex 40.81368135966822 163.28 18.78902655078499
    endloop
  endfacet
  facet normal 0.3214394653031688 0 -0.9469301294951031
    outer loop
      vertex 40.81368135966822 163.28 18.78902655078499
      vertex 40.81368135966822 166.53 18.78902655078499
      vertex 41.19766096018218 163.28 18.919370061496114
    endloop
  endfacet
  facet normal 0.4422886902190022 0 -0.8968727415326879
    outer loop
      vertex 40.45 166.53 18.60967875173176
      vertex 40.81368135966822 166.53 18.78902655078499
      vertex 40.81368135966822 163.28 18.78902655078499
    endloop
  endfacet
  facet normal 0 1 0
    outer loop
      vertex 40.45 163.28 18.60967875173176
      vertex 40.81368135966822 163.28 18.78902655078499
      vertex 43.18631864033178 163.28 18.78902655078499
    endloop
  endfacet
  facet normal 0 1 0
    outer loop
      vertex 40.81368135966822 163.28 18.78902655078499
      vertex 41.19766096018218 163.28 18.919370061496114
      vertex 42.80233903981782 163.28 18.919370061496114
    endloop
  endfacet
  facet normal 0 1 0
    outer loop
      vertex 40.81368135966822 163.28 18.78902655078499
      vertex 42.80233903981782 163.28 18.919370061496114
      vertex 43.18631864033178 163.28 18.78902655078499
    endloop
  endfacet
  facet normal 0 1 0
    outer loop
      vertex 41.19766096018218 163.28 18.919370061496114
      vertex 41.59536880411784 163.28 18.998479070258814
      vertex 42.40463119588216 163.28 18.998479070258814
    endloop
  endfacet
  facet normal 0 1 0
    outer loop
      vertex 41.59536880411784 163.28 18.998479070258814
      vertex 42 163.28 19.025000000000002
      vertex 42.40463119588216 163.28 18.998479070258814
    endloop
  endfacet
  facet normal 0 1 0
    outer loop
      vertex 41.19766096018218 163.28 18.919370061496114
      vertex 42.40463119588216 163.28 18.998479070258814
      vertex 42.80233903981782 163.28 18.919370061496114
    endloop
  endfacet
  facet normal 0.19509032201612556 0 -0.980785280403231
    outer loop
      vertex 41.19766096018218 163.28 18.919370061496114
      vertex 41.19766096018218 166.53 18.919370061496114
      vertex 41.59536880411784 163.28 18.998479070258814
    endloop
  endfacet
  facet normal 0.06540312923014509 0 -0.9978589232386034
    outer loop
      vertex 41.59536880411784 163.28 18.998479070258814
      vertex 41.59536880411784 166.53 18.998479070258814
      vertex 42 163.28 19.025000000000002
    endloop
  endfacet
  facet normal -0.06540312923014509 0 -0.9978589232386034
    outer loop
      vertex 42 163.28 19.025000000000002
      vertex 42 166.53 19.025000000000002
      vertex 42.40463119588216 163.28 18.998479070258814
    endloop
  endfacet
  facet normal 0 1 0
    outer loop
      vertex 40.45 163.28 18.60967875173176
      vertex 43.18631864033178 163.28 18.78902655078499
      vertex 43.55 163.28 18.60967875173176
    endloop
  endfacet
  facet normal -0.3214394653031688 0 -0.9469301294951031
    outer loop
      vertex 42.80233903981782 163.28 18.919370061496114
      vertex 42.80233903981782 166.53 18.919370061496114
      vertex 43.18631864033178 163.28 18.78902655078499
    endloop
  endfacet
  facet normal -0.4422886902190022 0 -0.8968727415326879
    outer loop
      vertex 43.55 163.28 18.60967875173176
      vertex 43.18631864033178 163.28 18.78902655078499
      vertex 43.18631864033178 166.53 18.78902655078499
    endloop
  endfacet
  facet normal -0.19509032201612556 0 -0.980785280403231
    outer loop
      vertex 42.40463119588216 163.28 18.998479070258814
      vertex 42.40463119588216 166.53 18.998479070258814
      vertex 42.80233903981782 163.28 18.919370061496114
    endloop
  endfacet
  facet normal 0.3214394653031688 0 -0.9469301294951031
    outer loop
      vertex 41.19766096018218 163.28 18.919370061496114
      vertex 40.81368135966822 166.53 18.78902655078499
      vertex 41.19766096018218 166.53 18.919370061496114
    endloop
  endfacet
  facet normal 0.19509032201612556 0 -0.980785280403231
    outer loop
      vertex 41.59536880411784 163.28 18.998479070258814
      vertex 41.19766096018218 166.53 18.919370061496114
      vertex 41.59536880411784 166.53 18.998479070258814
    endloop
  endfacet
  facet normal 0.06540312923014509 0 -0.9978589232386034
    outer loop
      vertex 41.59536880411784 166.53 18.998479070258814
      vertex 42 166.53 19.025000000000002
      vertex 42 163.28 19.025000000000002
    endloop
  endfacet
  facet normal -0.06540312923014509 0 -0.9978589232386034
    outer loop
      vertex 42.40463119588216 163.28 18.998479070258814
      vertex 42 166.53 19.025000000000002
      vertex 42.40463119588216 166.53 18.998479070258814
    endloop
  endfacet
  facet normal 0 -1 0
    outer loop
      vertex 40.45 166.53 18.60967875173176
      vertex 43.55 166.53 18.60967875173176
      vertex 40.81368135966822 166.53 18.78902655078499
    endloop
  endfacet
  facet normal 0 -1 0
    outer loop
      vertex 40.81368135966822 166.53 18.78902655078499
      vertex 43.18631864033178 166.53 18.78902655078499
      vertex 41.19766096018218 166.53 18.919370061496114
    endloop
  endfacet
  facet normal 0 -1 0
    outer loop
      vertex 41.19766096018218 166.53 18.919370061496114
      vertex 42.80233903981782 166.53 18.919370061496114
      vertex 41.59536880411784 166.53 18.998479070258814
    endloop
  endfacet
  facet normal 0 -1 0
    outer loop
      vertex 41.59536880411784 166.53 18.998479070258814
      vertex 42.40463119588216 166.53 18.998479070258814
      vertex 42 166.53 19.025000000000002
    endloop
  endfacet
  facet normal 0 -1 0
    outer loop
      vertex 41.59536880411784 166.53 18.998479070258814
      vertex 42.80233903981782 166.53 18.919370061496114
      vertex 42.40463119588216 166.53 18.998479070258814
    endloop
  endfacet
  facet normal -0.3214394653031688 0 -0.9469301294951031
    outer loop
      vertex 43.18631864033178 163.28 18.78902655078499
      vertex 42.80233903981782 166.53 18.919370061496114
      vertex 43.18631864033178 166.53 18.78902655078499
    endloop
  endfacet
  facet normal -0.4422886902190022 0 -0.8968727415326879
    outer loop
      vertex 43.55 163.28 18.60967875173176
      vertex 43.18631864033178 166.53 18.78902655078499
      vertex 43.55 166.53 18.60967875173176
    endloop
  endfacet
  facet normal -0.19509032201612556 0 -0.980785280403231
    outer loop
      vertex 42.80233903981782 163.28 18.919370061496114
      vertex 42.40463119588216 166.53 18.998479070258814
      vertex 42.80233903981782 166.53 18.919370061496114
    endloop
  endfacet
  facet normal 0 -1 0
    outer loop
      vertex 43.55 166.53 18.60967875173176
      vertex 43.18631864033178 166.53 18.78902655078499
      vertex 40.81368135966822 166.53 18.78902655078499
    endloop
  endfacet
  facet normal 0 -1 0
    outer loop
      vertex 41.19766096018218 166.53 18.919370061496114
      vertex 43.18631864033178 166.53 18.78902655078499
      vertex 42.80233903981782 166.53 18.919370061496114
    endloop
  endfacet
  facet normal 0 1 0
    outer loop
      vertex 38.9 163.28 0
      vertex 38.92652092974119 163.28 15.52036880411784
      vertex 45.1 163.28 0
    endloop
  endfacet
  facet normal 1 0 0
    outer loop
      vertex 38.9 163.28 0
      vertex 38.9 166.53 0
      vertex 38.9 166.53 15.925
    endloop
  endfacet
  facet normal 0 -1 0
    outer loop
      vertex 38.9 166.53 0
      vertex 45.1 166.53 0
      vertex 45.07347907025881 166.53 15.52036880411784
    endloop
  endfacet
  facet normal 0 -1 0
    outer loop
      vertex 38.9 166.53 0
      vertex 45.07347907025881 166.53 15.52036880411784
      vertex 38.92652092974119 166.53 15.52036880411784
    endloop
  endfacet
  facet normal 0 1 0
    outer loop
      vertex 38.92652092974119 163.28 15.52036880411784
      vertex 45.07347907025881 163.28 15.52036880411784
      vertex 45.1 163.28 0
    endloop
  endfacet
  facet normal 0 1 0
    outer loop
      vertex 38.9 163.28 0
      vertex 38.9 163.28 15.925
      vertex 38.92652092974119 163.28 15.52036880411784
    endloop
  endfacet
  facet normal 1 0 0
    outer loop
      vertex 38.9 163.28 0
      vertex 38.9 166.53 15.925
      vertex 38.9 163.28 15.925
    endloop
  endfacet
  facet normal 0 -1 0
    outer loop
      vertex 38.9 166.53 0
      vertex 38.92652092974119 166.53 15.52036880411784
      vertex 38.9 166.53 15.925
    endloop
  endfacet
  facet normal -1 0 0
    outer loop
      vertex 45.1 163.28 0
      vertex 45.1 163.28 15.925
      vertex 45.1 166.53 0
    endloop
  endfacet
  facet normal 0 1 0
    outer loop
      vertex 45.1 163.28 0
      vertex 45.07347907025881 163.28 15.52036880411784
      vertex 45.1 163.28 15.925
    endloop
  endfacet
  facet normal -1 0 0
    outer loop
      vertex 45.1 166.53 0
      vertex 45.1 163.28 15.925
      vertex 45.1 166.53 15.925
    endloop
  endfacet
  facet normal 0 -1 0
    outer loop
      vertex 45.1 166.53 0
      vertex 45.1 166.53 15.925
      vertex 45.07347907025881 166.53 15.52036880411784
    endloop
  endfacet
  facet normal 1 0 0
    outer loop
      vertex 167 0 0
      vertex 167 6.2907466143369675 0
      vertex 167 6.2907466143369675 1.9999999999999998
    endloop
  endfacet
  facet normal 1 0 0
    outer loop
      vertex 167 13.709253385663033 0
      vertex 167 34.29074661433697 0
      vertex 167 13.709253385663033 1.9999999999999998
    endloop
  endfacet
  facet normal 1 0 0
    outer loop
      vertex 167 6.2907466143369675 1.9999999999999998
      vertex 167 13.709253385663033 1.9999999999999998
      vertex 167 16.586990151421304 5.331149441081096
    endloop
  endfacet
  facet normal 1 0 0
    outer loop
      vertex 167 0 0
      vertex 167 6.2907466143369675 1.9999999999999998
      vertex 167 0 17.7
    endloop
  endfacet
  facet normal 1 0 0
    outer loop
      vertex 167 6.2907466143369675 1.9999999999999998
      vertex 167 16.586990151421304 5.331149441081096
      vertex 167 0 17.7
    endloop
  endfacet
  facet normal 1 0 0
    outer loop
      vertex 167 13.709253385663033 1.9999999999999998
      vertex 167 34.29074661433697 0
      vertex 167 16.586990151421304 5.331149441081096
    endloop
  endfacet
  facet normal 1 0 0
    outer loop
      vertex 167 16.586990151421304 5.331149441081096
      vertex 167 34.29074661433697 0
      vertex 167 34.29074661433697 1.9999999999999998
    endloop
  endfacet
  facet normal 1 0 0
    outer loop
      vertex 167 16.586990151421304 5.331149441081096
      vertex 167 34.29074661433697 1.9999999999999998
      vertex 167 53.245 10.483096743728833
    endloop
  endfacet
  facet normal 1 0 0
    outer loop
      vertex 167 16.586990151421304 5.331149441081096
      vertex 167 14.56105558616636 19.746422906227743
      vertex 167 0 17.7
    endloop
  endfacet
  facet normal 1 0 0
    outer loop
      vertex 167 41.70925338566303 0
      vertex 167 53.75 2.3349364905389036
      vertex 167 53.4780964274782 2.516616649271912
    endloop
  endfacet
  facet normal 1 0 0
    outer loop
      vertex 167 41.70925338566303 0
      vertex 167 53.4780964274782 2.516616649271912
      vertex 167 53.23223304703363 2.732233047033631
    endloop
  endfacet
  facet normal 1 0 0
    outer loop
      vertex 167 41.70925338566303 0
      vertex 167 53.23223304703363 2.732233047033631
      vertex 167 53.01661664927191 2.9780964274781985
    endloop
  endfacet
  facet normal 1 0 0
    outer loop
      vertex 167 41.70925338566303 0
      vertex 167 52.8349364905389 3.25
      vertex 167 52.69030116872178 3.5432914190872755
    endloop
  endfacet
  facet normal 1 0 0
    outer loop
      vertex 167 41.70925338566303 0
      vertex 167 53.01661664927191 2.9780964274781985
      vertex 167 52.8349364905389 3.25
    endloop
  endfacet
  facet normal 1 0 0
    outer loop
      vertex 167 41.70925338566303 0
      vertex 167 54.3529523872437 2.0851854342773293
      vertex 167 54.043291419087275 2.190301168721783
    endloop
  endfacet
  facet normal 1 0 0
    outer loop
      vertex 167 41.70925338566303 0
      vertex 167 54.67368451944987 2.021387846565474
      vertex 167 54.3529523872437 2.0851854342773293
    endloop
  endfacet
  facet normal 1 0 0
    outer loop
      vertex 167 41.70925338566303 0
      vertex 167 55 2
      vertex 167 54.67368451944987 2.021387846565474
    endloop
  endfacet
  facet normal 1 0 0
    outer loop
      vertex 167 41.70925338566303 0
      vertex 167 54.043291419087275 2.190301168721783
      vertex 167 53.75 2.3349364905389036
    endloop
  endfacet
  facet normal 1 0 0
    outer loop
      vertex 167 41.70925338566303 0
      vertex 167 53.245 10.483096743728833
      vertex 167 41.70925338566303 1.9999999999999998
    endloop
  endfacet
  facet normal 1 0 0
    outer loop
      vertex 167 41.70925338566303 0
      vertex 167 52.69030116872178 3.5432914190872755
      vertex 167 52.58518543427733 3.852952387243698
    endloop
  endfacet
  facet normal 1 0 0
    outer loop
      vertex 167 41.70925338566303 0
      vertex 167 52.58518543427733 3.852952387243698
      vertex 167 52.521387846565474 4.173684519449871
    endloop
  endfacet
  facet normal 1 0 0
    outer loop
      vertex 167 41.70925338566303 0
      vertex 167 52.521387846565474 4.173684519449871
      vertex 167 52.5 4.5
    endloop
  endfacet
  facet normal 1 0 0
    outer loop
      vertex 167 41.70925338566303 0
      vertex 167 52.5 4.5
      vertex 167 52.521387846565474 4.826315480550129
    endloop
  endfacet
  facet normal 1 0 0
    outer loop
      vertex 167 41.70925338566303 0
      vertex 167 52.521387846565474 4.826315480550129
      vertex 167 52.58518543427733 5.147047612756301
    endloop
  endfacet
  facet normal 1 0 0
    outer loop
      vertex 167 41.70925338566303 0
      vertex 167 52.58518543427733 5.147047612756301
      vertex 167 52.69030116872178 5.456708580912725
    endloop
  endfacet
  facet normal 1 0 0
    outer loop
      vertex 167 41.70925338566303 0
      vertex 167 52.69030116872178 5.456708580912725
      vertex 167 52.8349364905389 5.75
    endloop
  endfacet
  facet normal 1 0 0
    outer loop
      vertex 167 41.70925338566303 0
      vertex 167 52.8349364905389 5.75
      vertex 167 53.01661664927191 6.0219035725218015
    endloop
  endfacet
  facet normal 1 0 0
    outer loop
      vertex 167 41.70925338566303 0
      vertex 167 53.01661664927191 6.0219035725218015
      vertex 167 53.23223304703363 6.267766952966369
    endloop
  endfacet
  facet normal 1 0 0
    outer loop
      vertex 167 41.70925338566303 0
      vertex 167 53.23223304703363 6.267766952966369
      vertex 167 53.4780964274782 6.483383350728088
    endloop
  endfacet
  facet normal 1 0 0
    outer loop
      vertex 167 41.70925338566303 0
      vertex 167 66.67368451944986 2.021387846565474
      vertex 167 55 2
    endloop
  endfacet
  facet normal 1 0 0
    outer loop
      vertex 167 41.70925338566303 0
      vertex 167 67 2
      vertex 167 66.67368451944986 2.021387846565474
    endloop
  endfacet
  facet normal 1 0 0
    outer loop
      vertex 167 66.67368451944986 2.021387846565474
      vertex 167 55.32631548055013 2.021387846565474
      vertex 167 55 2
    endloop
  endfacet
  facet normal 1 0 0
    outer loop
      vertex 167 55.32631548055013 2.021387846565474
      vertex 167 66.67368451944986 2.021387846565474
      vertex 167 55.6470476127563 2.0851854342773293
    endloop
  endfacet
  facet normal 1 0 0
    outer loop
      vertex 167 55.6470476127563 2.0851854342773293
      vertex 167 66.3529523872437 2.0851854342773293
      vertex 167 55.956708580912725 2.190301168721783
    endloop
  endfacet
  facet normal 1 0 0
    outer loop
      vertex 167 55.956708580912725 2.190301168721783
      vertex 167 65.75 2.3349364905389036
      vertex 167 56.25 2.3349364905389036
    endloop
  endfacet
  facet normal 1 0 0
    outer loop
      vertex 167 55.956708580912725 2.190301168721783
      vertex 167 66.3529523872437 2.0851854342773293
      vertex 167 66.04329141908728 2.190301168721783
    endloop
  endfacet
  facet normal 1 0 0
    outer loop
      vertex 167 55.956708580912725 2.190301168721783
      vertex 167 66.04329141908728 2.190301168721783
      vertex 167 65.75 2.3349364905389036
    endloop
  endfacet
  facet normal 1 0 0
    outer loop
      vertex 167 56.25 2.3349364905389036
      vertex 167 65.47809642747819 2.516616649271912
      vertex 167 56.5219035725218 2.516616649271912
    endloop
  endfacet
  facet normal 1 0 0
    outer loop
      vertex 167 56.5219035725218 2.516616649271912
      vertex 167 65.47809642747819 2.516616649271912
      vertex 167 56.76776695296637 2.732233047033631
    endloop
  endfacet
  facet normal 1 0 0
    outer loop
      vertex 167 56.76776695296637 2.732233047033631
      vertex 167 65.23223304703363 2.732233047033631
      vertex 167 56.98338335072809 2.9780964274781985
    endloop
  endfacet
  facet normal 1 0 0
    outer loop
      vertex 167 56.98338335072809 2.9780964274781985
      vertex 167 65.01661664927191 2.9780964274781985
      vertex 167 57.1650635094611 3.25
    endloop
  endfacet
  facet normal 1 0 0
    outer loop
      vertex 167 57.1650635094611 3.25
      vertex 167 64.83493649053891 3.25
      vertex 167 57.30969883127822 3.5432914190872755
    endloop
  endfacet
  facet normal 1 0 0
    outer loop
      vertex 167 56.25 2.3349364905389036
      vertex 167 65.75 2.3349364905389036
      vertex 167 65.47809642747819 2.516616649271912
    endloop
  endfacet
  facet normal 1 0 0
    outer loop
      vertex 167 56.76776695296637 2.732233047033631
      vertex 167 65.47809642747819 2.516616649271912
      vertex 167 65.23223304703363 2.732233047033631
    endloop
  endfacet
  facet normal 1 0 0
    outer loop
      vertex 167 56.98338335072809 2.9780964274781985
      vertex 167 65.23223304703363 2.732233047033631
      vertex 167 65.01661664927191 2.9780964274781985
    endloop
  endfacet
  facet normal 1 0 0
    outer loop
      vertex 167 57.1650635094611 3.25
      vertex 167 65.01661664927191 2.9780964274781985
      vertex 167 64.83493649053891 3.25
    endloop
  endfacet
  facet normal 1 0 0
    outer loop
      vertex 167 57.30969883127822 3.5432914190872755
      vertex 167 64.83493649053891 3.25
      vertex 167 64.69030116872179 3.5432914190872755
    endloop
  endfacet
  facet normal 1 0 0
    outer loop
      vertex 167 57.30969883127822 3.5432914190872755
      vertex 167 64.69030116872179 3.5432914190872755
      vertex 167 57.41481456572267 3.852952387243698
    endloop
  endfacet
  facet normal 1 0 0
    outer loop
      vertex 167 57.41481456572267 3.852952387243698
      vertex 167 64.52138784656547 4.173684519449871
      vertex 167 57.478612153434526 4.173684519449871
    endloop
  endfacet
  facet normal 1 0 0
    outer loop
      vertex 167 57.478612153434526 4.173684519449871
      vertex 167 64.52138784656547 4.173684519449871
      vertex 167 57.5 4.5
    endloop
  endfacet
  facet normal 1 0 0
    outer loop
      vertex 167 57.5 4.5
      vertex 167 64.5 4.5
      vertex 167 57.478612153434526 4.826315480550129
    endloop
  endfacet
  facet normal 1 0 0
    outer loop
      vertex 167 57.41481456572267 3.852952387243698
      vertex 167 64.69030116872179 3.5432914190872755
      vertex 167 64.58518543427734 3.852952387243698
    endloop
  endfacet
  facet normal 1 0 0
    outer loop
      vertex 167 57.41481456572267 3.852952387243698
      vertex 167 64.58518543427734 3.852952387243698
      vertex 167 64.52138784656547 4.173684519449871
    endloop
  endfacet
  facet normal 1 0 0
    outer loop
      vertex 167 57.5 4.5
      vertex 167 64.52138784656547 4.173684519449871
      vertex 167 64.5 4.5
    endloop
  endfacet
  facet normal 1 0 0
    outer loop
      vertex 167 34.29074661433697 1.9999999999999998
      vertex 167 41.70925338566303 1.9999999999999998
      vertex 167 53.245 10.483096743728833
    endloop
  endfacet
  facet normal 1 0 0
    outer loop
      vertex 167 41.70925338566303 0
      vertex 167 53.4780964274782 6.483383350728088
      vertex 167 53.245 10.483096743728833
    endloop
  endfacet
  facet normal 1 0 0
    outer loop
      vertex 167 57.478612153434526 4.826315480550129
      vertex 167 64.52138784656547 4.826315480550129
      vertex 167 57.41481456572267 5.147047612756301
    endloop
  endfacet
  facet normal 1 0 0
    outer loop
      vertex 167 57.41481456572267 5.147047612756301
      vertex 167 64.58518543427734 5.147047612756301
      vertex 167 57.30969883127822 5.456708580912725
    endloop
  endfacet
  facet normal 1 0 0
    outer loop
      vertex 167 57.30969883127822 5.456708580912725
      vertex 167 64.69030116872179 5.456708580912725
      vertex 167 57.1650635094611 5.75
    endloop
  endfacet
  facet normal 1 0 0
    outer loop
      vertex 167 57.478612153434526 4.826315480550129
      vertex 167 64.5 4.5
      vertex 167 64.52138784656547 4.826315480550129
    endloop
  endfacet
  facet normal 1 0 0
    outer loop
      vertex 167 57.41481456572267 5.147047612756301
      vertex 167 64.52138784656547 4.826315480550129
      vertex 167 64.58518543427734 5.147047612756301
    endloop
  endfacet
  facet normal 1 0 0
    outer loop
      vertex 167 57.30969883127822 5.456708580912725
      vertex 167 64.58518543427734 5.147047612756301
      vertex 167 64.69030116872179 5.456708580912725
    endloop
  endfacet
  facet normal 1 0 0
    outer loop
      vertex 167 57.1650635094611 5.75
      vertex 167 64.69030116872179 5.456708580912725
      vertex 167 64.83493649053891 5.75
    endloop
  endfacet
  facet normal 1 0 0
    outer loop
      vertex 167 57.1650635094611 5.75
      vertex 167 65.01661664927191 6.0219035725218015
      vertex 167 56.98338335072809 6.0219035725218015
    endloop
  endfacet
  facet normal 1 0 0
    outer loop
      vertex 167 56.98338335072809 6.0219035725218015
      vertex 167 65.01661664927191 6.0219035725218015
      vertex 167 56.76776695296637 6.267766952966369
    endloop
  endfacet
  facet normal 1 0 0
    outer loop
      vertex 167 57.1650635094611 5.75
      vertex 167 64.83493649053891 5.75
      vertex 167 65.01661664927191 6.0219035725218015
    endloop
  endfacet
  facet normal 1 0 0
    outer loop
      vertex 167 56.76776695296637 6.267766952966369
      vertex 167 65.01661664927191 6.0219035725218015
      vertex 167 65.23223304703363 6.267766952966369
    endloop
  endfacet
  facet normal 1 0 0
    outer loop
      vertex 167 53.245 10.483096743728833
      vertex 167 53.4780964274782 6.483383350728088
      vertex 167 53.75 6.665063509461096
    endloop
  endfacet
  facet normal 1 0 0
    outer loop
      vertex 167 53.245 10.483096743728833
      vertex 167 53.75 6.665063509461096
      vertex 167 54.043291419087275 6.809698831278217
    endloop
  endfacet
  facet normal 1 0 0
    outer loop
      vertex 167 53.245 10.483096743728833
      vertex 167 54.043291419087275 6.809698831278217
      vertex 167 54.3529523872437 6.91481456572267
    endloop
  endfacet
  facet normal 1 0 0
    outer loop
      vertex 167 53.245 10.483096743728833
      vertex 167 54.3529523872437 6.91481456572267
      vertex 167 54.67368451944987 6.978612153434526
    endloop
  endfacet
  facet normal 1 0 0
    outer loop
      vertex 167 53.245 10.483096743728833
      vertex 167 55.6470476127563 6.91481456572267
      vertex 167 55.956708580912725 6.809698831278217
    endloop
  endfacet
  facet normal 1 0 0
    outer loop
      vertex 167 53.245 10.483096743728833
      vertex 167 55.32631548055013 6.978612153434526
      vertex 167 55.6470476127563 6.91481456572267
    endloop
  endfacet
  facet normal 1 0 0
    outer loop
      vertex 167 53.245 10.483096743728833
      vertex 167 56.5219035725218 6.483383350728088
      vertex 167 56.76776695296637 6.267766952966369
    endloop
  endfacet
  facet normal 1 0 0
    outer loop
      vertex 167 53.245 10.483096743728833
      vertex 167 55.956708580912725 6.809698831278217
      vertex 167 56.25 6.665063509461096
    endloop
  endfacet
  facet normal 1 0 0
    outer loop
      vertex 167 53.245 10.483096743728833
      vertex 167 56.25 6.665063509461096
      vertex 167 56.5219035725218 6.483383350728088
    endloop
  endfacet
  facet normal 1 0 0
    outer loop
      vertex 167 53.245 10.483096743728833
      vertex 167 54.67368451944987 6.978612153434526
      vertex 167 55 7
    endloop
  endfacet
  facet normal 1 0 0
    outer loop
      vertex 167 53.245 10.483096743728833
      vertex 167 55 7
      vertex 167 55.32631548055013 6.978612153434526
    endloop
  endfacet
  facet normal 1 0 0
    outer loop
      vertex 167 53.245 10.483096743728833
      vertex 167 56.76776695296637 6.267766952966369
      vertex 167 65.23223304703363 6.267766952966369
    endloop
  endfacet
  facet normal 1 0 0
    outer loop
      vertex 167 53.245 10.483096743728833
      vertex 167 65.23223304703363 6.267766952966369
      vertex 167 65.47809642747819 6.483383350728088
    endloop
  endfacet
  facet normal 1 0 0
    outer loop
      vertex 167 53.245 10.483096743728833
      vertex 167 65.47809642747819 6.483383350728088
      vertex 167 65.75 6.665063509461096
    endloop
  endfacet
  facet normal 1 0 0
    outer loop
      vertex 167 53.245 10.483096743728833
      vertex 167 65.75 6.665063509461096
      vertex 167 66.04329141908728 6.809698831278217
    endloop
  endfacet
  facet normal 1 0 0
    outer loop
      vertex 167 55.6470476127563 2.0851854342773293
      vertex 167 66.67368451944986 2.021387846565474
      vertex 167 66.3529523872437 2.0851854342773293
    endloop
  endfacet
  facet normal 1 0 0
    outer loop
      vertex 167 79 3.01
      vertex 167 67.6470476127563 2.0851854342773293
      vertex 167 67.32631548055014 2.021387846565474
    endloop
  endfacet
  facet normal 1 0 0
    outer loop
      vertex 167 79 3.01
      vertex 167 67.95670858091272 2.190301168721783
      vertex 167 67.6470476127563 2.0851854342773293
    endloop
  endfacet
  facet normal 1 0 0
    outer loop
      vertex 167 79 3.01
      vertex 167 68.25 2.3349364905389036
      vertex 167 67.95670858091272 2.190301168721783
    endloop
  endfacet
  facet normal 1 0 0
    outer loop
      vertex 167 79 3.01
      vertex 167 68.52190357252181 2.516616649271912
      vertex 167 68.25 2.3349364905389036
    endloop
  endfacet
  facet normal 1 0 0
    outer loop
      vertex 167 79 3.01
      vertex 167 68.76776695296637 2.732233047033631
      vertex 167 68.52190357252181 2.516616649271912
    endloop
  endfacet
  facet normal 1 0 0
    outer loop
      vertex 167 79 3.01
      vertex 167 68.98338335072809 2.9780964274781985
      vertex 167 68.76776695296637 2.732233047033631
    endloop
  endfacet
  facet normal 1 0 0
    outer loop
      vertex 167 79 3.01
      vertex 167 69.16506350946109 3.25
      vertex 167 68.98338335072809 2.9780964274781985
    endloop
  endfacet
  facet normal 1 0 0
    outer loop
      vertex 167 79 3.01
      vertex 167 69.30969883127821 3.5432914190872755
      vertex 167 69.16506350946109 3.25
    endloop
  endfacet
  facet normal 1 0 0
    outer loop
      vertex 167 79 3.01
      vertex 167 69.41481456572266 3.852952387243698
      vertex 167 69.30969883127821 3.5432914190872755
    endloop
  endfacet
  facet normal 1 0 0
    outer loop
      vertex 167 79 3.01
      vertex 167 69.47861215343453 4.173684519449871
      vertex 167 69.41481456572266 3.852952387243698
    endloop
  endfacet
  facet normal 1 0 0
    outer loop
      vertex 167 79 3.01
      vertex 167 69.5 4.5
      vertex 167 69.47861215343453 4.173684519449871
    endloop
  endfacet
  facet normal 1 0 0
    outer loop
      vertex 167 79 3.01
      vertex 167 69.41481456572266 5.147047612756301
      vertex 167 69.47861215343453 4.826315480550129
    endloop
  endfacet
  facet normal 1 0 0
    outer loop
      vertex 167 79 3.01
      vertex 167 69.47861215343453 4.826315480550129
      vertex 167 69.5 4.5
    endloop
  endfacet
  facet normal 1 0 0
    outer loop
      vertex 167 79 3.01
      vertex 167 69.30969883127821 5.456708580912725
      vertex 167 69.41481456572266 5.147047612756301
    endloop
  endfacet
  facet normal 1 0 0
    outer loop
      vertex 167 41.70925338566303 0
      vertex 167 114.29074661433697 1.9999999999999998
      vertex 167 67 2
    endloop
  endfacet
  facet normal 1 0 0
    outer loop
      vertex 167 114.29074661433697 1.9999999999999998
      vertex 167 67.32631548055014 2.021387846565474
      vertex 167 67 2
    endloop
  endfacet
  facet normal 1 0 0
    outer loop
      vertex 167 79 3.01
      vertex 167 69.16506350946109 5.75
      vertex 167 69.30969883127821 5.456708580912725
    endloop
  endfacet
  facet normal 1 0 0
    outer loop
      vertex 167 79 14.102725941488924
      vertex 167 66.04329141908728 6.809698831278217
      vertex 167 66.3529523872437 6.91481456572267
    endloop
  endfacet
  facet normal 1 0 0
    outer loop
      vertex 167 79 14.102725941488924
      vertex 167 68.98338335072809 6.0219035725218015
      vertex 167 69.16506350946109 5.75
    endloop
  endfacet
  facet normal 1 0 0
    outer loop
      vertex 167 79 14.102725941488924
      vertex 167 68.25 6.665063509461096
      vertex 167 68.52190357252181 6.483383350728088
    endloop
  endfacet
  facet normal 1 0 0
    outer loop
      vertex 167 79 14.102725941488924
      vertex 167 67.6470476127563 6.91481456572267
      vertex 167 67.95670858091272 6.809698831278217
    endloop
  endfacet
  facet normal 1 0 0
    outer loop
      vertex 167 79 14.102725941488924
      vertex 167 67.95670858091272 6.809698831278217
      vertex 167 68.25 6.665063509461096
    endloop
  endfacet
  facet normal 1 0 0
    outer loop
      vertex 167 79 14.102725941488924
      vertex 167 68.76776695296637 6.267766952966369
      vertex 167 68.98338335072809 6.0219035725218015
    endloop
  endfacet
  facet normal 1 0 0
    outer loop
      vertex 167 79 14.102725941488924
      vertex 167 68.52190357252181 6.483383350728088
      vertex 167 68.76776695296637 6.267766952966369
    endloop
  endfacet
  facet normal 1 0 0
    outer loop
      vertex 167 79 3.01
      vertex 167 79 14.102725941488924
      vertex 167 69.16506350946109 5.75
    endloop
  endfacet
  facet normal 1 0 0
    outer loop
      vertex 167 53.245 10.483096743728833
      vertex 167 66.04329141908728 6.809698831278217
      vertex 167 79 14.102725941488924
    endloop
  endfacet
  facet normal 1 0 0
    outer loop
      vertex 167 79 14.102725941488924
      vertex 167 66.3529523872437 6.91481456572267
      vertex 167 66.67368451944986 6.978612153434526
    endloop
  endfacet
  facet normal 1 0 0
    outer loop
      vertex 167 79 14.102725941488924
      vertex 167 66.67368451944986 6.978612153434526
      vertex 167 67 7
    endloop
  endfacet
  facet normal 1 0 0
    outer loop
      vertex 167 79 14.102725941488924
      vertex 167 67 7
      vertex 167 67.32631548055014 6.978612153434526
    endloop
  endfacet
  facet normal 1 0 0
    outer loop
      vertex 167 79 14.102725941488924
      vertex 167 67.32631548055014 6.978612153434526
      vertex 167 67.6470476127563 6.91481456572267
    endloop
  endfacet
  facet normal 1 0 0
    outer loop
      vertex 167 41.70925338566303 0
      vertex 167 114.29074661433697 0
      vertex 167 114.29074661433697 1.9999999999999998
    endloop
  endfacet
  facet normal 1 0 0
    outer loop
      vertex 167 79 3.01
      vertex 167 67.32631548055014 2.021387846565474
      vertex 167 114.29074661433697 1.9999999999999998
    endloop
  endfacet
  facet normal 1 0 0
    outer loop
      vertex 167 79 3.01
      vertex 167 114.29074661433697 1.9999999999999998
      vertex 167 152.53 3.01
    endloop
  endfacet
  facet normal 1 0 0
    outer loop
      vertex 167 121.70925338566303 0
      vertex 167 152.53 3.01
      vertex 167 121.70925338566303 1.9999999999999998
    endloop
  endfacet
  facet normal 1 0 0
    outer loop
      vertex 167 114.29074661433697 1.9999999999999998
      vertex 167 121.70925338566303 1.9999999999999998
      vertex 167 152.53 3.01
    endloop
  endfacet
  facet normal 1 0 0
    outer loop
      vertex 167 121.70925338566303 0
      vertex 167 152.53 3
      vertex 167 152.53 3.01
    endloop
  endfacet
  facet normal 1 0 0
    outer loop
      vertex 167 121.70925338566303 0
      vertex 167 155.53 3
      vertex 167 152.53 3
    endloop
  endfacet
  facet normal 1 0 0
    outer loop
      vertex 167 121.70925338566303 0
      vertex 167 167.53 3
      vertex 167 155.53 3
    endloop
  endfacet
  facet normal 1 0 0
    outer loop
      vertex 167 121.70925338566303 0
      vertex 167 167.53 0
      vertex 167 167.53 3
    endloop
  endfacet
  facet normal 1 0 0
    outer loop
      vertex 167 152.53 19
      vertex 167 155.53 19
      vertex 167 152.53 29.235176023632413
    endloop
  endfacet
  facet normal 1 0 0
    outer loop
      vertex 167 155.53 19
      vertex 167 155.53 29.235176023632413
      vertex 167 152.53 29.235176023632413
    endloop
  endfacet
  facet normal 1 0 0
    outer loop
      vertex 167 142.5 29.235176023632413
      vertex 167 147.05829141908725 30.925477192354194
      vertex 167 142.5 29.63517602363241
    endloop
  endfacet
  facet normal 1 0 0
    outer loop
      vertex 167 142.5 29.235176023632413
      vertex 167 148.015 30.735176023632413
      vertex 167 147.68868451944985 30.756563870197887
    endloop
  endfacet
  facet normal 1 0 0
    outer loop
      vertex 167 142.5 29.235176023632413
      vertex 167 148.34131548055012 30.756563870197887
      vertex 167 148.015 30.735176023632413
    endloop
  endfacet
  facet normal 1 0 0
    outer loop
      vertex 167 141.16692678561526 29.63517602363241
      vertex 167 142.5 29.63517602363241
      vertex 167 140.0988164418771 37.23517602363241
    endloop
  endfacet
  facet normal 1 0 0
    outer loop
      vertex 167 142.5 29.63517602363241
      vertex 167 146.765 31.070112514171317
      vertex 167 146.49309642747818 31.251792672904326
    endloop
  endfacet
  facet normal 1 0 0
    outer loop
      vertex 167 142.5 29.63517602363241
      vertex 167 146.49309642747818 31.251792672904326
      vertex 167 146.2472330470336 31.467409070666044
    endloop
  endfacet
  facet normal 1 0 0
    outer loop
      vertex 167 142.5 29.235176023632413
      vertex 167 147.68868451944985 30.756563870197887
      vertex 167 147.3679523872437 30.82036145790974
    endloop
  endfacet
  facet normal 1 0 0
    outer loop
      vertex 167 142.5 29.235176023632413
      vertex 167 147.3679523872437 30.82036145790974
      vertex 167 147.05829141908725 30.925477192354194
    endloop
  endfacet
  facet normal 1 0 0
    outer loop
      vertex 167 142.5 29.63517602363241
      vertex 167 147.05829141908725 30.925477192354194
      vertex 167 146.765 31.070112514171317
    endloop
  endfacet
  facet normal 1 0 0
    outer loop
      vertex 167 142.5 29.235176023632413
      vertex 167 148.66204761275628 30.82036145790974
      vertex 167 148.34131548055012 30.756563870197887
    endloop
  endfacet
  facet normal 1 0 0
    outer loop
      vertex 167 142.5 29.63517602363241
      vertex 167 146.2472330470336 31.467409070666044
      vertex 167 146.0316166492719 31.713272451110612
    endloop
  endfacet
  facet normal 1 0 0
    outer loop
      vertex 167 142.5 29.63517602363241
      vertex 167 146.0316166492719 31.713272451110612
      vertex 167 145.84993649053888 31.985176023632413
    endloop
  endfacet
  facet normal 1 0 0
    outer loop
      vertex 167 142.5 29.63517602363241
      vertex 167 145.84993649053888 31.985176023632413
      vertex 167 145.70530116872177 32.27846744271969
    endloop
  endfacet
  facet normal 1 0 0
    outer loop
      vertex 167 142.5 29.63517602363241
      vertex 167 145.70530116872177 32.27846744271969
      vertex 167 145.6001854342773 32.58812841087611
    endloop
  endfacet
  facet normal 1 0 0
    outer loop
      vertex 167 142.5 29.63517602363241
      vertex 167 145.6001854342773 32.58812841087611
      vertex 167 140.0988164418771 37.23517602363241
    endloop
  endfacet
  facet normal 1 0 0
    outer loop
      vertex 167 140.0988164418771 37.23517602363241
      vertex 167 145.6001854342773 32.58812841087611
      vertex 167 145.53638784656545 32.908860543082284
    endloop
  endfacet
  facet normal 1 0 0
    outer loop
      vertex 167 140.0988164418771 37.23517602363241
      vertex 167 145.53638784656545 32.908860543082284
      vertex 167 145.515 33.23517602363241
    endloop
  endfacet
  facet normal 1 0 0
    outer loop
      vertex 167 140.0988164418771 37.23517602363241
      vertex 167 145.515 33.23517602363241
      vertex 167 145.53638784656545 33.56149150418254
    endloop
  endfacet
  facet normal 1 0 0
    outer loop
      vertex 167 140.0988164418771 37.23517602363241
      vertex 167 145.53638784656545 33.56149150418254
      vertex 167 145.6001854342773 33.882223636388716
    endloop
  endfacet
  facet normal 1 0 0
    outer loop
      vertex 167 140.0988164418771 37.23517602363241
      vertex 167 145.6001854342773 33.882223636388716
      vertex 167 145.70530116872177 34.19188460454514
    endloop
  endfacet
  facet normal 1 0 0
    outer loop
      vertex 167 140.0988164418771 37.23517602363241
      vertex 167 145.70530116872177 34.19188460454514
      vertex 167 145.84993649053888 34.48517602363241
    endloop
  endfacet
  facet normal 1 0 0
    outer loop
      vertex 167 140.0988164418771 37.23517602363241
      vertex 167 145.84993649053888 34.48517602363241
      vertex 167 146.0316166492719 34.75707959615421
    endloop
  endfacet
  facet normal 1 0 0
    outer loop
      vertex 167 140.0988164418771 37.23517602363241
      vertex 167 146.0316166492719 34.75707959615421
      vertex 167 146.2472330470336 35.00294297659878
    endloop
  endfacet
  facet normal 1 0 0
    outer loop
      vertex 167 140.0988164418771 37.23517602363241
      vertex 167 146.2472330470336 35.00294297659878
      vertex 167 146.49309642747818 35.2185593743605
    endloop
  endfacet
  facet normal 1 0 0
    outer loop
      vertex 167 140.0988164418771 37.23517602363241
      vertex 167 146.49309642747818 35.2185593743605
      vertex 167 146.765 35.40023953309351
    endloop
  endfacet
  facet normal 1 0 0
    outer loop
      vertex 167 140.0988164418771 37.23517602363241
      vertex 167 146.765 35.40023953309351
      vertex 167 147.05829141908725 35.54487485491063
    endloop
  endfacet
  facet normal 1 0 0
    outer loop
      vertex 167 140.0988164418771 37.23517602363241
      vertex 167 147.05829141908725 35.54487485491063
      vertex 167 147.3679523872437 35.649990589355085
    endloop
  endfacet
  facet normal 1 0 0
    outer loop
      vertex 167 140.0988164418771 37.23517602363241
      vertex 167 147.3679523872437 35.649990589355085
      vertex 167 147.68868451944985 35.71378817706694
    endloop
  endfacet
  facet normal 1 0 0
    outer loop
      vertex 167 140.0988164418771 37.23517602363241
      vertex 167 147.68868451944985 35.71378817706694
      vertex 167 148.015 35.73517602363241
    endloop
  endfacet
  facet normal 1 0 0
    outer loop
      vertex 167 142.5 29.235176023632413
      vertex 167 152.53 29.235176023632413
      vertex 167 148.66204761275628 30.82036145790974
    endloop
  endfacet
  facet normal 1 0 0
    outer loop
      vertex 167 152.53 29.235176023632413
      vertex 167 155.53 29.235176023632413
      vertex 167 157.3649364905389 31.985176023632413
    endloop
  endfacet
  facet normal 1 0 0
    outer loop
      vertex 167 152.53 29.235176023632413
      vertex 167 148.97170858091272 30.925477192354194
      vertex 167 148.66204761275628 30.82036145790974
    endloop
  endfacet
  facet normal 1 0 0
    outer loop
      vertex 167 152.53 29.235176023632413
      vertex 167 149.265 31.070112514171317
      vertex 167 148.97170858091272 30.925477192354194
    endloop
  endfacet
  facet normal 1 0 0
    outer loop
      vertex 167 152.53 29.235176023632413
      vertex 167 149.5369035725218 31.251792672904326
      vertex 167 149.265 31.070112514171317
    endloop
  endfacet
  facet normal 1 0 0
    outer loop
      vertex 167 152.53 29.235176023632413
      vertex 167 149.78276695296637 31.467409070666044
      vertex 167 149.5369035725218 31.251792672904326
    endloop
  endfacet
  facet normal 1 0 0
    outer loop
      vertex 167 152.53 29.235176023632413
      vertex 167 157.11518543427732 32.58812841087611
      vertex 167 149.78276695296637 31.467409070666044
    endloop
  endfacet
  facet normal 1 0 0
    outer loop
      vertex 167 155.53 29.235176023632413
      vertex 167 157.76223304703365 31.467409070666044
      vertex 167 157.54661664927193 31.713272451110612
    endloop
  endfacet
  facet normal 1 0 0
    outer loop
      vertex 167 152.53 29.235176023632413
      vertex 167 157.3649364905389 31.985176023632413
      vertex 167 157.2203011687218 32.27846744271969
    endloop
  endfacet
  facet normal 1 0 0
    outer loop
      vertex 167 152.53 29.235176023632413
      vertex 167 157.2203011687218 32.27846744271969
      vertex 167 157.11518543427732 32.58812841087611
    endloop
  endfacet
  facet normal 1 0 0
    outer loop
      vertex 167 155.53 29.235176023632413
      vertex 167 157.54661664927193 31.713272451110612
      vertex 167 157.3649364905389 31.985176023632413
    endloop
  endfacet
  facet normal 1 0 0
    outer loop
      vertex 167 149.78276695296637 31.467409070666044
      vertex 167 157.2203011687218 34.19188460454514
      vertex 167 149.99838335072806 31.713272451110612
    endloop
  endfacet
  facet normal 1 0 0
    outer loop
      vertex 167 149.78276695296637 31.467409070666044
      vertex 167 157.11518543427732 32.58812841087611
      vertex 167 157.05138784656546 32.908860543082284
    endloop
  endfacet
  facet normal 1 0 0
    outer loop
      vertex 167 149.78276695296637 31.467409070666044
      vertex 167 157.05138784656546 32.908860543082284
      vertex 167 157.03 33.23517602363241
    endloop
  endfacet
  facet normal 1 0 0
    outer loop
      vertex 167 155.53 29.235176023632413
      vertex 167 167.53 29.235176023632413
      vertex 167 159.20368451944987 30.756563870197887
    endloop
  endfacet
  facet normal 1 0 0
    outer loop
      vertex 167 167.53 29.235176023632413
      vertex 167 159.53 30.735176023632413
      vertex 167 159.20368451944987 30.756563870197887
    endloop
  endfacet
  facet normal 1 0 0
    outer loop
      vertex 167 167.53 29.235176023632413
      vertex 167 159.85631548055014 30.756563870197887
      vertex 167 159.53 30.735176023632413
    endloop
  endfacet
  facet normal 1 0 0
    outer loop
      vertex 167 155.53 29.235176023632413
      vertex 167 158.8829523872437 30.82036145790974
      vertex 167 158.57329141908727 30.925477192354194
    endloop
  endfacet
  facet normal 1 0 0
    outer loop
      vertex 167 155.53 29.235176023632413
      vertex 167 158.28 31.070112514171317
      vertex 167 158.0080964274782 31.251792672904326
    endloop
  endfacet
  facet normal 1 0 0
    outer loop
      vertex 167 155.53 29.235176023632413
      vertex 167 158.57329141908727 30.925477192354194
      vertex 167 158.28 31.070112514171317
    endloop
  endfacet
  facet normal 1 0 0
    outer loop
      vertex 167 155.53 29.235176023632413
      vertex 167 159.20368451944987 30.756563870197887
      vertex 167 158.8829523872437 30.82036145790974
    endloop
  endfacet
  facet normal 1 0 0
    outer loop
      vertex 167 155.53 29.235176023632413
      vertex 167 158.0080964274782 31.251792672904326
      vertex 167 157.76223304703365 31.467409070666044
    endloop
  endfacet
  facet normal 1 0 0
    outer loop
      vertex 167 167.53 29.235176023632413
      vertex 167 160.1770476127563 30.82036145790974
      vertex 167 159.85631548055014 30.756563870197887
    endloop
  endfacet
  facet normal 1 0 0
    outer loop
      vertex 167 167.53 29.235176023632413
      vertex 167 160.48670858091273 30.925477192354194
      vertex 167 160.1770476127563 30.82036145790974
    endloop
  endfacet
  facet normal 1 0 0
    outer loop
      vertex 167 167.53 29.235176023632413
      vertex 167 160.78 31.070112514171317
      vertex 167 160.48670858091273 30.925477192354194
    endloop
  endfacet
  facet normal 1 0 0
    outer loop
      vertex 167 167.53 29.235176023632413
      vertex 167 161.0519035725218 31.251792672904326
      vertex 167 160.78 31.070112514171317
    endloop
  endfacet
  facet normal 1 0 0
    outer loop
      vertex 167 167.53 29.235176023632413
      vertex 167 161.29776695296636 31.467409070666044
      vertex 167 161.0519035725218 31.251792672904326
    endloop
  endfacet
  facet normal 1 0 0
    outer loop
      vertex 167 167.53 29.235176023632413
      vertex 167 161.51338335072808 31.713272451110612
      vertex 167 161.29776695296636 31.467409070666044
    endloop
  endfacet
  facet normal 1 0 0
    outer loop
      vertex 167 167.53 29.235176023632413
      vertex 167 161.6950635094611 31.985176023632413
      vertex 167 161.51338335072808 31.713272451110612
    endloop
  endfacet
  facet normal 1 0 0
    outer loop
      vertex 167 167.53 29.235176023632413
      vertex 167 161.8396988312782 32.27846744271969
      vertex 167 161.6950635094611 31.985176023632413
    endloop
  endfacet
  facet normal 1 0 0
    outer loop
      vertex 167 167.53 29.235176023632413
      vertex 167 161.94481456572268 32.58812841087611
      vertex 167 161.8396988312782 32.27846744271969
    endloop
  endfacet
  facet normal 1 0 0
    outer loop
      vertex 167 167.53 29.235176023632413
      vertex 167 162.00861215343454 32.908860543082284
      vertex 167 161.94481456572268 32.58812841087611
    endloop
  endfacet
  facet normal 1 0 0
    outer loop
      vertex 167 167.53 29.235176023632413
      vertex 167 162.03 33.23517602363241
      vertex 167 162.00861215343454 32.908860543082284
    endloop
  endfacet
  facet normal 1 0 0
    outer loop
      vertex 167 149.99838335072806 31.713272451110612
      vertex 167 157.2203011687218 34.19188460454514
      vertex 167 150.1800635094611 31.985176023632413
    endloop
  endfacet
  facet normal 1 0 0
    outer loop
      vertex 167 157.2203011687218 34.19188460454514
      vertex 167 150.3246988312782 32.27846744271969
      vertex 167 150.1800635094611 31.985176023632413
    endloop
  endfacet
  facet normal 1 0 0
    outer loop
      vertex 167 157.2203011687218 34.19188460454514
      vertex 167 150.42981456572267 32.58812841087611
      vertex 167 150.3246988312782 32.27846744271969
    endloop
  endfacet
  facet normal 1 0 0
    outer loop
      vertex 167 157.2203011687218 34.19188460454514
      vertex 167 150.49361215343453 32.908860543082284
      vertex 167 150.42981456572267 32.58812841087611
    endloop
  endfacet
  facet normal 1 0 0
    outer loop
      vertex 167 157.2203011687218 34.19188460454514
      vertex 167 150.515 33.23517602363241
      vertex 167 150.49361215343453 32.908860543082284
    endloop
  endfacet
  facet normal 1 0 0
    outer loop
      vertex 167 157.2203011687218 34.19188460454514
      vertex 167 150.49361215343453 33.56149150418254
      vertex 167 150.515 33.23517602363241
    endloop
  endfacet
  facet normal 1 0 0
    outer loop
      vertex 167 149.78276695296637 31.467409070666044
      vertex 167 157.03 33.23517602363241
      vertex 167 157.05138784656546 33.56149150418254
    endloop
  endfacet
  facet normal 1 0 0
    outer loop
      vertex 167 149.78276695296637 31.467409070666044
      vertex 167 157.05138784656546 33.56149150418254
      vertex 167 157.11518543427732 33.882223636388716
    endloop
  endfacet
  facet normal 1 0 0
    outer loop
      vertex 167 149.78276695296637 31.467409070666044
      vertex 167 157.11518543427732 33.882223636388716
      vertex 167 157.2203011687218 34.19188460454514
    endloop
  endfacet
  facet normal 1 0 0
    outer loop
      vertex 167 157.2203011687218 34.19188460454514
      vertex 167 150.42981456572267 33.882223636388716
      vertex 167 150.49361215343453 33.56149150418254
    endloop
  endfacet
  facet normal 1 0 0
    outer loop
      vertex 167 157.2203011687218 34.19188460454514
      vertex 167 150.3246988312782 34.19188460454514
      vertex 167 150.42981456572267 33.882223636388716
    endloop
  endfacet
  facet normal 1 0 0
    outer loop
      vertex 167 150.3246988312782 34.19188460454514
      vertex 167 157.2203011687218 34.19188460454514
      vertex 167 150.1800635094611 34.48517602363241
    endloop
  endfacet
  facet normal 1 0 0
    outer loop
      vertex 167 150.1800635094611 34.48517602363241
      vertex 167 157.3649364905389 34.48517602363241
      vertex 167 149.99838335072806 34.75707959615421
    endloop
  endfacet
  facet normal 1 0 0
    outer loop
      vertex 167 149.99838335072806 34.75707959615421
      vertex 167 157.54661664927193 34.75707959615421
      vertex 167 149.78276695296637 35.00294297659878
    endloop
  endfacet
  facet normal 1 0 0
    outer loop
      vertex 167 150.1800635094611 34.48517602363241
      vertex 167 157.2203011687218 34.19188460454514
      vertex 167 157.3649364905389 34.48517602363241
    endloop
  endfacet
  facet normal 1 0 0
    outer loop
      vertex 167 149.99838335072806 34.75707959615421
      vertex 167 157.3649364905389 34.48517602363241
      vertex 167 157.54661664927193 34.75707959615421
    endloop
  endfacet
  facet normal 1 0 0
    outer loop
      vertex 167 140.0988164418771 37.23517602363241
      vertex 167 148.015 35.73517602363241
      vertex 167 159.53 35.73517602363241
    endloop
  endfacet
  facet normal 1 0 0
    outer loop
      vertex 167 149.78276695296637 35.00294297659878
      vertex 167 158.0080964274782 35.2185593743605
      vertex 167 149.5369035725218 35.2185593743605
    endloop
  endfacet
  facet normal 1 0 0
    outer loop
      vertex 167 149.5369035725218 35.2185593743605
      vertex 167 158.0080964274782 35.2185593743605
      vertex 167 149.265 35.40023953309351
    endloop
  endfacet
  facet normal 1 0 0
    outer loop
      vertex 167 148.97170858091272 35.54487485491063
      vertex 167 149.265 35.40023953309351
      vertex 167 158.28 35.40023953309351
    endloop
  endfacet
  facet normal 1 0 0
    outer loop
      vertex 167 148.66204761275628 35.649990589355085
      vertex 167 148.97170858091272 35.54487485491063
      vertex 167 158.57329141908727 35.54487485491063
    endloop
  endfacet
  facet normal 1 0 0
    outer loop
      vertex 167 148.34131548055012 35.71378817706694
      vertex 167 148.66204761275628 35.649990589355085
      vertex 167 158.8829523872437 35.649990589355085
    endloop
  endfacet
  facet normal 1 0 0
    outer loop
      vertex 167 148.015 35.73517602363241
      vertex 167 148.34131548055012 35.71378817706694
      vertex 167 159.20368451944987 35.71378817706694
    endloop
  endfacet
  facet normal 1 0 0
    outer loop
      vertex 167 149.78276695296637 35.00294297659878
      vertex 167 157.54661664927193 34.75707959615421
      vertex 167 157.76223304703365 35.00294297659878
    endloop
  endfacet
  facet normal 1 0 0
    outer loop
      vertex 167 149.78276695296637 35.00294297659878
      vertex 167 157.76223304703365 35.00294297659878
      vertex 167 158.0080964274782 35.2185593743605
    endloop
  endfacet
  facet normal 1 0 0
    outer loop
      vertex 167 149.265 35.40023953309351
      vertex 167 158.0080964274782 35.2185593743605
      vertex 167 158.28 35.40023953309351
    endloop
  endfacet
  facet normal 1 0 0
    outer loop
      vertex 167 148.97170858091272 35.54487485491063
      vertex 167 158.28 35.40023953309351
      vertex 167 158.57329141908727 35.54487485491063
    endloop
  endfacet
  facet normal 1 0 0
    outer loop
      vertex 167 148.66204761275628 35.649990589355085
      vertex 167 158.57329141908727 35.54487485491063
      vertex 167 158.8829523872437 35.649990589355085
    endloop
  endfacet
  facet normal 1 0 0
    outer loop
      vertex 167 148.34131548055012 35.71378817706694
      vertex 167 158.8829523872437 35.649990589355085
      vertex 167 159.20368451944987 35.71378817706694
    endloop
  endfacet
  facet normal 1 0 0
    outer loop
      vertex 167 148.015 35.73517602363241
      vertex 167 159.20368451944987 35.71378817706694
      vertex 167 159.53 35.73517602363241
    endloop
  endfacet
  facet normal 1 0 0
    outer loop
      vertex 167 140.0988164418771 37.23517602363241
      vertex 167 159.53 35.73517602363241
      vertex 167 167.53 37.23517602363241
    endloop
  endfacet
  facet normal 1 0 0
    outer loop
      vertex 167 167.53 29.235176023632413
      vertex 167 167.53 37.23517602363241
      vertex 167 162.03 33.23517602363241
    endloop
  endfacet
  facet normal 1 0 0
    outer loop
      vertex 167 167.53 37.23517602363241
      vertex 167 162.00861215343454 33.56149150418254
      vertex 167 162.03 33.23517602363241
    endloop
  endfacet
  facet normal 1 0 0
    outer loop
      vertex 167 167.53 37.23517602363241
      vertex 167 161.94481456572268 33.882223636388716
      vertex 167 162.00861215343454 33.56149150418254
    endloop
  endfacet
  facet normal 1 0 0
    outer loop
      vertex 167 167.53 37.23517602363241
      vertex 167 161.8396988312782 34.19188460454514
      vertex 167 161.94481456572268 33.882223636388716
    endloop
  endfacet
  facet normal 1 0 0
    outer loop
      vertex 167 167.53 37.23517602363241
      vertex 167 161.6950635094611 34.48517602363241
      vertex 167 161.8396988312782 34.19188460454514
    endloop
  endfacet
  facet normal 1 0 0
    outer loop
      vertex 167 167.53 37.23517602363241
      vertex 167 161.51338335072808 34.75707959615421
      vertex 167 161.6950635094611 34.48517602363241
    endloop
  endfacet
  facet normal 1 0 0
    outer loop
      vertex 167 167.53 37.23517602363241
      vertex 167 161.29776695296636 35.00294297659878
      vertex 167 161.51338335072808 34.75707959615421
    endloop
  endfacet
  facet normal 1 0 0
    outer loop
      vertex 167 167.53 37.23517602363241
      vertex 167 160.48670858091273 35.54487485491063
      vertex 167 160.78 35.40023953309351
    endloop
  endfacet
  facet normal 1 0 0
    outer loop
      vertex 167 167.53 37.23517602363241
      vertex 167 161.0519035725218 35.2185593743605
      vertex 167 161.29776695296636 35.00294297659878
    endloop
  endfacet
  facet normal 1 0 0
    outer loop
      vertex 167 167.53 37.23517602363241
      vertex 167 160.78 35.40023953309351
      vertex 167 161.0519035725218 35.2185593743605
    endloop
  endfacet
  facet normal 1 0 0
    outer loop
      vertex 167 167.53 37.23517602363241
      vertex 167 159.85631548055014 35.71378817706694
      vertex 167 160.1770476127563 35.649990589355085
    endloop
  endfacet
  facet normal 1 0 0
    outer loop
      vertex 167 167.53 37.23517602363241
      vertex 167 160.1770476127563 35.649990589355085
      vertex 167 160.48670858091273 35.54487485491063
    endloop
  endfacet
  facet normal 1 0 0
    outer loop
      vertex 167 167.53 37.23517602363241
      vertex 167 159.53 35.73517602363241
      vertex 167 159.85631548055014 35.71378817706694
    endloop
  endfacet
  facet normal 0 -0.442288690218994 -0.8968727415326918
    outer loop
      vertex 175 66.04329141908728 2.190301168721783
      vertex 167 65.75 2.3349364905389036
      vertex 167 66.04329141908728 2.190301168721783
    endloop
  endfacet
  facet normal 0 -0.32143946530316214 -0.9469301294951054
    outer loop
      vertex 175 66.3529523872437 2.0851854342773293
      vertex 167 66.04329141908728 2.190301168721783
      vertex 167 66.3529523872437 2.0851854342773293
    endloop
  endfacet
  facet normal 0 -0.1950903220161356 -0.980785280403229
    outer loop
      vertex 175 66.67368451944986 2.021387846565474
      vertex 167 66.3529523872437 2.0851854342773293
      vertex 167 66.67368451944986 2.021387846565474
    endloop
  endfacet
  facet normal 0 -0.06540312923014176 -0.9978589232386036
    outer loop
      vertex 175 67 2
      vertex 167 66.67368451944986 2.021387846565474
      vertex 167 67 2
    endloop
  endfacet
  facet normal 0 0.06540312923014176 -0.9978589232386036
    outer loop
      vertex 175 67.32631548055014 2.021387846565474
      vertex 167 67 2
      vertex 167 67.32631548055014 2.021387846565474
    endloop
  endfacet
  facet normal 0 0.1950903220161356 -0.980785280403229
    outer loop
      vertex 175 67.6470476127563 2.0851854342773293
      vertex 167 67.32631548055014 2.021387846565474
      vertex 167 67.6470476127563 2.0851854342773293
    endloop
  endfacet
  facet normal 0 0.32143946530316214 -0.9469301294951054
    outer loop
      vertex 175 67.95670858091272 2.190301168721783
      vertex 167 67.6470476127563 2.0851854342773293
      vertex 167 67.95670858091272 2.190301168721783
    endloop
  endfacet
  facet normal 0 -0.442288690218994 -0.8968727415326918
    outer loop
      vertex 175 66.04329141908728 2.190301168721783
      vertex 175 65.75 2.3349364905389036
      vertex 167 65.75 2.3349364905389036
    endloop
  endfacet
  facet normal 0 -0.32143946530316214 -0.9469301294951054
    outer loop
      vertex 175 66.04329141908728 2.190301168721783
      vertex 167 66.04329141908728 2.190301168721783
      vertex 175 66.3529523872437 2.0851854342773293
    endloop
  endfacet
  facet normal 0 -0.1950903220161356 -0.980785280403229
    outer loop
      vertex 175 66.3529523872437 2.0851854342773293
      vertex 167 66.3529523872437 2.0851854342773293
      vertex 175 66.67368451944986 2.021387846565474
    endloop
  endfacet
  facet normal 0 -0.06540312923014176 -0.9978589232386036
    outer loop
      vertex 175 66.67368451944986 2.021387846565474
      vertex 167 66.67368451944986 2.021387846565474
      vertex 175 67 2
    endloop
  endfacet
  facet normal 0 0.06540312923014176 -0.9978589232386036
    outer loop
      vertex 175 67 2
      vertex 167 67 2
      vertex 175 67.32631548055014 2.021387846565474
    endloop
  endfacet
  facet normal 0 0.1950903220161356 -0.980785280403229
    outer loop
      vertex 175 67.32631548055014 2.021387846565474
      vertex 167 67.32631548055014 2.021387846565474
      vertex 175 67.6470476127563 2.0851854342773293
    endloop
  endfacet
  facet normal 0 0.32143946530316214 -0.9469301294951054
    outer loop
      vertex 175 67.6470476127563 2.0851854342773293
      vertex 167 67.6470476127563 2.0851854342773293
      vertex 175 67.95670858091272 2.190301168721783
    endloop
  endfacet
  facet normal 0 0.442288690218994 -0.8968727415326918
    outer loop
      vertex 175 67.95670858091272 2.190301168721783
      vertex 167 67.95670858091272 2.190301168721783
      vertex 175 68.25 2.3349364905389036
    endloop
  endfacet
  facet normal 0 0.442288690218994 -0.8968727415326918
    outer loop
      vertex 175 68.25 2.3349364905389036
      vertex 167 67.95670858091272 2.190301168721783
      vertex 167 68.25 2.3349364905389036
    endloop
  endfacet
  facet normal 0 -0.6593458151000777 -0.7518398074789695
    outer loop
      vertex 175 65.47809642747819 2.516616649271912
      vertex 167 65.23223304703363 2.732233047033631
      vertex 167 65.47809642747819 2.516616649271912
    endloop
  endfacet
  facet normal 0 -0.7518398074789745 -0.6593458151000723
    outer loop
      vertex 175 65.01661664927191 2.9780964274781985
      vertex 167 65.01661664927191 2.9780964274781985
      vertex 167 65.23223304703363 2.732233047033631
    endloop
  endfacet
  facet normal 0 -0.8314696123025548 -0.555570233019588
    outer loop
      vertex 175 64.83493649053891 3.25
      vertex 167 64.83493649053891 3.25
      vertex 167 65.01661664927191 2.9780964274781985
    endloop
  endfacet
  facet normal 0 -0.8968727415326889 -0.44228869021899986
    outer loop
      vertex 175 64.69030116872179 3.5432914190872755
      vertex 167 64.69030116872179 3.5432914190872755
      vertex 167 64.83493649053891 3.25
    endloop
  endfacet
  facet normal 0 -0.5555702330195933 -0.8314696123025512
    outer loop
      vertex 175 65.75 2.3349364905389036
      vertex 167 65.47809642747819 2.516616649271912
      vertex 167 65.75 2.3349364905389036
    endloop
  endfacet
  facet normal 0 -0.6593458151000777 -0.7518398074789695
    outer loop
      vertex 175 65.47809642747819 2.516616649271912
      vertex 175 65.23223304703363 2.732233047033631
      vertex 167 65.23223304703363 2.732233047033631
    endloop
  endfacet
  facet normal 0 -0.7518398074789745 -0.6593458151000723
    outer loop
      vertex 175 65.23223304703363 2.732233047033631
      vertex 175 65.01661664927191 2.9780964274781985
      vertex 167 65.23223304703363 2.732233047033631
    endloop
  endfacet
  facet normal 0 -0.8314696123025548 -0.555570233019588
    outer loop
      vertex 175 65.01661664927191 2.9780964274781985
      vertex 175 64.83493649053891 3.25
      vertex 167 65.01661664927191 2.9780964274781985
    endloop
  endfacet
  facet normal 0 -0.8968727415326889 -0.44228869021899986
    outer loop
      vertex 175 64.83493649053891 3.25
      vertex 175 64.69030116872179 3.5432914190872755
      vertex 167 64.83493649053891 3.25
    endloop
  endfacet
  facet normal 0 -0.5555702330195933 -0.8314696123025512
    outer loop
      vertex 175 65.75 2.3349364905389036
      vertex 175 65.47809642747819 2.516616649271912
      vertex 167 65.47809642747819 2.516616649271912
    endloop
  endfacet
  facet normal 0 -0.9469301294951062 -0.3214394653031601
    outer loop
      vertex 175 64.58518543427734 3.852952387243698
      vertex 167 64.58518543427734 3.852952387243698
      vertex 167 64.69030116872179 3.5432914190872755
    endloop
  endfacet
  facet normal 0 -0.9807852804032274 -0.19509032201614376
    outer loop
      vertex 175 64.52138784656547 4.173684519449871
      vertex 167 64.52138784656547 4.173684519449871
      vertex 167 64.58518543427734 3.852952387243698
    endloop
  endfacet
  facet normal 0 -0.9978589232386034 -0.06540312923014452
    outer loop
      vertex 175 64.5 4.5
      vertex 167 64.5 4.5
      vertex 167 64.52138784656547 4.173684519449871
    endloop
  endfacet
  facet normal 0 -0.9469301294951062 -0.3214394653031601
    outer loop
      vertex 175 64.69030116872179 3.5432914190872755
      vertex 175 64.58518543427734 3.852952387243698
      vertex 167 64.69030116872179 3.5432914190872755
    endloop
  endfacet
  facet normal 0 -0.9807852804032274 -0.19509032201614376
    outer loop
      vertex 175 64.58518543427734 3.852952387243698
      vertex 175 64.52138784656547 4.173684519449871
      vertex 167 64.58518543427734 3.852952387243698
    endloop
  endfacet
  facet normal 1 0 0
    outer loop
      vertex 175 65.23223304703363 2.732233047033631
      vertex 175 65.01661664927191 6.0219035725218015
      vertex 175 65.01661664927191 2.9780964274781985
    endloop
  endfacet
  facet normal 1 0 0
    outer loop
      vertex 175 65.47809642747819 2.516616649271912
      vertex 175 65.23223304703363 6.267766952966369
      vertex 175 65.23223304703363 2.732233047033631
    endloop
  endfacet
  facet normal 1 0 0
    outer loop
      vertex 175 65.01661664927191 2.9780964274781985
      vertex 175 64.83493649053891 5.75
      vertex 175 64.83493649053891 3.25
    endloop
  endfacet
  facet normal 0 -0.9978589232386034 -0.06540312923014452
    outer loop
      vertex 175 64.52138784656547 4.173684519449871
      vertex 175 64.5 4.5
      vertex 167 64.52138784656547 4.173684519449871
    endloop
  endfacet
  facet normal 0 -0.9978589232386034 0.06540312923014452
    outer loop
      vertex 175 64.5 4.5
      vertex 175 64.52138784656547 4.826315480550129
      vertex 167 64.5 4.5
    endloop
  endfacet
  facet normal 1 0 0
    outer loop
      vertex 175 64.83493649053891 3.25
      vertex 175 64.69030116872179 5.456708580912725
      vertex 175 64.69030116872179 3.5432914190872755
    endloop
  endfacet
  facet normal 1 0 0
    outer loop
      vertex 175 64.69030116872179 3.5432914190872755
      vertex 175 64.58518543427734 5.147047612756301
      vertex 175 64.58518543427734 3.852952387243698
    endloop
  endfacet
  facet normal 1 0 0
    outer loop
      vertex 175 64.58518543427734 3.852952387243698
      vertex 175 64.52138784656547 4.826315480550129
      vertex 175 64.52138784656547 4.173684519449871
    endloop
  endfacet
  facet normal 1 0 0
    outer loop
      vertex 175 64.52138784656547 4.173684519449871
      vertex 175 64.52138784656547 4.826315480550129
      vertex 175 64.5 4.5
    endloop
  endfacet
  facet normal 1 0 0
    outer loop
      vertex 175 64.58518543427734 3.852952387243698
      vertex 175 64.58518543427734 5.147047612756301
      vertex 175 64.52138784656547 4.826315480550129
    endloop
  endfacet
  facet normal 1 0 0
    outer loop
      vertex 175 65.75 2.3349364905389036
      vertex 175 65.47809642747819 6.483383350728088
      vertex 175 65.47809642747819 2.516616649271912
    endloop
  endfacet
  facet normal 1 0 0
    outer loop
      vertex 175 66.04329141908728 2.190301168721783
      vertex 175 65.75 6.665063509461096
      vertex 175 65.75 2.3349364905389036
    endloop
  endfacet
  facet normal 1 0 0
    outer loop
      vertex 175 66.04329141908728 2.190301168721783
      vertex 175 66.3529523872437 2.0851854342773293
      vertex 175 66.04329141908728 6.809698831278217
    endloop
  endfacet
  facet normal 1 0 0
    outer loop
      vertex 175 66.3529523872437 2.0851854342773293
      vertex 175 66.67368451944986 2.021387846565474
      vertex 175 66.3529523872437 6.91481456572267
    endloop
  endfacet
  facet normal 1 0 0
    outer loop
      vertex 175 66.67368451944986 2.021387846565474
      vertex 175 67 2
      vertex 175 66.67368451944986 6.978612153434526
    endloop
  endfacet
  facet normal 1 0 0
    outer loop
      vertex 175 67 2
      vertex 175 67.32631548055014 2.021387846565474
      vertex 175 67 7
    endloop
  endfacet
  facet normal 1 0 0
    outer loop
      vertex 175 67.32631548055014 2.021387846565474
      vertex 175 67.6470476127563 2.0851854342773293
      vertex 175 67.32631548055014 6.978612153434526
    endloop
  endfacet
  facet normal 1 0 0
    outer loop
      vertex 175 67.6470476127563 2.0851854342773293
      vertex 175 67.95670858091272 2.190301168721783
      vertex 175 67.6470476127563 6.91481456572267
    endloop
  endfacet
  facet normal 1 0 0
    outer loop
      vertex 175 67.95670858091272 2.190301168721783
      vertex 175 68.25 2.3349364905389036
      vertex 175 67.95670858091272 6.809698831278217
    endloop
  endfacet
  facet normal 0 0.5555702330195933 -0.8314696123025512
    outer loop
      vertex 175 68.52190357252181 2.516616649271912
      vertex 167 68.25 2.3349364905389036
      vertex 167 68.52190357252181 2.516616649271912
    endloop
  endfacet
  facet normal 0 0.6593458151000777 -0.7518398074789695
    outer loop
      vertex 175 68.76776695296637 2.732233047033631
      vertex 167 68.52190357252181 2.516616649271912
      vertex 167 68.76776695296637 2.732233047033631
    endloop
  endfacet
  facet normal 0 0.7518398074789745 -0.6593458151000723
    outer loop
      vertex 175 68.76776695296637 2.732233047033631
      vertex 167 68.76776695296637 2.732233047033631
      vertex 167 68.98338335072809 2.9780964274781985
    endloop
  endfacet
  facet normal 0 0.8314696123025548 -0.555570233019588
    outer loop
      vertex 175 68.98338335072809 2.9780964274781985
      vertex 167 68.98338335072809 2.9780964274781985
      vertex 167 69.16506350946109 3.25
    endloop
  endfacet
  facet normal 0 0.8968727415326889 -0.44228869021899986
    outer loop
      vertex 175 69.16506350946109 3.25
      vertex 167 69.16506350946109 3.25
      vertex 167 69.30969883127821 3.5432914190872755
    endloop
  endfacet
  facet normal 0 0.5555702330195933 -0.8314696123025512
    outer loop
      vertex 175 68.25 2.3349364905389036
      vertex 167 68.25 2.3349364905389036
      vertex 175 68.52190357252181 2.516616649271912
    endloop
  endfacet
  facet normal 0 0.6593458151000777 -0.7518398074789695
    outer loop
      vertex 175 68.52190357252181 2.516616649271912
      vertex 167 68.52190357252181 2.516616649271912
      vertex 175 68.76776695296637 2.732233047033631
    endloop
  endfacet
  facet normal 0 0.7518398074789745 -0.6593458151000723
    outer loop
      vertex 175 68.76776695296637 2.732233047033631
      vertex 167 68.98338335072809 2.9780964274781985
      vertex 175 68.98338335072809 2.9780964274781985
    endloop
  endfacet
  facet normal 0 0.8314696123025548 -0.555570233019588
    outer loop
      vertex 175 68.98338335072809 2.9780964274781985
      vertex 167 69.16506350946109 3.25
      vertex 175 69.16506350946109 3.25
    endloop
  endfacet
  facet normal 0 0.8968727415326889 -0.44228869021899986
    outer loop
      vertex 175 69.16506350946109 3.25
      vertex 167 69.30969883127821 3.5432914190872755
      vertex 175 69.30969883127821 3.5432914190872755
    endloop
  endfacet
  facet normal 0 0.9469301294951062 -0.3214394653031601
    outer loop
      vertex 175 69.30969883127821 3.5432914190872755
      vertex 167 69.30969883127821 3.5432914190872755
      vertex 167 69.41481456572266 3.852952387243698
    endloop
  endfacet
  facet normal 0 0.9807852804032274 -0.19509032201614376
    outer loop
      vertex 175 69.41481456572266 3.852952387243698
      vertex 167 69.41481456572266 3.852952387243698
      vertex 167 69.47861215343453 4.173684519449871
    endloop
  endfacet
  facet normal 0 0.9978589232386034 -0.06540312923014452
    outer loop
      vertex 175 69.47861215343453 4.173684519449871
      vertex 167 69.47861215343453 4.173684519449871
      vertex 167 69.5 4.5
    endloop
  endfacet
  facet normal 0 0.9978589232386034 0.06540312923014452
    outer loop
      vertex 175 69.5 4.5
      vertex 167 69.5 4.5
      vertex 167 69.47861215343453 4.826315480550129
    endloop
  endfacet
  facet normal 0 0.9469301294951062 -0.3214394653031601
    outer loop
      vertex 175 69.30969883127821 3.5432914190872755
      vertex 167 69.41481456572266 3.852952387243698
      vertex 175 69.41481456572266 3.852952387243698
    endloop
  endfacet
  facet normal 0 0.9807852804032274 -0.19509032201614376
    outer loop
      vertex 175 69.41481456572266 3.852952387243698
      vertex 167 69.47861215343453 4.173684519449871
      vertex 175 69.47861215343453 4.173684519449871
    endloop
  endfacet
  facet normal 1 0 0
    outer loop
      vertex 175 68.25 2.3349364905389036
      vertex 175 68.52190357252181 2.516616649271912
      vertex 175 68.25 6.665063509461096
    endloop
  endfacet
  facet normal 1 0 0
    outer loop
      vertex 175 68.52190357252181 2.516616649271912
      vertex 175 68.76776695296637 2.732233047033631
      vertex 175 68.52190357252181 6.483383350728088
    endloop
  endfacet
  facet normal 1 0 0
    outer loop
      vertex 175 68.76776695296637 2.732233047033631
      vertex 175 68.98338335072809 2.9780964274781985
      vertex 175 68.76776695296637 6.267766952966369
    endloop
  endfacet
  facet normal 0 0.9978589232386034 -0.06540312923014452
    outer loop
      vertex 175 69.47861215343453 4.173684519449871
      vertex 167 69.5 4.5
      vertex 175 69.5 4.5
    endloop
  endfacet
  facet normal 1 0 0
    outer loop
      vertex 175 68.98338335072809 2.9780964274781985
      vertex 175 69.16506350946109 3.25
      vertex 175 68.98338335072809 6.0219035725218015
    endloop
  endfacet
  facet normal 1 0 0
    outer loop
      vertex 175 69.16506350946109 3.25
      vertex 175 69.30969883127821 3.5432914190872755
      vertex 175 69.16506350946109 5.75
    endloop
  endfacet
  facet normal 1 0 0
    outer loop
      vertex 175 69.30969883127821 3.5432914190872755
      vertex 175 69.41481456572266 3.852952387243698
      vertex 175 69.30969883127821 5.456708580912725
    endloop
  endfacet
  facet normal 1 0 0
    outer loop
      vertex 175 69.41481456572266 3.852952387243698
      vertex 175 69.47861215343453 4.173684519449871
      vertex 175 69.41481456572266 5.147047612756301
    endloop
  endfacet
  facet normal 1 0 0
    outer loop
      vertex 175 69.47861215343453 4.173684519449871
      vertex 175 69.5 4.5
      vertex 175 69.47861215343453 4.826315480550129
    endloop
  endfacet
  facet normal 0 -0.9978589232386034 0.06540312923014452
    outer loop
      vertex 175 64.52138784656547 4.826315480550129
      vertex 167 64.52138784656547 4.826315480550129
      vertex 167 64.5 4.5
    endloop
  endfacet
  facet normal 0 -0.9807852804032273 0.19509032201614399
    outer loop
      vertex 175 64.58518543427734 5.147047612756301
      vertex 167 64.58518543427734 5.147047612756301
      vertex 167 64.52138784656547 4.826315480550129
    endloop
  endfacet
  facet normal 0 -0.9469301294951065 0.3214394653031593
    outer loop
      vertex 175 64.69030116872179 5.456708580912725
      vertex 167 64.69030116872179 5.456708580912725
      vertex 167 64.58518543427734 5.147047612756301
    endloop
  endfacet
  facet normal 0 -0.8968727415326888 0.44228869021900047
    outer loop
      vertex 175 64.83493649053891 5.75
      vertex 167 64.83493649053891 5.75
      vertex 167 64.69030116872179 5.456708580912725
    endloop
  endfacet
  facet normal 0 -0.9807852804032273 0.19509032201614399
    outer loop
      vertex 175 64.52138784656547 4.826315480550129
      vertex 175 64.58518543427734 5.147047612756301
      vertex 167 64.52138784656547 4.826315480550129
    endloop
  endfacet
  facet normal 1 0 0
    outer loop
      vertex 175 64.69030116872179 3.5432914190872755
      vertex 175 64.69030116872179 5.456708580912725
      vertex 175 64.58518543427734 5.147047612756301
    endloop
  endfacet
  facet normal 1 0 0
    outer loop
      vertex 175 64.83493649053891 3.25
      vertex 175 64.83493649053891 5.75
      vertex 175 64.69030116872179 5.456708580912725
    endloop
  endfacet
  facet normal 1 0 0
    outer loop
      vertex 175 65.01661664927191 2.9780964274781985
      vertex 175 65.01661664927191 6.0219035725218015
      vertex 175 64.83493649053891 5.75
    endloop
  endfacet
  facet normal 1 0 0
    outer loop
      vertex 175 65.23223304703363 2.732233047033631
      vertex 175 65.23223304703363 6.267766952966369
      vertex 175 65.01661664927191 6.0219035725218015
    endloop
  endfacet
  facet normal 1 0 0
    outer loop
      vertex 175 65.47809642747819 2.516616649271912
      vertex 175 65.47809642747819 6.483383350728088
      vertex 175 65.23223304703363 6.267766952966369
    endloop
  endfacet
  facet normal 0 -0.9469301294951065 0.3214394653031593
    outer loop
      vertex 175 64.58518543427734 5.147047612756301
      vertex 175 64.69030116872179 5.456708580912725
      vertex 167 64.58518543427734 5.147047612756301
    endloop
  endfacet
  facet normal 0 -0.8968727415326888 0.44228869021900047
    outer loop
      vertex 175 64.69030116872179 5.456708580912725
      vertex 175 64.83493649053891 5.75
      vertex 167 64.69030116872179 5.456708580912725
    endloop
  endfacet
  facet normal 1 0 0
    outer loop
      vertex 175 65.75 2.3349364905389036
      vertex 175 65.75 6.665063509461096
      vertex 175 65.47809642747819 6.483383350728088
    endloop
  endfacet
  facet normal 1 0 0
    outer loop
      vertex 175 66.04329141908728 2.190301168721783
      vertex 175 66.04329141908728 6.809698831278217
      vertex 175 65.75 6.665063509461096
    endloop
  endfacet
  facet normal 1 0 0
    outer loop
      vertex 175 66.04329141908728 6.809698831278217
      vertex 175 66.3529523872437 2.0851854342773293
      vertex 175 66.3529523872437 6.91481456572267
    endloop
  endfacet
  facet normal 1 0 0
    outer loop
      vertex 175 66.67368451944986 2.021387846565474
      vertex 175 66.67368451944986 6.978612153434526
      vertex 175 66.3529523872437 6.91481456572267
    endloop
  endfacet
  facet normal 1 0 0
    outer loop
      vertex 175 67 2
      vertex 175 67 7
      vertex 175 66.67368451944986 6.978612153434526
    endloop
  endfacet
  facet normal 1 0 0
    outer loop
      vertex 175 67.32631548055014 2.021387846565474
      vertex 175 67.32631548055014 6.978612153434526
      vertex 175 67 7
    endloop
  endfacet
  facet normal 1 0 0
    outer loop
      vertex 175 67.6470476127563 2.0851854342773293
      vertex 175 67.6470476127563 6.91481456572267
      vertex 175 67.32631548055014 6.978612153434526
    endloop
  endfacet
  facet normal 1 0 0
    outer loop
      vertex 175 67.95670858091272 2.190301168721783
      vertex 175 67.95670858091272 6.809698831278217
      vertex 175 67.6470476127563 6.91481456572267
    endloop
  endfacet
  facet normal 0 -0.8314696123025548 0.555570233019588
    outer loop
      vertex 175 65.01661664927191 6.0219035725218015
      vertex 167 65.01661664927191 6.0219035725218015
      vertex 167 64.83493649053891 5.75
    endloop
  endfacet
  facet normal 0 -0.7518398074789745 0.6593458151000723
    outer loop
      vertex 175 65.23223304703363 6.267766952966369
      vertex 167 65.23223304703363 6.267766952966369
      vertex 167 65.01661664927191 6.0219035725218015
    endloop
  endfacet
  facet normal 0 -0.6593458151000785 0.751839807478969
    outer loop
      vertex 175 65.23223304703363 6.267766952966369
      vertex 167 65.47809642747819 6.483383350728088
      vertex 167 65.23223304703363 6.267766952966369
    endloop
  endfacet
  facet normal 0 -0.5555702330195923 0.8314696123025518
    outer loop
      vertex 175 65.47809642747819 6.483383350728088
      vertex 167 65.75 6.665063509461096
      vertex 167 65.47809642747819 6.483383350728088
    endloop
  endfacet
  facet normal 0 -0.442288690218994 0.8968727415326918
    outer loop
      vertex 175 65.75 6.665063509461096
      vertex 167 66.04329141908728 6.809698831278217
      vertex 167 65.75 6.665063509461096
    endloop
  endfacet
  facet normal 0 -0.3214394653031609 0.9469301294951059
    outer loop
      vertex 175 66.04329141908728 6.809698831278217
      vertex 167 66.3529523872437 6.91481456572267
      vertex 167 66.04329141908728 6.809698831278217
    endloop
  endfacet
  facet normal 0 -0.1950903220161356 0.980785280403229
    outer loop
      vertex 175 66.3529523872437 6.91481456572267
      vertex 167 66.67368451944986 6.978612153434526
      vertex 167 66.3529523872437 6.91481456572267
    endloop
  endfacet
  facet normal 0 0.442288690218994 0.8968727415326918
    outer loop
      vertex 175 67.95670858091272 6.809698831278217
      vertex 167 68.25 6.665063509461096
      vertex 167 67.95670858091272 6.809698831278217
    endloop
  endfacet
  facet normal 0 0.1950903220161356 0.980785280403229
    outer loop
      vertex 175 67.32631548055014 6.978612153434526
      vertex 167 67.6470476127563 6.91481456572267
      vertex 167 67.32631548055014 6.978612153434526
    endloop
  endfacet
  facet normal 0 0.3214394653031609 0.9469301294951059
    outer loop
      vertex 175 67.6470476127563 6.91481456572267
      vertex 167 67.95670858091272 6.809698831278217
      vertex 167 67.6470476127563 6.91481456572267
    endloop
  endfacet
  facet normal 0 -0.8314696123025548 0.555570233019588
    outer loop
      vertex 175 64.83493649053891 5.75
      vertex 175 65.01661664927191 6.0219035725218015
      vertex 167 64.83493649053891 5.75
    endloop
  endfacet
  facet normal 0 -0.7518398074789745 0.6593458151000723
    outer loop
      vertex 175 65.01661664927191 6.0219035725218015
      vertex 175 65.23223304703363 6.267766952966369
      vertex 167 65.01661664927191 6.0219035725218015
    endloop
  endfacet
  facet normal 0 -0.6593458151000785 0.751839807478969
    outer loop
      vertex 175 65.23223304703363 6.267766952966369
      vertex 175 65.47809642747819 6.483383350728088
      vertex 167 65.47809642747819 6.483383350728088
    endloop
  endfacet
  facet normal 0 -0.5555702330195923 0.8314696123025518
    outer loop
      vertex 175 65.47809642747819 6.483383350728088
      vertex 175 65.75 6.665063509461096
      vertex 167 65.75 6.665063509461096
    endloop
  endfacet
  facet normal 0 -0.442288690218994 0.8968727415326918
    outer loop
      vertex 175 65.75 6.665063509461096
      vertex 175 66.04329141908728 6.809698831278217
      vertex 167 66.04329141908728 6.809698831278217
    endloop
  endfacet
  facet normal 0 -0.3214394653031609 0.9469301294951059
    outer loop
      vertex 175 66.04329141908728 6.809698831278217
      vertex 175 66.3529523872437 6.91481456572267
      vertex 167 66.3529523872437 6.91481456572267
    endloop
  endfacet
  facet normal 0 -0.1950903220161356 0.980785280403229
    outer loop
      vertex 175 66.3529523872437 6.91481456572267
      vertex 175 66.67368451944986 6.978612153434526
      vertex 167 66.67368451944986 6.978612153434526
    endloop
  endfacet
  facet normal 0 0.1950903220161356 0.980785280403229
    outer loop
      vertex 175 67.32631548055014 6.978612153434526
      vertex 175 67.6470476127563 6.91481456572267
      vertex 167 67.6470476127563 6.91481456572267
    endloop
  endfacet
  facet normal 0 0.3214394653031609 0.9469301294951059
    outer loop
      vertex 175 67.6470476127563 6.91481456572267
      vertex 175 67.95670858091272 6.809698831278217
      vertex 167 67.95670858091272 6.809698831278217
    endloop
  endfacet
  facet normal 0 0.9807852804032273 0.19509032201614399
    outer loop
      vertex 175 69.47861215343453 4.826315480550129
      vertex 167 69.47861215343453 4.826315480550129
      vertex 167 69.41481456572266 5.147047612756301
    endloop
  endfacet
  facet normal 0 0.8968727415326888 0.44228869021900047
    outer loop
      vertex 175 69.30969883127821 5.456708580912725
      vertex 167 69.30969883127821 5.456708580912725
      vertex 167 69.16506350946109 5.75
    endloop
  endfacet
  facet normal 0 0.9469301294951065 0.3214394653031593
    outer loop
      vertex 175 69.41481456572266 5.147047612756301
      vertex 167 69.41481456572266 5.147047612756301
      vertex 167 69.30969883127821 5.456708580912725
    endloop
  endfacet
  facet normal 0 0.9978589232386034 0.06540312923014452
    outer loop
      vertex 175 69.5 4.5
      vertex 167 69.47861215343453 4.826315480550129
      vertex 175 69.47861215343453 4.826315480550129
    endloop
  endfacet
  facet normal 0 0.9807852804032273 0.19509032201614399
    outer loop
      vertex 175 69.47861215343453 4.826315480550129
      vertex 167 69.41481456572266 5.147047612756301
      vertex 175 69.41481456572266 5.147047612756301
    endloop
  endfacet
  facet normal 1 0 0
    outer loop
      vertex 175 69.30969883127821 3.5432914190872755
      vertex 175 69.30969883127821 5.456708580912725
      vertex 175 69.16506350946109 5.75
    endloop
  endfacet
  facet normal 1 0 0
    outer loop
      vertex 175 68.76776695296637 2.732233047033631
      vertex 175 68.76776695296637 6.267766952966369
      vertex 175 68.52190357252181 6.483383350728088
    endloop
  endfacet
  facet normal 1 0 0
    outer loop
      vertex 175 68.52190357252181 2.516616649271912
      vertex 175 68.52190357252181 6.483383350728088
      vertex 175 68.25 6.665063509461096
    endloop
  endfacet
  facet normal 1 0 0
    outer loop
      vertex 175 68.98338335072809 2.9780964274781985
      vertex 175 68.98338335072809 6.0219035725218015
      vertex 175 68.76776695296637 6.267766952966369
    endloop
  endfacet
  facet normal 1 0 0
    outer loop
      vertex 175 69.16506350946109 3.25
      vertex 175 69.16506350946109 5.75
      vertex 175 68.98338335072809 6.0219035725218015
    endloop
  endfacet
  facet normal 1 0 0
    outer loop
      vertex 175 69.47861215343453 4.173684519449871
      vertex 175 69.47861215343453 4.826315480550129
      vertex 175 69.41481456572266 5.147047612756301
    endloop
  endfacet
  facet normal 1 0 0
    outer loop
      vertex 175 69.41481456572266 3.852952387243698
      vertex 175 69.41481456572266 5.147047612756301
      vertex 175 69.30969883127821 5.456708580912725
    endloop
  endfacet
  facet normal 0 0.9469301294951065 0.3214394653031593
    outer loop
      vertex 175 69.41481456572266 5.147047612756301
      vertex 167 69.30969883127821 5.456708580912725
      vertex 175 69.30969883127821 5.456708580912725
    endloop
  endfacet
  facet normal 0 0.8968727415326888 0.44228869021900047
    outer loop
      vertex 175 69.30969883127821 5.456708580912725
      vertex 167 69.16506350946109 5.75
      vertex 175 69.16506350946109 5.75
    endloop
  endfacet
  facet normal 1 0 0
    outer loop
      vertex 175 68.25 2.3349364905389036
      vertex 175 68.25 6.665063509461096
      vertex 175 67.95670858091272 6.809698831278217
    endloop
  endfacet
  facet normal 0 0.8314696123025548 0.555570233019588
    outer loop
      vertex 175 69.16506350946109 5.75
      vertex 167 69.16506350946109 5.75
      vertex 167 68.98338335072809 6.0219035725218015
    endloop
  endfacet
  facet normal 0 0.7518398074789745 0.6593458151000723
    outer loop
      vertex 175 68.98338335072809 6.0219035725218015
      vertex 167 68.98338335072809 6.0219035725218015
      vertex 167 68.76776695296637 6.267766952966369
    endloop
  endfacet
  facet normal 0 0.6593458151000785 0.751839807478969
    outer loop
      vertex 175 68.52190357252181 6.483383350728088
      vertex 167 68.76776695296637 6.267766952966369
      vertex 167 68.52190357252181 6.483383350728088
    endloop
  endfacet
  facet normal 0 0.5555702330195923 0.8314696123025518
    outer loop
      vertex 175 68.25 6.665063509461096
      vertex 167 68.52190357252181 6.483383350728088
      vertex 167 68.25 6.665063509461096
    endloop
  endfacet
  facet normal 0 0.8314696123025548 0.555570233019588
    outer loop
      vertex 175 69.16506350946109 5.75
      vertex 167 68.98338335072809 6.0219035725218015
      vertex 175 68.98338335072809 6.0219035725218015
    endloop
  endfacet
  facet normal 0 0.6593458151000785 0.751839807478969
    outer loop
      vertex 175 68.52190357252181 6.483383350728088
      vertex 175 68.76776695296637 6.267766952966369
      vertex 167 68.76776695296637 6.267766952966369
    endloop
  endfacet
  facet normal 0 0.7518398074789745 0.6593458151000723
    outer loop
      vertex 175 68.98338335072809 6.0219035725218015
      vertex 167 68.76776695296637 6.267766952966369
      vertex 175 68.76776695296637 6.267766952966369
    endloop
  endfacet
  facet normal 0 0.5555702330195923 0.8314696123025518
    outer loop
      vertex 175 68.25 6.665063509461096
      vertex 175 68.52190357252181 6.483383350728088
      vertex 167 68.52190357252181 6.483383350728088
    endloop
  endfacet
  facet normal 0 0.442288690218994 0.8968727415326918
    outer loop
      vertex 175 68.25 6.665063509461096
      vertex 167 68.25 6.665063509461096
      vertex 175 67.95670858091272 6.809698831278217
    endloop
  endfacet
  facet normal 0 -0.0654031292301431 0.9978589232386035
    outer loop
      vertex 175 66.67368451944986 6.978612153434526
      vertex 167 67 7
      vertex 167 66.67368451944986 6.978612153434526
    endloop
  endfacet
  facet normal 0 0.0654031292301431 0.9978589232386035
    outer loop
      vertex 175 67 7
      vertex 167 67.32631548055014 6.978612153434526
      vertex 167 67 7
    endloop
  endfacet
  facet normal 0 -0.0654031292301431 0.9978589232386035
    outer loop
      vertex 175 66.67368451944986 6.978612153434526
      vertex 175 67 7
      vertex 167 67 7
    endloop
  endfacet
  facet normal 0 0.0654031292301431 0.9978589232386035
    outer loop
      vertex 175 67 7
      vertex 175 67.32631548055014 6.978612153434526
      vertex 167 67.32631548055014 6.978612153434526
    endloop
  endfacet
  facet normal 0 -0.06540312923014317 -0.9978589232386036
    outer loop
      vertex 175 55 2
      vertex 167 54.67368451944987 2.021387846565474
      vertex 167 55 2
    endloop
  endfacet
  facet normal 0 -0.32143946530316214 -0.9469301294951054
    outer loop
      vertex 175 54.3529523872437 2.0851854342773293
      vertex 167 54.043291419087275 2.190301168721783
      vertex 167 54.3529523872437 2.0851854342773293
    endloop
  endfacet
  facet normal 0 -0.4422886902190026 -0.8968727415326876
    outer loop
      vertex 175 54.043291419087275 2.190301168721783
      vertex 167 53.75 2.3349364905389036
      vertex 167 54.043291419087275 2.190301168721783
    endloop
  endfacet
  facet normal 0 -0.1950903220161273 -0.9807852804032307
    outer loop
      vertex 175 54.67368451944987 2.021387846565474
      vertex 167 54.3529523872437 2.0851854342773293
      vertex 167 54.67368451944987 2.021387846565474
    endloop
  endfacet
  facet normal 0 0.06540312923014317 -0.9978589232386036
    outer loop
      vertex 175 55.32631548055013 2.021387846565474
      vertex 167 55 2
      vertex 167 55.32631548055013 2.021387846565474
    endloop
  endfacet
  facet normal 0 0.1950903220161273 -0.9807852804032307
    outer loop
      vertex 175 55.6470476127563 2.0851854342773293
      vertex 167 55.32631548055013 2.021387846565474
      vertex 167 55.6470476127563 2.0851854342773293
    endloop
  endfacet
  facet normal 0 0.32143946530316214 -0.9469301294951054
    outer loop
      vertex 175 55.956708580912725 2.190301168721783
      vertex 167 55.6470476127563 2.0851854342773293
      vertex 167 55.956708580912725 2.190301168721783
    endloop
  endfacet
  facet normal 0 0.4422886902190026 -0.8968727415326876
    outer loop
      vertex 175 56.25 2.3349364905389036
      vertex 167 55.956708580912725 2.190301168721783
      vertex 167 56.25 2.3349364905389036
    endloop
  endfacet
  facet normal 0 -0.06540312923014317 -0.9978589232386036
    outer loop
      vertex 175 54.67368451944987 2.021387846565474
      vertex 167 54.67368451944987 2.021387846565474
      vertex 175 55 2
    endloop
  endfacet
  facet normal 0 -0.32143946530316214 -0.9469301294951054
    outer loop
      vertex 175 54.043291419087275 2.190301168721783
      vertex 167 54.043291419087275 2.190301168721783
      vertex 175 54.3529523872437 2.0851854342773293
    endloop
  endfacet
  facet normal 0 -0.4422886902190026 -0.8968727415326876
    outer loop
      vertex 175 54.043291419087275 2.190301168721783
      vertex 175 53.75 2.3349364905389036
      vertex 167 53.75 2.3349364905389036
    endloop
  endfacet
  facet normal 0 -0.1950903220161273 -0.9807852804032307
    outer loop
      vertex 175 54.3529523872437 2.0851854342773293
      vertex 167 54.3529523872437 2.0851854342773293
      vertex 175 54.67368451944987 2.021387846565474
    endloop
  endfacet
  facet normal 0 0.06540312923014317 -0.9978589232386036
    outer loop
      vertex 175 55 2
      vertex 167 55 2
      vertex 175 55.32631548055013 2.021387846565474
    endloop
  endfacet
  facet normal 0 0.1950903220161273 -0.9807852804032307
    outer loop
      vertex 175 55.32631548055013 2.021387846565474
      vertex 167 55.32631548055013 2.021387846565474
      vertex 175 55.6470476127563 2.0851854342773293
    endloop
  endfacet
  facet normal 0 0.32143946530316214 -0.9469301294951054
    outer loop
      vertex 175 55.6470476127563 2.0851854342773293
      vertex 167 55.6470476127563 2.0851854342773293
      vertex 175 55.956708580912725 2.190301168721783
    endloop
  endfacet
  facet normal 0 0.4422886902190026 -0.8968727415326876
    outer loop
      vertex 175 55.956708580912725 2.190301168721783
      vertex 167 55.956708580912725 2.190301168721783
      vertex 175 56.25 2.3349364905389036
    endloop
  endfacet
  facet normal 0 -0.5555702330196033 -0.8314696123025445
    outer loop
      vertex 175 53.75 2.3349364905389036
      vertex 167 53.4780964274782 2.516616649271912
      vertex 167 53.75 2.3349364905389036
    endloop
  endfacet
  facet normal 0 -0.6593458151000671 -0.751839807478979
    outer loop
      vertex 175 53.4780964274782 2.516616649271912
      vertex 167 53.23223304703363 2.732233047033631
      vertex 167 53.4780964274782 2.516616649271912
    endloop
  endfacet
  facet normal 0 -0.7518398074789745 -0.6593458151000723
    outer loop
      vertex 175 53.01661664927191 2.9780964274781985
      vertex 167 53.01661664927191 2.9780964274781985
      vertex 167 53.23223304703363 2.732233047033631
    endloop
  endfacet
  facet normal 0 -0.8314696123025447 -0.555570233019603
    outer loop
      vertex 175 52.8349364905389 3.25
      vertex 167 52.8349364905389 3.25
      vertex 167 53.01661664927191 2.9780964274781985
    endloop
  endfacet
  facet normal 0 -0.8968727415326889 -0.44228869021899986
    outer loop
      vertex 175 52.69030116872178 3.5432914190872755
      vertex 167 52.69030116872178 3.5432914190872755
      vertex 167 52.8349364905389 3.25
    endloop
  endfacet
  facet normal 0 0.5555702330196033 -0.8314696123025445
    outer loop
      vertex 175 56.5219035725218 2.516616649271912
      vertex 167 56.25 2.3349364905389036
      vertex 167 56.5219035725218 2.516616649271912
    endloop
  endfacet
  facet normal 0 0.6593458151000671 -0.751839807478979
    outer loop
      vertex 175 56.76776695296637 2.732233047033631
      vertex 167 56.5219035725218 2.516616649271912
      vertex 167 56.76776695296637 2.732233047033631
    endloop
  endfacet
  facet normal 0 0.7518398074789745 -0.6593458151000723
    outer loop
      vertex 175 56.76776695296637 2.732233047033631
      vertex 167 56.76776695296637 2.732233047033631
      vertex 167 56.98338335072809 2.9780964274781985
    endloop
  endfacet
  facet normal 0 0.8314696123025447 -0.555570233019603
    outer loop
      vertex 175 56.98338335072809 2.9780964274781985
      vertex 167 56.98338335072809 2.9780964274781985
      vertex 167 57.1650635094611 3.25
    endloop
  endfacet
  facet normal 0 0.8968727415326889 -0.44228869021899986
    outer loop
      vertex 175 57.1650635094611 3.25
      vertex 167 57.1650635094611 3.25
      vertex 167 57.30969883127822 3.5432914190872755
    endloop
  endfacet
  facet normal 0 -0.5555702330196033 -0.8314696123025445
    outer loop
      vertex 175 53.75 2.3349364905389036
      vertex 175 53.4780964274782 2.516616649271912
      vertex 167 53.4780964274782 2.516616649271912
    endloop
  endfacet
  facet normal 0 -0.6593458151000671 -0.751839807478979
    outer loop
      vertex 175 53.4780964274782 2.516616649271912
      vertex 175 53.23223304703363 2.732233047033631
      vertex 167 53.23223304703363 2.732233047033631
    endloop
  endfacet
  facet normal 0 -0.7518398074789745 -0.6593458151000723
    outer loop
      vertex 175 53.23223304703363 2.732233047033631
      vertex 175 53.01661664927191 2.9780964274781985
      vertex 167 53.23223304703363 2.732233047033631
    endloop
  endfacet
  facet normal 0 -0.8314696123025447 -0.555570233019603
    outer loop
      vertex 175 53.01661664927191 2.9780964274781985
      vertex 175 52.8349364905389 3.25
      vertex 167 53.01661664927191 2.9780964274781985
    endloop
  endfacet
  facet normal 0 -0.8968727415326889 -0.44228869021899986
    outer loop
      vertex 175 52.8349364905389 3.25
      vertex 175 52.69030116872178 3.5432914190872755
      vertex 167 52.8349364905389 3.25
    endloop
  endfacet
  facet normal 0 0.5555702330196033 -0.8314696123025445
    outer loop
      vertex 175 56.25 2.3349364905389036
      vertex 167 56.25 2.3349364905389036
      vertex 175 56.5219035725218 2.516616649271912
    endloop
  endfacet
  facet normal 0 0.6593458151000671 -0.751839807478979
    outer loop
      vertex 175 56.5219035725218 2.516616649271912
      vertex 167 56.5219035725218 2.516616649271912
      vertex 175 56.76776695296637 2.732233047033631
    endloop
  endfacet
  facet normal 0 0.7518398074789745 -0.6593458151000723
    outer loop
      vertex 175 56.76776695296637 2.732233047033631
      vertex 167 56.98338335072809 2.9780964274781985
      vertex 175 56.98338335072809 2.9780964274781985
    endloop
  endfacet
  facet normal 0 0.8314696123025447 -0.555570233019603
    outer loop
      vertex 175 56.98338335072809 2.9780964274781985
      vertex 167 57.1650635094611 3.25
      vertex 175 57.1650635094611 3.25
    endloop
  endfacet
  facet normal 0 0.8968727415326889 -0.44228869021899986
    outer loop
      vertex 175 57.1650635094611 3.25
      vertex 167 57.30969883127822 3.5432914190872755
      vertex 175 57.30969883127822 3.5432914190872755
    endloop
  endfacet
  facet normal 0 -0.9469301294951062 -0.3214394653031601
    outer loop
      vertex 175 52.58518543427733 3.852952387243698
      vertex 167 52.58518543427733 3.852952387243698
      vertex 167 52.69030116872178 3.5432914190872755
    endloop
  endfacet
  facet normal 0 -0.9807852804032314 -0.19509032201612284
    outer loop
      vertex 175 52.521387846565474 4.173684519449871
      vertex 167 52.521387846565474 4.173684519449871
      vertex 167 52.58518543427733 3.852952387243698
    endloop
  endfacet
  facet normal 0 -0.9978589232386034 -0.06540312923014452
    outer loop
      vertex 175 52.5 4.5
      vertex 167 52.5 4.5
      vertex 167 52.521387846565474 4.173684519449871
    endloop
  endfacet
  facet normal 0 0.9469301294951062 -0.3214394653031601
    outer loop
      vertex 175 57.30969883127822 3.5432914190872755
      vertex 167 57.30969883127822 3.5432914190872755
      vertex 167 57.41481456572267 3.852952387243698
    endloop
  endfacet
  facet normal 0 0.9807852804032314 -0.19509032201612284
    outer loop
      vertex 175 57.41481456572267 3.852952387243698
      vertex 167 57.41481456572267 3.852952387243698
      vertex 167 57.478612153434526 4.173684519449871
    endloop
  endfacet
  facet normal 0 0.9978589232386034 -0.06540312923014452
    outer loop
      vertex 175 57.478612153434526 4.173684519449871
      vertex 167 57.478612153434526 4.173684519449871
      vertex 167 57.5 4.5
    endloop
  endfacet
  facet normal 0 0.9978589232386034 0.06540312923014452
    outer loop
      vertex 175 57.5 4.5
      vertex 167 57.5 4.5
      vertex 167 57.478612153434526 4.826315480550129
    endloop
  endfacet
  facet normal 0 -0.9469301294951062 -0.3214394653031601
    outer loop
      vertex 175 52.69030116872178 3.5432914190872755
      vertex 175 52.58518543427733 3.852952387243698
      vertex 167 52.69030116872178 3.5432914190872755
    endloop
  endfacet
  facet normal 0 -0.9807852804032314 -0.19509032201612284
    outer loop
      vertex 175 52.58518543427733 3.852952387243698
      vertex 175 52.521387846565474 4.173684519449871
      vertex 167 52.58518543427733 3.852952387243698
    endloop
  endfacet
  facet normal 1 0 0
    outer loop
      vertex 175 53.75 2.3349364905389036
      vertex 175 53.4780964274782 6.483383350728088
      vertex 175 53.4780964274782 2.516616649271912
    endloop
  endfacet
  facet normal 1 0 0
    outer loop
      vertex 175 53.01661664927191 2.9780964274781985
      vertex 175 52.8349364905389 5.75
      vertex 175 52.8349364905389 3.25
    endloop
  endfacet
  facet normal 1 0 0
    outer loop
      vertex 175 53.4780964274782 2.516616649271912
      vertex 175 53.23223304703363 6.267766952966369
      vertex 175 53.23223304703363 2.732233047033631
    endloop
  endfacet
  facet normal 1 0 0
    outer loop
      vertex 175 53.23223304703363 2.732233047033631
      vertex 175 53.01661664927191 6.0219035725218015
      vertex 175 53.01661664927191 2.9780964274781985
    endloop
  endfacet
  facet normal 1 0 0
    outer loop
      vertex 175 54.043291419087275 2.190301168721783
      vertex 175 53.75 6.665063509461096
      vertex 175 53.75 2.3349364905389036
    endloop
  endfacet
  facet normal 1 0 0
    outer loop
      vertex 175 54.043291419087275 2.190301168721783
      vertex 175 54.3529523872437 2.0851854342773293
      vertex 175 54.043291419087275 6.809698831278217
    endloop
  endfacet
  facet normal 1 0 0
    outer loop
      vertex 175 54.3529523872437 2.0851854342773293
      vertex 175 54.67368451944987 2.021387846565474
      vertex 175 54.3529523872437 6.91481456572267
    endloop
  endfacet
  facet normal 1 0 0
    outer loop
      vertex 175 54.67368451944987 2.021387846565474
      vertex 175 55 2
      vertex 175 54.67368451944987 6.978612153434526
    endloop
  endfacet
  facet normal 0 -0.9978589232386034 -0.06540312923014452
    outer loop
      vertex 175 52.521387846565474 4.173684519449871
      vertex 175 52.5 4.5
      vertex 167 52.521387846565474 4.173684519449871
    endloop
  endfacet
  facet normal 0 -0.9978589232386034 0.06540312923014452
    outer loop
      vertex 175 52.5 4.5
      vertex 175 52.521387846565474 4.826315480550129
      vertex 167 52.5 4.5
    endloop
  endfacet
  facet normal 1 0 0
    outer loop
      vertex 175 52.69030116872178 3.5432914190872755
      vertex 175 52.58518543427733 5.147047612756301
      vertex 175 52.58518543427733 3.852952387243698
    endloop
  endfacet
  facet normal 1 0 0
    outer loop
      vertex 175 52.8349364905389 3.25
      vertex 175 52.69030116872178 5.456708580912725
      vertex 175 52.69030116872178 3.5432914190872755
    endloop
  endfacet
  facet normal 1 0 0
    outer loop
      vertex 175 52.58518543427733 3.852952387243698
      vertex 175 52.521387846565474 4.826315480550129
      vertex 175 52.521387846565474 4.173684519449871
    endloop
  endfacet
  facet normal 1 0 0
    outer loop
      vertex 175 52.521387846565474 4.173684519449871
      vertex 175 52.521387846565474 4.826315480550129
      vertex 175 52.5 4.5
    endloop
  endfacet
  facet normal 1 0 0
    outer loop
      vertex 175 52.58518543427733 3.852952387243698
      vertex 175 52.58518543427733 5.147047612756301
      vertex 175 52.521387846565474 4.826315480550129
    endloop
  endfacet
  facet normal 0 0.9469301294951062 -0.3214394653031601
    outer loop
      vertex 175 57.30969883127822 3.5432914190872755
      vertex 167 57.41481456572267 3.852952387243698
      vertex 175 57.41481456572267 3.852952387243698
    endloop
  endfacet
  facet normal 0 0.9807852804032314 -0.19509032201612284
    outer loop
      vertex 175 57.41481456572267 3.852952387243698
      vertex 167 57.478612153434526 4.173684519449871
      vertex 175 57.478612153434526 4.173684519449871
    endloop
  endfacet
  facet normal 1 0 0
    outer loop
      vertex 175 55 2
      vertex 175 55.32631548055013 2.021387846565474
      vertex 175 55 7
    endloop
  endfacet
  facet normal 1 0 0
    outer loop
      vertex 175 55.32631548055013 2.021387846565474
      vertex 175 55.6470476127563 2.0851854342773293
      vertex 175 55.32631548055013 6.978612153434526
    endloop
  endfacet
  facet normal 1 0 0
    outer loop
      vertex 175 55.6470476127563 2.0851854342773293
      vertex 175 55.956708580912725 2.190301168721783
      vertex 175 55.6470476127563 6.91481456572267
    endloop
  endfacet
  facet normal 1 0 0
    outer loop
      vertex 175 55.956708580912725 2.190301168721783
      vertex 175 56.25 2.3349364905389036
      vertex 175 55.956708580912725 6.809698831278217
    endloop
  endfacet
  facet normal 1 0 0
    outer loop
      vertex 175 56.25 2.3349364905389036
      vertex 175 56.5219035725218 2.516616649271912
      vertex 175 56.25 6.665063509461096
    endloop
  endfacet
  facet normal 1 0 0
    outer loop
      vertex 175 56.5219035725218 2.516616649271912
      vertex 175 56.76776695296637 2.732233047033631
      vertex 175 56.5219035725218 6.483383350728088
    endloop
  endfacet
  facet normal 1 0 0
    outer loop
      vertex 175 56.76776695296637 2.732233047033631
      vertex 175 56.98338335072809 2.9780964274781985
      vertex 175 56.76776695296637 6.267766952966369
    endloop
  endfacet
  facet normal 0 0.9978589232386034 -0.06540312923014452
    outer loop
      vertex 175 57.478612153434526 4.173684519449871
      vertex 167 57.5 4.5
      vertex 175 57.5 4.5
    endloop
  endfacet
  facet normal 1 0 0
    outer loop
      vertex 175 56.98338335072809 2.9780964274781985
      vertex 175 57.1650635094611 3.25
      vertex 175 56.98338335072809 6.0219035725218015
    endloop
  endfacet
  facet normal 1 0 0
    outer loop
      vertex 175 57.1650635094611 3.25
      vertex 175 57.30969883127822 3.5432914190872755
      vertex 175 57.1650635094611 5.75
    endloop
  endfacet
  facet normal 1 0 0
    outer loop
      vertex 175 57.30969883127822 3.5432914190872755
      vertex 175 57.41481456572267 3.852952387243698
      vertex 175 57.30969883127822 5.456708580912725
    endloop
  endfacet
  facet normal 1 0 0
    outer loop
      vertex 175 57.41481456572267 3.852952387243698
      vertex 175 57.478612153434526 4.173684519449871
      vertex 175 57.41481456572267 5.147047612756301
    endloop
  endfacet
  facet normal 1 0 0
    outer loop
      vertex 175 57.478612153434526 4.173684519449871
      vertex 175 57.5 4.5
      vertex 175 57.478612153434526 4.826315480550129
    endloop
  endfacet
  facet normal 0 -0.9978589232386034 0.06540312923014452
    outer loop
      vertex 175 52.521387846565474 4.826315480550129
      vertex 167 52.521387846565474 4.826315480550129
      vertex 167 52.5 4.5
    endloop
  endfacet
  facet normal 0 -0.9807852804032314 0.19509032201612309
    outer loop
      vertex 175 52.58518543427733 5.147047612756301
      vertex 167 52.58518543427733 5.147047612756301
      vertex 167 52.521387846565474 4.826315480550129
    endloop
  endfacet
  facet normal 0 -0.9469301294951065 0.3214394653031593
    outer loop
      vertex 175 52.69030116872178 5.456708580912725
      vertex 167 52.69030116872178 5.456708580912725
      vertex 167 52.58518543427733 5.147047612756301
    endloop
  endfacet
  facet normal 0 -0.8968727415326888 0.44228869021900047
    outer loop
      vertex 175 52.8349364905389 5.75
      vertex 167 52.8349364905389 5.75
      vertex 167 52.69030116872178 5.456708580912725
    endloop
  endfacet
  facet normal 0 0.9807852804032314 0.19509032201612309
    outer loop
      vertex 175 57.478612153434526 4.826315480550129
      vertex 167 57.478612153434526 4.826315480550129
      vertex 167 57.41481456572267 5.147047612756301
    endloop
  endfacet
  facet normal 0 0.9469301294951065 0.3214394653031593
    outer loop
      vertex 175 57.41481456572267 5.147047612756301
      vertex 167 57.41481456572267 5.147047612756301
      vertex 167 57.30969883127822 5.456708580912725
    endloop
  endfacet
  facet normal 0 0.8968727415326888 0.44228869021900047
    outer loop
      vertex 175 57.30969883127822 5.456708580912725
      vertex 167 57.30969883127822 5.456708580912725
      vertex 167 57.1650635094611 5.75
    endloop
  endfacet
  facet normal 0 -0.9807852804032314 0.19509032201612309
    outer loop
      vertex 175 52.521387846565474 4.826315480550129
      vertex 175 52.58518543427733 5.147047612756301
      vertex 167 52.521387846565474 4.826315480550129
    endloop
  endfacet
  facet normal 1 0 0
    outer loop
      vertex 175 52.69030116872178 3.5432914190872755
      vertex 175 52.69030116872178 5.456708580912725
      vertex 175 52.58518543427733 5.147047612756301
    endloop
  endfacet
  facet normal 1 0 0
    outer loop
      vertex 175 52.8349364905389 3.25
      vertex 175 52.8349364905389 5.75
      vertex 175 52.69030116872178 5.456708580912725
    endloop
  endfacet
  facet normal 1 0 0
    outer loop
      vertex 175 53.01661664927191 2.9780964274781985
      vertex 175 53.01661664927191 6.0219035725218015
      vertex 175 52.8349364905389 5.75
    endloop
  endfacet
  facet normal 1 0 0
    outer loop
      vertex 175 53.23223304703363 2.732233047033631
      vertex 175 53.23223304703363 6.267766952966369
      vertex 175 53.01661664927191 6.0219035725218015
    endloop
  endfacet
  facet normal 1 0 0
    outer loop
      vertex 175 53.4780964274782 2.516616649271912
      vertex 175 53.4780964274782 6.483383350728088
      vertex 175 53.23223304703363 6.267766952966369
    endloop
  endfacet
  facet normal 1 0 0
    outer loop
      vertex 175 53.75 2.3349364905389036
      vertex 175 53.75 6.665063509461096
      vertex 175 53.4780964274782 6.483383350728088
    endloop
  endfacet
  facet normal 1 0 0
    outer loop
      vertex 175 54.043291419087275 2.190301168721783
      vertex 175 54.043291419087275 6.809698831278217
      vertex 175 53.75 6.665063509461096
    endloop
  endfacet
  facet normal 0 -0.9469301294951065 0.3214394653031593
    outer loop
      vertex 175 52.58518543427733 5.147047612756301
      vertex 175 52.69030116872178 5.456708580912725
      vertex 167 52.58518543427733 5.147047612756301
    endloop
  endfacet
  facet normal 0 -0.8968727415326888 0.44228869021900047
    outer loop
      vertex 175 52.69030116872178 5.456708580912725
      vertex 175 52.8349364905389 5.75
      vertex 167 52.69030116872178 5.456708580912725
    endloop
  endfacet
  facet normal 1 0 0
    outer loop
      vertex 175 54.3529523872437 2.0851854342773293
      vertex 175 54.3529523872437 6.91481456572267
      vertex 175 54.043291419087275 6.809698831278217
    endloop
  endfacet
  facet normal 1 0 0
    outer loop
      vertex 175 54.67368451944987 2.021387846565474
      vertex 175 54.67368451944987 6.978612153434526
      vertex 175 54.3529523872437 6.91481456572267
    endloop
  endfacet
  facet normal 1 0 0
    outer loop
      vertex 175 55 2
      vertex 175 55 7
      vertex 175 54.67368451944987 6.978612153434526
    endloop
  endfacet
  facet normal 0 0.9978589232386034 0.06540312923014452
    outer loop
      vertex 175 57.5 4.5
      vertex 167 57.478612153434526 4.826315480550129
      vertex 175 57.478612153434526 4.826315480550129
    endloop
  endfacet
  facet normal 0 0.9807852804032314 0.19509032201612309
    outer loop
      vertex 175 57.478612153434526 4.826315480550129
      vertex 167 57.41481456572267 5.147047612756301
      vertex 175 57.41481456572267 5.147047612756301
    endloop
  endfacet
  facet normal 1 0 0
    outer loop
      vertex 175 57.478612153434526 4.173684519449871
      vertex 175 57.478612153434526 4.826315480550129
      vertex 175 57.41481456572267 5.147047612756301
    endloop
  endfacet
  facet normal 1 0 0
    outer loop
      vertex 175 57.41481456572267 3.852952387243698
      vertex 175 57.41481456572267 5.147047612756301
      vertex 175 57.30969883127822 5.456708580912725
    endloop
  endfacet
  facet normal 1 0 0
    outer loop
      vertex 175 57.30969883127822 3.5432914190872755
      vertex 175 57.30969883127822 5.456708580912725
      vertex 175 57.1650635094611 5.75
    endloop
  endfacet
  facet normal 1 0 0
    outer loop
      vertex 175 56.98338335072809 2.9780964274781985
      vertex 175 56.98338335072809 6.0219035725218015
      vertex 175 56.76776695296637 6.267766952966369
    endloop
  endfacet
  facet normal 1 0 0
    outer loop
      vertex 175 56.5219035725218 2.516616649271912
      vertex 175 56.5219035725218 6.483383350728088
      vertex 175 56.25 6.665063509461096
    endloop
  endfacet
  facet normal 1 0 0
    outer loop
      vertex 175 56.76776695296637 2.732233047033631
      vertex 175 56.76776695296637 6.267766952966369
      vertex 175 56.5219035725218 6.483383350728088
    endloop
  endfacet
  facet normal 1 0 0
    outer loop
      vertex 175 57.1650635094611 3.25
      vertex 175 57.1650635094611 5.75
      vertex 175 56.98338335072809 6.0219035725218015
    endloop
  endfacet
  facet normal 0 0.9469301294951065 0.3214394653031593
    outer loop
      vertex 175 57.41481456572267 5.147047612756301
      vertex 167 57.30969883127822 5.456708580912725
      vertex 175 57.30969883127822 5.456708580912725
    endloop
  endfacet
  facet normal 0 0.8968727415326888 0.44228869021900047
    outer loop
      vertex 175 57.30969883127822 5.456708580912725
      vertex 167 57.1650635094611 5.75
      vertex 175 57.1650635094611 5.75
    endloop
  endfacet
  facet normal 1 0 0
    outer loop
      vertex 175 55.32631548055013 2.021387846565474
      vertex 175 55.32631548055013 6.978612153434526
      vertex 175 55 7
    endloop
  endfacet
  facet normal 1 0 0
    outer loop
      vertex 175 55.6470476127563 2.0851854342773293
      vertex 175 55.6470476127563 6.91481456572267
      vertex 175 55.32631548055013 6.978612153434526
    endloop
  endfacet
  facet normal 1 0 0
    outer loop
      vertex 175 55.956708580912725 2.190301168721783
      vertex 175 55.956708580912725 6.809698831278217
      vertex 175 55.6470476127563 6.91481456572267
    endloop
  endfacet
  facet normal 1 0 0
    outer loop
      vertex 175 56.25 2.3349364905389036
      vertex 175 56.25 6.665063509461096
      vertex 175 55.956708580912725 6.809698831278217
    endloop
  endfacet
  facet normal 0 -0.8314696123025447 0.555570233019603
    outer loop
      vertex 175 53.01661664927191 6.0219035725218015
      vertex 167 53.01661664927191 6.0219035725218015
      vertex 167 52.8349364905389 5.75
    endloop
  endfacet
  facet normal 0 -0.7518398074789745 0.6593458151000723
    outer loop
      vertex 175 53.23223304703363 6.267766952966369
      vertex 167 53.23223304703363 6.267766952966369
      vertex 167 53.01661664927191 6.0219035725218015
    endloop
  endfacet
  facet normal 0 -0.6593458151000678 0.7518398074789784
    outer loop
      vertex 175 53.23223304703363 6.267766952966369
      vertex 167 53.4780964274782 6.483383350728088
      vertex 167 53.23223304703363 6.267766952966369
    endloop
  endfacet
  facet normal 0 -0.5555702330196024 0.8314696123025451
    outer loop
      vertex 175 53.4780964274782 6.483383350728088
      vertex 167 53.75 6.665063509461096
      vertex 167 53.4780964274782 6.483383350728088
    endloop
  endfacet
  facet normal 0 -0.4422886902190026 0.8968727415326876
    outer loop
      vertex 175 53.75 6.665063509461096
      vertex 167 54.043291419087275 6.809698831278217
      vertex 167 53.75 6.665063509461096
    endloop
  endfacet
  facet normal 0 -0.3214394653031609 0.9469301294951059
    outer loop
      vertex 175 54.043291419087275 6.809698831278217
      vertex 167 54.3529523872437 6.91481456572267
      vertex 167 54.043291419087275 6.809698831278217
    endloop
  endfacet
  facet normal 0 -0.1950903220161273 0.9807852804032307
    outer loop
      vertex 175 54.3529523872437 6.91481456572267
      vertex 167 54.67368451944987 6.978612153434526
      vertex 167 54.3529523872437 6.91481456572267
    endloop
  endfacet
  facet normal 0 0.7518398074789745 0.6593458151000723
    outer loop
      vertex 175 56.98338335072809 6.0219035725218015
      vertex 167 56.98338335072809 6.0219035725218015
      vertex 167 56.76776695296637 6.267766952966369
    endloop
  endfacet
  facet normal 0 0.8314696123025447 0.555570233019603
    outer loop
      vertex 175 57.1650635094611 5.75
      vertex 167 57.1650635094611 5.75
      vertex 167 56.98338335072809 6.0219035725218015
    endloop
  endfacet
  facet normal 0 0.1950903220161273 0.9807852804032307
    outer loop
      vertex 175 55.32631548055013 6.978612153434526
      vertex 167 55.6470476127563 6.91481456572267
      vertex 167 55.32631548055013 6.978612153434526
    endloop
  endfacet
  facet normal 0 0.4422886902190026 0.8968727415326876
    outer loop
      vertex 175 55.956708580912725 6.809698831278217
      vertex 167 56.25 6.665063509461096
      vertex 167 55.956708580912725 6.809698831278217
    endloop
  endfacet
  facet normal 0 0.3214394653031609 0.9469301294951059
    outer loop
      vertex 175 55.6470476127563 6.91481456572267
      vertex 167 55.956708580912725 6.809698831278217
      vertex 167 55.6470476127563 6.91481456572267
    endloop
  endfacet
  facet normal 0 0.6593458151000678 0.7518398074789784
    outer loop
      vertex 175 56.5219035725218 6.483383350728088
      vertex 167 56.76776695296637 6.267766952966369
      vertex 167 56.5219035725218 6.483383350728088
    endloop
  endfacet
  facet normal 0 0.5555702330196024 0.8314696123025451
    outer loop
      vertex 175 56.25 6.665063509461096
      vertex 167 56.5219035725218 6.483383350728088
      vertex 167 56.25 6.665063509461096
    endloop
  endfacet
  facet normal 0 -0.8314696123025447 0.555570233019603
    outer loop
      vertex 175 52.8349364905389 5.75
      vertex 175 53.01661664927191 6.0219035725218015
      vertex 167 52.8349364905389 5.75
    endloop
  endfacet
  facet normal 0 -0.7518398074789745 0.6593458151000723
    outer loop
      vertex 175 53.01661664927191 6.0219035725218015
      vertex 175 53.23223304703363 6.267766952966369
      vertex 167 53.01661664927191 6.0219035725218015
    endloop
  endfacet
  facet normal 0 -0.6593458151000678 0.7518398074789784
    outer loop
      vertex 175 53.23223304703363 6.267766952966369
      vertex 175 53.4780964274782 6.483383350728088
      vertex 167 53.4780964274782 6.483383350728088
    endloop
  endfacet
  facet normal 0 -0.5555702330196024 0.8314696123025451
    outer loop
      vertex 175 53.4780964274782 6.483383350728088
      vertex 175 53.75 6.665063509461096
      vertex 167 53.75 6.665063509461096
    endloop
  endfacet
  facet normal 0 -0.4422886902190026 0.8968727415326876
    outer loop
      vertex 175 53.75 6.665063509461096
      vertex 175 54.043291419087275 6.809698831278217
      vertex 167 54.043291419087275 6.809698831278217
    endloop
  endfacet
  facet normal 0 -0.3214394653031609 0.9469301294951059
    outer loop
      vertex 175 54.043291419087275 6.809698831278217
      vertex 175 54.3529523872437 6.91481456572267
      vertex 167 54.3529523872437 6.91481456572267
    endloop
  endfacet
  facet normal 0 -0.1950903220161273 0.9807852804032307
    outer loop
      vertex 175 54.3529523872437 6.91481456572267
      vertex 175 54.67368451944987 6.978612153434526
      vertex 167 54.67368451944987 6.978612153434526
    endloop
  endfacet
  facet normal 0 0.8314696123025447 0.555570233019603
    outer loop
      vertex 175 57.1650635094611 5.75
      vertex 167 56.98338335072809 6.0219035725218015
      vertex 175 56.98338335072809 6.0219035725218015
    endloop
  endfacet
  facet normal 0 0.7518398074789745 0.6593458151000723
    outer loop
      vertex 175 56.98338335072809 6.0219035725218015
      vertex 167 56.76776695296637 6.267766952966369
      vertex 175 56.76776695296637 6.267766952966369
    endloop
  endfacet
  facet normal 0 0.6593458151000678 0.7518398074789784
    outer loop
      vertex 175 56.76776695296637 6.267766952966369
      vertex 167 56.76776695296637 6.267766952966369
      vertex 175 56.5219035725218 6.483383350728088
    endloop
  endfacet
  facet normal 0 0.1950903220161273 0.9807852804032307
    outer loop
      vertex 175 55.32631548055013 6.978612153434526
      vertex 175 55.6470476127563 6.91481456572267
      vertex 167 55.6470476127563 6.91481456572267
    endloop
  endfacet
  facet normal 0 0.4422886902190026 0.8968727415326876
    outer loop
      vertex 175 56.25 6.665063509461096
      vertex 167 56.25 6.665063509461096
      vertex 175 55.956708580912725 6.809698831278217
    endloop
  endfacet
  facet normal 0 0.3214394653031609 0.9469301294951059
    outer loop
      vertex 175 55.6470476127563 6.91481456572267
      vertex 175 55.956708580912725 6.809698831278217
      vertex 167 55.956708580912725 6.809698831278217
    endloop
  endfacet
  facet normal 0 0.5555702330196024 0.8314696123025451
    outer loop
      vertex 175 56.25 6.665063509461096
      vertex 175 56.5219035725218 6.483383350728088
      vertex 167 56.5219035725218 6.483383350728088
    endloop
  endfacet
  facet normal 0 -0.06540312923014452 0.9978589232386034
    outer loop
      vertex 175 54.67368451944987 6.978612153434526
      vertex 167 55 7
      vertex 167 54.67368451944987 6.978612153434526
    endloop
  endfacet
  facet normal 0 0.06540312923014452 0.9978589232386034
    outer loop
      vertex 175 55 7
      vertex 167 55.32631548055013 6.978612153434526
      vertex 167 55 7
    endloop
  endfacet
  facet normal 0 -0.06540312923014452 0.9978589232386034
    outer loop
      vertex 175 54.67368451944987 6.978612153434526
      vertex 175 55 7
      vertex 167 55 7
    endloop
  endfacet
  facet normal 0 0.06540312923014452 0.9978589232386034
    outer loop
      vertex 175 55 7
      vertex 175 55.32631548055013 6.978612153434526
      vertex 167 55.32631548055013 6.978612153434526
    endloop
  endfacet
  facet normal 0 -0.659345815100054 -0.7518398074789905
    outer loop
      vertex 175 146.49309642747818 31.251792672904326
      vertex 167 146.2472330470336 31.467409070666044
      vertex 167 146.49309642747818 31.251792672904326
    endloop
  endfacet
  facet normal 0 -0.5555702330195943 -0.8314696123025507
    outer loop
      vertex 175 146.49309642747818 31.251792672904326
      vertex 167 146.49309642747818 31.251792672904326
      vertex 175 146.765 31.070112514171317
    endloop
  endfacet
  facet normal 0 -0.659345815100054 -0.7518398074789905
    outer loop
      vertex 175 146.49309642747818 31.251792672904326
      vertex 175 146.2472330470336 31.467409070666044
      vertex 167 146.2472330470336 31.467409070666044
    endloop
  endfacet
  facet normal 0 -0.7518398074790187 -0.6593458151000217
    outer loop
      vertex 175 146.0316166492719 31.713272451110612
      vertex 167 146.0316166492719 31.713272451110612
      vertex 167 146.2472330470336 31.467409070666044
    endloop
  endfacet
  facet normal 0 -0.8314696123025138 -0.5555702330196494
    outer loop
      vertex 175 145.84993649053888 31.985176023632413
      vertex 167 145.84993649053888 31.985176023632413
      vertex 167 146.0316166492719 31.713272451110612
    endloop
  endfacet
  facet normal 0 -0.896872741532706 -0.4422886902189655
    outer loop
      vertex 175 145.70530116872177 32.27846744271969
      vertex 167 145.70530116872177 32.27846744271969
      vertex 167 145.84993649053888 31.985176023632413
    endloop
  endfacet
  facet normal 0 -0.9469301294950927 -0.3214394653031999
    outer loop
      vertex 175 145.6001854342773 32.58812841087611
      vertex 167 145.6001854342773 32.58812841087611
      vertex 167 145.70530116872177 32.27846744271969
    endloop
  endfacet
  facet normal 0 -0.7518398074790187 -0.6593458151000217
    outer loop
      vertex 175 146.2472330470336 31.467409070666044
      vertex 175 146.0316166492719 31.713272451110612
      vertex 167 146.2472330470336 31.467409070666044
    endloop
  endfacet
  facet normal 0 -0.8314696123025138 -0.5555702330196494
    outer loop
      vertex 175 146.0316166492719 31.713272451110612
      vertex 175 145.84993649053888 31.985176023632413
      vertex 167 146.0316166492719 31.713272451110612
    endloop
  endfacet
  facet normal 0 -0.896872741532706 -0.4422886902189655
    outer loop
      vertex 175 145.84993649053888 31.985176023632413
      vertex 175 145.70530116872177 32.27846744271969
      vertex 167 145.84993649053888 31.985176023632413
    endloop
  endfacet
  facet normal 0 -0.9469301294950927 -0.3214394653031999
    outer loop
      vertex 175 145.70530116872177 32.27846744271969
      vertex 175 145.6001854342773 32.58812841087611
      vertex 167 145.70530116872177 32.27846744271969
    endloop
  endfacet
  facet normal 1 0 0
    outer loop
      vertex 175 146.49309642747818 31.251792672904326
      vertex 175 146.2472330470336 35.00294297659878
      vertex 175 146.2472330470336 31.467409070666044
    endloop
  endfacet
  facet normal 1 0 0
    outer loop
      vertex 175 146.49309642747818 31.251792672904326
      vertex 175 146.765 31.070112514171317
      vertex 175 146.49309642747818 35.2185593743605
    endloop
  endfacet
  facet normal 0 -0.9807852804032275 -0.19509032201614296
    outer loop
      vertex 175 145.53638784656545 32.908860543082284
      vertex 167 145.53638784656545 32.908860543082284
      vertex 167 145.6001854342773 32.58812841087611
    endloop
  endfacet
  facet normal 0 -0.9978589232386063 -0.06540312923010126
    outer loop
      vertex 175 145.515 33.23517602363241
      vertex 167 145.515 33.23517602363241
      vertex 167 145.53638784656545 32.908860543082284
    endloop
  endfacet
  facet normal 0 -0.9978589232386063 0.06540312923010126
    outer loop
      vertex 175 145.53638784656545 33.56149150418254
      vertex 167 145.53638784656545 33.56149150418254
      vertex 167 145.515 33.23517602363241
    endloop
  endfacet
  facet normal 0 -0.9807852804032275 -0.19509032201614296
    outer loop
      vertex 175 145.6001854342773 32.58812841087611
      vertex 175 145.53638784656545 32.908860543082284
      vertex 167 145.6001854342773 32.58812841087611
    endloop
  endfacet
  facet normal 0 -0.9978589232386063 -0.06540312923010126
    outer loop
      vertex 175 145.53638784656545 32.908860543082284
      vertex 175 145.515 33.23517602363241
      vertex 167 145.53638784656545 32.908860543082284
    endloop
  endfacet
  facet normal 1 0 0
    outer loop
      vertex 175 146.0316166492719 31.713272451110612
      vertex 175 145.84993649053888 34.48517602363241
      vertex 175 145.84993649053888 31.985176023632413
    endloop
  endfacet
  facet normal 1 0 0
    outer loop
      vertex 175 145.84993649053888 31.985176023632413
      vertex 175 145.70530116872177 34.19188460454514
      vertex 175 145.70530116872177 32.27846744271969
    endloop
  endfacet
  facet normal 1 0 0
    outer loop
      vertex 175 146.2472330470336 31.467409070666044
      vertex 175 146.0316166492719 34.75707959615421
      vertex 175 146.0316166492719 31.713272451110612
    endloop
  endfacet
  facet normal 1 0 0
    outer loop
      vertex 175 145.70530116872177 32.27846744271969
      vertex 175 145.6001854342773 33.882223636388716
      vertex 175 145.6001854342773 32.58812841087611
    endloop
  endfacet
  facet normal 1 0 0
    outer loop
      vertex 175 145.6001854342773 32.58812841087611
      vertex 175 145.53638784656545 33.56149150418254
      vertex 175 145.53638784656545 32.908860543082284
    endloop
  endfacet
  facet normal 0 -0.9978589232386063 0.06540312923010126
    outer loop
      vertex 175 145.515 33.23517602363241
      vertex 175 145.53638784656545 33.56149150418254
      vertex 167 145.515 33.23517602363241
    endloop
  endfacet
  facet normal 0 -0.9807852804032275 0.19509032201614296
    outer loop
      vertex 175 145.53638784656545 33.56149150418254
      vertex 175 145.6001854342773 33.882223636388716
      vertex 167 145.53638784656545 33.56149150418254
    endloop
  endfacet
  facet normal 1 0 0
    outer loop
      vertex 175 145.53638784656545 32.908860543082284
      vertex 175 145.53638784656545 33.56149150418254
      vertex 175 145.515 33.23517602363241
    endloop
  endfacet
  facet normal 1 0 0
    outer loop
      vertex 175 145.6001854342773 32.58812841087611
      vertex 175 145.6001854342773 33.882223636388716
      vertex 175 145.53638784656545 33.56149150418254
    endloop
  endfacet
  facet normal 1 0 0
    outer loop
      vertex 175 145.70530116872177 32.27846744271969
      vertex 175 145.70530116872177 34.19188460454514
      vertex 175 145.6001854342773 33.882223636388716
    endloop
  endfacet
  facet normal 1 0 0
    outer loop
      vertex 175 145.84993649053888 31.985176023632413
      vertex 175 145.84993649053888 34.48517602363241
      vertex 175 145.70530116872177 34.19188460454514
    endloop
  endfacet
  facet normal 1 0 0
    outer loop
      vertex 175 146.0316166492719 31.713272451110612
      vertex 175 146.0316166492719 34.75707959615421
      vertex 175 145.84993649053888 34.48517602363241
    endloop
  endfacet
  facet normal 1 0 0
    outer loop
      vertex 175 146.2472330470336 31.467409070666044
      vertex 175 146.2472330470336 35.00294297659878
      vertex 175 146.0316166492719 34.75707959615421
    endloop
  endfacet
  facet normal 0 -0.9807852804032275 0.19509032201614296
    outer loop
      vertex 175 145.6001854342773 33.882223636388716
      vertex 167 145.6001854342773 33.882223636388716
      vertex 167 145.53638784656545 33.56149150418254
    endloop
  endfacet
  facet normal 0 -0.9469301294950927 0.3214394653031999
    outer loop
      vertex 175 145.70530116872177 34.19188460454514
      vertex 167 145.70530116872177 34.19188460454514
      vertex 167 145.6001854342773 33.882223636388716
    endloop
  endfacet
  facet normal 0 -0.896872741532706 0.4422886902189655
    outer loop
      vertex 175 145.84993649053888 34.48517602363241
      vertex 167 145.84993649053888 34.48517602363241
      vertex 167 145.70530116872177 34.19188460454514
    endloop
  endfacet
  facet normal 0 -0.8314696123025138 0.5555702330196494
    outer loop
      vertex 175 146.0316166492719 34.75707959615421
      vertex 167 146.0316166492719 34.75707959615421
      vertex 167 145.84993649053888 34.48517602363241
    endloop
  endfacet
  facet normal 0 -0.9469301294950927 0.3214394653031999
    outer loop
      vertex 175 145.6001854342773 33.882223636388716
      vertex 175 145.70530116872177 34.19188460454514
      vertex 167 145.6001854342773 33.882223636388716
    endloop
  endfacet
  facet normal 0 -0.896872741532706 0.4422886902189655
    outer loop
      vertex 175 145.70530116872177 34.19188460454514
      vertex 175 145.84993649053888 34.48517602363241
      vertex 167 145.70530116872177 34.19188460454514
    endloop
  endfacet
  facet normal 1 0 0
    outer loop
      vertex 175 146.49309642747818 31.251792672904326
      vertex 175 146.49309642747818 35.2185593743605
      vertex 175 146.2472330470336 35.00294297659878
    endloop
  endfacet
  facet normal 0 -0.8314696123025138 0.5555702330196494
    outer loop
      vertex 175 145.84993649053888 34.48517602363241
      vertex 175 146.0316166492719 34.75707959615421
      vertex 167 145.84993649053888 34.48517602363241
    endloop
  endfacet
  facet normal 0 -0.7518398074790187 0.6593458151000217
    outer loop
      vertex 175 146.0316166492719 34.75707959615421
      vertex 175 146.2472330470336 35.00294297659878
      vertex 167 146.0316166492719 34.75707959615421
    endloop
  endfacet
  facet normal 0 -0.7518398074790187 0.6593458151000217
    outer loop
      vertex 175 146.2472330470336 35.00294297659878
      vertex 167 146.2472330470336 35.00294297659878
      vertex 167 146.0316166492719 34.75707959615421
    endloop
  endfacet
  facet normal 0 -0.6593458151000601 0.751839807478985
    outer loop
      vertex 175 146.2472330470336 35.00294297659878
      vertex 167 146.49309642747818 35.2185593743605
      vertex 167 146.2472330470336 35.00294297659878
    endloop
  endfacet
  facet normal 0 -0.5555702330195943 0.8314696123025507
    outer loop
      vertex 175 146.49309642747818 35.2185593743605
      vertex 167 146.765 35.40023953309351
      vertex 167 146.49309642747818 35.2185593743605
    endloop
  endfacet
  facet normal 0 -0.6593458151000601 0.751839807478985
    outer loop
      vertex 175 146.2472330470336 35.00294297659878
      vertex 175 146.49309642747818 35.2185593743605
      vertex 167 146.49309642747818 35.2185593743605
    endloop
  endfacet
  facet normal 0 -0.19509032201613039 -0.98078528040323
    outer loop
      vertex 175 147.68868451944985 30.756563870197887
      vertex 167 147.3679523872437 30.82036145790974
      vertex 167 147.68868451944985 30.756563870197887
    endloop
  endfacet
  facet normal 0 -0.0654031292301431 -0.9978589232386035
    outer loop
      vertex 175 148.015 30.735176023632413
      vertex 167 147.68868451944985 30.756563870197887
      vertex 167 148.015 30.735176023632413
    endloop
  endfacet
  facet normal 0 0.0654031292301431 -0.9978589232386035
    outer loop
      vertex 175 148.34131548055012 30.756563870197887
      vertex 167 148.015 30.735176023632413
      vertex 167 148.34131548055012 30.756563870197887
    endloop
  endfacet
  facet normal 0 0.19509032201613039 -0.98078528040323
    outer loop
      vertex 175 148.66204761275628 30.82036145790974
      vertex 167 148.34131548055012 30.756563870197887
      vertex 167 148.66204761275628 30.82036145790974
    endloop
  endfacet
  facet normal 0 -0.4422886902190178 -0.8968727415326802
    outer loop
      vertex 175 147.05829141908725 30.925477192354194
      vertex 167 146.765 31.070112514171317
      vertex 167 147.05829141908725 30.925477192354194
    endloop
  endfacet
  facet normal 0 -0.32143946530314765 -0.9469301294951102
    outer loop
      vertex 175 147.3679523872437 30.82036145790974
      vertex 167 147.05829141908725 30.925477192354194
      vertex 167 147.3679523872437 30.82036145790974
    endloop
  endfacet
  facet normal 0 -0.5555702330195943 -0.8314696123025507
    outer loop
      vertex 175 146.765 31.070112514171317
      vertex 167 146.49309642747818 31.251792672904326
      vertex 167 146.765 31.070112514171317
    endloop
  endfacet
  facet normal 0 0.32143946530314765 -0.9469301294951102
    outer loop
      vertex 175 148.97170858091272 30.925477192354194
      vertex 167 148.66204761275628 30.82036145790974
      vertex 167 148.97170858091272 30.925477192354194
    endloop
  endfacet
  facet normal 0 0.4422886902190178 -0.8968727415326802
    outer loop
      vertex 175 149.265 31.070112514171317
      vertex 167 148.97170858091272 30.925477192354194
      vertex 167 149.265 31.070112514171317
    endloop
  endfacet
  facet normal 0 0.5555702330195943 -0.8314696123025507
    outer loop
      vertex 175 149.5369035725218 31.251792672904326
      vertex 167 149.265 31.070112514171317
      vertex 167 149.5369035725218 31.251792672904326
    endloop
  endfacet
  facet normal 0 0.659345815100054 -0.7518398074789905
    outer loop
      vertex 175 149.78276695296637 31.467409070666044
      vertex 167 149.5369035725218 31.251792672904326
      vertex 167 149.78276695296637 31.467409070666044
    endloop
  endfacet
  facet normal 0 -0.19509032201613039 -0.98078528040323
    outer loop
      vertex 175 147.3679523872437 30.82036145790974
      vertex 167 147.3679523872437 30.82036145790974
      vertex 175 147.68868451944985 30.756563870197887
    endloop
  endfacet
  facet normal 0 -0.0654031292301431 -0.9978589232386035
    outer loop
      vertex 175 147.68868451944985 30.756563870197887
      vertex 167 147.68868451944985 30.756563870197887
      vertex 175 148.015 30.735176023632413
    endloop
  endfacet
  facet normal 0 0.0654031292301431 -0.9978589232386035
    outer loop
      vertex 175 148.015 30.735176023632413
      vertex 167 148.015 30.735176023632413
      vertex 175 148.34131548055012 30.756563870197887
    endloop
  endfacet
  facet normal 0 0.19509032201613039 -0.98078528040323
    outer loop
      vertex 175 148.34131548055012 30.756563870197887
      vertex 167 148.34131548055012 30.756563870197887
      vertex 175 148.66204761275628 30.82036145790974
    endloop
  endfacet
  facet normal 0 -0.32143946530314765 -0.9469301294951102
    outer loop
      vertex 175 147.3679523872437 30.82036145790974
      vertex 175 147.05829141908725 30.925477192354194
      vertex 167 147.05829141908725 30.925477192354194
    endloop
  endfacet
  facet normal 0 -0.4422886902190178 -0.8968727415326802
    outer loop
      vertex 175 147.05829141908725 30.925477192354194
      vertex 175 146.765 31.070112514171317
      vertex 167 146.765 31.070112514171317
    endloop
  endfacet
  facet normal 0 0.32143946530314765 -0.9469301294951102
    outer loop
      vertex 175 148.66204761275628 30.82036145790974
      vertex 167 148.66204761275628 30.82036145790974
      vertex 175 148.97170858091272 30.925477192354194
    endloop
  endfacet
  facet normal 0 0.4422886902190178 -0.8968727415326802
    outer loop
      vertex 175 148.97170858091272 30.925477192354194
      vertex 167 148.97170858091272 30.925477192354194
      vertex 175 149.265 31.070112514171317
    endloop
  endfacet
  facet normal 0 0.5555702330195943 -0.8314696123025507
    outer loop
      vertex 175 149.265 31.070112514171317
      vertex 167 149.265 31.070112514171317
      vertex 175 149.5369035725218 31.251792672904326
    endloop
  endfacet
  facet normal 0 0.659345815100054 -0.7518398074789905
    outer loop
      vertex 175 149.5369035725218 31.251792672904326
      vertex 167 149.5369035725218 31.251792672904326
      vertex 175 149.78276695296637 31.467409070666044
    endloop
  endfacet
  facet normal 0 0.7518398074790187 -0.6593458151000217
    outer loop
      vertex 175 149.78276695296637 31.467409070666044
      vertex 167 149.78276695296637 31.467409070666044
      vertex 167 149.99838335072806 31.713272451110612
    endloop
  endfacet
  facet normal 0 0.8314696123025138 -0.5555702330196494
    outer loop
      vertex 175 149.99838335072806 31.713272451110612
      vertex 167 149.99838335072806 31.713272451110612
      vertex 167 150.1800635094611 31.985176023632413
    endloop
  endfacet
  facet normal 0 0.896872741532706 -0.4422886902189655
    outer loop
      vertex 175 150.1800635094611 31.985176023632413
      vertex 167 150.1800635094611 31.985176023632413
      vertex 167 150.3246988312782 32.27846744271969
    endloop
  endfacet
  facet normal 0 0.9469301294950927 -0.3214394653031999
    outer loop
      vertex 175 150.3246988312782 32.27846744271969
      vertex 167 150.3246988312782 32.27846744271969
      vertex 167 150.42981456572267 32.58812841087611
    endloop
  endfacet
  facet normal 1 0 0
    outer loop
      vertex 175 147.3679523872437 30.82036145790974
      vertex 175 147.05829141908725 35.54487485491063
      vertex 175 147.05829141908725 30.925477192354194
    endloop
  endfacet
  facet normal 1 0 0
    outer loop
      vertex 175 147.05829141908725 30.925477192354194
      vertex 175 146.765 35.40023953309351
      vertex 175 146.765 31.070112514171317
    endloop
  endfacet
  facet normal 1 0 0
    outer loop
      vertex 175 147.3679523872437 30.82036145790974
      vertex 175 147.68868451944985 30.756563870197887
      vertex 175 147.3679523872437 35.649990589355085
    endloop
  endfacet
  facet normal 1 0 0
    outer loop
      vertex 175 147.68868451944985 30.756563870197887
      vertex 175 148.015 30.735176023632413
      vertex 175 147.68868451944985 35.71378817706694
    endloop
  endfacet
  facet normal 1 0 0
    outer loop
      vertex 175 148.015 30.735176023632413
      vertex 175 148.34131548055012 30.756563870197887
      vertex 175 148.015 35.73517602363241
    endloop
  endfacet
  facet normal 1 0 0
    outer loop
      vertex 175 148.34131548055012 30.756563870197887
      vertex 175 148.66204761275628 30.82036145790974
      vertex 175 148.34131548055012 35.71378817706694
    endloop
  endfacet
  facet normal 1 0 0
    outer loop
      vertex 175 148.66204761275628 30.82036145790974
      vertex 175 148.97170858091272 30.925477192354194
      vertex 175 148.66204761275628 35.649990589355085
    endloop
  endfacet
  facet normal 1 0 0
    outer loop
      vertex 175 148.97170858091272 30.925477192354194
      vertex 175 149.265 31.070112514171317
      vertex 175 148.97170858091272 35.54487485491063
    endloop
  endfacet
  facet normal 0 0.7518398074790187 -0.6593458151000217
    outer loop
      vertex 175 149.78276695296637 31.467409070666044
      vertex 167 149.99838335072806 31.713272451110612
      vertex 175 149.99838335072806 31.713272451110612
    endloop
  endfacet
  facet normal 0 0.8314696123025138 -0.5555702330196494
    outer loop
      vertex 175 149.99838335072806 31.713272451110612
      vertex 167 150.1800635094611 31.985176023632413
      vertex 175 150.1800635094611 31.985176023632413
    endloop
  endfacet
  facet normal 0 0.896872741532706 -0.4422886902189655
    outer loop
      vertex 175 150.1800635094611 31.985176023632413
      vertex 167 150.3246988312782 32.27846744271969
      vertex 175 150.3246988312782 32.27846744271969
    endloop
  endfacet
  facet normal 0 0.9469301294950927 -0.3214394653031999
    outer loop
      vertex 175 150.3246988312782 32.27846744271969
      vertex 167 150.42981456572267 32.58812841087611
      vertex 175 150.42981456572267 32.58812841087611
    endloop
  endfacet
  facet normal 1 0 0
    outer loop
      vertex 175 149.265 31.070112514171317
      vertex 175 149.5369035725218 31.251792672904326
      vertex 175 149.265 35.40023953309351
    endloop
  endfacet
  facet normal 0 0.9807852804032275 -0.19509032201614296
    outer loop
      vertex 175 150.42981456572267 32.58812841087611
      vertex 167 150.42981456572267 32.58812841087611
      vertex 167 150.49361215343453 32.908860543082284
    endloop
  endfacet
  facet normal 0 0.9978589232386063 -0.06540312923010126
    outer loop
      vertex 175 150.49361215343453 32.908860543082284
      vertex 167 150.49361215343453 32.908860543082284
      vertex 167 150.515 33.23517602363241
    endloop
  endfacet
  facet normal 0 0.9978589232386063 0.06540312923010126
    outer loop
      vertex 175 150.515 33.23517602363241
      vertex 167 150.515 33.23517602363241
      vertex 167 150.49361215343453 33.56149150418254
    endloop
  endfacet
  facet normal 0 0.9807852804032275 0.19509032201614296
    outer loop
      vertex 175 150.49361215343453 33.56149150418254
      vertex 167 150.49361215343453 33.56149150418254
      vertex 167 150.42981456572267 33.882223636388716
    endloop
  endfacet
  facet normal 0 0.9807852804032275 -0.19509032201614296
    outer loop
      vertex 175 150.42981456572267 32.58812841087611
      vertex 167 150.49361215343453 32.908860543082284
      vertex 175 150.49361215343453 32.908860543082284
    endloop
  endfacet
  facet normal 0 0.9978589232386063 -0.06540312923010126
    outer loop
      vertex 175 150.49361215343453 32.908860543082284
      vertex 167 150.515 33.23517602363241
      vertex 175 150.515 33.23517602363241
    endloop
  endfacet
  facet normal 1 0 0
    outer loop
      vertex 175 149.5369035725218 31.251792672904326
      vertex 175 149.78276695296637 31.467409070666044
      vertex 175 149.5369035725218 35.2185593743605
    endloop
  endfacet
  facet normal 1 0 0
    outer loop
      vertex 175 149.78276695296637 31.467409070666044
      vertex 175 149.99838335072806 31.713272451110612
      vertex 175 149.78276695296637 35.00294297659878
    endloop
  endfacet
  facet normal 1 0 0
    outer loop
      vertex 175 149.99838335072806 31.713272451110612
      vertex 175 150.1800635094611 31.985176023632413
      vertex 175 149.99838335072806 34.75707959615421
    endloop
  endfacet
  facet normal 1 0 0
    outer loop
      vertex 175 150.1800635094611 31.985176023632413
      vertex 175 150.3246988312782 32.27846744271969
      vertex 175 150.1800635094611 34.48517602363241
    endloop
  endfacet
  facet normal 1 0 0
    outer loop
      vertex 175 150.3246988312782 32.27846744271969
      vertex 175 150.42981456572267 32.58812841087611
      vertex 175 150.3246988312782 34.19188460454514
    endloop
  endfacet
  facet normal 1 0 0
    outer loop
      vertex 175 150.42981456572267 32.58812841087611
      vertex 175 150.49361215343453 32.908860543082284
      vertex 175 150.42981456572267 33.882223636388716
    endloop
  endfacet
  facet normal 0 0.9978589232386063 0.06540312923010126
    outer loop
      vertex 175 150.515 33.23517602363241
      vertex 167 150.49361215343453 33.56149150418254
      vertex 175 150.49361215343453 33.56149150418254
    endloop
  endfacet
  facet normal 1 0 0
    outer loop
      vertex 175 150.49361215343453 32.908860543082284
      vertex 175 150.515 33.23517602363241
      vertex 175 150.49361215343453 33.56149150418254
    endloop
  endfacet
  facet normal 1 0 0
    outer loop
      vertex 175 150.49361215343453 32.908860543082284
      vertex 175 150.49361215343453 33.56149150418254
      vertex 175 150.42981456572267 33.882223636388716
    endloop
  endfacet
  facet normal 1 0 0
    outer loop
      vertex 175 150.42981456572267 32.58812841087611
      vertex 175 150.42981456572267 33.882223636388716
      vertex 175 150.3246988312782 34.19188460454514
    endloop
  endfacet
  facet normal 1 0 0
    outer loop
      vertex 175 150.1800635094611 31.985176023632413
      vertex 175 150.1800635094611 34.48517602363241
      vertex 175 149.99838335072806 34.75707959615421
    endloop
  endfacet
  facet normal 1 0 0
    outer loop
      vertex 175 150.3246988312782 32.27846744271969
      vertex 175 150.3246988312782 34.19188460454514
      vertex 175 150.1800635094611 34.48517602363241
    endloop
  endfacet
  facet normal 0 0.9469301294950927 0.3214394653031999
    outer loop
      vertex 175 150.42981456572267 33.882223636388716
      vertex 167 150.42981456572267 33.882223636388716
      vertex 167 150.3246988312782 34.19188460454514
    endloop
  endfacet
  facet normal 0 0.896872741532706 0.4422886902189655
    outer loop
      vertex 175 150.3246988312782 34.19188460454514
      vertex 167 150.3246988312782 34.19188460454514
      vertex 167 150.1800635094611 34.48517602363241
    endloop
  endfacet
  facet normal 0 0.8314696123025138 0.5555702330196494
    outer loop
      vertex 175 150.1800635094611 34.48517602363241
      vertex 167 150.1800635094611 34.48517602363241
      vertex 167 149.99838335072806 34.75707959615421
    endloop
  endfacet
  facet normal 0 0.7518398074790187 0.6593458151000217
    outer loop
      vertex 175 149.99838335072806 34.75707959615421
      vertex 167 149.99838335072806 34.75707959615421
      vertex 167 149.78276695296637 35.00294297659878
    endloop
  endfacet
  facet normal 1 0 0
    outer loop
      vertex 175 146.765 31.070112514171317
      vertex 175 146.765 35.40023953309351
      vertex 175 146.49309642747818 35.2185593743605
    endloop
  endfacet
  facet normal 1 0 0
    outer loop
      vertex 175 147.05829141908725 30.925477192354194
      vertex 175 147.05829141908725 35.54487485491063
      vertex 175 146.765 35.40023953309351
    endloop
  endfacet
  facet normal 1 0 0
    outer loop
      vertex 175 147.3679523872437 30.82036145790974
      vertex 175 147.3679523872437 35.649990589355085
      vertex 175 147.05829141908725 35.54487485491063
    endloop
  endfacet
  facet normal 1 0 0
    outer loop
      vertex 175 147.68868451944985 30.756563870197887
      vertex 175 147.68868451944985 35.71378817706694
      vertex 175 147.3679523872437 35.649990589355085
    endloop
  endfacet
  facet normal 1 0 0
    outer loop
      vertex 175 149.265 31.070112514171317
      vertex 175 149.265 35.40023953309351
      vertex 175 148.97170858091272 35.54487485491063
    endloop
  endfacet
  facet normal 1 0 0
    outer loop
      vertex 175 148.015 30.735176023632413
      vertex 175 148.015 35.73517602363241
      vertex 175 147.68868451944985 35.71378817706694
    endloop
  endfacet
  facet normal 1 0 0
    outer loop
      vertex 175 148.015 35.73517602363241
      vertex 175 148.34131548055012 30.756563870197887
      vertex 175 148.34131548055012 35.71378817706694
    endloop
  endfacet
  facet normal 1 0 0
    outer loop
      vertex 175 148.66204761275628 30.82036145790974
      vertex 175 148.66204761275628 35.649990589355085
      vertex 175 148.34131548055012 35.71378817706694
    endloop
  endfacet
  facet normal 1 0 0
    outer loop
      vertex 175 148.97170858091272 30.925477192354194
      vertex 175 148.97170858091272 35.54487485491063
      vertex 175 148.66204761275628 35.649990589355085
    endloop
  endfacet
  facet normal 0 0.9807852804032275 0.19509032201614296
    outer loop
      vertex 175 150.49361215343453 33.56149150418254
      vertex 167 150.42981456572267 33.882223636388716
      vertex 175 150.42981456572267 33.882223636388716
    endloop
  endfacet
  facet normal 0 0.9469301294950927 0.3214394653031999
    outer loop
      vertex 175 150.42981456572267 33.882223636388716
      vertex 167 150.3246988312782 34.19188460454514
      vertex 175 150.3246988312782 34.19188460454514
    endloop
  endfacet
  facet normal 1 0 0
    outer loop
      vertex 175 149.5369035725218 31.251792672904326
      vertex 175 149.5369035725218 35.2185593743605
      vertex 175 149.265 35.40023953309351
    endloop
  endfacet
  facet normal 1 0 0
    outer loop
      vertex 175 149.78276695296637 31.467409070666044
      vertex 175 149.78276695296637 35.00294297659878
      vertex 175 149.5369035725218 35.2185593743605
    endloop
  endfacet
  facet normal 1 0 0
    outer loop
      vertex 175 149.99838335072806 31.713272451110612
      vertex 175 149.99838335072806 34.75707959615421
      vertex 175 149.78276695296637 35.00294297659878
    endloop
  endfacet
  facet normal 0 0.896872741532706 0.4422886902189655
    outer loop
      vertex 175 150.3246988312782 34.19188460454514
      vertex 167 150.1800635094611 34.48517602363241
      vertex 175 150.1800635094611 34.48517602363241
    endloop
  endfacet
  facet normal 0 0.8314696123025138 0.5555702330196494
    outer loop
      vertex 175 150.1800635094611 34.48517602363241
      vertex 167 149.99838335072806 34.75707959615421
      vertex 175 149.99838335072806 34.75707959615421
    endloop
  endfacet
  facet normal 0 -0.442288690219009 0.8968727415326844
    outer loop
      vertex 175 146.765 35.40023953309351
      vertex 167 147.05829141908725 35.54487485491063
      vertex 167 146.765 35.40023953309351
    endloop
  endfacet
  facet normal 0 -0.32143946530314765 0.9469301294951102
    outer loop
      vertex 175 147.05829141908725 35.54487485491063
      vertex 167 147.3679523872437 35.649990589355085
      vertex 167 147.05829141908725 35.54487485491063
    endloop
  endfacet
  facet normal 0 -0.19509032201613039 0.98078528040323
    outer loop
      vertex 175 147.3679523872437 35.649990589355085
      vertex 167 147.68868451944985 35.71378817706694
      vertex 167 147.3679523872437 35.649990589355085
    endloop
  endfacet
  facet normal 0 -0.0654031292301431 0.9978589232386035
    outer loop
      vertex 175 147.68868451944985 35.71378817706694
      vertex 167 148.015 35.73517602363241
      vertex 167 147.68868451944985 35.71378817706694
    endloop
  endfacet
  facet normal 0 0.0654031292301431 0.9978589232386035
    outer loop
      vertex 175 148.015 35.73517602363241
      vertex 167 148.34131548055012 35.71378817706694
      vertex 167 148.015 35.73517602363241
    endloop
  endfacet
  facet normal 0 0.19509032201613039 0.98078528040323
    outer loop
      vertex 175 148.34131548055012 35.71378817706694
      vertex 167 148.66204761275628 35.649990589355085
      vertex 167 148.34131548055012 35.71378817706694
    endloop
  endfacet
  facet normal 0 0.32143946530314765 0.9469301294951102
    outer loop
      vertex 175 148.66204761275628 35.649990589355085
      vertex 167 148.97170858091272 35.54487485491063
      vertex 167 148.66204761275628 35.649990589355085
    endloop
  endfacet
  facet normal 0 0.442288690219009 0.8968727415326844
    outer loop
      vertex 175 148.97170858091272 35.54487485491063
      vertex 167 149.265 35.40023953309351
      vertex 167 148.97170858091272 35.54487485491063
    endloop
  endfacet
  facet normal 0 0.6593458151000601 0.751839807478985
    outer loop
      vertex 175 149.5369035725218 35.2185593743605
      vertex 167 149.78276695296637 35.00294297659878
      vertex 167 149.5369035725218 35.2185593743605
    endloop
  endfacet
  facet normal 0 0.5555702330195943 0.8314696123025507
    outer loop
      vertex 175 149.265 35.40023953309351
      vertex 167 149.5369035725218 35.2185593743605
      vertex 167 149.265 35.40023953309351
    endloop
  endfacet
  facet normal 0 -0.5555702330195943 0.8314696123025507
    outer loop
      vertex 175 146.49309642747818 35.2185593743605
      vertex 175 146.765 35.40023953309351
      vertex 167 146.765 35.40023953309351
    endloop
  endfacet
  facet normal 0 0.442288690219009 0.8968727415326844
    outer loop
      vertex 175 148.97170858091272 35.54487485491063
      vertex 175 149.265 35.40023953309351
      vertex 167 149.265 35.40023953309351
    endloop
  endfacet
  facet normal 0 -0.442288690219009 0.8968727415326844
    outer loop
      vertex 175 146.765 35.40023953309351
      vertex 175 147.05829141908725 35.54487485491063
      vertex 167 147.05829141908725 35.54487485491063
    endloop
  endfacet
  facet normal 0 -0.32143946530314765 0.9469301294951102
    outer loop
      vertex 175 147.05829141908725 35.54487485491063
      vertex 175 147.3679523872437 35.649990589355085
      vertex 167 147.3679523872437 35.649990589355085
    endloop
  endfacet
  facet normal 0 -0.19509032201613039 0.98078528040323
    outer loop
      vertex 175 147.3679523872437 35.649990589355085
      vertex 175 147.68868451944985 35.71378817706694
      vertex 167 147.68868451944985 35.71378817706694
    endloop
  endfacet
  facet normal 0 -0.0654031292301431 0.9978589232386035
    outer loop
      vertex 175 147.68868451944985 35.71378817706694
      vertex 175 148.015 35.73517602363241
      vertex 167 148.015 35.73517602363241
    endloop
  endfacet
  facet normal 0 0.0654031292301431 0.9978589232386035
    outer loop
      vertex 175 148.015 35.73517602363241
      vertex 175 148.34131548055012 35.71378817706694
      vertex 167 148.34131548055012 35.71378817706694
    endloop
  endfacet
  facet normal 0 0.32143946530314765 0.9469301294951102
    outer loop
      vertex 175 148.66204761275628 35.649990589355085
      vertex 175 148.97170858091272 35.54487485491063
      vertex 167 148.97170858091272 35.54487485491063
    endloop
  endfacet
  facet normal 0 0.19509032201613039 0.98078528040323
    outer loop
      vertex 175 148.34131548055012 35.71378817706694
      vertex 175 148.66204761275628 35.649990589355085
      vertex 167 148.66204761275628 35.649990589355085
    endloop
  endfacet
  facet normal 0 0.7518398074790187 0.6593458151000217
    outer loop
      vertex 175 149.99838335072806 34.75707959615421
      vertex 167 149.78276695296637 35.00294297659878
      vertex 175 149.78276695296637 35.00294297659878
    endloop
  endfacet
  facet normal 0 0.6593458151000601 0.751839807478985
    outer loop
      vertex 175 149.78276695296637 35.00294297659878
      vertex 167 149.78276695296637 35.00294297659878
      vertex 175 149.5369035725218 35.2185593743605
    endloop
  endfacet
  facet normal 0 0.5555702330195943 0.8314696123025507
    outer loop
      vertex 175 149.5369035725218 35.2185593743605
      vertex 167 149.5369035725218 35.2185593743605
      vertex 175 149.265 35.40023953309351
    endloop
  endfacet
  facet normal 0 -0.19509032201613039 -0.98078528040323
    outer loop
      vertex 175 159.20368451944987 30.756563870197887
      vertex 167 158.8829523872437 30.82036145790974
      vertex 167 159.20368451944987 30.756563870197887
    endloop
  endfacet
  facet normal 0 -0.0654031292301431 -0.9978589232386035
    outer loop
      vertex 175 159.53 30.735176023632413
      vertex 167 159.20368451944987 30.756563870197887
      vertex 167 159.53 30.735176023632413
    endloop
  endfacet
  facet normal 0 -0.5555702330195943 -0.8314696123025507
    outer loop
      vertex 175 158.28 31.070112514171317
      vertex 167 158.0080964274782 31.251792672904326
      vertex 167 158.28 31.070112514171317
    endloop
  endfacet
  facet normal 0 -0.659345815100097 -0.7518398074789527
    outer loop
      vertex 175 158.0080964274782 31.251792672904326
      vertex 167 157.76223304703365 31.467409070666044
      vertex 167 158.0080964274782 31.251792672904326
    endloop
  endfacet
  facet normal 0 -0.4422886902190178 -0.8968727415326802
    outer loop
      vertex 175 158.57329141908727 30.925477192354194
      vertex 167 158.28 31.070112514171317
      vertex 167 158.57329141908727 30.925477192354194
    endloop
  endfacet
  facet normal 0 -0.32143946530314765 -0.9469301294951102
    outer loop
      vertex 175 158.8829523872437 30.82036145790974
      vertex 167 158.57329141908727 30.925477192354194
      vertex 167 158.8829523872437 30.82036145790974
    endloop
  endfacet
  facet normal 0 0.0654031292301431 -0.9978589232386035
    outer loop
      vertex 175 159.85631548055014 30.756563870197887
      vertex 167 159.53 30.735176023632413
      vertex 167 159.85631548055014 30.756563870197887
    endloop
  endfacet
  facet normal 0 0.19509032201613039 -0.98078528040323
    outer loop
      vertex 175 160.1770476127563 30.82036145790974
      vertex 167 159.85631548055014 30.756563870197887
      vertex 167 160.1770476127563 30.82036145790974
    endloop
  endfacet
  facet normal 0 0.32143946530314765 -0.9469301294951102
    outer loop
      vertex 175 160.48670858091273 30.925477192354194
      vertex 167 160.1770476127563 30.82036145790974
      vertex 167 160.48670858091273 30.925477192354194
    endloop
  endfacet
  facet normal 0 0.4422886902190178 -0.8968727415326802
    outer loop
      vertex 175 160.78 31.070112514171317
      vertex 167 160.48670858091273 30.925477192354194
      vertex 167 160.78 31.070112514171317
    endloop
  endfacet
  facet normal 0 0.5555702330195943 -0.8314696123025507
    outer loop
      vertex 175 161.0519035725218 31.251792672904326
      vertex 167 160.78 31.070112514171317
      vertex 167 161.0519035725218 31.251792672904326
    endloop
  endfacet
  facet normal 0 0.659345815100097 -0.7518398074789527
    outer loop
      vertex 175 161.29776695296636 31.467409070666044
      vertex 167 161.0519035725218 31.251792672904326
      vertex 167 161.29776695296636 31.467409070666044
    endloop
  endfacet
  facet normal 0 -0.19509032201613039 -0.98078528040323
    outer loop
      vertex 175 158.8829523872437 30.82036145790974
      vertex 167 158.8829523872437 30.82036145790974
      vertex 175 159.20368451944987 30.756563870197887
    endloop
  endfacet
  facet normal 0 -0.0654031292301431 -0.9978589232386035
    outer loop
      vertex 175 159.20368451944987 30.756563870197887
      vertex 167 159.20368451944987 30.756563870197887
      vertex 175 159.53 30.735176023632413
    endloop
  endfacet
  facet normal 0 0.0654031292301431 -0.9978589232386035
    outer loop
      vertex 175 159.53 30.735176023632413
      vertex 167 159.53 30.735176023632413
      vertex 175 159.85631548055014 30.756563870197887
    endloop
  endfacet
  facet normal 0 -0.5555702330195943 -0.8314696123025507
    outer loop
      vertex 175 158.0080964274782 31.251792672904326
      vertex 167 158.0080964274782 31.251792672904326
      vertex 175 158.28 31.070112514171317
    endloop
  endfacet
  facet normal 0 -0.659345815100097 -0.7518398074789527
    outer loop
      vertex 175 158.0080964274782 31.251792672904326
      vertex 175 157.76223304703365 31.467409070666044
      vertex 167 157.76223304703365 31.467409070666044
    endloop
  endfacet
  facet normal 0 -0.32143946530314765 -0.9469301294951102
    outer loop
      vertex 175 158.57329141908727 30.925477192354194
      vertex 167 158.57329141908727 30.925477192354194
      vertex 175 158.8829523872437 30.82036145790974
    endloop
  endfacet
  facet normal 0 -0.4422886902190178 -0.8968727415326802
    outer loop
      vertex 175 158.57329141908727 30.925477192354194
      vertex 175 158.28 31.070112514171317
      vertex 167 158.28 31.070112514171317
    endloop
  endfacet
  facet normal 0 0.19509032201613039 -0.98078528040323
    outer loop
      vertex 175 159.85631548055014 30.756563870197887
      vertex 167 159.85631548055014 30.756563870197887
      vertex 175 160.1770476127563 30.82036145790974
    endloop
  endfacet
  facet normal 0 0.32143946530314765 -0.9469301294951102
    outer loop
      vertex 175 160.1770476127563 30.82036145790974
      vertex 167 160.1770476127563 30.82036145790974
      vertex 175 160.48670858091273 30.925477192354194
    endloop
  endfacet
  facet normal 0 0.4422886902190178 -0.8968727415326802
    outer loop
      vertex 175 160.48670858091273 30.925477192354194
      vertex 167 160.48670858091273 30.925477192354194
      vertex 175 160.78 31.070112514171317
    endloop
  endfacet
  facet normal 0 0.5555702330195943 -0.8314696123025507
    outer loop
      vertex 175 160.78 31.070112514171317
      vertex 167 160.78 31.070112514171317
      vertex 175 161.0519035725218 31.251792672904326
    endloop
  endfacet
  facet normal 0 0.659345815100097 -0.7518398074789527
    outer loop
      vertex 175 161.0519035725218 31.251792672904326
      vertex 167 161.0519035725218 31.251792672904326
      vertex 175 161.29776695296636 31.467409070666044
    endloop
  endfacet
  facet normal 0 -0.7518398074789757 -0.6593458151000708
    outer loop
      vertex 175 157.54661664927193 31.713272451110612
      vertex 167 157.54661664927193 31.713272451110612
      vertex 167 157.76223304703365 31.467409070666044
    endloop
  endfacet
  facet normal 0 -0.8314696123025138 -0.5555702330196494
    outer loop
      vertex 175 157.3649364905389 31.985176023632413
      vertex 167 157.3649364905389 31.985176023632413
      vertex 167 157.54661664927193 31.713272451110612
    endloop
  endfacet
  facet normal 0 -0.896872741532706 -0.4422886902189655
    outer loop
      vertex 175 157.2203011687218 32.27846744271969
      vertex 167 157.2203011687218 32.27846744271969
      vertex 167 157.3649364905389 31.985176023632413
    endloop
  endfacet
  facet normal 0 -0.9469301294950927 -0.3214394653031999
    outer loop
      vertex 175 157.11518543427732 32.58812841087611
      vertex 167 157.11518543427732 32.58812841087611
      vertex 167 157.2203011687218 32.27846744271969
    endloop
  endfacet
  facet normal 0 0.7518398074789757 -0.6593458151000708
    outer loop
      vertex 175 161.29776695296636 31.467409070666044
      vertex 167 161.29776695296636 31.467409070666044
      vertex 167 161.51338335072808 31.713272451110612
    endloop
  endfacet
  facet normal 0 0.8314696123025138 -0.5555702330196494
    outer loop
      vertex 175 161.51338335072808 31.713272451110612
      vertex 167 161.51338335072808 31.713272451110612
      vertex 167 161.6950635094611 31.985176023632413
    endloop
  endfacet
  facet normal 0 0.896872741532706 -0.4422886902189655
    outer loop
      vertex 175 161.6950635094611 31.985176023632413
      vertex 167 161.6950635094611 31.985176023632413
      vertex 167 161.8396988312782 32.27846744271969
    endloop
  endfacet
  facet normal 0 0.9469301294950927 -0.3214394653031999
    outer loop
      vertex 175 161.8396988312782 32.27846744271969
      vertex 167 161.8396988312782 32.27846744271969
      vertex 167 161.94481456572268 32.58812841087611
    endloop
  endfacet
  facet normal 0 -0.7518398074789757 -0.6593458151000708
    outer loop
      vertex 175 157.76223304703365 31.467409070666044
      vertex 175 157.54661664927193 31.713272451110612
      vertex 167 157.76223304703365 31.467409070666044
    endloop
  endfacet
  facet normal 0 -0.8314696123025138 -0.5555702330196494
    outer loop
      vertex 175 157.54661664927193 31.713272451110612
      vertex 175 157.3649364905389 31.985176023632413
      vertex 167 157.54661664927193 31.713272451110612
    endloop
  endfacet
  facet normal 0 -0.896872741532706 -0.4422886902189655
    outer loop
      vertex 175 157.3649364905389 31.985176023632413
      vertex 175 157.2203011687218 32.27846744271969
      vertex 167 157.3649364905389 31.985176023632413
    endloop
  endfacet
  facet normal 0 -0.9469301294950927 -0.3214394653031999
    outer loop
      vertex 175 157.2203011687218 32.27846744271969
      vertex 175 157.11518543427732 32.58812841087611
      vertex 167 157.2203011687218 32.27846744271969
    endloop
  endfacet
  facet normal 1 0 0
    outer loop
      vertex 175 158.0080964274782 31.251792672904326
      vertex 175 157.76223304703365 35.00294297659878
      vertex 175 157.76223304703365 31.467409070666044
    endloop
  endfacet
  facet normal 1 0 0
    outer loop
      vertex 175 158.0080964274782 31.251792672904326
      vertex 175 158.28 31.070112514171317
      vertex 175 158.0080964274782 35.2185593743605
    endloop
  endfacet
  facet normal 1 0 0
    outer loop
      vertex 175 158.57329141908727 30.925477192354194
      vertex 175 158.8829523872437 30.82036145790974
      vertex 175 158.57329141908727 35.54487485491063
    endloop
  endfacet
  facet normal 1 0 0
    outer loop
      vertex 175 158.8829523872437 30.82036145790974
      vertex 175 159.20368451944987 30.756563870197887
      vertex 175 158.8829523872437 35.649990589355085
    endloop
  endfacet
  facet normal 1 0 0
    outer loop
      vertex 175 158.57329141908727 30.925477192354194
      vertex 175 158.28 35.40023953309351
      vertex 175 158.28 31.070112514171317
    endloop
  endfacet
  facet normal 1 0 0
    outer loop
      vertex 175 159.20368451944987 30.756563870197887
      vertex 175 159.53 30.735176023632413
      vertex 175 159.20368451944987 35.71378817706694
    endloop
  endfacet
  facet normal 1 0 0
    outer loop
      vertex 175 159.53 30.735176023632413
      vertex 175 159.85631548055014 30.756563870197887
      vertex 175 159.53 35.73517602363241
    endloop
  endfacet
  facet normal 0 0.7518398074789757 -0.6593458151000708
    outer loop
      vertex 175 161.29776695296636 31.467409070666044
      vertex 167 161.51338335072808 31.713272451110612
      vertex 175 161.51338335072808 31.713272451110612
    endloop
  endfacet
  facet normal 0 0.8314696123025138 -0.5555702330196494
    outer loop
      vertex 175 161.51338335072808 31.713272451110612
      vertex 167 161.6950635094611 31.985176023632413
      vertex 175 161.6950635094611 31.985176023632413
    endloop
  endfacet
  facet normal 0 0.896872741532706 -0.4422886902189655
    outer loop
      vertex 175 161.6950635094611 31.985176023632413
      vertex 167 161.8396988312782 32.27846744271969
      vertex 175 161.8396988312782 32.27846744271969
    endloop
  endfacet
  facet normal 0 0.9469301294950927 -0.3214394653031999
    outer loop
      vertex 175 161.8396988312782 32.27846744271969
      vertex 167 161.94481456572268 32.58812841087611
      vertex 175 161.94481456572268 32.58812841087611
    endloop
  endfacet
  facet normal 1 0 0
    outer loop
      vertex 175 159.85631548055014 30.756563870197887
      vertex 175 160.1770476127563 30.82036145790974
      vertex 175 159.85631548055014 35.71378817706694
    endloop
  endfacet
  facet normal 1 0 0
    outer loop
      vertex 175 160.1770476127563 30.82036145790974
      vertex 175 160.48670858091273 30.925477192354194
      vertex 175 160.1770476127563 35.649990589355085
    endloop
  endfacet
  facet normal 1 0 0
    outer loop
      vertex 175 160.48670858091273 30.925477192354194
      vertex 175 160.78 31.070112514171317
      vertex 175 160.48670858091273 35.54487485491063
    endloop
  endfacet
  facet normal 1 0 0
    outer loop
      vertex 175 160.78 31.070112514171317
      vertex 175 161.0519035725218 31.251792672904326
      vertex 175 160.78 35.40023953309351
    endloop
  endfacet
  facet normal 0 -0.9978589232386063 -0.06540312923010126
    outer loop
      vertex 175 157.03 33.23517602363241
      vertex 167 157.03 33.23517602363241
      vertex 167 157.05138784656546 32.908860543082284
    endloop
  endfacet
  facet normal 0 -0.9978589232386063 0.06540312923010126
    outer loop
      vertex 175 157.05138784656546 33.56149150418254
      vertex 167 157.05138784656546 33.56149150418254
      vertex 167 157.03 33.23517602363241
    endloop
  endfacet
  facet normal 0 -0.9978589232386063 -0.06540312923010126
    outer loop
      vertex 175 157.05138784656546 32.908860543082284
      vertex 175 157.03 33.23517602363241
      vertex 167 157.05138784656546 32.908860543082284
    endloop
  endfacet
  facet normal 0 -0.9978589232386063 0.06540312923010126
    outer loop
      vertex 175 157.03 33.23517602363241
      vertex 175 157.05138784656546 33.56149150418254
      vertex 167 157.03 33.23517602363241
    endloop
  endfacet
  facet normal 1 0 0
    outer loop
      vertex 175 157.05138784656546 32.908860543082284
      vertex 175 157.05138784656546 33.56149150418254
      vertex 175 157.03 33.23517602363241
    endloop
  endfacet
  facet normal 0 -0.9807852804032275 -0.19509032201614296
    outer loop
      vertex 175 157.05138784656546 32.908860543082284
      vertex 167 157.05138784656546 32.908860543082284
      vertex 167 157.11518543427732 32.58812841087611
    endloop
  endfacet
  facet normal 0 0.9807852804032275 -0.19509032201614296
    outer loop
      vertex 175 161.94481456572268 32.58812841087611
      vertex 167 161.94481456572268 32.58812841087611
      vertex 167 162.00861215343454 32.908860543082284
    endloop
  endfacet
  facet normal 0 0.9978589232386063 -0.06540312923010126
    outer loop
      vertex 175 162.00861215343454 32.908860543082284
      vertex 167 162.00861215343454 32.908860543082284
      vertex 167 162.03 33.23517602363241
    endloop
  endfacet
  facet normal 0 0.9978589232386063 0.06540312923010126
    outer loop
      vertex 175 162.03 33.23517602363241
      vertex 167 162.03 33.23517602363241
      vertex 167 162.00861215343454 33.56149150418254
    endloop
  endfacet
  facet normal 0 0.9807852804032275 0.19509032201614296
    outer loop
      vertex 175 162.00861215343454 33.56149150418254
      vertex 167 162.00861215343454 33.56149150418254
      vertex 167 161.94481456572268 33.882223636388716
    endloop
  endfacet
  facet normal 0 -0.9807852804032275 -0.19509032201614296
    outer loop
      vertex 175 157.11518543427732 32.58812841087611
      vertex 175 157.05138784656546 32.908860543082284
      vertex 167 157.11518543427732 32.58812841087611
    endloop
  endfacet
  facet normal 1 0 0
    outer loop
      vertex 175 157.76223304703365 31.467409070666044
      vertex 175 157.54661664927193 34.75707959615421
      vertex 175 157.54661664927193 31.713272451110612
    endloop
  endfacet
  facet normal 1 0 0
    outer loop
      vertex 175 157.3649364905389 31.985176023632413
      vertex 175 157.2203011687218 34.19188460454514
      vertex 175 157.2203011687218 32.27846744271969
    endloop
  endfacet
  facet normal 1 0 0
    outer loop
      vertex 175 157.54661664927193 31.713272451110612
      vertex 175 157.3649364905389 34.48517602363241
      vertex 175 157.3649364905389 31.985176023632413
    endloop
  endfacet
  facet normal 1 0 0
    outer loop
      vertex 175 157.2203011687218 32.27846744271969
      vertex 175 157.11518543427732 33.882223636388716
      vertex 175 157.11518543427732 32.58812841087611
    endloop
  endfacet
  facet normal 1 0 0
    outer loop
      vertex 175 157.11518543427732 32.58812841087611
      vertex 175 157.05138784656546 33.56149150418254
      vertex 175 157.05138784656546 32.908860543082284
    endloop
  endfacet
  facet normal 0 -0.9807852804032275 0.19509032201614296
    outer loop
      vertex 175 157.05138784656546 33.56149150418254
      vertex 175 157.11518543427732 33.882223636388716
      vertex 167 157.05138784656546 33.56149150418254
    endloop
  endfacet
  facet normal 1 0 0
    outer loop
      vertex 175 157.11518543427732 32.58812841087611
      vertex 175 157.11518543427732 33.882223636388716
      vertex 175 157.05138784656546 33.56149150418254
    endloop
  endfacet
  facet normal 1 0 0
    outer loop
      vertex 175 157.2203011687218 32.27846744271969
      vertex 175 157.2203011687218 34.19188460454514
      vertex 175 157.11518543427732 33.882223636388716
    endloop
  endfacet
  facet normal 1 0 0
    outer loop
      vertex 175 157.3649364905389 31.985176023632413
      vertex 175 157.3649364905389 34.48517602363241
      vertex 175 157.2203011687218 34.19188460454514
    endloop
  endfacet
  facet normal 1 0 0
    outer loop
      vertex 175 157.54661664927193 31.713272451110612
      vertex 175 157.54661664927193 34.75707959615421
      vertex 175 157.3649364905389 34.48517602363241
    endloop
  endfacet
  facet normal 1 0 0
    outer loop
      vertex 175 157.76223304703365 31.467409070666044
      vertex 175 157.76223304703365 35.00294297659878
      vertex 175 157.54661664927193 34.75707959615421
    endloop
  endfacet
  facet normal 0 0.9807852804032275 -0.19509032201614296
    outer loop
      vertex 175 161.94481456572268 32.58812841087611
      vertex 167 162.00861215343454 32.908860543082284
      vertex 175 162.00861215343454 32.908860543082284
    endloop
  endfacet
  facet normal 0 0.9978589232386063 -0.06540312923010126
    outer loop
      vertex 175 162.00861215343454 32.908860543082284
      vertex 167 162.03 33.23517602363241
      vertex 175 162.03 33.23517602363241
    endloop
  endfacet
  facet normal 1 0 0
    outer loop
      vertex 175 161.0519035725218 31.251792672904326
      vertex 175 161.29776695296636 31.467409070666044
      vertex 175 161.0519035725218 35.2185593743605
    endloop
  endfacet
  facet normal 1 0 0
    outer loop
      vertex 175 161.29776695296636 31.467409070666044
      vertex 175 161.51338335072808 31.713272451110612
      vertex 175 161.29776695296636 35.00294297659878
    endloop
  endfacet
  facet normal 1 0 0
    outer loop
      vertex 175 161.51338335072808 31.713272451110612
      vertex 175 161.6950635094611 31.985176023632413
      vertex 175 161.51338335072808 34.75707959615421
    endloop
  endfacet
  facet normal 1 0 0
    outer loop
      vertex 175 161.6950635094611 31.985176023632413
      vertex 175 161.8396988312782 32.27846744271969
      vertex 175 161.6950635094611 34.48517602363241
    endloop
  endfacet
  facet normal 1 0 0
    outer loop
      vertex 175 161.8396988312782 32.27846744271969
      vertex 175 161.94481456572268 32.58812841087611
      vertex 175 161.8396988312782 34.19188460454514
    endloop
  endfacet
  facet normal 1 0 0
    outer loop
      vertex 175 161.94481456572268 32.58812841087611
      vertex 175 162.00861215343454 32.908860543082284
      vertex 175 161.94481456572268 33.882223636388716
    endloop
  endfacet
  facet normal 0 0.9978589232386063 0.06540312923010126
    outer loop
      vertex 175 162.03 33.23517602363241
      vertex 167 162.00861215343454 33.56149150418254
      vertex 175 162.00861215343454 33.56149150418254
    endloop
  endfacet
  facet normal 1 0 0
    outer loop
      vertex 175 162.00861215343454 32.908860543082284
      vertex 175 162.03 33.23517602363241
      vertex 175 162.00861215343454 33.56149150418254
    endloop
  endfacet
  facet normal 1 0 0
    outer loop
      vertex 175 162.00861215343454 32.908860543082284
      vertex 175 162.00861215343454 33.56149150418254
      vertex 175 161.94481456572268 33.882223636388716
    endloop
  endfacet
  facet normal 1 0 0
    outer loop
      vertex 175 161.6950635094611 31.985176023632413
      vertex 175 161.6950635094611 34.48517602363241
      vertex 175 161.51338335072808 34.75707959615421
    endloop
  endfacet
  facet normal 1 0 0
    outer loop
      vertex 175 161.94481456572268 32.58812841087611
      vertex 175 161.94481456572268 33.882223636388716
      vertex 175 161.8396988312782 34.19188460454514
    endloop
  endfacet
  facet normal 1 0 0
    outer loop
      vertex 175 161.8396988312782 32.27846744271969
      vertex 175 161.8396988312782 34.19188460454514
      vertex 175 161.6950635094611 34.48517602363241
    endloop
  endfacet
  facet normal 0 -0.9807852804032275 0.19509032201614296
    outer loop
      vertex 175 157.11518543427732 33.882223636388716
      vertex 167 157.11518543427732 33.882223636388716
      vertex 167 157.05138784656546 33.56149150418254
    endloop
  endfacet
  facet normal 0 -0.9469301294950927 0.3214394653031999
    outer loop
      vertex 175 157.2203011687218 34.19188460454514
      vertex 167 157.2203011687218 34.19188460454514
      vertex 167 157.11518543427732 33.882223636388716
    endloop
  endfacet
  facet normal 0 -0.896872741532706 0.4422886902189655
    outer loop
      vertex 175 157.3649364905389 34.48517602363241
      vertex 167 157.3649364905389 34.48517602363241
      vertex 167 157.2203011687218 34.19188460454514
    endloop
  endfacet
  facet normal 0 -0.8314696123025138 0.5555702330196494
    outer loop
      vertex 175 157.54661664927193 34.75707959615421
      vertex 167 157.54661664927193 34.75707959615421
      vertex 167 157.3649364905389 34.48517602363241
    endloop
  endfacet
  facet normal 0 0.9469301294950927 0.3214394653031999
    outer loop
      vertex 175 161.94481456572268 33.882223636388716
      vertex 167 161.94481456572268 33.882223636388716
      vertex 167 161.8396988312782 34.19188460454514
    endloop
  endfacet
  facet normal 0 0.896872741532706 0.4422886902189655
    outer loop
      vertex 175 161.8396988312782 34.19188460454514
      vertex 167 161.8396988312782 34.19188460454514
      vertex 167 161.6950635094611 34.48517602363241
    endloop
  endfacet
  facet normal 0 0.8314696123025138 0.5555702330196494
    outer loop
      vertex 175 161.6950635094611 34.48517602363241
      vertex 167 161.6950635094611 34.48517602363241
      vertex 167 161.51338335072808 34.75707959615421
    endloop
  endfacet
  facet normal 0 0.7518398074789757 0.6593458151000708
    outer loop
      vertex 175 161.51338335072808 34.75707959615421
      vertex 167 161.51338335072808 34.75707959615421
      vertex 167 161.29776695296636 35.00294297659878
    endloop
  endfacet
  facet normal 0 -0.9469301294950927 0.3214394653031999
    outer loop
      vertex 175 157.11518543427732 33.882223636388716
      vertex 175 157.2203011687218 34.19188460454514
      vertex 167 157.11518543427732 33.882223636388716
    endloop
  endfacet
  facet normal 0 -0.896872741532706 0.4422886902189655
    outer loop
      vertex 175 157.2203011687218 34.19188460454514
      vertex 175 157.3649364905389 34.48517602363241
      vertex 167 157.2203011687218 34.19188460454514
    endloop
  endfacet
  facet normal 1 0 0
    outer loop
      vertex 175 158.0080964274782 31.251792672904326
      vertex 175 158.0080964274782 35.2185593743605
      vertex 175 157.76223304703365 35.00294297659878
    endloop
  endfacet
  facet normal 1 0 0
    outer loop
      vertex 175 158.28 31.070112514171317
      vertex 175 158.28 35.40023953309351
      vertex 175 158.0080964274782 35.2185593743605
    endloop
  endfacet
  facet normal 1 0 0
    outer loop
      vertex 175 158.57329141908727 30.925477192354194
      vertex 175 158.57329141908727 35.54487485491063
      vertex 175 158.28 35.40023953309351
    endloop
  endfacet
  facet normal 1 0 0
    outer loop
      vertex 175 158.8829523872437 30.82036145790974
      vertex 175 158.8829523872437 35.649990589355085
      vertex 175 158.57329141908727 35.54487485491063
    endloop
  endfacet
  facet normal 1 0 0
    outer loop
      vertex 175 159.20368451944987 30.756563870197887
      vertex 175 159.20368451944987 35.71378817706694
      vertex 175 158.8829523872437 35.649990589355085
    endloop
  endfacet
  facet normal 1 0 0
    outer loop
      vertex 175 159.53 30.735176023632413
      vertex 175 159.53 35.73517602363241
      vertex 175 159.20368451944987 35.71378817706694
    endloop
  endfacet
  facet normal 0 -0.8314696123025138 0.5555702330196494
    outer loop
      vertex 175 157.3649364905389 34.48517602363241
      vertex 175 157.54661664927193 34.75707959615421
      vertex 167 157.3649364905389 34.48517602363241
    endloop
  endfacet
  facet normal 0 -0.7518398074789757 0.6593458151000708
    outer loop
      vertex 175 157.54661664927193 34.75707959615421
      vertex 175 157.76223304703365 35.00294297659878
      vertex 167 157.54661664927193 34.75707959615421
    endloop
  endfacet
  facet normal 0 0.9807852804032275 0.19509032201614296
    outer loop
      vertex 175 162.00861215343454 33.56149150418254
      vertex 167 161.94481456572268 33.882223636388716
      vertex 175 161.94481456572268 33.882223636388716
    endloop
  endfacet
  facet normal 0 0.9469301294950927 0.3214394653031999
    outer loop
      vertex 175 161.94481456572268 33.882223636388716
      vertex 167 161.8396988312782 34.19188460454514
      vertex 175 161.8396988312782 34.19188460454514
    endloop
  endfacet
  facet normal 1 0 0
    outer loop
      vertex 175 161.0519035725218 31.251792672904326
      vertex 175 161.0519035725218 35.2185593743605
      vertex 175 160.78 35.40023953309351
    endloop
  endfacet
  facet normal 1 0 0
    outer loop
      vertex 175 160.78 31.070112514171317
      vertex 175 160.78 35.40023953309351
      vertex 175 160.48670858091273 35.54487485491063
    endloop
  endfacet
  facet normal 1 0 0
    outer loop
      vertex 175 159.85631548055014 30.756563870197887
      vertex 175 159.85631548055014 35.71378817706694
      vertex 175 159.53 35.73517602363241
    endloop
  endfacet
  facet normal 1 0 0
    outer loop
      vertex 175 160.1770476127563 30.82036145790974
      vertex 175 160.1770476127563 35.649990589355085
      vertex 175 159.85631548055014 35.71378817706694
    endloop
  endfacet
  facet normal 1 0 0
    outer loop
      vertex 175 160.48670858091273 30.925477192354194
      vertex 175 160.48670858091273 35.54487485491063
      vertex 175 160.1770476127563 35.649990589355085
    endloop
  endfacet
  facet normal 1 0 0
    outer loop
      vertex 175 161.51338335072808 31.713272451110612
      vertex 175 161.51338335072808 34.75707959615421
      vertex 175 161.29776695296636 35.00294297659878
    endloop
  endfacet
  facet normal 1 0 0
    outer loop
      vertex 175 161.29776695296636 31.467409070666044
      vertex 175 161.29776695296636 35.00294297659878
      vertex 175 161.0519035725218 35.2185593743605
    endloop
  endfacet
  facet normal 0 0.896872741532706 0.4422886902189655
    outer loop
      vertex 175 161.8396988312782 34.19188460454514
      vertex 167 161.6950635094611 34.48517602363241
      vertex 175 161.6950635094611 34.48517602363241
    endloop
  endfacet
  facet normal 0 0.8314696123025138 0.5555702330196494
    outer loop
      vertex 175 161.6950635094611 34.48517602363241
      vertex 167 161.51338335072808 34.75707959615421
      vertex 175 161.51338335072808 34.75707959615421
    endloop
  endfacet
  facet normal 0 -0.7518398074789757 0.6593458151000708
    outer loop
      vertex 175 157.76223304703365 35.00294297659878
      vertex 167 157.76223304703365 35.00294297659878
      vertex 167 157.54661664927193 34.75707959615421
    endloop
  endfacet
  facet normal 0 -0.6593458151001031 0.7518398074789473
    outer loop
      vertex 175 157.76223304703365 35.00294297659878
      vertex 167 158.0080964274782 35.2185593743605
      vertex 167 157.76223304703365 35.00294297659878
    endloop
  endfacet
  facet normal 0 -0.5555702330195943 0.8314696123025507
    outer loop
      vertex 175 158.0080964274782 35.2185593743605
      vertex 167 158.28 35.40023953309351
      vertex 167 158.0080964274782 35.2185593743605
    endloop
  endfacet
  facet normal 0 -0.442288690219009 0.8968727415326844
    outer loop
      vertex 175 158.28 35.40023953309351
      vertex 167 158.57329141908727 35.54487485491063
      vertex 167 158.28 35.40023953309351
    endloop
  endfacet
  facet normal 0 -0.32143946530314765 0.9469301294951102
    outer loop
      vertex 175 158.57329141908727 35.54487485491063
      vertex 167 158.8829523872437 35.649990589355085
      vertex 167 158.57329141908727 35.54487485491063
    endloop
  endfacet
  facet normal 0 -0.19509032201613039 0.98078528040323
    outer loop
      vertex 175 158.8829523872437 35.649990589355085
      vertex 167 159.20368451944987 35.71378817706694
      vertex 167 158.8829523872437 35.649990589355085
    endloop
  endfacet
  facet normal 0 -0.0654031292301431 0.9978589232386035
    outer loop
      vertex 175 159.20368451944987 35.71378817706694
      vertex 167 159.53 35.73517602363241
      vertex 167 159.20368451944987 35.71378817706694
    endloop
  endfacet
  facet normal 0 0.0654031292301431 0.9978589232386035
    outer loop
      vertex 175 159.53 35.73517602363241
      vertex 167 159.85631548055014 35.71378817706694
      vertex 167 159.53 35.73517602363241
    endloop
  endfacet
  facet normal 0 0.5555702330195943 0.8314696123025507
    outer loop
      vertex 175 160.78 35.40023953309351
      vertex 167 161.0519035725218 35.2185593743605
      vertex 167 160.78 35.40023953309351
    endloop
  endfacet
  facet normal 0 0.6593458151001031 0.7518398074789473
    outer loop
      vertex 175 161.0519035725218 35.2185593743605
      vertex 167 161.29776695296636 35.00294297659878
      vertex 167 161.0519035725218 35.2185593743605
    endloop
  endfacet
  facet normal 0 0.32143946530314765 0.9469301294951102
    outer loop
      vertex 175 160.1770476127563 35.649990589355085
      vertex 167 160.48670858091273 35.54487485491063
      vertex 167 160.1770476127563 35.649990589355085
    endloop
  endfacet
  facet normal 0 0.19509032201613039 0.98078528040323
    outer loop
      vertex 175 159.85631548055014 35.71378817706694
      vertex 167 160.1770476127563 35.649990589355085
      vertex 167 159.85631548055014 35.71378817706694
    endloop
  endfacet
  facet normal 0 0.442288690219009 0.8968727415326844
    outer loop
      vertex 175 160.48670858091273 35.54487485491063
      vertex 167 160.78 35.40023953309351
      vertex 167 160.48670858091273 35.54487485491063
    endloop
  endfacet
  facet normal 0 -0.6593458151001031 0.7518398074789473
    outer loop
      vertex 175 157.76223304703365 35.00294297659878
      vertex 175 158.0080964274782 35.2185593743605
      vertex 167 158.0080964274782 35.2185593743605
    endloop
  endfacet
  facet normal 0 -0.5555702330195943 0.8314696123025507
    outer loop
      vertex 175 158.0080964274782 35.2185593743605
      vertex 175 158.28 35.40023953309351
      vertex 167 158.28 35.40023953309351
    endloop
  endfacet
  facet normal 0 -0.442288690219009 0.8968727415326844
    outer loop
      vertex 175 158.28 35.40023953309351
      vertex 175 158.57329141908727 35.54487485491063
      vertex 167 158.57329141908727 35.54487485491063
    endloop
  endfacet
  facet normal 0 -0.32143946530314765 0.9469301294951102
    outer loop
      vertex 175 158.57329141908727 35.54487485491063
      vertex 175 158.8829523872437 35.649990589355085
      vertex 167 158.8829523872437 35.649990589355085
    endloop
  endfacet
  facet normal 0 -0.19509032201613039 0.98078528040323
    outer loop
      vertex 175 158.8829523872437 35.649990589355085
      vertex 175 159.20368451944987 35.71378817706694
      vertex 167 159.20368451944987 35.71378817706694
    endloop
  endfacet
  facet normal 0 -0.0654031292301431 0.9978589232386035
    outer loop
      vertex 175 159.20368451944987 35.71378817706694
      vertex 175 159.53 35.73517602363241
      vertex 167 159.53 35.73517602363241
    endloop
  endfacet
  facet normal 0 0.5555702330195943 0.8314696123025507
    outer loop
      vertex 175 161.0519035725218 35.2185593743605
      vertex 167 161.0519035725218 35.2185593743605
      vertex 175 160.78 35.40023953309351
    endloop
  endfacet
  facet normal 0 0.442288690219009 0.8968727415326844
    outer loop
      vertex 175 160.78 35.40023953309351
      vertex 167 160.78 35.40023953309351
      vertex 175 160.48670858091273 35.54487485491063
    endloop
  endfacet
  facet normal 0 0.7518398074789757 0.6593458151000708
    outer loop
      vertex 175 161.51338335072808 34.75707959615421
      vertex 167 161.29776695296636 35.00294297659878
      vertex 175 161.29776695296636 35.00294297659878
    endloop
  endfacet
  facet normal 0 0.6593458151001031 0.7518398074789473
    outer loop
      vertex 175 161.29776695296636 35.00294297659878
      vertex 167 161.29776695296636 35.00294297659878
      vertex 175 161.0519035725218 35.2185593743605
    endloop
  endfacet
  facet normal 0 0.0654031292301431 0.9978589232386035
    outer loop
      vertex 175 159.53 35.73517602363241
      vertex 175 159.85631548055014 35.71378817706694
      vertex 167 159.85631548055014 35.71378817706694
    endloop
  endfacet
  facet normal 0 0.19509032201613039 0.98078528040323
    outer loop
      vertex 175 159.85631548055014 35.71378817706694
      vertex 175 160.1770476127563 35.649990589355085
      vertex 167 160.1770476127563 35.649990589355085
    endloop
  endfacet
  facet normal 0 0.32143946530314765 0.9469301294951102
    outer loop
      vertex 175 160.1770476127563 35.649990589355085
      vertex 175 160.48670858091273 35.54487485491063
      vertex 167 160.48670858091273 35.54487485491063
    endloop
  endfacet
endsolid OpenSCAD_Model
