solid OpenSCAD_Model
  facet normal 0 -1 0
    outer loop
      vertex 70.1 166.63 0.7000000000000002
      vertex 92 166.63 0.7000000000000002
      vertex 89.23 166.63 1.5399999999999996
    endloop
  endfacet
  facet normal 0 -1 0
    outer loop
      vertex 92 166.63 0.7000000000000002
      vertex 92 166.63 1.5399999999999996
      vertex 89.23 166.63 1.5399999999999996
    endloop
  endfacet
  facet normal 0 -1 0
    outer loop
      vertex 70.1 166.63 0.7000000000000002
      vertex 89.23 166.63 1.5399999999999996
      vertex 89.23 166.63 12.54
    endloop
  endfacet
  facet normal -1 0 0
    outer loop
      vertex 70.1 166.63 0.7000000000000002
      vertex 70.1 169.32999999999998 19.35
      vertex 70.1 169.32999999999998 0.7000000000000002
    endloop
  endfacet
  facet normal 0 1 0
    outer loop
      vertex 70.1 169.32999999999998 0.7000000000000002
      vertex 89.23 169.32999999999998 12.54
      vertex 89.23 169.32999999999998 1.5399999999999996
    endloop
  endfacet
  facet normal 0 -1 0
    outer loop
      vertex 109.23000000000002 166.63 2.5000000000000004
      vertex 129.25842142333985 166.63 5.625665415878569
      vertex 128.87354286469244 166.63 5.702222521132795
    endloop
  endfacet
  facet normal 0 -1 0
    outer loop
      vertex 109.23000000000002 166.63 2.5000000000000004
      vertex 128.87354286469244 166.63 5.702222521132795
      vertex 128.50194970290474 166.63 5.82836140246614
    endloop
  endfacet
  facet normal 0 -1 0
    outer loop
      vertex 109.23000000000002 166.63 2.5000000000000004
      vertex 128.50194970290474 166.63 5.82836140246614
      vertex 128.15 166.63 6.001923788646684
    endloop
  endfacet
  facet normal 0 0 -1
    outer loop
      vertex 70.1 166.63 0.7000000000000002
      vertex 70.1 169.32999999999998 0.7000000000000002
      vertex 209.9 169.32999999999998 0.7000000000000002
    endloop
  endfacet
  facet normal 0 1 0
    outer loop
      vertex 129.25842142333985 169.32999999999998 5.625665415878569
      vertex 109.23000000000002 169.32999999999998 1.5399999999999996
      vertex 128.87354286469244 169.32999999999998 5.702222521132795
    endloop
  endfacet
  facet normal 0 1 0
    outer loop
      vertex 128.87354286469244 169.32999999999998 5.702222521132795
      vertex 109.23000000000002 169.32999999999998 1.5399999999999996
      vertex 128.50194970290474 169.32999999999998 5.82836140246614
    endloop
  endfacet
  facet normal 0 1 0
    outer loop
      vertex 128.50194970290474 169.32999999999998 5.82836140246614
      vertex 109.23000000000002 169.32999999999998 1.5399999999999996
      vertex 128.15 169.32999999999998 6.001923788646684
    endloop
  endfacet
  facet normal 0 1 0
    outer loop
      vertex 128.15 169.32999999999998 6.001923788646684
      vertex 109.23000000000002 169.32999999999998 1.5399999999999996
      vertex 127.82371571297384 169.32999999999998 6.219939979126293
    endloop
  endfacet
  facet normal 0 1 0
    outer loop
      vertex 127.82371571297384 169.32999999999998 6.219939979126293
      vertex 109.23000000000002 169.32999999999998 1.5399999999999996
      vertex 127.52867965644037 169.32999999999998 6.478679656440358
    endloop
  endfacet
  facet normal 0 0 -1
    outer loop
      vertex 70.1 166.63 0.7000000000000002
      vertex 209.9 169.32999999999998 0.7000000000000002
      vertex 92 166.63 0.7000000000000002
    endloop
  endfacet
  facet normal 0 -1 0
    outer loop
      vertex 109.23000000000002 166.63 2.5000000000000004
      vertex 129.65 166.63 5.6
      vertex 129.25842142333985 166.63 5.625665415878569
    endloop
  endfacet
  facet normal 0 -1 0
    outer loop
      vertex 109.23000000000002 166.63 2.5000000000000004
      vertex 130.04157857666016 166.63 5.625665415878569
      vertex 129.65 166.63 5.6
    endloop
  endfacet
  facet normal 0 1 0
    outer loop
      vertex 70.1 169.32999999999998 0.7000000000000002
      vertex 89.23 169.32999999999998 1.5399999999999996
      vertex 209.9 169.32999999999998 0.7000000000000002
    endloop
  endfacet
  facet normal 0 1 0
    outer loop
      vertex 209.9 169.32999999999998 0.7000000000000002
      vertex 89.23 169.32999999999998 1.5399999999999996
      vertex 109.23000000000002 169.32999999999998 1.5399999999999996
    endloop
  endfacet
  facet normal 0 1 0
    outer loop
      vertex 129.65 169.32999999999998 5.6
      vertex 109.23000000000002 169.32999999999998 1.5399999999999996
      vertex 129.25842142333985 169.32999999999998 5.625665415878569
    endloop
  endfacet
  facet normal 0 -1 0
    outer loop
      vertex 109.23000000000002 166.63 2.5000000000000004
      vertex 114.4 166.63 8.634744111674234
      vertex 114.16072485618082 166.63 8.794622651359282
    endloop
  endfacet
  facet normal 0 -1 0
    outer loop
      vertex 109.23000000000002 166.63 2.5000000000000004
      vertex 115.21284237711589 166.63 8.358821304977615
      vertex 114.93059810077446 166.63 8.41496318216405
    endloop
  endfacet
  facet normal 0 -1 0
    outer loop
      vertex 109.23000000000002 166.63 2.5000000000000004
      vertex 114.93059810077446 166.63 8.41496318216405
      vertex 114.65809644879681 166.63 8.507465028475169
    endloop
  endfacet
  facet normal 0 -1 0
    outer loop
      vertex 109.23000000000002 166.63 2.5000000000000004
      vertex 115.5 166.63 8.339999999999998
      vertex 115.21284237711589 166.63 8.358821304977615
    endloop
  endfacet
  facet normal 0 -1 0
    outer loop
      vertex 109.23000000000002 166.63 2.5000000000000004
      vertex 115.78715762288411 166.63 8.358821304977615
      vertex 115.5 166.63 8.339999999999998
    endloop
  endfacet
  facet normal 0 -1 0
    outer loop
      vertex 109.23000000000002 166.63 2.5000000000000004
      vertex 114.65809644879681 166.63 8.507465028475169
      vertex 114.4 166.63 8.634744111674234
    endloop
  endfacet
  facet normal 0 -1 0
    outer loop
      vertex 109.23000000000002 166.63 2.5000000000000004
      vertex 114.16072485618082 166.63 8.794622651359282
      vertex 113.9443650813896 166.63 8.984365081389594
    endloop
  endfacet
  facet normal 0 -1 0
    outer loop
      vertex 109.23000000000002 166.63 2.5000000000000004
      vertex 113.9443650813896 166.63 8.984365081389594
      vertex 113.75462265135928 166.63 9.200724856180814
    endloop
  endfacet
  facet normal 0 -1 0
    outer loop
      vertex 109.23000000000002 166.63 2.5000000000000004
      vertex 113.75462265135928 166.63 9.200724856180814
      vertex 113.59474411167423 166.63 9.44
    endloop
  endfacet
  facet normal 0 -1 0
    outer loop
      vertex 113.59474411167423 166.63 9.44
      vertex 113.46746502847517 166.63 9.698096448796802
      vertex 109.23000000000002 166.63 2.5000000000000004
    endloop
  endfacet
  facet normal 0 -1 0
    outer loop
      vertex 109.23000000000002 166.63 2.5000000000000004
      vertex 128.15 166.63 6.001923788646684
      vertex 127.82371571297384 166.63 6.219939979126293
    endloop
  endfacet
  facet normal 0 -1 0
    outer loop
      vertex 109.23000000000002 166.63 2.5000000000000004
      vertex 127.82371571297384 166.63 6.219939979126293
      vertex 127.52867965644037 166.63 6.478679656440358
    endloop
  endfacet
  facet normal 0 -1 0
    outer loop
      vertex 109.23000000000002 166.63 2.5000000000000004
      vertex 127.52867965644037 166.63 6.478679656440358
      vertex 127.26993997912629 166.63 6.7737157129738375
    endloop
  endfacet
  facet normal 0 -1 0
    outer loop
      vertex 109.23000000000002 166.63 2.5000000000000004
      vertex 127.26993997912629 166.63 6.7737157129738375
      vertex 127.05192378864669 166.63 7.1
    endloop
  endfacet
  facet normal 0 -1 0
    outer loop
      vertex 109.23000000000002 166.63 2.5000000000000004
      vertex 127.05192378864669 166.63 7.1
      vertex 126.87836140246614 166.63 7.451949702904731
    endloop
  endfacet
  facet normal 0 -1 0
    outer loop
      vertex 126.75222252113281 166.63 7.8235428646924365
      vertex 109.23000000000002 166.63 2.5000000000000004
      vertex 126.87836140246614 166.63 7.451949702904731
    endloop
  endfacet
  facet normal 0 -1 0
    outer loop
      vertex 109.23000000000002 166.63 2.5000000000000004
      vertex 121.63 166.63 8.339999999999998
      vertex 115.78715762288411 166.63 8.358821304977615
    endloop
  endfacet
  facet normal 0 -1 0
    outer loop
      vertex 109.23000000000002 166.63 2.5000000000000004
      vertex 126.65 166.63 8.6
      vertex 121.63 166.63 8.339999999999998
    endloop
  endfacet
  facet normal 0 -1 0
    outer loop
      vertex 109.23000000000002 166.63 2.5000000000000004
      vertex 126.75222252113281 166.63 7.8235428646924365
      vertex 126.67566541587857 166.63 8.208421423339844
    endloop
  endfacet
  facet normal 0 -1 0
    outer loop
      vertex 109.23000000000002 166.63 2.5000000000000004
      vertex 126.67566541587857 166.63 8.208421423339844
      vertex 126.65 166.63 8.6
    endloop
  endfacet
  facet normal 0 -1 0
    outer loop
      vertex 113.46746502847517 166.63 9.698096448796802
      vertex 113.37496318216404 166.63 9.970598100774454
      vertex 109.23000000000002 166.63 2.5000000000000004
    endloop
  endfacet
  facet normal 0 -1 0
    outer loop
      vertex 113.37496318216404 166.63 9.970598100774454
      vertex 113.3188213049776 166.63 10.252842377115886
      vertex 109.23000000000002 166.63 2.5000000000000004
    endloop
  endfacet
  facet normal 0 -1 0
    outer loop
      vertex 113.3188213049776 166.63 10.252842377115886
      vertex 113.30000000000001 166.63 10.54
      vertex 109.23000000000002 166.63 2.5000000000000004
    endloop
  endfacet
  facet normal 0 -1 0
    outer loop
      vertex 113.30000000000001 166.63 10.54
      vertex 109.23000000000002 166.63 12.54
      vertex 109.23000000000002 166.63 2.5000000000000004
    endloop
  endfacet
  facet normal 0 -1 0
    outer loop
      vertex 115.78715762288411 166.63 8.358821304977615
      vertex 121.06059810077446 166.63 8.41496318216405
      vertex 116.06940189922554 166.63 8.41496318216405
    endloop
  endfacet
  facet normal 0 -1 0
    outer loop
      vertex 121.06059810077446 166.63 8.41496318216405
      vertex 115.78715762288411 166.63 8.358821304977615
      vertex 121.34284237711589 166.63 8.358821304977615
    endloop
  endfacet
  facet normal 0 -1 0
    outer loop
      vertex 121.34284237711589 166.63 8.358821304977615
      vertex 115.78715762288411 166.63 8.358821304977615
      vertex 121.63 166.63 8.339999999999998
    endloop
  endfacet
  facet normal 0 -1 0
    outer loop
      vertex 120.78809644879681 166.63 8.507465028475169
      vertex 116.06940189922554 166.63 8.41496318216405
      vertex 121.06059810077446 166.63 8.41496318216405
    endloop
  endfacet
  facet normal 0 -1 0
    outer loop
      vertex 116.06940189922554 166.63 8.41496318216405
      vertex 120.78809644879681 166.63 8.507465028475169
      vertex 116.34190355120319 166.63 8.507465028475169
    endloop
  endfacet
  facet normal 0 -1 0
    outer loop
      vertex 116.34190355120319 166.63 8.507465028475169
      vertex 120.53 166.63 8.634744111674234
      vertex 116.6 166.63 8.634744111674234
    endloop
  endfacet
  facet normal 0 -1 0
    outer loop
      vertex 116.6 166.63 8.634744111674234
      vertex 120.29072485618082 166.63 8.794622651359282
      vertex 116.83927514381918 166.63 8.794622651359282
    endloop
  endfacet
  facet normal 0 -1 0
    outer loop
      vertex 116.83927514381918 166.63 8.794622651359282
      vertex 120.0743650813896 166.63 8.984365081389594
      vertex 117.0556349186104 166.63 8.984365081389594
    endloop
  endfacet
  facet normal 0 -1 0
    outer loop
      vertex 117.24537734864072 166.63 9.200724856180814
      vertex 117.0556349186104 166.63 8.984365081389594
      vertex 119.88462265135928 166.63 9.200724856180814
    endloop
  endfacet
  facet normal 0 -1 0
    outer loop
      vertex 117.40525588832577 166.63 9.44
      vertex 117.24537734864072 166.63 9.200724856180814
      vertex 119.72474411167423 166.63 9.44
    endloop
  endfacet
  facet normal 0 -1 0
    outer loop
      vertex 120.53 166.63 8.634744111674234
      vertex 116.34190355120319 166.63 8.507465028475169
      vertex 120.78809644879681 166.63 8.507465028475169
    endloop
  endfacet
  facet normal 0 -1 0
    outer loop
      vertex 120.29072485618082 166.63 8.794622651359282
      vertex 116.6 166.63 8.634744111674234
      vertex 120.53 166.63 8.634744111674234
    endloop
  endfacet
  facet normal 0 -1 0
    outer loop
      vertex 120.0743650813896 166.63 8.984365081389594
      vertex 116.83927514381918 166.63 8.794622651359282
      vertex 120.29072485618082 166.63 8.794622651359282
    endloop
  endfacet
  facet normal 0 -1 0
    outer loop
      vertex 117.0556349186104 166.63 8.984365081389594
      vertex 120.0743650813896 166.63 8.984365081389594
      vertex 119.88462265135928 166.63 9.200724856180814
    endloop
  endfacet
  facet normal 0 -1 0
    outer loop
      vertex 119.88462265135928 166.63 9.200724856180814
      vertex 119.72474411167423 166.63 9.44
      vertex 117.24537734864072 166.63 9.200724856180814
    endloop
  endfacet
  facet normal 0 -1 0
    outer loop
      vertex 117.53253497152483 166.63 9.698096448796802
      vertex 117.40525588832577 166.63 9.44
      vertex 119.59746502847517 166.63 9.698096448796802
    endloop
  endfacet
  facet normal 0 -1 0
    outer loop
      vertex 119.72474411167423 166.63 9.44
      vertex 119.59746502847517 166.63 9.698096448796802
      vertex 117.40525588832577 166.63 9.44
    endloop
  endfacet
  facet normal 0 1 0
    outer loop
      vertex 114.4 169.32999999999998 8.634744111674234
      vertex 109.23000000000002 169.32999999999998 1.5399999999999996
      vertex 114.16072485618082 169.32999999999998 8.794622651359282
    endloop
  endfacet
  facet normal 0 1 0
    outer loop
      vertex 115.21284237711589 169.32999999999998 8.358821304977615
      vertex 109.23000000000002 169.32999999999998 1.5399999999999996
      vertex 114.93059810077446 169.32999999999998 8.41496318216405
    endloop
  endfacet
  facet normal 0 1 0
    outer loop
      vertex 114.93059810077446 169.32999999999998 8.41496318216405
      vertex 109.23000000000002 169.32999999999998 1.5399999999999996
      vertex 114.65809644879681 169.32999999999998 8.507465028475169
    endloop
  endfacet
  facet normal 0 1 0
    outer loop
      vertex 115.5 169.32999999999998 8.339999999999998
      vertex 109.23000000000002 169.32999999999998 1.5399999999999996
      vertex 115.21284237711589 169.32999999999998 8.358821304977615
    endloop
  endfacet
  facet normal 0 1 0
    outer loop
      vertex 115.78715762288411 169.32999999999998 8.358821304977615
      vertex 109.23000000000002 169.32999999999998 1.5399999999999996
      vertex 115.5 169.32999999999998 8.339999999999998
    endloop
  endfacet
  facet normal 0 1 0
    outer loop
      vertex 116.06940189922554 169.32999999999998 8.41496318216405
      vertex 109.23000000000002 169.32999999999998 1.5399999999999996
      vertex 115.78715762288411 169.32999999999998 8.358821304977615
    endloop
  endfacet
  facet normal 0 1 0
    outer loop
      vertex 114.65809644879681 169.32999999999998 8.507465028475169
      vertex 109.23000000000002 169.32999999999998 1.5399999999999996
      vertex 114.4 169.32999999999998 8.634744111674234
    endloop
  endfacet
  facet normal 0 1 0
    outer loop
      vertex 114.16072485618082 169.32999999999998 8.794622651359282
      vertex 109.23000000000002 169.32999999999998 1.5399999999999996
      vertex 113.9443650813896 169.32999999999998 8.984365081389594
    endloop
  endfacet
  facet normal 0 1 0
    outer loop
      vertex 113.75462265135928 169.32999999999998 9.200724856180814
      vertex 113.9443650813896 169.32999999999998 8.984365081389594
      vertex 109.23000000000002 169.32999999999998 1.5399999999999996
    endloop
  endfacet
  facet normal 0 1 0
    outer loop
      vertex 113.59474411167423 169.32999999999998 9.44
      vertex 113.75462265135928 169.32999999999998 9.200724856180814
      vertex 109.23000000000002 169.32999999999998 1.5399999999999996
    endloop
  endfacet
  facet normal 0 1 0
    outer loop
      vertex 113.46746502847517 169.32999999999998 9.698096448796802
      vertex 113.59474411167423 169.32999999999998 9.44
      vertex 109.23000000000002 169.32999999999998 1.5399999999999996
    endloop
  endfacet
  facet normal 0 1 0
    outer loop
      vertex 113.37496318216404 169.32999999999998 9.970598100774454
      vertex 113.46746502847517 169.32999999999998 9.698096448796802
      vertex 109.23000000000002 169.32999999999998 1.5399999999999996
    endloop
  endfacet
  facet normal 0 1 0
    outer loop
      vertex 113.3188213049776 169.32999999999998 10.252842377115886
      vertex 113.37496318216404 169.32999999999998 9.970598100774454
      vertex 109.23000000000002 169.32999999999998 1.5399999999999996
    endloop
  endfacet
  facet normal 0 1 0
    outer loop
      vertex 109.23000000000002 169.32999999999998 1.5399999999999996
      vertex 121.9171576228841 169.32999999999998 8.358821304977615
      vertex 127.52867965644037 169.32999999999998 6.478679656440358
    endloop
  endfacet
  facet normal 0 1 0
    outer loop
      vertex 116.34190355120319 169.32999999999998 8.507465028475169
      vertex 109.23000000000002 169.32999999999998 1.5399999999999996
      vertex 116.06940189922554 169.32999999999998 8.41496318216405
    endloop
  endfacet
  facet normal 0 1 0
    outer loop
      vertex 109.23000000000002 169.32999999999998 1.5399999999999996
      vertex 116.34190355120319 169.32999999999998 8.507465028475169
      vertex 120.78809644879681 169.32999999999998 8.507465028475169
    endloop
  endfacet
  facet normal 0 1 0
    outer loop
      vertex 121.06059810077446 169.32999999999998 8.41496318216405
      vertex 109.23000000000002 169.32999999999998 1.5399999999999996
      vertex 120.78809644879681 169.32999999999998 8.507465028475169
    endloop
  endfacet
  facet normal 0 1 0
    outer loop
      vertex 121.34284237711589 169.32999999999998 8.358821304977615
      vertex 109.23000000000002 169.32999999999998 1.5399999999999996
      vertex 121.06059810077446 169.32999999999998 8.41496318216405
    endloop
  endfacet
  facet normal 0 1 0
    outer loop
      vertex 121.63 169.32999999999998 8.339999999999998
      vertex 109.23000000000002 169.32999999999998 1.5399999999999996
      vertex 121.34284237711589 169.32999999999998 8.358821304977615
    endloop
  endfacet
  facet normal 0 1 0
    outer loop
      vertex 121.9171576228841 169.32999999999998 8.358821304977615
      vertex 109.23000000000002 169.32999999999998 1.5399999999999996
      vertex 121.63 169.32999999999998 8.339999999999998
    endloop
  endfacet
  facet normal 0 1 0
    outer loop
      vertex 113.30000000000001 169.32999999999998 10.54
      vertex 113.3188213049776 169.32999999999998 10.252842377115886
      vertex 109.23000000000002 169.32999999999998 1.5399999999999996
    endloop
  endfacet
  facet normal 0 1 0
    outer loop
      vertex 113.30000000000001 169.32999999999998 10.54
      vertex 109.23000000000002 169.32999999999998 1.5399999999999996
      vertex 109.23000000000002 169.32999999999998 12.54
    endloop
  endfacet
  facet normal 0 1 0
    outer loop
      vertex 116.6 169.32999999999998 8.634744111674234
      vertex 120.78809644879681 169.32999999999998 8.507465028475169
      vertex 116.34190355120319 169.32999999999998 8.507465028475169
    endloop
  endfacet
  facet normal 0 1 0
    outer loop
      vertex 116.83927514381918 169.32999999999998 8.794622651359282
      vertex 120.53 169.32999999999998 8.634744111674234
      vertex 116.6 169.32999999999998 8.634744111674234
    endloop
  endfacet
  facet normal 0 1 0
    outer loop
      vertex 117.0556349186104 169.32999999999998 8.984365081389594
      vertex 120.29072485618082 169.32999999999998 8.794622651359282
      vertex 116.83927514381918 169.32999999999998 8.794622651359282
    endloop
  endfacet
  facet normal 0 1 0
    outer loop
      vertex 117.0556349186104 169.32999999999998 8.984365081389594
      vertex 117.24537734864072 169.32999999999998 9.200724856180814
      vertex 120.0743650813896 169.32999999999998 8.984365081389594
    endloop
  endfacet
  facet normal 0 1 0
    outer loop
      vertex 120.53 169.32999999999998 8.634744111674234
      vertex 116.83927514381918 169.32999999999998 8.794622651359282
      vertex 120.29072485618082 169.32999999999998 8.794622651359282
    endloop
  endfacet
  facet normal 0 1 0
    outer loop
      vertex 120.78809644879681 169.32999999999998 8.507465028475169
      vertex 116.6 169.32999999999998 8.634744111674234
      vertex 120.53 169.32999999999998 8.634744111674234
    endloop
  endfacet
  facet normal 0 1 0
    outer loop
      vertex 117.0556349186104 169.32999999999998 8.984365081389594
      vertex 120.0743650813896 169.32999999999998 8.984365081389594
      vertex 120.29072485618082 169.32999999999998 8.794622651359282
    endloop
  endfacet
  facet normal 0 1 0
    outer loop
      vertex 119.88462265135928 169.32999999999998 9.200724856180814
      vertex 120.0743650813896 169.32999999999998 8.984365081389594
      vertex 117.24537734864072 169.32999999999998 9.200724856180814
    endloop
  endfacet
  facet normal 0 1 0
    outer loop
      vertex 117.24537734864072 169.32999999999998 9.200724856180814
      vertex 117.40525588832577 169.32999999999998 9.44
      vertex 119.88462265135928 169.32999999999998 9.200724856180814
    endloop
  endfacet
  facet normal 0 1 0
    outer loop
      vertex 119.72474411167423 169.32999999999998 9.44
      vertex 119.88462265135928 169.32999999999998 9.200724856180814
      vertex 117.40525588832577 169.32999999999998 9.44
    endloop
  endfacet
  facet normal 0 1 0
    outer loop
      vertex 117.40525588832577 169.32999999999998 9.44
      vertex 117.53253497152483 169.32999999999998 9.698096448796802
      vertex 119.72474411167423 169.32999999999998 9.44
    endloop
  endfacet
  facet normal 0 1 0
    outer loop
      vertex 119.59746502847517 169.32999999999998 9.698096448796802
      vertex 119.72474411167423 169.32999999999998 9.44
      vertex 117.53253497152483 169.32999999999998 9.698096448796802
    endloop
  endfacet
  facet normal 0 -1 0
    outer loop
      vertex 126.65 166.63 8.6
      vertex 121.9171576228841 166.63 8.358821304977615
      vertex 121.63 166.63 8.339999999999998
    endloop
  endfacet
  facet normal 0 -1 0
    outer loop
      vertex 126.65 166.63 8.6
      vertex 122.19940189922553 166.63 8.41496318216405
      vertex 121.9171576228841 166.63 8.358821304977615
    endloop
  endfacet
  facet normal 0 -1 0
    outer loop
      vertex 126.65 166.63 8.6
      vertex 122.47190355120318 166.63 8.507465028475169
      vertex 122.19940189922553 166.63 8.41496318216405
    endloop
  endfacet
  facet normal 0 -1 0
    outer loop
      vertex 126.65 166.63 8.6
      vertex 122.72999999999999 166.63 8.634744111674234
      vertex 122.47190355120318 166.63 8.507465028475169
    endloop
  endfacet
  facet normal 0 -1 0
    outer loop
      vertex 126.65 166.63 8.6
      vertex 122.96927514381917 166.63 8.794622651359282
      vertex 122.72999999999999 166.63 8.634744111674234
    endloop
  endfacet
  facet normal 0 -1 0
    outer loop
      vertex 126.65 166.63 8.6
      vertex 123.18563491861039 166.63 8.984365081389594
      vertex 122.96927514381917 166.63 8.794622651359282
    endloop
  endfacet
  facet normal 0 -1 0
    outer loop
      vertex 126.65 166.63 8.6
      vertex 123.37537734864071 166.63 9.200724856180814
      vertex 123.18563491861039 166.63 8.984365081389594
    endloop
  endfacet
  facet normal 0 -1 0
    outer loop
      vertex 126.65 166.63 8.6
      vertex 126.67566541587857 166.63 8.991578576660155
      vertex 123.53525588832576 166.63 9.44
    endloop
  endfacet
  facet normal 0 -1 0
    outer loop
      vertex 123.53525588832576 166.63 9.44
      vertex 123.37537734864071 166.63 9.200724856180814
      vertex 126.65 166.63 8.6
    endloop
  endfacet
  facet normal 0 -1 0
    outer loop
      vertex 123.66253497152482 166.63 9.698096448796802
      vertex 123.53525588832576 166.63 9.44
      vertex 126.67566541587857 166.63 8.991578576660155
    endloop
  endfacet
  facet normal 0 -1 0
    outer loop
      vertex 126.67566541587857 166.63 8.991578576660155
      vertex 123.75503681783596 166.63 9.970598100774454
      vertex 123.66253497152482 166.63 9.698096448796802
    endloop
  endfacet
  facet normal 0 -1 0
    outer loop
      vertex 126.67566541587857 166.63 8.991578576660155
      vertex 126.75222252113281 166.63 9.376457135307563
      vertex 123.75503681783596 166.63 9.970598100774454
    endloop
  endfacet
  facet normal 0 1 0
    outer loop
      vertex 127.26993997912629 169.32999999999998 6.7737157129738375
      vertex 127.52867965644037 169.32999999999998 6.478679656440358
      vertex 122.19940189922553 169.32999999999998 8.41496318216405
    endloop
  endfacet
  facet normal 0 1 0
    outer loop
      vertex 122.19940189922553 169.32999999999998 8.41496318216405
      vertex 127.52867965644037 169.32999999999998 6.478679656440358
      vertex 121.9171576228841 169.32999999999998 8.358821304977615
    endloop
  endfacet
  facet normal 0 1 0
    outer loop
      vertex 127.05192378864669 169.32999999999998 7.1
      vertex 127.26993997912629 169.32999999999998 6.7737157129738375
      vertex 122.47190355120318 169.32999999999998 8.507465028475169
    endloop
  endfacet
  facet normal 0 1 0
    outer loop
      vertex 126.87836140246614 169.32999999999998 7.451949702904731
      vertex 127.05192378864669 169.32999999999998 7.1
      vertex 122.72999999999999 169.32999999999998 8.634744111674234
    endloop
  endfacet
  facet normal 0 1 0
    outer loop
      vertex 127.26993997912629 169.32999999999998 6.7737157129738375
      vertex 122.19940189922553 169.32999999999998 8.41496318216405
      vertex 122.47190355120318 169.32999999999998 8.507465028475169
    endloop
  endfacet
  facet normal 0 1 0
    outer loop
      vertex 127.05192378864669 169.32999999999998 7.1
      vertex 122.47190355120318 169.32999999999998 8.507465028475169
      vertex 122.72999999999999 169.32999999999998 8.634744111674234
    endloop
  endfacet
  facet normal 0 1 0
    outer loop
      vertex 126.87836140246614 169.32999999999998 7.451949702904731
      vertex 122.72999999999999 169.32999999999998 8.634744111674234
      vertex 122.96927514381917 169.32999999999998 8.794622651359282
    endloop
  endfacet
  facet normal 0 1 0
    outer loop
      vertex 126.75222252113281 169.32999999999998 7.8235428646924365
      vertex 126.87836140246614 169.32999999999998 7.451949702904731
      vertex 122.96927514381917 169.32999999999998 8.794622651359282
    endloop
  endfacet
  facet normal 0 1 0
    outer loop
      vertex 126.67566541587857 169.32999999999998 8.208421423339844
      vertex 126.75222252113281 169.32999999999998 7.8235428646924365
      vertex 123.37537734864071 169.32999999999998 9.200724856180814
    endloop
  endfacet
  facet normal 0 1 0
    outer loop
      vertex 126.75222252113281 169.32999999999998 7.8235428646924365
      vertex 122.96927514381917 169.32999999999998 8.794622651359282
      vertex 123.18563491861039 169.32999999999998 8.984365081389594
    endloop
  endfacet
  facet normal 0 1 0
    outer loop
      vertex 126.75222252113281 169.32999999999998 7.8235428646924365
      vertex 123.18563491861039 169.32999999999998 8.984365081389594
      vertex 123.37537734864071 169.32999999999998 9.200724856180814
    endloop
  endfacet
  facet normal 0 1 0
    outer loop
      vertex 126.67566541587857 169.32999999999998 8.208421423339844
      vertex 123.37537734864071 169.32999999999998 9.200724856180814
      vertex 123.53525588832576 169.32999999999998 9.44
    endloop
  endfacet
  facet normal 0 1 0
    outer loop
      vertex 126.65 169.32999999999998 8.6
      vertex 126.67566541587857 169.32999999999998 8.208421423339844
      vertex 123.53525588832576 169.32999999999998 9.44
    endloop
  endfacet
  facet normal 0 1 0
    outer loop
      vertex 126.65 169.32999999999998 8.6
      vertex 123.53525588832576 169.32999999999998 9.44
      vertex 123.66253497152482 169.32999999999998 9.698096448796802
    endloop
  endfacet
  facet normal 0 1 0
    outer loop
      vertex 126.67566541587857 169.32999999999998 8.991578576660155
      vertex 123.66253497152482 169.32999999999998 9.698096448796802
      vertex 123.75503681783596 169.32999999999998 9.970598100774454
    endloop
  endfacet
  facet normal 0 1 0
    outer loop
      vertex 126.67566541587857 169.32999999999998 8.991578576660155
      vertex 126.65 169.32999999999998 8.6
      vertex 123.66253497152482 169.32999999999998 9.698096448796802
    endloop
  endfacet
  facet normal 0 1 0
    outer loop
      vertex 126.75222252113281 169.32999999999998 9.376457135307563
      vertex 126.67566541587857 169.32999999999998 8.991578576660155
      vertex 123.75503681783596 169.32999999999998 9.970598100774454
    endloop
  endfacet
  facet normal 0 -1 0
    outer loop
      vertex 70.1 166.63 0.7000000000000002
      vertex 89.23 166.63 12.54
      vertex 70.1 166.63 19.35
    endloop
  endfacet
  facet normal -1 0 0
    outer loop
      vertex 70.1 166.63 0.7000000000000002
      vertex 70.1 166.63 19.35
      vertex 70.1 169.32999999999998 19.35
    endloop
  endfacet
  facet normal 0 1 0
    outer loop
      vertex 70.1 169.32999999999998 0.7000000000000002
      vertex 70.1 169.32999999999998 19.35
      vertex 89.23 169.32999999999998 12.54
    endloop
  endfacet
  facet normal 0 1 0
    outer loop
      vertex 70.1 169.32999999999998 19.35
      vertex 109.23000000000002 169.32999999999998 12.54
      vertex 89.23 169.32999999999998 12.54
    endloop
  endfacet
  facet normal 0 1 0
    outer loop
      vertex 70.1 169.32999999999998 19.35
      vertex 115.5 169.32999999999998 12.74
      vertex 109.23000000000002 169.32999999999998 12.54
    endloop
  endfacet
  facet normal 0 1 0
    outer loop
      vertex 70.1 169.32999999999998 19.35
      vertex 120.78809644879681 169.32999999999998 12.57253497152483
      vertex 115.5 169.32999999999998 12.74
    endloop
  endfacet
  facet normal 0 1 0
    outer loop
      vertex 70.1 169.32999999999998 19.35
      vertex 121.06059810077446 169.32999999999998 12.665036817835949
      vertex 120.78809644879681 169.32999999999998 12.57253497152483
    endloop
  endfacet
  facet normal 0 1 0
    outer loop
      vertex 70.1 169.32999999999998 19.35
      vertex 121.34284237711589 169.32999999999998 12.721178695022383
      vertex 121.06059810077446 169.32999999999998 12.665036817835949
    endloop
  endfacet
  facet normal 0 -1 0
    outer loop
      vertex 113.30000000000001 166.63 10.54
      vertex 113.3188213049776 166.63 10.827157622884112
      vertex 109.23000000000002 166.63 12.54
    endloop
  endfacet
  facet normal 0 -1 0
    outer loop
      vertex 113.3188213049776 166.63 10.827157622884112
      vertex 113.37496318216404 166.63 11.109401899225544
      vertex 109.23000000000002 166.63 12.54
    endloop
  endfacet
  facet normal 0 -1 0
    outer loop
      vertex 113.37496318216404 166.63 11.109401899225544
      vertex 113.46746502847517 166.63 11.381903551203196
      vertex 109.23000000000002 166.63 12.54
    endloop
  endfacet
  facet normal 0 -1 0
    outer loop
      vertex 113.46746502847517 166.63 11.381903551203196
      vertex 113.59474411167423 166.63 11.639999999999999
      vertex 109.23000000000002 166.63 12.54
    endloop
  endfacet
  facet normal 0 -1 0
    outer loop
      vertex 113.59474411167423 166.63 11.639999999999999
      vertex 113.75462265135928 166.63 11.879275143819184
      vertex 109.23000000000002 166.63 12.54
    endloop
  endfacet
  facet normal 0 -1 0
    outer loop
      vertex 119.59746502847517 166.63 9.698096448796802
      vertex 119.50496318216403 166.63 9.970598100774454
      vertex 117.53253497152483 166.63 9.698096448796802
    endloop
  endfacet
  facet normal 0 -1 0
    outer loop
      vertex 117.62503681783596 166.63 9.970598100774454
      vertex 117.53253497152483 166.63 9.698096448796802
      vertex 119.50496318216403 166.63 9.970598100774454
    endloop
  endfacet
  facet normal 0 -1 0
    outer loop
      vertex 119.50496318216403 166.63 9.970598100774454
      vertex 119.4488213049776 166.63 10.252842377115886
      vertex 117.62503681783596 166.63 9.970598100774454
    endloop
  endfacet
  facet normal 0 -1 0
    outer loop
      vertex 117.6811786950224 166.63 10.252842377115886
      vertex 117.62503681783596 166.63 9.970598100774454
      vertex 119.4488213049776 166.63 10.252842377115886
    endloop
  endfacet
  facet normal 0 -1 0
    outer loop
      vertex 119.4488213049776 166.63 10.252842377115886
      vertex 119.43 166.63 10.54
      vertex 117.6811786950224 166.63 10.252842377115886
    endloop
  endfacet
  facet normal 0 -1 0
    outer loop
      vertex 117.69999999999999 166.63 10.54
      vertex 117.6811786950224 166.63 10.252842377115886
      vertex 119.43 166.63 10.54
    endloop
  endfacet
  facet normal 0 -1 0
    outer loop
      vertex 117.6811786950224 166.63 10.827157622884112
      vertex 117.69999999999999 166.63 10.54
      vertex 119.4488213049776 166.63 10.827157622884112
    endloop
  endfacet
  facet normal 0 -1 0
    outer loop
      vertex 119.43 166.63 10.54
      vertex 119.4488213049776 166.63 10.827157622884112
      vertex 117.69999999999999 166.63 10.54
    endloop
  endfacet
  facet normal 0 -1 0
    outer loop
      vertex 117.24537734864072 166.63 11.879275143819184
      vertex 120.0743650813896 166.63 12.095634918610404
      vertex 117.0556349186104 166.63 12.095634918610404
    endloop
  endfacet
  facet normal 0 -1 0
    outer loop
      vertex 117.62503681783596 166.63 11.109401899225544
      vertex 117.6811786950224 166.63 10.827157622884112
      vertex 119.50496318216403 166.63 11.109401899225544
    endloop
  endfacet
  facet normal 0 -1 0
    outer loop
      vertex 117.6811786950224 166.63 10.827157622884112
      vertex 119.4488213049776 166.63 10.827157622884112
      vertex 119.50496318216403 166.63 11.109401899225544
    endloop
  endfacet
  facet normal 0 -1 0
    outer loop
      vertex 117.53253497152483 166.63 11.381903551203196
      vertex 117.62503681783596 166.63 11.109401899225544
      vertex 119.59746502847517 166.63 11.381903551203196
    endloop
  endfacet
  facet normal 0 -1 0
    outer loop
      vertex 119.50496318216403 166.63 11.109401899225544
      vertex 119.59746502847517 166.63 11.381903551203196
      vertex 117.62503681783596 166.63 11.109401899225544
    endloop
  endfacet
  facet normal 0 -1 0
    outer loop
      vertex 117.53253497152483 166.63 11.381903551203196
      vertex 119.59746502847517 166.63 11.381903551203196
      vertex 119.72474411167423 166.63 11.639999999999999
    endloop
  endfacet
  facet normal 0 -1 0
    outer loop
      vertex 117.40525588832577 166.63 11.639999999999999
      vertex 117.53253497152483 166.63 11.381903551203196
      vertex 119.72474411167423 166.63 11.639999999999999
    endloop
  endfacet
  facet normal 0 -1 0
    outer loop
      vertex 117.40525588832577 166.63 11.639999999999999
      vertex 119.72474411167423 166.63 11.639999999999999
      vertex 119.88462265135928 166.63 11.879275143819184
    endloop
  endfacet
  facet normal 0 -1 0
    outer loop
      vertex 117.24537734864072 166.63 11.879275143819184
      vertex 117.40525588832577 166.63 11.639999999999999
      vertex 119.88462265135928 166.63 11.879275143819184
    endloop
  endfacet
  facet normal 0 -1 0
    outer loop
      vertex 119.88462265135928 166.63 11.879275143819184
      vertex 120.0743650813896 166.63 12.095634918610404
      vertex 117.24537734864072 166.63 11.879275143819184
    endloop
  endfacet
  facet normal 0 -1 0
    outer loop
      vertex 113.75462265135928 166.63 11.879275143819184
      vertex 113.9443650813896 166.63 12.095634918610404
      vertex 109.23000000000002 166.63 12.54
    endloop
  endfacet
  facet normal 0 -1 0
    outer loop
      vertex 113.9443650813896 166.63 12.095634918610404
      vertex 114.16072485618082 166.63 12.285377348640717
      vertex 109.23000000000002 166.63 12.54
    endloop
  endfacet
  facet normal 0 -1 0
    outer loop
      vertex 114.4 166.63 12.445255888325764
      vertex 109.23000000000002 166.63 12.54
      vertex 114.16072485618082 166.63 12.285377348640717
    endloop
  endfacet
  facet normal 0 -1 0
    outer loop
      vertex 114.65809644879681 166.63 12.57253497152483
      vertex 109.23000000000002 166.63 12.54
      vertex 114.4 166.63 12.445255888325764
    endloop
  endfacet
  facet normal 0 -1 0
    outer loop
      vertex 114.93059810077446 166.63 12.665036817835949
      vertex 109.23000000000002 166.63 12.54
      vertex 114.65809644879681 166.63 12.57253497152483
    endloop
  endfacet
  facet normal 0 -1 0
    outer loop
      vertex 115.21284237711589 166.63 12.721178695022383
      vertex 109.23000000000002 166.63 12.54
      vertex 114.93059810077446 166.63 12.665036817835949
    endloop
  endfacet
  facet normal 0 -1 0
    outer loop
      vertex 117.0556349186104 166.63 12.095634918610404
      vertex 120.29072485618082 166.63 12.285377348640717
      vertex 116.83927514381918 166.63 12.285377348640717
    endloop
  endfacet
  facet normal 0 -1 0
    outer loop
      vertex 116.83927514381918 166.63 12.285377348640717
      vertex 120.53 166.63 12.445255888325764
      vertex 116.6 166.63 12.445255888325764
    endloop
  endfacet
  facet normal 0 -1 0
    outer loop
      vertex 116.6 166.63 12.445255888325764
      vertex 120.78809644879681 166.63 12.57253497152483
      vertex 116.34190355120319 166.63 12.57253497152483
    endloop
  endfacet
  facet normal 0 -1 0
    outer loop
      vertex 116.34190355120319 166.63 12.57253497152483
      vertex 121.06059810077446 166.63 12.665036817835949
      vertex 116.06940189922554 166.63 12.665036817835949
    endloop
  endfacet
  facet normal 0 -1 0
    outer loop
      vertex 116.06940189922554 166.63 12.665036817835949
      vertex 121.34284237711589 166.63 12.721178695022383
      vertex 115.78715762288411 166.63 12.721178695022383
    endloop
  endfacet
  facet normal 0 -1 0
    outer loop
      vertex 120.0743650813896 166.63 12.095634918610404
      vertex 120.29072485618082 166.63 12.285377348640717
      vertex 117.0556349186104 166.63 12.095634918610404
    endloop
  endfacet
  facet normal 0 -1 0
    outer loop
      vertex 120.53 166.63 12.445255888325764
      vertex 116.83927514381918 166.63 12.285377348640717
      vertex 120.29072485618082 166.63 12.285377348640717
    endloop
  endfacet
  facet normal 0 -1 0
    outer loop
      vertex 120.78809644879681 166.63 12.57253497152483
      vertex 116.6 166.63 12.445255888325764
      vertex 120.53 166.63 12.445255888325764
    endloop
  endfacet
  facet normal 0 -1 0
    outer loop
      vertex 121.06059810077446 166.63 12.665036817835949
      vertex 116.34190355120319 166.63 12.57253497152483
      vertex 120.78809644879681 166.63 12.57253497152483
    endloop
  endfacet
  facet normal 0 -1 0
    outer loop
      vertex 116.06940189922554 166.63 12.665036817835949
      vertex 121.06059810077446 166.63 12.665036817835949
      vertex 121.34284237711589 166.63 12.721178695022383
    endloop
  endfacet
  facet normal 0 1 0
    outer loop
      vertex 113.3188213049776 169.32999999999998 10.827157622884112
      vertex 113.30000000000001 169.32999999999998 10.54
      vertex 109.23000000000002 169.32999999999998 12.54
    endloop
  endfacet
  facet normal 0 1 0
    outer loop
      vertex 113.37496318216404 169.32999999999998 11.109401899225544
      vertex 113.3188213049776 169.32999999999998 10.827157622884112
      vertex 109.23000000000002 169.32999999999998 12.54
    endloop
  endfacet
  facet normal 0 1 0
    outer loop
      vertex 113.46746502847517 169.32999999999998 11.381903551203196
      vertex 113.37496318216404 169.32999999999998 11.109401899225544
      vertex 109.23000000000002 169.32999999999998 12.54
    endloop
  endfacet
  facet normal 0 1 0
    outer loop
      vertex 113.59474411167423 169.32999999999998 11.639999999999999
      vertex 113.46746502847517 169.32999999999998 11.381903551203196
      vertex 109.23000000000002 169.32999999999998 12.54
    endloop
  endfacet
  facet normal 0 1 0
    outer loop
      vertex 113.75462265135928 169.32999999999998 11.879275143819184
      vertex 113.59474411167423 169.32999999999998 11.639999999999999
      vertex 109.23000000000002 169.32999999999998 12.54
    endloop
  endfacet
  facet normal 0 1 0
    outer loop
      vertex 117.53253497152483 169.32999999999998 9.698096448796802
      vertex 117.62503681783596 169.32999999999998 9.970598100774454
      vertex 119.59746502847517 169.32999999999998 9.698096448796802
    endloop
  endfacet
  facet normal 0 1 0
    outer loop
      vertex 119.50496318216403 169.32999999999998 9.970598100774454
      vertex 119.59746502847517 169.32999999999998 9.698096448796802
      vertex 117.62503681783596 169.32999999999998 9.970598100774454
    endloop
  endfacet
  facet normal 0 1 0
    outer loop
      vertex 117.62503681783596 169.32999999999998 9.970598100774454
      vertex 117.6811786950224 169.32999999999998 10.252842377115886
      vertex 119.50496318216403 169.32999999999998 9.970598100774454
    endloop
  endfacet
  facet normal 0 1 0
    outer loop
      vertex 119.4488213049776 169.32999999999998 10.252842377115886
      vertex 119.50496318216403 169.32999999999998 9.970598100774454
      vertex 117.6811786950224 169.32999999999998 10.252842377115886
    endloop
  endfacet
  facet normal 0 1 0
    outer loop
      vertex 119.4488213049776 169.32999999999998 10.252842377115886
      vertex 117.6811786950224 169.32999999999998 10.252842377115886
      vertex 117.69999999999999 169.32999999999998 10.54
    endloop
  endfacet
  facet normal 0 1 0
    outer loop
      vertex 119.43 169.32999999999998 10.54
      vertex 119.4488213049776 169.32999999999998 10.252842377115886
      vertex 117.69999999999999 169.32999999999998 10.54
    endloop
  endfacet
  facet normal 0 1 0
    outer loop
      vertex 119.43 169.32999999999998 10.54
      vertex 117.69999999999999 169.32999999999998 10.54
      vertex 117.6811786950224 169.32999999999998 10.827157622884112
    endloop
  endfacet
  facet normal 0 1 0
    outer loop
      vertex 117.6811786950224 169.32999999999998 10.827157622884112
      vertex 119.4488213049776 169.32999999999998 10.827157622884112
      vertex 119.43 169.32999999999998 10.54
    endloop
  endfacet
  facet normal 0 1 0
    outer loop
      vertex 117.40525588832577 169.32999999999998 11.639999999999999
      vertex 117.24537734864072 169.32999999999998 11.879275143819184
      vertex 119.72474411167423 169.32999999999998 11.639999999999999
    endloop
  endfacet
  facet normal 0 1 0
    outer loop
      vertex 119.88462265135928 169.32999999999998 11.879275143819184
      vertex 117.24537734864072 169.32999999999998 11.879275143819184
      vertex 117.0556349186104 169.32999999999998 12.095634918610404
    endloop
  endfacet
  facet normal 0 1 0
    outer loop
      vertex 117.6811786950224 169.32999999999998 10.827157622884112
      vertex 117.62503681783596 169.32999999999998 11.109401899225544
      vertex 119.4488213049776 169.32999999999998 10.827157622884112
    endloop
  endfacet
  facet normal 0 1 0
    outer loop
      vertex 119.50496318216403 169.32999999999998 11.109401899225544
      vertex 119.4488213049776 169.32999999999998 10.827157622884112
      vertex 117.62503681783596 169.32999999999998 11.109401899225544
    endloop
  endfacet
  facet normal 0 1 0
    outer loop
      vertex 119.50496318216403 169.32999999999998 11.109401899225544
      vertex 117.62503681783596 169.32999999999998 11.109401899225544
      vertex 117.53253497152483 169.32999999999998 11.381903551203196
    endloop
  endfacet
  facet normal 0 1 0
    outer loop
      vertex 117.53253497152483 169.32999999999998 11.381903551203196
      vertex 119.59746502847517 169.32999999999998 11.381903551203196
      vertex 119.50496318216403 169.32999999999998 11.109401899225544
    endloop
  endfacet
  facet normal 0 1 0
    outer loop
      vertex 117.53253497152483 169.32999999999998 11.381903551203196
      vertex 117.40525588832577 169.32999999999998 11.639999999999999
      vertex 119.59746502847517 169.32999999999998 11.381903551203196
    endloop
  endfacet
  facet normal 0 1 0
    outer loop
      vertex 117.40525588832577 169.32999999999998 11.639999999999999
      vertex 119.72474411167423 169.32999999999998 11.639999999999999
      vertex 119.59746502847517 169.32999999999998 11.381903551203196
    endloop
  endfacet
  facet normal 0 1 0
    outer loop
      vertex 119.88462265135928 169.32999999999998 11.879275143819184
      vertex 119.72474411167423 169.32999999999998 11.639999999999999
      vertex 117.24537734864072 169.32999999999998 11.879275143819184
    endloop
  endfacet
  facet normal 0 1 0
    outer loop
      vertex 120.0743650813896 169.32999999999998 12.095634918610404
      vertex 119.88462265135928 169.32999999999998 11.879275143819184
      vertex 117.0556349186104 169.32999999999998 12.095634918610404
    endloop
  endfacet
  facet normal 0 1 0
    outer loop
      vertex 113.9443650813896 169.32999999999998 12.095634918610404
      vertex 113.75462265135928 169.32999999999998 11.879275143819184
      vertex 109.23000000000002 169.32999999999998 12.54
    endloop
  endfacet
  facet normal 0 1 0
    outer loop
      vertex 113.9443650813896 169.32999999999998 12.095634918610404
      vertex 109.23000000000002 169.32999999999998 12.54
      vertex 114.16072485618082 169.32999999999998 12.285377348640717
    endloop
  endfacet
  facet normal 0 1 0
    outer loop
      vertex 114.16072485618082 169.32999999999998 12.285377348640717
      vertex 109.23000000000002 169.32999999999998 12.54
      vertex 114.4 169.32999999999998 12.445255888325764
    endloop
  endfacet
  facet normal 0 1 0
    outer loop
      vertex 114.4 169.32999999999998 12.445255888325764
      vertex 109.23000000000002 169.32999999999998 12.54
      vertex 114.65809644879681 169.32999999999998 12.57253497152483
    endloop
  endfacet
  facet normal 0 1 0
    outer loop
      vertex 114.65809644879681 169.32999999999998 12.57253497152483
      vertex 109.23000000000002 169.32999999999998 12.54
      vertex 114.93059810077446 169.32999999999998 12.665036817835949
    endloop
  endfacet
  facet normal 0 1 0
    outer loop
      vertex 114.93059810077446 169.32999999999998 12.665036817835949
      vertex 109.23000000000002 169.32999999999998 12.54
      vertex 115.21284237711589 169.32999999999998 12.721178695022383
    endloop
  endfacet
  facet normal 0 1 0
    outer loop
      vertex 115.21284237711589 169.32999999999998 12.721178695022383
      vertex 109.23000000000002 169.32999999999998 12.54
      vertex 115.5 169.32999999999998 12.74
    endloop
  endfacet
  facet normal 0 1 0
    outer loop
      vertex 116.83927514381918 169.32999999999998 12.285377348640717
      vertex 120.0743650813896 169.32999999999998 12.095634918610404
      vertex 117.0556349186104 169.32999999999998 12.095634918610404
    endloop
  endfacet
  facet normal 0 1 0
    outer loop
      vertex 116.6 169.32999999999998 12.445255888325764
      vertex 120.29072485618082 169.32999999999998 12.285377348640717
      vertex 116.83927514381918 169.32999999999998 12.285377348640717
    endloop
  endfacet
  facet normal 0 1 0
    outer loop
      vertex 116.34190355120319 169.32999999999998 12.57253497152483
      vertex 120.53 169.32999999999998 12.445255888325764
      vertex 116.6 169.32999999999998 12.445255888325764
    endloop
  endfacet
  facet normal 0 1 0
    outer loop
      vertex 120.78809644879681 169.32999999999998 12.57253497152483
      vertex 116.06940189922554 169.32999999999998 12.665036817835949
      vertex 115.78715762288411 169.32999999999998 12.721178695022383
    endloop
  endfacet
  facet normal 0 1 0
    outer loop
      vertex 120.78809644879681 169.32999999999998 12.57253497152483
      vertex 115.78715762288411 169.32999999999998 12.721178695022383
      vertex 115.5 169.32999999999998 12.74
    endloop
  endfacet
  facet normal 0 1 0
    outer loop
      vertex 120.78809644879681 169.32999999999998 12.57253497152483
      vertex 116.34190355120319 169.32999999999998 12.57253497152483
      vertex 116.06940189922554 169.32999999999998 12.665036817835949
    endloop
  endfacet
  facet normal 0 1 0
    outer loop
      vertex 116.83927514381918 169.32999999999998 12.285377348640717
      vertex 120.29072485618082 169.32999999999998 12.285377348640717
      vertex 120.0743650813896 169.32999999999998 12.095634918610404
    endloop
  endfacet
  facet normal 0 1 0
    outer loop
      vertex 116.6 169.32999999999998 12.445255888325764
      vertex 120.53 169.32999999999998 12.445255888325764
      vertex 120.29072485618082 169.32999999999998 12.285377348640717
    endloop
  endfacet
  facet normal 0 1 0
    outer loop
      vertex 116.34190355120319 169.32999999999998 12.57253497152483
      vertex 120.78809644879681 169.32999999999998 12.57253497152483
      vertex 120.53 169.32999999999998 12.445255888325764
    endloop
  endfacet
  facet normal 0 -1 0
    outer loop
      vertex 126.75222252113281 166.63 9.376457135307563
      vertex 123.81117869502239 166.63 10.252842377115886
      vertex 123.75503681783596 166.63 9.970598100774454
    endloop
  endfacet
  facet normal 0 -1 0
    outer loop
      vertex 126.75222252113281 166.63 9.376457135307563
      vertex 126.87836140246614 166.63 9.748050297095268
      vertex 123.81117869502239 166.63 10.252842377115886
    endloop
  endfacet
  facet normal 0 -1 0
    outer loop
      vertex 126.87836140246614 166.63 9.748050297095268
      vertex 123.82999999999998 166.63 10.54
      vertex 123.81117869502239 166.63 10.252842377115886
    endloop
  endfacet
  facet normal 0 -1 0
    outer loop
      vertex 126.87836140246614 166.63 9.748050297095268
      vertex 127.05192378864669 166.63 10.1
      vertex 123.82999999999998 166.63 10.54
    endloop
  endfacet
  facet normal 0 -1 0
    outer loop
      vertex 127.05192378864669 166.63 10.1
      vertex 123.81117869502239 166.63 10.827157622884112
      vertex 123.82999999999998 166.63 10.54
    endloop
  endfacet
  facet normal 0 -1 0
    outer loop
      vertex 127.05192378864669 166.63 10.1
      vertex 127.26993997912629 166.63 10.426284287026162
      vertex 123.81117869502239 166.63 10.827157622884112
    endloop
  endfacet
  facet normal 0 -1 0
    outer loop
      vertex 123.75503681783596 166.63 11.109401899225544
      vertex 123.81117869502239 166.63 10.827157622884112
      vertex 127.26993997912629 166.63 10.426284287026162
    endloop
  endfacet
  facet normal 0 -1 0
    outer loop
      vertex 127.26993997912629 166.63 10.426284287026162
      vertex 127.52867965644037 166.63 10.721320343559642
      vertex 123.75503681783596 166.63 11.109401899225544
    endloop
  endfacet
  facet normal 0 -1 0
    outer loop
      vertex 123.66253497152482 166.63 11.381903551203196
      vertex 123.75503681783596 166.63 11.109401899225544
      vertex 127.52867965644037 166.63 10.721320343559642
    endloop
  endfacet
  facet normal 0 -1 0
    outer loop
      vertex 127.52867965644037 166.63 10.721320343559642
      vertex 127.82371571297384 166.63 10.980060020873706
      vertex 123.53525588832576 166.63 11.639999999999999
    endloop
  endfacet
  facet normal 0 -1 0
    outer loop
      vertex 127.52867965644037 166.63 10.721320343559642
      vertex 123.53525588832576 166.63 11.639999999999999
      vertex 123.66253497152482 166.63 11.381903551203196
    endloop
  endfacet
  facet normal 0 -1 0
    outer loop
      vertex 128.15 166.63 11.198076211353316
      vertex 123.37537734864071 166.63 11.879275143819184
      vertex 127.82371571297384 166.63 10.980060020873706
    endloop
  endfacet
  facet normal 0 -1 0
    outer loop
      vertex 123.37537734864071 166.63 11.879275143819184
      vertex 123.53525588832576 166.63 11.639999999999999
      vertex 127.82371571297384 166.63 10.980060020873706
    endloop
  endfacet
  facet normal 0 -1 0
    outer loop
      vertex 128.15 166.63 11.198076211353316
      vertex 123.18563491861039 166.63 12.095634918610404
      vertex 123.37537734864071 166.63 11.879275143819184
    endloop
  endfacet
  facet normal 0 -1 0
    outer loop
      vertex 128.50194970290474 166.63 11.37163859753386
      vertex 123.18563491861039 166.63 12.095634918610404
      vertex 128.15 166.63 11.198076211353316
    endloop
  endfacet
  facet normal 0 -1 0
    outer loop
      vertex 128.87354286469244 166.63 11.497777478867205
      vertex 122.96927514381917 166.63 12.285377348640717
      vertex 128.50194970290474 166.63 11.37163859753386
    endloop
  endfacet
  facet normal 0 -1 0
    outer loop
      vertex 123.18563491861039 166.63 12.095634918610404
      vertex 128.50194970290474 166.63 11.37163859753386
      vertex 122.96927514381917 166.63 12.285377348640717
    endloop
  endfacet
  facet normal 0 -1 0
    outer loop
      vertex 122.96927514381917 166.63 12.285377348640717
      vertex 128.87354286469244 166.63 11.497777478867205
      vertex 122.72999999999999 166.63 12.445255888325764
    endloop
  endfacet
  facet normal 0 -1 0
    outer loop
      vertex 129.25842142333985 166.63 11.57433458412143
      vertex 122.72999999999999 166.63 12.445255888325764
      vertex 128.87354286469244 166.63 11.497777478867205
    endloop
  endfacet
  facet normal 0 -1 0
    outer loop
      vertex 129.65 166.63 11.6
      vertex 122.47190355120318 166.63 12.57253497152483
      vertex 129.25842142333985 166.63 11.57433458412143
    endloop
  endfacet
  facet normal 0 -1 0
    outer loop
      vertex 130.04157857666016 166.63 11.57433458412143
      vertex 122.19940189922553 166.63 12.665036817835949
      vertex 129.65 166.63 11.6
    endloop
  endfacet
  facet normal 0 -1 0
    outer loop
      vertex 122.72999999999999 166.63 12.445255888325764
      vertex 129.25842142333985 166.63 11.57433458412143
      vertex 122.47190355120318 166.63 12.57253497152483
    endloop
  endfacet
  facet normal 0 -1 0
    outer loop
      vertex 122.47190355120318 166.63 12.57253497152483
      vertex 129.65 166.63 11.6
      vertex 122.19940189922553 166.63 12.665036817835949
    endloop
  endfacet
  facet normal 0 -1 0
    outer loop
      vertex 122.19940189922553 166.63 12.665036817835949
      vertex 130.04157857666016 166.63 11.57433458412143
      vertex 121.9171576228841 166.63 12.721178695022383
    endloop
  endfacet
  facet normal 0 1 0
    outer loop
      vertex 126.75222252113281 169.32999999999998 9.376457135307563
      vertex 123.75503681783596 169.32999999999998 9.970598100774454
      vertex 123.81117869502239 169.32999999999998 10.252842377115886
    endloop
  endfacet
  facet normal 0 1 0
    outer loop
      vertex 126.87836140246614 169.32999999999998 9.748050297095268
      vertex 126.75222252113281 169.32999999999998 9.376457135307563
      vertex 123.82999999999998 169.32999999999998 10.54
    endloop
  endfacet
  facet normal 0 1 0
    outer loop
      vertex 126.75222252113281 169.32999999999998 9.376457135307563
      vertex 123.81117869502239 169.32999999999998 10.252842377115886
      vertex 123.82999999999998 169.32999999999998 10.54
    endloop
  endfacet
  facet normal 0 1 0
    outer loop
      vertex 127.05192378864669 169.32999999999998 10.1
      vertex 126.87836140246614 169.32999999999998 9.748050297095268
      vertex 123.81117869502239 169.32999999999998 10.827157622884112
    endloop
  endfacet
  facet normal 0 1 0
    outer loop
      vertex 126.87836140246614 169.32999999999998 9.748050297095268
      vertex 123.82999999999998 169.32999999999998 10.54
      vertex 123.81117869502239 169.32999999999998 10.827157622884112
    endloop
  endfacet
  facet normal 0 1 0
    outer loop
      vertex 127.05192378864669 169.32999999999998 10.1
      vertex 123.81117869502239 169.32999999999998 10.827157622884112
      vertex 123.75503681783596 169.32999999999998 11.109401899225544
    endloop
  endfacet
  facet normal 0 1 0
    outer loop
      vertex 123.75503681783596 169.32999999999998 11.109401899225544
      vertex 123.66253497152482 169.32999999999998 11.381903551203196
      vertex 127.05192378864669 169.32999999999998 10.1
    endloop
  endfacet
  facet normal 0 1 0
    outer loop
      vertex 127.26993997912629 169.32999999999998 10.426284287026162
      vertex 127.05192378864669 169.32999999999998 10.1
      vertex 123.66253497152482 169.32999999999998 11.381903551203196
    endloop
  endfacet
  facet normal 0 1 0
    outer loop
      vertex 123.66253497152482 169.32999999999998 11.381903551203196
      vertex 123.53525588832576 169.32999999999998 11.639999999999999
      vertex 127.26993997912629 169.32999999999998 10.426284287026162
    endloop
  endfacet
  facet normal 0 1 0
    outer loop
      vertex 127.52867965644037 169.32999999999998 10.721320343559642
      vertex 127.26993997912629 169.32999999999998 10.426284287026162
      vertex 123.53525588832576 169.32999999999998 11.639999999999999
    endloop
  endfacet
  facet normal 0 1 0
    outer loop
      vertex 127.52867965644037 169.32999999999998 10.721320343559642
      vertex 123.53525588832576 169.32999999999998 11.639999999999999
      vertex 123.37537734864071 169.32999999999998 11.879275143819184
    endloop
  endfacet
  facet normal 0 1 0
    outer loop
      vertex 127.52867965644037 169.32999999999998 10.721320343559642
      vertex 123.37537734864071 169.32999999999998 11.879275143819184
      vertex 127.82371571297384 169.32999999999998 10.980060020873706
    endloop
  endfacet
  facet normal 0 1 0
    outer loop
      vertex 127.82371571297384 169.32999999999998 10.980060020873706
      vertex 123.18563491861039 169.32999999999998 12.095634918610404
      vertex 128.15 169.32999999999998 11.198076211353316
    endloop
  endfacet
  facet normal 0 1 0
    outer loop
      vertex 127.82371571297384 169.32999999999998 10.980060020873706
      vertex 123.37537734864071 169.32999999999998 11.879275143819184
      vertex 123.18563491861039 169.32999999999998 12.095634918610404
    endloop
  endfacet
  facet normal 0 1 0
    outer loop
      vertex 128.15 169.32999999999998 11.198076211353316
      vertex 122.96927514381917 169.32999999999998 12.285377348640717
      vertex 128.50194970290474 169.32999999999998 11.37163859753386
    endloop
  endfacet
  facet normal 0 1 0
    outer loop
      vertex 122.72999999999999 169.32999999999998 12.445255888325764
      vertex 128.87354286469244 169.32999999999998 11.497777478867205
      vertex 128.50194970290474 169.32999999999998 11.37163859753386
    endloop
  endfacet
  facet normal 0 1 0
    outer loop
      vertex 128.15 169.32999999999998 11.198076211353316
      vertex 123.18563491861039 169.32999999999998 12.095634918610404
      vertex 122.96927514381917 169.32999999999998 12.285377348640717
    endloop
  endfacet
  facet normal 0 1 0
    outer loop
      vertex 122.72999999999999 169.32999999999998 12.445255888325764
      vertex 128.50194970290474 169.32999999999998 11.37163859753386
      vertex 122.96927514381917 169.32999999999998 12.285377348640717
    endloop
  endfacet
  facet normal 0 1 0
    outer loop
      vertex 128.87354286469244 169.32999999999998 11.497777478867205
      vertex 122.72999999999999 169.32999999999998 12.445255888325764
      vertex 129.25842142333985 169.32999999999998 11.57433458412143
    endloop
  endfacet
  facet normal 0 0 1
    outer loop
      vertex 70.1 166.63 19.35
      vertex 209.9 166.63 19.35
      vertex 70.1 169.32999999999998 19.35
    endloop
  endfacet
  facet normal 0 -1 0
    outer loop
      vertex 209.9 166.63 19.35
      vertex 89.23 166.63 12.54
      vertex 109.23000000000002 166.63 12.54
    endloop
  endfacet
  facet normal 0 -1 0
    outer loop
      vertex 70.1 166.63 19.35
      vertex 89.23 166.63 12.54
      vertex 209.9 166.63 19.35
    endloop
  endfacet
  facet normal 0 1 0
    outer loop
      vertex 70.1 169.32999999999998 19.35
      vertex 209.9 169.32999999999998 19.35
      vertex 121.34284237711589 169.32999999999998 12.721178695022383
    endloop
  endfacet
  facet normal 0 -1 0
    outer loop
      vertex 206 166.63 2.5000000000000004
      vertex 130.04157857666016 166.63 5.625665415878569
      vertex 109.23000000000002 166.63 2.5000000000000004
    endloop
  endfacet
  facet normal 0 -1 0
    outer loop
      vertex 206 166.63 2.5000000000000004
      vertex 130.42645713530757 166.63 5.702222521132795
      vertex 130.04157857666016 166.63 5.625665415878569
    endloop
  endfacet
  facet normal 0 -1 0
    outer loop
      vertex 206 166.63 2.5000000000000004
      vertex 130.79805029709527 166.63 5.82836140246614
      vertex 130.42645713530757 166.63 5.702222521132795
    endloop
  endfacet
  facet normal 0 -1 0
    outer loop
      vertex 206 166.63 2.5000000000000004
      vertex 131.15 166.63 6.001923788646684
      vertex 130.79805029709527 166.63 5.82836140246614
    endloop
  endfacet
  facet normal 0 1 0
    outer loop
      vertex 209.9 169.32999999999998 0.7000000000000002
      vertex 109.23000000000002 169.32999999999998 1.5399999999999996
      vertex 129.65 169.32999999999998 5.6
    endloop
  endfacet
  facet normal 0 1 0
    outer loop
      vertex 209.9 169.32999999999998 0.7000000000000002
      vertex 129.65 169.32999999999998 5.6
      vertex 130.04157857666016 169.32999999999998 5.625665415878569
    endloop
  endfacet
  facet normal 0 1 0
    outer loop
      vertex 209.9 169.32999999999998 0.7000000000000002
      vertex 130.04157857666016 169.32999999999998 5.625665415878569
      vertex 130.42645713530757 169.32999999999998 5.702222521132795
    endloop
  endfacet
  facet normal 0 1 0
    outer loop
      vertex 209.9 169.32999999999998 0.7000000000000002
      vertex 130.42645713530757 169.32999999999998 5.702222521132795
      vertex 130.79805029709527 169.32999999999998 5.82836140246614
    endloop
  endfacet
  facet normal 0 1 0
    outer loop
      vertex 209.9 169.32999999999998 0.7000000000000002
      vertex 130.79805029709527 169.32999999999998 5.82836140246614
      vertex 131.15 169.32999999999998 6.001923788646684
    endloop
  endfacet
  facet normal 0 0 -1
    outer loop
      vertex 92 166.63 0.7000000000000002
      vertex 209.9 169.32999999999998 0.7000000000000002
      vertex 206 166.63 0.7000000000000002
    endloop
  endfacet
  facet normal 0 1 0
    outer loop
      vertex 209.9 169.32999999999998 0.7000000000000002
      vertex 131.15 169.32999999999998 6.001923788646684
      vertex 131.47628428702617 169.32999999999998 6.219939979126293
    endloop
  endfacet
  facet normal 0 1 0
    outer loop
      vertex 209.9 169.32999999999998 0.7000000000000002
      vertex 131.47628428702617 169.32999999999998 6.219939979126293
      vertex 131.77132034355964 169.32999999999998 6.478679656440358
    endloop
  endfacet
  facet normal 0 1 0
    outer loop
      vertex 209.9 169.32999999999998 0.7000000000000002
      vertex 131.77132034355964 169.32999999999998 6.478679656440358
      vertex 132.03006002087372 169.32999999999998 6.7737157129738375
    endloop
  endfacet
  facet normal 0 -1 0
    outer loop
      vertex 206 166.63 2.5000000000000004
      vertex 131.47628428702617 166.63 6.219939979126293
      vertex 131.15 166.63 6.001923788646684
    endloop
  endfacet
  facet normal 0 -1 0
    outer loop
      vertex 206 166.63 2.5000000000000004
      vertex 131.77132034355964 166.63 6.478679656440358
      vertex 131.47628428702617 166.63 6.219939979126293
    endloop
  endfacet
  facet normal 0 -1 0
    outer loop
      vertex 206 166.63 2.5000000000000004
      vertex 132.03006002087372 166.63 6.7737157129738375
      vertex 131.77132034355964 166.63 6.478679656440358
    endloop
  endfacet
  facet normal 0 -1 0
    outer loop
      vertex 206 166.63 2.5000000000000004
      vertex 132.24807621135332 166.63 7.1
      vertex 132.03006002087372 166.63 6.7737157129738375
    endloop
  endfacet
  facet normal 0 -1 0
    outer loop
      vertex 206 166.63 2.5000000000000004
      vertex 132.42163859753387 166.63 7.451949702904731
      vertex 132.24807621135332 166.63 7.1
    endloop
  endfacet
  facet normal 0 -1 0
    outer loop
      vertex 206 166.63 2.5000000000000004
      vertex 132.5477774788672 166.63 7.8235428646924365
      vertex 132.42163859753387 166.63 7.451949702904731
    endloop
  endfacet
  facet normal 0 -1 0
    outer loop
      vertex 206 166.63 2.5000000000000004
      vertex 132.62433458412144 166.63 8.208421423339844
      vertex 132.5477774788672 166.63 7.8235428646924365
    endloop
  endfacet
  facet normal 0 1 0
    outer loop
      vertex 209.9 169.32999999999998 0.7000000000000002
      vertex 131.15 169.32999999999998 11.198076211353316
      vertex 130.79805029709527 169.32999999999998 11.37163859753386
    endloop
  endfacet
  facet normal 0 1 0
    outer loop
      vertex 209.9 169.32999999999998 0.7000000000000002
      vertex 132.03006002087372 169.32999999999998 6.7737157129738375
      vertex 132.24807621135332 169.32999999999998 7.1
    endloop
  endfacet
  facet normal 0 1 0
    outer loop
      vertex 209.9 169.32999999999998 0.7000000000000002
      vertex 132.24807621135332 169.32999999999998 7.1
      vertex 132.42163859753387 169.32999999999998 7.451949702904731
    endloop
  endfacet
  facet normal 0 1 0
    outer loop
      vertex 209.9 169.32999999999998 0.7000000000000002
      vertex 132.42163859753387 169.32999999999998 7.451949702904731
      vertex 132.5477774788672 169.32999999999998 7.8235428646924365
    endloop
  endfacet
  facet normal 0 1 0
    outer loop
      vertex 209.9 169.32999999999998 0.7000000000000002
      vertex 132.5477774788672 169.32999999999998 7.8235428646924365
      vertex 132.62433458412144 169.32999999999998 8.208421423339844
    endloop
  endfacet
  facet normal 0 1 0
    outer loop
      vertex 209.9 169.32999999999998 0.7000000000000002
      vertex 132.62433458412144 169.32999999999998 8.208421423339844
      vertex 132.65 169.32999999999998 8.6
    endloop
  endfacet
  facet normal 0 1 0
    outer loop
      vertex 209.9 169.32999999999998 0.7000000000000002
      vertex 132.65 169.32999999999998 8.6
      vertex 132.62433458412144 169.32999999999998 8.991578576660155
    endloop
  endfacet
  facet normal 0 1 0
    outer loop
      vertex 209.9 169.32999999999998 0.7000000000000002
      vertex 132.62433458412144 169.32999999999998 8.991578576660155
      vertex 132.5477774788672 169.32999999999998 9.376457135307563
    endloop
  endfacet
  facet normal 0 1 0
    outer loop
      vertex 209.9 169.32999999999998 0.7000000000000002
      vertex 132.5477774788672 169.32999999999998 9.376457135307563
      vertex 132.42163859753387 169.32999999999998 9.748050297095268
    endloop
  endfacet
  facet normal 0 1 0
    outer loop
      vertex 209.9 169.32999999999998 0.7000000000000002
      vertex 132.42163859753387 169.32999999999998 9.748050297095268
      vertex 132.24807621135332 169.32999999999998 10.1
    endloop
  endfacet
  facet normal 0 1 0
    outer loop
      vertex 209.9 169.32999999999998 0.7000000000000002
      vertex 132.24807621135332 169.32999999999998 10.1
      vertex 132.03006002087372 169.32999999999998 10.426284287026162
    endloop
  endfacet
  facet normal 0 1 0
    outer loop
      vertex 209.9 169.32999999999998 0.7000000000000002
      vertex 132.03006002087372 169.32999999999998 10.426284287026162
      vertex 131.77132034355964 169.32999999999998 10.721320343559642
    endloop
  endfacet
  facet normal 0 1 0
    outer loop
      vertex 209.9 169.32999999999998 0.7000000000000002
      vertex 131.77132034355964 169.32999999999998 10.721320343559642
      vertex 131.47628428702617 169.32999999999998 10.980060020873706
    endloop
  endfacet
  facet normal 0 1 0
    outer loop
      vertex 209.9 169.32999999999998 0.7000000000000002
      vertex 131.47628428702617 169.32999999999998 10.980060020873706
      vertex 131.15 169.32999999999998 11.198076211353316
    endloop
  endfacet
  facet normal 0 -1 0
    outer loop
      vertex 206 166.63 0.7000000000000002
      vertex 209.9 166.63 0.7000000000000002
      vertex 206 166.63 2.5000000000000004
    endloop
  endfacet
  facet normal 0 0 -1
    outer loop
      vertex 206 166.63 0.7000000000000002
      vertex 209.9 169.32999999999998 0.7000000000000002
      vertex 209.9 166.63 0.7000000000000002
    endloop
  endfacet
  facet normal 1 0 0
    outer loop
      vertex 209.9 166.63 0.7000000000000002
      vertex 209.9 169.32999999999998 0.7000000000000002
      vertex 209.9 166.63 19.35
    endloop
  endfacet
  facet normal 0 -1 0
    outer loop
      vertex 209.9 166.63 0.7000000000000002
      vertex 209.9 166.63 19.35
      vertex 206 166.63 2.5000000000000004
    endloop
  endfacet
  facet normal 0 -1 0
    outer loop
      vertex 209.9 166.63 19.35
      vertex 130.79805029709527 166.63 11.37163859753386
      vertex 131.15 166.63 11.198076211353316
    endloop
  endfacet
  facet normal 0 -1 0
    outer loop
      vertex 209.9 166.63 19.35
      vertex 130.04157857666016 166.63 11.57433458412143
      vertex 130.42645713530757 166.63 11.497777478867205
    endloop
  endfacet
  facet normal 0 -1 0
    outer loop
      vertex 209.9 166.63 19.35
      vertex 130.42645713530757 166.63 11.497777478867205
      vertex 130.79805029709527 166.63 11.37163859753386
    endloop
  endfacet
  facet normal 0 1 0
    outer loop
      vertex 209.9 169.32999999999998 19.35
      vertex 129.25842142333985 169.32999999999998 11.57433458412143
      vertex 122.72999999999999 169.32999999999998 12.445255888325764
    endloop
  endfacet
  facet normal 0 1 0
    outer loop
      vertex 209.9 169.32999999999998 19.35
      vertex 129.65 169.32999999999998 11.6
      vertex 129.25842142333985 169.32999999999998 11.57433458412143
    endloop
  endfacet
  facet normal 0 1 0
    outer loop
      vertex 209.9 169.32999999999998 19.35
      vertex 130.04157857666016 169.32999999999998 11.57433458412143
      vertex 129.65 169.32999999999998 11.6
    endloop
  endfacet
  facet normal 0 1 0
    outer loop
      vertex 209.9 169.32999999999998 19.35
      vertex 130.42645713530757 169.32999999999998 11.497777478867205
      vertex 130.04157857666016 169.32999999999998 11.57433458412143
    endloop
  endfacet
  facet normal 0 1 0
    outer loop
      vertex 209.9 169.32999999999998 19.35
      vertex 130.79805029709527 169.32999999999998 11.37163859753386
      vertex 130.42645713530757 169.32999999999998 11.497777478867205
    endloop
  endfacet
  facet normal 0 -1 0
    outer loop
      vertex 209.9 166.63 19.35
      vertex 132.65 166.63 8.6
      vertex 132.62433458412144 166.63 8.208421423339844
    endloop
  endfacet
  facet normal 0 -1 0
    outer loop
      vertex 209.9 166.63 19.35
      vertex 132.62433458412144 166.63 8.991578576660155
      vertex 132.65 166.63 8.6
    endloop
  endfacet
  facet normal 0 -1 0
    outer loop
      vertex 209.9 166.63 19.35
      vertex 132.5477774788672 166.63 9.376457135307563
      vertex 132.62433458412144 166.63 8.991578576660155
    endloop
  endfacet
  facet normal 0 -1 0
    outer loop
      vertex 209.9 166.63 19.35
      vertex 132.42163859753387 166.63 9.748050297095268
      vertex 132.5477774788672 166.63 9.376457135307563
    endloop
  endfacet
  facet normal 0 -1 0
    outer loop
      vertex 209.9 166.63 19.35
      vertex 132.24807621135332 166.63 10.1
      vertex 132.42163859753387 166.63 9.748050297095268
    endloop
  endfacet
  facet normal 0 -1 0
    outer loop
      vertex 209.9 166.63 19.35
      vertex 132.03006002087372 166.63 10.426284287026162
      vertex 132.24807621135332 166.63 10.1
    endloop
  endfacet
  facet normal 0 -1 0
    outer loop
      vertex 209.9 166.63 19.35
      vertex 131.77132034355964 166.63 10.721320343559642
      vertex 132.03006002087372 166.63 10.426284287026162
    endloop
  endfacet
  facet normal 0 -1 0
    outer loop
      vertex 209.9 166.63 19.35
      vertex 131.47628428702617 166.63 10.980060020873706
      vertex 131.77132034355964 166.63 10.721320343559642
    endloop
  endfacet
  facet normal 0 -1 0
    outer loop
      vertex 209.9 166.63 19.35
      vertex 131.15 166.63 11.198076211353316
      vertex 131.47628428702617 166.63 10.980060020873706
    endloop
  endfacet
  facet normal 0 -1 0
    outer loop
      vertex 209.9 166.63 19.35
      vertex 109.23000000000002 166.63 12.54
      vertex 115.21284237711589 166.63 12.721178695022383
    endloop
  endfacet
  facet normal 0 -1 0
    outer loop
      vertex 209.9 166.63 19.35
      vertex 115.21284237711589 166.63 12.721178695022383
      vertex 115.5 166.63 12.74
    endloop
  endfacet
  facet normal 0 -1 0
    outer loop
      vertex 209.9 166.63 19.35
      vertex 115.5 166.63 12.74
      vertex 115.78715762288411 166.63 12.721178695022383
    endloop
  endfacet
  facet normal 0 -1 0
    outer loop
      vertex 209.9 166.63 19.35
      vertex 115.78715762288411 166.63 12.721178695022383
      vertex 121.34284237711589 166.63 12.721178695022383
    endloop
  endfacet
  facet normal 0 -1 0
    outer loop
      vertex 209.9 166.63 19.35
      vertex 121.34284237711589 166.63 12.721178695022383
      vertex 121.63 166.63 12.74
    endloop
  endfacet
  facet normal 0 -1 0
    outer loop
      vertex 209.9 166.63 19.35
      vertex 121.63 166.63 12.74
      vertex 121.9171576228841 166.63 12.721178695022383
    endloop
  endfacet
  facet normal 0 -1 0
    outer loop
      vertex 209.9 166.63 19.35
      vertex 121.9171576228841 166.63 12.721178695022383
      vertex 130.04157857666016 166.63 11.57433458412143
    endloop
  endfacet
  facet normal 0 1 0
    outer loop
      vertex 209.9 169.32999999999998 19.35
      vertex 122.72999999999999 169.32999999999998 12.445255888325764
      vertex 122.47190355120318 169.32999999999998 12.57253497152483
    endloop
  endfacet
  facet normal 0 1 0
    outer loop
      vertex 209.9 169.32999999999998 19.35
      vertex 121.63 169.32999999999998 12.74
      vertex 121.34284237711589 169.32999999999998 12.721178695022383
    endloop
  endfacet
  facet normal 0 1 0
    outer loop
      vertex 209.9 169.32999999999998 19.35
      vertex 121.9171576228841 169.32999999999998 12.721178695022383
      vertex 121.63 169.32999999999998 12.74
    endloop
  endfacet
  facet normal 0 1 0
    outer loop
      vertex 209.9 169.32999999999998 19.35
      vertex 122.19940189922553 169.32999999999998 12.665036817835949
      vertex 121.9171576228841 169.32999999999998 12.721178695022383
    endloop
  endfacet
  facet normal 0 1 0
    outer loop
      vertex 209.9 169.32999999999998 19.35
      vertex 122.47190355120318 169.32999999999998 12.57253497152483
      vertex 122.19940189922553 169.32999999999998 12.665036817835949
    endloop
  endfacet
  facet normal 0 0 1
    outer loop
      vertex 70.1 169.32999999999998 19.35
      vertex 209.9 166.63 19.35
      vertex 209.9 169.32999999999998 19.35
    endloop
  endfacet
  facet normal 0 -1 0
    outer loop
      vertex 206 166.63 2.5000000000000004
      vertex 209.9 166.63 19.35
      vertex 132.62433458412144 166.63 8.208421423339844
    endloop
  endfacet
  facet normal 0 1 0
    outer loop
      vertex 209.9 169.32999999999998 0.7000000000000002
      vertex 130.79805029709527 169.32999999999998 11.37163859753386
      vertex 209.9 169.32999999999998 19.35
    endloop
  endfacet
  facet normal 1 0 0
    outer loop
      vertex 209.9 169.32999999999998 0.7000000000000002
      vertex 209.9 169.32999999999998 19.35
      vertex 209.9 166.63 19.35
    endloop
  endfacet
  facet normal -1 0 0
    outer loop
      vertex 92 156.63 0
      vertex 92 156.63 2.5000000000000004
      vertex 92 165.43 1.5399999999999996
    endloop
  endfacet
  facet normal 0 0 -1
    outer loop
      vertex 92 156.63 0
      vertex 109.7781054732259 159.94454373566452 0
      vertex 110 159.93 0
    endloop
  endfacet
  facet normal 0 0 -1
    outer loop
      vertex 92 156.63 0
      vertex 109.56000762332572 159.98792609530858 0
      vertex 109.7781054732259 159.94454373566452 0
    endloop
  endfacet
  facet normal 0 0 -1
    outer loop
      vertex 92 156.63 0
      vertex 109.34943816497935 160.0594047947308 0
      vertex 109.56000762332572 159.98792609530858 0
    endloop
  endfacet
  facet normal 0 0 -1
    outer loop
      vertex 92 156.63 0
      vertex 109.15 160.15775681356644 0
      vertex 109.34943816497935 160.0594047947308 0
    endloop
  endfacet
  facet normal 0 0 -1
    outer loop
      vertex 92 156.63 0
      vertex 108.96510557068518 160.2812993215049 0
      vertex 109.15 160.15775681356644 0
    endloop
  endfacet
  facet normal 0 0 -1
    outer loop
      vertex 92 156.63 0
      vertex 108.79791847198287 160.42791847198288 0
      vertex 108.96510557068518 160.2812993215049 0
    endloop
  endfacet
  facet normal 0 0 -1
    outer loop
      vertex 92 156.63 0
      vertex 108.6512993215049 160.59510557068518 0
      vertex 108.79791847198287 160.42791847198288 0
    endloop
  endfacet
  facet normal 0 0 -1
    outer loop
      vertex 92 156.63 0
      vertex 108.52775681356646 160.78 0
      vertex 108.6512993215049 160.59510557068518 0
    endloop
  endfacet
  facet normal 0 0 -1
    outer loop
      vertex 92 156.63 0
      vertex 108.42940479473081 160.97943816497934 0
      vertex 108.52775681356646 160.78 0
    endloop
  endfacet
  facet normal 0 0 -1
    outer loop
      vertex 92 156.63 0
      vertex 108.35792609530858 161.1900076233257 0
      vertex 108.42940479473081 160.97943816497934 0
    endloop
  endfacet
  facet normal 0 0 -1
    outer loop
      vertex 92 156.63 0
      vertex 108.31454373566453 161.4081054732259 0
      vertex 108.35792609530858 161.1900076233257 0
    endloop
  endfacet
  facet normal 0 0 1
    outer loop
      vertex 92 156.63 2.5000000000000004
      vertex 110 159.93 2.5000000000000004
      vertex 109.7781054732259 159.94454373566452 2.5000000000000004
    endloop
  endfacet
  facet normal 0 0 1
    outer loop
      vertex 92 156.63 2.5000000000000004
      vertex 109.7781054732259 159.94454373566452 2.5000000000000004
      vertex 109.56000762332572 159.98792609530858 2.5000000000000004
    endloop
  endfacet
  facet normal 0 0 1
    outer loop
      vertex 92 156.63 2.5000000000000004
      vertex 109.56000762332572 159.98792609530858 2.5000000000000004
      vertex 109.34943816497935 160.0594047947308 2.5000000000000004
    endloop
  endfacet
  facet normal 0 0 1
    outer loop
      vertex 92 156.63 2.5000000000000004
      vertex 109.34943816497935 160.0594047947308 2.5000000000000004
      vertex 109.15 160.15775681356644 2.5000000000000004
    endloop
  endfacet
  facet normal 0 0 1
    outer loop
      vertex 92 156.63 2.5000000000000004
      vertex 110.2218945267741 159.94454373566452 2.5000000000000004
      vertex 110 159.93 2.5000000000000004
    endloop
  endfacet
  facet normal 0 0 1
    outer loop
      vertex 92 156.63 2.5000000000000004
      vertex 109.15 160.15775681356644 2.5000000000000004
      vertex 108.96510557068518 160.2812993215049 2.5000000000000004
    endloop
  endfacet
  facet normal 0 0 1
    outer loop
      vertex 92 156.63 2.5000000000000004
      vertex 108.96510557068518 160.2812993215049 2.5000000000000004
      vertex 108.79791847198287 160.42791847198288 2.5000000000000004
    endloop
  endfacet
  facet normal 0 0 1
    outer loop
      vertex 92 156.63 2.5000000000000004
      vertex 108.79791847198287 160.42791847198288 2.5000000000000004
      vertex 108.6512993215049 160.59510557068518 2.5000000000000004
    endloop
  endfacet
  facet normal 0 0 1
    outer loop
      vertex 92 156.63 2.5000000000000004
      vertex 108.6512993215049 160.59510557068518 2.5000000000000004
      vertex 108.52775681356646 160.78 2.5000000000000004
    endloop
  endfacet
  facet normal 0 0 1
    outer loop
      vertex 92 156.63 2.5000000000000004
      vertex 108.52775681356646 160.78 2.5000000000000004
      vertex 108.42940479473081 160.97943816497934 2.5000000000000004
    endloop
  endfacet
  facet normal 0 0 1
    outer loop
      vertex 92 156.63 2.5000000000000004
      vertex 108.42940479473081 160.97943816497934 2.5000000000000004
      vertex 108.35792609530858 161.1900076233257 2.5000000000000004
    endloop
  endfacet
  facet normal 0 0 1
    outer loop
      vertex 92 156.63 2.5000000000000004
      vertex 108.35792609530858 161.1900076233257 2.5000000000000004
      vertex 108.31454373566453 161.4081054732259 2.5000000000000004
    endloop
  endfacet
  facet normal 0 0 -1
    outer loop
      vertex 92 156.63 0
      vertex 108.3 161.63 0
      vertex 108.31454373566453 161.4081054732259 0
    endloop
  endfacet
  facet normal 0 0 1
    outer loop
      vertex 92 156.63 2.5000000000000004
      vertex 108.31454373566453 161.4081054732259 2.5000000000000004
      vertex 108.3 161.63 2.5000000000000004
    endloop
  endfacet
  facet normal 0 0 1
    outer loop
      vertex 92 156.63 2.5000000000000004
      vertex 108.3 161.63 2.5000000000000004
      vertex 108.31454373566453 161.8518945267741 2.5000000000000004
    endloop
  endfacet
  facet normal 0 0 1
    outer loop
      vertex 92 156.63 2.5000000000000004
      vertex 108.31454373566453 161.8518945267741 2.5000000000000004
      vertex 108.35792609530858 162.0699923766743 2.5000000000000004
    endloop
  endfacet
  facet normal 0 0 1
    outer loop
      vertex 92 156.63 2.5000000000000004
      vertex 108.35792609530858 162.0699923766743 2.5000000000000004
      vertex 108.42940479473081 162.28056183502065 2.5000000000000004
    endloop
  endfacet
  facet normal 0 0 1
    outer loop
      vertex 92 156.63 2.5000000000000004
      vertex 108.42940479473081 162.28056183502065 2.5000000000000004
      vertex 108.52775681356646 162.48 2.5000000000000004
    endloop
  endfacet
  facet normal -1 0 0
    outer loop
      vertex 92 156.63 0
      vertex 92 165.43 1.5399999999999996
      vertex 92 166.63 1.5399999999999996
    endloop
  endfacet
  facet normal -1 0 0
    outer loop
      vertex 92 156.63 2.5000000000000004
      vertex 92 165.43 2.5000000000000004
      vertex 92 165.43 1.5399999999999996
    endloop
  endfacet
  facet normal 0 0 -1
    outer loop
      vertex 92 156.63 0
      vertex 92 166.63 0
      vertex 108.3 161.63 0
    endloop
  endfacet
  facet normal 0 0 1
    outer loop
      vertex 92 156.63 2.5000000000000004
      vertex 108.52775681356646 162.48 2.5000000000000004
      vertex 109.23000000000002 165.43 2.5000000000000004
    endloop
  endfacet
  facet normal 0 0 1
    outer loop
      vertex 92 156.63 2.5000000000000004
      vertex 109.23000000000002 165.43 2.5000000000000004
      vertex 92 165.43 2.5000000000000004
    endloop
  endfacet
  facet normal 0 0 -1
    outer loop
      vertex 92 156.63 0
      vertex 110 159.93 0
      vertex 124 158 0
    endloop
  endfacet
  facet normal 0 0 1
    outer loop
      vertex 92 156.63 2.5000000000000004
      vertex 124 158 2.5000000000000004
      vertex 110.2218945267741 159.94454373566452 2.5000000000000004
    endloop
  endfacet
  facet normal 0 0 1
    outer loop
      vertex 92 156.63 2.5000000000000004
      vertex 135 158 2.5000000000000004
      vertex 124 158 2.5000000000000004
    endloop
  endfacet
  facet normal 0 0 -1
    outer loop
      vertex 124 158 0
      vertex 110 159.93 0
      vertex 110.2218945267741 159.94454373566452 0
    endloop
  endfacet
  facet normal 0 0 -1
    outer loop
      vertex 124 158 0
      vertex 110.2218945267741 159.94454373566452 0
      vertex 110.43999237667428 159.98792609530858 0
    endloop
  endfacet
  facet normal 0 0 -1
    outer loop
      vertex 124 158 0
      vertex 110.43999237667428 159.98792609530858 0
      vertex 110.65056183502065 160.0594047947308 0
    endloop
  endfacet
  facet normal 0 0 -1
    outer loop
      vertex 124 158 0
      vertex 110.65056183502065 160.0594047947308 0
      vertex 110.85 160.15775681356644 0
    endloop
  endfacet
  facet normal 0 0 -1
    outer loop
      vertex 124 158 0
      vertex 110.85 160.15775681356644 0
      vertex 111.03489442931482 160.2812993215049 0
    endloop
  endfacet
  facet normal 0 0 -1
    outer loop
      vertex 124 158 0
      vertex 111.03489442931482 160.2812993215049 0
      vertex 111.20208152801713 160.42791847198288 0
    endloop
  endfacet
  facet normal 0 0 -1
    outer loop
      vertex 124 158 0
      vertex 111.20208152801713 160.42791847198288 0
      vertex 111.3487006784951 160.59510557068518 0
    endloop
  endfacet
  facet normal 0 0 -1
    outer loop
      vertex 124 158 0
      vertex 111.3487006784951 160.59510557068518 0
      vertex 111.47224318643354 160.78 0
    endloop
  endfacet
  facet normal 0 0 1
    outer loop
      vertex 110.43999237667428 159.98792609530858 2.5000000000000004
      vertex 110.2218945267741 159.94454373566452 2.5000000000000004
      vertex 124 158 2.5000000000000004
    endloop
  endfacet
  facet normal 0 0 1
    outer loop
      vertex 110.65056183502065 160.0594047947308 2.5000000000000004
      vertex 110.43999237667428 159.98792609530858 2.5000000000000004
      vertex 124 158 2.5000000000000004
    endloop
  endfacet
  facet normal 0 0 1
    outer loop
      vertex 110.85 160.15775681356644 2.5000000000000004
      vertex 110.65056183502065 160.0594047947308 2.5000000000000004
      vertex 124 158 2.5000000000000004
    endloop
  endfacet
  facet normal 0 0 1
    outer loop
      vertex 111.03489442931482 160.2812993215049 2.5000000000000004
      vertex 110.85 160.15775681356644 2.5000000000000004
      vertex 124 158 2.5000000000000004
    endloop
  endfacet
  facet normal 0 0 1
    outer loop
      vertex 111.20208152801713 160.42791847198288 2.5000000000000004
      vertex 111.03489442931482 160.2812993215049 2.5000000000000004
      vertex 124 158 2.5000000000000004
    endloop
  endfacet
  facet normal 0 0 1
    outer loop
      vertex 111.20208152801713 160.42791847198288 2.5000000000000004
      vertex 124 158 2.5000000000000004
      vertex 111.3487006784951 160.59510557068518 2.5000000000000004
    endloop
  endfacet
  facet normal 0 0 1
    outer loop
      vertex 111.3487006784951 160.59510557068518 2.5000000000000004
      vertex 124 158 2.5000000000000004
      vertex 111.47224318643354 160.78 2.5000000000000004
    endloop
  endfacet
  facet normal 0 -1 0
    outer loop
      vertex 92 156.63 0
      vertex 206 156.63 2.5000000000000004
      vertex 92 156.63 2.5000000000000004
    endloop
  endfacet
  facet normal 0 0 -1
    outer loop
      vertex 124 158 0
      vertex 111.47224318643354 160.78 0
      vertex 111.57059520526919 160.97943816497934 0
    endloop
  endfacet
  facet normal 0 0 -1
    outer loop
      vertex 124 158 0
      vertex 111.57059520526919 160.97943816497934 0
      vertex 111.64207390469142 161.1900076233257 0
    endloop
  endfacet
  facet normal 0 0 -1
    outer loop
      vertex 124 158 0
      vertex 111.64207390469142 161.1900076233257 0
      vertex 111.68545626433547 161.4081054732259 0
    endloop
  endfacet
  facet normal 0 0 -1
    outer loop
      vertex 124 158 0
      vertex 111.68545626433547 161.4081054732259 0
      vertex 124 163 0
    endloop
  endfacet
  facet normal 0 0 1
    outer loop
      vertex 111.47224318643354 160.78 2.5000000000000004
      vertex 124 158 2.5000000000000004
      vertex 111.57059520526919 160.97943816497934 2.5000000000000004
    endloop
  endfacet
  facet normal 0 0 1
    outer loop
      vertex 111.64207390469142 161.1900076233257 2.5000000000000004
      vertex 111.57059520526919 160.97943816497934 2.5000000000000004
      vertex 124 158 2.5000000000000004
    endloop
  endfacet
  facet normal 0 0 1
    outer loop
      vertex 111.64207390469142 161.1900076233257 2.5000000000000004
      vertex 124 158 2.5000000000000004
      vertex 111.68545626433547 161.4081054732259 2.5000000000000004
    endloop
  endfacet
  facet normal 0 0 1
    outer loop
      vertex 111.68545626433547 161.4081054732259 2.5000000000000004
      vertex 124 158 2.5000000000000004
      vertex 111.7 161.63 2.5000000000000004
    endloop
  endfacet
  facet normal 0 0 1
    outer loop
      vertex 111.7 161.63 2.5000000000000004
      vertex 124 158 2.5000000000000004
      vertex 124 163 2.5000000000000004
    endloop
  endfacet
  facet normal 0 0 -1
    outer loop
      vertex 111.7 161.63 0
      vertex 124 163 0
      vertex 111.68545626433547 161.4081054732259 0
    endloop
  endfacet
  facet normal 0 0 -1
    outer loop
      vertex 111.68545626433547 161.8518945267741 0
      vertex 124 163 0
      vertex 111.7 161.63 0
    endloop
  endfacet
  facet normal 0 0 -1
    outer loop
      vertex 111.64207390469142 162.0699923766743 0
      vertex 124 163 0
      vertex 111.68545626433547 161.8518945267741 0
    endloop
  endfacet
  facet normal 0 0 -1
    outer loop
      vertex 111.57059520526919 162.28056183502065 0
      vertex 124 163 0
      vertex 111.64207390469142 162.0699923766743 0
    endloop
  endfacet
  facet normal 0 0 -1
    outer loop
      vertex 111.47224318643354 162.48 0
      vertex 124 163 0
      vertex 111.57059520526919 162.28056183502065 0
    endloop
  endfacet
  facet normal 0 0 -1
    outer loop
      vertex 111.3487006784951 162.6648944293148 0
      vertex 124 163 0
      vertex 111.47224318643354 162.48 0
    endloop
  endfacet
  facet normal 0 0 -1
    outer loop
      vertex 111.3487006784951 162.6648944293148 0
      vertex 111.20208152801713 162.8320815280171 0
      vertex 124 163 0
    endloop
  endfacet
  facet normal 0 0 -1
    outer loop
      vertex 111.20208152801713 162.8320815280171 0
      vertex 111.03489442931482 162.9787006784951 0
      vertex 124 163 0
    endloop
  endfacet
  facet normal 0 0 1
    outer loop
      vertex 111.7 161.63 2.5000000000000004
      vertex 124 163 2.5000000000000004
      vertex 111.68545626433547 161.8518945267741 2.5000000000000004
    endloop
  endfacet
  facet normal 0 0 1
    outer loop
      vertex 111.68545626433547 161.8518945267741 2.5000000000000004
      vertex 124 163 2.5000000000000004
      vertex 111.64207390469142 162.0699923766743 2.5000000000000004
    endloop
  endfacet
  facet normal 0 0 1
    outer loop
      vertex 111.64207390469142 162.0699923766743 2.5000000000000004
      vertex 124 163 2.5000000000000004
      vertex 111.57059520526919 162.28056183502065 2.5000000000000004
    endloop
  endfacet
  facet normal 0 0 1
    outer loop
      vertex 111.57059520526919 162.28056183502065 2.5000000000000004
      vertex 124 163 2.5000000000000004
      vertex 111.47224318643354 162.48 2.5000000000000004
    endloop
  endfacet
  facet normal 0 0 1
    outer loop
      vertex 111.47224318643354 162.48 2.5000000000000004
      vertex 124 163 2.5000000000000004
      vertex 111.3487006784951 162.6648944293148 2.5000000000000004
    endloop
  endfacet
  facet normal 0 0 1
    outer loop
      vertex 111.3487006784951 162.6648944293148 2.5000000000000004
      vertex 124 163 2.5000000000000004
      vertex 111.20208152801713 162.8320815280171 2.5000000000000004
    endloop
  endfacet
  facet normal 0 0 1
    outer loop
      vertex 111.03489442931482 162.9787006784951 2.5000000000000004
      vertex 111.20208152801713 162.8320815280171 2.5000000000000004
      vertex 124 163 2.5000000000000004
    endloop
  endfacet
  facet normal -1 0 0
    outer loop
      vertex 92 156.63 0
      vertex 92 166.63 0.7000000000000002
      vertex 92 166.63 0
    endloop
  endfacet
  facet normal -1 0 0
    outer loop
      vertex 92 156.63 0
      vertex 92 166.63 1.5399999999999996
      vertex 92 166.63 0.7000000000000002
    endloop
  endfacet
  facet normal 0 0 -1
    outer loop
      vertex 92 166.63 0
      vertex 108.31454373566453 161.8518945267741 0
      vertex 108.3 161.63 0
    endloop
  endfacet
  facet normal 0 0 -1
    outer loop
      vertex 92 166.63 0
      vertex 108.35792609530858 162.0699923766743 0
      vertex 108.31454373566453 161.8518945267741 0
    endloop
  endfacet
  facet normal 0 0 -1
    outer loop
      vertex 92 166.63 0
      vertex 108.42940479473081 162.28056183502065 0
      vertex 108.35792609530858 162.0699923766743 0
    endloop
  endfacet
  facet normal 0 0 -1
    outer loop
      vertex 92 166.63 0
      vertex 108.52775681356646 162.48 0
      vertex 108.42940479473081 162.28056183502065 0
    endloop
  endfacet
  facet normal 0 0 -1
    outer loop
      vertex 92 166.63 0
      vertex 108.6512993215049 162.6648944293148 0
      vertex 108.52775681356646 162.48 0
    endloop
  endfacet
  facet normal 0 0 -1
    outer loop
      vertex 92 166.63 0
      vertex 108.79791847198287 162.8320815280171 0
      vertex 108.6512993215049 162.6648944293148 0
    endloop
  endfacet
  facet normal 0 0 -1
    outer loop
      vertex 92 166.63 0
      vertex 108.96510557068518 162.9787006784951 0
      vertex 108.79791847198287 162.8320815280171 0
    endloop
  endfacet
  facet normal 0 0 -1
    outer loop
      vertex 92 166.63 0
      vertex 109.15 163.10224318643355 0
      vertex 108.96510557068518 162.9787006784951 0
    endloop
  endfacet
  facet normal 0 0 -1
    outer loop
      vertex 92 166.63 0
      vertex 109.34943816497935 163.2005952052692 0
      vertex 109.15 163.10224318643355 0
    endloop
  endfacet
  facet normal 0 0 -1
    outer loop
      vertex 92 166.63 0
      vertex 109.56000762332572 163.2720739046914 0
      vertex 109.34943816497935 163.2005952052692 0
    endloop
  endfacet
  facet normal 0 0 -1
    outer loop
      vertex 92 166.63 0
      vertex 109.7781054732259 163.31545626433547 0
      vertex 109.56000762332572 163.2720739046914 0
    endloop
  endfacet
  facet normal 0 0 -1
    outer loop
      vertex 92 166.63 0
      vertex 110 163.32999999999998 0
      vertex 109.7781054732259 163.31545626433547 0
    endloop
  endfacet
  facet normal 0 0 -1
    outer loop
      vertex 111.03489442931482 162.9787006784951 0
      vertex 110.85 163.10224318643355 0
      vertex 124 163 0
    endloop
  endfacet
  facet normal 0 0 -1
    outer loop
      vertex 110.85 163.10224318643355 0
      vertex 110.65056183502065 163.2005952052692 0
      vertex 124 163 0
    endloop
  endfacet
  facet normal 0 0 -1
    outer loop
      vertex 110.65056183502065 163.2005952052692 0
      vertex 110.43999237667428 163.2720739046914 0
      vertex 124 163 0
    endloop
  endfacet
  facet normal 0 0 1
    outer loop
      vertex 109.23000000000002 165.43 2.5000000000000004
      vertex 108.52775681356646 162.48 2.5000000000000004
      vertex 108.6512993215049 162.6648944293148 2.5000000000000004
    endloop
  endfacet
  facet normal 0 0 1
    outer loop
      vertex 109.23000000000002 165.43 2.5000000000000004
      vertex 108.6512993215049 162.6648944293148 2.5000000000000004
      vertex 108.79791847198287 162.8320815280171 2.5000000000000004
    endloop
  endfacet
  facet normal 0 0 1
    outer loop
      vertex 109.23000000000002 165.43 2.5000000000000004
      vertex 108.79791847198287 162.8320815280171 2.5000000000000004
      vertex 108.96510557068518 162.9787006784951 2.5000000000000004
    endloop
  endfacet
  facet normal 0 0 1
    outer loop
      vertex 109.23000000000002 165.43 2.5000000000000004
      vertex 108.96510557068518 162.9787006784951 2.5000000000000004
      vertex 109.15 163.10224318643355 2.5000000000000004
    endloop
  endfacet
  facet normal 0 0 1
    outer loop
      vertex 109.23000000000002 165.43 2.5000000000000004
      vertex 109.15 163.10224318643355 2.5000000000000004
      vertex 109.34943816497935 163.2005952052692 2.5000000000000004
    endloop
  endfacet
  facet normal 0 0 1
    outer loop
      vertex 109.23000000000002 165.43 2.5000000000000004
      vertex 109.34943816497935 163.2005952052692 2.5000000000000004
      vertex 109.56000762332572 163.2720739046914 2.5000000000000004
    endloop
  endfacet
  facet normal 0 0 1
    outer loop
      vertex 109.23000000000002 165.43 2.5000000000000004
      vertex 110.43999237667428 163.2720739046914 2.5000000000000004
      vertex 110.65056183502065 163.2005952052692 2.5000000000000004
    endloop
  endfacet
  facet normal 0 0 1
    outer loop
      vertex 109.23000000000002 165.43 2.5000000000000004
      vertex 109.56000762332572 163.2720739046914 2.5000000000000004
      vertex 109.7781054732259 163.31545626433547 2.5000000000000004
    endloop
  endfacet
  facet normal 0 0 1
    outer loop
      vertex 109.23000000000002 165.43 2.5000000000000004
      vertex 110.2218945267741 163.31545626433547 2.5000000000000004
      vertex 110.43999237667428 163.2720739046914 2.5000000000000004
    endloop
  endfacet
  facet normal 0 0 1
    outer loop
      vertex 109.23000000000002 165.43 2.5000000000000004
      vertex 109.7781054732259 163.31545626433547 2.5000000000000004
      vertex 110 163.32999999999998 2.5000000000000004
    endloop
  endfacet
  facet normal 0 0 1
    outer loop
      vertex 109.23000000000002 165.43 2.5000000000000004
      vertex 110 163.32999999999998 2.5000000000000004
      vertex 110.2218945267741 163.31545626433547 2.5000000000000004
    endloop
  endfacet
  facet normal 0 0 1
    outer loop
      vertex 110.85 163.10224318643355 2.5000000000000004
      vertex 111.03489442931482 162.9787006784951 2.5000000000000004
      vertex 124 163 2.5000000000000004
    endloop
  endfacet
  facet normal 0 0 1
    outer loop
      vertex 110.65056183502065 163.2005952052692 2.5000000000000004
      vertex 110.85 163.10224318643355 2.5000000000000004
      vertex 124 163 2.5000000000000004
    endloop
  endfacet
  facet normal 0 0 1
    outer loop
      vertex 109.23000000000002 165.43 2.5000000000000004
      vertex 110.65056183502065 163.2005952052692 2.5000000000000004
      vertex 124 163 2.5000000000000004
    endloop
  endfacet
  facet normal 0 0 1
    outer loop
      vertex 135 163 2.5000000000000004
      vertex 109.23000000000002 166.63 2.5000000000000004
      vertex 109.23000000000002 165.43 2.5000000000000004
    endloop
  endfacet
  facet normal 0 0 1
    outer loop
      vertex 109.23000000000002 165.43 2.5000000000000004
      vertex 124 163 2.5000000000000004
      vertex 135 163 2.5000000000000004
    endloop
  endfacet
  facet normal 0 0 -1
    outer loop
      vertex 92 166.63 0
      vertex 206 166.63 0
      vertex 110 163.32999999999998 0
    endloop
  endfacet
  facet normal 0 1 0
    outer loop
      vertex 92 166.63 0
      vertex 92 166.63 0.7000000000000002
      vertex 206 166.63 0
    endloop
  endfacet
  facet normal 0 0 -1
    outer loop
      vertex 92 156.63 0
      vertex 124 158 0
      vertex 206 156.63 0
    endloop
  endfacet
  facet normal 0 0 -1
    outer loop
      vertex 206 156.63 0
      vertex 124 158 0
      vertex 135 158 0
    endloop
  endfacet
  facet normal 0 0 1
    outer loop
      vertex 92 156.63 2.5000000000000004
      vertex 206 156.63 2.5000000000000004
      vertex 135 158 2.5000000000000004
    endloop
  endfacet
  facet normal 0 -1 0
    outer loop
      vertex 92 156.63 0
      vertex 206 156.63 0
      vertex 206 156.63 2.5000000000000004
    endloop
  endfacet
  facet normal 0 0 -1
    outer loop
      vertex 135 158 0
      vertex 194.34943816497935 160.0594047947308 0
      vertex 194.5600076233257 159.98792609530858 0
    endloop
  endfacet
  facet normal 0 0 -1
    outer loop
      vertex 135 158 0
      vertex 194.15 160.15775681356644 0
      vertex 194.34943816497935 160.0594047947308 0
    endloop
  endfacet
  facet normal 0 0 -1
    outer loop
      vertex 135 158 0
      vertex 193.96510557068518 160.2812993215049 0
      vertex 194.15 160.15775681356644 0
    endloop
  endfacet
  facet normal 0 0 -1
    outer loop
      vertex 135 158 0
      vertex 193.79791847198288 160.42791847198288 0
      vertex 193.96510557068518 160.2812993215049 0
    endloop
  endfacet
  facet normal 0 0 -1
    outer loop
      vertex 135 158 0
      vertex 193.6512993215049 160.59510557068518 0
      vertex 193.79791847198288 160.42791847198288 0
    endloop
  endfacet
  facet normal 0 0 -1
    outer loop
      vertex 135 158 0
      vertex 193.52775681356644 160.78 0
      vertex 193.6512993215049 160.59510557068518 0
    endloop
  endfacet
  facet normal 0 0 1
    outer loop
      vertex 206 156.63 2.5000000000000004
      vertex 135 163 2.5000000000000004
      vertex 135 158 2.5000000000000004
    endloop
  endfacet
  facet normal 0 0 -1
    outer loop
      vertex 135 163 0
      vertex 193.3 161.63 0
      vertex 135 158 0
    endloop
  endfacet
  facet normal 0 0 -1
    outer loop
      vertex 135 158 0
      vertex 193.4294047947308 160.97943816497934 0
      vertex 193.52775681356644 160.78 0
    endloop
  endfacet
  facet normal 0 0 -1
    outer loop
      vertex 135 158 0
      vertex 193.35792609530858 161.1900076233257 0
      vertex 193.4294047947308 160.97943816497934 0
    endloop
  endfacet
  facet normal 0 0 -1
    outer loop
      vertex 135 158 0
      vertex 193.31454373566453 161.4081054732259 0
      vertex 193.35792609530858 161.1900076233257 0
    endloop
  endfacet
  facet normal 0 0 -1
    outer loop
      vertex 135 158 0
      vertex 193.3 161.63 0
      vertex 193.31454373566453 161.4081054732259 0
    endloop
  endfacet
  facet normal 0 0 1
    outer loop
      vertex 135 163 2.5000000000000004
      vertex 195 159.93 2.5000000000000004
      vertex 194.7781054732259 159.94454373566452 2.5000000000000004
    endloop
  endfacet
  facet normal 0 0 1
    outer loop
      vertex 135 163 2.5000000000000004
      vertex 194.7781054732259 159.94454373566452 2.5000000000000004
      vertex 194.5600076233257 159.98792609530858 2.5000000000000004
    endloop
  endfacet
  facet normal 0 0 1
    outer loop
      vertex 135 163 2.5000000000000004
      vertex 194.5600076233257 159.98792609530858 2.5000000000000004
      vertex 194.34943816497935 160.0594047947308 2.5000000000000004
    endloop
  endfacet
  facet normal 0 0 1
    outer loop
      vertex 135 163 2.5000000000000004
      vertex 194.34943816497935 160.0594047947308 2.5000000000000004
      vertex 194.15 160.15775681356644 2.5000000000000004
    endloop
  endfacet
  facet normal 0 0 1
    outer loop
      vertex 135 163 2.5000000000000004
      vertex 194.15 160.15775681356644 2.5000000000000004
      vertex 193.96510557068518 160.2812993215049 2.5000000000000004
    endloop
  endfacet
  facet normal 0 0 1
    outer loop
      vertex 135 163 2.5000000000000004
      vertex 193.96510557068518 160.2812993215049 2.5000000000000004
      vertex 193.79791847198288 160.42791847198288 2.5000000000000004
    endloop
  endfacet
  facet normal 0 0 1
    outer loop
      vertex 135 163 2.5000000000000004
      vertex 193.79791847198288 160.42791847198288 2.5000000000000004
      vertex 193.6512993215049 160.59510557068518 2.5000000000000004
    endloop
  endfacet
  facet normal 0 0 -1
    outer loop
      vertex 135 163 0
      vertex 193.31454373566453 161.8518945267741 0
      vertex 193.3 161.63 0
    endloop
  endfacet
  facet normal 0 0 -1
    outer loop
      vertex 135 163 0
      vertex 193.35792609530858 162.0699923766743 0
      vertex 193.31454373566453 161.8518945267741 0
    endloop
  endfacet
  facet normal 0 0 -1
    outer loop
      vertex 135 163 0
      vertex 193.4294047947308 162.28056183502065 0
      vertex 193.35792609530858 162.0699923766743 0
    endloop
  endfacet
  facet normal 0 0 -1
    outer loop
      vertex 135 163 0
      vertex 193.52775681356644 162.48 0
      vertex 193.4294047947308 162.28056183502065 0
    endloop
  endfacet
  facet normal 0 0 -1
    outer loop
      vertex 135 163 0
      vertex 193.6512993215049 162.6648944293148 0
      vertex 193.52775681356644 162.48 0
    endloop
  endfacet
  facet normal 0 0 -1
    outer loop
      vertex 135 163 0
      vertex 193.79791847198288 162.8320815280171 0
      vertex 193.6512993215049 162.6648944293148 0
    endloop
  endfacet
  facet normal 0 0 -1
    outer loop
      vertex 135 163 0
      vertex 193.96510557068518 162.9787006784951 0
      vertex 193.79791847198288 162.8320815280171 0
    endloop
  endfacet
  facet normal 0 0 1
    outer loop
      vertex 135 163 2.5000000000000004
      vertex 193.6512993215049 160.59510557068518 2.5000000000000004
      vertex 193.52775681356644 160.78 2.5000000000000004
    endloop
  endfacet
  facet normal 0 0 1
    outer loop
      vertex 135 163 2.5000000000000004
      vertex 193.52775681356644 160.78 2.5000000000000004
      vertex 193.4294047947308 160.97943816497934 2.5000000000000004
    endloop
  endfacet
  facet normal 0 0 1
    outer loop
      vertex 135 163 2.5000000000000004
      vertex 193.4294047947308 160.97943816497934 2.5000000000000004
      vertex 193.35792609530858 161.1900076233257 2.5000000000000004
    endloop
  endfacet
  facet normal 0 0 1
    outer loop
      vertex 135 163 2.5000000000000004
      vertex 193.35792609530858 161.1900076233257 2.5000000000000004
      vertex 193.31454373566453 161.4081054732259 2.5000000000000004
    endloop
  endfacet
  facet normal 0 0 1
    outer loop
      vertex 135 163 2.5000000000000004
      vertex 193.31454373566453 161.4081054732259 2.5000000000000004
      vertex 193.3 161.63 2.5000000000000004
    endloop
  endfacet
  facet normal 0 0 1
    outer loop
      vertex 135 163 2.5000000000000004
      vertex 193.3 161.63 2.5000000000000004
      vertex 193.31454373566453 161.8518945267741 2.5000000000000004
    endloop
  endfacet
  facet normal 0 0 1
    outer loop
      vertex 135 163 2.5000000000000004
      vertex 193.31454373566453 161.8518945267741 2.5000000000000004
      vertex 193.35792609530858 162.0699923766743 2.5000000000000004
    endloop
  endfacet
  facet normal 0 0 1
    outer loop
      vertex 135 163 2.5000000000000004
      vertex 193.35792609530858 162.0699923766743 2.5000000000000004
      vertex 193.4294047947308 162.28056183502065 2.5000000000000004
    endloop
  endfacet
  facet normal 0 0 1
    outer loop
      vertex 135 163 2.5000000000000004
      vertex 193.4294047947308 162.28056183502065 2.5000000000000004
      vertex 193.52775681356644 162.48 2.5000000000000004
    endloop
  endfacet
  facet normal 0 0 1
    outer loop
      vertex 135 163 2.5000000000000004
      vertex 193.52775681356644 162.48 2.5000000000000004
      vertex 193.6512993215049 162.6648944293148 2.5000000000000004
    endloop
  endfacet
  facet normal 0 0 1
    outer loop
      vertex 135 163 2.5000000000000004
      vertex 193.6512993215049 162.6648944293148 2.5000000000000004
      vertex 193.79791847198288 162.8320815280171 2.5000000000000004
    endloop
  endfacet
  facet normal 0 0 1
    outer loop
      vertex 135 163 2.5000000000000004
      vertex 193.79791847198288 162.8320815280171 2.5000000000000004
      vertex 193.96510557068518 162.9787006784951 2.5000000000000004
    endloop
  endfacet
  facet normal 0 0 -1
    outer loop
      vertex 206 156.63 0
      vertex 135 158 0
      vertex 194.5600076233257 159.98792609530858 0
    endloop
  endfacet
  facet normal 0 0 -1
    outer loop
      vertex 206 156.63 0
      vertex 194.7781054732259 159.94454373566452 0
      vertex 195 159.93 0
    endloop
  endfacet
  facet normal 0 0 -1
    outer loop
      vertex 206 156.63 0
      vertex 194.5600076233257 159.98792609530858 0
      vertex 194.7781054732259 159.94454373566452 0
    endloop
  endfacet
  facet normal 0 0 -1
    outer loop
      vertex 206 156.63 0
      vertex 195 159.93 0
      vertex 195.2218945267741 159.94454373566452 0
    endloop
  endfacet
  facet normal 0 0 -1
    outer loop
      vertex 206 156.63 0
      vertex 195.2218945267741 159.94454373566452 0
      vertex 195.4399923766743 159.98792609530858 0
    endloop
  endfacet
  facet normal 0 0 -1
    outer loop
      vertex 206 156.63 0
      vertex 195.4399923766743 159.98792609530858 0
      vertex 195.65056183502065 160.0594047947308 0
    endloop
  endfacet
  facet normal 0 0 -1
    outer loop
      vertex 206 156.63 0
      vertex 195.65056183502065 160.0594047947308 0
      vertex 195.85 160.15775681356644 0
    endloop
  endfacet
  facet normal 0 0 -1
    outer loop
      vertex 206 156.63 0
      vertex 195.85 160.15775681356644 0
      vertex 196.03489442931482 160.2812993215049 0
    endloop
  endfacet
  facet normal 0 0 -1
    outer loop
      vertex 206 156.63 0
      vertex 196.03489442931482 160.2812993215049 0
      vertex 196.20208152801712 160.42791847198288 0
    endloop
  endfacet
  facet normal 0 0 -1
    outer loop
      vertex 206 156.63 0
      vertex 196.20208152801712 160.42791847198288 0
      vertex 196.3487006784951 160.59510557068518 0
    endloop
  endfacet
  facet normal 0 0 -1
    outer loop
      vertex 206 156.63 0
      vertex 196.3487006784951 160.59510557068518 0
      vertex 196.47224318643356 160.78 0
    endloop
  endfacet
  facet normal 0 0 -1
    outer loop
      vertex 206 156.63 0
      vertex 196.47224318643356 160.78 0
      vertex 196.5705952052692 160.97943816497934 0
    endloop
  endfacet
  facet normal 0 0 -1
    outer loop
      vertex 206 156.63 0
      vertex 196.5705952052692 160.97943816497934 0
      vertex 196.64207390469142 161.1900076233257 0
    endloop
  endfacet
  facet normal 0 0 1
    outer loop
      vertex 206 156.63 2.5000000000000004
      vertex 195.2218945267741 159.94454373566452 2.5000000000000004
      vertex 195 159.93 2.5000000000000004
    endloop
  endfacet
  facet normal 0 0 1
    outer loop
      vertex 206 156.63 2.5000000000000004
      vertex 195.4399923766743 159.98792609530858 2.5000000000000004
      vertex 195.2218945267741 159.94454373566452 2.5000000000000004
    endloop
  endfacet
  facet normal 0 0 1
    outer loop
      vertex 206 156.63 2.5000000000000004
      vertex 195.65056183502065 160.0594047947308 2.5000000000000004
      vertex 195.4399923766743 159.98792609530858 2.5000000000000004
    endloop
  endfacet
  facet normal 0 0 1
    outer loop
      vertex 206 156.63 2.5000000000000004
      vertex 195.85 160.15775681356644 2.5000000000000004
      vertex 195.65056183502065 160.0594047947308 2.5000000000000004
    endloop
  endfacet
  facet normal 0 0 1
    outer loop
      vertex 206 156.63 2.5000000000000004
      vertex 196.03489442931482 160.2812993215049 2.5000000000000004
      vertex 195.85 160.15775681356644 2.5000000000000004
    endloop
  endfacet
  facet normal 0 0 1
    outer loop
      vertex 206 156.63 2.5000000000000004
      vertex 196.20208152801712 160.42791847198288 2.5000000000000004
      vertex 196.03489442931482 160.2812993215049 2.5000000000000004
    endloop
  endfacet
  facet normal 0 0 1
    outer loop
      vertex 206 156.63 2.5000000000000004
      vertex 196.3487006784951 160.59510557068518 2.5000000000000004
      vertex 196.20208152801712 160.42791847198288 2.5000000000000004
    endloop
  endfacet
  facet normal 0 0 1
    outer loop
      vertex 206 156.63 2.5000000000000004
      vertex 196.47224318643356 160.78 2.5000000000000004
      vertex 196.3487006784951 160.59510557068518 2.5000000000000004
    endloop
  endfacet
  facet normal 0 0 1
    outer loop
      vertex 206 156.63 2.5000000000000004
      vertex 196.5705952052692 160.97943816497934 2.5000000000000004
      vertex 196.47224318643356 160.78 2.5000000000000004
    endloop
  endfacet
  facet normal 0 0 1
    outer loop
      vertex 206 156.63 2.5000000000000004
      vertex 196.64207390469142 161.1900076233257 2.5000000000000004
      vertex 196.5705952052692 160.97943816497934 2.5000000000000004
    endloop
  endfacet
  facet normal 0 0 1
    outer loop
      vertex 206 156.63 2.5000000000000004
      vertex 196.68545626433547 161.4081054732259 2.5000000000000004
      vertex 196.64207390469142 161.1900076233257 2.5000000000000004
    endloop
  endfacet
  facet normal 0 0 1
    outer loop
      vertex 206 156.63 2.5000000000000004
      vertex 195 159.93 2.5000000000000004
      vertex 135 163 2.5000000000000004
    endloop
  endfacet
  facet normal 1 0 0
    outer loop
      vertex 206 156.63 0
      vertex 206 166.63 0
      vertex 206 156.63 2.5000000000000004
    endloop
  endfacet
  facet normal 0 0 1
    outer loop
      vertex 206 156.63 2.5000000000000004
      vertex 196.7 161.63 2.5000000000000004
      vertex 196.68545626433547 161.4081054732259 2.5000000000000004
    endloop
  endfacet
  facet normal 0 0 -1
    outer loop
      vertex 206 156.63 0
      vertex 196.64207390469142 161.1900076233257 0
      vertex 206 166.63 0
    endloop
  endfacet
  facet normal 0 0 1
    outer loop
      vertex 206 156.63 2.5000000000000004
      vertex 206 166.63 2.5000000000000004
      vertex 196.7 161.63 2.5000000000000004
    endloop
  endfacet
  facet normal 0 0 -1
    outer loop
      vertex 206 166.63 0
      vertex 110.2218945267741 163.31545626433547 0
      vertex 110 163.32999999999998 0
    endloop
  endfacet
  facet normal 0 0 -1
    outer loop
      vertex 206 166.63 0
      vertex 110.43999237667428 163.2720739046914 0
      vertex 110.2218945267741 163.31545626433547 0
    endloop
  endfacet
  facet normal 0 0 -1
    outer loop
      vertex 206 166.63 0
      vertex 124 163 0
      vertex 110.43999237667428 163.2720739046914 0
    endloop
  endfacet
  facet normal 0 0 -1
    outer loop
      vertex 206 166.63 0
      vertex 135 163 0
      vertex 124 163 0
    endloop
  endfacet
  facet normal 0 0 1
    outer loop
      vertex 206 166.63 2.5000000000000004
      vertex 109.23000000000002 166.63 2.5000000000000004
      vertex 135 163 2.5000000000000004
    endloop
  endfacet
  facet normal 0 0 -1
    outer loop
      vertex 135 163 0
      vertex 194.15 163.10224318643355 0
      vertex 193.96510557068518 162.9787006784951 0
    endloop
  endfacet
  facet normal 0 0 -1
    outer loop
      vertex 135 163 0
      vertex 194.34943816497935 163.2005952052692 0
      vertex 194.15 163.10224318643355 0
    endloop
  endfacet
  facet normal 0 0 -1
    outer loop
      vertex 135 163 0
      vertex 194.5600076233257 163.2720739046914 0
      vertex 194.34943816497935 163.2005952052692 0
    endloop
  endfacet
  facet normal 0 0 -1
    outer loop
      vertex 135 163 0
      vertex 194.7781054732259 163.31545626433547 0
      vertex 194.5600076233257 163.2720739046914 0
    endloop
  endfacet
  facet normal 0 0 -1
    outer loop
      vertex 135 163 0
      vertex 195 163.32999999999998 0
      vertex 194.7781054732259 163.31545626433547 0
    endloop
  endfacet
  facet normal 0 0 1
    outer loop
      vertex 135 163 2.5000000000000004
      vertex 193.96510557068518 162.9787006784951 2.5000000000000004
      vertex 194.15 163.10224318643355 2.5000000000000004
    endloop
  endfacet
  facet normal 0 0 1
    outer loop
      vertex 135 163 2.5000000000000004
      vertex 194.15 163.10224318643355 2.5000000000000004
      vertex 194.34943816497935 163.2005952052692 2.5000000000000004
    endloop
  endfacet
  facet normal 0 0 1
    outer loop
      vertex 135 163 2.5000000000000004
      vertex 194.34943816497935 163.2005952052692 2.5000000000000004
      vertex 194.5600076233257 163.2720739046914 2.5000000000000004
    endloop
  endfacet
  facet normal 0 0 1
    outer loop
      vertex 135 163 2.5000000000000004
      vertex 194.5600076233257 163.2720739046914 2.5000000000000004
      vertex 194.7781054732259 163.31545626433547 2.5000000000000004
    endloop
  endfacet
  facet normal 0 0 1
    outer loop
      vertex 135 163 2.5000000000000004
      vertex 194.7781054732259 163.31545626433547 2.5000000000000004
      vertex 195 163.32999999999998 2.5000000000000004
    endloop
  endfacet
  facet normal 0 1 0
    outer loop
      vertex 92 166.63 0.7000000000000002
      vertex 206 166.63 0.7000000000000002
      vertex 206 166.63 0
    endloop
  endfacet
  facet normal 0 0 -1
    outer loop
      vertex 206 166.63 0
      vertex 195 163.32999999999998 0
      vertex 135 163 0
    endloop
  endfacet
  facet normal 0 0 1
    outer loop
      vertex 206 166.63 2.5000000000000004
      vertex 135 163 2.5000000000000004
      vertex 195 163.32999999999998 2.5000000000000004
    endloop
  endfacet
  facet normal 0 0 -1
    outer loop
      vertex 206 166.63 0
      vertex 196.64207390469142 161.1900076233257 0
      vertex 196.68545626433547 161.4081054732259 0
    endloop
  endfacet
  facet normal 0 0 -1
    outer loop
      vertex 206 166.63 0
      vertex 196.68545626433547 161.4081054732259 0
      vertex 196.7 161.63 0
    endloop
  endfacet
  facet normal 0 0 -1
    outer loop
      vertex 206 166.63 0
      vertex 196.7 161.63 0
      vertex 196.68545626433547 161.8518945267741 0
    endloop
  endfacet
  facet normal 0 0 -1
    outer loop
      vertex 206 166.63 0
      vertex 196.68545626433547 161.8518945267741 0
      vertex 196.64207390469142 162.0699923766743 0
    endloop
  endfacet
  facet normal 0 0 -1
    outer loop
      vertex 206 166.63 0
      vertex 196.64207390469142 162.0699923766743 0
      vertex 196.5705952052692 162.28056183502065 0
    endloop
  endfacet
  facet normal 0 0 -1
    outer loop
      vertex 206 166.63 0
      vertex 196.5705952052692 162.28056183502065 0
      vertex 196.47224318643356 162.48 0
    endloop
  endfacet
  facet normal 0 0 -1
    outer loop
      vertex 206 166.63 0
      vertex 196.47224318643356 162.48 0
      vertex 196.3487006784951 162.6648944293148 0
    endloop
  endfacet
  facet normal 0 0 -1
    outer loop
      vertex 206 166.63 0
      vertex 196.3487006784951 162.6648944293148 0
      vertex 196.20208152801712 162.8320815280171 0
    endloop
  endfacet
  facet normal 0 0 -1
    outer loop
      vertex 206 166.63 0
      vertex 196.20208152801712 162.8320815280171 0
      vertex 196.03489442931482 162.9787006784951 0
    endloop
  endfacet
  facet normal 0 0 -1
    outer loop
      vertex 206 166.63 0
      vertex 195.4399923766743 163.2720739046914 0
      vertex 195.2218945267741 163.31545626433547 0
    endloop
  endfacet
  facet normal 0 0 -1
    outer loop
      vertex 206 166.63 0
      vertex 195.2218945267741 163.31545626433547 0
      vertex 195 163.32999999999998 0
    endloop
  endfacet
  facet normal 0 0 -1
    outer loop
      vertex 206 166.63 0
      vertex 196.03489442931482 162.9787006784951 0
      vertex 195.85 163.10224318643355 0
    endloop
  endfacet
  facet normal 0 0 -1
    outer loop
      vertex 206 166.63 0
      vertex 195.85 163.10224318643355 0
      vertex 195.65056183502065 163.2005952052692 0
    endloop
  endfacet
  facet normal 0 0 -1
    outer loop
      vertex 206 166.63 0
      vertex 195.65056183502065 163.2005952052692 0
      vertex 195.4399923766743 163.2720739046914 0
    endloop
  endfacet
  facet normal 1 0 0
    outer loop
      vertex 206 156.63 2.5000000000000004
      vertex 206 166.63 0
      vertex 206 166.63 0.7000000000000002
    endloop
  endfacet
  facet normal 1 0 0
    outer loop
      vertex 206 156.63 2.5000000000000004
      vertex 206 166.63 0.7000000000000002
      vertex 206 166.63 2.5000000000000004
    endloop
  endfacet
  facet normal 0 0 1
    outer loop
      vertex 206 166.63 2.5000000000000004
      vertex 196.68545626433547 161.8518945267741 2.5000000000000004
      vertex 196.7 161.63 2.5000000000000004
    endloop
  endfacet
  facet normal 0 0 1
    outer loop
      vertex 206 166.63 2.5000000000000004
      vertex 196.64207390469142 162.0699923766743 2.5000000000000004
      vertex 196.68545626433547 161.8518945267741 2.5000000000000004
    endloop
  endfacet
  facet normal 0 0 1
    outer loop
      vertex 206 166.63 2.5000000000000004
      vertex 196.5705952052692 162.28056183502065 2.5000000000000004
      vertex 196.64207390469142 162.0699923766743 2.5000000000000004
    endloop
  endfacet
  facet normal 0 0 1
    outer loop
      vertex 206 166.63 2.5000000000000004
      vertex 196.47224318643356 162.48 2.5000000000000004
      vertex 196.5705952052692 162.28056183502065 2.5000000000000004
    endloop
  endfacet
  facet normal 0 0 1
    outer loop
      vertex 206 166.63 2.5000000000000004
      vertex 196.3487006784951 162.6648944293148 2.5000000000000004
      vertex 196.47224318643356 162.48 2.5000000000000004
    endloop
  endfacet
  facet normal 0 0 1
    outer loop
      vertex 206 166.63 2.5000000000000004
      vertex 196.20208152801712 162.8320815280171 2.5000000000000004
      vertex 196.3487006784951 162.6648944293148 2.5000000000000004
    endloop
  endfacet
  facet normal 0 0 1
    outer loop
      vertex 206 166.63 2.5000000000000004
      vertex 196.03489442931482 162.9787006784951 2.5000000000000004
      vertex 196.20208152801712 162.8320815280171 2.5000000000000004
    endloop
  endfacet
  facet normal 0 0 1
    outer loop
      vertex 206 166.63 2.5000000000000004
      vertex 195.2218945267741 163.31545626433547 2.5000000000000004
      vertex 195.4399923766743 163.2720739046914 2.5000000000000004
    endloop
  endfacet
  facet normal 0 0 1
    outer loop
      vertex 206 166.63 2.5000000000000004
      vertex 195 163.32999999999998 2.5000000000000004
      vertex 195.2218945267741 163.31545626433547 2.5000000000000004
    endloop
  endfacet
  facet normal 0 0 1
    outer loop
      vertex 206 166.63 2.5000000000000004
      vertex 195.85 163.10224318643355 2.5000000000000004
      vertex 196.03489442931482 162.9787006784951 2.5000000000000004
    endloop
  endfacet
  facet normal 0 0 1
    outer loop
      vertex 206 166.63 2.5000000000000004
      vertex 195.65056183502065 163.2005952052692 2.5000000000000004
      vertex 195.85 163.10224318643355 2.5000000000000004
    endloop
  endfacet
  facet normal 0 0 1
    outer loop
      vertex 206 166.63 2.5000000000000004
      vertex 195.4399923766743 163.2720739046914 2.5000000000000004
      vertex 195.65056183502065 163.2005952052692 2.5000000000000004
    endloop
  endfacet
  facet normal 0.8314696123025362 0 0.5555702330196156
    outer loop
      vertex 113.75462265135928 169.32999999999998 9.200724856180814
      vertex 113.59474411167423 166.63 9.44
      vertex 113.75462265135928 166.63 9.200724856180814
    endloop
  endfacet
  facet normal 0.8968727415327016 0 0.44228869021897443
    outer loop
      vertex 113.59474411167423 169.32999999999998 9.44
      vertex 113.46746502847517 166.63 9.698096448796802
      vertex 113.59474411167423 166.63 9.44
    endloop
  endfacet
  facet normal 0.32143946530316464 0 0.9469301294951046
    outer loop
      vertex 114.93059810077446 169.32999999999998 8.41496318216405
      vertex 114.65809644879681 166.63 8.507465028475169
      vertex 114.93059810077446 166.63 8.41496318216405
    endloop
  endfacet
  facet normal 0.19509032201613383 0 0.9807852804032293
    outer loop
      vertex 115.21284237711589 169.32999999999998 8.358821304977615
      vertex 114.93059810077446 166.63 8.41496318216405
      vertex 115.21284237711589 166.63 8.358821304977615
    endloop
  endfacet
  facet normal 0.06540312923014495 0 0.9978589232386035
    outer loop
      vertex 115.5 169.32999999999998 8.339999999999998
      vertex 115.21284237711589 166.63 8.358821304977615
      vertex 115.5 166.63 8.339999999999998
    endloop
  endfacet
  facet normal -0.06540312923014495 0 0.9978589232386035
    outer loop
      vertex 115.78715762288411 169.32999999999998 8.358821304977615
      vertex 115.5 166.63 8.339999999999998
      vertex 115.78715762288411 166.63 8.358821304977615
    endloop
  endfacet
  facet normal -0.19509032201613383 0 0.9807852804032293
    outer loop
      vertex 116.06940189922554 169.32999999999998 8.41496318216405
      vertex 115.78715762288411 166.63 8.358821304977615
      vertex 116.06940189922554 166.63 8.41496318216405
    endloop
  endfacet
  facet normal 0.44228869021899436 0 0.8968727415326917
    outer loop
      vertex 114.65809644879681 169.32999999999998 8.507465028475169
      vertex 114.4 166.63 8.634744111674234
      vertex 114.65809644879681 166.63 8.507465028475169
    endloop
  endfacet
  facet normal 0.5555702330196028 0 0.8314696123025448
    outer loop
      vertex 114.4 169.32999999999998 8.634744111674234
      vertex 114.16072485618082 166.63 8.794622651359282
      vertex 114.4 166.63 8.634744111674234
    endloop
  endfacet
  facet normal 0.6593458151000756 0 0.7518398074789715
    outer loop
      vertex 114.16072485618082 169.32999999999998 8.794622651359282
      vertex 113.9443650813896 166.63 8.984365081389594
      vertex 114.16072485618082 166.63 8.794622651359282
    endloop
  endfacet
  facet normal 0.7518398074789641 0 0.6593458151000838
    outer loop
      vertex 113.9443650813896 169.32999999999998 8.984365081389594
      vertex 113.75462265135928 166.63 9.200724856180814
      vertex 113.9443650813896 166.63 8.984365081389594
    endloop
  endfacet
  facet normal -0.32143946530316464 0 0.9469301294951046
    outer loop
      vertex 116.34190355120319 169.32999999999998 8.507465028475169
      vertex 116.06940189922554 166.63 8.41496318216405
      vertex 116.34190355120319 166.63 8.507465028475169
    endloop
  endfacet
  facet normal -0.44228869021899436 0 0.8968727415326917
    outer loop
      vertex 116.6 169.32999999999998 8.634744111674234
      vertex 116.34190355120319 166.63 8.507465028475169
      vertex 116.6 166.63 8.634744111674234
    endloop
  endfacet
  facet normal -0.5555702330196028 0 0.8314696123025448
    outer loop
      vertex 116.83927514381918 169.32999999999998 8.794622651359282
      vertex 116.6 166.63 8.634744111674234
      vertex 116.83927514381918 166.63 8.794622651359282
    endloop
  endfacet
  facet normal -0.6593458151000756 0 0.7518398074789715
    outer loop
      vertex 117.0556349186104 169.32999999999998 8.984365081389594
      vertex 116.83927514381918 166.63 8.794622651359282
      vertex 117.0556349186104 166.63 8.984365081389594
    endloop
  endfacet
  facet normal -0.7518398074789641 0 0.6593458151000838
    outer loop
      vertex 117.24537734864072 169.32999999999998 9.200724856180814
      vertex 117.0556349186104 166.63 8.984365081389594
      vertex 117.24537734864072 166.63 9.200724856180814
    endloop
  endfacet
  facet normal -0.8314696123025362 0 0.5555702330196156
    outer loop
      vertex 117.40525588832577 169.32999999999998 9.44
      vertex 117.24537734864072 166.63 9.200724856180814
      vertex 117.40525588832577 166.63 9.44
    endloop
  endfacet
  facet normal -0.8968727415327016 0 0.44228869021897443
    outer loop
      vertex 117.53253497152483 169.32999999999998 9.698096448796802
      vertex 117.40525588832577 166.63 9.44
      vertex 117.53253497152483 166.63 9.698096448796802
    endloop
  endfacet
  facet normal 0.8314696123025362 0 0.5555702330196156
    outer loop
      vertex 113.59474411167423 169.32999999999998 9.44
      vertex 113.59474411167423 166.63 9.44
      vertex 113.75462265135928 169.32999999999998 9.200724856180814
    endloop
  endfacet
  facet normal 0.8968727415327016 0 0.44228869021897443
    outer loop
      vertex 113.46746502847517 169.32999999999998 9.698096448796802
      vertex 113.46746502847517 166.63 9.698096448796802
      vertex 113.59474411167423 169.32999999999998 9.44
    endloop
  endfacet
  facet normal 0.06540312923014495 0 0.9978589232386035
    outer loop
      vertex 115.5 169.32999999999998 8.339999999999998
      vertex 115.21284237711589 169.32999999999998 8.358821304977615
      vertex 115.21284237711589 166.63 8.358821304977615
    endloop
  endfacet
  facet normal 0.19509032201613383 0 0.9807852804032293
    outer loop
      vertex 115.21284237711589 169.32999999999998 8.358821304977615
      vertex 114.93059810077446 169.32999999999998 8.41496318216405
      vertex 114.93059810077446 166.63 8.41496318216405
    endloop
  endfacet
  facet normal -0.06540312923014495 0 0.9978589232386035
    outer loop
      vertex 115.78715762288411 169.32999999999998 8.358821304977615
      vertex 115.5 169.32999999999998 8.339999999999998
      vertex 115.5 166.63 8.339999999999998
    endloop
  endfacet
  facet normal -0.19509032201613383 0 0.9807852804032293
    outer loop
      vertex 116.06940189922554 169.32999999999998 8.41496318216405
      vertex 115.78715762288411 169.32999999999998 8.358821304977615
      vertex 115.78715762288411 166.63 8.358821304977615
    endloop
  endfacet
  facet normal -0.32143946530316464 0 0.9469301294951046
    outer loop
      vertex 116.34190355120319 169.32999999999998 8.507465028475169
      vertex 116.06940189922554 169.32999999999998 8.41496318216405
      vertex 116.06940189922554 166.63 8.41496318216405
    endloop
  endfacet
  facet normal 0.32143946530316464 0 0.9469301294951046
    outer loop
      vertex 114.93059810077446 169.32999999999998 8.41496318216405
      vertex 114.65809644879681 169.32999999999998 8.507465028475169
      vertex 114.65809644879681 166.63 8.507465028475169
    endloop
  endfacet
  facet normal 0.44228869021899436 0 0.8968727415326917
    outer loop
      vertex 114.65809644879681 169.32999999999998 8.507465028475169
      vertex 114.4 169.32999999999998 8.634744111674234
      vertex 114.4 166.63 8.634744111674234
    endloop
  endfacet
  facet normal 0.5555702330196028 0 0.8314696123025448
    outer loop
      vertex 114.4 169.32999999999998 8.634744111674234
      vertex 114.16072485618082 169.32999999999998 8.794622651359282
      vertex 114.16072485618082 166.63 8.794622651359282
    endloop
  endfacet
  facet normal 0.6593458151000756 0 0.7518398074789715
    outer loop
      vertex 114.16072485618082 169.32999999999998 8.794622651359282
      vertex 113.9443650813896 169.32999999999998 8.984365081389594
      vertex 113.9443650813896 166.63 8.984365081389594
    endloop
  endfacet
  facet normal -0.44228869021899436 0 0.8968727415326917
    outer loop
      vertex 116.6 169.32999999999998 8.634744111674234
      vertex 116.34190355120319 169.32999999999998 8.507465028475169
      vertex 116.34190355120319 166.63 8.507465028475169
    endloop
  endfacet
  facet normal -0.5555702330196028 0 0.8314696123025448
    outer loop
      vertex 116.83927514381918 169.32999999999998 8.794622651359282
      vertex 116.6 169.32999999999998 8.634744111674234
      vertex 116.6 166.63 8.634744111674234
    endloop
  endfacet
  facet normal -0.6593458151000756 0 0.7518398074789715
    outer loop
      vertex 117.0556349186104 169.32999999999998 8.984365081389594
      vertex 116.83927514381918 169.32999999999998 8.794622651359282
      vertex 116.83927514381918 166.63 8.794622651359282
    endloop
  endfacet
  facet normal -0.7518398074789641 0 0.6593458151000838
    outer loop
      vertex 117.0556349186104 169.32999999999998 8.984365081389594
      vertex 117.0556349186104 166.63 8.984365081389594
      vertex 117.24537734864072 169.32999999999998 9.200724856180814
    endloop
  endfacet
  facet normal 0.7518398074789641 0 0.6593458151000838
    outer loop
      vertex 113.75462265135928 169.32999999999998 9.200724856180814
      vertex 113.75462265135928 166.63 9.200724856180814
      vertex 113.9443650813896 169.32999999999998 8.984365081389594
    endloop
  endfacet
  facet normal -0.8314696123025362 0 0.5555702330196156
    outer loop
      vertex 117.24537734864072 169.32999999999998 9.200724856180814
      vertex 117.24537734864072 166.63 9.200724856180814
      vertex 117.40525588832577 169.32999999999998 9.44
    endloop
  endfacet
  facet normal -0.8968727415327016 0 0.44228869021897443
    outer loop
      vertex 117.40525588832577 169.32999999999998 9.44
      vertex 117.40525588832577 166.63 9.44
      vertex 117.53253497152483 169.32999999999998 9.698096448796802
    endloop
  endfacet
  facet normal 0.9469301294950871 0 0.32143946530321627
    outer loop
      vertex 113.46746502847517 169.32999999999998 9.698096448796802
      vertex 113.37496318216404 166.63 9.970598100774454
      vertex 113.46746502847517 166.63 9.698096448796802
    endloop
  endfacet
  facet normal 0.9807852804032295 0 0.19509032201613263
    outer loop
      vertex 113.37496318216404 169.32999999999998 9.970598100774454
      vertex 113.3188213049776 166.63 10.252842377115886
      vertex 113.37496318216404 166.63 9.970598100774454
    endloop
  endfacet
  facet normal 0.997858923238609 0 0.06540312923005807
    outer loop
      vertex 113.3188213049776 169.32999999999998 10.252842377115886
      vertex 113.30000000000001 166.63 10.54
      vertex 113.3188213049776 166.63 10.252842377115886
    endloop
  endfacet
  facet normal 0.997858923238609 0 -0.06540312923005807
    outer loop
      vertex 113.30000000000001 169.32999999999998 10.54
      vertex 113.3188213049776 166.63 10.827157622884112
      vertex 113.30000000000001 166.63 10.54
    endloop
  endfacet
  facet normal 0.9807852804032295 0 -0.19509032201613263
    outer loop
      vertex 113.3188213049776 169.32999999999998 10.827157622884112
      vertex 113.37496318216404 166.63 11.109401899225544
      vertex 113.3188213049776 166.63 10.827157622884112
    endloop
  endfacet
  facet normal 0.9469301294950871 0 -0.32143946530321627
    outer loop
      vertex 113.37496318216404 169.32999999999998 11.109401899225544
      vertex 113.46746502847517 166.63 11.381903551203196
      vertex 113.37496318216404 166.63 11.109401899225544
    endloop
  endfacet
  facet normal 0.8968727415327016 0 -0.44228869021897443
    outer loop
      vertex 113.46746502847517 169.32999999999998 11.381903551203196
      vertex 113.59474411167423 166.63 11.639999999999999
      vertex 113.46746502847517 166.63 11.381903551203196
    endloop
  endfacet
  facet normal 0.8314696123025362 0 -0.5555702330196156
    outer loop
      vertex 113.59474411167423 169.32999999999998 11.639999999999999
      vertex 113.75462265135928 166.63 11.879275143819184
      vertex 113.59474411167423 166.63 11.639999999999999
    endloop
  endfacet
  facet normal -0.9469301294950871 0 0.32143946530321627
    outer loop
      vertex 117.62503681783596 169.32999999999998 9.970598100774454
      vertex 117.53253497152483 166.63 9.698096448796802
      vertex 117.62503681783596 166.63 9.970598100774454
    endloop
  endfacet
  facet normal -0.9807852804032295 0 0.19509032201613263
    outer loop
      vertex 117.6811786950224 169.32999999999998 10.252842377115886
      vertex 117.62503681783596 166.63 9.970598100774454
      vertex 117.6811786950224 166.63 10.252842377115886
    endloop
  endfacet
  facet normal -0.997858923238609 0 0.06540312923005807
    outer loop
      vertex 117.69999999999999 169.32999999999998 10.54
      vertex 117.6811786950224 166.63 10.252842377115886
      vertex 117.69999999999999 166.63 10.54
    endloop
  endfacet
  facet normal -0.997858923238609 0 -0.06540312923005807
    outer loop
      vertex 117.6811786950224 169.32999999999998 10.827157622884112
      vertex 117.69999999999999 166.63 10.54
      vertex 117.6811786950224 166.63 10.827157622884112
    endloop
  endfacet
  facet normal -0.9807852804032295 0 -0.19509032201613263
    outer loop
      vertex 117.62503681783596 169.32999999999998 11.109401899225544
      vertex 117.6811786950224 166.63 10.827157622884112
      vertex 117.62503681783596 166.63 11.109401899225544
    endloop
  endfacet
  facet normal -0.9469301294950871 0 -0.32143946530321627
    outer loop
      vertex 117.53253497152483 169.32999999999998 11.381903551203196
      vertex 117.62503681783596 166.63 11.109401899225544
      vertex 117.53253497152483 166.63 11.381903551203196
    endloop
  endfacet
  facet normal 0.7518398074789641 0 -0.6593458151000838
    outer loop
      vertex 113.75462265135928 169.32999999999998 11.879275143819184
      vertex 113.9443650813896 166.63 12.095634918610404
      vertex 113.75462265135928 166.63 11.879275143819184
    endloop
  endfacet
  facet normal -0.8968727415327016 0 -0.44228869021897443
    outer loop
      vertex 117.40525588832577 169.32999999999998 11.639999999999999
      vertex 117.53253497152483 166.63 11.381903551203196
      vertex 117.40525588832577 166.63 11.639999999999999
    endloop
  endfacet
  facet normal -0.8314696123025362 0 -0.5555702330196156
    outer loop
      vertex 117.24537734864072 169.32999999999998 11.879275143819184
      vertex 117.40525588832577 166.63 11.639999999999999
      vertex 117.24537734864072 166.63 11.879275143819184
    endloop
  endfacet
  facet normal -0.7518398074789641 0 -0.6593458151000838
    outer loop
      vertex 117.24537734864072 166.63 11.879275143819184
      vertex 117.0556349186104 166.63 12.095634918610404
      vertex 117.0556349186104 169.32999999999998 12.095634918610404
    endloop
  endfacet
  facet normal 0.6593458151000756 0 -0.7518398074789715
    outer loop
      vertex 113.9443650813896 166.63 12.095634918610404
      vertex 113.9443650813896 169.32999999999998 12.095634918610404
      vertex 114.16072485618082 166.63 12.285377348640717
    endloop
  endfacet
  facet normal 0.5555702330196028 0 -0.8314696123025448
    outer loop
      vertex 114.16072485618082 169.32999999999998 12.285377348640717
      vertex 114.4 166.63 12.445255888325764
      vertex 114.16072485618082 166.63 12.285377348640717
    endloop
  endfacet
  facet normal 0.44228869021899436 0 -0.8968727415326917
    outer loop
      vertex 114.4 169.32999999999998 12.445255888325764
      vertex 114.65809644879681 166.63 12.57253497152483
      vertex 114.4 166.63 12.445255888325764
    endloop
  endfacet
  facet normal 0.32143946530316464 0 -0.9469301294951046
    outer loop
      vertex 114.65809644879681 169.32999999999998 12.57253497152483
      vertex 114.93059810077446 166.63 12.665036817835949
      vertex 114.65809644879681 166.63 12.57253497152483
    endloop
  endfacet
  facet normal 0.19509032201613383 0 -0.9807852804032293
    outer loop
      vertex 114.93059810077446 169.32999999999998 12.665036817835949
      vertex 115.21284237711589 166.63 12.721178695022383
      vertex 114.93059810077446 166.63 12.665036817835949
    endloop
  endfacet
  facet normal -0.6593458151000756 0 -0.7518398074789715
    outer loop
      vertex 116.83927514381918 169.32999999999998 12.285377348640717
      vertex 117.0556349186104 166.63 12.095634918610404
      vertex 116.83927514381918 166.63 12.285377348640717
    endloop
  endfacet
  facet normal -0.5555702330196028 0 -0.8314696123025448
    outer loop
      vertex 116.6 169.32999999999998 12.445255888325764
      vertex 116.83927514381918 166.63 12.285377348640717
      vertex 116.6 166.63 12.445255888325764
    endloop
  endfacet
  facet normal -0.44228869021899436 0 -0.8968727415326917
    outer loop
      vertex 116.34190355120319 169.32999999999998 12.57253497152483
      vertex 116.6 166.63 12.445255888325764
      vertex 116.34190355120319 166.63 12.57253497152483
    endloop
  endfacet
  facet normal -0.32143946530316464 0 -0.9469301294951046
    outer loop
      vertex 116.06940189922554 169.32999999999998 12.665036817835949
      vertex 116.34190355120319 166.63 12.57253497152483
      vertex 116.06940189922554 166.63 12.665036817835949
    endloop
  endfacet
  facet normal 0.06540312923014495 0 -0.9978589232386035
    outer loop
      vertex 115.21284237711589 169.32999999999998 12.721178695022383
      vertex 115.5 166.63 12.74
      vertex 115.21284237711589 166.63 12.721178695022383
    endloop
  endfacet
  facet normal -0.06540312923014495 0 -0.9978589232386035
    outer loop
      vertex 115.5 169.32999999999998 12.74
      vertex 115.78715762288411 166.63 12.721178695022383
      vertex 115.5 166.63 12.74
    endloop
  endfacet
  facet normal -0.19509032201613383 0 -0.9807852804032293
    outer loop
      vertex 115.78715762288411 169.32999999999998 12.721178695022383
      vertex 116.06940189922554 166.63 12.665036817835949
      vertex 115.78715762288411 166.63 12.721178695022383
    endloop
  endfacet
  facet normal 0.9469301294950871 0 0.32143946530321627
    outer loop
      vertex 113.37496318216404 169.32999999999998 9.970598100774454
      vertex 113.37496318216404 166.63 9.970598100774454
      vertex 113.46746502847517 169.32999999999998 9.698096448796802
    endloop
  endfacet
  facet normal 0.9807852804032295 0 0.19509032201613263
    outer loop
      vertex 113.3188213049776 169.32999999999998 10.252842377115886
      vertex 113.3188213049776 166.63 10.252842377115886
      vertex 113.37496318216404 169.32999999999998 9.970598100774454
    endloop
  endfacet
  facet normal 0.997858923238609 0 0.06540312923005807
    outer loop
      vertex 113.30000000000001 169.32999999999998 10.54
      vertex 113.30000000000001 166.63 10.54
      vertex 113.3188213049776 169.32999999999998 10.252842377115886
    endloop
  endfacet
  facet normal 0.997858923238609 0 -0.06540312923005807
    outer loop
      vertex 113.3188213049776 169.32999999999998 10.827157622884112
      vertex 113.3188213049776 166.63 10.827157622884112
      vertex 113.30000000000001 169.32999999999998 10.54
    endloop
  endfacet
  facet normal 0.9807852804032295 0 -0.19509032201613263
    outer loop
      vertex 113.37496318216404 169.32999999999998 11.109401899225544
      vertex 113.37496318216404 166.63 11.109401899225544
      vertex 113.3188213049776 169.32999999999998 10.827157622884112
    endloop
  endfacet
  facet normal 0.9469301294950871 0 -0.32143946530321627
    outer loop
      vertex 113.46746502847517 169.32999999999998 11.381903551203196
      vertex 113.46746502847517 166.63 11.381903551203196
      vertex 113.37496318216404 169.32999999999998 11.109401899225544
    endloop
  endfacet
  facet normal 0.8968727415327016 0 -0.44228869021897443
    outer loop
      vertex 113.59474411167423 169.32999999999998 11.639999999999999
      vertex 113.59474411167423 166.63 11.639999999999999
      vertex 113.46746502847517 169.32999999999998 11.381903551203196
    endloop
  endfacet
  facet normal 0.8314696123025362 0 -0.5555702330196156
    outer loop
      vertex 113.75462265135928 169.32999999999998 11.879275143819184
      vertex 113.75462265135928 166.63 11.879275143819184
      vertex 113.59474411167423 169.32999999999998 11.639999999999999
    endloop
  endfacet
  facet normal -0.9469301294950871 0 0.32143946530321627
    outer loop
      vertex 117.53253497152483 169.32999999999998 9.698096448796802
      vertex 117.53253497152483 166.63 9.698096448796802
      vertex 117.62503681783596 169.32999999999998 9.970598100774454
    endloop
  endfacet
  facet normal -0.9807852804032295 0 0.19509032201613263
    outer loop
      vertex 117.62503681783596 169.32999999999998 9.970598100774454
      vertex 117.62503681783596 166.63 9.970598100774454
      vertex 117.6811786950224 169.32999999999998 10.252842377115886
    endloop
  endfacet
  facet normal -0.997858923238609 0 0.06540312923005807
    outer loop
      vertex 117.6811786950224 169.32999999999998 10.252842377115886
      vertex 117.6811786950224 166.63 10.252842377115886
      vertex 117.69999999999999 169.32999999999998 10.54
    endloop
  endfacet
  facet normal -0.997858923238609 0 -0.06540312923005807
    outer loop
      vertex 117.69999999999999 169.32999999999998 10.54
      vertex 117.69999999999999 166.63 10.54
      vertex 117.6811786950224 169.32999999999998 10.827157622884112
    endloop
  endfacet
  facet normal -0.9807852804032295 0 -0.19509032201613263
    outer loop
      vertex 117.6811786950224 169.32999999999998 10.827157622884112
      vertex 117.6811786950224 166.63 10.827157622884112
      vertex 117.62503681783596 169.32999999999998 11.109401899225544
    endloop
  endfacet
  facet normal -0.9469301294950871 0 -0.32143946530321627
    outer loop
      vertex 117.62503681783596 169.32999999999998 11.109401899225544
      vertex 117.62503681783596 166.63 11.109401899225544
      vertex 117.53253497152483 169.32999999999998 11.381903551203196
    endloop
  endfacet
  facet normal -0.8968727415327016 0 -0.44228869021897443
    outer loop
      vertex 117.53253497152483 169.32999999999998 11.381903551203196
      vertex 117.53253497152483 166.63 11.381903551203196
      vertex 117.40525588832577 169.32999999999998 11.639999999999999
    endloop
  endfacet
  facet normal 0.7518398074789641 0 -0.6593458151000838
    outer loop
      vertex 113.9443650813896 169.32999999999998 12.095634918610404
      vertex 113.9443650813896 166.63 12.095634918610404
      vertex 113.75462265135928 169.32999999999998 11.879275143819184
    endloop
  endfacet
  facet normal -0.8314696123025362 0 -0.5555702330196156
    outer loop
      vertex 117.40525588832577 169.32999999999998 11.639999999999999
      vertex 117.40525588832577 166.63 11.639999999999999
      vertex 117.24537734864072 169.32999999999998 11.879275143819184
    endloop
  endfacet
  facet normal -0.7518398074789641 0 -0.6593458151000838
    outer loop
      vertex 117.24537734864072 169.32999999999998 11.879275143819184
      vertex 117.24537734864072 166.63 11.879275143819184
      vertex 117.0556349186104 169.32999999999998 12.095634918610404
    endloop
  endfacet
  facet normal 0.6593458151000756 0 -0.7518398074789715
    outer loop
      vertex 113.9443650813896 169.32999999999998 12.095634918610404
      vertex 114.16072485618082 169.32999999999998 12.285377348640717
      vertex 114.16072485618082 166.63 12.285377348640717
    endloop
  endfacet
  facet normal 0.5555702330196028 0 -0.8314696123025448
    outer loop
      vertex 114.16072485618082 169.32999999999998 12.285377348640717
      vertex 114.4 169.32999999999998 12.445255888325764
      vertex 114.4 166.63 12.445255888325764
    endloop
  endfacet
  facet normal 0.44228869021899436 0 -0.8968727415326917
    outer loop
      vertex 114.4 169.32999999999998 12.445255888325764
      vertex 114.65809644879681 169.32999999999998 12.57253497152483
      vertex 114.65809644879681 166.63 12.57253497152483
    endloop
  endfacet
  facet normal 0.32143946530316464 0 -0.9469301294951046
    outer loop
      vertex 114.65809644879681 169.32999999999998 12.57253497152483
      vertex 114.93059810077446 169.32999999999998 12.665036817835949
      vertex 114.93059810077446 166.63 12.665036817835949
    endloop
  endfacet
  facet normal -0.6593458151000756 0 -0.7518398074789715
    outer loop
      vertex 116.83927514381918 169.32999999999998 12.285377348640717
      vertex 117.0556349186104 169.32999999999998 12.095634918610404
      vertex 117.0556349186104 166.63 12.095634918610404
    endloop
  endfacet
  facet normal -0.5555702330196028 0 -0.8314696123025448
    outer loop
      vertex 116.6 169.32999999999998 12.445255888325764
      vertex 116.83927514381918 169.32999999999998 12.285377348640717
      vertex 116.83927514381918 166.63 12.285377348640717
    endloop
  endfacet
  facet normal -0.44228869021899436 0 -0.8968727415326917
    outer loop
      vertex 116.34190355120319 169.32999999999998 12.57253497152483
      vertex 116.6 169.32999999999998 12.445255888325764
      vertex 116.6 166.63 12.445255888325764
    endloop
  endfacet
  facet normal -0.32143946530316464 0 -0.9469301294951046
    outer loop
      vertex 116.06940189922554 169.32999999999998 12.665036817835949
      vertex 116.34190355120319 169.32999999999998 12.57253497152483
      vertex 116.34190355120319 166.63 12.57253497152483
    endloop
  endfacet
  facet normal -0.19509032201613383 0 -0.9807852804032293
    outer loop
      vertex 115.78715762288411 169.32999999999998 12.721178695022383
      vertex 116.06940189922554 169.32999999999998 12.665036817835949
      vertex 116.06940189922554 166.63 12.665036817835949
    endloop
  endfacet
  facet normal 0.19509032201613383 0 -0.9807852804032293
    outer loop
      vertex 114.93059810077446 169.32999999999998 12.665036817835949
      vertex 115.21284237711589 169.32999999999998 12.721178695022383
      vertex 115.21284237711589 166.63 12.721178695022383
    endloop
  endfacet
  facet normal 0.06540312923014495 0 -0.9978589232386035
    outer loop
      vertex 115.21284237711589 169.32999999999998 12.721178695022383
      vertex 115.5 169.32999999999998 12.74
      vertex 115.5 166.63 12.74
    endloop
  endfacet
  facet normal -0.06540312923014495 0 -0.9978589232386035
    outer loop
      vertex 115.5 169.32999999999998 12.74
      vertex 115.78715762288411 169.32999999999998 12.721178695022383
      vertex 115.78715762288411 166.63 12.721178695022383
    endloop
  endfacet
  facet normal 0.19509032201613383 0 0.9807852804032293
    outer loop
      vertex 121.34284237711589 169.32999999999998 8.358821304977615
      vertex 121.06059810077446 166.63 8.41496318216405
      vertex 121.34284237711589 166.63 8.358821304977615
    endloop
  endfacet
  facet normal 0.32143946530316464 0 0.9469301294951046
    outer loop
      vertex 121.06059810077446 169.32999999999998 8.41496318216405
      vertex 120.78809644879681 166.63 8.507465028475169
      vertex 121.06059810077446 166.63 8.41496318216405
    endloop
  endfacet
  facet normal 0.06540312923014495 0 0.9978589232386035
    outer loop
      vertex 121.63 169.32999999999998 8.339999999999998
      vertex 121.34284237711589 166.63 8.358821304977615
      vertex 121.63 166.63 8.339999999999998
    endloop
  endfacet
  facet normal -0.06540312923014495 0 0.9978589232386035
    outer loop
      vertex 121.9171576228841 169.32999999999998 8.358821304977615
      vertex 121.63 166.63 8.339999999999998
      vertex 121.9171576228841 166.63 8.358821304977615
    endloop
  endfacet
  facet normal -0.19509032201613383 0 0.9807852804032293
    outer loop
      vertex 122.19940189922553 169.32999999999998 8.41496318216405
      vertex 121.9171576228841 166.63 8.358821304977615
      vertex 122.19940189922553 166.63 8.41496318216405
    endloop
  endfacet
  facet normal 0.6593458151000756 0 0.7518398074789715
    outer loop
      vertex 120.29072485618082 169.32999999999998 8.794622651359282
      vertex 120.0743650813896 166.63 8.984365081389594
      vertex 120.29072485618082 166.63 8.794622651359282
    endloop
  endfacet
  facet normal 0.7518398074789641 0 0.6593458151000838
    outer loop
      vertex 120.0743650813896 169.32999999999998 8.984365081389594
      vertex 119.88462265135928 166.63 9.200724856180814
      vertex 120.0743650813896 166.63 8.984365081389594
    endloop
  endfacet
  facet normal 0.44228869021899436 0 0.8968727415326917
    outer loop
      vertex 120.78809644879681 169.32999999999998 8.507465028475169
      vertex 120.53 166.63 8.634744111674234
      vertex 120.78809644879681 166.63 8.507465028475169
    endloop
  endfacet
  facet normal 0.5555702330196028 0 0.8314696123025448
    outer loop
      vertex 120.53 169.32999999999998 8.634744111674234
      vertex 120.29072485618082 166.63 8.794622651359282
      vertex 120.53 166.63 8.634744111674234
    endloop
  endfacet
  facet normal -0.32143946530316464 0 0.9469301294951046
    outer loop
      vertex 122.47190355120318 169.32999999999998 8.507465028475169
      vertex 122.19940189922553 166.63 8.41496318216405
      vertex 122.47190355120318 166.63 8.507465028475169
    endloop
  endfacet
  facet normal 0.8314696123025362 0 0.5555702330196156
    outer loop
      vertex 119.88462265135928 169.32999999999998 9.200724856180814
      vertex 119.72474411167423 166.63 9.44
      vertex 119.88462265135928 166.63 9.200724856180814
    endloop
  endfacet
  facet normal 0.8968727415327016 0 0.44228869021897443
    outer loop
      vertex 119.72474411167423 169.32999999999998 9.44
      vertex 119.59746502847517 166.63 9.698096448796802
      vertex 119.72474411167423 166.63 9.44
    endloop
  endfacet
  facet normal 0.19509032201613383 0 0.9807852804032293
    outer loop
      vertex 121.34284237711589 169.32999999999998 8.358821304977615
      vertex 121.06059810077446 169.32999999999998 8.41496318216405
      vertex 121.06059810077446 166.63 8.41496318216405
    endloop
  endfacet
  facet normal 0.06540312923014495 0 0.9978589232386035
    outer loop
      vertex 121.63 169.32999999999998 8.339999999999998
      vertex 121.34284237711589 169.32999999999998 8.358821304977615
      vertex 121.34284237711589 166.63 8.358821304977615
    endloop
  endfacet
  facet normal -0.06540312923014495 0 0.9978589232386035
    outer loop
      vertex 121.9171576228841 169.32999999999998 8.358821304977615
      vertex 121.63 169.32999999999998 8.339999999999998
      vertex 121.63 166.63 8.339999999999998
    endloop
  endfacet
  facet normal -0.19509032201613383 0 0.9807852804032293
    outer loop
      vertex 122.19940189922553 169.32999999999998 8.41496318216405
      vertex 121.9171576228841 169.32999999999998 8.358821304977615
      vertex 121.9171576228841 166.63 8.358821304977615
    endloop
  endfacet
  facet normal -0.32143946530316464 0 0.9469301294951046
    outer loop
      vertex 122.47190355120318 169.32999999999998 8.507465028475169
      vertex 122.19940189922553 169.32999999999998 8.41496318216405
      vertex 122.19940189922553 166.63 8.41496318216405
    endloop
  endfacet
  facet normal 0.6593458151000756 0 0.7518398074789715
    outer loop
      vertex 120.29072485618082 169.32999999999998 8.794622651359282
      vertex 120.0743650813896 169.32999999999998 8.984365081389594
      vertex 120.0743650813896 166.63 8.984365081389594
    endloop
  endfacet
  facet normal 0.32143946530316464 0 0.9469301294951046
    outer loop
      vertex 121.06059810077446 169.32999999999998 8.41496318216405
      vertex 120.78809644879681 169.32999999999998 8.507465028475169
      vertex 120.78809644879681 166.63 8.507465028475169
    endloop
  endfacet
  facet normal 0.44228869021899436 0 0.8968727415326917
    outer loop
      vertex 120.78809644879681 169.32999999999998 8.507465028475169
      vertex 120.53 169.32999999999998 8.634744111674234
      vertex 120.53 166.63 8.634744111674234
    endloop
  endfacet
  facet normal 0.5555702330196028 0 0.8314696123025448
    outer loop
      vertex 120.53 169.32999999999998 8.634744111674234
      vertex 120.29072485618082 169.32999999999998 8.794622651359282
      vertex 120.29072485618082 166.63 8.794622651359282
    endloop
  endfacet
  facet normal 0.7518398074789641 0 0.6593458151000838
    outer loop
      vertex 119.88462265135928 169.32999999999998 9.200724856180814
      vertex 119.88462265135928 166.63 9.200724856180814
      vertex 120.0743650813896 169.32999999999998 8.984365081389594
    endloop
  endfacet
  facet normal 0.8314696123025362 0 0.5555702330196156
    outer loop
      vertex 119.72474411167423 169.32999999999998 9.44
      vertex 119.72474411167423 166.63 9.44
      vertex 119.88462265135928 169.32999999999998 9.200724856180814
    endloop
  endfacet
  facet normal 0.8968727415327016 0 0.44228869021897443
    outer loop
      vertex 119.59746502847517 169.32999999999998 9.698096448796802
      vertex 119.59746502847517 166.63 9.698096448796802
      vertex 119.72474411167423 169.32999999999998 9.44
    endloop
  endfacet
  facet normal -0.44228869021899436 0 0.8968727415326917
    outer loop
      vertex 122.72999999999999 169.32999999999998 8.634744111674234
      vertex 122.47190355120318 166.63 8.507465028475169
      vertex 122.72999999999999 166.63 8.634744111674234
    endloop
  endfacet
  facet normal -0.5555702330196028 0 0.8314696123025448
    outer loop
      vertex 122.96927514381917 169.32999999999998 8.794622651359282
      vertex 122.72999999999999 166.63 8.634744111674234
      vertex 122.96927514381917 166.63 8.794622651359282
    endloop
  endfacet
  facet normal -0.6593458151000756 0 0.7518398074789715
    outer loop
      vertex 123.18563491861039 169.32999999999998 8.984365081389594
      vertex 122.96927514381917 166.63 8.794622651359282
      vertex 123.18563491861039 166.63 8.984365081389594
    endloop
  endfacet
  facet normal -0.7518398074789641 0 0.6593458151000838
    outer loop
      vertex 123.37537734864071 169.32999999999998 9.200724856180814
      vertex 123.18563491861039 166.63 8.984365081389594
      vertex 123.37537734864071 166.63 9.200724856180814
    endloop
  endfacet
  facet normal -0.8314696123025362 0 0.5555702330196156
    outer loop
      vertex 123.53525588832576 169.32999999999998 9.44
      vertex 123.37537734864071 166.63 9.200724856180814
      vertex 123.53525588832576 166.63 9.44
    endloop
  endfacet
  facet normal -0.8968727415327016 0 0.44228869021897443
    outer loop
      vertex 123.66253497152482 169.32999999999998 9.698096448796802
      vertex 123.53525588832576 166.63 9.44
      vertex 123.66253497152482 166.63 9.698096448796802
    endloop
  endfacet
  facet normal -0.44228869021899436 0 0.8968727415326917
    outer loop
      vertex 122.72999999999999 169.32999999999998 8.634744111674234
      vertex 122.47190355120318 169.32999999999998 8.507465028475169
      vertex 122.47190355120318 166.63 8.507465028475169
    endloop
  endfacet
  facet normal -0.5555702330196028 0 0.8314696123025448
    outer loop
      vertex 122.96927514381917 169.32999999999998 8.794622651359282
      vertex 122.72999999999999 169.32999999999998 8.634744111674234
      vertex 122.72999999999999 166.63 8.634744111674234
    endloop
  endfacet
  facet normal -0.6593458151000756 0 0.7518398074789715
    outer loop
      vertex 123.18563491861039 169.32999999999998 8.984365081389594
      vertex 122.96927514381917 169.32999999999998 8.794622651359282
      vertex 122.96927514381917 166.63 8.794622651359282
    endloop
  endfacet
  facet normal -0.7518398074789641 0 0.6593458151000838
    outer loop
      vertex 123.18563491861039 169.32999999999998 8.984365081389594
      vertex 123.18563491861039 166.63 8.984365081389594
      vertex 123.37537734864071 169.32999999999998 9.200724856180814
    endloop
  endfacet
  facet normal -0.8314696123025362 0 0.5555702330196156
    outer loop
      vertex 123.37537734864071 169.32999999999998 9.200724856180814
      vertex 123.37537734864071 166.63 9.200724856180814
      vertex 123.53525588832576 169.32999999999998 9.44
    endloop
  endfacet
  facet normal -0.8968727415327016 0 0.44228869021897443
    outer loop
      vertex 123.53525588832576 169.32999999999998 9.44
      vertex 123.53525588832576 166.63 9.44
      vertex 123.66253497152482 169.32999999999998 9.698096448796802
    endloop
  endfacet
  facet normal 0.9469301294950871 0 0.32143946530321627
    outer loop
      vertex 119.59746502847517 169.32999999999998 9.698096448796802
      vertex 119.50496318216403 166.63 9.970598100774454
      vertex 119.59746502847517 166.63 9.698096448796802
    endloop
  endfacet
  facet normal 0.9807852804032295 0 0.19509032201613263
    outer loop
      vertex 119.50496318216403 169.32999999999998 9.970598100774454
      vertex 119.4488213049776 166.63 10.252842377115886
      vertex 119.50496318216403 166.63 9.970598100774454
    endloop
  endfacet
  facet normal 0.997858923238609 0 0.06540312923005807
    outer loop
      vertex 119.4488213049776 169.32999999999998 10.252842377115886
      vertex 119.43 166.63 10.54
      vertex 119.4488213049776 166.63 10.252842377115886
    endloop
  endfacet
  facet normal 0.997858923238609 0 -0.06540312923005807
    outer loop
      vertex 119.43 169.32999999999998 10.54
      vertex 119.4488213049776 166.63 10.827157622884112
      vertex 119.43 166.63 10.54
    endloop
  endfacet
  facet normal 0.9807852804032295 0 -0.19509032201613263
    outer loop
      vertex 119.4488213049776 169.32999999999998 10.827157622884112
      vertex 119.50496318216403 166.63 11.109401899225544
      vertex 119.4488213049776 166.63 10.827157622884112
    endloop
  endfacet
  facet normal 0.9469301294950871 0 -0.32143946530321627
    outer loop
      vertex 119.50496318216403 169.32999999999998 11.109401899225544
      vertex 119.59746502847517 166.63 11.381903551203196
      vertex 119.50496318216403 166.63 11.109401899225544
    endloop
  endfacet
  facet normal 0.8968727415327016 0 -0.44228869021897443
    outer loop
      vertex 119.59746502847517 169.32999999999998 11.381903551203196
      vertex 119.72474411167423 166.63 11.639999999999999
      vertex 119.59746502847517 166.63 11.381903551203196
    endloop
  endfacet
  facet normal 0.8314696123025362 0 -0.5555702330196156
    outer loop
      vertex 119.72474411167423 169.32999999999998 11.639999999999999
      vertex 119.88462265135928 166.63 11.879275143819184
      vertex 119.72474411167423 166.63 11.639999999999999
    endloop
  endfacet
  facet normal 0.7518398074789641 0 -0.6593458151000838
    outer loop
      vertex 119.88462265135928 169.32999999999998 11.879275143819184
      vertex 120.0743650813896 166.63 12.095634918610404
      vertex 119.88462265135928 166.63 11.879275143819184
    endloop
  endfacet
  facet normal 0.6593458151000756 0 -0.7518398074789715
    outer loop
      vertex 120.0743650813896 166.63 12.095634918610404
      vertex 120.0743650813896 169.32999999999998 12.095634918610404
      vertex 120.29072485618082 166.63 12.285377348640717
    endloop
  endfacet
  facet normal 0.5555702330196028 0 -0.8314696123025448
    outer loop
      vertex 120.29072485618082 169.32999999999998 12.285377348640717
      vertex 120.53 166.63 12.445255888325764
      vertex 120.29072485618082 166.63 12.285377348640717
    endloop
  endfacet
  facet normal 0.44228869021899436 0 -0.8968727415326917
    outer loop
      vertex 120.53 169.32999999999998 12.445255888325764
      vertex 120.78809644879681 166.63 12.57253497152483
      vertex 120.53 166.63 12.445255888325764
    endloop
  endfacet
  facet normal 0.32143946530316464 0 -0.9469301294951046
    outer loop
      vertex 120.78809644879681 169.32999999999998 12.57253497152483
      vertex 121.06059810077446 166.63 12.665036817835949
      vertex 120.78809644879681 166.63 12.57253497152483
    endloop
  endfacet
  facet normal 0.19509032201613383 0 -0.9807852804032293
    outer loop
      vertex 121.34284237711589 166.63 12.721178695022383
      vertex 121.06059810077446 166.63 12.665036817835949
      vertex 121.06059810077446 169.32999999999998 12.665036817835949
    endloop
  endfacet
  facet normal -0.32143946530316464 0 -0.9469301294951046
    outer loop
      vertex 122.47190355120318 166.63 12.57253497152483
      vertex 122.19940189922553 166.63 12.665036817835949
      vertex 122.19940189922553 169.32999999999998 12.665036817835949
    endloop
  endfacet
  facet normal 0.06540312923014495 0 -0.9978589232386035
    outer loop
      vertex 121.63 166.63 12.74
      vertex 121.34284237711589 166.63 12.721178695022383
      vertex 121.34284237711589 169.32999999999998 12.721178695022383
    endloop
  endfacet
  facet normal -0.06540312923014495 0 -0.9978589232386035
    outer loop
      vertex 121.9171576228841 166.63 12.721178695022383
      vertex 121.63 166.63 12.74
      vertex 121.63 169.32999999999998 12.74
    endloop
  endfacet
  facet normal -0.19509032201613383 0 -0.9807852804032293
    outer loop
      vertex 122.19940189922553 166.63 12.665036817835949
      vertex 121.9171576228841 166.63 12.721178695022383
      vertex 121.9171576228841 169.32999999999998 12.721178695022383
    endloop
  endfacet
  facet normal 0.9469301294950871 0 0.32143946530321627
    outer loop
      vertex 119.50496318216403 169.32999999999998 9.970598100774454
      vertex 119.50496318216403 166.63 9.970598100774454
      vertex 119.59746502847517 169.32999999999998 9.698096448796802
    endloop
  endfacet
  facet normal 0.9807852804032295 0 0.19509032201613263
    outer loop
      vertex 119.4488213049776 169.32999999999998 10.252842377115886
      vertex 119.4488213049776 166.63 10.252842377115886
      vertex 119.50496318216403 169.32999999999998 9.970598100774454
    endloop
  endfacet
  facet normal 0.997858923238609 0 0.06540312923005807
    outer loop
      vertex 119.43 169.32999999999998 10.54
      vertex 119.43 166.63 10.54
      vertex 119.4488213049776 169.32999999999998 10.252842377115886
    endloop
  endfacet
  facet normal 0.997858923238609 0 -0.06540312923005807
    outer loop
      vertex 119.4488213049776 169.32999999999998 10.827157622884112
      vertex 119.4488213049776 166.63 10.827157622884112
      vertex 119.43 169.32999999999998 10.54
    endloop
  endfacet
  facet normal 0.9807852804032295 0 -0.19509032201613263
    outer loop
      vertex 119.50496318216403 169.32999999999998 11.109401899225544
      vertex 119.50496318216403 166.63 11.109401899225544
      vertex 119.4488213049776 169.32999999999998 10.827157622884112
    endloop
  endfacet
  facet normal 0.9469301294950871 0 -0.32143946530321627
    outer loop
      vertex 119.59746502847517 169.32999999999998 11.381903551203196
      vertex 119.59746502847517 166.63 11.381903551203196
      vertex 119.50496318216403 169.32999999999998 11.109401899225544
    endloop
  endfacet
  facet normal 0.8968727415327016 0 -0.44228869021897443
    outer loop
      vertex 119.72474411167423 169.32999999999998 11.639999999999999
      vertex 119.72474411167423 166.63 11.639999999999999
      vertex 119.59746502847517 169.32999999999998 11.381903551203196
    endloop
  endfacet
  facet normal 0.8314696123025362 0 -0.5555702330196156
    outer loop
      vertex 119.88462265135928 169.32999999999998 11.879275143819184
      vertex 119.88462265135928 166.63 11.879275143819184
      vertex 119.72474411167423 169.32999999999998 11.639999999999999
    endloop
  endfacet
  facet normal 0.7518398074789641 0 -0.6593458151000838
    outer loop
      vertex 120.0743650813896 169.32999999999998 12.095634918610404
      vertex 120.0743650813896 166.63 12.095634918610404
      vertex 119.88462265135928 169.32999999999998 11.879275143819184
    endloop
  endfacet
  facet normal 0.6593458151000756 0 -0.7518398074789715
    outer loop
      vertex 120.0743650813896 169.32999999999998 12.095634918610404
      vertex 120.29072485618082 169.32999999999998 12.285377348640717
      vertex 120.29072485618082 166.63 12.285377348640717
    endloop
  endfacet
  facet normal 0.5555702330196028 0 -0.8314696123025448
    outer loop
      vertex 120.29072485618082 169.32999999999998 12.285377348640717
      vertex 120.53 169.32999999999998 12.445255888325764
      vertex 120.53 166.63 12.445255888325764
    endloop
  endfacet
  facet normal 0.44228869021899436 0 -0.8968727415326917
    outer loop
      vertex 120.53 169.32999999999998 12.445255888325764
      vertex 120.78809644879681 169.32999999999998 12.57253497152483
      vertex 120.78809644879681 166.63 12.57253497152483
    endloop
  endfacet
  facet normal 0.32143946530316464 0 -0.9469301294951046
    outer loop
      vertex 120.78809644879681 169.32999999999998 12.57253497152483
      vertex 121.06059810077446 169.32999999999998 12.665036817835949
      vertex 121.06059810077446 166.63 12.665036817835949
    endloop
  endfacet
  facet normal -0.32143946530316464 0 -0.9469301294951046
    outer loop
      vertex 122.47190355120318 166.63 12.57253497152483
      vertex 122.19940189922553 169.32999999999998 12.665036817835949
      vertex 122.47190355120318 169.32999999999998 12.57253497152483
    endloop
  endfacet
  facet normal -0.19509032201613383 0 -0.9807852804032293
    outer loop
      vertex 122.19940189922553 166.63 12.665036817835949
      vertex 121.9171576228841 169.32999999999998 12.721178695022383
      vertex 122.19940189922553 169.32999999999998 12.665036817835949
    endloop
  endfacet
  facet normal 0.19509032201613383 0 -0.9807852804032293
    outer loop
      vertex 121.34284237711589 166.63 12.721178695022383
      vertex 121.06059810077446 169.32999999999998 12.665036817835949
      vertex 121.34284237711589 169.32999999999998 12.721178695022383
    endloop
  endfacet
  facet normal 0.06540312923014495 0 -0.9978589232386035
    outer loop
      vertex 121.63 166.63 12.74
      vertex 121.34284237711589 169.32999999999998 12.721178695022383
      vertex 121.63 169.32999999999998 12.74
    endloop
  endfacet
  facet normal -0.06540312923014495 0 -0.9978589232386035
    outer loop
      vertex 121.9171576228841 166.63 12.721178695022383
      vertex 121.63 169.32999999999998 12.74
      vertex 121.9171576228841 169.32999999999998 12.721178695022383
    endloop
  endfacet
  facet normal -0.9469301294950871 0 0.32143946530321627
    outer loop
      vertex 123.75503681783596 169.32999999999998 9.970598100774454
      vertex 123.66253497152482 166.63 9.698096448796802
      vertex 123.75503681783596 166.63 9.970598100774454
    endloop
  endfacet
  facet normal -0.9807852804032295 0 0.19509032201613263
    outer loop
      vertex 123.81117869502239 169.32999999999998 10.252842377115886
      vertex 123.75503681783596 166.63 9.970598100774454
      vertex 123.81117869502239 166.63 10.252842377115886
    endloop
  endfacet
  facet normal -0.997858923238609 0 0.06540312923005807
    outer loop
      vertex 123.82999999999998 169.32999999999998 10.54
      vertex 123.81117869502239 166.63 10.252842377115886
      vertex 123.82999999999998 166.63 10.54
    endloop
  endfacet
  facet normal -0.997858923238609 0 -0.06540312923005807
    outer loop
      vertex 123.81117869502239 169.32999999999998 10.827157622884112
      vertex 123.82999999999998 166.63 10.54
      vertex 123.81117869502239 166.63 10.827157622884112
    endloop
  endfacet
  facet normal -0.9807852804032295 0 -0.19509032201613263
    outer loop
      vertex 123.75503681783596 169.32999999999998 11.109401899225544
      vertex 123.81117869502239 166.63 10.827157622884112
      vertex 123.75503681783596 166.63 11.109401899225544
    endloop
  endfacet
  facet normal -0.9469301294950871 0 -0.32143946530321627
    outer loop
      vertex 123.66253497152482 169.32999999999998 11.381903551203196
      vertex 123.75503681783596 166.63 11.109401899225544
      vertex 123.66253497152482 166.63 11.381903551203196
    endloop
  endfacet
  facet normal -0.8968727415327016 0 -0.44228869021897443
    outer loop
      vertex 123.53525588832576 169.32999999999998 11.639999999999999
      vertex 123.66253497152482 166.63 11.381903551203196
      vertex 123.53525588832576 166.63 11.639999999999999
    endloop
  endfacet
  facet normal -0.8314696123025362 0 -0.5555702330196156
    outer loop
      vertex 123.37537734864071 169.32999999999998 11.879275143819184
      vertex 123.53525588832576 166.63 11.639999999999999
      vertex 123.37537734864071 166.63 11.879275143819184
    endloop
  endfacet
  facet normal -0.7518398074789641 0 -0.6593458151000838
    outer loop
      vertex 123.37537734864071 166.63 11.879275143819184
      vertex 123.18563491861039 166.63 12.095634918610404
      vertex 123.18563491861039 169.32999999999998 12.095634918610404
    endloop
  endfacet
  facet normal -0.6593458151000756 0 -0.7518398074789715
    outer loop
      vertex 122.96927514381917 169.32999999999998 12.285377348640717
      vertex 123.18563491861039 166.63 12.095634918610404
      vertex 122.96927514381917 166.63 12.285377348640717
    endloop
  endfacet
  facet normal -0.5555702330196028 0 -0.8314696123025448
    outer loop
      vertex 122.96927514381917 166.63 12.285377348640717
      vertex 122.72999999999999 166.63 12.445255888325764
      vertex 122.72999999999999 169.32999999999998 12.445255888325764
    endloop
  endfacet
  facet normal -0.44228869021899436 0 -0.8968727415326917
    outer loop
      vertex 122.72999999999999 166.63 12.445255888325764
      vertex 122.47190355120318 166.63 12.57253497152483
      vertex 122.47190355120318 169.32999999999998 12.57253497152483
    endloop
  endfacet
  facet normal -0.9469301294950871 0 0.32143946530321627
    outer loop
      vertex 123.66253497152482 169.32999999999998 9.698096448796802
      vertex 123.66253497152482 166.63 9.698096448796802
      vertex 123.75503681783596 169.32999999999998 9.970598100774454
    endloop
  endfacet
  facet normal -0.9807852804032295 0 0.19509032201613263
    outer loop
      vertex 123.75503681783596 169.32999999999998 9.970598100774454
      vertex 123.75503681783596 166.63 9.970598100774454
      vertex 123.81117869502239 169.32999999999998 10.252842377115886
    endloop
  endfacet
  facet normal -0.997858923238609 0 0.06540312923005807
    outer loop
      vertex 123.81117869502239 169.32999999999998 10.252842377115886
      vertex 123.81117869502239 166.63 10.252842377115886
      vertex 123.82999999999998 169.32999999999998 10.54
    endloop
  endfacet
  facet normal -0.997858923238609 0 -0.06540312923005807
    outer loop
      vertex 123.82999999999998 169.32999999999998 10.54
      vertex 123.82999999999998 166.63 10.54
      vertex 123.81117869502239 169.32999999999998 10.827157622884112
    endloop
  endfacet
  facet normal -0.9807852804032295 0 -0.19509032201613263
    outer loop
      vertex 123.81117869502239 169.32999999999998 10.827157622884112
      vertex 123.81117869502239 166.63 10.827157622884112
      vertex 123.75503681783596 169.32999999999998 11.109401899225544
    endloop
  endfacet
  facet normal -0.9469301294950871 0 -0.32143946530321627
    outer loop
      vertex 123.75503681783596 169.32999999999998 11.109401899225544
      vertex 123.75503681783596 166.63 11.109401899225544
      vertex 123.66253497152482 169.32999999999998 11.381903551203196
    endloop
  endfacet
  facet normal -0.8968727415327016 0 -0.44228869021897443
    outer loop
      vertex 123.66253497152482 169.32999999999998 11.381903551203196
      vertex 123.66253497152482 166.63 11.381903551203196
      vertex 123.53525588832576 169.32999999999998 11.639999999999999
    endloop
  endfacet
  facet normal -0.8314696123025362 0 -0.5555702330196156
    outer loop
      vertex 123.53525588832576 169.32999999999998 11.639999999999999
      vertex 123.53525588832576 166.63 11.639999999999999
      vertex 123.37537734864071 169.32999999999998 11.879275143819184
    endloop
  endfacet
  facet normal -0.7518398074789641 0 -0.6593458151000838
    outer loop
      vertex 123.37537734864071 169.32999999999998 11.879275143819184
      vertex 123.37537734864071 166.63 11.879275143819184
      vertex 123.18563491861039 169.32999999999998 12.095634918610404
    endloop
  endfacet
  facet normal -0.6593458151000756 0 -0.7518398074789715
    outer loop
      vertex 122.96927514381917 169.32999999999998 12.285377348640717
      vertex 123.18563491861039 169.32999999999998 12.095634918610404
      vertex 123.18563491861039 166.63 12.095634918610404
    endloop
  endfacet
  facet normal -0.5555702330196028 0 -0.8314696123025448
    outer loop
      vertex 122.72999999999999 169.32999999999998 12.445255888325764
      vertex 122.96927514381917 169.32999999999998 12.285377348640717
      vertex 122.96927514381917 166.63 12.285377348640717
    endloop
  endfacet
  facet normal -0.44228869021899436 0 -0.8968727415326917
    outer loop
      vertex 122.72999999999999 166.63 12.445255888325764
      vertex 122.47190355120318 169.32999999999998 12.57253497152483
      vertex 122.72999999999999 169.32999999999998 12.445255888325764
    endloop
  endfacet
  facet normal 0 1 0
    outer loop
      vertex 92 165.43 2.5000000000000004
      vertex 109.23000000000002 165.43 2.5000000000000004
      vertex 92 165.43 1.5399999999999996
    endloop
  endfacet
  facet normal 0 1 0
    outer loop
      vertex 109.23000000000002 165.43 1.5399999999999996
      vertex 92 165.43 1.5399999999999996
      vertex 109.23000000000002 165.43 2.5000000000000004
    endloop
  endfacet
  facet normal 0 0 1
    outer loop
      vertex 92 166.63 1.5399999999999996
      vertex 89.23 169.32999999999998 1.5399999999999996
      vertex 89.23 166.63 1.5399999999999996
    endloop
  endfacet
  facet normal 0 0 1
    outer loop
      vertex 109.23000000000002 165.43 1.5399999999999996
      vertex 109.23000000000002 169.32999999999998 1.5399999999999996
      vertex 92 165.43 1.5399999999999996
    endloop
  endfacet
  facet normal 0 0 1
    outer loop
      vertex 92 166.63 1.5399999999999996
      vertex 92 165.43 1.5399999999999996
      vertex 109.23000000000002 169.32999999999998 1.5399999999999996
    endloop
  endfacet
  facet normal 0 0 1
    outer loop
      vertex 92 166.63 1.5399999999999996
      vertex 109.23000000000002 169.32999999999998 1.5399999999999996
      vertex 89.23 169.32999999999998 1.5399999999999996
    endloop
  endfacet
  facet normal 1 0 0
    outer loop
      vertex 89.23 166.63 12.54
      vertex 89.23 166.63 1.5399999999999996
      vertex 89.23 169.32999999999998 1.5399999999999996
    endloop
  endfacet
  facet normal 1 0 0
    outer loop
      vertex 89.23 169.32999999999998 1.5399999999999996
      vertex 89.23 169.32999999999998 12.54
      vertex 89.23 166.63 12.54
    endloop
  endfacet
  facet normal -1 0 0
    outer loop
      vertex 109.23000000000002 165.43 1.5399999999999996
      vertex 109.23000000000002 165.43 2.5000000000000004
      vertex 109.23000000000002 166.63 2.5000000000000004
    endloop
  endfacet
  facet normal -1 0 0
    outer loop
      vertex 109.23000000000002 165.43 1.5399999999999996
      vertex 109.23000000000002 166.63 2.5000000000000004
      vertex 109.23000000000002 169.32999999999998 1.5399999999999996
    endloop
  endfacet
  facet normal -1 0 0
    outer loop
      vertex 109.23000000000002 166.63 2.5000000000000004
      vertex 109.23000000000002 166.63 12.54
      vertex 109.23000000000002 169.32999999999998 12.54
    endloop
  endfacet
  facet normal -1 0 0
    outer loop
      vertex 109.23000000000002 169.32999999999998 1.5399999999999996
      vertex 109.23000000000002 166.63 2.5000000000000004
      vertex 109.23000000000002 169.32999999999998 12.54
    endloop
  endfacet
  facet normal 0 0 -1
    outer loop
      vertex 89.23 166.63 12.54
      vertex 89.23 169.32999999999998 12.54
      vertex 109.23000000000002 166.63 12.54
    endloop
  endfacet
  facet normal 0 0 -1
    outer loop
      vertex 89.23 169.32999999999998 12.54
      vertex 109.23000000000002 169.32999999999998 12.54
      vertex 109.23000000000002 166.63 12.54
    endloop
  endfacet
  facet normal 0.32143946530316775 0 0.9469301294951036
    outer loop
      vertex 128.87354286469244 169.32999999999998 5.702222521132795
      vertex 128.50194970290474 166.63 5.82836140246614
      vertex 128.87354286469244 166.63 5.702222521132795
    endloop
  endfacet
  facet normal 0.4422886902189983 0 0.8968727415326898
    outer loop
      vertex 128.50194970290474 169.32999999999998 5.82836140246614
      vertex 128.15 166.63 6.001923788646684
      vertex 128.50194970290474 166.63 5.82836140246614
    endloop
  endfacet
  facet normal 0.1950903220161236 0 0.9807852804032313
    outer loop
      vertex 129.25842142333985 169.32999999999998 5.625665415878569
      vertex 128.87354286469244 166.63 5.702222521132795
      vertex 129.25842142333985 166.63 5.625665415878569
    endloop
  endfacet
  facet normal 0.06540312923014409 0 0.9978589232386034
    outer loop
      vertex 129.65 169.32999999999998 5.6
      vertex 129.25842142333985 166.63 5.625665415878569
      vertex 129.65 166.63 5.6
    endloop
  endfacet
  facet normal -0.06540312923014409 0 0.9978589232386034
    outer loop
      vertex 130.04157857666016 169.32999999999998 5.625665415878569
      vertex 129.65 166.63 5.6
      vertex 130.04157857666016 166.63 5.625665415878569
    endloop
  endfacet
  facet normal -0.1950903220161236 0 0.9807852804032313
    outer loop
      vertex 130.42645713530757 169.32999999999998 5.702222521132795
      vertex 130.04157857666016 166.63 5.625665415878569
      vertex 130.42645713530757 166.63 5.702222521132795
    endloop
  endfacet
  facet normal -0.32143946530316775 0 0.9469301294951036
    outer loop
      vertex 130.79805029709527 169.32999999999998 5.82836140246614
      vertex 130.42645713530757 166.63 5.702222521132795
      vertex 130.79805029709527 166.63 5.82836140246614
    endloop
  endfacet
  facet normal -0.4422886902189983 0 0.8968727415326898
    outer loop
      vertex 131.15 169.32999999999998 6.001923788646684
      vertex 130.79805029709527 166.63 5.82836140246614
      vertex 131.15 166.63 6.001923788646684
    endloop
  endfacet
  facet normal 0.6593458151000949 0 0.7518398074789545
    outer loop
      vertex 127.82371571297384 169.32999999999998 6.219939979126293
      vertex 127.52867965644037 166.63 6.478679656440358
      vertex 127.82371571297384 166.63 6.219939979126293
    endloop
  endfacet
  facet normal 0.5555702330195917 0 0.8314696123025522
    outer loop
      vertex 128.15 169.32999999999998 6.001923788646684
      vertex 127.82371571297384 166.63 6.219939979126293
      vertex 128.15 166.63 6.001923788646684
    endloop
  endfacet
  facet normal 0.7518398074789517 0 0.659345815100098
    outer loop
      vertex 127.52867965644037 169.32999999999998 6.478679656440358
      vertex 127.26993997912629 166.63 6.7737157129738375
      vertex 127.52867965644037 166.63 6.478679656440358
    endloop
  endfacet
  facet normal 0.831469612302555 0 0.5555702330195875
    outer loop
      vertex 127.26993997912629 169.32999999999998 6.7737157129738375
      vertex 127.05192378864669 166.63 7.1
      vertex 127.26993997912629 166.63 6.7737157129738375
    endloop
  endfacet
  facet normal 0.8968727415326835 0 0.44228869021901096
    outer loop
      vertex 127.05192378864669 169.32999999999998 7.1
      vertex 126.87836140246614 166.63 7.451949702904731
      vertex 127.05192378864669 166.63 7.1
    endloop
  endfacet
  facet normal -0.5555702330195917 0 0.8314696123025522
    outer loop
      vertex 131.47628428702617 169.32999999999998 6.219939979126293
      vertex 131.15 166.63 6.001923788646684
      vertex 131.47628428702617 166.63 6.219939979126293
    endloop
  endfacet
  facet normal -0.6593458151000949 0 0.7518398074789545
    outer loop
      vertex 131.77132034355964 169.32999999999998 6.478679656440358
      vertex 131.47628428702617 166.63 6.219939979126293
      vertex 131.77132034355964 166.63 6.478679656440358
    endloop
  endfacet
  facet normal -0.7518398074789517 0 0.659345815100098
    outer loop
      vertex 132.03006002087372 169.32999999999998 6.7737157129738375
      vertex 131.77132034355964 166.63 6.478679656440358
      vertex 132.03006002087372 166.63 6.7737157129738375
    endloop
  endfacet
  facet normal -0.831469612302555 0 0.5555702330195875
    outer loop
      vertex 132.24807621135332 169.32999999999998 7.1
      vertex 132.03006002087372 166.63 6.7737157129738375
      vertex 132.24807621135332 166.63 7.1
    endloop
  endfacet
  facet normal 0.9469301294951146 0 0.3214394653031352
    outer loop
      vertex 126.75222252113281 166.63 7.8235428646924365
      vertex 126.87836140246614 166.63 7.451949702904731
      vertex 126.87836140246614 169.32999999999998 7.451949702904731
    endloop
  endfacet
  facet normal 0.9807852804032247 0 0.1950903220161576
    outer loop
      vertex 126.75222252113281 169.32999999999998 7.8235428646924365
      vertex 126.67566541587857 166.63 8.208421423339844
      vertex 126.75222252113281 166.63 7.8235428646924365
    endloop
  endfacet
  facet normal 0.9978589232386043 0 0.06540312923012997
    outer loop
      vertex 126.65 166.63 8.6
      vertex 126.67566541587857 166.63 8.208421423339844
      vertex 126.67566541587857 169.32999999999998 8.208421423339844
    endloop
  endfacet
  facet normal 0.9978589232386043 0 -0.06540312923012997
    outer loop
      vertex 126.65 169.32999999999998 8.6
      vertex 126.67566541587857 166.63 8.991578576660155
      vertex 126.65 166.63 8.6
    endloop
  endfacet
  facet normal 0.9807852804032247 0 -0.1950903220161576
    outer loop
      vertex 126.67566541587857 169.32999999999998 8.991578576660155
      vertex 126.75222252113281 166.63 9.376457135307563
      vertex 126.67566541587857 166.63 8.991578576660155
    endloop
  endfacet
  facet normal 0.9469301294951146 0 -0.3214394653031352
    outer loop
      vertex 126.75222252113281 169.32999999999998 9.376457135307563
      vertex 126.87836140246614 166.63 9.748050297095268
      vertex 126.75222252113281 166.63 9.376457135307563
    endloop
  endfacet
  facet normal -0.8968727415326835 0 0.44228869021901096
    outer loop
      vertex 132.42163859753387 169.32999999999998 7.451949702904731
      vertex 132.24807621135332 166.63 7.1
      vertex 132.42163859753387 166.63 7.451949702904731
    endloop
  endfacet
  facet normal -0.9469301294951146 0 0.3214394653031352
    outer loop
      vertex 132.5477774788672 169.32999999999998 7.8235428646924365
      vertex 132.42163859753387 166.63 7.451949702904731
      vertex 132.5477774788672 166.63 7.8235428646924365
    endloop
  endfacet
  facet normal -0.9807852804032247 0 0.1950903220161576
    outer loop
      vertex 132.62433458412144 169.32999999999998 8.208421423339844
      vertex 132.5477774788672 166.63 7.8235428646924365
      vertex 132.62433458412144 166.63 8.208421423339844
    endloop
  endfacet
  facet normal -0.9978589232386043 0 0.06540312923012997
    outer loop
      vertex 132.65 169.32999999999998 8.6
      vertex 132.62433458412144 166.63 8.208421423339844
      vertex 132.65 166.63 8.6
    endloop
  endfacet
  facet normal -0.9978589232386043 0 -0.06540312923012997
    outer loop
      vertex 132.62433458412144 169.32999999999998 8.991578576660155
      vertex 132.65 166.63 8.6
      vertex 132.62433458412144 166.63 8.991578576660155
    endloop
  endfacet
  facet normal -0.9807852804032247 0 -0.1950903220161576
    outer loop
      vertex 132.5477774788672 169.32999999999998 9.376457135307563
      vertex 132.62433458412144 166.63 8.991578576660155
      vertex 132.5477774788672 166.63 9.376457135307563
    endloop
  endfacet
  facet normal -0.9469301294951146 0 -0.3214394653031352
    outer loop
      vertex 132.42163859753387 169.32999999999998 9.748050297095268
      vertex 132.5477774788672 166.63 9.376457135307563
      vertex 132.42163859753387 166.63 9.748050297095268
    endloop
  endfacet
  facet normal 0.1950903220161236 0 0.9807852804032313
    outer loop
      vertex 129.25842142333985 169.32999999999998 5.625665415878569
      vertex 128.87354286469244 169.32999999999998 5.702222521132795
      vertex 128.87354286469244 166.63 5.702222521132795
    endloop
  endfacet
  facet normal 0.32143946530316775 0 0.9469301294951036
    outer loop
      vertex 128.87354286469244 169.32999999999998 5.702222521132795
      vertex 128.50194970290474 169.32999999999998 5.82836140246614
      vertex 128.50194970290474 166.63 5.82836140246614
    endloop
  endfacet
  facet normal 0.4422886902189983 0 0.8968727415326898
    outer loop
      vertex 128.50194970290474 169.32999999999998 5.82836140246614
      vertex 128.15 169.32999999999998 6.001923788646684
      vertex 128.15 166.63 6.001923788646684
    endloop
  endfacet
  facet normal 0.06540312923014409 0 0.9978589232386034
    outer loop
      vertex 129.65 169.32999999999998 5.6
      vertex 129.25842142333985 169.32999999999998 5.625665415878569
      vertex 129.25842142333985 166.63 5.625665415878569
    endloop
  endfacet
  facet normal -0.06540312923014409 0 0.9978589232386034
    outer loop
      vertex 130.04157857666016 169.32999999999998 5.625665415878569
      vertex 129.65 169.32999999999998 5.6
      vertex 129.65 166.63 5.6
    endloop
  endfacet
  facet normal -0.1950903220161236 0 0.9807852804032313
    outer loop
      vertex 130.42645713530757 169.32999999999998 5.702222521132795
      vertex 130.04157857666016 169.32999999999998 5.625665415878569
      vertex 130.04157857666016 166.63 5.625665415878569
    endloop
  endfacet
  facet normal -0.32143946530316775 0 0.9469301294951036
    outer loop
      vertex 130.79805029709527 169.32999999999998 5.82836140246614
      vertex 130.42645713530757 169.32999999999998 5.702222521132795
      vertex 130.42645713530757 166.63 5.702222521132795
    endloop
  endfacet
  facet normal -0.4422886902189983 0 0.8968727415326898
    outer loop
      vertex 131.15 169.32999999999998 6.001923788646684
      vertex 130.79805029709527 169.32999999999998 5.82836140246614
      vertex 130.79805029709527 166.63 5.82836140246614
    endloop
  endfacet
  facet normal 0.5555702330195917 0 0.8314696123025522
    outer loop
      vertex 128.15 169.32999999999998 6.001923788646684
      vertex 127.82371571297384 169.32999999999998 6.219939979126293
      vertex 127.82371571297384 166.63 6.219939979126293
    endloop
  endfacet
  facet normal 0.6593458151000949 0 0.7518398074789545
    outer loop
      vertex 127.82371571297384 169.32999999999998 6.219939979126293
      vertex 127.52867965644037 169.32999999999998 6.478679656440358
      vertex 127.52867965644037 166.63 6.478679656440358
    endloop
  endfacet
  facet normal -0.5555702330195917 0 0.8314696123025522
    outer loop
      vertex 131.47628428702617 169.32999999999998 6.219939979126293
      vertex 131.15 169.32999999999998 6.001923788646684
      vertex 131.15 166.63 6.001923788646684
    endloop
  endfacet
  facet normal 0.7518398074789517 0 0.659345815100098
    outer loop
      vertex 127.26993997912629 169.32999999999998 6.7737157129738375
      vertex 127.26993997912629 166.63 6.7737157129738375
      vertex 127.52867965644037 169.32999999999998 6.478679656440358
    endloop
  endfacet
  facet normal 0.831469612302555 0 0.5555702330195875
    outer loop
      vertex 127.05192378864669 169.32999999999998 7.1
      vertex 127.05192378864669 166.63 7.1
      vertex 127.26993997912629 169.32999999999998 6.7737157129738375
    endloop
  endfacet
  facet normal -0.6593458151000949 0 0.7518398074789545
    outer loop
      vertex 131.77132034355964 169.32999999999998 6.478679656440358
      vertex 131.47628428702617 169.32999999999998 6.219939979126293
      vertex 131.47628428702617 166.63 6.219939979126293
    endloop
  endfacet
  facet normal -0.7518398074789517 0 0.659345815100098
    outer loop
      vertex 131.77132034355964 169.32999999999998 6.478679656440358
      vertex 131.77132034355964 166.63 6.478679656440358
      vertex 132.03006002087372 169.32999999999998 6.7737157129738375
    endloop
  endfacet
  facet normal -0.831469612302555 0 0.5555702330195875
    outer loop
      vertex 132.03006002087372 169.32999999999998 6.7737157129738375
      vertex 132.03006002087372 166.63 6.7737157129738375
      vertex 132.24807621135332 169.32999999999998 7.1
    endloop
  endfacet
  facet normal -0.8968727415326835 0 0.44228869021901096
    outer loop
      vertex 132.24807621135332 169.32999999999998 7.1
      vertex 132.24807621135332 166.63 7.1
      vertex 132.42163859753387 169.32999999999998 7.451949702904731
    endloop
  endfacet
  facet normal 0.9469301294951146 0 0.3214394653031352
    outer loop
      vertex 126.75222252113281 169.32999999999998 7.8235428646924365
      vertex 126.75222252113281 166.63 7.8235428646924365
      vertex 126.87836140246614 169.32999999999998 7.451949702904731
    endloop
  endfacet
  facet normal 0.9807852804032247 0 0.1950903220161576
    outer loop
      vertex 126.67566541587857 169.32999999999998 8.208421423339844
      vertex 126.67566541587857 166.63 8.208421423339844
      vertex 126.75222252113281 169.32999999999998 7.8235428646924365
    endloop
  endfacet
  facet normal 0.8968727415326835 0 0.44228869021901096
    outer loop
      vertex 126.87836140246614 169.32999999999998 7.451949702904731
      vertex 126.87836140246614 166.63 7.451949702904731
      vertex 127.05192378864669 169.32999999999998 7.1
    endloop
  endfacet
  facet normal 0.9978589232386043 0 0.06540312923012997
    outer loop
      vertex 126.65 169.32999999999998 8.6
      vertex 126.65 166.63 8.6
      vertex 126.67566541587857 169.32999999999998 8.208421423339844
    endloop
  endfacet
  facet normal 0.9978589232386043 0 -0.06540312923012997
    outer loop
      vertex 126.67566541587857 169.32999999999998 8.991578576660155
      vertex 126.67566541587857 166.63 8.991578576660155
      vertex 126.65 169.32999999999998 8.6
    endloop
  endfacet
  facet normal 0.9807852804032247 0 -0.1950903220161576
    outer loop
      vertex 126.75222252113281 169.32999999999998 9.376457135307563
      vertex 126.75222252113281 166.63 9.376457135307563
      vertex 126.67566541587857 169.32999999999998 8.991578576660155
    endloop
  endfacet
  facet normal 0.9469301294951146 0 -0.3214394653031352
    outer loop
      vertex 126.87836140246614 169.32999999999998 9.748050297095268
      vertex 126.87836140246614 166.63 9.748050297095268
      vertex 126.75222252113281 169.32999999999998 9.376457135307563
    endloop
  endfacet
  facet normal -0.9469301294951146 0 0.3214394653031352
    outer loop
      vertex 132.42163859753387 169.32999999999998 7.451949702904731
      vertex 132.42163859753387 166.63 7.451949702904731
      vertex 132.5477774788672 169.32999999999998 7.8235428646924365
    endloop
  endfacet
  facet normal -0.9807852804032247 0 0.1950903220161576
    outer loop
      vertex 132.5477774788672 169.32999999999998 7.8235428646924365
      vertex 132.5477774788672 166.63 7.8235428646924365
      vertex 132.62433458412144 169.32999999999998 8.208421423339844
    endloop
  endfacet
  facet normal -0.9978589232386043 0 0.06540312923012997
    outer loop
      vertex 132.62433458412144 169.32999999999998 8.208421423339844
      vertex 132.62433458412144 166.63 8.208421423339844
      vertex 132.65 169.32999999999998 8.6
    endloop
  endfacet
  facet normal -0.9978589232386043 0 -0.06540312923012997
    outer loop
      vertex 132.65 169.32999999999998 8.6
      vertex 132.65 166.63 8.6
      vertex 132.62433458412144 169.32999999999998 8.991578576660155
    endloop
  endfacet
  facet normal -0.9807852804032247 0 -0.1950903220161576
    outer loop
      vertex 132.62433458412144 169.32999999999998 8.991578576660155
      vertex 132.62433458412144 166.63 8.991578576660155
      vertex 132.5477774788672 169.32999999999998 9.376457135307563
    endloop
  endfacet
  facet normal -0.9469301294951146 0 -0.3214394653031352
    outer loop
      vertex 132.5477774788672 169.32999999999998 9.376457135307563
      vertex 132.5477774788672 166.63 9.376457135307563
      vertex 132.42163859753387 169.32999999999998 9.748050297095268
    endloop
  endfacet
  facet normal 0.8968727415326835 0 -0.44228869021901096
    outer loop
      vertex 126.87836140246614 169.32999999999998 9.748050297095268
      vertex 127.05192378864669 166.63 10.1
      vertex 126.87836140246614 166.63 9.748050297095268
    endloop
  endfacet
  facet normal 0.831469612302555 0 -0.5555702330195875
    outer loop
      vertex 127.05192378864669 169.32999999999998 10.1
      vertex 127.26993997912629 166.63 10.426284287026162
      vertex 127.05192378864669 166.63 10.1
    endloop
  endfacet
  facet normal 0.7518398074789517 0 -0.659345815100098
    outer loop
      vertex 127.26993997912629 169.32999999999998 10.426284287026162
      vertex 127.52867965644037 166.63 10.721320343559642
      vertex 127.26993997912629 166.63 10.426284287026162
    endloop
  endfacet
  facet normal 0.6593458151000949 0 -0.7518398074789545
    outer loop
      vertex 127.52867965644037 166.63 10.721320343559642
      vertex 127.52867965644037 169.32999999999998 10.721320343559642
      vertex 127.82371571297384 166.63 10.980060020873706
    endloop
  endfacet
  facet normal 0.5555702330195917 0 -0.8314696123025522
    outer loop
      vertex 127.82371571297384 169.32999999999998 10.980060020873706
      vertex 128.15 166.63 11.198076211353316
      vertex 127.82371571297384 166.63 10.980060020873706
    endloop
  endfacet
  facet normal 0.4422886902189983 0 -0.8968727415326898
    outer loop
      vertex 128.15 169.32999999999998 11.198076211353316
      vertex 128.50194970290474 166.63 11.37163859753386
      vertex 128.15 166.63 11.198076211353316
    endloop
  endfacet
  facet normal 0.32143946530316775 0 -0.9469301294951036
    outer loop
      vertex 128.50194970290474 169.32999999999998 11.37163859753386
      vertex 128.87354286469244 166.63 11.497777478867205
      vertex 128.50194970290474 166.63 11.37163859753386
    endloop
  endfacet
  facet normal -0.5555702330195917 0 -0.8314696123025522
    outer loop
      vertex 131.15 169.32999999999998 11.198076211353316
      vertex 131.47628428702617 166.63 10.980060020873706
      vertex 131.15 166.63 11.198076211353316
    endloop
  endfacet
  facet normal -0.4422886902189983 0 -0.8968727415326898
    outer loop
      vertex 131.15 166.63 11.198076211353316
      vertex 130.79805029709527 166.63 11.37163859753386
      vertex 130.79805029709527 169.32999999999998 11.37163859753386
    endloop
  endfacet
  facet normal -0.32143946530316775 0 -0.9469301294951036
    outer loop
      vertex 130.79805029709527 166.63 11.37163859753386
      vertex 130.42645713530757 166.63 11.497777478867205
      vertex 130.42645713530757 169.32999999999998 11.497777478867205
    endloop
  endfacet
  facet normal 0.1950903220161236 0 -0.9807852804032313
    outer loop
      vertex 129.25842142333985 166.63 11.57433458412143
      vertex 128.87354286469244 166.63 11.497777478867205
      vertex 128.87354286469244 169.32999999999998 11.497777478867205
    endloop
  endfacet
  facet normal 0.06540312923014409 0 -0.9978589232386034
    outer loop
      vertex 129.65 166.63 11.6
      vertex 129.25842142333985 166.63 11.57433458412143
      vertex 129.25842142333985 169.32999999999998 11.57433458412143
    endloop
  endfacet
  facet normal -0.1950903220161236 0 -0.9807852804032313
    outer loop
      vertex 130.42645713530757 166.63 11.497777478867205
      vertex 130.04157857666016 166.63 11.57433458412143
      vertex 130.04157857666016 169.32999999999998 11.57433458412143
    endloop
  endfacet
  facet normal -0.06540312923014409 0 -0.9978589232386034
    outer loop
      vertex 130.04157857666016 166.63 11.57433458412143
      vertex 129.65 166.63 11.6
      vertex 129.65 169.32999999999998 11.6
    endloop
  endfacet
  facet normal -0.8968727415326835 0 -0.44228869021901096
    outer loop
      vertex 132.24807621135332 169.32999999999998 10.1
      vertex 132.42163859753387 166.63 9.748050297095268
      vertex 132.24807621135332 166.63 10.1
    endloop
  endfacet
  facet normal -0.831469612302555 0 -0.5555702330195875
    outer loop
      vertex 132.03006002087372 169.32999999999998 10.426284287026162
      vertex 132.24807621135332 166.63 10.1
      vertex 132.03006002087372 166.63 10.426284287026162
    endloop
  endfacet
  facet normal -0.7518398074789517 0 -0.659345815100098
    outer loop
      vertex 132.03006002087372 166.63 10.426284287026162
      vertex 131.77132034355964 166.63 10.721320343559642
      vertex 131.77132034355964 169.32999999999998 10.721320343559642
    endloop
  endfacet
  facet normal -0.6593458151000949 0 -0.7518398074789545
    outer loop
      vertex 131.47628428702617 169.32999999999998 10.980060020873706
      vertex 131.77132034355964 166.63 10.721320343559642
      vertex 131.47628428702617 166.63 10.980060020873706
    endloop
  endfacet
  facet normal 0.8968727415326835 0 -0.44228869021901096
    outer loop
      vertex 127.05192378864669 169.32999999999998 10.1
      vertex 127.05192378864669 166.63 10.1
      vertex 126.87836140246614 169.32999999999998 9.748050297095268
    endloop
  endfacet
  facet normal 0.831469612302555 0 -0.5555702330195875
    outer loop
      vertex 127.26993997912629 169.32999999999998 10.426284287026162
      vertex 127.26993997912629 166.63 10.426284287026162
      vertex 127.05192378864669 169.32999999999998 10.1
    endloop
  endfacet
  facet normal 0.7518398074789517 0 -0.659345815100098
    outer loop
      vertex 127.52867965644037 169.32999999999998 10.721320343559642
      vertex 127.52867965644037 166.63 10.721320343559642
      vertex 127.26993997912629 169.32999999999998 10.426284287026162
    endloop
  endfacet
  facet normal 0.6593458151000949 0 -0.7518398074789545
    outer loop
      vertex 127.52867965644037 169.32999999999998 10.721320343559642
      vertex 127.82371571297384 169.32999999999998 10.980060020873706
      vertex 127.82371571297384 166.63 10.980060020873706
    endloop
  endfacet
  facet normal 0.5555702330195917 0 -0.8314696123025522
    outer loop
      vertex 127.82371571297384 169.32999999999998 10.980060020873706
      vertex 128.15 169.32999999999998 11.198076211353316
      vertex 128.15 166.63 11.198076211353316
    endloop
  endfacet
  facet normal 0.4422886902189983 0 -0.8968727415326898
    outer loop
      vertex 128.15 169.32999999999998 11.198076211353316
      vertex 128.50194970290474 169.32999999999998 11.37163859753386
      vertex 128.50194970290474 166.63 11.37163859753386
    endloop
  endfacet
  facet normal 0.32143946530316775 0 -0.9469301294951036
    outer loop
      vertex 128.50194970290474 169.32999999999998 11.37163859753386
      vertex 128.87354286469244 169.32999999999998 11.497777478867205
      vertex 128.87354286469244 166.63 11.497777478867205
    endloop
  endfacet
  facet normal -0.4422886902189983 0 -0.8968727415326898
    outer loop
      vertex 130.79805029709527 169.32999999999998 11.37163859753386
      vertex 131.15 169.32999999999998 11.198076211353316
      vertex 131.15 166.63 11.198076211353316
    endloop
  endfacet
  facet normal -0.32143946530316775 0 -0.9469301294951036
    outer loop
      vertex 130.79805029709527 166.63 11.37163859753386
      vertex 130.42645713530757 169.32999999999998 11.497777478867205
      vertex 130.79805029709527 169.32999999999998 11.37163859753386
    endloop
  endfacet
  facet normal 0.1950903220161236 0 -0.9807852804032313
    outer loop
      vertex 129.25842142333985 166.63 11.57433458412143
      vertex 128.87354286469244 169.32999999999998 11.497777478867205
      vertex 129.25842142333985 169.32999999999998 11.57433458412143
    endloop
  endfacet
  facet normal 0.06540312923014409 0 -0.9978589232386034
    outer loop
      vertex 129.65 166.63 11.6
      vertex 129.25842142333985 169.32999999999998 11.57433458412143
      vertex 129.65 169.32999999999998 11.6
    endloop
  endfacet
  facet normal -0.06540312923014409 0 -0.9978589232386034
    outer loop
      vertex 130.04157857666016 166.63 11.57433458412143
      vertex 129.65 169.32999999999998 11.6
      vertex 130.04157857666016 169.32999999999998 11.57433458412143
    endloop
  endfacet
  facet normal -0.1950903220161236 0 -0.9807852804032313
    outer loop
      vertex 130.42645713530757 166.63 11.497777478867205
      vertex 130.04157857666016 169.32999999999998 11.57433458412143
      vertex 130.42645713530757 169.32999999999998 11.497777478867205
    endloop
  endfacet
  facet normal -0.8968727415326835 0 -0.44228869021901096
    outer loop
      vertex 132.42163859753387 169.32999999999998 9.748050297095268
      vertex 132.42163859753387 166.63 9.748050297095268
      vertex 132.24807621135332 169.32999999999998 10.1
    endloop
  endfacet
  facet normal -0.831469612302555 0 -0.5555702330195875
    outer loop
      vertex 132.24807621135332 169.32999999999998 10.1
      vertex 132.24807621135332 166.63 10.1
      vertex 132.03006002087372 169.32999999999998 10.426284287026162
    endloop
  endfacet
  facet normal -0.7518398074789517 0 -0.659345815100098
    outer loop
      vertex 132.03006002087372 169.32999999999998 10.426284287026162
      vertex 132.03006002087372 166.63 10.426284287026162
      vertex 131.77132034355964 169.32999999999998 10.721320343559642
    endloop
  endfacet
  facet normal -0.6593458151000949 0 -0.7518398074789545
    outer loop
      vertex 131.47628428702617 169.32999999999998 10.980060020873706
      vertex 131.77132034355964 169.32999999999998 10.721320343559642
      vertex 131.77132034355964 166.63 10.721320343559642
    endloop
  endfacet
  facet normal -0.5555702330195917 0 -0.8314696123025522
    outer loop
      vertex 131.15 169.32999999999998 11.198076211353316
      vertex 131.47628428702617 169.32999999999998 10.980060020873706
      vertex 131.47628428702617 166.63 10.980060020873706
    endloop
  endfacet
  facet normal 0.4422886902190091 0.8968727415326845 0
    outer loop
      vertex 109.15 160.15775681356644 2.5000000000000004
      vertex 109.34943816497935 160.0594047947308 0
      vertex 109.15 160.15775681356644 0
    endloop
  endfacet
  facet normal 0.5555702330196264 0.8314696123025291 0
    outer loop
      vertex 108.96510557068518 160.2812993215049 2.5000000000000004
      vertex 109.15 160.15775681356644 0
      vertex 108.96510557068518 160.2812993215049 0
    endloop
  endfacet
  facet normal 0.6593458151001 0.7518398074789502 0
    outer loop
      vertex 108.96510557068518 160.2812993215049 0
      vertex 108.79791847198287 160.42791847198288 0
      vertex 108.79791847198287 160.42791847198288 2.5000000000000004
    endloop
  endfacet
  facet normal 0.751839807478954 0.6593458151000955 0
    outer loop
      vertex 108.6512993215049 160.59510557068518 2.5000000000000004
      vertex 108.79791847198287 160.42791847198288 0
      vertex 108.6512993215049 160.59510557068518 0
    endloop
  endfacet
  facet normal 0.06540312923011986 0.997858923238605 0
    outer loop
      vertex 109.7781054732259 159.94454373566452 2.5000000000000004
      vertex 110 159.93 0
      vertex 109.7781054732259 159.94454373566452 0
    endloop
  endfacet
  facet normal 0.19509032201611146 0.9807852804032339 0
    outer loop
      vertex 109.56000762332572 159.98792609530858 2.5000000000000004
      vertex 109.7781054732259 159.94454373566452 0
      vertex 109.56000762332572 159.98792609530858 0
    endloop
  endfacet
  facet normal -0.06540312923011986 0.997858923238605 0
    outer loop
      vertex 110 159.93 2.5000000000000004
      vertex 110.2218945267741 159.94454373566452 0
      vertex 110 159.93 0
    endloop
  endfacet
  facet normal -0.19509032201611146 0.9807852804032339 0
    outer loop
      vertex 110.2218945267741 159.94454373566452 2.5000000000000004
      vertex 110.43999237667428 159.98792609530858 0
      vertex 110.2218945267741 159.94454373566452 0
    endloop
  endfacet
  facet normal 0.3214394653031036 0.9469301294951254 0
    outer loop
      vertex 109.34943816497935 160.0594047947308 2.5000000000000004
      vertex 109.56000762332572 159.98792609530858 0
      vertex 109.34943816497935 160.0594047947308 0
    endloop
  endfacet
  facet normal -0.3214394653031036 0.9469301294951254 0
    outer loop
      vertex 110.43999237667428 159.98792609530858 2.5000000000000004
      vertex 110.65056183502065 160.0594047947308 0
      vertex 110.43999237667428 159.98792609530858 0
    endloop
  endfacet
  facet normal -0.4422886902190091 0.8968727415326845 0
    outer loop
      vertex 110.65056183502065 160.0594047947308 2.5000000000000004
      vertex 110.85 160.15775681356644 0
      vertex 110.65056183502065 160.0594047947308 0
    endloop
  endfacet
  facet normal -0.5555702330196264 0.8314696123025291 0
    outer loop
      vertex 110.85 160.15775681356644 2.5000000000000004
      vertex 111.03489442931482 160.2812993215049 0
      vertex 110.85 160.15775681356644 0
    endloop
  endfacet
  facet normal -0.6593458151001 0.7518398074789502 0
    outer loop
      vertex 111.03489442931482 160.2812993215049 2.5000000000000004
      vertex 111.20208152801713 160.42791847198288 0
      vertex 111.03489442931482 160.2812993215049 0
    endloop
  endfacet
  facet normal -0.751839807478954 0.6593458151000955 0
    outer loop
      vertex 111.20208152801713 160.42791847198288 0
      vertex 111.20208152801713 160.42791847198288 2.5000000000000004
      vertex 111.3487006784951 160.59510557068518 0
    endloop
  endfacet
  facet normal 0.4422886902190091 0.8968727415326845 0
    outer loop
      vertex 109.34943816497935 160.0594047947308 2.5000000000000004
      vertex 109.34943816497935 160.0594047947308 0
      vertex 109.15 160.15775681356644 2.5000000000000004
    endloop
  endfacet
  facet normal 0.5555702330196264 0.8314696123025291 0
    outer loop
      vertex 109.15 160.15775681356644 2.5000000000000004
      vertex 109.15 160.15775681356644 0
      vertex 108.96510557068518 160.2812993215049 2.5000000000000004
    endloop
  endfacet
  facet normal 0.6593458151001 0.7518398074789502 0
    outer loop
      vertex 108.96510557068518 160.2812993215049 2.5000000000000004
      vertex 108.96510557068518 160.2812993215049 0
      vertex 108.79791847198287 160.42791847198288 2.5000000000000004
    endloop
  endfacet
  facet normal 0.751839807478954 0.6593458151000955 0
    outer loop
      vertex 108.6512993215049 160.59510557068518 2.5000000000000004
      vertex 108.79791847198287 160.42791847198288 2.5000000000000004
      vertex 108.79791847198287 160.42791847198288 0
    endloop
  endfacet
  facet normal 0.06540312923011986 0.997858923238605 0
    outer loop
      vertex 110 159.93 2.5000000000000004
      vertex 110 159.93 0
      vertex 109.7781054732259 159.94454373566452 2.5000000000000004
    endloop
  endfacet
  facet normal 0.19509032201611146 0.9807852804032339 0
    outer loop
      vertex 109.7781054732259 159.94454373566452 2.5000000000000004
      vertex 109.7781054732259 159.94454373566452 0
      vertex 109.56000762332572 159.98792609530858 2.5000000000000004
    endloop
  endfacet
  facet normal -0.06540312923011986 0.997858923238605 0
    outer loop
      vertex 110.2218945267741 159.94454373566452 2.5000000000000004
      vertex 110.2218945267741 159.94454373566452 0
      vertex 110 159.93 2.5000000000000004
    endloop
  endfacet
  facet normal -0.19509032201611146 0.9807852804032339 0
    outer loop
      vertex 110.43999237667428 159.98792609530858 2.5000000000000004
      vertex 110.43999237667428 159.98792609530858 0
      vertex 110.2218945267741 159.94454373566452 2.5000000000000004
    endloop
  endfacet
  facet normal 0.3214394653031036 0.9469301294951254 0
    outer loop
      vertex 109.56000762332572 159.98792609530858 2.5000000000000004
      vertex 109.56000762332572 159.98792609530858 0
      vertex 109.34943816497935 160.0594047947308 2.5000000000000004
    endloop
  endfacet
  facet normal -0.3214394653031036 0.9469301294951254 0
    outer loop
      vertex 110.65056183502065 160.0594047947308 2.5000000000000004
      vertex 110.65056183502065 160.0594047947308 0
      vertex 110.43999237667428 159.98792609530858 2.5000000000000004
    endloop
  endfacet
  facet normal -0.4422886902190091 0.8968727415326845 0
    outer loop
      vertex 110.85 160.15775681356644 2.5000000000000004
      vertex 110.85 160.15775681356644 0
      vertex 110.65056183502065 160.0594047947308 2.5000000000000004
    endloop
  endfacet
  facet normal -0.5555702330196264 0.8314696123025291 0
    outer loop
      vertex 111.03489442931482 160.2812993215049 2.5000000000000004
      vertex 111.03489442931482 160.2812993215049 0
      vertex 110.85 160.15775681356644 2.5000000000000004
    endloop
  endfacet
  facet normal -0.6593458151001 0.7518398074789502 0
    outer loop
      vertex 111.20208152801713 160.42791847198288 2.5000000000000004
      vertex 111.20208152801713 160.42791847198288 0
      vertex 111.03489442931482 160.2812993215049 2.5000000000000004
    endloop
  endfacet
  facet normal -0.751839807478954 0.6593458151000955 0
    outer loop
      vertex 111.20208152801713 160.42791847198288 2.5000000000000004
      vertex 111.3487006784951 160.59510557068518 2.5000000000000004
      vertex 111.3487006784951 160.59510557068518 0
    endloop
  endfacet
  facet normal 0.8314696123025587 0.5555702330195822 0
    outer loop
      vertex 108.52775681356646 160.78 2.5000000000000004
      vertex 108.6512993215049 160.59510557068518 0
      vertex 108.52775681356646 160.78 0
    endloop
  endfacet
  facet normal 0.8968727415326845 0.4422886902190091 0
    outer loop
      vertex 108.42940479473081 160.97943816497934 2.5000000000000004
      vertex 108.52775681356646 160.78 0
      vertex 108.42940479473081 160.97943816497934 0
    endloop
  endfacet
  facet normal 0.9469301294950994 0.3214394653031803 0
    outer loop
      vertex 108.35792609530858 161.1900076233257 2.5000000000000004
      vertex 108.42940479473081 160.97943816497934 0
      vertex 108.35792609530858 161.1900076233257 0
    endloop
  endfacet
  facet normal 0.9807852804032362 0.19509032201609922 0
    outer loop
      vertex 108.31454373566453 161.4081054732259 2.5000000000000004
      vertex 108.35792609530858 161.1900076233257 0
      vertex 108.31454373566453 161.4081054732259 0
    endloop
  endfacet
  facet normal -0.8314696123025587 0.5555702330195822 0
    outer loop
      vertex 111.3487006784951 160.59510557068518 2.5000000000000004
      vertex 111.47224318643354 160.78 0
      vertex 111.3487006784951 160.59510557068518 0
    endloop
  endfacet
  facet normal -0.8968727415326845 0.4422886902190091 0
    outer loop
      vertex 111.47224318643354 160.78 2.5000000000000004
      vertex 111.57059520526919 160.97943816497934 0
      vertex 111.47224318643354 160.78 0
    endloop
  endfacet
  facet normal -0.9469301294950994 0.3214394653031803 0
    outer loop
      vertex 111.57059520526919 160.97943816497934 0
      vertex 111.57059520526919 160.97943816497934 2.5000000000000004
      vertex 111.64207390469142 161.1900076233257 0
    endloop
  endfacet
  facet normal -0.9807852804032362 0.19509032201609922 0
    outer loop
      vertex 111.64207390469142 161.1900076233257 2.5000000000000004
      vertex 111.68545626433547 161.4081054732259 0
      vertex 111.64207390469142 161.1900076233257 0
    endloop
  endfacet
  facet normal 0.8314696123025587 0.5555702330195822 0
    outer loop
      vertex 108.52775681356646 160.78 2.5000000000000004
      vertex 108.6512993215049 160.59510557068518 2.5000000000000004
      vertex 108.6512993215049 160.59510557068518 0
    endloop
  endfacet
  facet normal 0.8968727415326845 0.4422886902190091 0
    outer loop
      vertex 108.42940479473081 160.97943816497934 2.5000000000000004
      vertex 108.52775681356646 160.78 2.5000000000000004
      vertex 108.52775681356646 160.78 0
    endloop
  endfacet
  facet normal 0.9469301294950994 0.3214394653031803 0
    outer loop
      vertex 108.42940479473081 160.97943816497934 2.5000000000000004
      vertex 108.42940479473081 160.97943816497934 0
      vertex 108.35792609530858 161.1900076233257 2.5000000000000004
    endloop
  endfacet
  facet normal 0.9807852804032362 0.19509032201609922 0
    outer loop
      vertex 108.31454373566453 161.4081054732259 2.5000000000000004
      vertex 108.35792609530858 161.1900076233257 2.5000000000000004
      vertex 108.35792609530858 161.1900076233257 0
    endloop
  endfacet
  facet normal -0.8314696123025587 0.5555702330195822 0
    outer loop
      vertex 111.3487006784951 160.59510557068518 2.5000000000000004
      vertex 111.47224318643354 160.78 2.5000000000000004
      vertex 111.47224318643354 160.78 0
    endloop
  endfacet
  facet normal -0.8968727415326845 0.4422886902190091 0
    outer loop
      vertex 111.47224318643354 160.78 2.5000000000000004
      vertex 111.57059520526919 160.97943816497934 2.5000000000000004
      vertex 111.57059520526919 160.97943816497934 0
    endloop
  endfacet
  facet normal -0.9469301294950994 0.3214394653031803 0
    outer loop
      vertex 111.64207390469142 161.1900076233257 2.5000000000000004
      vertex 111.64207390469142 161.1900076233257 0
      vertex 111.57059520526919 160.97943816497934 2.5000000000000004
    endloop
  endfacet
  facet normal -0.9807852804032362 0.19509032201609922 0
    outer loop
      vertex 111.64207390469142 161.1900076233257 2.5000000000000004
      vertex 111.68545626433547 161.4081054732259 2.5000000000000004
      vertex 111.68545626433547 161.4081054732259 0
    endloop
  endfacet
  facet normal 0.9978589232386008 0.0654031292301835 0
    outer loop
      vertex 108.3 161.63 2.5000000000000004
      vertex 108.31454373566453 161.4081054732259 0
      vertex 108.3 161.63 0
    endloop
  endfacet
  facet normal 0.9978589232386008 -0.0654031292301835 0
    outer loop
      vertex 108.31454373566453 161.8518945267741 2.5000000000000004
      vertex 108.3 161.63 0
      vertex 108.31454373566453 161.8518945267741 0
    endloop
  endfacet
  facet normal 0.9807852804032362 -0.19509032201609922 0
    outer loop
      vertex 108.35792609530858 162.0699923766743 2.5000000000000004
      vertex 108.31454373566453 161.8518945267741 0
      vertex 108.35792609530858 162.0699923766743 0
    endloop
  endfacet
  facet normal -0.9978589232386008 0.0654031292301835 0
    outer loop
      vertex 111.68545626433547 161.4081054732259 2.5000000000000004
      vertex 111.7 161.63 0
      vertex 111.68545626433547 161.4081054732259 0
    endloop
  endfacet
  facet normal -0.9978589232386008 -0.0654031292301835 0
    outer loop
      vertex 111.7 161.63 2.5000000000000004
      vertex 111.68545626433547 161.8518945267741 0
      vertex 111.7 161.63 0
    endloop
  endfacet
  facet normal -0.9807852804032362 -0.19509032201609922 0
    outer loop
      vertex 111.68545626433547 161.8518945267741 2.5000000000000004
      vertex 111.64207390469142 162.0699923766743 0
      vertex 111.68545626433547 161.8518945267741 0
    endloop
  endfacet
  facet normal -0.9469301294950994 -0.3214394653031803 0
    outer loop
      vertex 111.64207390469142 162.0699923766743 2.5000000000000004
      vertex 111.57059520526919 162.28056183502065 0
      vertex 111.64207390469142 162.0699923766743 0
    endloop
  endfacet
  facet normal 0.9978589232386008 0.0654031292301835 0
    outer loop
      vertex 108.3 161.63 2.5000000000000004
      vertex 108.31454373566453 161.4081054732259 2.5000000000000004
      vertex 108.31454373566453 161.4081054732259 0
    endloop
  endfacet
  facet normal 0.9978589232386008 -0.0654031292301835 0
    outer loop
      vertex 108.31454373566453 161.8518945267741 2.5000000000000004
      vertex 108.3 161.63 2.5000000000000004
      vertex 108.3 161.63 0
    endloop
  endfacet
  facet normal 0.9807852804032362 -0.19509032201609922 0
    outer loop
      vertex 108.35792609530858 162.0699923766743 2.5000000000000004
      vertex 108.31454373566453 161.8518945267741 2.5000000000000004
      vertex 108.31454373566453 161.8518945267741 0
    endloop
  endfacet
  facet normal 0.9469301294950994 -0.3214394653031803 0
    outer loop
      vertex 108.42940479473081 162.28056183502065 2.5000000000000004
      vertex 108.35792609530858 162.0699923766743 2.5000000000000004
      vertex 108.35792609530858 162.0699923766743 0
    endloop
  endfacet
  facet normal -0.9978589232386008 0.0654031292301835 0
    outer loop
      vertex 111.68545626433547 161.4081054732259 2.5000000000000004
      vertex 111.7 161.63 2.5000000000000004
      vertex 111.7 161.63 0
    endloop
  endfacet
  facet normal -0.9978589232386008 -0.0654031292301835 0
    outer loop
      vertex 111.7 161.63 2.5000000000000004
      vertex 111.68545626433547 161.8518945267741 2.5000000000000004
      vertex 111.68545626433547 161.8518945267741 0
    endloop
  endfacet
  facet normal -0.9807852804032362 -0.19509032201609922 0
    outer loop
      vertex 111.68545626433547 161.8518945267741 2.5000000000000004
      vertex 111.64207390469142 162.0699923766743 2.5000000000000004
      vertex 111.64207390469142 162.0699923766743 0
    endloop
  endfacet
  facet normal 0.9469301294950994 -0.3214394653031803 0
    outer loop
      vertex 108.42940479473081 162.28056183502065 2.5000000000000004
      vertex 108.35792609530858 162.0699923766743 0
      vertex 108.42940479473081 162.28056183502065 0
    endloop
  endfacet
  facet normal 0.8968727415326845 -0.4422886902190091 0
    outer loop
      vertex 108.52775681356646 162.48 2.5000000000000004
      vertex 108.42940479473081 162.28056183502065 0
      vertex 108.52775681356646 162.48 0
    endloop
  endfacet
  facet normal 0.8314696123025587 -0.5555702330195822 0
    outer loop
      vertex 108.6512993215049 162.6648944293148 2.5000000000000004
      vertex 108.52775681356646 162.48 0
      vertex 108.6512993215049 162.6648944293148 0
    endloop
  endfacet
  facet normal 0.751839807478954 -0.6593458151000955 0
    outer loop
      vertex 108.79791847198287 162.8320815280171 2.5000000000000004
      vertex 108.6512993215049 162.6648944293148 0
      vertex 108.79791847198287 162.8320815280171 0
    endloop
  endfacet
  facet normal 0.6593458151001 -0.7518398074789502 0
    outer loop
      vertex 108.96510557068518 162.9787006784951 2.5000000000000004
      vertex 108.79791847198287 162.8320815280171 0
      vertex 108.96510557068518 162.9787006784951 0
    endloop
  endfacet
  facet normal -0.8968727415326845 -0.4422886902190091 0
    outer loop
      vertex 111.57059520526919 162.28056183502065 2.5000000000000004
      vertex 111.47224318643354 162.48 0
      vertex 111.57059520526919 162.28056183502065 0
    endloop
  endfacet
  facet normal -0.8314696123025587 -0.5555702330195822 0
    outer loop
      vertex 111.47224318643354 162.48 2.5000000000000004
      vertex 111.3487006784951 162.6648944293148 0
      vertex 111.47224318643354 162.48 0
    endloop
  endfacet
  facet normal -0.751839807478954 -0.6593458151000955 0
    outer loop
      vertex 111.3487006784951 162.6648944293148 0
      vertex 111.3487006784951 162.6648944293148 2.5000000000000004
      vertex 111.20208152801713 162.8320815280171 0
    endloop
  endfacet
  facet normal -0.6593458151001 -0.7518398074789502 0
    outer loop
      vertex 111.20208152801713 162.8320815280171 2.5000000000000004
      vertex 111.03489442931482 162.9787006784951 0
      vertex 111.20208152801713 162.8320815280171 0
    endloop
  endfacet
  facet normal 0.8968727415326845 -0.4422886902190091 0
    outer loop
      vertex 108.52775681356646 162.48 2.5000000000000004
      vertex 108.42940479473081 162.28056183502065 2.5000000000000004
      vertex 108.42940479473081 162.28056183502065 0
    endloop
  endfacet
  facet normal 0.8314696123025587 -0.5555702330195822 0
    outer loop
      vertex 108.6512993215049 162.6648944293148 2.5000000000000004
      vertex 108.52775681356646 162.48 2.5000000000000004
      vertex 108.52775681356646 162.48 0
    endloop
  endfacet
  facet normal 0.751839807478954 -0.6593458151000955 0
    outer loop
      vertex 108.79791847198287 162.8320815280171 2.5000000000000004
      vertex 108.6512993215049 162.6648944293148 2.5000000000000004
      vertex 108.6512993215049 162.6648944293148 0
    endloop
  endfacet
  facet normal 0.6593458151001 -0.7518398074789502 0
    outer loop
      vertex 108.79791847198287 162.8320815280171 2.5000000000000004
      vertex 108.79791847198287 162.8320815280171 0
      vertex 108.96510557068518 162.9787006784951 2.5000000000000004
    endloop
  endfacet
  facet normal -0.9469301294950994 -0.3214394653031803 0
    outer loop
      vertex 111.64207390469142 162.0699923766743 2.5000000000000004
      vertex 111.57059520526919 162.28056183502065 2.5000000000000004
      vertex 111.57059520526919 162.28056183502065 0
    endloop
  endfacet
  facet normal -0.8968727415326845 -0.4422886902190091 0
    outer loop
      vertex 111.57059520526919 162.28056183502065 2.5000000000000004
      vertex 111.47224318643354 162.48 2.5000000000000004
      vertex 111.47224318643354 162.48 0
    endloop
  endfacet
  facet normal -0.8314696123025587 -0.5555702330195822 0
    outer loop
      vertex 111.47224318643354 162.48 2.5000000000000004
      vertex 111.3487006784951 162.6648944293148 2.5000000000000004
      vertex 111.3487006784951 162.6648944293148 0
    endloop
  endfacet
  facet normal -0.751839807478954 -0.6593458151000955 0
    outer loop
      vertex 111.3487006784951 162.6648944293148 2.5000000000000004
      vertex 111.20208152801713 162.8320815280171 2.5000000000000004
      vertex 111.20208152801713 162.8320815280171 0
    endloop
  endfacet
  facet normal -0.6593458151001 -0.7518398074789502 0
    outer loop
      vertex 111.03489442931482 162.9787006784951 2.5000000000000004
      vertex 111.03489442931482 162.9787006784951 0
      vertex 111.20208152801713 162.8320815280171 2.5000000000000004
    endloop
  endfacet
  facet normal 0.5555702330196264 -0.8314696123025291 0
    outer loop
      vertex 109.15 163.10224318643355 2.5000000000000004
      vertex 108.96510557068518 162.9787006784951 0
      vertex 109.15 163.10224318643355 0
    endloop
  endfacet
  facet normal 0.4422886902190091 -0.8968727415326845 0
    outer loop
      vertex 109.34943816497935 163.2005952052692 2.5000000000000004
      vertex 109.15 163.10224318643355 0
      vertex 109.34943816497935 163.2005952052692 0
    endloop
  endfacet
  facet normal -0.5555702330196264 -0.8314696123025291 0
    outer loop
      vertex 111.03489442931482 162.9787006784951 2.5000000000000004
      vertex 110.85 163.10224318643355 0
      vertex 111.03489442931482 162.9787006784951 0
    endloop
  endfacet
  facet normal -0.4422886902190091 -0.8968727415326845 0
    outer loop
      vertex 110.85 163.10224318643355 2.5000000000000004
      vertex 110.65056183502065 163.2005952052692 0
      vertex 110.85 163.10224318643355 0
    endloop
  endfacet
  facet normal 0.3214394653031036 -0.9469301294951254 0
    outer loop
      vertex 109.56000762332572 163.2720739046914 2.5000000000000004
      vertex 109.34943816497935 163.2005952052692 0
      vertex 109.56000762332572 163.2720739046914 0
    endloop
  endfacet
  facet normal 0.19509032201611146 -0.9807852804032339 0
    outer loop
      vertex 109.7781054732259 163.31545626433547 2.5000000000000004
      vertex 109.56000762332572 163.2720739046914 0
      vertex 109.7781054732259 163.31545626433547 0
    endloop
  endfacet
  facet normal 0.06540312923011986 -0.997858923238605 0
    outer loop
      vertex 110 163.32999999999998 2.5000000000000004
      vertex 109.7781054732259 163.31545626433547 0
      vertex 110 163.32999999999998 0
    endloop
  endfacet
  facet normal -0.06540312923011986 -0.997858923238605 0
    outer loop
      vertex 110.2218945267741 163.31545626433547 2.5000000000000004
      vertex 110 163.32999999999998 0
      vertex 110.2218945267741 163.31545626433547 0
    endloop
  endfacet
  facet normal -0.19509032201611146 -0.9807852804032339 0
    outer loop
      vertex 110.43999237667428 163.2720739046914 2.5000000000000004
      vertex 110.2218945267741 163.31545626433547 0
      vertex 110.43999237667428 163.2720739046914 0
    endloop
  endfacet
  facet normal -0.3214394653031036 -0.9469301294951254 0
    outer loop
      vertex 110.65056183502065 163.2005952052692 2.5000000000000004
      vertex 110.43999237667428 163.2720739046914 0
      vertex 110.65056183502065 163.2005952052692 0
    endloop
  endfacet
  facet normal 0.5555702330196264 -0.8314696123025291 0
    outer loop
      vertex 108.96510557068518 162.9787006784951 2.5000000000000004
      vertex 108.96510557068518 162.9787006784951 0
      vertex 109.15 163.10224318643355 2.5000000000000004
    endloop
  endfacet
  facet normal 0.4422886902190091 -0.8968727415326845 0
    outer loop
      vertex 109.15 163.10224318643355 2.5000000000000004
      vertex 109.15 163.10224318643355 0
      vertex 109.34943816497935 163.2005952052692 2.5000000000000004
    endloop
  endfacet
  facet normal -0.5555702330196264 -0.8314696123025291 0
    outer loop
      vertex 110.85 163.10224318643355 2.5000000000000004
      vertex 110.85 163.10224318643355 0
      vertex 111.03489442931482 162.9787006784951 2.5000000000000004
    endloop
  endfacet
  facet normal -0.4422886902190091 -0.8968727415326845 0
    outer loop
      vertex 110.65056183502065 163.2005952052692 2.5000000000000004
      vertex 110.65056183502065 163.2005952052692 0
      vertex 110.85 163.10224318643355 2.5000000000000004
    endloop
  endfacet
  facet normal 0.3214394653031036 -0.9469301294951254 0
    outer loop
      vertex 109.34943816497935 163.2005952052692 2.5000000000000004
      vertex 109.34943816497935 163.2005952052692 0
      vertex 109.56000762332572 163.2720739046914 2.5000000000000004
    endloop
  endfacet
  facet normal -0.3214394653031036 -0.9469301294951254 0
    outer loop
      vertex 110.43999237667428 163.2720739046914 2.5000000000000004
      vertex 110.43999237667428 163.2720739046914 0
      vertex 110.65056183502065 163.2005952052692 2.5000000000000004
    endloop
  endfacet
  facet normal 0.19509032201611146 -0.9807852804032339 0
    outer loop
      vertex 109.56000762332572 163.2720739046914 2.5000000000000004
      vertex 109.56000762332572 163.2720739046914 0
      vertex 109.7781054732259 163.31545626433547 2.5000000000000004
    endloop
  endfacet
  facet normal 0.06540312923011986 -0.997858923238605 0
    outer loop
      vertex 109.7781054732259 163.31545626433547 2.5000000000000004
      vertex 109.7781054732259 163.31545626433547 0
      vertex 110 163.32999999999998 2.5000000000000004
    endloop
  endfacet
  facet normal -0.06540312923011986 -0.997858923238605 0
    outer loop
      vertex 110 163.32999999999998 2.5000000000000004
      vertex 110 163.32999999999998 0
      vertex 110.2218945267741 163.31545626433547 2.5000000000000004
    endloop
  endfacet
  facet normal -0.19509032201611146 -0.9807852804032339 0
    outer loop
      vertex 110.2218945267741 163.31545626433547 2.5000000000000004
      vertex 110.2218945267741 163.31545626433547 0
      vertex 110.43999237667428 163.2720739046914 2.5000000000000004
    endloop
  endfacet
  facet normal 0.321439465303123 0.9469301294951189 0
    outer loop
      vertex 194.34943816497935 160.0594047947308 0
      vertex 194.34943816497935 160.0594047947308 2.5000000000000004
      vertex 194.5600076233257 159.98792609530858 0
    endloop
  endfacet
  facet normal 0.4422886902190091 0.8968727415326845 0
    outer loop
      vertex 194.15 160.15775681356644 0
      vertex 194.15 160.15775681356644 2.5000000000000004
      vertex 194.34943816497935 160.0594047947308 0
    endloop
  endfacet
  facet normal 0.06540312923011986 0.997858923238605 0
    outer loop
      vertex 194.7781054732259 159.94454373566452 0
      vertex 194.7781054732259 159.94454373566452 2.5000000000000004
      vertex 195 159.93 0
    endloop
  endfacet
  facet normal -0.06540312923011986 0.997858923238605 0
    outer loop
      vertex 195 159.93 0
      vertex 195 159.93 2.5000000000000004
      vertex 195.2218945267741 159.94454373566452 0
    endloop
  endfacet
  facet normal 0.19509032201609922 0.9807852804032362 0
    outer loop
      vertex 194.5600076233257 159.98792609530858 0
      vertex 194.5600076233257 159.98792609530858 2.5000000000000004
      vertex 194.7781054732259 159.94454373566452 0
    endloop
  endfacet
  facet normal -0.19509032201609922 0.9807852804032362 0
    outer loop
      vertex 195.2218945267741 159.94454373566452 0
      vertex 195.2218945267741 159.94454373566452 2.5000000000000004
      vertex 195.4399923766743 159.98792609530858 0
    endloop
  endfacet
  facet normal -0.321439465303123 0.9469301294951189 0
    outer loop
      vertex 195.4399923766743 159.98792609530858 0
      vertex 195.4399923766743 159.98792609530858 2.5000000000000004
      vertex 195.65056183502065 160.0594047947308 0
    endloop
  endfacet
  facet normal -0.4422886902190091 0.8968727415326845 0
    outer loop
      vertex 195.65056183502065 160.0594047947308 0
      vertex 195.65056183502065 160.0594047947308 2.5000000000000004
      vertex 195.85 160.15775681356644 0
    endloop
  endfacet
  facet normal -0.5555702330196264 0.8314696123025291 0
    outer loop
      vertex 195.85 160.15775681356644 0
      vertex 195.85 160.15775681356644 2.5000000000000004
      vertex 196.03489442931482 160.2812993215049 0
    endloop
  endfacet
  facet normal 0.5555702330196264 0.8314696123025291 0
    outer loop
      vertex 193.96510557068518 160.2812993215049 0
      vertex 193.96510557068518 160.2812993215049 2.5000000000000004
      vertex 194.15 160.15775681356644 0
    endloop
  endfacet
  facet normal 0.6593458151001318 0.7518398074789224 0
    outer loop
      vertex 193.96510557068518 160.2812993215049 0
      vertex 193.79791847198288 160.42791847198288 0
      vertex 193.79791847198288 160.42791847198288 2.5000000000000004
    endloop
  endfacet
  facet normal 0.7518398074789224 0.6593458151001318 0
    outer loop
      vertex 193.79791847198288 160.42791847198288 0
      vertex 193.6512993215049 160.59510557068518 0
      vertex 193.6512993215049 160.59510557068518 2.5000000000000004
    endloop
  endfacet
  facet normal -0.6593458151001318 0.7518398074789224 0
    outer loop
      vertex 196.03489442931482 160.2812993215049 0
      vertex 196.03489442931482 160.2812993215049 2.5000000000000004
      vertex 196.20208152801712 160.42791847198288 0
    endloop
  endfacet
  facet normal -0.7518398074789224 0.6593458151001318 0
    outer loop
      vertex 196.20208152801712 160.42791847198288 0
      vertex 196.20208152801712 160.42791847198288 2.5000000000000004
      vertex 196.3487006784951 160.59510557068518 0
    endloop
  endfacet
  facet normal 0.321439465303123 0.9469301294951189 0
    outer loop
      vertex 194.5600076233257 159.98792609530858 0
      vertex 194.34943816497935 160.0594047947308 2.5000000000000004
      vertex 194.5600076233257 159.98792609530858 2.5000000000000004
    endloop
  endfacet
  facet normal 0.4422886902190091 0.8968727415326845 0
    outer loop
      vertex 194.34943816497935 160.0594047947308 0
      vertex 194.15 160.15775681356644 2.5000000000000004
      vertex 194.34943816497935 160.0594047947308 2.5000000000000004
    endloop
  endfacet
  facet normal 0.5555702330196264 0.8314696123025291 0
    outer loop
      vertex 194.15 160.15775681356644 0
      vertex 193.96510557068518 160.2812993215049 2.5000000000000004
      vertex 194.15 160.15775681356644 2.5000000000000004
    endloop
  endfacet
  facet normal 0.06540312923011986 0.997858923238605 0
    outer loop
      vertex 195 159.93 0
      vertex 194.7781054732259 159.94454373566452 2.5000000000000004
      vertex 195 159.93 2.5000000000000004
    endloop
  endfacet
  facet normal -0.06540312923011986 0.997858923238605 0
    outer loop
      vertex 195.2218945267741 159.94454373566452 0
      vertex 195 159.93 2.5000000000000004
      vertex 195.2218945267741 159.94454373566452 2.5000000000000004
    endloop
  endfacet
  facet normal 0.19509032201609922 0.9807852804032362 0
    outer loop
      vertex 194.7781054732259 159.94454373566452 0
      vertex 194.5600076233257 159.98792609530858 2.5000000000000004
      vertex 194.7781054732259 159.94454373566452 2.5000000000000004
    endloop
  endfacet
  facet normal -0.19509032201609922 0.9807852804032362 0
    outer loop
      vertex 195.4399923766743 159.98792609530858 0
      vertex 195.2218945267741 159.94454373566452 2.5000000000000004
      vertex 195.4399923766743 159.98792609530858 2.5000000000000004
    endloop
  endfacet
  facet normal -0.321439465303123 0.9469301294951189 0
    outer loop
      vertex 195.65056183502065 160.0594047947308 0
      vertex 195.4399923766743 159.98792609530858 2.5000000000000004
      vertex 195.65056183502065 160.0594047947308 2.5000000000000004
    endloop
  endfacet
  facet normal -0.4422886902190091 0.8968727415326845 0
    outer loop
      vertex 195.85 160.15775681356644 0
      vertex 195.65056183502065 160.0594047947308 2.5000000000000004
      vertex 195.85 160.15775681356644 2.5000000000000004
    endloop
  endfacet
  facet normal 0.6593458151001318 0.7518398074789224 0
    outer loop
      vertex 193.96510557068518 160.2812993215049 0
      vertex 193.79791847198288 160.42791847198288 2.5000000000000004
      vertex 193.96510557068518 160.2812993215049 2.5000000000000004
    endloop
  endfacet
  facet normal 0.7518398074789224 0.6593458151001318 0
    outer loop
      vertex 193.79791847198288 160.42791847198288 0
      vertex 193.6512993215049 160.59510557068518 2.5000000000000004
      vertex 193.79791847198288 160.42791847198288 2.5000000000000004
    endloop
  endfacet
  facet normal -0.5555702330196264 0.8314696123025291 0
    outer loop
      vertex 196.03489442931482 160.2812993215049 0
      vertex 195.85 160.15775681356644 2.5000000000000004
      vertex 196.03489442931482 160.2812993215049 2.5000000000000004
    endloop
  endfacet
  facet normal -0.6593458151001318 0.7518398074789224 0
    outer loop
      vertex 196.20208152801712 160.42791847198288 0
      vertex 196.03489442931482 160.2812993215049 2.5000000000000004
      vertex 196.20208152801712 160.42791847198288 2.5000000000000004
    endloop
  endfacet
  facet normal -0.7518398074789224 0.6593458151001318 0
    outer loop
      vertex 196.3487006784951 160.59510557068518 0
      vertex 196.20208152801712 160.42791847198288 2.5000000000000004
      vertex 196.3487006784951 160.59510557068518 2.5000000000000004
    endloop
  endfacet
  facet normal 0.8314696123025291 0.5555702330196264 0
    outer loop
      vertex 193.6512993215049 160.59510557068518 0
      vertex 193.52775681356644 160.78 0
      vertex 193.52775681356644 160.78 2.5000000000000004
    endloop
  endfacet
  facet normal 0.8968727415326845 0.4422886902190091 0
    outer loop
      vertex 193.52775681356644 160.78 0
      vertex 193.4294047947308 160.97943816497934 0
      vertex 193.4294047947308 160.97943816497934 2.5000000000000004
    endloop
  endfacet
  facet normal -0.8314696123025291 0.5555702330196264 0
    outer loop
      vertex 196.47224318643356 160.78 0
      vertex 196.3487006784951 160.59510557068518 0
      vertex 196.3487006784951 160.59510557068518 2.5000000000000004
    endloop
  endfacet
  facet normal -0.8968727415326845 0.4422886902190091 0
    outer loop
      vertex 196.5705952052692 160.97943816497934 0
      vertex 196.47224318643356 160.78 0
      vertex 196.47224318643356 160.78 2.5000000000000004
    endloop
  endfacet
  facet normal 0.9469301294951189 0.321439465303123 0
    outer loop
      vertex 193.4294047947308 160.97943816497934 0
      vertex 193.35792609530858 161.1900076233257 0
      vertex 193.35792609530858 161.1900076233257 2.5000000000000004
    endloop
  endfacet
  facet normal 0.9807852804032362 0.19509032201609922 0
    outer loop
      vertex 193.35792609530858 161.1900076233257 0
      vertex 193.31454373566453 161.4081054732259 0
      vertex 193.31454373566453 161.4081054732259 2.5000000000000004
    endloop
  endfacet
  facet normal -0.9469301294951189 0.321439465303123 0
    outer loop
      vertex 196.5705952052692 160.97943816497934 0
      vertex 196.5705952052692 160.97943816497934 2.5000000000000004
      vertex 196.64207390469142 161.1900076233257 0
    endloop
  endfacet
  facet normal -0.9807852804032362 0.19509032201609922 0
    outer loop
      vertex 196.68545626433547 161.4081054732259 0
      vertex 196.64207390469142 161.1900076233257 0
      vertex 196.64207390469142 161.1900076233257 2.5000000000000004
    endloop
  endfacet
  facet normal 0.8314696123025291 0.5555702330196264 0
    outer loop
      vertex 193.6512993215049 160.59510557068518 0
      vertex 193.52775681356644 160.78 2.5000000000000004
      vertex 193.6512993215049 160.59510557068518 2.5000000000000004
    endloop
  endfacet
  facet normal 0.8968727415326845 0.4422886902190091 0
    outer loop
      vertex 193.52775681356644 160.78 0
      vertex 193.4294047947308 160.97943816497934 2.5000000000000004
      vertex 193.52775681356644 160.78 2.5000000000000004
    endloop
  endfacet
  facet normal -0.8314696123025291 0.5555702330196264 0
    outer loop
      vertex 196.47224318643356 160.78 0
      vertex 196.3487006784951 160.59510557068518 2.5000000000000004
      vertex 196.47224318643356 160.78 2.5000000000000004
    endloop
  endfacet
  facet normal -0.8968727415326845 0.4422886902190091 0
    outer loop
      vertex 196.5705952052692 160.97943816497934 0
      vertex 196.47224318643356 160.78 2.5000000000000004
      vertex 196.5705952052692 160.97943816497934 2.5000000000000004
    endloop
  endfacet
  facet normal 0.9469301294951189 0.321439465303123 0
    outer loop
      vertex 193.4294047947308 160.97943816497934 2.5000000000000004
      vertex 193.4294047947308 160.97943816497934 0
      vertex 193.35792609530858 161.1900076233257 2.5000000000000004
    endloop
  endfacet
  facet normal 0.9807852804032362 0.19509032201609922 0
    outer loop
      vertex 193.35792609530858 161.1900076233257 0
      vertex 193.31454373566453 161.4081054732259 2.5000000000000004
      vertex 193.35792609530858 161.1900076233257 2.5000000000000004
    endloop
  endfacet
  facet normal -0.9469301294951189 0.321439465303123 0
    outer loop
      vertex 196.64207390469142 161.1900076233257 2.5000000000000004
      vertex 196.64207390469142 161.1900076233257 0
      vertex 196.5705952052692 160.97943816497934 2.5000000000000004
    endloop
  endfacet
  facet normal -0.9807852804032362 0.19509032201609922 0
    outer loop
      vertex 196.68545626433547 161.4081054732259 0
      vertex 196.64207390469142 161.1900076233257 2.5000000000000004
      vertex 196.68545626433547 161.4081054732259 2.5000000000000004
    endloop
  endfacet
  facet normal 0.997858923238605 0.06540312923011986 0
    outer loop
      vertex 193.31454373566453 161.4081054732259 0
      vertex 193.3 161.63 0
      vertex 193.3 161.63 2.5000000000000004
    endloop
  endfacet
  facet normal 0.997858923238605 -0.06540312923011986 0
    outer loop
      vertex 193.3 161.63 0
      vertex 193.31454373566453 161.8518945267741 0
      vertex 193.31454373566453 161.8518945267741 2.5000000000000004
    endloop
  endfacet
  facet normal -0.997858923238605 0.06540312923011986 0
    outer loop
      vertex 196.7 161.63 0
      vertex 196.68545626433547 161.4081054732259 0
      vertex 196.68545626433547 161.4081054732259 2.5000000000000004
    endloop
  endfacet
  facet normal -0.997858923238605 -0.06540312923011986 0
    outer loop
      vertex 196.68545626433547 161.8518945267741 0
      vertex 196.7 161.63 0
      vertex 196.7 161.63 2.5000000000000004
    endloop
  endfacet
  facet normal 0.9807852804032362 -0.19509032201609922 0
    outer loop
      vertex 193.31454373566453 161.8518945267741 0
      vertex 193.35792609530858 162.0699923766743 0
      vertex 193.35792609530858 162.0699923766743 2.5000000000000004
    endloop
  endfacet
  facet normal -0.9807852804032362 -0.19509032201609922 0
    outer loop
      vertex 196.64207390469142 162.0699923766743 0
      vertex 196.68545626433547 161.8518945267741 0
      vertex 196.68545626433547 161.8518945267741 2.5000000000000004
    endloop
  endfacet
  facet normal -0.9469301294951189 -0.321439465303123 0
    outer loop
      vertex 196.5705952052692 162.28056183502065 0
      vertex 196.64207390469142 162.0699923766743 0
      vertex 196.64207390469142 162.0699923766743 2.5000000000000004
    endloop
  endfacet
  facet normal 0.997858923238605 0.06540312923011986 0
    outer loop
      vertex 193.31454373566453 161.4081054732259 0
      vertex 193.3 161.63 2.5000000000000004
      vertex 193.31454373566453 161.4081054732259 2.5000000000000004
    endloop
  endfacet
  facet normal 0.997858923238605 -0.06540312923011986 0
    outer loop
      vertex 193.3 161.63 0
      vertex 193.31454373566453 161.8518945267741 2.5000000000000004
      vertex 193.3 161.63 2.5000000000000004
    endloop
  endfacet
  facet normal -0.997858923238605 0.06540312923011986 0
    outer loop
      vertex 196.7 161.63 0
      vertex 196.68545626433547 161.4081054732259 2.5000000000000004
      vertex 196.7 161.63 2.5000000000000004
    endloop
  endfacet
  facet normal -0.997858923238605 -0.06540312923011986 0
    outer loop
      vertex 196.68545626433547 161.8518945267741 0
      vertex 196.7 161.63 2.5000000000000004
      vertex 196.68545626433547 161.8518945267741 2.5000000000000004
    endloop
  endfacet
  facet normal 0.9807852804032362 -0.19509032201609922 0
    outer loop
      vertex 193.31454373566453 161.8518945267741 0
      vertex 193.35792609530858 162.0699923766743 2.5000000000000004
      vertex 193.31454373566453 161.8518945267741 2.5000000000000004
    endloop
  endfacet
  facet normal 0.9469301294951189 -0.321439465303123 0
    outer loop
      vertex 193.35792609530858 162.0699923766743 0
      vertex 193.4294047947308 162.28056183502065 2.5000000000000004
      vertex 193.35792609530858 162.0699923766743 2.5000000000000004
    endloop
  endfacet
  facet normal -0.9807852804032362 -0.19509032201609922 0
    outer loop
      vertex 196.64207390469142 162.0699923766743 0
      vertex 196.68545626433547 161.8518945267741 2.5000000000000004
      vertex 196.64207390469142 162.0699923766743 2.5000000000000004
    endloop
  endfacet
  facet normal 0.9469301294951189 -0.321439465303123 0
    outer loop
      vertex 193.35792609530858 162.0699923766743 0
      vertex 193.4294047947308 162.28056183502065 0
      vertex 193.4294047947308 162.28056183502065 2.5000000000000004
    endloop
  endfacet
  facet normal 0.8968727415326845 -0.4422886902190091 0
    outer loop
      vertex 193.4294047947308 162.28056183502065 0
      vertex 193.52775681356644 162.48 0
      vertex 193.52775681356644 162.48 2.5000000000000004
    endloop
  endfacet
  facet normal -0.8968727415326845 -0.4422886902190091 0
    outer loop
      vertex 196.47224318643356 162.48 0
      vertex 196.5705952052692 162.28056183502065 0
      vertex 196.5705952052692 162.28056183502065 2.5000000000000004
    endloop
  endfacet
  facet normal -0.8314696123025291 -0.5555702330196264 0
    outer loop
      vertex 196.3487006784951 162.6648944293148 0
      vertex 196.47224318643356 162.48 0
      vertex 196.47224318643356 162.48 2.5000000000000004
    endloop
  endfacet
  facet normal 0.8314696123025291 -0.5555702330196264 0
    outer loop
      vertex 193.52775681356644 162.48 0
      vertex 193.6512993215049 162.6648944293148 0
      vertex 193.6512993215049 162.6648944293148 2.5000000000000004
    endloop
  endfacet
  facet normal 0.7518398074789224 -0.6593458151001318 0
    outer loop
      vertex 193.6512993215049 162.6648944293148 0
      vertex 193.79791847198288 162.8320815280171 0
      vertex 193.79791847198288 162.8320815280171 2.5000000000000004
    endloop
  endfacet
  facet normal 0.6593458151001318 -0.7518398074789224 0
    outer loop
      vertex 193.96510557068518 162.9787006784951 0
      vertex 193.96510557068518 162.9787006784951 2.5000000000000004
      vertex 193.79791847198288 162.8320815280171 0
    endloop
  endfacet
  facet normal -0.7518398074789224 -0.6593458151001318 0
    outer loop
      vertex 196.3487006784951 162.6648944293148 0
      vertex 196.3487006784951 162.6648944293148 2.5000000000000004
      vertex 196.20208152801712 162.8320815280171 0
    endloop
  endfacet
  facet normal -0.6593458151001318 -0.7518398074789224 0
    outer loop
      vertex 196.20208152801712 162.8320815280171 0
      vertex 196.20208152801712 162.8320815280171 2.5000000000000004
      vertex 196.03489442931482 162.9787006784951 0
    endloop
  endfacet
  facet normal 0.8968727415326845 -0.4422886902190091 0
    outer loop
      vertex 193.4294047947308 162.28056183502065 0
      vertex 193.52775681356644 162.48 2.5000000000000004
      vertex 193.4294047947308 162.28056183502065 2.5000000000000004
    endloop
  endfacet
  facet normal 0.8314696123025291 -0.5555702330196264 0
    outer loop
      vertex 193.52775681356644 162.48 0
      vertex 193.6512993215049 162.6648944293148 2.5000000000000004
      vertex 193.52775681356644 162.48 2.5000000000000004
    endloop
  endfacet
  facet normal -0.9469301294951189 -0.321439465303123 0
    outer loop
      vertex 196.5705952052692 162.28056183502065 0
      vertex 196.64207390469142 162.0699923766743 2.5000000000000004
      vertex 196.5705952052692 162.28056183502065 2.5000000000000004
    endloop
  endfacet
  facet normal -0.8968727415326845 -0.4422886902190091 0
    outer loop
      vertex 196.47224318643356 162.48 0
      vertex 196.5705952052692 162.28056183502065 2.5000000000000004
      vertex 196.47224318643356 162.48 2.5000000000000004
    endloop
  endfacet
  facet normal 0.7518398074789224 -0.6593458151001318 0
    outer loop
      vertex 193.6512993215049 162.6648944293148 0
      vertex 193.79791847198288 162.8320815280171 2.5000000000000004
      vertex 193.6512993215049 162.6648944293148 2.5000000000000004
    endloop
  endfacet
  facet normal 0.6593458151001318 -0.7518398074789224 0
    outer loop
      vertex 193.79791847198288 162.8320815280171 0
      vertex 193.96510557068518 162.9787006784951 2.5000000000000004
      vertex 193.79791847198288 162.8320815280171 2.5000000000000004
    endloop
  endfacet
  facet normal -0.8314696123025291 -0.5555702330196264 0
    outer loop
      vertex 196.3487006784951 162.6648944293148 0
      vertex 196.47224318643356 162.48 2.5000000000000004
      vertex 196.3487006784951 162.6648944293148 2.5000000000000004
    endloop
  endfacet
  facet normal -0.7518398074789224 -0.6593458151001318 0
    outer loop
      vertex 196.20208152801712 162.8320815280171 0
      vertex 196.3487006784951 162.6648944293148 2.5000000000000004
      vertex 196.20208152801712 162.8320815280171 2.5000000000000004
    endloop
  endfacet
  facet normal -0.6593458151001318 -0.7518398074789224 0
    outer loop
      vertex 196.03489442931482 162.9787006784951 0
      vertex 196.20208152801712 162.8320815280171 2.5000000000000004
      vertex 196.03489442931482 162.9787006784951 2.5000000000000004
    endloop
  endfacet
  facet normal 0.5555702330196264 -0.8314696123025291 0
    outer loop
      vertex 194.15 163.10224318643355 0
      vertex 194.15 163.10224318643355 2.5000000000000004
      vertex 193.96510557068518 162.9787006784951 0
    endloop
  endfacet
  facet normal 0.4422886902190091 -0.8968727415326845 0
    outer loop
      vertex 194.34943816497935 163.2005952052692 0
      vertex 194.34943816497935 163.2005952052692 2.5000000000000004
      vertex 194.15 163.10224318643355 0
    endloop
  endfacet
  facet normal 0.321439465303123 -0.9469301294951189 0
    outer loop
      vertex 194.5600076233257 163.2720739046914 0
      vertex 194.5600076233257 163.2720739046914 2.5000000000000004
      vertex 194.34943816497935 163.2005952052692 0
    endloop
  endfacet
  facet normal -0.5555702330196264 -0.8314696123025291 0
    outer loop
      vertex 196.03489442931482 162.9787006784951 0
      vertex 196.03489442931482 162.9787006784951 2.5000000000000004
      vertex 195.85 163.10224318643355 0
    endloop
  endfacet
  facet normal -0.4422886902190091 -0.8968727415326845 0
    outer loop
      vertex 195.85 163.10224318643355 0
      vertex 195.85 163.10224318643355 2.5000000000000004
      vertex 195.65056183502065 163.2005952052692 0
    endloop
  endfacet
  facet normal -0.321439465303123 -0.9469301294951189 0
    outer loop
      vertex 195.65056183502065 163.2005952052692 0
      vertex 195.65056183502065 163.2005952052692 2.5000000000000004
      vertex 195.4399923766743 163.2720739046914 0
    endloop
  endfacet
  facet normal 0.19509032201609922 -0.9807852804032362 0
    outer loop
      vertex 194.7781054732259 163.31545626433547 0
      vertex 194.7781054732259 163.31545626433547 2.5000000000000004
      vertex 194.5600076233257 163.2720739046914 0
    endloop
  endfacet
  facet normal 0.06540312923011986 -0.997858923238605 0
    outer loop
      vertex 195 163.32999999999998 0
      vertex 195 163.32999999999998 2.5000000000000004
      vertex 194.7781054732259 163.31545626433547 0
    endloop
  endfacet
  facet normal -0.06540312923011986 -0.997858923238605 0
    outer loop
      vertex 195.2218945267741 163.31545626433547 0
      vertex 195.2218945267741 163.31545626433547 2.5000000000000004
      vertex 195 163.32999999999998 0
    endloop
  endfacet
  facet normal -0.19509032201609922 -0.9807852804032362 0
    outer loop
      vertex 195.4399923766743 163.2720739046914 0
      vertex 195.4399923766743 163.2720739046914 2.5000000000000004
      vertex 195.2218945267741 163.31545626433547 0
    endloop
  endfacet
  facet normal 0.5555702330196264 -0.8314696123025291 0
    outer loop
      vertex 193.96510557068518 162.9787006784951 0
      vertex 194.15 163.10224318643355 2.5000000000000004
      vertex 193.96510557068518 162.9787006784951 2.5000000000000004
    endloop
  endfacet
  facet normal 0.4422886902190091 -0.8968727415326845 0
    outer loop
      vertex 194.15 163.10224318643355 0
      vertex 194.34943816497935 163.2005952052692 2.5000000000000004
      vertex 194.15 163.10224318643355 2.5000000000000004
    endloop
  endfacet
  facet normal 0.321439465303123 -0.9469301294951189 0
    outer loop
      vertex 194.34943816497935 163.2005952052692 0
      vertex 194.5600076233257 163.2720739046914 2.5000000000000004
      vertex 194.34943816497935 163.2005952052692 2.5000000000000004
    endloop
  endfacet
  facet normal -0.5555702330196264 -0.8314696123025291 0
    outer loop
      vertex 195.85 163.10224318643355 0
      vertex 196.03489442931482 162.9787006784951 2.5000000000000004
      vertex 195.85 163.10224318643355 2.5000000000000004
    endloop
  endfacet
  facet normal -0.4422886902190091 -0.8968727415326845 0
    outer loop
      vertex 195.65056183502065 163.2005952052692 0
      vertex 195.85 163.10224318643355 2.5000000000000004
      vertex 195.65056183502065 163.2005952052692 2.5000000000000004
    endloop
  endfacet
  facet normal -0.321439465303123 -0.9469301294951189 0
    outer loop
      vertex 195.4399923766743 163.2720739046914 0
      vertex 195.65056183502065 163.2005952052692 2.5000000000000004
      vertex 195.4399923766743 163.2720739046914 2.5000000000000004
    endloop
  endfacet
  facet normal 0.19509032201609922 -0.9807852804032362 0
    outer loop
      vertex 194.5600076233257 163.2720739046914 0
      vertex 194.7781054732259 163.31545626433547 2.5000000000000004
      vertex 194.5600076233257 163.2720739046914 2.5000000000000004
    endloop
  endfacet
  facet normal 0.06540312923011986 -0.997858923238605 0
    outer loop
      vertex 194.7781054732259 163.31545626433547 0
      vertex 195 163.32999999999998 2.5000000000000004
      vertex 194.7781054732259 163.31545626433547 2.5000000000000004
    endloop
  endfacet
  facet normal -0.06540312923011986 -0.997858923238605 0
    outer loop
      vertex 195 163.32999999999998 0
      vertex 195.2218945267741 163.31545626433547 2.5000000000000004
      vertex 195 163.32999999999998 2.5000000000000004
    endloop
  endfacet
  facet normal -0.19509032201609922 -0.9807852804032362 0
    outer loop
      vertex 195.2218945267741 163.31545626433547 0
      vertex 195.4399923766743 163.2720739046914 2.5000000000000004
      vertex 195.2218945267741 163.31545626433547 2.5000000000000004
    endloop
  endfacet
  facet normal 0 1 0
    outer loop
      vertex 124 158 2.5000000000000004
      vertex 135 158 0
      vertex 124 158 0
    endloop
  endfacet
  facet normal 0 1 0
    outer loop
      vertex 124 158 2.5000000000000004
      vertex 135 158 2.5000000000000004
      vertex 135 158 0
    endloop
  endfacet
  facet normal 1 0 0
    outer loop
      vertex 124 158 2.5000000000000004
      vertex 124 158 0
      vertex 124 163 2.5000000000000004
    endloop
  endfacet
  facet normal -1 0 0
    outer loop
      vertex 135 163 0
      vertex 135 158 0
      vertex 135 158 2.5000000000000004
    endloop
  endfacet
  facet normal 1 0 0
    outer loop
      vertex 124 158 0
      vertex 124 163 0
      vertex 124 163 2.5000000000000004
    endloop
  endfacet
  facet normal -1 0 0
    outer loop
      vertex 135 163 2.5000000000000004
      vertex 135 163 0
      vertex 135 158 2.5000000000000004
    endloop
  endfacet
  facet normal 0 -1 0
    outer loop
      vertex 124 163 2.5000000000000004
      vertex 124 163 0
      vertex 135 163 2.5000000000000004
    endloop
  endfacet
  facet normal 0 -1 0
    outer loop
      vertex 124 163 0
      vertex 135 163 0
      vertex 135 163 2.5000000000000004
    endloop
  endfacet
endsolid OpenSCAD_Model
