solid OpenSCAD_Model
  facet normal -1 0 0
    outer loop
      vertex 258.7 -1.5 3.1999999999999993
      vertex 258.7 -1.5 4.59
      vertex 258.7 -0.8499999999999993 3.1999999999999993
    endloop
  endfacet
  facet normal -1 0 0
    outer loop
      vertex 258.7 -0.8499999999999993 3.1999999999999993
      vertex 258.7 -1.5 4.59
      vertex 258.7 -1.5 4.899999999999999
    endloop
  endfacet
  facet normal -1 0 0
    outer loop
      vertex 258.7 -0.8499999999999993 3.1999999999999993
      vertex 258.7 -1.5 4.899999999999999
      vertex 258.7 -0.8499999999999993 4.59
    endloop
  endfacet
  facet normal -1 0 0
    outer loop
      vertex 258.7 -0.8499999999999993 4.59
      vertex 258.7 -1.5 4.899999999999999
      vertex 258.7 -0.8499999999999993 4.899999999999999
    endloop
  endfacet
  facet normal 0 -1 0
    outer loop
      vertex 258.7 -1.5 4.59
      vertex 259.5 -1.5 4.59
      vertex 258.7 -1.5 4.899999999999999
    endloop
  endfacet
  facet normal 0 1 0
    outer loop
      vertex 258.7 -0.8499999999999993 4.59
      vertex 259.5 -0.8499999999999993 4.899999999999999
      vertex 259.5 -0.8499999999999993 4.59
    endloop
  endfacet
  facet normal 0 1 0
    outer loop
      vertex 258.7 -0.8499999999999993 4.59
      vertex 258.7 -0.8499999999999993 4.899999999999999
      vertex 259.5 -0.8499999999999993 4.899999999999999
    endloop
  endfacet
  facet normal 0 -1 0
    outer loop
      vertex 258.7 -1.5 4.899999999999999
      vertex 259.5 -1.5 4.59
      vertex 259.5 -1.5 4.899999999999999
    endloop
  endfacet
  facet normal 1 0 0
    outer loop
      vertex 259.5 -1.5 4.59
      vertex 259.5 -0.8499999999999993 4.59
      vertex 259.5 -1.5 4.899999999999999
    endloop
  endfacet
  facet normal 1 0 0
    outer loop
      vertex 259.5 -0.8499999999999993 4.59
      vertex 259.5 -1.5 5.890000000000001
      vertex 259.5 -1.5 4.899999999999999
    endloop
  endfacet
  facet normal 1 0 0
    outer loop
      vertex 259.5 -0.8499999999999993 4.59
      vertex 259.5 -0.8499999999999993 4.899999999999999
      vertex 259.5 -1.5 5.890000000000001
    endloop
  endfacet
  facet normal 1 0 0
    outer loop
      vertex 259.5 -0.8499999999999993 4.899999999999999
      vertex 259.5 -0.8499999999999993 5.890000000000001
      vertex 259.5 -1.5 5.890000000000001
    endloop
  endfacet
  facet normal 0 0 -1
    outer loop
      vertex 258.7 -0.8499999999999993 4.899999999999999
      vertex 258.7 0.10000000000000075 4.899999999999999
      vertex 259.5 -0.8499999999999993 4.899999999999999
    endloop
  endfacet
  facet normal 0 0 -1
    outer loop
      vertex 258.7 0.10000000000000075 4.899999999999999
      vertex 259.5 0.10000000000000075 4.899999999999999
      vertex 259.5 -0.8499999999999993 4.899999999999999
    endloop
  endfacet
  facet normal -1 0 0
    outer loop
      vertex 258.7 -1.5 4.899999999999999
      vertex 258.7 0.10000000000000075 5.899999999999999
      vertex 258.7 -0.8499999999999993 4.899999999999999
    endloop
  endfacet
  facet normal -1 0 0
    outer loop
      vertex 258.7 -0.8499999999999993 4.899999999999999
      vertex 258.7 0.10000000000000075 5.899999999999999
      vertex 258.7 0.10000000000000075 4.899999999999999
    endloop
  endfacet
  facet normal 0 -1 0
    outer loop
      vertex 258.7 -1.5 4.899999999999999
      vertex 259.5 -1.5 4.899999999999999
      vertex 258.7 -1.5 5.899999999999999
    endloop
  endfacet
  facet normal 0 1 0
    outer loop
      vertex 258.7 0.10000000000000075 4.899999999999999
      vertex 258.7 0.10000000000000075 5.899999999999999
      vertex 259.5 0.10000000000000075 4.899999999999999
    endloop
  endfacet
  facet normal 1 0 0
    outer loop
      vertex 259.5 -0.8499999999999993 4.899999999999999
      vertex 259.5 0.10000000000000075 4.899999999999999
      vertex 259.5 -0.8499999999999993 5.890000000000001
    endloop
  endfacet
  facet normal -1 0 0
    outer loop
      vertex 258.7 -1.5 4.899999999999999
      vertex 258.7 -1.5 5.899999999999999
      vertex 258.7 0.10000000000000075 5.899999999999999
    endloop
  endfacet
  facet normal 0 -1 0
    outer loop
      vertex 259.5 -1.5 4.899999999999999
      vertex 259.5 -1.5 5.890000000000001
      vertex 258.7 -1.5 5.899999999999999
    endloop
  endfacet
  facet normal 0 0 1
    outer loop
      vertex 258.7 -1.5 5.899999999999999
      vertex 259.5 -1.5 5.899999999999999
      vertex 258.7 0.10000000000000075 5.899999999999999
    endloop
  endfacet
  facet normal 0 -1 0
    outer loop
      vertex 258.7 -1.5 5.899999999999999
      vertex 259.5 -1.5 5.890000000000001
      vertex 259.5 -1.5 5.899999999999999
    endloop
  endfacet
  facet normal 0 0 1
    outer loop
      vertex 258.7 0.10000000000000075 5.899999999999999
      vertex 259.5 -1.5 5.899999999999999
      vertex 259.5 0.10000000000000075 5.899999999999999
    endloop
  endfacet
  facet normal 0 1 0
    outer loop
      vertex 259.5 0.10000000000000075 4.899999999999999
      vertex 258.7 0.10000000000000075 5.899999999999999
      vertex 259.5 0.10000000000000075 5.899999999999999
    endloop
  endfacet
  facet normal 1 0 0
    outer loop
      vertex 259.5 0.10000000000000075 4.899999999999999
      vertex 259.5 0.10000000000000075 5.899999999999999
      vertex 259.5 -0.8499999999999993 5.890000000000001
    endloop
  endfacet
  facet normal 1 0 0
    outer loop
      vertex 259.5 -1.5 5.890000000000001
      vertex 259.5 -0.8499999999999993 5.890000000000001
      vertex 259.5 -1.5 5.899999999999999
    endloop
  endfacet
  facet normal 1 0 0
    outer loop
      vertex 259.5 -1.5 5.899999999999999
      vertex 259.5 -0.8499999999999993 5.890000000000001
      vertex 259.5 0.10000000000000075 5.899999999999999
    endloop
  endfacet
  facet normal 1 0 0
    outer loop
      vertex 269.3 -1.5 3.1999999999999993
      vertex 269.3 -0.8499999999999993 3.1999999999999993
      vertex 269.3 -0.8499999999999993 4.59
    endloop
  endfacet
  facet normal 1 0 0
    outer loop
      vertex 269.3 -1.5 3.1999999999999993
      vertex 269.3 -0.8682962962962955 4.899999999999999
      vertex 269.3 -1.5 4.59
    endloop
  endfacet
  facet normal 1 0 0
    outer loop
      vertex 269.3 -1.5 3.1999999999999993
      vertex 269.3 -0.8499999999999993 4.59
      vertex 269.3 -0.8499999999999993 4.899999999999999
    endloop
  endfacet
  facet normal 1 0 0
    outer loop
      vertex 269.3 -1.5 3.1999999999999993
      vertex 269.3 -0.8499999999999993 4.899999999999999
      vertex 269.3 -0.8682962962962955 4.899999999999999
    endloop
  endfacet
  facet normal -1 0 0
    outer loop
      vertex 268.5 -1.5 4.59
      vertex 268.5 -0.8499999999999993 4.899999999999999
      vertex 268.5 -0.8499999999999993 4.59
    endloop
  endfacet
  facet normal 0 1 0
    outer loop
      vertex 268.5 -0.8499999999999993 4.59
      vertex 269.3 -0.8499999999999993 4.899999999999999
      vertex 269.3 -0.8499999999999993 4.59
    endloop
  endfacet
  facet normal -1 0 0
    outer loop
      vertex 268.5 -1.5 4.59
      vertex 268.5 -1.0883333333333334 4.899999999999999
      vertex 268.5 -0.8499999999999993 4.899999999999999
    endloop
  endfacet
  facet normal 0 1 0
    outer loop
      vertex 268.5 -0.8499999999999993 4.59
      vertex 268.5 -0.8499999999999993 4.899999999999999
      vertex 269.3 -0.8499999999999993 4.899999999999999
    endloop
  endfacet
  facet normal 1 0 0
    outer loop
      vertex 269.3 -1.5 4.59
      vertex 269.3 -0.8682962962962955 4.899999999999999
      vertex 269.3 -1.5 4.899999999999999
    endloop
  endfacet
  facet normal 0 -1 0
    outer loop
      vertex 268.5 -1.5 4.59
      vertex 269.3 -1.5 4.59
      vertex 268.5 -1.5 5.890000000000001
    endloop
  endfacet
  facet normal -1 0 0
    outer loop
      vertex 268.5 -1.5 4.59
      vertex 268.5 -1.5 5.890000000000001
      vertex 268.5 -1.0883333333333334 4.899999999999999
    endloop
  endfacet
  facet normal 0 -1 0
    outer loop
      vertex 269.3 -1.5 4.59
      vertex 269.3 -1.5 4.899999999999999
      vertex 268.5 -1.5 5.890000000000001
    endloop
  endfacet
  facet normal -1 0 0
    outer loop
      vertex 268.5 -1.0883333333333334 4.899999999999999
      vertex 268.5 -0.8499999999999993 5.890000000000001
      vertex 268.5 -0.8499999999999993 4.899999999999999
    endloop
  endfacet
  facet normal 1 0 0
    outer loop
      vertex 269.3 -0.8682962962962955 4.899999999999999
      vertex 269.3 -0.8499999999999993 4.899999999999999
      vertex 269.3 -0.8499999999999993 5.493749999999999
    endloop
  endfacet
  facet normal -1 0 0
    outer loop
      vertex 268.5 -1.0883333333333334 4.899999999999999
      vertex 268.5 -1.5 5.890000000000001
      vertex 268.5 -0.8499999999999993 5.890000000000001
    endloop
  endfacet
  facet normal 0 -1 0
    outer loop
      vertex 269.3 -1.5 4.899999999999999
      vertex 269.3 -1.5 5.890000000000001
      vertex 268.5 -1.5 5.890000000000001
    endloop
  endfacet
  facet normal 1 0 0
    outer loop
      vertex 269.3 -0.8682962962962955 4.899999999999999
      vertex 269.3 -0.8499999999999993 5.493749999999999
      vertex 269.3 -1.4953777777777786 5.890000000000001
    endloop
  endfacet
  facet normal 1 0 0
    outer loop
      vertex 269.3 -0.8499999999999993 5.493749999999999
      vertex 269.3 -1.484000000000003 5.890000000000001
      vertex 269.3 -1.4953777777777786 5.890000000000001
    endloop
  endfacet
  facet normal 0 0 -1
    outer loop
      vertex 268.5 -0.8499999999999993 4.899999999999999
      vertex 268.5 0.10000000000000075 4.899999999999999
      vertex 269.3 0.10000000000000075 4.899999999999999
    endloop
  endfacet
  facet normal 0 0 -1
    outer loop
      vertex 268.5 -0.8499999999999993 4.899999999999999
      vertex 269.3 0.10000000000000075 4.899999999999999
      vertex 269.3 -0.8499999999999993 4.899999999999999
    endloop
  endfacet
  facet normal -1 0 0
    outer loop
      vertex 268.5 -0.8499999999999993 4.899999999999999
      vertex 268.5 -0.8499999999999993 5.890000000000001
      vertex 268.5 0.10000000000000075 4.899999999999999
    endloop
  endfacet
  facet normal 1 0 0
    outer loop
      vertex 269.3 -1.5 4.899999999999999
      vertex 269.3 -0.8682962962962955 4.899999999999999
      vertex 269.3 -1.4953777777777786 5.890000000000001
    endloop
  endfacet
  facet normal 1 0 0
    outer loop
      vertex 269.3 -0.8499999999999993 4.899999999999999
      vertex 269.3 0.10000000000000075 4.899999999999999
      vertex 269.3 -0.8499999999999993 5.493749999999999
    endloop
  endfacet
  facet normal 0 1 0
    outer loop
      vertex 268.5 0.10000000000000075 4.899999999999999
      vertex 268.5 0.10000000000000075 5.899999999999999
      vertex 269.3 0.10000000000000075 4.899999999999999
    endloop
  endfacet
  facet normal -1 0 0
    outer loop
      vertex 268.5 0.10000000000000075 4.899999999999999
      vertex 268.5 -0.8499999999999993 5.890000000000001
      vertex 268.5 0.10000000000000075 5.899999999999999
    endloop
  endfacet
  facet normal 1 0 0
    outer loop
      vertex 269.3 -1.5 4.899999999999999
      vertex 269.3 -1.4953777777777786 5.890000000000001
      vertex 269.3 -1.5 5.890000000000001
    endloop
  endfacet
  facet normal 1 0 0
    outer loop
      vertex 269.3 0.10000000000000075 4.899999999999999
      vertex 269.3 0.10000000000000075 5.899999999999999
      vertex 269.3 -0.8499999999999993 5.493749999999999
    endloop
  endfacet
  facet normal -1 0 0
    outer loop
      vertex 268.5 -1.5 5.890000000000001
      vertex 268.5 -1.5 5.899999999999999
      vertex 268.5 -0.8499999999999993 5.890000000000001
    endloop
  endfacet
  facet normal 0 -1 0
    outer loop
      vertex 268.5 -1.5 5.890000000000001
      vertex 269.3 -1.5 5.890000000000001
      vertex 268.5 -1.5 5.899999999999999
    endloop
  endfacet
  facet normal 0 0 1
    outer loop
      vertex 268.5 -1.5 5.899999999999999
      vertex 269.3 -1.5 5.899999999999999
      vertex 268.5 0.10000000000000075 5.899999999999999
    endloop
  endfacet
  facet normal 0 -1 0
    outer loop
      vertex 268.5 -1.5 5.899999999999999
      vertex 269.3 -1.5 5.890000000000001
      vertex 269.3 -1.5 5.899999999999999
    endloop
  endfacet
  facet normal -1 0 0
    outer loop
      vertex 268.5 -1.5 5.899999999999999
      vertex 268.5 0.10000000000000075 5.899999999999999
      vertex 268.5 -0.8499999999999993 5.890000000000001
    endloop
  endfacet
  facet normal 0 0 1
    outer loop
      vertex 269.3 -1.5 5.899999999999999
      vertex 269.3 0.10000000000000075 5.899999999999999
      vertex 268.5 0.10000000000000075 5.899999999999999
    endloop
  endfacet
  facet normal 1 0 0
    outer loop
      vertex 269.3 -1.5 5.890000000000001
      vertex 269.3 -1.4953777777777786 5.890000000000001
      vertex 269.3 -1.5 5.899999999999999
    endloop
  endfacet
  facet normal 1 0 0
    outer loop
      vertex 269.3 -1.4953777777777786 5.890000000000001
      vertex 269.3 -1.484000000000003 5.890000000000001
      vertex 269.3 -1.5 5.899999999999999
    endloop
  endfacet
  facet normal 1 0 0
    outer loop
      vertex 269.3 -1.484000000000003 5.890000000000001
      vertex 269.3 0.10000000000000075 5.899999999999999
      vertex 269.3 -1.5 5.899999999999999
    endloop
  endfacet
  facet normal 1 0 0
    outer loop
      vertex 269.3 -0.8499999999999993 5.493749999999999
      vertex 269.3 0.10000000000000075 5.899999999999999
      vertex 269.3 -1.484000000000003 5.890000000000001
    endloop
  endfacet
  facet normal 0 1 0
    outer loop
      vertex 269.3 0.10000000000000075 4.899999999999999
      vertex 268.5 0.10000000000000075 5.899999999999999
      vertex 269.3 0.10000000000000075 5.899999999999999
    endloop
  endfacet
  facet normal 0 0 -1
    outer loop
      vertex 252.11418069899082 -0.5740251466631889 0
      vertex 252.05111125856638 -0.38822856545448303 0
      vertex 255.34943816497935 -0.3405952052691874 0
    endloop
  endfacet
  facet normal 0 0 -1
    outer loop
      vertex 252.05111125856638 -0.38822856545448303 0
      vertex 252.0128327086568 -0.19578928500413895 0
      vertex 254.31454373566453 1.4518945267740877 0
    endloop
  endfacet
  facet normal 0 0 -1
    outer loop
      vertex 252.0128327086568 -0.19578928500413895 0
      vertex 252 0 0
      vertex 254.35792609530858 1.6699923766742852 0
    endloop
  endfacet
  facet normal 0 0 -1
    outer loop
      vertex 252.05111125856638 -0.38822856545448303 0
      vertex 254.79791847198288 0.02791847198286912 0
      vertex 254.96510557068518 -0.11870067849509969 0
    endloop
  endfacet
  facet normal 0 0 -1
    outer loop
      vertex 252.05111125856638 -0.38822856545448303 0
      vertex 254.96510557068518 -0.11870067849509969 0
      vertex 255.15 -0.2422431864335457 0
    endloop
  endfacet
  facet normal 0 0 -1
    outer loop
      vertex 252.05111125856638 -0.38822856545448303 0
      vertex 255.15 -0.2422431864335457 0
      vertex 255.34943816497935 -0.3405952052691874 0
    endloop
  endfacet
  facet normal 0 0 -1
    outer loop
      vertex 252.11418069899082 -0.5740251466631889 0
      vertex 255.34943816497935 -0.3405952052691874 0
      vertex 255.5600076233257 -0.41207390469141614 0
    endloop
  endfacet
  facet normal 0 0 -1
    outer loop
      vertex 252.11418069899082 -0.5740251466631889 0
      vertex 255.5600076233257 -0.41207390469141614 0
      vertex 255.7781054732259 -0.4554562643354776 0
    endloop
  endfacet
  facet normal 0 0 -1
    outer loop
      vertex 252.11418069899082 -0.5740251466631889 0
      vertex 255.7781054732259 -0.4554562643354776 0
      vertex 256 -0.47 0
    endloop
  endfacet
  facet normal 0 0 -1
    outer loop
      vertex 252.05111125856638 -0.38822856545448303 0
      vertex 254.4294047947308 0.5794381649793474 0
      vertex 254.52775681356644 0.38 0
    endloop
  endfacet
  facet normal 0 0 -1
    outer loop
      vertex 252.05111125856638 -0.38822856545448303 0
      vertex 254.52775681356644 0.38 0
      vertex 254.6512993215049 0.19510557068517498 0
    endloop
  endfacet
  facet normal 0 0 -1
    outer loop
      vertex 252.05111125856638 -0.38822856545448303 0
      vertex 254.6512993215049 0.19510557068517498 0
      vertex 254.79791847198288 0.02791847198286912 0
    endloop
  endfacet
  facet normal 0 0 -1
    outer loop
      vertex 252.05111125856638 -0.38822856545448303 0
      vertex 254.35792609530858 0.7900076233257147 0
      vertex 254.4294047947308 0.5794381649793474 0
    endloop
  endfacet
  facet normal 0 0 -1
    outer loop
      vertex 252.05111125856638 -0.38822856545448303 0
      vertex 254.31454373566453 1.0081054732259123 0
      vertex 254.35792609530858 0.7900076233257147 0
    endloop
  endfacet
  facet normal 0 0 -1
    outer loop
      vertex 252.05111125856638 -0.38822856545448303 0
      vertex 254.3 1.23 0
      vertex 254.31454373566453 1.0081054732259123 0
    endloop
  endfacet
  facet normal 0 0 -1
    outer loop
      vertex 252.05111125856638 -0.38822856545448303 0
      vertex 254.31454373566453 1.4518945267740877 0
      vertex 254.3 1.23 0
    endloop
  endfacet
  facet normal 0 0 -1
    outer loop
      vertex 252.0128327086568 -0.19578928500413895 0
      vertex 254.35792609530858 1.6699923766742852 0
      vertex 254.31454373566453 1.4518945267740877 0
    endloop
  endfacet
  facet normal 0 0 -1
    outer loop
      vertex 252 0 0
      vertex 254.4294047947308 1.8805618350206526 0
      vertex 254.35792609530858 1.6699923766742852 0
    endloop
  endfacet
  facet normal 0 0 -1
    outer loop
      vertex 252 0 0
      vertex 254.52775681356644 2.08 0
      vertex 254.4294047947308 1.8805618350206526 0
    endloop
  endfacet
  facet normal -0.8314696119753573 -0.5555702335092735 0
    outer loop
      vertex 252.30996999144554 -0.9131421446800232 0
      vertex 252.20096189528704 -0.75 3.1999999999999993
      vertex 252.20096189528704 -0.75 0
    endloop
  endfacet
  facet normal -0.7518397942312052 -0.6593458302062577 0
    outer loop
      vertex 252.30996999144554 -0.9131421446800232 0
      vertex 252.43933983147144 -1.0606601685285568 0
      vertex 252.30996999144554 -0.9131421446800232 3.1999999999999993
    endloop
  endfacet
  facet normal -0.5555702335092735 -0.8314696119753573 0
    outer loop
      vertex 252.58685785531998 -1.1900300085544586 0
      vertex 252.75 -1.299038104712963 0
      vertex 252.58685785531998 -1.1900300085544586 3.1999999999999993
    endloop
  endfacet
  facet normal -0.6593458302062577 -0.7518397942312052 0
    outer loop
      vertex 252.58685785531998 -1.1900300085544586 0
      vertex 252.43933983147144 -1.0606601685285568 3.1999999999999993
      vertex 252.43933983147144 -1.0606601685285568 0
    endloop
  endfacet
  facet normal -0.8968727369300092 -0.44228869955231076 0
    outer loop
      vertex 252.11418069899082 -0.5740251466631889 0
      vertex 252.20096189528704 -0.75 0
      vertex 252.11418069899082 -0.5740251466631889 3.1999999999999993
    endloop
  endfacet
  facet normal -0.9469301300366789 -0.3214394637077385 0
    outer loop
      vertex 252.11418069899082 -0.5740251466631889 0
      vertex 252.05111125856638 -0.38822856545448303 3.1999999999999993
      vertex 252.05111125856638 -0.38822856545448303 0
    endloop
  endfacet
  facet normal -0.9807852832718771 -0.19509030759446713 0
    outer loop
      vertex 252.05111125856638 -0.38822856545448303 0
      vertex 252.0128327086568 -0.19578928500413895 3.1999999999999993
      vertex 252.0128327086568 -0.19578928500413895 0
    endloop
  endfacet
  facet normal -0.44228869955231076 -0.8968727369300092 0
    outer loop
      vertex 252.9259748533368 -1.3858193010091782 0
      vertex 252.75 -1.299038104712963 3.1999999999999993
      vertex 252.75 -1.299038104712963 0
    endloop
  endfacet
  facet normal -0.3214394637077385 -0.9469301300366789 0
    outer loop
      vertex 252.9259748533368 -1.3858193010091782 0
      vertex 253.11177143454552 -1.4488887414336205 0
      vertex 252.9259748533368 -1.3858193010091782 3.1999999999999993
    endloop
  endfacet
  facet normal -0.19509030759446713 -0.9807852832718771 0
    outer loop
      vertex 253.11177143454552 -1.4488887414336205 0
      vertex 253.30421071499586 -1.4871672913432121 0
      vertex 253.11177143454552 -1.4488887414336205 3.1999999999999993
    endloop
  endfacet
  facet normal -0.06540313397759875 -0.9978589229274388 0
    outer loop
      vertex 253.30421071499586 -1.4871672913432121 0
      vertex 253.5 -1.5 0
      vertex 253.30421071499586 -1.4871672913432121 3.1999999999999993
    endloop
  endfacet
  facet normal -0.9978589229274388 -0.06540313397759875 0
    outer loop
      vertex 252.0128327086568 -0.19578928500413895 0
      vertex 252 0 3.1999999999999993
      vertex 252 0 0
    endloop
  endfacet
  facet normal 0 -1 0
    outer loop
      vertex 253.5 -1.5 0
      vertex 254.54190240013574 -1.5 0.9999999999999991
      vertex 254.54190240013574 -1.5 3.1999999999999993
    endloop
  endfacet
  facet normal -0.8314696119753573 -0.5555702335092735 0
    outer loop
      vertex 252.30996999144554 -0.9131421446800232 0
      vertex 252.30996999144554 -0.9131421446800232 3.1999999999999993
      vertex 252.20096189528704 -0.75 3.1999999999999993
    endloop
  endfacet
  facet normal -0.6593458302062577 -0.7518397942312052 0
    outer loop
      vertex 252.58685785531998 -1.1900300085544586 0
      vertex 252.58685785531998 -1.1900300085544586 3.1999999999999993
      vertex 252.43933983147144 -1.0606601685285568 3.1999999999999993
    endloop
  endfacet
  facet normal -0.5555702335092735 -0.8314696119753573 0
    outer loop
      vertex 252.75 -1.299038104712963 0
      vertex 252.75 -1.299038104712963 3.1999999999999993
      vertex 252.58685785531998 -1.1900300085544586 3.1999999999999993
    endloop
  endfacet
  facet normal -0.7518397942312052 -0.6593458302062577 0
    outer loop
      vertex 252.43933983147144 -1.0606601685285568 0
      vertex 252.43933983147144 -1.0606601685285568 3.1999999999999993
      vertex 252.30996999144554 -0.9131421446800232 3.1999999999999993
    endloop
  endfacet
  facet normal -0.8968727369300092 -0.44228869955231076 0
    outer loop
      vertex 252.20096189528704 -0.75 0
      vertex 252.20096189528704 -0.75 3.1999999999999993
      vertex 252.11418069899082 -0.5740251466631889 3.1999999999999993
    endloop
  endfacet
  facet normal -0.9469301300366789 -0.3214394637077385 0
    outer loop
      vertex 252.11418069899082 -0.5740251466631889 0
      vertex 252.11418069899082 -0.5740251466631889 3.1999999999999993
      vertex 252.05111125856638 -0.38822856545448303 3.1999999999999993
    endloop
  endfacet
  facet normal -0.9807852832718771 -0.19509030759446713 0
    outer loop
      vertex 252.05111125856638 -0.38822856545448303 0
      vertex 252.05111125856638 -0.38822856545448303 3.1999999999999993
      vertex 252.0128327086568 -0.19578928500413895 3.1999999999999993
    endloop
  endfacet
  facet normal -0.9978589229274388 -0.06540313397759875 0
    outer loop
      vertex 252.0128327086568 -0.19578928500413895 0
      vertex 252.0128327086568 -0.19578928500413895 3.1999999999999993
      vertex 252 0 3.1999999999999993
    endloop
  endfacet
  facet normal -0.44228869955231076 -0.8968727369300092 0
    outer loop
      vertex 252.9259748533368 -1.3858193010091782 0
      vertex 252.9259748533368 -1.3858193010091782 3.1999999999999993
      vertex 252.75 -1.299038104712963 3.1999999999999993
    endloop
  endfacet
  facet normal -0.3214394637077385 -0.9469301300366789 0
    outer loop
      vertex 253.11177143454552 -1.4488887414336205 0
      vertex 253.11177143454552 -1.4488887414336205 3.1999999999999993
      vertex 252.9259748533368 -1.3858193010091782 3.1999999999999993
    endloop
  endfacet
  facet normal -0.19509030759446713 -0.9807852832718771 0
    outer loop
      vertex 253.30421071499586 -1.4871672913432121 0
      vertex 253.30421071499586 -1.4871672913432121 3.1999999999999993
      vertex 253.11177143454552 -1.4488887414336205 3.1999999999999993
    endloop
  endfacet
  facet normal -0.06540313397759875 -0.9978589229274388 0
    outer loop
      vertex 253.5 -1.5 0
      vertex 253.5 -1.5 3.1999999999999993
      vertex 253.30421071499586 -1.4871672913432121 3.1999999999999993
    endloop
  endfacet
  facet normal 0 -1 0
    outer loop
      vertex 253.5 -1.5 0
      vertex 254.54190240013574 -1.5 3.1999999999999993
      vertex 253.5 -1.5 3.1999999999999993
    endloop
  endfacet
  facet normal 0 -1 0
    outer loop
      vertex 257.4580975998643 -1.5 0.9999999999999991
      vertex 258.7 -1.5 3.1999999999999993
      vertex 257.4580975998643 -1.5 3.1999999999999993
    endloop
  endfacet
  facet normal 0 0 -1
    outer loop
      vertex 252 0 0
      vertex 252 19.729999996721745 0
      vertex 254.52775681356644 2.08 0
    endloop
  endfacet
  facet normal 0 0 -1
    outer loop
      vertex 254.52775681356644 2.08 0
      vertex 252 19.729999996721745 0
      vertex 254.6512993215049 2.264894429314825 0
    endloop
  endfacet
  facet normal 0 0 -1
    outer loop
      vertex 254.6512993215049 2.264894429314825 0
      vertex 252 19.729999996721745 0
      vertex 254.79791847198288 2.4320815280171306 0
    endloop
  endfacet
  facet normal 0 0 -1
    outer loop
      vertex 254.79791847198288 2.4320815280171306 0
      vertex 252 19.729999996721745 0
      vertex 254.96510557068518 2.5787006784950997 0
    endloop
  endfacet
  facet normal 0 0 -1
    outer loop
      vertex 254.96510557068518 2.5787006784950997 0
      vertex 252 19.729999996721745 0
      vertex 255.15 2.7022431864335457 0
    endloop
  endfacet
  facet normal 0 0 -1
    outer loop
      vertex 255.15 2.7022431864335457 0
      vertex 257.55 5.372405384475495 0
      vertex 257.5547468571901 4.970822971834544 0
    endloop
  endfacet
  facet normal 0 0 -1
    outer loop
      vertex 255.15 2.7022431864335457 0
      vertex 257.15000000000003 6.93 0
      vertex 257.55 5.372405384475495 0
    endloop
  endfacet
  facet normal 0 0 -1
    outer loop
      vertex 257.55 5.372405384475495 0
      vertex 257.6090863943483 5.438142991395239 0
      vertex 257.5547468571901 4.970822971834544 0
    endloop
  endfacet
  facet normal 0 0 -1
    outer loop
      vertex 257.15000000000003 6.93 0
      vertex 257.55 6.93 0
      vertex 257.55 5.372405384475495 0
    endloop
  endfacet
  facet normal 0 0 -1
    outer loop
      vertex 255.15 2.7022431864335457 0
      vertex 254.79791847198288 16.02791847198287 0
      vertex 257.15000000000003 6.93 0
    endloop
  endfacet
  facet normal -1 0 0
    outer loop
      vertex 252 0 0
      vertex 252 0 3.1999999999999993
      vertex 252 19.729999996721745 3.1999999999999993
    endloop
  endfacet
  facet normal 0 0 -1
    outer loop
      vertex 252.11418069899082 -0.5740251466631889 0
      vertex 271.34943816497935 -0.3405952052691874 0
      vertex 252.20096189528704 -0.75 0
    endloop
  endfacet
  facet normal 0 0 -1
    outer loop
      vertex 252.30996999144554 -0.9131421446800232 0
      vertex 252.20096189528704 -0.75 0
      vertex 271.77810547322593 -0.4554562643354776 0
    endloop
  endfacet
  facet normal 0 0 -1
    outer loop
      vertex 252.30996999144554 -0.9131421446800232 0
      vertex 275.8858193010092 -0.5740251466631889 0
      vertex 252.43933983147144 -1.0606601685285568 0
    endloop
  endfacet
  facet normal 0 0 -1
    outer loop
      vertex 252.11418069899082 -0.5740251466631889 0
      vertex 256 -0.47 0
      vertex 270.9651055706852 -0.11870067849509969 0
    endloop
  endfacet
  facet normal 0 0 -1
    outer loop
      vertex 252.9259748533368 -1.3858193010091782 0
      vertex 252.75 -1.299038104712963 0
      vertex 275.56066016852856 -1.0606601685285568 0
    endloop
  endfacet
  facet normal 0 0 -1
    outer loop
      vertex 252.9259748533368 -1.3858193010091782 0
      vertex 275.41314214468 -1.1900300085544586 0
      vertex 253.11177143454552 -1.4488887414336205 0
    endloop
  endfacet
  facet normal 0 0 -1
    outer loop
      vertex 253.11177143454552 -1.4488887414336205 0
      vertex 275.25 -1.299038104712963 0
      vertex 253.30421071499586 -1.4871672913432121 0
    endloop
  endfacet
  facet normal 0 0 -1
    outer loop
      vertex 252.58685785531998 -1.1900300085544586 0
      vertex 275.69003000855446 -0.9131421446800232 0
      vertex 252.75 -1.299038104712963 0
    endloop
  endfacet
  facet normal 0 0 -1
    outer loop
      vertex 252.58685785531998 -1.1900300085544586 0
      vertex 252.43933983147144 -1.0606601685285568 0
      vertex 275.79903810471296 -0.75 0
    endloop
  endfacet
  facet normal 0 0 -1
    outer loop
      vertex 253.30421071499586 -1.4871672913432121 0
      vertex 275.0740251466632 -1.3858193010091782 0
      vertex 253.5 -1.5 0
    endloop
  endfacet
  facet normal 0 -1 0
    outer loop
      vertex 253.5 -1.5 0
      vertex 274.5 -1.5 0
      vertex 254.54190240013574 -1.5 0.9999999999999991
    endloop
  endfacet
  facet normal 0 0 -1
    outer loop
      vertex 256.85 2.7022431864335457 0
      vertex 256.65056183502065 2.8005952052691874 0
      vertex 269.05 6.93 0
    endloop
  endfacet
  facet normal 0 0 -1
    outer loop
      vertex 256.85 2.7022431864335457 0
      vertex 269.05 6.93 0
      vertex 257.0348944293148 2.5787006784950997 0
    endloop
  endfacet
  facet normal 0 0 -1
    outer loop
      vertex 256 -0.47 0
      vertex 256.22189452677407 -0.4554562643354776 0
      vertex 270.9651055706852 -0.11870067849509969 0
    endloop
  endfacet
  facet normal 0 0 -1
    outer loop
      vertex 256.22189452677407 -0.4554562643354776 0
      vertex 256.4399923766743 -0.41207390469141614 0
      vertex 270.9651055706852 -0.11870067849509969 0
    endloop
  endfacet
  facet normal 0 0 -1
    outer loop
      vertex 256.4399923766743 -0.41207390469141614 0
      vertex 256.65056183502065 -0.3405952052691874 0
      vertex 270.9651055706852 -0.11870067849509969 0
    endloop
  endfacet
  facet normal 0 0 -1
    outer loop
      vertex 256.65056183502065 -0.3405952052691874 0
      vertex 256.85 -0.2422431864335457 0
      vertex 270.9651055706852 -0.11870067849509969 0
    endloop
  endfacet
  facet normal 0 0 -1
    outer loop
      vertex 256.85 -0.2422431864335457 0
      vertex 257.0348944293148 -0.11870067849509969 0
      vertex 270.9651055706852 -0.11870067849509969 0
    endloop
  endfacet
  facet normal 0 -1 0
    outer loop
      vertex 254.54190240013574 -1.5 0.9999999999999991
      vertex 274.5 -1.5 0
      vertex 257.4580975998643 -1.5 0.9999999999999991
    endloop
  endfacet
  facet normal 0 0 -1
    outer loop
      vertex 257.0348944293148 -0.11870067849509969 0
      vertex 257.2020815280171 0.02791847198286912 0
      vertex 270.9651055706852 -0.11870067849509969 0
    endloop
  endfacet
  facet normal 0 0 -1
    outer loop
      vertex 257.2020815280171 0.02791847198286912 0
      vertex 257.3487006784951 0.19510557068517498 0
      vertex 270.7979184719829 0.02791847198286912 0
    endloop
  endfacet
  facet normal 0 0 -1
    outer loop
      vertex 257.3487006784951 0.19510557068517498 0
      vertex 257.47224318643356 0.38 0
      vertex 270.6512993215049 0.19510557068517498 0
    endloop
  endfacet
  facet normal 0 0 -1
    outer loop
      vertex 257.47224318643356 0.38 0
      vertex 257.57059520526917 0.5794381649793474 0
      vertex 270.52775681356644 0.38 0
    endloop
  endfacet
  facet normal 0 0 -1
    outer loop
      vertex 257.57059520526917 0.5794381649793474 0
      vertex 257.6420739046914 0.7900076233257147 0
      vertex 270.42940479473083 0.5794381649793474 0
    endloop
  endfacet
  facet normal 0 0 -1
    outer loop
      vertex 257.6420739046914 0.7900076233257147 0
      vertex 257.68545626433547 1.0081054732259123 0
      vertex 270.3579260953086 0.7900076233257147 0
    endloop
  endfacet
  facet normal 0 0 -1
    outer loop
      vertex 257.68545626433547 1.0081054732259123 0
      vertex 257.7 1.23 0
      vertex 270.31454373566453 1.0081054732259123 0
    endloop
  endfacet
  facet normal 0 0 -1
    outer loop
      vertex 257.7 1.23 0
      vertex 257.68545626433547 1.4518945267740877 0
      vertex 270.3 1.23 0
    endloop
  endfacet
  facet normal 0 -1 0
    outer loop
      vertex 257.4580975998643 -1.5 0.9999999999999991
      vertex 274.5 -1.5 0
      vertex 258.749375 -1.5 3.1899999999999995
    endloop
  endfacet
  facet normal 0 0 -1
    outer loop
      vertex 257.68545626433547 1.4518945267740877 0
      vertex 257.6420739046914 1.6699923766742852 0
      vertex 270.31454373566453 1.4518945267740877 0
    endloop
  endfacet
  facet normal 0 0 -1
    outer loop
      vertex 257.57059520526917 1.8805618350206526 0
      vertex 257.47224318643356 2.08 0
      vertex 269.05 6.93 0
    endloop
  endfacet
  facet normal 0 0 -1
    outer loop
      vertex 257.3487006784951 2.264894429314825 0
      vertex 269.05 6.93 0
      vertex 257.47224318643356 2.08 0
    endloop
  endfacet
  facet normal 0 0 -1
    outer loop
      vertex 257.0348944293148 2.5787006784950997 0
      vertex 269.05 6.93 0
      vertex 257.2020815280171 2.4320815280171306 0
    endloop
  endfacet
  facet normal 0 0 -1
    outer loop
      vertex 257.2020815280171 2.4320815280171306 0
      vertex 269.05 6.93 0
      vertex 257.3487006784951 2.264894429314825 0
    endloop
  endfacet
  facet normal 0 0 -1
    outer loop
      vertex 257.57059520526917 1.8805618350206526 0
      vertex 269.05 6.93 0
      vertex 257.6420739046914 1.6699923766742852 0
    endloop
  endfacet
  facet normal 0 -1 0
    outer loop
      vertex 257.4580975998643 -1.5 0.9999999999999991
      vertex 258.749375 -1.5 3.1899999999999995
      vertex 258.7 -1.5 3.1999999999999993
    endloop
  endfacet
  facet normal 0 0 -1
    outer loop
      vertex 258.95000000000005 6.93 0
      vertex 258.55 6.484972966992971 0
      vertex 258.55 6.93 0
    endloop
  endfacet
  facet normal 0 0 -1
    outer loop
      vertex 256 2.9299999999999997 0
      vertex 269.05 6.93 0
      vertex 256.22189452677407 2.9154562643354778 0
    endloop
  endfacet
  facet normal 0 0 -1
    outer loop
      vertex 256.22189452677407 2.9154562643354778 0
      vertex 269.05 6.93 0
      vertex 256.4399923766743 2.8720739046914163 0
    endloop
  endfacet
  facet normal 0 0 -1
    outer loop
      vertex 256.4399923766743 2.8720739046914163 0
      vertex 269.05 6.93 0
      vertex 256.65056183502065 2.8005952052691874 0
    endloop
  endfacet
  facet normal 0 0 -1
    outer loop
      vertex 255.15 2.7022431864335457 0
      vertex 270.9651055706852 15.881299321504901 0
      vertex 255.34943816497935 2.8005952052691874 0
    endloop
  endfacet
  facet normal 0 0 -1
    outer loop
      vertex 255.34943816497935 2.8005952052691874 0
      vertex 271.15 15.757756813566456 0
      vertex 255.5600076233257 2.8720739046914163 0
    endloop
  endfacet
  facet normal 0 0 -1
    outer loop
      vertex 255.5600076233257 2.8720739046914163 0
      vertex 271.15 15.757756813566456 0
      vertex 255.7781054732259 2.9154562643354778 0
    endloop
  endfacet
  facet normal 0 0 -1
    outer loop
      vertex 255.7781054732259 2.9154562643354778 0
      vertex 271.15 15.757756813566456 0
      vertex 256 2.9299999999999997 0
    endloop
  endfacet
  facet normal 0 0 -1
    outer loop
      vertex 255.15 2.7022431864335457 0
      vertex 257.5547468571901 4.970822971834544 0
      vertex 270.3579260953086 16.790007623325714 0
    endloop
  endfacet
  facet normal 0 0 -1
    outer loop
      vertex 270.3579260953086 16.790007623325714 0
      vertex 257.5547468571901 4.970822971834544 0
      vertex 258.55 5.909720616875517 0
    endloop
  endfacet
  facet normal 0 0 -1
    outer loop
      vertex 270.31454373566453 17.008105473225914 0
      vertex 258.55 5.909720616875517 0
      vertex 258.55 6.484972966992971 0
    endloop
  endfacet
  facet normal 0 0 1
    outer loop
      vertex 252.11418069899082 -0.5740251466631889 3.1999999999999993
      vertex 252.20096189528704 -0.75 3.1999999999999993
      vertex 253.31532124826825 -0.32000000000000006 3.1999999999999993
    endloop
  endfacet
  facet normal 0 0 1
    outer loop
      vertex 252.30996999144554 -0.9131421446800232 3.1999999999999993
      vertex 253.54060464509718 -0.6571604299270342 3.1999999999999993
      vertex 252.20096189528704 -0.75 3.1999999999999993
    endloop
  endfacet
  facet normal 0 0 1
    outer loop
      vertex 252.11418069899082 -0.5740251466631889 3.1999999999999993
      vertex 253.31532124826825 -0.32000000000000006 3.1999999999999993
      vertex 252.05111125856638 -0.38822856545448303 3.1999999999999993
    endloop
  endfacet
  facet normal 0 0 1
    outer loop
      vertex 252.58685785531998 -1.1900300085544586 3.1999999999999993
      vertex 252.75 -1.299038104712963 3.1999999999999993
      vertex 253.8079689783217 -0.9620310216782975 3.1999999999999993
    endloop
  endfacet
  facet normal 0 0 1
    outer loop
      vertex 252.30996999144554 -0.9131421446800232 3.1999999999999993
      vertex 252.43933983147144 -1.0606601685285568 3.1999999999999993
      vertex 253.54060464509718 -0.6571604299270342 3.1999999999999993
    endloop
  endfacet
  facet normal 0 0 1
    outer loop
      vertex 252.58685785531998 -1.1900300085544586 3.1999999999999993
      vertex 253.8079689783217 -0.9620310216782975 3.1999999999999993
      vertex 252.43933983147144 -1.0606601685285568 3.1999999999999993
    endloop
  endfacet
  facet normal 0 0 1
    outer loop
      vertex 252.9259748533368 -1.3858193010091782 3.1999999999999993
      vertex 253.8079689783217 -0.9620310216782975 3.1999999999999993
      vertex 252.75 -1.299038104712963 3.1999999999999993
    endloop
  endfacet
  facet normal 0 0 1
    outer loop
      vertex 252.9259748533368 -1.3858193010091782 3.1999999999999993
      vertex 253.11177143454552 -1.4488887414336205 3.1999999999999993
      vertex 254.11283957007296 -1.2293953549028291 3.1999999999999993
    endloop
  endfacet
  facet normal 0 0 1
    outer loop
      vertex 252.43933983147144 -1.0606601685285568 3.1999999999999993
      vertex 253.8079689783217 -0.9620310216782975 3.1999999999999993
      vertex 253.54060464509718 -0.6571604299270342 3.1999999999999993
    endloop
  endfacet
  facet normal 0 0 1
    outer loop
      vertex 252.20096189528704 -0.75 3.1999999999999993
      vertex 253.54060464509718 -0.6571604299270342 3.1999999999999993
      vertex 253.31532124826825 -0.32000000000000006 3.1999999999999993
    endloop
  endfacet
  facet normal 0 0 1
    outer loop
      vertex 252.05111125856638 -0.38822856545448303 3.1999999999999993
      vertex 253.31532124826825 -0.32000000000000006 3.1999999999999993
      vertex 253.13597344921502 0.04368135966822173 3.1999999999999993
    endloop
  endfacet
  facet normal 0 0 1
    outer loop
      vertex 252.05111125856638 -0.38822856545448303 3.1999999999999993
      vertex 253.0056299385039 0.4276609601821857 3.1999999999999993
      vertex 252.0128327086568 -0.19578928500413895 3.1999999999999993
    endloop
  endfacet
  facet normal 0 0 1
    outer loop
      vertex 252.0128327086568 -0.19578928500413895 3.1999999999999993
      vertex 252.9265209297412 0.8253688041178401 3.1999999999999993
      vertex 252 0 3.1999999999999993
    endloop
  endfacet
  facet normal 0 0 1
    outer loop
      vertex 252.05111125856638 -0.38822856545448303 3.1999999999999993
      vertex 253.13597344921502 0.04368135966822173 3.1999999999999993
      vertex 253.0056299385039 0.4276609601821857 3.1999999999999993
    endloop
  endfacet
  facet normal 0 0 1
    outer loop
      vertex 252.0128327086568 -0.19578928500413895 3.1999999999999993
      vertex 253.0056299385039 0.4276609601821857 3.1999999999999993
      vertex 252.9265209297412 0.8253688041178401 3.1999999999999993
    endloop
  endfacet
  facet normal 0 0 1
    outer loop
      vertex 252 0 3.1999999999999993
      vertex 252.9265209297412 0.8253688041178401 3.1999999999999993
      vertex 252.9 1.23 3.1999999999999993
    endloop
  endfacet
  facet normal 0 0 1
    outer loop
      vertex 252 0 3.1999999999999993
      vertex 252.9 1.23 3.1999999999999993
      vertex 252.9265209297412 1.63463119588216 3.1999999999999993
    endloop
  endfacet
  facet normal 0 0 1
    outer loop
      vertex 252 0 3.1999999999999993
      vertex 252.9265209297412 1.63463119588216 3.1999999999999993
      vertex 253.0056299385039 2.0323390398178143 3.1999999999999993
    endloop
  endfacet
  facet normal 0 0 1
    outer loop
      vertex 253.11177143454552 -1.4488887414336205 3.1999999999999993
      vertex 253.30421071499586 -1.4871672913432121 3.1999999999999993
      vertex 254.11283957007296 -1.2293953549028291 3.1999999999999993
    endloop
  endfacet
  facet normal 0 0 1
    outer loop
      vertex 253.30421071499586 -1.4871672913432121 3.1999999999999993
      vertex 253.5 -1.5 3.1999999999999993
      vertex 254.11283957007296 -1.2293953549028291 3.1999999999999993
    endloop
  endfacet
  facet normal 0 0 1
    outer loop
      vertex 252.9259748533368 -1.3858193010091782 3.1999999999999993
      vertex 254.11283957007296 -1.2293953549028291 3.1999999999999993
      vertex 253.8079689783217 -0.9620310216782975 3.1999999999999993
    endloop
  endfacet
  facet normal 0 0 1
    outer loop
      vertex 253.5 -1.5 3.1999999999999993
      vertex 254.45 -1.4546787517317599 3.1999999999999993
      vertex 254.11283957007296 -1.2293953549028291 3.1999999999999993
    endloop
  endfacet
  facet normal 0 0 1
    outer loop
      vertex 253.5 -1.5 3.1999999999999993
      vertex 254.54190240013574 -1.5 3.1999999999999993
      vertex 254.45 -1.4546787517317599 3.1999999999999993
    endloop
  endfacet
  facet normal 0 0 1
    outer loop
      vertex 257.4580975998643 -1.5 3.1999999999999993
      vertex 258.7 -1.5 3.1999999999999993
      vertex 257.55 -1.4546787517317599 3.1999999999999993
    endloop
  endfacet
  facet normal 0 0 1
    outer loop
      vertex 252 0 3.1999999999999993
      vertex 253.0056299385039 2.0323390398178143 3.1999999999999993
      vertex 252 19.729999996721745 3.1999999999999993
    endloop
  endfacet
  facet normal 0 0 1
    outer loop
      vertex 253.0056299385039 2.0323390398178143 3.1999999999999993
      vertex 253.13597344921502 2.4163186403317782 3.1999999999999993
      vertex 252 19.729999996721745 3.1999999999999993
    endloop
  endfacet
  facet normal 0 0 1
    outer loop
      vertex 253.13597344921502 2.4163186403317782 3.1999999999999993
      vertex 253.31532124826825 2.7800000000000002 3.1999999999999993
      vertex 252 19.729999996721745 3.1999999999999993
    endloop
  endfacet
  facet normal 0 0 1
    outer loop
      vertex 253.31532124826825 2.7800000000000002 3.1999999999999993
      vertex 253.54060464509718 3.117160429927034 3.1999999999999993
      vertex 252 19.729999996721745 3.1999999999999993
    endloop
  endfacet
  facet normal 0 0 1
    outer loop
      vertex 253.54060464509718 3.117160429927034 3.1999999999999993
      vertex 253.8079689783217 3.4220310216782974 3.1999999999999993
      vertex 253.54060464509718 15.342839570072966 3.1999999999999993
    endloop
  endfacet
  facet normal 0 0 1
    outer loop
      vertex 253.8079689783217 3.4220310216782974 3.1999999999999993
      vertex 254.11283957007296 3.689395354902829 3.1999999999999993
      vertex 257.15000000000003 6.93 3.1999999999999993
    endloop
  endfacet
  facet normal 0 0 1
    outer loop
      vertex 254.11283957007296 3.689395354902829 3.1999999999999993
      vertex 254.45 3.91467875173176 3.1999999999999993
      vertex 257.15000000000003 6.93 3.1999999999999993
    endloop
  endfacet
  facet normal 0 0 1
    outer loop
      vertex 254.45 3.91467875173176 3.1999999999999993
      vertex 254.8136813596682 4.094026550784989 3.1999999999999993
      vertex 257.15000000000003 6.93 3.1999999999999993
    endloop
  endfacet
  facet normal 0 0 1
    outer loop
      vertex 254.8136813596682 4.094026550784989 3.1999999999999993
      vertex 255.1976609601822 4.224370061496112 3.1999999999999993
      vertex 257.15000000000003 6.93 3.1999999999999993
    endloop
  endfacet
  facet normal 0 0 1
    outer loop
      vertex 255.1976609601822 4.224370061496112 3.1999999999999993
      vertex 255.59536880411784 4.303479070258812 3.1999999999999993
      vertex 257.15000000000003 6.93 3.1999999999999993
    endloop
  endfacet
  facet normal 0 0 1
    outer loop
      vertex 255.59536880411784 4.303479070258812 3.1999999999999993
      vertex 256 4.33 3.1999999999999993
      vertex 257.15000000000003 6.93 3.1999999999999993
    endloop
  endfacet
  facet normal 0 0 1
    outer loop
      vertex 257.18631864033176 4.094026550784989 3.1999999999999993
      vertex 257.55 4.93 3.1999999999999993
      vertex 256.8023390398178 4.224370061496112 3.1999999999999993
    endloop
  endfacet
  facet normal 0 0 1
    outer loop
      vertex 256 4.33 3.1999999999999993
      vertex 256.40463119588213 4.303479070258812 3.1999999999999993
      vertex 257.15000000000003 6.93 3.1999999999999993
    endloop
  endfacet
  facet normal 0 0 1
    outer loop
      vertex 256.40463119588213 4.303479070258812 3.1999999999999993
      vertex 256.8023390398178 4.224370061496112 3.1999999999999993
      vertex 257.55 6.93 3.1999999999999993
    endloop
  endfacet
  facet normal 0 0 1
    outer loop
      vertex 257.18631864033176 4.094026550784989 3.1999999999999993
      vertex 257.55 3.91467875173176 3.1999999999999993
      vertex 257.55 4.93 3.1999999999999993
    endloop
  endfacet
  facet normal 0 0 1
    outer loop
      vertex 257.55 3.91467875173176 3.1999999999999993
      vertex 258.55 4.93 3.1999999999999993
      vertex 257.55 4.93 3.1999999999999993
    endloop
  endfacet
  facet normal 0 0 1
    outer loop
      vertex 256.8023390398178 4.224370061496112 3.1999999999999993
      vertex 257.55 4.93 3.1999999999999993
      vertex 257.55 6.93 3.1999999999999993
    endloop
  endfacet
  facet normal 0 0 1
    outer loop
      vertex 256.40463119588213 4.303479070258812 3.1999999999999993
      vertex 257.55 6.93 3.1999999999999993
      vertex 257.15000000000003 6.93 3.1999999999999993
    endloop
  endfacet
  facet normal 0 0 1
    outer loop
      vertex 253.8079689783217 3.4220310216782974 3.1999999999999993
      vertex 257.15000000000003 6.93 3.1999999999999993
      vertex 255.1976609601822 14.23562993850389 3.1999999999999993
    endloop
  endfacet
  facet normal 0 0 1
    outer loop
      vertex 257.55 -1.4546787517317599 3.1999999999999993
      vertex 258.7 -1.5 3.1999999999999993
      vertex 257.887160429927 -1.2293953549028291 3.1999999999999993
    endloop
  endfacet
  facet normal 0 0 1
    outer loop
      vertex 257.887160429927 -1.2293953549028291 3.1999999999999993
      vertex 258.7 -1.5 3.1999999999999993
      vertex 258.1920310216783 -0.9620310216782975 3.1999999999999993
    endloop
  endfacet
  facet normal 0 0 1
    outer loop
      vertex 258.1920310216783 -0.9620310216782975 3.1999999999999993
      vertex 258.7 -1.5 3.1999999999999993
      vertex 258.7 -0.8499999999999993 3.1999999999999993
    endloop
  endfacet
  facet normal 0 0 1
    outer loop
      vertex 258.1920310216783 -0.9620310216782975 3.1999999999999993
      vertex 258.7 -0.8499999999999993 3.1999999999999993
      vertex 258.4593953549028 -0.6571604299270342 3.1999999999999993
    endloop
  endfacet
  facet normal 0 0 1
    outer loop
      vertex 258.4593953549028 -0.6571604299270342 3.1999999999999993
      vertex 269.135973449215 0.04368135966822173 3.1999999999999993
      vertex 258.6846787517318 -0.32000000000000006 3.1999999999999993
    endloop
  endfacet
  facet normal 0 0 1
    outer loop
      vertex 258.7 -0.8499999999999993 3.1999999999999993
      vertex 269.5406046450972 -0.6571604299270342 3.1999999999999993
      vertex 258.4593953549028 -0.6571604299270342 3.1999999999999993
    endloop
  endfacet
  facet normal 0 0 1
    outer loop
      vertex 258.6846787517318 -0.32000000000000006 3.1999999999999993
      vertex 269.135973449215 0.04368135966822173 3.1999999999999993
      vertex 258.864026550785 0.04368135966822173 3.1999999999999993
    endloop
  endfacet
  facet normal 0 0 1
    outer loop
      vertex 258.864026550785 0.04368135966822173 3.1999999999999993
      vertex 269.0056299385039 0.4276609601821857 3.1999999999999993
      vertex 258.9943700614961 0.4276609601821857 3.1999999999999993
    endloop
  endfacet
  facet normal 0 0 1
    outer loop
      vertex 258.9943700614961 0.4276609601821857 3.1999999999999993
      vertex 268.9265209297412 0.8253688041178401 3.1999999999999993
      vertex 259.0734790702588 0.8253688041178401 3.1999999999999993
    endloop
  endfacet
  facet normal 0 0 1
    outer loop
      vertex 259.0734790702588 0.8253688041178401 3.1999999999999993
      vertex 268.9 1.23 3.1999999999999993
      vertex 259.1 1.23 3.1999999999999993
    endloop
  endfacet
  facet normal 0 0 1
    outer loop
      vertex 259.1 1.23 3.1999999999999993
      vertex 268.9265209297412 1.63463119588216 3.1999999999999993
      vertex 259.0734790702588 1.63463119588216 3.1999999999999993
    endloop
  endfacet
  facet normal 0 0 1
    outer loop
      vertex 259.0734790702588 1.63463119588216 3.1999999999999993
      vertex 269.0056299385039 2.0323390398178143 3.1999999999999993
      vertex 258.9943700614961 2.0323390398178143 3.1999999999999993
    endloop
  endfacet
  facet normal 0 0 1
    outer loop
      vertex 258.9943700614961 2.0323390398178143 3.1999999999999993
      vertex 269.135973449215 2.4163186403317782 3.1999999999999993
      vertex 258.864026550785 2.4163186403317782 3.1999999999999993
    endloop
  endfacet
  facet normal 0 0 1
    outer loop
      vertex 258.95000000000005 6.93 3.1999999999999993
      vertex 258.55 6.93 3.1999999999999993
      vertex 258.55 4.93 3.1999999999999993
    endloop
  endfacet
  facet normal 0 0 1
    outer loop
      vertex 257.55 3.91467875173176 3.1999999999999993
      vertex 257.887160429927 3.689395354902829 3.1999999999999993
      vertex 268.8 13 3.1999999999999993
    endloop
  endfacet
  facet normal 0 0 1
    outer loop
      vertex 257.887160429927 3.689395354902829 3.1999999999999993
      vertex 258.1920310216783 3.4220310216782974 3.1999999999999993
      vertex 268.8 13 3.1999999999999993
    endloop
  endfacet
  facet normal 0 0 1
    outer loop
      vertex 258.864026550785 2.4163186403317782 3.1999999999999993
      vertex 268.8 13 3.1999999999999993
      vertex 258.6846787517318 2.7800000000000002 3.1999999999999993
    endloop
  endfacet
  facet normal 0 0 1
    outer loop
      vertex 258.6846787517318 2.7800000000000002 3.1999999999999993
      vertex 268.8 13 3.1999999999999993
      vertex 258.4593953549028 3.117160429927034 3.1999999999999993
    endloop
  endfacet
  facet normal 0 0 1
    outer loop
      vertex 258.1920310216783 3.4220310216782974 3.1999999999999993
      vertex 258.4593953549028 3.117160429927034 3.1999999999999993
      vertex 268.8 13 3.1999999999999993
    endloop
  endfacet
  facet normal 0 0 1
    outer loop
      vertex 257.55 3.91467875173176 3.1999999999999993
      vertex 268.8 13 3.1999999999999993
      vertex 258.55 4.93 3.1999999999999993
    endloop
  endfacet
  facet normal 0 0 1
    outer loop
      vertex 258.95000000000005 6.93 3.1999999999999993
      vertex 258.55 4.93 3.1999999999999993
      vertex 268.8 13 3.1999999999999993
    endloop
  endfacet
  facet normal 0 0 -1
    outer loop
      vertex 255.15 2.7022431864335457 0
      vertex 254.52775681356644 16.38 0
      vertex 254.6512993215049 16.195105570685175 0
    endloop
  endfacet
  facet normal 0 0 -1
    outer loop
      vertex 255.15 2.7022431864335457 0
      vertex 254.4294047947308 16.579438164979347 0
      vertex 254.52775681356644 16.38 0
    endloop
  endfacet
  facet normal 0 0 -1
    outer loop
      vertex 255.15 2.7022431864335457 0
      vertex 254.6512993215049 16.195105570685175 0
      vertex 254.79791847198288 16.02791847198287 0
    endloop
  endfacet
  facet normal 0 0 -1
    outer loop
      vertex 255.15 2.7022431864335457 0
      vertex 254.31454373566453 17.008105473225914 0
      vertex 254.35792609530858 16.790007623325714 0
    endloop
  endfacet
  facet normal 0 0 -1
    outer loop
      vertex 255.15 2.7022431864335457 0
      vertex 254.35792609530858 16.790007623325714 0
      vertex 254.4294047947308 16.579438164979347 0
    endloop
  endfacet
  facet normal 0 0 -1
    outer loop
      vertex 255.15 2.7022431864335457 0
      vertex 252 19.729999996721745 0
      vertex 254.31454373566453 17.008105473225914 0
    endloop
  endfacet
  facet normal -1 0 0
    outer loop
      vertex 252 0 0
      vertex 252 19.729999996721745 3.1999999999999993
      vertex 252 19.729999996721745 0
    endloop
  endfacet
  facet normal 0 0 -1
    outer loop
      vertex 257.15000000000003 6.93 0
      vertex 254.79791847198288 16.02791847198287 0
      vertex 257.15000000000003 13.930000000000001 0
    endloop
  endfacet
  facet normal 0 0 -1
    outer loop
      vertex 257.15000000000003 13.930000000000001 0
      vertex 254.79791847198288 16.02791847198287 0
      vertex 254.96510557068518 15.881299321504901 0
    endloop
  endfacet
  facet normal 0 0 -1
    outer loop
      vertex 257.15000000000003 13.930000000000001 0
      vertex 254.96510557068518 15.881299321504901 0
      vertex 255.15 15.757756813566456 0
    endloop
  endfacet
  facet normal 0 0 -1
    outer loop
      vertex 257.15000000000003 13.930000000000001 0
      vertex 255.15 15.757756813566456 0
      vertex 255.34943816497935 15.659404794730813 0
    endloop
  endfacet
  facet normal 0 0 -1
    outer loop
      vertex 257.15000000000003 13.930000000000001 0
      vertex 255.34943816497935 15.659404794730813 0
      vertex 255.5600076233257 15.587926095308584 0
    endloop
  endfacet
  facet normal 0 0 -1
    outer loop
      vertex 255.7781054732259 15.544543735664522 0
      vertex 256 15.530000000000001 0
      vertex 257.15000000000003 13.930000000000001 0
    endloop
  endfacet
  facet normal 0 0 -1
    outer loop
      vertex 255.7781054732259 15.544543735664522 0
      vertex 257.15000000000003 13.930000000000001 0
      vertex 255.5600076233257 15.587926095308584 0
    endloop
  endfacet
  facet normal 0 0 -1
    outer loop
      vertex 256 15.530000000000001 0
      vertex 256.22189452677407 15.544543735664522 0
      vertex 257.15000000000003 13.930000000000001 0
    endloop
  endfacet
  facet normal 0 0 -1
    outer loop
      vertex 256.22189452677407 15.544543735664522 0
      vertex 256.4399923766743 15.587926095308584 0
      vertex 257.15000000000003 13.930000000000001 0
    endloop
  endfacet
  facet normal 0 0 -1
    outer loop
      vertex 257.15000000000003 13.930000000000001 0
      vertex 256.4399923766743 15.587926095308584 0
      vertex 256.65056183502065 15.659404794730813 0
    endloop
  endfacet
  facet normal 0 0 -1
    outer loop
      vertex 257.15000000000003 13.930000000000001 0
      vertex 256.65056183502065 15.659404794730813 0
      vertex 256.85 15.757756813566456 0
    endloop
  endfacet
  facet normal 0 0 -1
    outer loop
      vertex 257.15000000000003 13.930000000000001 0
      vertex 256.85 15.757756813566456 0
      vertex 257.0348944293148 15.881299321504901 0
    endloop
  endfacet
  facet normal 0 0 -1
    outer loop
      vertex 257.15000000000003 13.930000000000001 0
      vertex 257.0348944293148 15.881299321504901 0
      vertex 257.2020815280171 16.02791847198287 0
    endloop
  endfacet
  facet normal 0 0 -1
    outer loop
      vertex 257.15000000000003 13.930000000000001 0
      vertex 257.2020815280171 16.02791847198287 0
      vertex 257.3487006784951 16.195105570685175 0
    endloop
  endfacet
  facet normal 0 0 -1
    outer loop
      vertex 257.15000000000003 13.930000000000001 0
      vertex 257.47224318643356 16.38 0
      vertex 258.95000000000005 13.930000000000001 0
    endloop
  endfacet
  facet normal 0 0 -1
    outer loop
      vertex 257.15000000000003 13.930000000000001 0
      vertex 257.3487006784951 16.195105570685175 0
      vertex 257.47224318643356 16.38 0
    endloop
  endfacet
  facet normal 0 0 -1
    outer loop
      vertex 254.31454373566453 17.008105473225914 0
      vertex 252 19.729999996721745 0
      vertex 254.3 17.23 0
    endloop
  endfacet
  facet normal 0 0 -1
    outer loop
      vertex 254.3 17.23 0
      vertex 252 19.729999996721745 0
      vertex 254.31454373566453 17.451894526774087 0
    endloop
  endfacet
  facet normal 0 0 -1
    outer loop
      vertex 254.31454373566453 17.451894526774087 0
      vertex 252 19.729999996721745 0
      vertex 254.35792609530858 17.669992376674287 0
    endloop
  endfacet
  facet normal 0 0 -1
    outer loop
      vertex 253.11177143454552 21.178888738155365 0
      vertex 253.30421071499586 21.217167288064957 0
      vertex 253.5 21.229999996721745 0
    endloop
  endfacet
  facet normal 0 0 -1
    outer loop
      vertex 254.35792609530858 17.669992376674287 0
      vertex 252 19.729999996721745 0
      vertex 254.4294047947308 17.880561835020654 0
    endloop
  endfacet
  facet normal 0 0 -1
    outer loop
      vertex 254.4294047947308 17.880561835020654 0
      vertex 252 19.729999996721745 0
      vertex 254.52775681356644 18.080000000000002 0
    endloop
  endfacet
  facet normal 0 0 -1
    outer loop
      vertex 254.52775681356644 18.080000000000002 0
      vertex 252 19.729999996721745 0
      vertex 254.6512993215049 18.264894429314825 0
    endloop
  endfacet
  facet normal 0 0 -1
    outer loop
      vertex 254.6512993215049 18.264894429314825 0
      vertex 252 19.729999996721745 0
      vertex 254.79791847198288 18.432081528017132 0
    endloop
  endfacet
  facet normal 0 0 -1
    outer loop
      vertex 252 19.729999996721745 0
      vertex 254.96510557068518 18.5787006784951 0
      vertex 254.79791847198288 18.432081528017132 0
    endloop
  endfacet
  facet normal 0 0 -1
    outer loop
      vertex 252 19.729999996721745 0
      vertex 255.15 18.702243186433545 0
      vertex 254.96510557068518 18.5787006784951 0
    endloop
  endfacet
  facet normal 0 0 -1
    outer loop
      vertex 252 19.729999996721745 0
      vertex 255.34943816497935 18.80059520526919 0
      vertex 255.15 18.702243186433545 0
    endloop
  endfacet
  facet normal 0 0 -1
    outer loop
      vertex 252 19.729999996721745 0
      vertex 255.5600076233257 18.872073904691415 0
      vertex 255.34943816497935 18.80059520526919 0
    endloop
  endfacet
  facet normal 0 0 -1
    outer loop
      vertex 252 19.729999996721745 0
      vertex 255.7781054732259 18.91545626433548 0
      vertex 255.5600076233257 18.872073904691415 0
    endloop
  endfacet
  facet normal 0 0 -1
    outer loop
      vertex 252 19.729999996721745 0
      vertex 256 18.93 0
      vertex 255.7781054732259 18.91545626433548 0
    endloop
  endfacet
  facet normal -0.9978589229274388 0.06540313397759875 0
    outer loop
      vertex 252 19.729999996721745 0
      vertex 252.0128327086568 19.925789281725883 3.1999999999999993
      vertex 252.0128327086568 19.925789281725883 0
    endloop
  endfacet
  facet normal -0.9807852832718771 0.19509030759446713 0
    outer loop
      vertex 252.0128327086568 19.925789281725883 0
      vertex 252.05111125856638 20.118228562176228 3.1999999999999993
      vertex 252.05111125856638 20.118228562176228 0
    endloop
  endfacet
  facet normal -0.9469301300366789 0.3214394637077385 0
    outer loop
      vertex 252.05111125856638 20.118228562176228 0
      vertex 252.11418069899082 20.304025143384933 3.1999999999999993
      vertex 252.11418069899082 20.304025143384933 0
    endloop
  endfacet
  facet normal -0.8968727369300092 0.44228869955231076 0
    outer loop
      vertex 252.11418069899082 20.304025143384933 0
      vertex 252.20096189528704 20.479999996721745 3.1999999999999993
      vertex 252.20096189528704 20.479999996721745 0
    endloop
  endfacet
  facet normal -0.8314696119753573 0.5555702335092735 0
    outer loop
      vertex 252.20096189528704 20.479999996721745 0
      vertex 252.30996999144554 20.643142141401768 3.1999999999999993
      vertex 252.30996999144554 20.643142141401768 0
    endloop
  endfacet
  facet normal -0.7518397942312052 0.6593458302062577 0
    outer loop
      vertex 252.30996999144554 20.643142141401768 0
      vertex 252.43933983147144 20.7906601652503 3.1999999999999993
      vertex 252.43933983147144 20.7906601652503 0
    endloop
  endfacet
  facet normal -0.6593458302062577 0.7518397942312052 0
    outer loop
      vertex 252.43933983147144 20.7906601652503 0
      vertex 252.58685785531998 20.920030005276203 3.1999999999999993
      vertex 252.58685785531998 20.920030005276203 0
    endloop
  endfacet
  facet normal -0.5555702335092735 0.8314696119753573 0
    outer loop
      vertex 252.58685785531998 20.920030005276203 0
      vertex 252.75 21.029038101434708 3.1999999999999993
      vertex 252.75 21.029038101434708 0
    endloop
  endfacet
  facet normal -0.44228869955231076 0.8968727369300092 0
    outer loop
      vertex 252.75 21.029038101434708 0
      vertex 252.9259748533368 21.115819297730923 3.1999999999999993
      vertex 252.9259748533368 21.115819297730923 0
    endloop
  endfacet
  facet normal -0.3214394637077385 0.9469301300366789 0
    outer loop
      vertex 252.9259748533368 21.115819297730923 0
      vertex 253.11177143454552 21.178888738155365 3.1999999999999993
      vertex 253.11177143454552 21.178888738155365 0
    endloop
  endfacet
  facet normal -0.19509030759446713 0.9807852832718771 0
    outer loop
      vertex 253.11177143454552 21.178888738155365 0
      vertex 253.30421071499586 21.217167288064957 3.1999999999999993
      vertex 253.30421071499586 21.217167288064957 0
    endloop
  endfacet
  facet normal -0.06540313397759875 0.9978589229274388 0
    outer loop
      vertex 253.30421071499586 21.217167288064957 0
      vertex 253.5 21.229999996721745 3.1999999999999993
      vertex 253.5 21.229999996721745 0
    endloop
  endfacet
  facet normal 0 0 -1
    outer loop
      vertex 257.47224318643356 16.38 0
      vertex 257.57059520526917 16.579438164979347 0
      vertex 258.95000000000005 13.930000000000001 0
    endloop
  endfacet
  facet normal -0.9978589229274388 0.06540313397759875 0
    outer loop
      vertex 252 19.729999996721745 0
      vertex 252 19.729999996721745 3.1999999999999993
      vertex 252.0128327086568 19.925789281725883 3.1999999999999993
    endloop
  endfacet
  facet normal -0.9807852832718771 0.19509030759446713 0
    outer loop
      vertex 252.0128327086568 19.925789281725883 0
      vertex 252.0128327086568 19.925789281725883 3.1999999999999993
      vertex 252.05111125856638 20.118228562176228 3.1999999999999993
    endloop
  endfacet
  facet normal -0.9469301300366789 0.3214394637077385 0
    outer loop
      vertex 252.05111125856638 20.118228562176228 0
      vertex 252.05111125856638 20.118228562176228 3.1999999999999993
      vertex 252.11418069899082 20.304025143384933 3.1999999999999993
    endloop
  endfacet
  facet normal -0.8968727369300092 0.44228869955231076 0
    outer loop
      vertex 252.11418069899082 20.304025143384933 0
      vertex 252.11418069899082 20.304025143384933 3.1999999999999993
      vertex 252.20096189528704 20.479999996721745 3.1999999999999993
    endloop
  endfacet
  facet normal -0.8314696119753573 0.5555702335092735 0
    outer loop
      vertex 252.20096189528704 20.479999996721745 0
      vertex 252.20096189528704 20.479999996721745 3.1999999999999993
      vertex 252.30996999144554 20.643142141401768 3.1999999999999993
    endloop
  endfacet
  facet normal -0.7518397942312052 0.6593458302062577 0
    outer loop
      vertex 252.30996999144554 20.643142141401768 0
      vertex 252.30996999144554 20.643142141401768 3.1999999999999993
      vertex 252.43933983147144 20.7906601652503 3.1999999999999993
    endloop
  endfacet
  facet normal -0.6593458302062577 0.7518397942312052 0
    outer loop
      vertex 252.43933983147144 20.7906601652503 0
      vertex 252.43933983147144 20.7906601652503 3.1999999999999993
      vertex 252.58685785531998 20.920030005276203 3.1999999999999993
    endloop
  endfacet
  facet normal -0.5555702335092735 0.8314696119753573 0
    outer loop
      vertex 252.58685785531998 20.920030005276203 0
      vertex 252.58685785531998 20.920030005276203 3.1999999999999993
      vertex 252.75 21.029038101434708 3.1999999999999993
    endloop
  endfacet
  facet normal -0.44228869955231076 0.8968727369300092 0
    outer loop
      vertex 252.75 21.029038101434708 0
      vertex 252.75 21.029038101434708 3.1999999999999993
      vertex 252.9259748533368 21.115819297730923 3.1999999999999993
    endloop
  endfacet
  facet normal -0.3214394637077385 0.9469301300366789 0
    outer loop
      vertex 252.9259748533368 21.115819297730923 0
      vertex 252.9259748533368 21.115819297730923 3.1999999999999993
      vertex 253.11177143454552 21.178888738155365 3.1999999999999993
    endloop
  endfacet
  facet normal -0.19509030759446713 0.9807852832718771 0
    outer loop
      vertex 253.11177143454552 21.178888738155365 0
      vertex 253.11177143454552 21.178888738155365 3.1999999999999993
      vertex 253.30421071499586 21.217167288064957 3.1999999999999993
    endloop
  endfacet
  facet normal -0.06540313397759875 0.9978589229274388 0
    outer loop
      vertex 253.30421071499586 21.217167288064957 0
      vertex 253.30421071499586 21.217167288064957 3.1999999999999993
      vertex 253.5 21.229999996721745 3.1999999999999993
    endloop
  endfacet
  facet normal 0 0 -1
    outer loop
      vertex 258.95000000000005 6.93 0
      vertex 270.3579260953086 17.669992376674287 0
      vertex 258.55 6.484972966992971 0
    endloop
  endfacet
  facet normal 0 0 -1
    outer loop
      vertex 258.95000000000005 6.93 0
      vertex 258.95000000000005 13.930000000000001 0
      vertex 270.3579260953086 17.669992376674287 0
    endloop
  endfacet
  facet normal 0 0 -1
    outer loop
      vertex 257.57059520526917 16.579438164979347 0
      vertex 257.6420739046914 16.790007623325714 0
      vertex 258.95000000000005 13.930000000000001 0
    endloop
  endfacet
  facet normal 0 0 -1
    outer loop
      vertex 257.6420739046914 16.790007623325714 0
      vertex 257.68545626433547 17.008105473225914 0
      vertex 258.95000000000005 13.930000000000001 0
    endloop
  endfacet
  facet normal 0 0 -1
    outer loop
      vertex 252 19.729999996721745 0
      vertex 271.34943816497935 18.80059520526919 0
      vertex 256 18.93 0
    endloop
  endfacet
  facet normal 0 0 -1
    outer loop
      vertex 252 19.729999996721745 0
      vertex 252.0128327086568 19.925789281725883 0
      vertex 275.8858193010092 20.304025143384933 0
    endloop
  endfacet
  facet normal 0 0 -1
    outer loop
      vertex 252.0128327086568 19.925789281725883 0
      vertex 252.05111125856638 20.118228562176228 0
      vertex 275.79903810471296 20.479999996721745 0
    endloop
  endfacet
  facet normal 0 0 -1
    outer loop
      vertex 252.05111125856638 20.118228562176228 0
      vertex 252.11418069899082 20.304025143384933 0
      vertex 275.69003000855446 20.643142141401768 0
    endloop
  endfacet
  facet normal 0 0 -1
    outer loop
      vertex 252.11418069899082 20.304025143384933 0
      vertex 252.20096189528704 20.479999996721745 0
      vertex 275.56066016852856 20.7906601652503 0
    endloop
  endfacet
  facet normal 0 0 -1
    outer loop
      vertex 252.20096189528704 20.479999996721745 0
      vertex 252.30996999144554 20.643142141401768 0
      vertex 275.41314214468 20.920030005276203 0
    endloop
  endfacet
  facet normal 0 0 -1
    outer loop
      vertex 252.30996999144554 20.643142141401768 0
      vertex 252.43933983147144 20.7906601652503 0
      vertex 275.25 21.029038101434708 0
    endloop
  endfacet
  facet normal 0 0 -1
    outer loop
      vertex 252.43933983147144 20.7906601652503 0
      vertex 252.58685785531998 20.920030005276203 0
      vertex 275.0740251466632 21.115819297730923 0
    endloop
  endfacet
  facet normal 0 0 -1
    outer loop
      vertex 252.58685785531998 20.920030005276203 0
      vertex 252.75 21.029038101434708 0
      vertex 274.8882285654545 21.178888738155365 0
    endloop
  endfacet
  facet normal 0 0 -1
    outer loop
      vertex 252.75 21.029038101434708 0
      vertex 252.9259748533368 21.115819297730923 0
      vertex 274.69578928500414 21.217167288064957 0
    endloop
  endfacet
  facet normal 0 0 -1
    outer loop
      vertex 252.9259748533368 21.115819297730923 0
      vertex 253.11177143454552 21.178888738155365 0
      vertex 274.5 21.229999996721745 0
    endloop
  endfacet
  facet normal 0 0 -1
    outer loop
      vertex 253.11177143454552 21.178888738155365 0
      vertex 253.5 21.229999996721745 0
      vertex 274.5 21.229999996721745 0
    endloop
  endfacet
  facet normal 0 0 -1
    outer loop
      vertex 257.68545626433547 17.008105473225914 0
      vertex 270.3579260953086 17.669992376674287 0
      vertex 258.95000000000005 13.930000000000001 0
    endloop
  endfacet
  facet normal 0 0 -1
    outer loop
      vertex 257.3487006784951 18.264894429314825 0
      vertex 257.2020815280171 18.432081528017132 0
      vertex 270.6512993215049 18.264894429314825 0
    endloop
  endfacet
  facet normal 0 0 -1
    outer loop
      vertex 257.68545626433547 17.008105473225914 0
      vertex 257.7 17.23 0
      vertex 270.3579260953086 17.669992376674287 0
    endloop
  endfacet
  facet normal 0 0 -1
    outer loop
      vertex 257.7 17.23 0
      vertex 257.68545626433547 17.451894526774087 0
      vertex 270.3579260953086 17.669992376674287 0
    endloop
  endfacet
  facet normal 0 0 -1
    outer loop
      vertex 257.68545626433547 17.451894526774087 0
      vertex 257.6420739046914 17.669992376674287 0
      vertex 270.3579260953086 17.669992376674287 0
    endloop
  endfacet
  facet normal 0 0 -1
    outer loop
      vertex 257.6420739046914 17.669992376674287 0
      vertex 257.57059520526917 17.880561835020654 0
      vertex 270.3579260953086 17.669992376674287 0
    endloop
  endfacet
  facet normal 0 0 -1
    outer loop
      vertex 257.57059520526917 17.880561835020654 0
      vertex 257.47224318643356 18.080000000000002 0
      vertex 270.42940479473083 17.880561835020654 0
    endloop
  endfacet
  facet normal 0 0 -1
    outer loop
      vertex 257.3487006784951 18.264894429314825 0
      vertex 270.52775681356644 18.080000000000002 0
      vertex 257.47224318643356 18.080000000000002 0
    endloop
  endfacet
  facet normal 0 0 -1
    outer loop
      vertex 256 18.93 0
      vertex 271.34943816497935 18.80059520526919 0
      vertex 256.22189452677407 18.91545626433548 0
    endloop
  endfacet
  facet normal 0 0 -1
    outer loop
      vertex 256.22189452677407 18.91545626433548 0
      vertex 271.34943816497935 18.80059520526919 0
      vertex 256.4399923766743 18.872073904691415 0
    endloop
  endfacet
  facet normal 0 0 -1
    outer loop
      vertex 256.85 18.702243186433545 0
      vertex 256.65056183502065 18.80059520526919 0
      vertex 271.15 18.702243186433545 0
    endloop
  endfacet
  facet normal 0 0 -1
    outer loop
      vertex 257.0348944293148 18.5787006784951 0
      vertex 270.7979184719829 18.432081528017132 0
      vertex 257.2020815280171 18.432081528017132 0
    endloop
  endfacet
  facet normal 0 0 -1
    outer loop
      vertex 256.85 18.702243186433545 0
      vertex 270.9651055706852 18.5787006784951 0
      vertex 257.0348944293148 18.5787006784951 0
    endloop
  endfacet
  facet normal 0 0 -1
    outer loop
      vertex 256.4399923766743 18.872073904691415 0
      vertex 271.34943816497935 18.80059520526919 0
      vertex 256.65056183502065 18.80059520526919 0
    endloop
  endfacet
  facet normal 0 1 0
    outer loop
      vertex 253.5 21.229999996721745 0
      vertex 253.5 21.229999996721745 3.1999999999999993
      vertex 274.5 21.229999996721745 3.1999999999999993
    endloop
  endfacet
  facet normal 0 0 1
    outer loop
      vertex 253.54060464509718 3.117160429927034 3.1999999999999993
      vertex 253.54060464509718 15.342839570072966 3.1999999999999993
      vertex 253.31532124826825 15.68 3.1999999999999993
    endloop
  endfacet
  facet normal 0 0 1
    outer loop
      vertex 253.54060464509718 3.117160429927034 3.1999999999999993
      vertex 253.31532124826825 15.68 3.1999999999999993
      vertex 253.13597344921502 16.043681359668224 3.1999999999999993
    endloop
  endfacet
  facet normal 0 0 1
    outer loop
      vertex 253.54060464509718 3.117160429927034 3.1999999999999993
      vertex 253.13597344921502 16.043681359668224 3.1999999999999993
      vertex 253.0056299385039 16.427660960182187 3.1999999999999993
    endloop
  endfacet
  facet normal 0 0 1
    outer loop
      vertex 253.54060464509718 3.117160429927034 3.1999999999999993
      vertex 252.9265209297412 16.82536880411784 3.1999999999999993
      vertex 252.9 17.23 3.1999999999999993
    endloop
  endfacet
  facet normal 0 0 1
    outer loop
      vertex 253.54060464509718 3.117160429927034 3.1999999999999993
      vertex 253.0056299385039 16.427660960182187 3.1999999999999993
      vertex 252.9265209297412 16.82536880411784 3.1999999999999993
    endloop
  endfacet
  facet normal 0 0 1
    outer loop
      vertex 253.8079689783217 3.4220310216782974 3.1999999999999993
      vertex 253.8079689783217 15.037968978321704 3.1999999999999993
      vertex 253.54060464509718 15.342839570072966 3.1999999999999993
    endloop
  endfacet
  facet normal 0 0 1
    outer loop
      vertex 253.8079689783217 3.4220310216782974 3.1999999999999993
      vertex 254.45 14.545321248268241 3.1999999999999993
      vertex 254.11283957007296 14.77060464509717 3.1999999999999993
    endloop
  endfacet
  facet normal 0 0 1
    outer loop
      vertex 253.8079689783217 3.4220310216782974 3.1999999999999993
      vertex 254.11283957007296 14.77060464509717 3.1999999999999993
      vertex 253.8079689783217 15.037968978321704 3.1999999999999993
    endloop
  endfacet
  facet normal 0 0 1
    outer loop
      vertex 253.8079689783217 3.4220310216782974 3.1999999999999993
      vertex 254.8136813596682 14.365973449215012 3.1999999999999993
      vertex 254.45 14.545321248268241 3.1999999999999993
    endloop
  endfacet
  facet normal 0 0 1
    outer loop
      vertex 253.8079689783217 3.4220310216782974 3.1999999999999993
      vertex 255.1976609601822 14.23562993850389 3.1999999999999993
      vertex 254.8136813596682 14.365973449215012 3.1999999999999993
    endloop
  endfacet
  facet normal 0 0 1
    outer loop
      vertex 253.54060464509718 3.117160429927034 3.1999999999999993
      vertex 252.9 17.23 3.1999999999999993
      vertex 252 19.729999996721745 3.1999999999999993
    endloop
  endfacet
  facet normal 0 0 1
    outer loop
      vertex 257.15000000000003 6.93 3.1999999999999993
      vertex 255.59536880411784 14.156520929741188 3.1999999999999993
      vertex 255.1976609601822 14.23562993850389 3.1999999999999993
    endloop
  endfacet
  facet normal 0 0 1
    outer loop
      vertex 257.15000000000003 6.93 3.1999999999999993
      vertex 257.15000000000003 13.930000000000001 3.1999999999999993
      vertex 255.59536880411784 14.156520929741188 3.1999999999999993
    endloop
  endfacet
  facet normal 0 0 1
    outer loop
      vertex 255.59536880411784 14.156520929741188 3.1999999999999993
      vertex 257.15000000000003 13.930000000000001 3.1999999999999993
      vertex 256 14.13 3.1999999999999993
    endloop
  endfacet
  facet normal 0 0 1
    outer loop
      vertex 256 14.13 3.1999999999999993
      vertex 257.15000000000003 13.930000000000001 3.1999999999999993
      vertex 256.40463119588213 14.156520929741188 3.1999999999999993
    endloop
  endfacet
  facet normal 0 0 1
    outer loop
      vertex 256.40463119588213 14.156520929741188 3.1999999999999993
      vertex 257.15000000000003 13.930000000000001 3.1999999999999993
      vertex 256.8023390398178 14.23562993850389 3.1999999999999993
    endloop
  endfacet
  facet normal 0 0 1
    outer loop
      vertex 257.15000000000003 13.930000000000001 3.1999999999999993
      vertex 258.95000000000005 13.930000000000001 3.1999999999999993
      vertex 257.18631864033176 14.365973449215012 3.1999999999999993
    endloop
  endfacet
  facet normal 0 0 1
    outer loop
      vertex 257.15000000000003 13.930000000000001 3.1999999999999993
      vertex 257.18631864033176 14.365973449215012 3.1999999999999993
      vertex 256.8023390398178 14.23562993850389 3.1999999999999993
    endloop
  endfacet
  facet normal 0 0 1
    outer loop
      vertex 257.18631864033176 14.365973449215012 3.1999999999999993
      vertex 258.95000000000005 13.930000000000001 3.1999999999999993
      vertex 257.55 14.545321248268241 3.1999999999999993
    endloop
  endfacet
  facet normal 0 0 1
    outer loop
      vertex 252.9 17.23 3.1999999999999993
      vertex 252.9265209297412 17.63463119588216 3.1999999999999993
      vertex 252 19.729999996721745 3.1999999999999993
    endloop
  endfacet
  facet normal 0 0 1
    outer loop
      vertex 252.9265209297412 17.63463119588216 3.1999999999999993
      vertex 253.0056299385039 18.032339039817813 3.1999999999999993
      vertex 252 19.729999996721745 3.1999999999999993
    endloop
  endfacet
  facet normal 0 0 1
    outer loop
      vertex 253.0056299385039 18.032339039817813 3.1999999999999993
      vertex 253.13597344921502 18.416318640331777 3.1999999999999993
      vertex 252 19.729999996721745 3.1999999999999993
    endloop
  endfacet
  facet normal 0 0 1
    outer loop
      vertex 252 19.729999996721745 3.1999999999999993
      vertex 253.13597344921502 18.416318640331777 3.1999999999999993
      vertex 253.31532124826825 18.78 3.1999999999999993
    endloop
  endfacet
  facet normal 0 0 1
    outer loop
      vertex 252 19.729999996721745 3.1999999999999993
      vertex 253.31532124826825 18.78 3.1999999999999993
      vertex 253.54060464509718 19.117160429927033 3.1999999999999993
    endloop
  endfacet
  facet normal 0 0 1
    outer loop
      vertex 252 19.729999996721745 3.1999999999999993
      vertex 253.54060464509718 19.117160429927033 3.1999999999999993
      vertex 253.8079689783217 19.422031021678297 3.1999999999999993
    endloop
  endfacet
  facet normal 0 0 1
    outer loop
      vertex 252 19.729999996721745 3.1999999999999993
      vertex 253.8079689783217 19.422031021678297 3.1999999999999993
      vertex 254.11283957007296 19.689395354902828 3.1999999999999993
    endloop
  endfacet
  facet normal 0 0 1
    outer loop
      vertex 252 19.729999996721745 3.1999999999999993
      vertex 254.45 19.91467875173176 3.1999999999999993
      vertex 252.0128327086568 19.925789281725883 3.1999999999999993
    endloop
  endfacet
  facet normal 0 0 1
    outer loop
      vertex 252.0128327086568 19.925789281725883 3.1999999999999993
      vertex 254.8136813596682 20.09402655078499 3.1999999999999993
      vertex 252.05111125856638 20.118228562176228 3.1999999999999993
    endloop
  endfacet
  facet normal 0 0 1
    outer loop
      vertex 252.05111125856638 20.118228562176228 3.1999999999999993
      vertex 255.1976609601822 20.224370061496113 3.1999999999999993
      vertex 252.11418069899082 20.304025143384933 3.1999999999999993
    endloop
  endfacet
  facet normal 0 0 1
    outer loop
      vertex 253.11177143454552 21.178888738155365 3.1999999999999993
      vertex 253.5 21.229999996721745 3.1999999999999993
      vertex 253.30421071499586 21.217167288064957 3.1999999999999993
    endloop
  endfacet
  facet normal 0 0 1
    outer loop
      vertex 252 19.729999996721745 3.1999999999999993
      vertex 254.11283957007296 19.689395354902828 3.1999999999999993
      vertex 254.45 19.91467875173176 3.1999999999999993
    endloop
  endfacet
  facet normal 0 0 1
    outer loop
      vertex 252.0128327086568 19.925789281725883 3.1999999999999993
      vertex 254.45 19.91467875173176 3.1999999999999993
      vertex 254.8136813596682 20.09402655078499 3.1999999999999993
    endloop
  endfacet
  facet normal 0 0 1
    outer loop
      vertex 252.05111125856638 20.118228562176228 3.1999999999999993
      vertex 254.8136813596682 20.09402655078499 3.1999999999999993
      vertex 255.1976609601822 20.224370061496113 3.1999999999999993
    endloop
  endfacet
  facet normal 0 0 1
    outer loop
      vertex 252.11418069899082 20.304025143384933 3.1999999999999993
      vertex 255.1976609601822 20.224370061496113 3.1999999999999993
      vertex 255.59536880411784 20.303479070258813 3.1999999999999993
    endloop
  endfacet
  facet normal 0 0 1
    outer loop
      vertex 252.11418069899082 20.304025143384933 3.1999999999999993
      vertex 255.59536880411784 20.303479070258813 3.1999999999999993
      vertex 256 20.330000000000002 3.1999999999999993
    endloop
  endfacet
  facet normal 0 0 1
    outer loop
      vertex 258.95000000000005 6.93 3.1999999999999993
      vertex 259.2 13 3.1999999999999993
      vertex 259.2 16 3.1999999999999993
    endloop
  endfacet
  facet normal 0 0 1
    outer loop
      vertex 258.95000000000005 6.93 3.1999999999999993
      vertex 259.2 16 3.1999999999999993
      vertex 258.95000000000005 13.930000000000001 3.1999999999999993
    endloop
  endfacet
  facet normal 0 0 1
    outer loop
      vertex 257.55 14.545321248268241 3.1999999999999993
      vertex 258.95000000000005 13.930000000000001 3.1999999999999993
      vertex 257.887160429927 14.77060464509717 3.1999999999999993
    endloop
  endfacet
  facet normal 0 0 1
    outer loop
      vertex 257.887160429927 14.77060464509717 3.1999999999999993
      vertex 258.95000000000005 13.930000000000001 3.1999999999999993
      vertex 258.1920310216783 15.037968978321704 3.1999999999999993
    endloop
  endfacet
  facet normal 0 0 1
    outer loop
      vertex 258.1920310216783 15.037968978321704 3.1999999999999993
      vertex 259.2 16 3.1999999999999993
      vertex 258.4593953549028 15.342839570072966 3.1999999999999993
    endloop
  endfacet
  facet normal 0 0 1
    outer loop
      vertex 258.95000000000005 13.930000000000001 3.1999999999999993
      vertex 259.2 16 3.1999999999999993
      vertex 258.1920310216783 15.037968978321704 3.1999999999999993
    endloop
  endfacet
  facet normal 0 0 1
    outer loop
      vertex 258.95000000000005 6.93 3.1999999999999993
      vertex 268.8 13 3.1999999999999993
      vertex 259.2 13 3.1999999999999993
    endloop
  endfacet
  facet normal 0 0 1
    outer loop
      vertex 258.4593953549028 15.342839570072966 3.1999999999999993
      vertex 259.2 16 3.1999999999999993
      vertex 258.6846787517318 15.68 3.1999999999999993
    endloop
  endfacet
  facet normal 0 0 1
    outer loop
      vertex 258.6846787517318 15.68 3.1999999999999993
      vertex 259.2 16 3.1999999999999993
      vertex 258.864026550785 16.043681359668224 3.1999999999999993
    endloop
  endfacet
  facet normal 0 0 1
    outer loop
      vertex 258.864026550785 16.043681359668224 3.1999999999999993
      vertex 260 16 3.1999999999999993
      vertex 258.9943700614961 16.427660960182187 3.1999999999999993
    endloop
  endfacet
  facet normal 0 0 1
    outer loop
      vertex 258.864026550785 16.043681359668224 3.1999999999999993
      vertex 259.2 16 3.1999999999999993
      vertex 260 16 3.1999999999999993
    endloop
  endfacet
  facet normal 0 0 1
    outer loop
      vertex 258.9943700614961 16.427660960182187 3.1999999999999993
      vertex 260 16.85 3.1999999999999993
      vertex 259.0734790702588 16.82536880411784 3.1999999999999993
    endloop
  endfacet
  facet normal 0 0 1
    outer loop
      vertex 259.0734790702588 16.82536880411784 3.1999999999999993
      vertex 260 16.85 3.1999999999999993
      vertex 259.1 17.23 3.1999999999999993
    endloop
  endfacet
  facet normal 0 0 1
    outer loop
      vertex 258.9943700614961 16.427660960182187 3.1999999999999993
      vertex 260 16 3.1999999999999993
      vertex 260 16.85 3.1999999999999993
    endloop
  endfacet
  facet normal 0 0 1
    outer loop
      vertex 252.11418069899082 20.304025143384933 3.1999999999999993
      vertex 275.56066016852856 20.7906601652503 3.1999999999999993
      vertex 252.20096189528704 20.479999996721745 3.1999999999999993
    endloop
  endfacet
  facet normal 0 0 1
    outer loop
      vertex 252.20096189528704 20.479999996721745 3.1999999999999993
      vertex 275.41314214468 20.920030005276203 3.1999999999999993
      vertex 252.30996999144554 20.643142141401768 3.1999999999999993
    endloop
  endfacet
  facet normal 0 0 1
    outer loop
      vertex 252.30996999144554 20.643142141401768 3.1999999999999993
      vertex 275.25 21.029038101434708 3.1999999999999993
      vertex 252.43933983147144 20.7906601652503 3.1999999999999993
    endloop
  endfacet
  facet normal 0 0 1
    outer loop
      vertex 252.43933983147144 20.7906601652503 3.1999999999999993
      vertex 275.0740251466632 21.115819297730923 3.1999999999999993
      vertex 252.58685785531998 20.920030005276203 3.1999999999999993
    endloop
  endfacet
  facet normal 0 0 1
    outer loop
      vertex 252.58685785531998 20.920030005276203 3.1999999999999993
      vertex 274.8882285654545 21.178888738155365 3.1999999999999993
      vertex 252.75 21.029038101434708 3.1999999999999993
    endloop
  endfacet
  facet normal 0 0 1
    outer loop
      vertex 252.75 21.029038101434708 3.1999999999999993
      vertex 274.69578928500414 21.217167288064957 3.1999999999999993
      vertex 252.9259748533368 21.115819297730923 3.1999999999999993
    endloop
  endfacet
  facet normal 0 0 1
    outer loop
      vertex 252.9259748533368 21.115819297730923 3.1999999999999993
      vertex 274.5 21.229999996721745 3.1999999999999993
      vertex 253.11177143454552 21.178888738155365 3.1999999999999993
    endloop
  endfacet
  facet normal 0 0 1
    outer loop
      vertex 253.11177143454552 21.178888738155365 3.1999999999999993
      vertex 274.5 21.229999996721745 3.1999999999999993
      vertex 253.5 21.229999996721745 3.1999999999999993
    endloop
  endfacet
  facet normal 0 0 1
    outer loop
      vertex 259.1 17.23 3.1999999999999993
      vertex 269.3153212482682 18.78 3.1999999999999993
      vertex 259.0734790702588 17.63463119588216 3.1999999999999993
    endloop
  endfacet
  facet normal 0 0 1
    outer loop
      vertex 259.1 17.23 3.1999999999999993
      vertex 260 16.85 3.1999999999999993
      vertex 269.3153212482682 18.78 3.1999999999999993
    endloop
  endfacet
  facet normal 0 0 1
    outer loop
      vertex 259.0734790702588 17.63463119588216 3.1999999999999993
      vertex 269.8079689783217 19.422031021678297 3.1999999999999993
      vertex 258.9943700614961 18.032339039817813 3.1999999999999993
    endloop
  endfacet
  facet normal 0 0 1
    outer loop
      vertex 258.6846787517318 18.78 3.1999999999999993
      vertex 270.112839570073 19.689395354902828 3.1999999999999993
      vertex 258.4593953549028 19.117160429927033 3.1999999999999993
    endloop
  endfacet
  facet normal 0 0 1
    outer loop
      vertex 257.887160429927 19.689395354902828 3.1999999999999993
      vertex 258.1920310216783 19.422031021678297 3.1999999999999993
      vertex 270.81368135966824 20.09402655078499 3.1999999999999993
    endloop
  endfacet
  facet normal 0 0 1
    outer loop
      vertex 258.1920310216783 19.422031021678297 3.1999999999999993
      vertex 258.4593953549028 19.117160429927033 3.1999999999999993
      vertex 270.45 19.91467875173176 3.1999999999999993
    endloop
  endfacet
  facet normal 0 0 1
    outer loop
      vertex 252.11418069899082 20.304025143384933 3.1999999999999993
      vertex 256 20.330000000000002 3.1999999999999993
      vertex 275.69003000855446 20.643142141401768 3.1999999999999993
    endloop
  endfacet
  facet normal 0 0 1
    outer loop
      vertex 257.887160429927 19.689395354902828 3.1999999999999993
      vertex 271.1976609601822 20.224370061496113 3.1999999999999993
      vertex 257.55 19.91467875173176 3.1999999999999993
    endloop
  endfacet
  facet normal 0 0 1
    outer loop
      vertex 258.9943700614961 18.032339039817813 3.1999999999999993
      vertex 270.112839570073 19.689395354902828 3.1999999999999993
      vertex 258.864026550785 18.416318640331777 3.1999999999999993
    endloop
  endfacet
  facet normal 0 0 1
    outer loop
      vertex 258.6846787517318 18.78 3.1999999999999993
      vertex 258.864026550785 18.416318640331777 3.1999999999999993
      vertex 270.112839570073 19.689395354902828 3.1999999999999993
    endloop
  endfacet
  facet normal 0 0 1
    outer loop
      vertex 256 20.330000000000002 3.1999999999999993
      vertex 256.40463119588213 20.303479070258813 3.1999999999999993
      vertex 275.69003000855446 20.643142141401768 3.1999999999999993
    endloop
  endfacet
  facet normal 0 0 1
    outer loop
      vertex 256.40463119588213 20.303479070258813 3.1999999999999993
      vertex 256.8023390398178 20.224370061496113 3.1999999999999993
      vertex 275.69003000855446 20.643142141401768 3.1999999999999993
    endloop
  endfacet
  facet normal 0 0 1
    outer loop
      vertex 256.8023390398178 20.224370061496113 3.1999999999999993
      vertex 257.18631864033176 20.09402655078499 3.1999999999999993
      vertex 275.69003000855446 20.643142141401768 3.1999999999999993
    endloop
  endfacet
  facet normal 0 0 1
    outer loop
      vertex 257.18631864033176 20.09402655078499 3.1999999999999993
      vertex 257.55 19.91467875173176 3.1999999999999993
      vertex 275.79903810471296 20.479999996721745 3.1999999999999993
    endloop
  endfacet
  facet normal 0 0 -1
    outer loop
      vertex 252.11418069899082 -0.5740251466631889 0
      vertex 270.9651055706852 -0.11870067849509969 0
      vertex 271.15 -0.2422431864335457 0
    endloop
  endfacet
  facet normal 0 0 -1
    outer loop
      vertex 252.20096189528704 -0.75 0
      vertex 271.34943816497935 -0.3405952052691874 0
      vertex 271.5600076233257 -0.41207390469141614 0
    endloop
  endfacet
  facet normal 0 0 -1
    outer loop
      vertex 252.11418069899082 -0.5740251466631889 0
      vertex 271.15 -0.2422431864335457 0
      vertex 271.34943816497935 -0.3405952052691874 0
    endloop
  endfacet
  facet normal 0 0 -1
    outer loop
      vertex 252.20096189528704 -0.75 0
      vertex 271.5600076233257 -0.41207390469141614 0
      vertex 271.77810547322593 -0.4554562643354776 0
    endloop
  endfacet
  facet normal 0 0 -1
    outer loop
      vertex 252.30996999144554 -0.9131421446800232 0
      vertex 271.77810547322593 -0.4554562643354776 0
      vertex 272 -0.47 0
    endloop
  endfacet
  facet normal 0 0 -1
    outer loop
      vertex 252.30996999144554 -0.9131421446800232 0
      vertex 272 -0.47 0
      vertex 275.9488887414336 -0.38822856545448303 0
    endloop
  endfacet
  facet normal 0 0 -1
    outer loop
      vertex 257.47224318643356 0.38 0
      vertex 270.52775681356644 0.38 0
      vertex 270.6512993215049 0.19510557068517498 0
    endloop
  endfacet
  facet normal 0 0 -1
    outer loop
      vertex 257.57059520526917 0.5794381649793474 0
      vertex 270.42940479473083 0.5794381649793474 0
      vertex 270.52775681356644 0.38 0
    endloop
  endfacet
  facet normal 0 0 -1
    outer loop
      vertex 257.6420739046914 0.7900076233257147 0
      vertex 270.3579260953086 0.7900076233257147 0
      vertex 270.42940479473083 0.5794381649793474 0
    endloop
  endfacet
  facet normal 0 0 -1
    outer loop
      vertex 257.68545626433547 1.0081054732259123 0
      vertex 270.31454373566453 1.0081054732259123 0
      vertex 270.3579260953086 0.7900076233257147 0
    endloop
  endfacet
  facet normal 0 0 -1
    outer loop
      vertex 257.7 1.23 0
      vertex 270.3 1.23 0
      vertex 270.31454373566453 1.0081054732259123 0
    endloop
  endfacet
  facet normal 0 0 -1
    outer loop
      vertex 257.2020815280171 0.02791847198286912 0
      vertex 270.7979184719829 0.02791847198286912 0
      vertex 270.9651055706852 -0.11870067849509969 0
    endloop
  endfacet
  facet normal 0 0 -1
    outer loop
      vertex 257.3487006784951 0.19510557068517498 0
      vertex 270.6512993215049 0.19510557068517498 0
      vertex 270.7979184719829 0.02791847198286912 0
    endloop
  endfacet
  facet normal 0 0 -1
    outer loop
      vertex 257.68545626433547 1.4518945267740877 0
      vertex 270.31454373566453 1.4518945267740877 0
      vertex 270.3 1.23 0
    endloop
  endfacet
  facet normal 0 0 -1
    outer loop
      vertex 257.6420739046914 1.6699923766742852 0
      vertex 270.3579260953086 1.6699923766742852 0
      vertex 270.31454373566453 1.4518945267740877 0
    endloop
  endfacet
  facet normal 0 0 -1
    outer loop
      vertex 257.6420739046914 1.6699923766742852 0
      vertex 270.42940479473083 1.8805618350206526 0
      vertex 270.3579260953086 1.6699923766742852 0
    endloop
  endfacet
  facet normal 0 0 -1
    outer loop
      vertex 257.6420739046914 1.6699923766742852 0
      vertex 269.5963597135609 4.93 0
      vertex 270.42940479473083 1.8805618350206526 0
    endloop
  endfacet
  facet normal 0 0 -1
    outer loop
      vertex 257.6420739046914 1.6699923766742852 0
      vertex 269.4936979876033 5.305802693388596 0
      vertex 269.5963597135609 4.93 0
    endloop
  endfacet
  facet normal 0 0 -1
    outer loop
      vertex 253.5 -1.5 0
      vertex 274.8882285654545 -1.4488887414336205 0
      vertex 274.5 -1.5 0
    endloop
  endfacet
  facet normal 0 0 -1
    outer loop
      vertex 253.5 -1.5 0
      vertex 275.0740251466632 -1.3858193010091782 0
      vertex 274.8882285654545 -1.4488887414336205 0
    endloop
  endfacet
  facet normal 0 0 -1
    outer loop
      vertex 253.30421071499586 -1.4871672913432121 0
      vertex 275.25 -1.299038104712963 0
      vertex 275.0740251466632 -1.3858193010091782 0
    endloop
  endfacet
  facet normal 0 0 -1
    outer loop
      vertex 253.11177143454552 -1.4488887414336205 0
      vertex 275.41314214468 -1.1900300085544586 0
      vertex 275.25 -1.299038104712963 0
    endloop
  endfacet
  facet normal 0 0 -1
    outer loop
      vertex 252.9259748533368 -1.3858193010091782 0
      vertex 275.56066016852856 -1.0606601685285568 0
      vertex 275.41314214468 -1.1900300085544586 0
    endloop
  endfacet
  facet normal 0 0 -1
    outer loop
      vertex 252.75 -1.299038104712963 0
      vertex 275.69003000855446 -0.9131421446800232 0
      vertex 275.56066016852856 -1.0606601685285568 0
    endloop
  endfacet
  facet normal 0 0 -1
    outer loop
      vertex 252.58685785531998 -1.1900300085544586 0
      vertex 275.79903810471296 -0.75 0
      vertex 275.69003000855446 -0.9131421446800232 0
    endloop
  endfacet
  facet normal 0 0 -1
    outer loop
      vertex 252.43933983147144 -1.0606601685285568 0
      vertex 275.8858193010092 -0.5740251466631889 0
      vertex 275.79903810471296 -0.75 0
    endloop
  endfacet
  facet normal 0 0 -1
    outer loop
      vertex 252.30996999144554 -0.9131421446800232 0
      vertex 275.9488887414336 -0.38822856545448303 0
      vertex 275.8858193010092 -0.5740251466631889 0
    endloop
  endfacet
  facet normal 0 -1 0
    outer loop
      vertex 258.749375 -1.5 3.1899999999999995
      vertex 274.5 -1.5 0
      vertex 270.5419024001357 -1.5 0.9999999999999991
    endloop
  endfacet
  facet normal 0 0 -1
    outer loop
      vertex 270.52775681356644 2.08 0
      vertex 269.5963597135609 4.93 0
      vertex 269.82721216285734 4.93 0
    endloop
  endfacet
  facet normal 0 -1 0
    outer loop
      vertex 258.749375 -1.5 3.1899999999999995
      vertex 270.5419024001357 -1.5 0.9999999999999991
      vertex 269.3 -1.5 3.1899999999999995
    endloop
  endfacet
  facet normal 0 -1 0
    outer loop
      vertex 270.5419024001357 -1.5 0.9999999999999991
      vertex 269.3 -1.5 3.1999999999999993
      vertex 269.3 -1.5 3.1899999999999995
    endloop
  endfacet
  facet normal 0 0 -1
    outer loop
      vertex 257.6420739046914 1.6699923766742852 0
      vertex 269.05 6.93 0
      vertex 269.4936979876033 5.305802693388596 0
    endloop
  endfacet
  facet normal 0 0 -1
    outer loop
      vertex 256 2.9299999999999997 0
      vertex 269.05 13.930000000000001 0
      vertex 269.05 6.93 0
    endloop
  endfacet
  facet normal 0 0 -1
    outer loop
      vertex 269.05 6.93 0
      vertex 269.53687496413414 5.677124691553537 0
      vertex 269.4936979876033 5.305802693388596 0
    endloop
  endfacet
  facet normal 0 0 -1
    outer loop
      vertex 269.05 6.93 0
      vertex 269.45 6.93 0
      vertex 269.53687496413414 5.677124691553537 0
    endloop
  endfacet
  facet normal 0 -1 0
    outer loop
      vertex 270.5419024001357 -1.5 0.9999999999999991
      vertex 274.5 -1.5 0
      vertex 273.4580975998643 -1.5 0.9999999999999991
    endloop
  endfacet
  facet normal 0 0 -1
    outer loop
      vertex 270.42940479473083 1.8805618350206526 0
      vertex 269.5963597135609 4.93 0
      vertex 270.52775681356644 2.08 0
    endloop
  endfacet
  facet normal 0 0 -1
    outer loop
      vertex 270.52775681356644 2.08 0
      vertex 269.82721216285734 4.93 0
      vertex 270.6512993215049 2.264894429314825 0
    endloop
  endfacet
  facet normal 0 0 -1
    outer loop
      vertex 270.6512993215049 2.264894429314825 0
      vertex 269.82721216285734 4.93 0
      vertex 270.7979184719829 2.4320815280171306 0
    endloop
  endfacet
  facet normal 0 0 -1
    outer loop
      vertex 270.7979184719829 2.4320815280171306 0
      vertex 270.85 6.93 0
      vertex 270.9651055706852 2.5787006784950997 0
    endloop
  endfacet
  facet normal 0 0 -1
    outer loop
      vertex 270.9651055706852 2.5787006784950997 0
      vertex 270.85 6.93 0
      vertex 271.15 2.7022431864335457 0
    endloop
  endfacet
  facet normal 0 0 -1
    outer loop
      vertex 271.15 2.7022431864335457 0
      vertex 270.85 6.93 0
      vertex 271.34943816497935 2.8005952052691874 0
    endloop
  endfacet
  facet normal 0 0 -1
    outer loop
      vertex 272.85 2.7022431864335457 0
      vertex 272.65056183502065 2.8005952052691874 0
      vertex 270.85 6.93 0
    endloop
  endfacet
  facet normal 0 0 -1
    outer loop
      vertex 272 -0.47 0
      vertex 272.22189452677407 -0.4554562643354776 0
      vertex 275.9488887414336 -0.38822856545448303 0
    endloop
  endfacet
  facet normal 0 0 -1
    outer loop
      vertex 272.22189452677407 -0.4554562643354776 0
      vertex 272.4399923766743 -0.41207390469141614 0
      vertex 275.9488887414336 -0.38822856545448303 0
    endloop
  endfacet
  facet normal 0 0 -1
    outer loop
      vertex 272.4399923766743 -0.41207390469141614 0
      vertex 272.65056183502065 -0.3405952052691874 0
      vertex 275.9488887414336 -0.38822856545448303 0
    endloop
  endfacet
  facet normal 0 0 -1
    outer loop
      vertex 272.65056183502065 -0.3405952052691874 0
      vertex 272.85 -0.2422431864335457 0
      vertex 275.9488887414336 -0.38822856545448303 0
    endloop
  endfacet
  facet normal 0 0 -1
    outer loop
      vertex 272.85 -0.2422431864335457 0
      vertex 273.0348944293148 -0.11870067849509969 0
      vertex 275.9871672913432 -0.19578928500413895 0
    endloop
  endfacet
  facet normal 0 0 -1
    outer loop
      vertex 273.0348944293148 -0.11870067849509969 0
      vertex 273.2020815280171 0.02791847198286912 0
      vertex 275.9871672913432 -0.19578928500413895 0
    endloop
  endfacet
  facet normal 0 0 -1
    outer loop
      vertex 273.2020815280171 0.02791847198286912 0
      vertex 273.3487006784951 0.19510557068517498 0
      vertex 276 0 0
    endloop
  endfacet
  facet normal 0 0 -1
    outer loop
      vertex 273.3487006784951 0.19510557068517498 0
      vertex 273.47224318643356 0.38 0
      vertex 276 0 0
    endloop
  endfacet
  facet normal 0 0 -1
    outer loop
      vertex 273.47224318643356 0.38 0
      vertex 273.57059520526917 0.5794381649793474 0
      vertex 276 0 0
    endloop
  endfacet
  facet normal 0 0 -1
    outer loop
      vertex 273.57059520526917 0.5794381649793474 0
      vertex 273.6420739046914 0.7900076233257147 0
      vertex 276 0 0
    endloop
  endfacet
  facet normal 0 0 -1
    outer loop
      vertex 273.6420739046914 0.7900076233257147 0
      vertex 273.68545626433547 1.0081054732259123 0
      vertex 276 0 0
    endloop
  endfacet
  facet normal 0 0 -1
    outer loop
      vertex 273.68545626433547 1.0081054732259123 0
      vertex 273.7 1.23 0
      vertex 276 0 0
    endloop
  endfacet
  facet normal 0 0 -1
    outer loop
      vertex 273.7 1.23 0
      vertex 273.68545626433547 1.4518945267740877 0
      vertex 276 0 0
    endloop
  endfacet
  facet normal 0 0 -1
    outer loop
      vertex 276 0 0
      vertex 273.68545626433547 1.4518945267740877 0
      vertex 273.6420739046914 1.6699923766742852 0
    endloop
  endfacet
  facet normal 0 0 -1
    outer loop
      vertex 276 0 0
      vertex 273.6420739046914 1.6699923766742852 0
      vertex 273.57059520526917 1.8805618350206526 0
    endloop
  endfacet
  facet normal 0 0 -1
    outer loop
      vertex 274.5 -1.5 0
      vertex 274.8882285654545 -1.4488887414336205 0
      vertex 274.69578928500414 -1.4871672913432121 0
    endloop
  endfacet
  facet normal 0 0 -1
    outer loop
      vertex 272.85 -0.2422431864335457 0
      vertex 275.9871672913432 -0.19578928500413895 0
      vertex 275.9488887414336 -0.38822856545448303 0
    endloop
  endfacet
  facet normal 0 0 -1
    outer loop
      vertex 273.2020815280171 0.02791847198286912 0
      vertex 276 0 0
      vertex 275.9871672913432 -0.19578928500413895 0
    endloop
  endfacet
  facet normal 0 -1 0
    outer loop
      vertex 274.5 -1.5 0
      vertex 274.5 -1.5 3.1999999999999993
      vertex 273.4580975998643 -1.5 0.9999999999999991
    endloop
  endfacet
  facet normal 0.06540313397759875 -0.9978589229274388 0
    outer loop
      vertex 274.5 -1.5 0
      vertex 274.69578928500414 -1.4871672913432121 0
      vertex 274.5 -1.5 3.1999999999999993
    endloop
  endfacet
  facet normal 0.19509030759446713 -0.9807852832718771 0
    outer loop
      vertex 274.69578928500414 -1.4871672913432121 0
      vertex 274.8882285654545 -1.4488887414336205 0
      vertex 274.69578928500414 -1.4871672913432121 3.1999999999999993
    endloop
  endfacet
  facet normal 0.3214394637077385 -0.9469301300366789 0
    outer loop
      vertex 274.8882285654545 -1.4488887414336205 0
      vertex 275.0740251466632 -1.3858193010091782 0
      vertex 274.8882285654545 -1.4488887414336205 3.1999999999999993
    endloop
  endfacet
  facet normal 0.44228869955231076 -0.8968727369300092 0
    outer loop
      vertex 275.0740251466632 -1.3858193010091782 0
      vertex 275.25 -1.299038104712963 0
      vertex 275.0740251466632 -1.3858193010091782 3.1999999999999993
    endloop
  endfacet
  facet normal 0.5555702335092735 -0.8314696119753573 0
    outer loop
      vertex 275.25 -1.299038104712963 0
      vertex 275.41314214468 -1.1900300085544586 0
      vertex 275.25 -1.299038104712963 3.1999999999999993
    endloop
  endfacet
  facet normal 0.6593458302062577 -0.7518397942312052 0
    outer loop
      vertex 275.41314214468 -1.1900300085544586 0
      vertex 275.56066016852856 -1.0606601685285568 0
      vertex 275.41314214468 -1.1900300085544586 3.1999999999999993
    endloop
  endfacet
  facet normal 0.7518397942312052 -0.6593458302062577 0
    outer loop
      vertex 275.56066016852856 -1.0606601685285568 0
      vertex 275.69003000855446 -0.9131421446800232 0
      vertex 275.56066016852856 -1.0606601685285568 3.1999999999999993
    endloop
  endfacet
  facet normal 0.8314696119753573 -0.5555702335092735 0
    outer loop
      vertex 275.69003000855446 -0.9131421446800232 0
      vertex 275.79903810471296 -0.75 0
      vertex 275.69003000855446 -0.9131421446800232 3.1999999999999993
    endloop
  endfacet
  facet normal 0.8968727369300092 -0.44228869955231076 0
    outer loop
      vertex 275.79903810471296 -0.75 0
      vertex 275.8858193010092 -0.5740251466631889 0
      vertex 275.79903810471296 -0.75 3.1999999999999993
    endloop
  endfacet
  facet normal 0.9469301300366789 -0.3214394637077385 0
    outer loop
      vertex 275.8858193010092 -0.5740251466631889 0
      vertex 275.9488887414336 -0.38822856545448303 0
      vertex 275.8858193010092 -0.5740251466631889 3.1999999999999993
    endloop
  endfacet
  facet normal 0.9807852832718771 -0.19509030759446713 0
    outer loop
      vertex 275.9488887414336 -0.38822856545448303 0
      vertex 275.9871672913432 -0.19578928500413895 0
      vertex 275.9488887414336 -0.38822856545448303 3.1999999999999993
    endloop
  endfacet
  facet normal 0.9978589229274388 -0.06540313397759875 0
    outer loop
      vertex 275.9871672913432 -0.19578928500413895 0
      vertex 276 0 0
      vertex 275.9871672913432 -0.19578928500413895 3.1999999999999993
    endloop
  endfacet
  facet normal 0 -1 0
    outer loop
      vertex 270.5419024001357 -1.5 0.9999999999999991
      vertex 270.5419024001357 -1.5 3.1999999999999993
      vertex 269.3 -1.5 3.1999999999999993
    endloop
  endfacet
  facet normal 0.06540313397759875 -0.9978589229274388 0
    outer loop
      vertex 274.69578928500414 -1.4871672913432121 0
      vertex 274.69578928500414 -1.4871672913432121 3.1999999999999993
      vertex 274.5 -1.5 3.1999999999999993
    endloop
  endfacet
  facet normal 0.19509030759446713 -0.9807852832718771 0
    outer loop
      vertex 274.8882285654545 -1.4488887414336205 0
      vertex 274.8882285654545 -1.4488887414336205 3.1999999999999993
      vertex 274.69578928500414 -1.4871672913432121 3.1999999999999993
    endloop
  endfacet
  facet normal 0.3214394637077385 -0.9469301300366789 0
    outer loop
      vertex 275.0740251466632 -1.3858193010091782 0
      vertex 275.0740251466632 -1.3858193010091782 3.1999999999999993
      vertex 274.8882285654545 -1.4488887414336205 3.1999999999999993
    endloop
  endfacet
  facet normal 0.44228869955231076 -0.8968727369300092 0
    outer loop
      vertex 275.25 -1.299038104712963 0
      vertex 275.25 -1.299038104712963 3.1999999999999993
      vertex 275.0740251466632 -1.3858193010091782 3.1999999999999993
    endloop
  endfacet
  facet normal 0.5555702335092735 -0.8314696119753573 0
    outer loop
      vertex 275.41314214468 -1.1900300085544586 0
      vertex 275.41314214468 -1.1900300085544586 3.1999999999999993
      vertex 275.25 -1.299038104712963 3.1999999999999993
    endloop
  endfacet
  facet normal 0.6593458302062577 -0.7518397942312052 0
    outer loop
      vertex 275.56066016852856 -1.0606601685285568 0
      vertex 275.56066016852856 -1.0606601685285568 3.1999999999999993
      vertex 275.41314214468 -1.1900300085544586 3.1999999999999993
    endloop
  endfacet
  facet normal 0.7518397942312052 -0.6593458302062577 0
    outer loop
      vertex 275.69003000855446 -0.9131421446800232 0
      vertex 275.69003000855446 -0.9131421446800232 3.1999999999999993
      vertex 275.56066016852856 -1.0606601685285568 3.1999999999999993
    endloop
  endfacet
  facet normal 0.8314696119753573 -0.5555702335092735 0
    outer loop
      vertex 275.79903810471296 -0.75 0
      vertex 275.79903810471296 -0.75 3.1999999999999993
      vertex 275.69003000855446 -0.9131421446800232 3.1999999999999993
    endloop
  endfacet
  facet normal 0.8968727369300092 -0.44228869955231076 0
    outer loop
      vertex 275.8858193010092 -0.5740251466631889 0
      vertex 275.8858193010092 -0.5740251466631889 3.1999999999999993
      vertex 275.79903810471296 -0.75 3.1999999999999993
    endloop
  endfacet
  facet normal 0.9469301300366789 -0.3214394637077385 0
    outer loop
      vertex 275.9488887414336 -0.38822856545448303 0
      vertex 275.9488887414336 -0.38822856545448303 3.1999999999999993
      vertex 275.8858193010092 -0.5740251466631889 3.1999999999999993
    endloop
  endfacet
  facet normal 0.9807852832718771 -0.19509030759446713 0
    outer loop
      vertex 275.9871672913432 -0.19578928500413895 0
      vertex 275.9871672913432 -0.19578928500413895 3.1999999999999993
      vertex 275.9488887414336 -0.38822856545448303 3.1999999999999993
    endloop
  endfacet
  facet normal 0.9978589229274388 -0.06540313397759875 0
    outer loop
      vertex 276 0 0
      vertex 276 0 3.1999999999999993
      vertex 275.9871672913432 -0.19578928500413895 3.1999999999999993
    endloop
  endfacet
  facet normal 0 -1 0
    outer loop
      vertex 273.4580975998643 -1.5 0.9999999999999991
      vertex 274.5 -1.5 3.1999999999999993
      vertex 273.4580975998643 -1.5 3.1999999999999993
    endloop
  endfacet
  facet normal 0 0 -1
    outer loop
      vertex 270.7979184719829 2.4320815280171306 0
      vertex 269.82721216285734 4.93 0
      vertex 270.85 6.93 0
    endloop
  endfacet
  facet normal 0 0 -1
    outer loop
      vertex 271.34943816497935 2.8005952052691874 0
      vertex 270.85 6.93 0
      vertex 271.5600076233257 2.8720739046914163 0
    endloop
  endfacet
  facet normal 0 0 -1
    outer loop
      vertex 271.5600076233257 2.8720739046914163 0
      vertex 270.85 6.93 0
      vertex 271.77810547322593 2.9154562643354778 0
    endloop
  endfacet
  facet normal 0 0 -1
    outer loop
      vertex 270.85 6.93 0
      vertex 269.82721216285734 4.93 0
      vertex 270.45 6.93 0
    endloop
  endfacet
  facet normal 0 0 -1
    outer loop
      vertex 271.77810547322593 2.9154562643354778 0
      vertex 270.85 6.93 0
      vertex 272 2.9299999999999997 0
    endloop
  endfacet
  facet normal 0 0 -1
    outer loop
      vertex 272 2.9299999999999997 0
      vertex 270.85 6.93 0
      vertex 272.22189452677407 2.9154562643354778 0
    endloop
  endfacet
  facet normal 0 0 -1
    outer loop
      vertex 272.22189452677407 2.9154562643354778 0
      vertex 270.85 6.93 0
      vertex 272.4399923766743 2.8720739046914163 0
    endloop
  endfacet
  facet normal 0 0 -1
    outer loop
      vertex 272.4399923766743 2.8720739046914163 0
      vertex 270.85 6.93 0
      vertex 272.65056183502065 2.8005952052691874 0
    endloop
  endfacet
  facet normal 0 0 -1
    outer loop
      vertex 272.85 2.7022431864335457 0
      vertex 272.65056183502065 15.659404794730813 0
      vertex 273.0348944293148 2.5787006784950997 0
    endloop
  endfacet
  facet normal 0 0 -1
    outer loop
      vertex 273.0348944293148 2.5787006784950997 0
      vertex 272.65056183502065 15.659404794730813 0
      vertex 273.2020815280171 2.4320815280171306 0
    endloop
  endfacet
  facet normal 0 0 -1
    outer loop
      vertex 272.85 2.7022431864335457 0
      vertex 270.85 6.93 0
      vertex 272.65056183502065 15.659404794730813 0
    endloop
  endfacet
  facet normal 0 0 -1
    outer loop
      vertex 273.3487006784951 2.264894429314825 0
      vertex 272.65056183502065 15.659404794730813 0
      vertex 273.47224318643356 2.08 0
    endloop
  endfacet
  facet normal 0 0 -1
    outer loop
      vertex 273.57059520526917 1.8805618350206526 0
      vertex 273.47224318643356 2.08 0
      vertex 272.65056183502065 15.659404794730813 0
    endloop
  endfacet
  facet normal 0 0 -1
    outer loop
      vertex 273.3487006784951 2.264894429314825 0
      vertex 273.2020815280171 2.4320815280171306 0
      vertex 272.65056183502065 15.659404794730813 0
    endloop
  endfacet
  facet normal 0 0 -1
    outer loop
      vertex 276 0 0
      vertex 273.57059520526917 1.8805618350206526 0
      vertex 272.65056183502065 15.659404794730813 0
    endloop
  endfacet
  facet normal 1 0 0
    outer loop
      vertex 276 0 0
      vertex 276 19.729999996721745 0
      vertex 276 0 3.1999999999999993
    endloop
  endfacet
  facet normal 0 0 1
    outer loop
      vertex 258.7 -0.8499999999999993 3.1999999999999993
      vertex 269.3 -0.8499999999999993 3.1999999999999993
      vertex 269.5406046450972 -0.6571604299270342 3.1999999999999993
    endloop
  endfacet
  facet normal 0 0 1
    outer loop
      vertex 258.4593953549028 -0.6571604299270342 3.1999999999999993
      vertex 269.5406046450972 -0.6571604299270342 3.1999999999999993
      vertex 269.3153212482682 -0.32000000000000006 3.1999999999999993
    endloop
  endfacet
  facet normal 0 0 1
    outer loop
      vertex 258.4593953549028 -0.6571604299270342 3.1999999999999993
      vertex 269.3153212482682 -0.32000000000000006 3.1999999999999993
      vertex 269.135973449215 0.04368135966822173 3.1999999999999993
    endloop
  endfacet
  facet normal 0 0 1
    outer loop
      vertex 258.864026550785 0.04368135966822173 3.1999999999999993
      vertex 269.135973449215 0.04368135966822173 3.1999999999999993
      vertex 269.0056299385039 0.4276609601821857 3.1999999999999993
    endloop
  endfacet
  facet normal 0 0 1
    outer loop
      vertex 258.9943700614961 0.4276609601821857 3.1999999999999993
      vertex 269.0056299385039 0.4276609601821857 3.1999999999999993
      vertex 268.9265209297412 0.8253688041178401 3.1999999999999993
    endloop
  endfacet
  facet normal 0 0 1
    outer loop
      vertex 259.0734790702588 0.8253688041178401 3.1999999999999993
      vertex 268.9265209297412 0.8253688041178401 3.1999999999999993
      vertex 268.9 1.23 3.1999999999999993
    endloop
  endfacet
  facet normal 0 0 1
    outer loop
      vertex 259.1 1.23 3.1999999999999993
      vertex 268.9 1.23 3.1999999999999993
      vertex 268.9265209297412 1.63463119588216 3.1999999999999993
    endloop
  endfacet
  facet normal 0 0 1
    outer loop
      vertex 259.0734790702588 1.63463119588216 3.1999999999999993
      vertex 268.9265209297412 1.63463119588216 3.1999999999999993
      vertex 269.0056299385039 2.0323390398178143 3.1999999999999993
    endloop
  endfacet
  facet normal 0 0 1
    outer loop
      vertex 258.9943700614961 2.0323390398178143 3.1999999999999993
      vertex 269.0056299385039 2.0323390398178143 3.1999999999999993
      vertex 269.135973449215 2.4163186403317782 3.1999999999999993
    endloop
  endfacet
  facet normal 0 0 1
    outer loop
      vertex 258.864026550785 2.4163186403317782 3.1999999999999993
      vertex 269.135973449215 2.4163186403317782 3.1999999999999993
      vertex 269.3153212482682 2.7800000000000002 3.1999999999999993
    endloop
  endfacet
  facet normal 0 0 1
    outer loop
      vertex 258.864026550785 2.4163186403317782 3.1999999999999993
      vertex 269.3153212482682 2.7800000000000002 3.1999999999999993
      vertex 269.5406046450972 3.117160429927034 3.1999999999999993
    endloop
  endfacet
  facet normal 0 0 1
    outer loop
      vertex 258.864026550785 2.4163186403317782 3.1999999999999993
      vertex 269.5406046450972 3.117160429927034 3.1999999999999993
      vertex 269.05 6.93 3.1999999999999993
    endloop
  endfacet
  facet normal 0 0 1
    outer loop
      vertex 269.3 -1.5 3.1999999999999993
      vertex 269.5406046450972 -0.6571604299270342 3.1999999999999993
      vertex 269.3 -0.8499999999999993 3.1999999999999993
    endloop
  endfacet
  facet normal 0 0 1
    outer loop
      vertex 269.3 -1.5 3.1999999999999993
      vertex 269.8079689783217 -0.9620310216782975 3.1999999999999993
      vertex 269.5406046450972 -0.6571604299270342 3.1999999999999993
    endloop
  endfacet
  facet normal 0 0 1
    outer loop
      vertex 269.3 -1.5 3.1999999999999993
      vertex 270.112839570073 -1.2293953549028291 3.1999999999999993
      vertex 269.8079689783217 -0.9620310216782975 3.1999999999999993
    endloop
  endfacet
  facet normal 0 0 1
    outer loop
      vertex 269.3 -1.5 3.1999999999999993
      vertex 270.45 -1.4546787517317599 3.1999999999999993
      vertex 270.112839570073 -1.2293953549028291 3.1999999999999993
    endloop
  endfacet
  facet normal 0 0 1
    outer loop
      vertex 269.5406046450972 3.117160429927034 3.1999999999999993
      vertex 269.8079689783217 3.4220310216782974 3.1999999999999993
      vertex 269.45 4.93 3.1999999999999993
    endloop
  endfacet
  facet normal 0 0 1
    outer loop
      vertex 269.8079689783217 3.4220310216782974 3.1999999999999993
      vertex 270.112839570073 3.689395354902829 3.1999999999999993
      vertex 269.45 4.93 3.1999999999999993
    endloop
  endfacet
  facet normal 0 0 1
    outer loop
      vertex 258.864026550785 2.4163186403317782 3.1999999999999993
      vertex 269.05 6.93 3.1999999999999993
      vertex 268.8 13 3.1999999999999993
    endloop
  endfacet
  facet normal 0 0 1
    outer loop
      vertex 269.5406046450972 3.117160429927034 3.1999999999999993
      vertex 269.45 4.93 3.1999999999999993
      vertex 269.05 6.93 3.1999999999999993
    endloop
  endfacet
  facet normal 0 0 1
    outer loop
      vertex 269.05 6.93 3.1999999999999993
      vertex 269.45 4.93 3.1999999999999993
      vertex 269.45 6.93 3.1999999999999993
    endloop
  endfacet
  facet normal 0 0 1
    outer loop
      vertex 269.3 -1.5 3.1999999999999993
      vertex 270.5419024001357 -1.5 3.1999999999999993
      vertex 270.45 -1.4546787517317599 3.1999999999999993
    endloop
  endfacet
  facet normal 0 0 1
    outer loop
      vertex 270.112839570073 3.689395354902829 3.1999999999999993
      vertex 270.45 3.91467875173176 3.1999999999999993
      vertex 269.45 4.93 3.1999999999999993
    endloop
  endfacet
  facet normal 0 0 1
    outer loop
      vertex 273.4580975998643 -1.5 3.1999999999999993
      vertex 274.8882285654545 -1.4488887414336205 3.1999999999999993
      vertex 273.55 -1.4546787517317599 3.1999999999999993
    endloop
  endfacet
  facet normal 0 0 1
    outer loop
      vertex 273.4580975998643 -1.5 3.1999999999999993
      vertex 274.5 -1.5 3.1999999999999993
      vertex 274.8882285654545 -1.4488887414336205 3.1999999999999993
    endloop
  endfacet
  facet normal 0 0 1
    outer loop
      vertex 273.55 -1.4546787517317599 3.1999999999999993
      vertex 275.41314214468 -1.1900300085544586 3.1999999999999993
      vertex 273.887160429927 -1.2293953549028291 3.1999999999999993
    endloop
  endfacet
  facet normal 0 0 1
    outer loop
      vertex 273.55 -1.4546787517317599 3.1999999999999993
      vertex 274.8882285654545 -1.4488887414336205 3.1999999999999993
      vertex 275.0740251466632 -1.3858193010091782 3.1999999999999993
    endloop
  endfacet
  facet normal 0 0 1
    outer loop
      vertex 273.55 -1.4546787517317599 3.1999999999999993
      vertex 275.0740251466632 -1.3858193010091782 3.1999999999999993
      vertex 275.25 -1.299038104712963 3.1999999999999993
    endloop
  endfacet
  facet normal 0 0 1
    outer loop
      vertex 274.5 -1.5 3.1999999999999993
      vertex 274.69578928500414 -1.4871672913432121 3.1999999999999993
      vertex 274.8882285654545 -1.4488887414336205 3.1999999999999993
    endloop
  endfacet
  facet normal 0 0 1
    outer loop
      vertex 273.55 -1.4546787517317599 3.1999999999999993
      vertex 275.25 -1.299038104712963 3.1999999999999993
      vertex 275.41314214468 -1.1900300085544586 3.1999999999999993
    endloop
  endfacet
  facet normal 0 0 1
    outer loop
      vertex 273.887160429927 -1.2293953549028291 3.1999999999999993
      vertex 275.69003000855446 -0.9131421446800232 3.1999999999999993
      vertex 274.1920310216783 -0.9620310216782975 3.1999999999999993
    endloop
  endfacet
  facet normal 0 0 1
    outer loop
      vertex 274.1920310216783 -0.9620310216782975 3.1999999999999993
      vertex 275.79903810471296 -0.75 3.1999999999999993
      vertex 274.4593953549028 -0.6571604299270342 3.1999999999999993
    endloop
  endfacet
  facet normal 0 0 1
    outer loop
      vertex 273.887160429927 -1.2293953549028291 3.1999999999999993
      vertex 275.41314214468 -1.1900300085544586 3.1999999999999993
      vertex 275.56066016852856 -1.0606601685285568 3.1999999999999993
    endloop
  endfacet
  facet normal 0 0 1
    outer loop
      vertex 273.887160429927 -1.2293953549028291 3.1999999999999993
      vertex 275.56066016852856 -1.0606601685285568 3.1999999999999993
      vertex 275.69003000855446 -0.9131421446800232 3.1999999999999993
    endloop
  endfacet
  facet normal 0 0 1
    outer loop
      vertex 274.1920310216783 -0.9620310216782975 3.1999999999999993
      vertex 275.69003000855446 -0.9131421446800232 3.1999999999999993
      vertex 275.79903810471296 -0.75 3.1999999999999993
    endloop
  endfacet
  facet normal 0 0 1
    outer loop
      vertex 274.4593953549028 -0.6571604299270342 3.1999999999999993
      vertex 275.9488887414336 -0.38822856545448303 3.1999999999999993
      vertex 274.6846787517318 -0.32000000000000006 3.1999999999999993
    endloop
  endfacet
  facet normal 0 0 1
    outer loop
      vertex 274.6846787517318 -0.32000000000000006 3.1999999999999993
      vertex 276 0 3.1999999999999993
      vertex 274.864026550785 0.04368135966822173 3.1999999999999993
    endloop
  endfacet
  facet normal 0 0 1
    outer loop
      vertex 274.4593953549028 -0.6571604299270342 3.1999999999999993
      vertex 275.79903810471296 -0.75 3.1999999999999993
      vertex 275.8858193010092 -0.5740251466631889 3.1999999999999993
    endloop
  endfacet
  facet normal 0 0 1
    outer loop
      vertex 274.4593953549028 -0.6571604299270342 3.1999999999999993
      vertex 275.8858193010092 -0.5740251466631889 3.1999999999999993
      vertex 275.9488887414336 -0.38822856545448303 3.1999999999999993
    endloop
  endfacet
  facet normal 0 0 1
    outer loop
      vertex 274.6846787517318 -0.32000000000000006 3.1999999999999993
      vertex 275.9488887414336 -0.38822856545448303 3.1999999999999993
      vertex 275.9871672913432 -0.19578928500413895 3.1999999999999993
    endloop
  endfacet
  facet normal 0 0 1
    outer loop
      vertex 274.6846787517318 -0.32000000000000006 3.1999999999999993
      vertex 275.9871672913432 -0.19578928500413895 3.1999999999999993
      vertex 276 0 3.1999999999999993
    endloop
  endfacet
  facet normal 0 0 1
    outer loop
      vertex 274.864026550785 0.04368135966822173 3.1999999999999993
      vertex 276 0 3.1999999999999993
      vertex 274.9943700614961 0.4276609601821857 3.1999999999999993
    endloop
  endfacet
  facet normal 0 0 1
    outer loop
      vertex 274.9943700614961 0.4276609601821857 3.1999999999999993
      vertex 276 0 3.1999999999999993
      vertex 275.0734790702588 0.8253688041178401 3.1999999999999993
    endloop
  endfacet
  facet normal 0 0 1
    outer loop
      vertex 275.0734790702588 0.8253688041178401 3.1999999999999993
      vertex 276 0 3.1999999999999993
      vertex 275.1 1.23 3.1999999999999993
    endloop
  endfacet
  facet normal 0 0 1
    outer loop
      vertex 270.45 3.91467875173176 3.1999999999999993
      vertex 270.81368135966824 4.094026550784989 3.1999999999999993
      vertex 269.45 4.93 3.1999999999999993
    endloop
  endfacet
  facet normal 0 0 1
    outer loop
      vertex 270.81368135966824 4.094026550784989 3.1999999999999993
      vertex 270.45 4.93 3.1999999999999993
      vertex 269.45 4.93 3.1999999999999993
    endloop
  endfacet
  facet normal 0 0 1
    outer loop
      vertex 270.81368135966824 4.094026550784989 3.1999999999999993
      vertex 271.1976609601822 4.224370061496112 3.1999999999999993
      vertex 270.45 4.93 3.1999999999999993
    endloop
  endfacet
  facet normal 0 0 1
    outer loop
      vertex 271.1976609601822 4.224370061496112 3.1999999999999993
      vertex 270.85 6.93 3.1999999999999993
      vertex 270.45 4.93 3.1999999999999993
    endloop
  endfacet
  facet normal 0 0 1
    outer loop
      vertex 271.1976609601822 4.224370061496112 3.1999999999999993
      vertex 271.59536880411787 4.303479070258812 3.1999999999999993
      vertex 270.85 6.93 3.1999999999999993
    endloop
  endfacet
  facet normal 0 0 1
    outer loop
      vertex 270.85 6.93 3.1999999999999993
      vertex 271.59536880411787 4.303479070258812 3.1999999999999993
      vertex 272 4.33 3.1999999999999993
    endloop
  endfacet
  facet normal 0 0 1
    outer loop
      vertex 270.85 6.93 3.1999999999999993
      vertex 270.45 6.93 3.1999999999999993
      vertex 270.45 4.93 3.1999999999999993
    endloop
  endfacet
  facet normal 0 0 1
    outer loop
      vertex 270.85 6.93 3.1999999999999993
      vertex 272 4.33 3.1999999999999993
      vertex 272.40463119588213 4.303479070258812 3.1999999999999993
    endloop
  endfacet
  facet normal 0 0 1
    outer loop
      vertex 270.85 6.93 3.1999999999999993
      vertex 272.40463119588213 4.303479070258812 3.1999999999999993
      vertex 272.8023390398178 4.224370061496112 3.1999999999999993
    endloop
  endfacet
  facet normal 0 0 1
    outer loop
      vertex 270.85 6.93 3.1999999999999993
      vertex 272.8023390398178 4.224370061496112 3.1999999999999993
      vertex 273.55 14.545321248268241 3.1999999999999993
    endloop
  endfacet
  facet normal 0 0 1
    outer loop
      vertex 275.1 1.23 3.1999999999999993
      vertex 276 0 3.1999999999999993
      vertex 276 19.729999996721745 3.1999999999999993
    endloop
  endfacet
  facet normal 0 0 1
    outer loop
      vertex 273.18631864033176 4.094026550784989 3.1999999999999993
      vertex 273.55 14.545321248268241 3.1999999999999993
      vertex 272.8023390398178 4.224370061496112 3.1999999999999993
    endloop
  endfacet
  facet normal 0 0 1
    outer loop
      vertex 273.18631864033176 4.094026550784989 3.1999999999999993
      vertex 273.55 3.91467875173176 3.1999999999999993
      vertex 273.55 14.545321248268241 3.1999999999999993
    endloop
  endfacet
  facet normal 0 0 1
    outer loop
      vertex 273.55 3.91467875173176 3.1999999999999993
      vertex 273.887160429927 3.689395354902829 3.1999999999999993
      vertex 273.55 14.545321248268241 3.1999999999999993
    endloop
  endfacet
  facet normal 0 0 1
    outer loop
      vertex 274.1920310216783 3.4220310216782974 3.1999999999999993
      vertex 273.887160429927 14.77060464509717 3.1999999999999993
      vertex 273.887160429927 3.689395354902829 3.1999999999999993
    endloop
  endfacet
  facet normal 0 0 1
    outer loop
      vertex 274.1920310216783 3.4220310216782974 3.1999999999999993
      vertex 274.4593953549028 3.117160429927034 3.1999999999999993
      vertex 274.1920310216783 15.037968978321704 3.1999999999999993
    endloop
  endfacet
  facet normal 0 0 1
    outer loop
      vertex 274.864026550785 2.4163186403317782 3.1999999999999993
      vertex 276 19.729999996721745 3.1999999999999993
      vertex 274.6846787517318 2.7800000000000002 3.1999999999999993
    endloop
  endfacet
  facet normal 0 0 1
    outer loop
      vertex 275.1 1.23 3.1999999999999993
      vertex 276 19.729999996721745 3.1999999999999993
      vertex 275.0734790702588 1.63463119588216 3.1999999999999993
    endloop
  endfacet
  facet normal 0 0 1
    outer loop
      vertex 275.0734790702588 1.63463119588216 3.1999999999999993
      vertex 276 19.729999996721745 3.1999999999999993
      vertex 274.9943700614961 2.0323390398178143 3.1999999999999993
    endloop
  endfacet
  facet normal 0 0 1
    outer loop
      vertex 274.9943700614961 2.0323390398178143 3.1999999999999993
      vertex 276 19.729999996721745 3.1999999999999993
      vertex 274.864026550785 2.4163186403317782 3.1999999999999993
    endloop
  endfacet
  facet normal 0 0 1
    outer loop
      vertex 274.4593953549028 3.117160429927034 3.1999999999999993
      vertex 274.6846787517318 2.7800000000000002 3.1999999999999993
      vertex 276 19.729999996721745 3.1999999999999993
    endloop
  endfacet
  facet normal 0 0 -1
    outer loop
      vertex 256 2.9299999999999997 0
      vertex 271.15 15.757756813566456 0
      vertex 269.05 13.930000000000001 0
    endloop
  endfacet
  facet normal 0 0 -1
    outer loop
      vertex 255.15 2.7022431864335457 0
      vertex 270.52775681356644 16.38 0
      vertex 270.6512993215049 16.195105570685175 0
    endloop
  endfacet
  facet normal 0 0 -1
    outer loop
      vertex 255.15 2.7022431864335457 0
      vertex 270.42940479473083 16.579438164979347 0
      vertex 270.52775681356644 16.38 0
    endloop
  endfacet
  facet normal 0 0 -1
    outer loop
      vertex 255.15 2.7022431864335457 0
      vertex 270.3579260953086 16.790007623325714 0
      vertex 270.42940479473083 16.579438164979347 0
    endloop
  endfacet
  facet normal 0 0 -1
    outer loop
      vertex 255.15 2.7022431864335457 0
      vertex 270.7979184719829 16.02791847198287 0
      vertex 270.9651055706852 15.881299321504901 0
    endloop
  endfacet
  facet normal 0 0 -1
    outer loop
      vertex 255.34943816497935 2.8005952052691874 0
      vertex 270.9651055706852 15.881299321504901 0
      vertex 271.15 15.757756813566456 0
    endloop
  endfacet
  facet normal 0 0 -1
    outer loop
      vertex 255.15 2.7022431864335457 0
      vertex 270.6512993215049 16.195105570685175 0
      vertex 270.7979184719829 16.02791847198287 0
    endloop
  endfacet
  facet normal 0 0 -1
    outer loop
      vertex 270.3579260953086 16.790007623325714 0
      vertex 258.55 5.909720616875517 0
      vertex 270.31454373566453 17.008105473225914 0
    endloop
  endfacet
  facet normal 0 0 -1
    outer loop
      vertex 270.31454373566453 17.008105473225914 0
      vertex 258.55 6.484972966992971 0
      vertex 270.3 17.23 0
    endloop
  endfacet
  facet normal 0 0 -1
    outer loop
      vertex 270.3 17.23 0
      vertex 258.55 6.484972966992971 0
      vertex 270.31454373566453 17.451894526774087 0
    endloop
  endfacet
  facet normal 0 0 -1
    outer loop
      vertex 270.31454373566453 17.451894526774087 0
      vertex 258.55 6.484972966992971 0
      vertex 270.3579260953086 17.669992376674287 0
    endloop
  endfacet
  facet normal 0 0 -1
    outer loop
      vertex 257.57059520526917 17.880561835020654 0
      vertex 270.42940479473083 17.880561835020654 0
      vertex 270.3579260953086 17.669992376674287 0
    endloop
  endfacet
  facet normal 0 0 -1
    outer loop
      vertex 257.47224318643356 18.080000000000002 0
      vertex 270.52775681356644 18.080000000000002 0
      vertex 270.42940479473083 17.880561835020654 0
    endloop
  endfacet
  facet normal 0 0 -1
    outer loop
      vertex 257.3487006784951 18.264894429314825 0
      vertex 270.6512993215049 18.264894429314825 0
      vertex 270.52775681356644 18.080000000000002 0
    endloop
  endfacet
  facet normal 0 0 -1
    outer loop
      vertex 257.2020815280171 18.432081528017132 0
      vertex 270.7979184719829 18.432081528017132 0
      vertex 270.6512993215049 18.264894429314825 0
    endloop
  endfacet
  facet normal 0 0 -1
    outer loop
      vertex 252 19.729999996721745 0
      vertex 271.5600076233257 18.872073904691415 0
      vertex 271.34943816497935 18.80059520526919 0
    endloop
  endfacet
  facet normal 0 0 -1
    outer loop
      vertex 252 19.729999996721745 0
      vertex 271.77810547322593 18.91545626433548 0
      vertex 271.5600076233257 18.872073904691415 0
    endloop
  endfacet
  facet normal 0 0 -1
    outer loop
      vertex 252 19.729999996721745 0
      vertex 272 18.93 0
      vertex 271.77810547322593 18.91545626433548 0
    endloop
  endfacet
  facet normal 0 0 -1
    outer loop
      vertex 257.0348944293148 18.5787006784951 0
      vertex 270.9651055706852 18.5787006784951 0
      vertex 270.7979184719829 18.432081528017132 0
    endloop
  endfacet
  facet normal 0 0 -1
    outer loop
      vertex 256.85 18.702243186433545 0
      vertex 271.15 18.702243186433545 0
      vertex 270.9651055706852 18.5787006784951 0
    endloop
  endfacet
  facet normal 0 0 -1
    outer loop
      vertex 256.65056183502065 18.80059520526919 0
      vertex 271.34943816497935 18.80059520526919 0
      vertex 271.15 18.702243186433545 0
    endloop
  endfacet
  facet normal 0 0 -1
    outer loop
      vertex 252 19.729999996721745 0
      vertex 275.9488887414336 20.118228562176228 0
      vertex 272 18.93 0
    endloop
  endfacet
  facet normal 0 0 -1
    outer loop
      vertex 252.9259748533368 21.115819297730923 0
      vertex 274.5 21.229999996721745 0
      vertex 274.69578928500414 21.217167288064957 0
    endloop
  endfacet
  facet normal 0 0 -1
    outer loop
      vertex 252.20096189528704 20.479999996721745 0
      vertex 275.41314214468 20.920030005276203 0
      vertex 275.56066016852856 20.7906601652503 0
    endloop
  endfacet
  facet normal 0 0 -1
    outer loop
      vertex 252.30996999144554 20.643142141401768 0
      vertex 275.25 21.029038101434708 0
      vertex 275.41314214468 20.920030005276203 0
    endloop
  endfacet
  facet normal 0 0 -1
    outer loop
      vertex 252.75 21.029038101434708 0
      vertex 274.69578928500414 21.217167288064957 0
      vertex 274.8882285654545 21.178888738155365 0
    endloop
  endfacet
  facet normal 0 0 -1
    outer loop
      vertex 252.58685785531998 20.920030005276203 0
      vertex 274.8882285654545 21.178888738155365 0
      vertex 275.0740251466632 21.115819297730923 0
    endloop
  endfacet
  facet normal 0 0 -1
    outer loop
      vertex 252.43933983147144 20.7906601652503 0
      vertex 275.0740251466632 21.115819297730923 0
      vertex 275.25 21.029038101434708 0
    endloop
  endfacet
  facet normal 0 0 -1
    outer loop
      vertex 252 19.729999996721745 0
      vertex 275.8858193010092 20.304025143384933 0
      vertex 275.9488887414336 20.118228562176228 0
    endloop
  endfacet
  facet normal 0 0 -1
    outer loop
      vertex 252.0128327086568 19.925789281725883 0
      vertex 275.79903810471296 20.479999996721745 0
      vertex 275.8858193010092 20.304025143384933 0
    endloop
  endfacet
  facet normal 0 0 -1
    outer loop
      vertex 252.05111125856638 20.118228562176228 0
      vertex 275.69003000855446 20.643142141401768 0
      vertex 275.79903810471296 20.479999996721745 0
    endloop
  endfacet
  facet normal 0 0 -1
    outer loop
      vertex 252.11418069899082 20.304025143384933 0
      vertex 275.56066016852856 20.7906601652503 0
      vertex 275.69003000855446 20.643142141401768 0
    endloop
  endfacet
  facet normal 0 1 0
    outer loop
      vertex 253.5 21.229999996721745 0
      vertex 274.5 21.229999996721745 3.1999999999999993
      vertex 274.5 21.229999996721745 0
    endloop
  endfacet
  facet normal 0 0 -1
    outer loop
      vertex 270.85 6.93 0
      vertex 270.85 13.930000000000001 0
      vertex 272.65056183502065 15.659404794730813 0
    endloop
  endfacet
  facet normal 0 0 -1
    outer loop
      vertex 269.05 13.930000000000001 0
      vertex 271.34943816497935 15.659404794730813 0
      vertex 270.85 13.930000000000001 0
    endloop
  endfacet
  facet normal 0 0 -1
    outer loop
      vertex 269.05 13.930000000000001 0
      vertex 271.15 15.757756813566456 0
      vertex 271.34943816497935 15.659404794730813 0
    endloop
  endfacet
  facet normal 0 0 -1
    outer loop
      vertex 270.85 13.930000000000001 0
      vertex 271.34943816497935 15.659404794730813 0
      vertex 271.5600076233257 15.587926095308584 0
    endloop
  endfacet
  facet normal 0 0 -1
    outer loop
      vertex 270.85 13.930000000000001 0
      vertex 271.5600076233257 15.587926095308584 0
      vertex 271.77810547322593 15.544543735664522 0
    endloop
  endfacet
  facet normal 0 0 -1
    outer loop
      vertex 270.85 13.930000000000001 0
      vertex 271.77810547322593 15.544543735664522 0
      vertex 272 15.530000000000001 0
    endloop
  endfacet
  facet normal 0 0 -1
    outer loop
      vertex 270.85 13.930000000000001 0
      vertex 272 15.530000000000001 0
      vertex 272.22189452677407 15.544543735664522 0
    endloop
  endfacet
  facet normal 0 0 -1
    outer loop
      vertex 270.85 13.930000000000001 0
      vertex 272.22189452677407 15.544543735664522 0
      vertex 272.4399923766743 15.587926095308584 0
    endloop
  endfacet
  facet normal 0 0 -1
    outer loop
      vertex 270.85 13.930000000000001 0
      vertex 272.4399923766743 15.587926095308584 0
      vertex 272.65056183502065 15.659404794730813 0
    endloop
  endfacet
  facet normal 0 0 -1
    outer loop
      vertex 276 0 0
      vertex 272.65056183502065 15.659404794730813 0
      vertex 272.85 15.757756813566456 0
    endloop
  endfacet
  facet normal 0 0 -1
    outer loop
      vertex 276 0 0
      vertex 272.85 15.757756813566456 0
      vertex 273.0348944293148 15.881299321504901 0
    endloop
  endfacet
  facet normal 0 0 -1
    outer loop
      vertex 276 0 0
      vertex 273.0348944293148 15.881299321504901 0
      vertex 273.2020815280171 16.02791847198287 0
    endloop
  endfacet
  facet normal 0 0 -1
    outer loop
      vertex 276 0 0
      vertex 273.2020815280171 16.02791847198287 0
      vertex 273.3487006784951 16.195105570685175 0
    endloop
  endfacet
  facet normal 0 0 -1
    outer loop
      vertex 276 0 0
      vertex 273.3487006784951 16.195105570685175 0
      vertex 273.47224318643356 16.38 0
    endloop
  endfacet
  facet normal 0 0 -1
    outer loop
      vertex 276 0 0
      vertex 273.47224318643356 16.38 0
      vertex 273.57059520526917 16.579438164979347 0
    endloop
  endfacet
  facet normal 0 0 -1
    outer loop
      vertex 276 0 0
      vertex 273.57059520526917 16.579438164979347 0
      vertex 273.6420739046914 16.790007623325714 0
    endloop
  endfacet
  facet normal 0 0 -1
    outer loop
      vertex 276 0 0
      vertex 273.6420739046914 16.790007623325714 0
      vertex 273.68545626433547 17.008105473225914 0
    endloop
  endfacet
  facet normal 0 0 -1
    outer loop
      vertex 276 0 0
      vertex 273.68545626433547 17.008105473225914 0
      vertex 273.7 17.23 0
    endloop
  endfacet
  facet normal 0 0 -1
    outer loop
      vertex 276 0 0
      vertex 273.7 17.23 0
      vertex 276 19.729999996721745 0
    endloop
  endfacet
  facet normal 1 0 0
    outer loop
      vertex 276 0 3.1999999999999993
      vertex 276 19.729999996721745 0
      vertex 276 19.729999996721745 3.1999999999999993
    endloop
  endfacet
  facet normal 0 0 -1
    outer loop
      vertex 273.7 17.23 0
      vertex 273.68545626433547 17.451894526774087 0
      vertex 276 19.729999996721745 0
    endloop
  endfacet
  facet normal 0 0 -1
    outer loop
      vertex 273.68545626433547 17.451894526774087 0
      vertex 273.6420739046914 17.669992376674287 0
      vertex 276 19.729999996721745 0
    endloop
  endfacet
  facet normal 0 0 -1
    outer loop
      vertex 272 18.93 0
      vertex 275.9488887414336 20.118228562176228 0
      vertex 272.22189452677407 18.91545626433548 0
    endloop
  endfacet
  facet normal 0 0 -1
    outer loop
      vertex 272.22189452677407 18.91545626433548 0
      vertex 275.9488887414336 20.118228562176228 0
      vertex 272.4399923766743 18.872073904691415 0
    endloop
  endfacet
  facet normal 0 0 -1
    outer loop
      vertex 272.4399923766743 18.872073904691415 0
      vertex 275.9488887414336 20.118228562176228 0
      vertex 272.65056183502065 18.80059520526919 0
    endloop
  endfacet
  facet normal 0 0 -1
    outer loop
      vertex 273.0348944293148 18.5787006784951 0
      vertex 275.9488887414336 20.118228562176228 0
      vertex 273.2020815280171 18.432081528017132 0
    endloop
  endfacet
  facet normal 0 0 -1
    outer loop
      vertex 273.6420739046914 17.669992376674287 0
      vertex 273.57059520526917 17.880561835020654 0
      vertex 276 19.729999996721745 0
    endloop
  endfacet
  facet normal 0 0 -1
    outer loop
      vertex 273.57059520526917 17.880561835020654 0
      vertex 273.47224318643356 18.080000000000002 0
      vertex 276 19.729999996721745 0
    endloop
  endfacet
  facet normal 0 0 -1
    outer loop
      vertex 273.3487006784951 18.264894429314825 0
      vertex 275.9488887414336 20.118228562176228 0
      vertex 273.47224318643356 18.080000000000002 0
    endloop
  endfacet
  facet normal 0 0 -1
    outer loop
      vertex 273.3487006784951 18.264894429314825 0
      vertex 273.2020815280171 18.432081528017132 0
      vertex 275.9488887414336 20.118228562176228 0
    endloop
  endfacet
  facet normal 0 0 -1
    outer loop
      vertex 272.85 18.702243186433545 0
      vertex 272.65056183502065 18.80059520526919 0
      vertex 275.9488887414336 20.118228562176228 0
    endloop
  endfacet
  facet normal 0 0 -1
    outer loop
      vertex 272.85 18.702243186433545 0
      vertex 275.9488887414336 20.118228562176228 0
      vertex 273.0348944293148 18.5787006784951 0
    endloop
  endfacet
  facet normal 0 0 -1
    outer loop
      vertex 273.47224318643356 18.080000000000002 0
      vertex 275.9871672913432 19.925789281725883 0
      vertex 276 19.729999996721745 0
    endloop
  endfacet
  facet normal 0 0 -1
    outer loop
      vertex 273.47224318643356 18.080000000000002 0
      vertex 275.9488887414336 20.118228562176228 0
      vertex 275.9871672913432 19.925789281725883 0
    endloop
  endfacet
  facet normal 0.9978589229274388 0.06540313397759875 0
    outer loop
      vertex 276 19.729999996721745 0
      vertex 275.9871672913432 19.925789281725883 0
      vertex 276 19.729999996721745 3.1999999999999993
    endloop
  endfacet
  facet normal 0.06540313397759875 0.9978589229274388 0
    outer loop
      vertex 274.5 21.229999996721745 0
      vertex 274.69578928500414 21.217167288064957 3.1999999999999993
      vertex 274.69578928500414 21.217167288064957 0
    endloop
  endfacet
  facet normal 0.19509030759446713 0.9807852832718771 0
    outer loop
      vertex 274.69578928500414 21.217167288064957 0
      vertex 274.8882285654545 21.178888738155365 3.1999999999999993
      vertex 274.8882285654545 21.178888738155365 0
    endloop
  endfacet
  facet normal 0.3214394637077385 0.9469301300366789 0
    outer loop
      vertex 274.8882285654545 21.178888738155365 0
      vertex 275.0740251466632 21.115819297730923 3.1999999999999993
      vertex 275.0740251466632 21.115819297730923 0
    endloop
  endfacet
  facet normal 0.44228869955231076 0.8968727369300092 0
    outer loop
      vertex 275.0740251466632 21.115819297730923 0
      vertex 275.25 21.029038101434708 3.1999999999999993
      vertex 275.25 21.029038101434708 0
    endloop
  endfacet
  facet normal 0.9807852832718771 0.19509030759446713 0
    outer loop
      vertex 275.9871672913432 19.925789281725883 0
      vertex 275.9488887414336 20.118228562176228 0
      vertex 275.9871672913432 19.925789281725883 3.1999999999999993
    endloop
  endfacet
  facet normal 0.9469301300366789 0.3214394637077385 0
    outer loop
      vertex 275.9488887414336 20.118228562176228 0
      vertex 275.8858193010092 20.304025143384933 0
      vertex 275.9488887414336 20.118228562176228 3.1999999999999993
    endloop
  endfacet
  facet normal 0.8968727369300092 0.44228869955231076 0
    outer loop
      vertex 275.79903810471296 20.479999996721745 0
      vertex 275.8858193010092 20.304025143384933 3.1999999999999993
      vertex 275.8858193010092 20.304025143384933 0
    endloop
  endfacet
  facet normal 0.6593458302062577 0.7518397942312052 0
    outer loop
      vertex 275.56066016852856 20.7906601652503 0
      vertex 275.41314214468 20.920030005276203 0
      vertex 275.56066016852856 20.7906601652503 3.1999999999999993
    endloop
  endfacet
  facet normal 0.5555702335092735 0.8314696119753573 0
    outer loop
      vertex 275.25 21.029038101434708 0
      vertex 275.41314214468 20.920030005276203 3.1999999999999993
      vertex 275.41314214468 20.920030005276203 0
    endloop
  endfacet
  facet normal 0.7518397942312052 0.6593458302062577 0
    outer loop
      vertex 275.56066016852856 20.7906601652503 0
      vertex 275.69003000855446 20.643142141401768 3.1999999999999993
      vertex 275.69003000855446 20.643142141401768 0
    endloop
  endfacet
  facet normal 0.8314696119753573 0.5555702335092735 0
    outer loop
      vertex 275.79903810471296 20.479999996721745 0
      vertex 275.69003000855446 20.643142141401768 0
      vertex 275.79903810471296 20.479999996721745 3.1999999999999993
    endloop
  endfacet
  facet normal 0.06540313397759875 0.9978589229274388 0
    outer loop
      vertex 274.5 21.229999996721745 0
      vertex 274.5 21.229999996721745 3.1999999999999993
      vertex 274.69578928500414 21.217167288064957 3.1999999999999993
    endloop
  endfacet
  facet normal 0.19509030759446713 0.9807852832718771 0
    outer loop
      vertex 274.69578928500414 21.217167288064957 0
      vertex 274.69578928500414 21.217167288064957 3.1999999999999993
      vertex 274.8882285654545 21.178888738155365 3.1999999999999993
    endloop
  endfacet
  facet normal 0.3214394637077385 0.9469301300366789 0
    outer loop
      vertex 274.8882285654545 21.178888738155365 0
      vertex 274.8882285654545 21.178888738155365 3.1999999999999993
      vertex 275.0740251466632 21.115819297730923 3.1999999999999993
    endloop
  endfacet
  facet normal 0.44228869955231076 0.8968727369300092 0
    outer loop
      vertex 275.0740251466632 21.115819297730923 0
      vertex 275.0740251466632 21.115819297730923 3.1999999999999993
      vertex 275.25 21.029038101434708 3.1999999999999993
    endloop
  endfacet
  facet normal 0.9978589229274388 0.06540313397759875 0
    outer loop
      vertex 275.9871672913432 19.925789281725883 0
      vertex 275.9871672913432 19.925789281725883 3.1999999999999993
      vertex 276 19.729999996721745 3.1999999999999993
    endloop
  endfacet
  facet normal 0.9807852832718771 0.19509030759446713 0
    outer loop
      vertex 275.9488887414336 20.118228562176228 0
      vertex 275.9488887414336 20.118228562176228 3.1999999999999993
      vertex 275.9871672913432 19.925789281725883 3.1999999999999993
    endloop
  endfacet
  facet normal 0.9469301300366789 0.3214394637077385 0
    outer loop
      vertex 275.8858193010092 20.304025143384933 0
      vertex 275.8858193010092 20.304025143384933 3.1999999999999993
      vertex 275.9488887414336 20.118228562176228 3.1999999999999993
    endloop
  endfacet
  facet normal 0.8968727369300092 0.44228869955231076 0
    outer loop
      vertex 275.79903810471296 20.479999996721745 0
      vertex 275.79903810471296 20.479999996721745 3.1999999999999993
      vertex 275.8858193010092 20.304025143384933 3.1999999999999993
    endloop
  endfacet
  facet normal 0.7518397942312052 0.6593458302062577 0
    outer loop
      vertex 275.56066016852856 20.7906601652503 0
      vertex 275.56066016852856 20.7906601652503 3.1999999999999993
      vertex 275.69003000855446 20.643142141401768 3.1999999999999993
    endloop
  endfacet
  facet normal 0.5555702335092735 0.8314696119753573 0
    outer loop
      vertex 275.25 21.029038101434708 0
      vertex 275.25 21.029038101434708 3.1999999999999993
      vertex 275.41314214468 20.920030005276203 3.1999999999999993
    endloop
  endfacet
  facet normal 0.6593458302062577 0.7518397942312052 0
    outer loop
      vertex 275.41314214468 20.920030005276203 0
      vertex 275.41314214468 20.920030005276203 3.1999999999999993
      vertex 275.56066016852856 20.7906601652503 3.1999999999999993
    endloop
  endfacet
  facet normal 0.8314696119753573 0.5555702335092735 0
    outer loop
      vertex 275.69003000855446 20.643142141401768 0
      vertex 275.69003000855446 20.643142141401768 3.1999999999999993
      vertex 275.79903810471296 20.479999996721745 3.1999999999999993
    endloop
  endfacet
  facet normal 0 0 1
    outer loop
      vertex 269.05 6.93 3.1999999999999993
      vertex 269.05 13.930000000000001 3.1999999999999993
      vertex 268.8 13 3.1999999999999993
    endloop
  endfacet
  facet normal 0 0 1
    outer loop
      vertex 268.8 13 3.1999999999999993
      vertex 269.05 13.930000000000001 3.1999999999999993
      vertex 268.8 16 3.1999999999999993
    endloop
  endfacet
  facet normal 0 0 1
    outer loop
      vertex 269.05 13.930000000000001 3.1999999999999993
      vertex 269.8079689783217 15.037968978321704 3.1999999999999993
      vertex 268.8 16 3.1999999999999993
    endloop
  endfacet
  facet normal 0 0 1
    outer loop
      vertex 269.05 13.930000000000001 3.1999999999999993
      vertex 270.85 13.930000000000001 3.1999999999999993
      vertex 269.8079689783217 15.037968978321704 3.1999999999999993
    endloop
  endfacet
  facet normal 0 0 1
    outer loop
      vertex 269.5406046450972 15.342839570072966 3.1999999999999993
      vertex 268.8 16 3.1999999999999993
      vertex 269.8079689783217 15.037968978321704 3.1999999999999993
    endloop
  endfacet
  facet normal 0 0 1
    outer loop
      vertex 260 16.85 3.1999999999999993
      vertex 268 16.85 3.1999999999999993
      vertex 268.9265209297412 17.63463119588216 3.1999999999999993
    endloop
  endfacet
  facet normal 0 0 1
    outer loop
      vertex 260 16.85 3.1999999999999993
      vertex 268.9265209297412 17.63463119588216 3.1999999999999993
      vertex 269.0056299385039 18.032339039817813 3.1999999999999993
    endloop
  endfacet
  facet normal 0 0 1
    outer loop
      vertex 260 16.85 3.1999999999999993
      vertex 269.0056299385039 18.032339039817813 3.1999999999999993
      vertex 269.135973449215 18.416318640331777 3.1999999999999993
    endloop
  endfacet
  facet normal 0 0 1
    outer loop
      vertex 260 16.85 3.1999999999999993
      vertex 269.135973449215 18.416318640331777 3.1999999999999993
      vertex 269.3153212482682 18.78 3.1999999999999993
    endloop
  endfacet
  facet normal 0 0 1
    outer loop
      vertex 259.0734790702588 17.63463119588216 3.1999999999999993
      vertex 269.3153212482682 18.78 3.1999999999999993
      vertex 269.5406046450972 19.117160429927033 3.1999999999999993
    endloop
  endfacet
  facet normal 0 0 1
    outer loop
      vertex 259.0734790702588 17.63463119588216 3.1999999999999993
      vertex 269.5406046450972 19.117160429927033 3.1999999999999993
      vertex 269.8079689783217 19.422031021678297 3.1999999999999993
    endloop
  endfacet
  facet normal 0 0 1
    outer loop
      vertex 258.9943700614961 18.032339039817813 3.1999999999999993
      vertex 269.8079689783217 19.422031021678297 3.1999999999999993
      vertex 270.112839570073 19.689395354902828 3.1999999999999993
    endloop
  endfacet
  facet normal 0 0 1
    outer loop
      vertex 258.4593953549028 19.117160429927033 3.1999999999999993
      vertex 270.112839570073 19.689395354902828 3.1999999999999993
      vertex 270.45 19.91467875173176 3.1999999999999993
    endloop
  endfacet
  facet normal 0 0 1
    outer loop
      vertex 258.1920310216783 19.422031021678297 3.1999999999999993
      vertex 270.45 19.91467875173176 3.1999999999999993
      vertex 270.81368135966824 20.09402655078499 3.1999999999999993
    endloop
  endfacet
  facet normal 0 0 1
    outer loop
      vertex 257.887160429927 19.689395354902828 3.1999999999999993
      vertex 270.81368135966824 20.09402655078499 3.1999999999999993
      vertex 271.1976609601822 20.224370061496113 3.1999999999999993
    endloop
  endfacet
  facet normal 0 0 1
    outer loop
      vertex 257.55 19.91467875173176 3.1999999999999993
      vertex 271.1976609601822 20.224370061496113 3.1999999999999993
      vertex 271.59536880411787 20.303479070258813 3.1999999999999993
    endloop
  endfacet
  facet normal 0 0 1
    outer loop
      vertex 268 16 3.1999999999999993
      vertex 268.8 16 3.1999999999999993
      vertex 268 16.85 3.1999999999999993
    endloop
  endfacet
  facet normal 0 0 1
    outer loop
      vertex 269.5406046450972 15.342839570072966 3.1999999999999993
      vertex 269.3153212482682 15.68 3.1999999999999993
      vertex 268.8 16 3.1999999999999993
    endloop
  endfacet
  facet normal 0 0 1
    outer loop
      vertex 268.8 16 3.1999999999999993
      vertex 269.135973449215 16.043681359668224 3.1999999999999993
      vertex 269.0056299385039 16.427660960182187 3.1999999999999993
    endloop
  endfacet
  facet normal 0 0 1
    outer loop
      vertex 268.8 16 3.1999999999999993
      vertex 269.3153212482682 15.68 3.1999999999999993
      vertex 269.135973449215 16.043681359668224 3.1999999999999993
    endloop
  endfacet
  facet normal 0 0 1
    outer loop
      vertex 268 16.85 3.1999999999999993
      vertex 268.8 16 3.1999999999999993
      vertex 269.0056299385039 16.427660960182187 3.1999999999999993
    endloop
  endfacet
  facet normal 0 0 1
    outer loop
      vertex 268 16.85 3.1999999999999993
      vertex 269.0056299385039 16.427660960182187 3.1999999999999993
      vertex 268.9265209297412 16.82536880411784 3.1999999999999993
    endloop
  endfacet
  facet normal 0 0 1
    outer loop
      vertex 268 16.85 3.1999999999999993
      vertex 268.9265209297412 16.82536880411784 3.1999999999999993
      vertex 268.9 17.23 3.1999999999999993
    endloop
  endfacet
  facet normal 0 0 1
    outer loop
      vertex 268 16.85 3.1999999999999993
      vertex 268.9 17.23 3.1999999999999993
      vertex 268.9265209297412 17.63463119588216 3.1999999999999993
    endloop
  endfacet
  facet normal 0 0 1
    outer loop
      vertex 257.55 19.91467875173176 3.1999999999999993
      vertex 271.59536880411787 20.303479070258813 3.1999999999999993
      vertex 272 20.330000000000002 3.1999999999999993
    endloop
  endfacet
  facet normal 0 0 1
    outer loop
      vertex 252.9259748533368 21.115819297730923 3.1999999999999993
      vertex 274.69578928500414 21.217167288064957 3.1999999999999993
      vertex 274.5 21.229999996721745 3.1999999999999993
    endloop
  endfacet
  facet normal 0 0 1
    outer loop
      vertex 252.20096189528704 20.479999996721745 3.1999999999999993
      vertex 275.56066016852856 20.7906601652503 3.1999999999999993
      vertex 275.41314214468 20.920030005276203 3.1999999999999993
    endloop
  endfacet
  facet normal 0 0 1
    outer loop
      vertex 252.30996999144554 20.643142141401768 3.1999999999999993
      vertex 275.41314214468 20.920030005276203 3.1999999999999993
      vertex 275.25 21.029038101434708 3.1999999999999993
    endloop
  endfacet
  facet normal 0 0 1
    outer loop
      vertex 252.75 21.029038101434708 3.1999999999999993
      vertex 274.8882285654545 21.178888738155365 3.1999999999999993
      vertex 274.69578928500414 21.217167288064957 3.1999999999999993
    endloop
  endfacet
  facet normal 0 0 1
    outer loop
      vertex 252.58685785531998 20.920030005276203 3.1999999999999993
      vertex 275.0740251466632 21.115819297730923 3.1999999999999993
      vertex 274.8882285654545 21.178888738155365 3.1999999999999993
    endloop
  endfacet
  facet normal 0 0 1
    outer loop
      vertex 252.43933983147144 20.7906601652503 3.1999999999999993
      vertex 275.25 21.029038101434708 3.1999999999999993
      vertex 275.0740251466632 21.115819297730923 3.1999999999999993
    endloop
  endfacet
  facet normal 0 0 1
    outer loop
      vertex 257.55 19.91467875173176 3.1999999999999993
      vertex 272 20.330000000000002 3.1999999999999993
      vertex 275.79903810471296 20.479999996721745 3.1999999999999993
    endloop
  endfacet
  facet normal 0 0 1
    outer loop
      vertex 252.11418069899082 20.304025143384933 3.1999999999999993
      vertex 275.69003000855446 20.643142141401768 3.1999999999999993
      vertex 275.56066016852856 20.7906601652503 3.1999999999999993
    endloop
  endfacet
  facet normal 0 0 1
    outer loop
      vertex 257.18631864033176 20.09402655078499 3.1999999999999993
      vertex 275.79903810471296 20.479999996721745 3.1999999999999993
      vertex 275.69003000855446 20.643142141401768 3.1999999999999993
    endloop
  endfacet
  facet normal 0 0 1
    outer loop
      vertex 270.85 6.93 3.1999999999999993
      vertex 271.1976609601822 14.23562993850389 3.1999999999999993
      vertex 270.85 13.930000000000001 3.1999999999999993
    endloop
  endfacet
  facet normal 0 0 1
    outer loop
      vertex 270.85 6.93 3.1999999999999993
      vertex 271.59536880411787 14.156520929741188 3.1999999999999993
      vertex 271.1976609601822 14.23562993850389 3.1999999999999993
    endloop
  endfacet
  facet normal 0 0 1
    outer loop
      vertex 270.85 6.93 3.1999999999999993
      vertex 272 14.13 3.1999999999999993
      vertex 271.59536880411787 14.156520929741188 3.1999999999999993
    endloop
  endfacet
  facet normal 0 0 1
    outer loop
      vertex 270.85 6.93 3.1999999999999993
      vertex 272.40463119588213 14.156520929741188 3.1999999999999993
      vertex 272 14.13 3.1999999999999993
    endloop
  endfacet
  facet normal 0 0 1
    outer loop
      vertex 270.85 6.93 3.1999999999999993
      vertex 272.8023390398178 14.23562993850389 3.1999999999999993
      vertex 272.40463119588213 14.156520929741188 3.1999999999999993
    endloop
  endfacet
  facet normal 0 0 1
    outer loop
      vertex 270.85 6.93 3.1999999999999993
      vertex 273.18631864033176 14.365973449215012 3.1999999999999993
      vertex 272.8023390398178 14.23562993850389 3.1999999999999993
    endloop
  endfacet
  facet normal 0 0 1
    outer loop
      vertex 270.85 6.93 3.1999999999999993
      vertex 273.55 14.545321248268241 3.1999999999999993
      vertex 273.18631864033176 14.365973449215012 3.1999999999999993
    endloop
  endfacet
  facet normal 0 0 1
    outer loop
      vertex 269.8079689783217 15.037968978321704 3.1999999999999993
      vertex 270.85 13.930000000000001 3.1999999999999993
      vertex 270.112839570073 14.77060464509717 3.1999999999999993
    endloop
  endfacet
  facet normal 0 0 1
    outer loop
      vertex 270.85 13.930000000000001 3.1999999999999993
      vertex 270.45 14.545321248268241 3.1999999999999993
      vertex 270.112839570073 14.77060464509717 3.1999999999999993
    endloop
  endfacet
  facet normal 0 0 1
    outer loop
      vertex 270.85 13.930000000000001 3.1999999999999993
      vertex 270.81368135966824 14.365973449215012 3.1999999999999993
      vertex 270.45 14.545321248268241 3.1999999999999993
    endloop
  endfacet
  facet normal 0 0 1
    outer loop
      vertex 270.85 13.930000000000001 3.1999999999999993
      vertex 271.1976609601822 14.23562993850389 3.1999999999999993
      vertex 270.81368135966824 14.365973449215012 3.1999999999999993
    endloop
  endfacet
  facet normal 0 0 1
    outer loop
      vertex 273.887160429927 3.689395354902829 3.1999999999999993
      vertex 273.887160429927 14.77060464509717 3.1999999999999993
      vertex 273.55 14.545321248268241 3.1999999999999993
    endloop
  endfacet
  facet normal 0 0 1
    outer loop
      vertex 274.1920310216783 3.4220310216782974 3.1999999999999993
      vertex 274.1920310216783 15.037968978321704 3.1999999999999993
      vertex 273.887160429927 14.77060464509717 3.1999999999999993
    endloop
  endfacet
  facet normal 0 0 1
    outer loop
      vertex 274.4593953549028 3.117160429927034 3.1999999999999993
      vertex 274.4593953549028 15.342839570072966 3.1999999999999993
      vertex 274.1920310216783 15.037968978321704 3.1999999999999993
    endloop
  endfacet
  facet normal 0 0 1
    outer loop
      vertex 274.4593953549028 3.117160429927034 3.1999999999999993
      vertex 274.6846787517318 15.68 3.1999999999999993
      vertex 274.4593953549028 15.342839570072966 3.1999999999999993
    endloop
  endfacet
  facet normal 0 0 1
    outer loop
      vertex 274.4593953549028 3.117160429927034 3.1999999999999993
      vertex 274.864026550785 16.043681359668224 3.1999999999999993
      vertex 274.6846787517318 15.68 3.1999999999999993
    endloop
  endfacet
  facet normal 0 0 1
    outer loop
      vertex 274.4593953549028 3.117160429927034 3.1999999999999993
      vertex 274.9943700614961 16.427660960182187 3.1999999999999993
      vertex 274.864026550785 16.043681359668224 3.1999999999999993
    endloop
  endfacet
  facet normal 0 0 1
    outer loop
      vertex 274.4593953549028 3.117160429927034 3.1999999999999993
      vertex 275.0734790702588 16.82536880411784 3.1999999999999993
      vertex 274.9943700614961 16.427660960182187 3.1999999999999993
    endloop
  endfacet
  facet normal 0 0 1
    outer loop
      vertex 274.4593953549028 3.117160429927034 3.1999999999999993
      vertex 275.1 17.23 3.1999999999999993
      vertex 275.0734790702588 16.82536880411784 3.1999999999999993
    endloop
  endfacet
  facet normal 0 0 1
    outer loop
      vertex 274.4593953549028 3.117160429927034 3.1999999999999993
      vertex 276 19.729999996721745 3.1999999999999993
      vertex 275.1 17.23 3.1999999999999993
    endloop
  endfacet
  facet normal 0 0 1
    outer loop
      vertex 275.1 17.23 3.1999999999999993
      vertex 276 19.729999996721745 3.1999999999999993
      vertex 275.0734790702588 17.63463119588216 3.1999999999999993
    endloop
  endfacet
  facet normal 0 0 1
    outer loop
      vertex 272 20.330000000000002 3.1999999999999993
      vertex 272.40463119588213 20.303479070258813 3.1999999999999993
      vertex 275.79903810471296 20.479999996721745 3.1999999999999993
    endloop
  endfacet
  facet normal 0 0 1
    outer loop
      vertex 272.40463119588213 20.303479070258813 3.1999999999999993
      vertex 272.8023390398178 20.224370061496113 3.1999999999999993
      vertex 275.79903810471296 20.479999996721745 3.1999999999999993
    endloop
  endfacet
  facet normal 0 0 1
    outer loop
      vertex 272.8023390398178 20.224370061496113 3.1999999999999993
      vertex 273.18631864033176 20.09402655078499 3.1999999999999993
      vertex 275.8858193010092 20.304025143384933 3.1999999999999993
    endloop
  endfacet
  facet normal 0 0 1
    outer loop
      vertex 273.18631864033176 20.09402655078499 3.1999999999999993
      vertex 273.55 19.91467875173176 3.1999999999999993
      vertex 275.8858193010092 20.304025143384933 3.1999999999999993
    endloop
  endfacet
  facet normal 0 0 1
    outer loop
      vertex 273.887160429927 19.689395354902828 3.1999999999999993
      vertex 275.9488887414336 20.118228562176228 3.1999999999999993
      vertex 273.55 19.91467875173176 3.1999999999999993
    endloop
  endfacet
  facet normal 0 0 1
    outer loop
      vertex 274.864026550785 18.416318640331777 3.1999999999999993
      vertex 276 19.729999996721745 3.1999999999999993
      vertex 274.6846787517318 18.78 3.1999999999999993
    endloop
  endfacet
  facet normal 0 0 1
    outer loop
      vertex 273.887160429927 19.689395354902828 3.1999999999999993
      vertex 274.1920310216783 19.422031021678297 3.1999999999999993
      vertex 275.9488887414336 20.118228562176228 3.1999999999999993
    endloop
  endfacet
  facet normal 0 0 1
    outer loop
      vertex 274.1920310216783 19.422031021678297 3.1999999999999993
      vertex 274.4593953549028 19.117160429927033 3.1999999999999993
      vertex 275.9488887414336 20.118228562176228 3.1999999999999993
    endloop
  endfacet
  facet normal 0 0 1
    outer loop
      vertex 274.4593953549028 19.117160429927033 3.1999999999999993
      vertex 274.6846787517318 18.78 3.1999999999999993
      vertex 275.9488887414336 20.118228562176228 3.1999999999999993
    endloop
  endfacet
  facet normal 0 0 1
    outer loop
      vertex 275.0734790702588 17.63463119588216 3.1999999999999993
      vertex 276 19.729999996721745 3.1999999999999993
      vertex 274.9943700614961 18.032339039817813 3.1999999999999993
    endloop
  endfacet
  facet normal 0 0 1
    outer loop
      vertex 274.9943700614961 18.032339039817813 3.1999999999999993
      vertex 276 19.729999996721745 3.1999999999999993
      vertex 274.864026550785 18.416318640331777 3.1999999999999993
    endloop
  endfacet
  facet normal 0 0 1
    outer loop
      vertex 274.6846787517318 18.78 3.1999999999999993
      vertex 276 19.729999996721745 3.1999999999999993
      vertex 275.9871672913432 19.925789281725883 3.1999999999999993
    endloop
  endfacet
  facet normal 0 0 1
    outer loop
      vertex 274.6846787517318 18.78 3.1999999999999993
      vertex 275.9871672913432 19.925789281725883 3.1999999999999993
      vertex 275.9488887414336 20.118228562176228 3.1999999999999993
    endloop
  endfacet
  facet normal 0 0 1
    outer loop
      vertex 272.8023390398178 20.224370061496113 3.1999999999999993
      vertex 275.8858193010092 20.304025143384933 3.1999999999999993
      vertex 275.79903810471296 20.479999996721745 3.1999999999999993
    endloop
  endfacet
  facet normal 0 0 1
    outer loop
      vertex 273.55 19.91467875173176 3.1999999999999993
      vertex 275.9488887414336 20.118228562176228 3.1999999999999993
      vertex 275.8858193010092 20.304025143384933 3.1999999999999993
    endloop
  endfacet
  facet normal 0 -1 0
    outer loop
      vertex 258.7 -1.5 3.1999999999999993
      vertex 259.5 -1.5 4.59
      vertex 258.7 -1.5 4.59
    endloop
  endfacet
  facet normal 0 -1 0
    outer loop
      vertex 258.7 -1.5 3.1999999999999993
      vertex 258.749375 -1.5 3.1899999999999995
      vertex 269.3 -1.5 4.59
    endloop
  endfacet
  facet normal 0 1 0
    outer loop
      vertex 258.7 -0.8499999999999993 3.1999999999999993
      vertex 258.7 -0.8499999999999993 4.59
      vertex 269.3 -0.8499999999999993 3.1999999999999993
    endloop
  endfacet
  facet normal 0 -1 0
    outer loop
      vertex 258.7 -1.5 3.1999999999999993
      vertex 268.5 -1.5 4.59
      vertex 259.5 -1.5 4.59
    endloop
  endfacet
  facet normal 0 1 0
    outer loop
      vertex 258.7 -0.8499999999999993 4.59
      vertex 259.5 -0.8499999999999993 4.59
      vertex 269.3 -0.8499999999999993 3.1999999999999993
    endloop
  endfacet
  facet normal 0 0 1
    outer loop
      vertex 259.5 -1.5 4.59
      vertex 268.5 -1.5 4.59
      vertex 259.5 -0.8499999999999993 4.59
    endloop
  endfacet
  facet normal 0 -1 0
    outer loop
      vertex 258.749375 -1.5 3.1899999999999995
      vertex 269.3 -1.5 3.1899999999999995
      vertex 269.3 -1.5 3.1999999999999993
    endloop
  endfacet
  facet normal 0 -1 0
    outer loop
      vertex 258.749375 -1.5 3.1899999999999995
      vertex 269.3 -1.5 3.1999999999999993
      vertex 269.3 -1.5 4.59
    endloop
  endfacet
  facet normal 0 -1 0
    outer loop
      vertex 258.7 -1.5 3.1999999999999993
      vertex 269.3 -1.5 4.59
      vertex 268.5 -1.5 4.59
    endloop
  endfacet
  facet normal 0 1 0
    outer loop
      vertex 259.5 -0.8499999999999993 4.59
      vertex 268.5 -0.8499999999999993 4.59
      vertex 269.3 -0.8499999999999993 3.1999999999999993
    endloop
  endfacet
  facet normal 0 1 0
    outer loop
      vertex 269.3 -0.8499999999999993 3.1999999999999993
      vertex 268.5 -0.8499999999999993 4.59
      vertex 269.3 -0.8499999999999993 4.59
    endloop
  endfacet
  facet normal 0 0 1
    outer loop
      vertex 259.5 -0.8499999999999993 4.59
      vertex 268.5 -1.5 4.59
      vertex 268.5 -0.8499999999999993 4.59
    endloop
  endfacet
  facet normal -1 0 0
    outer loop
      vertex 260 16 3.1999999999999993
      vertex 260 16 3.6999999999999993
      vertex 260 16.85 3.1999999999999993
    endloop
  endfacet
  facet normal -1 0 0
    outer loop
      vertex 260 16.85 3.1999999999999993
      vertex 260 16 3.6999999999999993
      vertex 260 15.65 4.789999999999999
    endloop
  endfacet
  facet normal -1 0 0
    outer loop
      vertex 260 15.65 3.6999999999999993
      vertex 260 15.65 4.789999999999999
      vertex 260 16 3.6999999999999993
    endloop
  endfacet
  facet normal -1 0 0
    outer loop
      vertex 260 16.85 3.1999999999999993
      vertex 260 15.65 4.789999999999999
      vertex 260 16.85 4.789999999999999
    endloop
  endfacet
  facet normal 0 1 0
    outer loop
      vertex 260 16.85 3.1999999999999993
      vertex 260 16.85 4.789999999999999
      vertex 268 16.85 3.1999999999999993
    endloop
  endfacet
  facet normal 0 -1 0
    outer loop
      vertex 260 15.65 3.6999999999999993
      vertex 268 15.65 3.6999999999999993
      vertex 260 15.65 4.789999999999999
    endloop
  endfacet
  facet normal 0 0 1
    outer loop
      vertex 260 15.65 4.789999999999999
      vertex 268 15.65 4.789999999999999
      vertex 260 16.85 4.789999999999999
    endloop
  endfacet
  facet normal 0 -1 0
    outer loop
      vertex 260 15.65 4.789999999999999
      vertex 268 15.65 3.6999999999999993
      vertex 268 15.65 4.789999999999999
    endloop
  endfacet
  facet normal 0 1 0
    outer loop
      vertex 260 16.85 4.789999999999999
      vertex 268 16.85 4.789999999999999
      vertex 268 16.85 3.1999999999999993
    endloop
  endfacet
  facet normal 1 0 0
    outer loop
      vertex 268 16 3.1999999999999993
      vertex 268 16.85 3.1999999999999993
      vertex 268 16.85 4.789999999999999
    endloop
  endfacet
  facet normal 1 0 0
    outer loop
      vertex 268 15.65 3.6999999999999993
      vertex 268 16 3.6999999999999993
      vertex 268 15.65 4.789999999999999
    endloop
  endfacet
  facet normal 1 0 0
    outer loop
      vertex 268 16 3.1999999999999993
      vertex 268 16.85 4.789999999999999
      vertex 268 16 3.6999999999999993
    endloop
  endfacet
  facet normal 1 0 0
    outer loop
      vertex 268 16 3.6999999999999993
      vertex 268 16.85 4.789999999999999
      vertex 268 15.65 4.789999999999999
    endloop
  endfacet
  facet normal 0 0 1
    outer loop
      vertex 260 16.85 4.789999999999999
      vertex 268 15.65 4.789999999999999
      vertex 268 16.85 4.789999999999999
    endloop
  endfacet
  facet normal 0.8314696123025312 0.5555702330196234 0
    outer loop
      vertex 254.52775681356644 0.38 0
      vertex 254.52775681356644 0.38 0.9999999999999991
      vertex 254.6512993215049 0.19510557068517498 0
    endloop
  endfacet
  facet normal 0.89687274153269 0.44228869021899775 0
    outer loop
      vertex 254.4294047947308 0.5794381649793474 0
      vertex 254.4294047947308 0.5794381649793474 0.9999999999999991
      vertex 254.52775681356644 0.38 0
    endloop
  endfacet
  facet normal 0.7518398074789341 0.6593458151001182 0
    outer loop
      vertex 254.79791847198288 0.02791847198286912 0
      vertex 254.6512993215049 0.19510557068517498 0
      vertex 254.6512993215049 0.19510557068517498 0.9999999999999991
    endloop
  endfacet
  facet normal 0.6593458151000814 0.7518398074789664 0
    outer loop
      vertex 254.96510557068518 -0.11870067849509969 0
      vertex 254.79791847198288 0.02791847198286912 0
      vertex 254.79791847198288 0.02791847198286912 0.9999999999999991
    endloop
  endfacet
  facet normal 0.946930129495124 0.32143946530310746 0
    outer loop
      vertex 254.4294047947308 0.5794381649793474 0
      vertex 254.35792609530858 0.7900076233257147 0
      vertex 254.35792609530858 0.7900076233257147 0.9999999999999991
    endloop
  endfacet
  facet normal 0.9807852804032352 0.19509032201610454 0
    outer loop
      vertex 254.35792609530858 0.7900076233257147 0
      vertex 254.31454373566453 1.0081054732259123 0
      vertex 254.31454373566453 1.0081054732259123 0.9999999999999991
    endloop
  endfacet
  facet normal 0.9978589232386049 0.06540312923012156 0
    outer loop
      vertex 254.31454373566453 1.0081054732259123 0
      vertex 254.3 1.23 0
      vertex 254.3 1.23 0.9999999999999991
    endloop
  endfacet
  facet normal 0.8314696123025312 0.5555702330196234 0
    outer loop
      vertex 254.6512993215049 0.19510557068517498 0
      vertex 254.52775681356644 0.38 0.9999999999999991
      vertex 254.6512993215049 0.19510557068517498 0.9999999999999991
    endloop
  endfacet
  facet normal 0.89687274153269 0.44228869021899775 0
    outer loop
      vertex 254.52775681356644 0.38 0
      vertex 254.4294047947308 0.5794381649793474 0.9999999999999991
      vertex 254.52775681356644 0.38 0.9999999999999991
    endloop
  endfacet
  facet normal 0.7518398074789341 0.6593458151001182 0
    outer loop
      vertex 254.79791847198288 0.02791847198286912 0
      vertex 254.6512993215049 0.19510557068517498 0.9999999999999991
      vertex 254.79791847198288 0.02791847198286912 0.9999999999999991
    endloop
  endfacet
  facet normal 0.6593458151000814 0.7518398074789664 0
    outer loop
      vertex 254.96510557068518 -0.11870067849509969 0
      vertex 254.79791847198288 0.02791847198286912 0.9999999999999991
      vertex 254.96510557068518 -0.11870067849509969 0.9999999999999991
    endloop
  endfacet
  facet normal 0.946930129495124 0.32143946530310746 0
    outer loop
      vertex 254.4294047947308 0.5794381649793474 0
      vertex 254.35792609530858 0.7900076233257147 0.9999999999999991
      vertex 254.4294047947308 0.5794381649793474 0.9999999999999991
    endloop
  endfacet
  facet normal 0.9807852804032352 0.19509032201610454 0
    outer loop
      vertex 254.35792609530858 0.7900076233257147 0
      vertex 254.31454373566453 1.0081054732259123 0.9999999999999991
      vertex 254.35792609530858 0.7900076233257147 0.9999999999999991
    endloop
  endfacet
  facet normal 0.9978589232386049 0.06540312923012156 0
    outer loop
      vertex 254.31454373566453 1.0081054732259123 0
      vertex 254.3 1.23 0.9999999999999991
      vertex 254.31454373566453 1.0081054732259123 0.9999999999999991
    endloop
  endfacet
  facet normal 0.9978589232386049 -0.06540312923012156 0
    outer loop
      vertex 254.3 1.23 0
      vertex 254.31454373566453 1.4518945267740877 0.9999999999999991
      vertex 254.3 1.23 0.9999999999999991
    endloop
  endfacet
  facet normal 0.9978589232386049 -0.06540312923012156 0
    outer loop
      vertex 254.3 1.23 0
      vertex 254.31454373566453 1.4518945267740877 0
      vertex 254.31454373566453 1.4518945267740877 0.9999999999999991
    endloop
  endfacet
  facet normal 0.9807852804032352 -0.19509032201610454 0
    outer loop
      vertex 254.31454373566453 1.4518945267740877 0
      vertex 254.35792609530858 1.6699923766742852 0
      vertex 254.35792609530858 1.6699923766742852 0.9999999999999991
    endloop
  endfacet
  facet normal 0.946930129495124 -0.32143946530310746 0
    outer loop
      vertex 254.35792609530858 1.6699923766742852 0
      vertex 254.4294047947308 1.8805618350206526 0
      vertex 254.4294047947308 1.8805618350206526 0.9999999999999991
    endloop
  endfacet
  facet normal 0.8968727415326901 -0.4422886902189975 0
    outer loop
      vertex 254.4294047947308 1.8805618350206526 0
      vertex 254.52775681356644 2.08 0
      vertex 254.52775681356644 2.08 0.9999999999999991
    endloop
  endfacet
  facet normal 0.831469612302531 -0.5555702330196236 0
    outer loop
      vertex 254.52775681356644 2.08 0
      vertex 254.6512993215049 2.264894429314825 0
      vertex 254.6512993215049 2.264894429314825 0.9999999999999991
    endloop
  endfacet
  facet normal 0.7518398074789336 -0.6593458151001187 0
    outer loop
      vertex 254.6512993215049 2.264894429314825 0
      vertex 254.79791847198288 2.4320815280171306 0
      vertex 254.79791847198288 2.4320815280171306 0.9999999999999991
    endloop
  endfacet
  facet normal 0.659345815100082 -0.751839807478966 0
    outer loop
      vertex 254.79791847198288 2.4320815280171306 0
      vertex 254.96510557068518 2.5787006784950997 0
      vertex 254.96510557068518 2.5787006784950997 0.9999999999999991
    endloop
  endfacet
  facet normal 0.9807852804032352 -0.19509032201610454 0
    outer loop
      vertex 254.31454373566453 1.4518945267740877 0
      vertex 254.35792609530858 1.6699923766742852 0.9999999999999991
      vertex 254.31454373566453 1.4518945267740877 0.9999999999999991
    endloop
  endfacet
  facet normal 0.946930129495124 -0.32143946530310746 0
    outer loop
      vertex 254.35792609530858 1.6699923766742852 0
      vertex 254.4294047947308 1.8805618350206526 0.9999999999999991
      vertex 254.35792609530858 1.6699923766742852 0.9999999999999991
    endloop
  endfacet
  facet normal 0.8968727415326901 -0.4422886902189975 0
    outer loop
      vertex 254.4294047947308 1.8805618350206526 0
      vertex 254.52775681356644 2.08 0.9999999999999991
      vertex 254.4294047947308 1.8805618350206526 0.9999999999999991
    endloop
  endfacet
  facet normal 0.831469612302531 -0.5555702330196236 0
    outer loop
      vertex 254.52775681356644 2.08 0
      vertex 254.6512993215049 2.264894429314825 0.9999999999999991
      vertex 254.52775681356644 2.08 0.9999999999999991
    endloop
  endfacet
  facet normal 0.7518398074789336 -0.6593458151001187 0
    outer loop
      vertex 254.6512993215049 2.264894429314825 0
      vertex 254.79791847198288 2.4320815280171306 0.9999999999999991
      vertex 254.6512993215049 2.264894429314825 0.9999999999999991
    endloop
  endfacet
  facet normal 0.659345815100082 -0.751839807478966 0
    outer loop
      vertex 254.79791847198288 2.4320815280171306 0
      vertex 254.96510557068518 2.5787006784950997 0.9999999999999991
      vertex 254.79791847198288 2.4320815280171306 0.9999999999999991
    endloop
  endfacet
  facet normal 0.5555702330196056 0.831469612302543 0
    outer loop
      vertex 254.96510557068518 -0.11870067849509969 0
      vertex 254.96510557068518 -0.11870067849509969 0.9999999999999991
      vertex 255.15 -0.2422431864335457 0
    endloop
  endfacet
  facet normal 0.44228869021901224 0.8968727415326829 0
    outer loop
      vertex 255.15 -0.2422431864335457 0
      vertex 255.15 -0.2422431864335457 0.9999999999999991
      vertex 255.34943816497935 -0.3405952052691874 0
    endloop
  endfacet
  facet normal 0.3214394653031776 0.9469301294951002 0
    outer loop
      vertex 255.34943816497935 -0.3405952052691874 0
      vertex 255.34943816497935 -0.3405952052691874 0.9999999999999991
      vertex 255.5600076233257 -0.41207390469141614 0
    endloop
  endfacet
  facet normal 0.19509032201612225 0.9807852804032317 0
    outer loop
      vertex 255.5600076233257 -0.41207390469141614 0
      vertex 255.5600076233257 -0.41207390469141614 0.9999999999999991
      vertex 255.7781054732259 -0.4554562643354776 0
    endloop
  endfacet
  facet normal 0.06540312923014174 0.9978589232386036 0
    outer loop
      vertex 255.7781054732259 -0.4554562643354776 0
      vertex 255.7781054732259 -0.4554562643354776 0.9999999999999991
      vertex 256 -0.47 0
    endloop
  endfacet
  facet normal -0.06540312923015008 0.997858923238603 0
    outer loop
      vertex 256 -0.47 0
      vertex 256 -0.47 0.9999999999999991
      vertex 256.22189452677407 -0.4554562643354776 0
    endloop
  endfacet
  facet normal -0.19509032201609783 0.9807852804032365 0
    outer loop
      vertex 256.22189452677407 -0.4554562643354776 0
      vertex 256.22189452677407 -0.4554562643354776 0.9999999999999991
      vertex 256.4399923766743 -0.41207390469141614 0
    endloop
  endfacet
  facet normal 0.5555702330196056 0.831469612302543 0
    outer loop
      vertex 254.96510557068518 -0.11870067849509969 0.9999999999999991
      vertex 255.15 -0.2422431864335457 0.9999999999999991
      vertex 255.15 -0.2422431864335457 0
    endloop
  endfacet
  facet normal 0.44228869021901224 0.8968727415326829 0
    outer loop
      vertex 255.34943816497935 -0.3405952052691874 0
      vertex 255.15 -0.2422431864335457 0.9999999999999991
      vertex 255.34943816497935 -0.3405952052691874 0.9999999999999991
    endloop
  endfacet
  facet normal 0.19509032201612225 0.9807852804032317 0
    outer loop
      vertex 255.7781054732259 -0.4554562643354776 0
      vertex 255.5600076233257 -0.41207390469141614 0.9999999999999991
      vertex 255.7781054732259 -0.4554562643354776 0.9999999999999991
    endloop
  endfacet
  facet normal 0.3214394653031776 0.9469301294951002 0
    outer loop
      vertex 255.5600076233257 -0.41207390469141614 0
      vertex 255.34943816497935 -0.3405952052691874 0.9999999999999991
      vertex 255.5600076233257 -0.41207390469141614 0.9999999999999991
    endloop
  endfacet
  facet normal 0.06540312923014174 0.9978589232386036 0
    outer loop
      vertex 256 -0.47 0
      vertex 255.7781054732259 -0.4554562643354776 0.9999999999999991
      vertex 256 -0.47 0.9999999999999991
    endloop
  endfacet
  facet normal -0.06540312923015008 0.997858923238603 0
    outer loop
      vertex 256.22189452677407 -0.4554562643354776 0
      vertex 256 -0.47 0.9999999999999991
      vertex 256.22189452677407 -0.4554562643354776 0.9999999999999991
    endloop
  endfacet
  facet normal -0.19509032201609783 0.9807852804032365 0
    outer loop
      vertex 256.4399923766743 -0.41207390469141614 0
      vertex 256.22189452677407 -0.4554562643354776 0.9999999999999991
      vertex 256.4399923766743 -0.41207390469141614 0.9999999999999991
    endloop
  endfacet
  facet normal -0.3214394653031776 0.9469301294951002 0
    outer loop
      vertex 256.4399923766743 -0.41207390469141614 0
      vertex 256.4399923766743 -0.41207390469141614 0.9999999999999991
      vertex 256.65056183502065 -0.3405952052691874 0
    endloop
  endfacet
  facet normal -0.44228869021896156 0.8968727415327079 0
    outer loop
      vertex 256.65056183502065 -0.3405952052691874 0
      vertex 256.65056183502065 -0.3405952052691874 0.9999999999999991
      vertex 256.85 -0.2422431864335457 0
    endloop
  endfacet
  facet normal -0.5555702330196647 0.8314696123025035 0
    outer loop
      vertex 256.85 -0.2422431864335457 0
      vertex 256.85 -0.2422431864335457 0.9999999999999991
      vertex 257.0348944293148 -0.11870067849509969 0
    endloop
  endfacet
  facet normal -0.3214394653031776 0.9469301294951002 0
    outer loop
      vertex 256.65056183502065 -0.3405952052691874 0
      vertex 256.4399923766743 -0.41207390469141614 0.9999999999999991
      vertex 256.65056183502065 -0.3405952052691874 0.9999999999999991
    endloop
  endfacet
  facet normal -0.44228869021896156 0.8968727415327079 0
    outer loop
      vertex 256.85 -0.2422431864335457 0
      vertex 256.65056183502065 -0.3405952052691874 0.9999999999999991
      vertex 256.85 -0.2422431864335457 0.9999999999999991
    endloop
  endfacet
  facet normal -0.5555702330196647 0.8314696123025035 0
    outer loop
      vertex 257.0348944293148 -0.11870067849509969 0
      vertex 256.85 -0.2422431864335457 0.9999999999999991
      vertex 257.0348944293148 -0.11870067849509969 0.9999999999999991
    endloop
  endfacet
  facet normal -0.6593458151000814 0.7518398074789664 0
    outer loop
      vertex 257.0348944293148 -0.11870067849509969 0
      vertex 257.0348944293148 -0.11870067849509969 0.9999999999999991
      vertex 257.2020815280171 0.02791847198286912 0
    endloop
  endfacet
  facet normal -0.7518398074789341 0.6593458151001182 0
    outer loop
      vertex 257.2020815280171 0.02791847198286912 0
      vertex 257.2020815280171 0.02791847198286912 0.9999999999999991
      vertex 257.3487006784951 0.19510557068517498 0
    endloop
  endfacet
  facet normal -0.8314696123025312 0.5555702330196234 0
    outer loop
      vertex 257.3487006784951 0.19510557068517498 0
      vertex 257.3487006784951 0.19510557068517498 0.9999999999999991
      vertex 257.47224318643356 0.38 0
    endloop
  endfacet
  facet normal -0.8968727415327408 0.44228869021889494 0
    outer loop
      vertex 257.47224318643356 0.38 0
      vertex 257.47224318643356 0.38 0.9999999999999991
      vertex 257.57059520526917 0.5794381649793474 0
    endloop
  endfacet
  facet normal -0.946930129495085 0.3214394653032221 0
    outer loop
      vertex 257.57059520526917 0.5794381649793474 0
      vertex 257.57059520526917 0.5794381649793474 0.9999999999999991
      vertex 257.6420739046914 0.7900076233257147 0
    endloop
  endfacet
  facet normal -0.9807852804032352 0.19509032201610454 0
    outer loop
      vertex 257.6420739046914 0.7900076233257147 0
      vertex 257.6420739046914 0.7900076233257147 0.9999999999999991
      vertex 257.68545626433547 1.0081054732259123 0
    endloop
  endfacet
  facet normal -0.9978589232386049 0.06540312923012156 0
    outer loop
      vertex 257.68545626433547 1.0081054732259123 0
      vertex 257.68545626433547 1.0081054732259123 0.9999999999999991
      vertex 257.7 1.23 0
    endloop
  endfacet
  facet normal -0.9978589232386049 -0.06540312923012156 0
    outer loop
      vertex 257.7 1.23 0
      vertex 257.7 1.23 0.9999999999999991
      vertex 257.68545626433547 1.4518945267740877 0
    endloop
  endfacet
  facet normal -0.6593458151000814 0.7518398074789664 0
    outer loop
      vertex 257.2020815280171 0.02791847198286912 0
      vertex 257.0348944293148 -0.11870067849509969 0.9999999999999991
      vertex 257.2020815280171 0.02791847198286912 0.9999999999999991
    endloop
  endfacet
  facet normal -0.7518398074789341 0.6593458151001182 0
    outer loop
      vertex 257.3487006784951 0.19510557068517498 0
      vertex 257.2020815280171 0.02791847198286912 0.9999999999999991
      vertex 257.3487006784951 0.19510557068517498 0.9999999999999991
    endloop
  endfacet
  facet normal -0.8314696123025312 0.5555702330196234 0
    outer loop
      vertex 257.47224318643356 0.38 0
      vertex 257.3487006784951 0.19510557068517498 0.9999999999999991
      vertex 257.47224318643356 0.38 0.9999999999999991
    endloop
  endfacet
  facet normal -0.8968727415327408 0.44228869021889494 0
    outer loop
      vertex 257.57059520526917 0.5794381649793474 0
      vertex 257.47224318643356 0.38 0.9999999999999991
      vertex 257.57059520526917 0.5794381649793474 0.9999999999999991
    endloop
  endfacet
  facet normal -0.946930129495085 0.3214394653032221 0
    outer loop
      vertex 257.6420739046914 0.7900076233257147 0
      vertex 257.57059520526917 0.5794381649793474 0.9999999999999991
      vertex 257.6420739046914 0.7900076233257147 0.9999999999999991
    endloop
  endfacet
  facet normal -0.9807852804032352 0.19509032201610454 0
    outer loop
      vertex 257.68545626433547 1.0081054732259123 0
      vertex 257.6420739046914 0.7900076233257147 0.9999999999999991
      vertex 257.68545626433547 1.0081054732259123 0.9999999999999991
    endloop
  endfacet
  facet normal -0.9978589232386049 0.06540312923012156 0
    outer loop
      vertex 257.7 1.23 0
      vertex 257.68545626433547 1.0081054732259123 0.9999999999999991
      vertex 257.7 1.23 0.9999999999999991
    endloop
  endfacet
  facet normal 0.5555702330196056 -0.831469612302543 0
    outer loop
      vertex 254.96510557068518 2.5787006784950997 0
      vertex 255.15 2.7022431864335457 0
      vertex 255.15 2.7022431864335457 0.9999999999999991
    endloop
  endfacet
  facet normal 0.5555702330196056 -0.831469612302543 0
    outer loop
      vertex 254.96510557068518 2.5787006784950997 0
      vertex 255.15 2.7022431864335457 0.9999999999999991
      vertex 254.96510557068518 2.5787006784950997 0.9999999999999991
    endloop
  endfacet
  facet normal 0.44228869021901224 -0.8968727415326829 0
    outer loop
      vertex 255.15 2.7022431864335457 0
      vertex 255.34943816497935 2.8005952052691874 0.9999999999999991
      vertex 255.15 2.7022431864335457 0.9999999999999991
    endloop
  endfacet
  facet normal 0.44228869021901224 -0.8968727415326829 0
    outer loop
      vertex 255.15 2.7022431864335457 0
      vertex 255.34943816497935 2.8005952052691874 0
      vertex 255.34943816497935 2.8005952052691874 0.9999999999999991
    endloop
  endfacet
  facet normal 0.3214394653031785 -0.9469301294951 0
    outer loop
      vertex 255.34943816497935 2.8005952052691874 0
      vertex 255.5600076233257 2.8720739046914163 0
      vertex 255.5600076233257 2.8720739046914163 0.9999999999999991
    endloop
  endfacet
  facet normal 0.19509032201612225 -0.9807852804032317 0
    outer loop
      vertex 255.5600076233257 2.8720739046914163 0
      vertex 255.7781054732259 2.9154562643354778 0
      vertex 255.7781054732259 2.9154562643354778 0.9999999999999991
    endloop
  endfacet
  facet normal 0.06540312923013974 -0.9978589232386037 0
    outer loop
      vertex 255.7781054732259 2.9154562643354778 0
      vertex 256 2.9299999999999997 0
      vertex 256 2.9299999999999997 0.9999999999999991
    endloop
  endfacet
  facet normal -0.0654031292301481 -0.9978589232386031 0
    outer loop
      vertex 256 2.9299999999999997 0
      vertex 256.22189452677407 2.9154562643354778 0
      vertex 256.22189452677407 2.9154562643354778 0.9999999999999991
    endloop
  endfacet
  facet normal -0.19509032201609783 -0.9807852804032365 0
    outer loop
      vertex 256.22189452677407 2.9154562643354778 0
      vertex 256.4399923766743 2.8720739046914163 0
      vertex 256.4399923766743 2.8720739046914163 0.9999999999999991
    endloop
  endfacet
  facet normal 0.3214394653031785 -0.9469301294951 0
    outer loop
      vertex 255.34943816497935 2.8005952052691874 0
      vertex 255.5600076233257 2.8720739046914163 0.9999999999999991
      vertex 255.34943816497935 2.8005952052691874 0.9999999999999991
    endloop
  endfacet
  facet normal 0.19509032201612225 -0.9807852804032317 0
    outer loop
      vertex 255.5600076233257 2.8720739046914163 0
      vertex 255.7781054732259 2.9154562643354778 0.9999999999999991
      vertex 255.5600076233257 2.8720739046914163 0.9999999999999991
    endloop
  endfacet
  facet normal 0.06540312923013974 -0.9978589232386037 0
    outer loop
      vertex 255.7781054732259 2.9154562643354778 0
      vertex 256 2.9299999999999997 0.9999999999999991
      vertex 255.7781054732259 2.9154562643354778 0.9999999999999991
    endloop
  endfacet
  facet normal -0.0654031292301481 -0.9978589232386031 0
    outer loop
      vertex 256 2.9299999999999997 0
      vertex 256.22189452677407 2.9154562643354778 0.9999999999999991
      vertex 256 2.9299999999999997 0.9999999999999991
    endloop
  endfacet
  facet normal -0.19509032201609783 -0.9807852804032365 0
    outer loop
      vertex 256.22189452677407 2.9154562643354778 0
      vertex 256.4399923766743 2.8720739046914163 0.9999999999999991
      vertex 256.22189452677407 2.9154562643354778 0.9999999999999991
    endloop
  endfacet
  facet normal -0.44228869021896156 -0.8968727415327079 0
    outer loop
      vertex 256.85 2.7022431864335457 0
      vertex 256.85 2.7022431864335457 0.9999999999999991
      vertex 256.65056183502065 2.8005952052691874 0
    endloop
  endfacet
  facet normal -0.5555702330196647 -0.8314696123025035 0
    outer loop
      vertex 256.85 2.7022431864335457 0
      vertex 257.0348944293148 2.5787006784950997 0
      vertex 257.0348944293148 2.5787006784950997 0.9999999999999991
    endloop
  endfacet
  facet normal -0.659345815100082 -0.751839807478966 0
    outer loop
      vertex 257.0348944293148 2.5787006784950997 0
      vertex 257.2020815280171 2.4320815280171306 0
      vertex 257.2020815280171 2.4320815280171306 0.9999999999999991
    endloop
  endfacet
  facet normal -0.946930129495085 -0.3214394653032221 0
    outer loop
      vertex 257.57059520526917 1.8805618350206526 0
      vertex 257.6420739046914 1.6699923766742852 0
      vertex 257.6420739046914 1.6699923766742852 0.9999999999999991
    endloop
  endfacet
  facet normal -0.8968727415327409 -0.4422886902188947 0
    outer loop
      vertex 257.57059520526917 1.8805618350206526 0
      vertex 257.57059520526917 1.8805618350206526 0.9999999999999991
      vertex 257.47224318643356 2.08 0
    endloop
  endfacet
  facet normal -0.9807852804032352 -0.19509032201610454 0
    outer loop
      vertex 257.68545626433547 1.4518945267740877 0
      vertex 257.68545626433547 1.4518945267740877 0.9999999999999991
      vertex 257.6420739046914 1.6699923766742852 0
    endloop
  endfacet
  facet normal -0.831469612302531 -0.5555702330196236 0
    outer loop
      vertex 257.3487006784951 2.264894429314825 0
      vertex 257.47224318643356 2.08 0
      vertex 257.47224318643356 2.08 0.9999999999999991
    endloop
  endfacet
  facet normal -0.7518398074789336 -0.6593458151001187 0
    outer loop
      vertex 257.2020815280171 2.4320815280171306 0
      vertex 257.3487006784951 2.264894429314825 0
      vertex 257.3487006784951 2.264894429314825 0.9999999999999991
    endloop
  endfacet
  facet normal -0.5555702330196647 -0.8314696123025035 0
    outer loop
      vertex 256.85 2.7022431864335457 0
      vertex 257.0348944293148 2.5787006784950997 0.9999999999999991
      vertex 256.85 2.7022431864335457 0.9999999999999991
    endloop
  endfacet
  facet normal -0.659345815100082 -0.751839807478966 0
    outer loop
      vertex 257.0348944293148 2.5787006784950997 0
      vertex 257.2020815280171 2.4320815280171306 0.9999999999999991
      vertex 257.0348944293148 2.5787006784950997 0.9999999999999991
    endloop
  endfacet
  facet normal -0.946930129495085 -0.3214394653032221 0
    outer loop
      vertex 257.57059520526917 1.8805618350206526 0
      vertex 257.6420739046914 1.6699923766742852 0.9999999999999991
      vertex 257.57059520526917 1.8805618350206526 0.9999999999999991
    endloop
  endfacet
  facet normal -0.8968727415327409 -0.4422886902188947 0
    outer loop
      vertex 257.47224318643356 2.08 0
      vertex 257.57059520526917 1.8805618350206526 0.9999999999999991
      vertex 257.47224318643356 2.08 0.9999999999999991
    endloop
  endfacet
  facet normal -0.9978589232386049 -0.06540312923012156 0
    outer loop
      vertex 257.7 1.23 0.9999999999999991
      vertex 257.68545626433547 1.4518945267740877 0.9999999999999991
      vertex 257.68545626433547 1.4518945267740877 0
    endloop
  endfacet
  facet normal -0.9807852804032352 -0.19509032201610454 0
    outer loop
      vertex 257.6420739046914 1.6699923766742852 0
      vertex 257.68545626433547 1.4518945267740877 0.9999999999999991
      vertex 257.6420739046914 1.6699923766742852 0.9999999999999991
    endloop
  endfacet
  facet normal -0.831469612302531 -0.5555702330196236 0
    outer loop
      vertex 257.3487006784951 2.264894429314825 0
      vertex 257.47224318643356 2.08 0.9999999999999991
      vertex 257.3487006784951 2.264894429314825 0.9999999999999991
    endloop
  endfacet
  facet normal -0.7518398074789336 -0.6593458151001187 0
    outer loop
      vertex 257.2020815280171 2.4320815280171306 0
      vertex 257.3487006784951 2.264894429314825 0.9999999999999991
      vertex 257.2020815280171 2.4320815280171306 0.9999999999999991
    endloop
  endfacet
  facet normal -0.3214394653031785 -0.9469301294951 0
    outer loop
      vertex 256.4399923766743 2.8720739046914163 0
      vertex 256.65056183502065 2.8005952052691874 0
      vertex 256.65056183502065 2.8005952052691874 0.9999999999999991
    endloop
  endfacet
  facet normal -0.3214394653031785 -0.9469301294951 0
    outer loop
      vertex 256.4399923766743 2.8720739046914163 0
      vertex 256.65056183502065 2.8005952052691874 0.9999999999999991
      vertex 256.4399923766743 2.8720739046914163 0.9999999999999991
    endloop
  endfacet
  facet normal -0.44228869021896156 -0.8968727415327079 0
    outer loop
      vertex 256.65056183502065 2.8005952052691874 0
      vertex 256.85 2.7022431864335457 0.9999999999999991
      vertex 256.65056183502065 2.8005952052691874 0.9999999999999991
    endloop
  endfacet
  facet normal 0 0 1
    outer loop
      vertex 253.0056299385039 0.4276609601821857 0.9999999999999991
      vertex 253.13597344921502 0.04368135966822173 0.9999999999999991
      vertex 253.13597344921502 2.4163186403317782 0.9999999999999991
    endloop
  endfacet
  facet normal 0 0 1
    outer loop
      vertex 252.9265209297412 0.8253688041178401 0.9999999999999991
      vertex 252.9265209297412 1.63463119588216 0.9999999999999991
      vertex 252.9 1.23 0.9999999999999991
    endloop
  endfacet
  facet normal 0 0 1
    outer loop
      vertex 253.0056299385039 0.4276609601821857 0.9999999999999991
      vertex 253.0056299385039 2.0323390398178143 0.9999999999999991
      vertex 252.9265209297412 0.8253688041178401 0.9999999999999991
    endloop
  endfacet
  facet normal 0 0 1
    outer loop
      vertex 253.31532124826825 -0.32000000000000006 0.9999999999999991
      vertex 253.31532124826825 2.7800000000000002 0.9999999999999991
      vertex 253.13597344921502 0.04368135966822173 0.9999999999999991
    endloop
  endfacet
  facet normal 0 0 1
    outer loop
      vertex 253.31532124826825 -0.32000000000000006 0.9999999999999991
      vertex 253.54060464509718 -0.6571604299270342 0.9999999999999991
      vertex 253.54060464509718 3.117160429927034 0.9999999999999991
    endloop
  endfacet
  facet normal 0 0 1
    outer loop
      vertex 254.45 -1.4546787517317599 0.9999999999999991
      vertex 254.54190240013574 -1.5 0.9999999999999991
      vertex 254.79791847198288 0.02791847198286912 0.9999999999999991
    endloop
  endfacet
  facet normal 0 0 1
    outer loop
      vertex 254.11283957007296 -1.2293953549028291 0.9999999999999991
      vertex 254.45 -1.4546787517317599 0.9999999999999991
      vertex 254.4294047947308 0.5794381649793474 0.9999999999999991
    endloop
  endfacet
  facet normal 0 0 1
    outer loop
      vertex 254.45 -1.4546787517317599 0.9999999999999991
      vertex 254.6512993215049 0.19510557068517498 0.9999999999999991
      vertex 254.52775681356644 0.38 0.9999999999999991
    endloop
  endfacet
  facet normal 0 0 1
    outer loop
      vertex 254.45 -1.4546787517317599 0.9999999999999991
      vertex 254.52775681356644 0.38 0.9999999999999991
      vertex 254.4294047947308 0.5794381649793474 0.9999999999999991
    endloop
  endfacet
  facet normal 0 0 1
    outer loop
      vertex 254.54190240013574 -1.5 0.9999999999999991
      vertex 254.96510557068518 -0.11870067849509969 0.9999999999999991
      vertex 254.79791847198288 0.02791847198286912 0.9999999999999991
    endloop
  endfacet
  facet normal 0 0 1
    outer loop
      vertex 254.54190240013574 -1.5 0.9999999999999991
      vertex 255.15 -0.2422431864335457 0.9999999999999991
      vertex 254.96510557068518 -0.11870067849509969 0.9999999999999991
    endloop
  endfacet
  facet normal 0 0 1
    outer loop
      vertex 254.45 -1.4546787517317599 0.9999999999999991
      vertex 254.79791847198288 0.02791847198286912 0.9999999999999991
      vertex 254.6512993215049 0.19510557068517498 0.9999999999999991
    endloop
  endfacet
  facet normal 0 0 1
    outer loop
      vertex 253.8079689783217 -0.9620310216782975 0.9999999999999991
      vertex 253.8079689783217 3.4220310216782974 0.9999999999999991
      vertex 253.54060464509718 -0.6571604299270342 0.9999999999999991
    endloop
  endfacet
  facet normal 0 0 1
    outer loop
      vertex 253.8079689783217 -0.9620310216782975 0.9999999999999991
      vertex 254.11283957007296 -1.2293953549028291 0.9999999999999991
      vertex 254.11283957007296 3.689395354902829 0.9999999999999991
    endloop
  endfacet
  facet normal 0 0 1
    outer loop
      vertex 254.11283957007296 -1.2293953549028291 0.9999999999999991
      vertex 254.31454373566453 1.0081054732259123 0.9999999999999991
      vertex 254.3 1.23 0.9999999999999991
    endloop
  endfacet
  facet normal 0 0 1
    outer loop
      vertex 254.11283957007296 -1.2293953549028291 0.9999999999999991
      vertex 254.4294047947308 0.5794381649793474 0.9999999999999991
      vertex 254.35792609530858 0.7900076233257147 0.9999999999999991
    endloop
  endfacet
  facet normal 0 0 1
    outer loop
      vertex 254.11283957007296 -1.2293953549028291 0.9999999999999991
      vertex 254.35792609530858 0.7900076233257147 0.9999999999999991
      vertex 254.31454373566453 1.0081054732259123 0.9999999999999991
    endloop
  endfacet
  facet normal 0 0 1
    outer loop
      vertex 254.11283957007296 -1.2293953549028291 0.9999999999999991
      vertex 254.3 1.23 0.9999999999999991
      vertex 254.45 3.91467875173176 0.9999999999999991
    endloop
  endfacet
  facet normal 0 0 1
    outer loop
      vertex 252.9265209297412 0.8253688041178401 0.9999999999999991
      vertex 253.0056299385039 2.0323390398178143 0.9999999999999991
      vertex 252.9265209297412 1.63463119588216 0.9999999999999991
    endloop
  endfacet
  facet normal 0 0 1
    outer loop
      vertex 253.0056299385039 0.4276609601821857 0.9999999999999991
      vertex 253.13597344921502 2.4163186403317782 0.9999999999999991
      vertex 253.0056299385039 2.0323390398178143 0.9999999999999991
    endloop
  endfacet
  facet normal 0 0 1
    outer loop
      vertex 253.13597344921502 0.04368135966822173 0.9999999999999991
      vertex 253.31532124826825 2.7800000000000002 0.9999999999999991
      vertex 253.13597344921502 2.4163186403317782 0.9999999999999991
    endloop
  endfacet
  facet normal 0 0 1
    outer loop
      vertex 253.31532124826825 -0.32000000000000006 0.9999999999999991
      vertex 253.54060464509718 3.117160429927034 0.9999999999999991
      vertex 253.31532124826825 2.7800000000000002 0.9999999999999991
    endloop
  endfacet
  facet normal 0 0 1
    outer loop
      vertex 253.54060464509718 -0.6571604299270342 0.9999999999999991
      vertex 253.8079689783217 3.4220310216782974 0.9999999999999991
      vertex 253.54060464509718 3.117160429927034 0.9999999999999991
    endloop
  endfacet
  facet normal 0 0 1
    outer loop
      vertex 253.8079689783217 -0.9620310216782975 0.9999999999999991
      vertex 254.11283957007296 3.689395354902829 0.9999999999999991
      vertex 253.8079689783217 3.4220310216782974 0.9999999999999991
    endloop
  endfacet
  facet normal 0 0 1
    outer loop
      vertex 254.11283957007296 -1.2293953549028291 0.9999999999999991
      vertex 254.45 3.91467875173176 0.9999999999999991
      vertex 254.11283957007296 3.689395354902829 0.9999999999999991
    endloop
  endfacet
  facet normal 0 0 1
    outer loop
      vertex 254.3 1.23 0.9999999999999991
      vertex 254.31454373566453 1.4518945267740877 0.9999999999999991
      vertex 254.45 3.91467875173176 0.9999999999999991
    endloop
  endfacet
  facet normal 0 0 1
    outer loop
      vertex 254.31454373566453 1.4518945267740877 0.9999999999999991
      vertex 254.35792609530858 1.6699923766742852 0.9999999999999991
      vertex 254.45 3.91467875173176 0.9999999999999991
    endloop
  endfacet
  facet normal 0 0 1
    outer loop
      vertex 254.35792609530858 1.6699923766742852 0.9999999999999991
      vertex 254.4294047947308 1.8805618350206526 0.9999999999999991
      vertex 254.45 3.91467875173176 0.9999999999999991
    endloop
  endfacet
  facet normal 0 0 1
    outer loop
      vertex 254.4294047947308 1.8805618350206526 0.9999999999999991
      vertex 254.52775681356644 2.08 0.9999999999999991
      vertex 254.45 3.91467875173176 0.9999999999999991
    endloop
  endfacet
  facet normal 0 0 1
    outer loop
      vertex 254.52775681356644 2.08 0.9999999999999991
      vertex 254.6512993215049 2.264894429314825 0.9999999999999991
      vertex 254.45 3.91467875173176 0.9999999999999991
    endloop
  endfacet
  facet normal 0 0 1
    outer loop
      vertex 254.6512993215049 2.264894429314825 0.9999999999999991
      vertex 254.79791847198288 2.4320815280171306 0.9999999999999991
      vertex 254.45 3.91467875173176 0.9999999999999991
    endloop
  endfacet
  facet normal 0 0 1
    outer loop
      vertex 254.79791847198288 2.4320815280171306 0.9999999999999991
      vertex 254.96510557068518 2.5787006784950997 0.9999999999999991
      vertex 254.8136813596682 4.094026550784989 0.9999999999999991
    endloop
  endfacet
  facet normal 0 0 1
    outer loop
      vertex 254.96510557068518 2.5787006784950997 0.9999999999999991
      vertex 255.15 2.7022431864335457 0.9999999999999991
      vertex 254.8136813596682 4.094026550784989 0.9999999999999991
    endloop
  endfacet
  facet normal 0 0 1
    outer loop
      vertex 254.79791847198288 2.4320815280171306 0.9999999999999991
      vertex 254.8136813596682 4.094026550784989 0.9999999999999991
      vertex 254.45 3.91467875173176 0.9999999999999991
    endloop
  endfacet
  facet normal 0 0 1
    outer loop
      vertex 254.54190240013574 -1.5 0.9999999999999991
      vertex 256 -0.47 0.9999999999999991
      vertex 255.7781054732259 -0.4554562643354776 0.9999999999999991
    endloop
  endfacet
  facet normal 0 0 1
    outer loop
      vertex 254.54190240013574 -1.5 0.9999999999999991
      vertex 256.22189452677407 -0.4554562643354776 0.9999999999999991
      vertex 256 -0.47 0.9999999999999991
    endloop
  endfacet
  facet normal 0 0 1
    outer loop
      vertex 254.54190240013574 -1.5 0.9999999999999991
      vertex 255.34943816497935 -0.3405952052691874 0.9999999999999991
      vertex 255.15 -0.2422431864335457 0.9999999999999991
    endloop
  endfacet
  facet normal 0 0 1
    outer loop
      vertex 254.54190240013574 -1.5 0.9999999999999991
      vertex 255.5600076233257 -0.41207390469141614 0.9999999999999991
      vertex 255.34943816497935 -0.3405952052691874 0.9999999999999991
    endloop
  endfacet
  facet normal 0 0 1
    outer loop
      vertex 254.54190240013574 -1.5 0.9999999999999991
      vertex 255.7781054732259 -0.4554562643354776 0.9999999999999991
      vertex 255.5600076233257 -0.41207390469141614 0.9999999999999991
    endloop
  endfacet
  facet normal 0 0 1
    outer loop
      vertex 254.54190240013574 -1.5 0.9999999999999991
      vertex 256.4399923766743 -0.41207390469141614 0.9999999999999991
      vertex 256.22189452677407 -0.4554562643354776 0.9999999999999991
    endloop
  endfacet
  facet normal 0 0 1
    outer loop
      vertex 254.54190240013574 -1.5 0.9999999999999991
      vertex 257.4580975998643 -1.5 0.9999999999999991
      vertex 256.85 -0.2422431864335457 0.9999999999999991
    endloop
  endfacet
  facet normal 0 0 1
    outer loop
      vertex 254.54190240013574 -1.5 0.9999999999999991
      vertex 256.65056183502065 -0.3405952052691874 0.9999999999999991
      vertex 256.4399923766743 -0.41207390469141614 0.9999999999999991
    endloop
  endfacet
  facet normal 0 0 1
    outer loop
      vertex 254.54190240013574 -1.5 0.9999999999999991
      vertex 256.85 -0.2422431864335457 0.9999999999999991
      vertex 256.65056183502065 -0.3405952052691874 0.9999999999999991
    endloop
  endfacet
  facet normal 0 0 1
    outer loop
      vertex 256.85 -0.2422431864335457 0.9999999999999991
      vertex 257.4580975998643 -1.5 0.9999999999999991
      vertex 257.0348944293148 -0.11870067849509969 0.9999999999999991
    endloop
  endfacet
  facet normal 0 0 1
    outer loop
      vertex 257.0348944293148 -0.11870067849509969 0.9999999999999991
      vertex 257.4580975998643 -1.5 0.9999999999999991
      vertex 257.2020815280171 0.02791847198286912 0.9999999999999991
    endloop
  endfacet
  facet normal 0 0 1
    outer loop
      vertex 257.4580975998643 -1.5 0.9999999999999991
      vertex 257.55 -1.4546787517317599 0.9999999999999991
      vertex 257.2020815280171 0.02791847198286912 0.9999999999999991
    endloop
  endfacet
  facet normal 0 0 1
    outer loop
      vertex 257.55 -1.4546787517317599 0.9999999999999991
      vertex 257.3487006784951 0.19510557068517498 0.9999999999999991
      vertex 257.2020815280171 0.02791847198286912 0.9999999999999991
    endloop
  endfacet
  facet normal 0 0 1
    outer loop
      vertex 257.55 -1.4546787517317599 0.9999999999999991
      vertex 257.47224318643356 0.38 0.9999999999999991
      vertex 257.3487006784951 0.19510557068517498 0.9999999999999991
    endloop
  endfacet
  facet normal 0 0 1
    outer loop
      vertex 257.55 -1.4546787517317599 0.9999999999999991
      vertex 257.57059520526917 0.5794381649793474 0.9999999999999991
      vertex 257.47224318643356 0.38 0.9999999999999991
    endloop
  endfacet
  facet normal 0 0 1
    outer loop
      vertex 257.55 -1.4546787517317599 0.9999999999999991
      vertex 257.6420739046914 0.7900076233257147 0.9999999999999991
      vertex 257.57059520526917 0.5794381649793474 0.9999999999999991
    endloop
  endfacet
  facet normal 0 0 1
    outer loop
      vertex 257.55 -1.4546787517317599 0.9999999999999991
      vertex 257.68545626433547 1.0081054732259123 0.9999999999999991
      vertex 257.6420739046914 0.7900076233257147 0.9999999999999991
    endloop
  endfacet
  facet normal 0 0 1
    outer loop
      vertex 257.55 -1.4546787517317599 0.9999999999999991
      vertex 257.7 1.23 0.9999999999999991
      vertex 257.68545626433547 1.0081054732259123 0.9999999999999991
    endloop
  endfacet
  facet normal 0 0 1
    outer loop
      vertex 257.55 -1.4546787517317599 0.9999999999999991
      vertex 257.887160429927 -1.2293953549028291 0.9999999999999991
      vertex 257.887160429927 3.689395354902829 0.9999999999999991
    endloop
  endfacet
  facet normal 0 0 1
    outer loop
      vertex 257.55 -1.4546787517317599 0.9999999999999991
      vertex 257.887160429927 3.689395354902829 0.9999999999999991
      vertex 257.7 1.23 0.9999999999999991
    endloop
  endfacet
  facet normal 0 0 1
    outer loop
      vertex 255.15 2.7022431864335457 0.9999999999999991
      vertex 255.34943816497935 2.8005952052691874 0.9999999999999991
      vertex 255.1976609601822 4.224370061496112 0.9999999999999991
    endloop
  endfacet
  facet normal 0 0 1
    outer loop
      vertex 255.34943816497935 2.8005952052691874 0.9999999999999991
      vertex 255.5600076233257 2.8720739046914163 0.9999999999999991
      vertex 255.1976609601822 4.224370061496112 0.9999999999999991
    endloop
  endfacet
  facet normal 0 0 1
    outer loop
      vertex 255.5600076233257 2.8720739046914163 0.9999999999999991
      vertex 255.7781054732259 2.9154562643354778 0.9999999999999991
      vertex 255.59536880411784 4.303479070258812 0.9999999999999991
    endloop
  endfacet
  facet normal 0 0 1
    outer loop
      vertex 254.8136813596682 4.094026550784989 0.9999999999999991
      vertex 255.15 2.7022431864335457 0.9999999999999991
      vertex 255.1976609601822 4.224370061496112 0.9999999999999991
    endloop
  endfacet
  facet normal 0 0 1
    outer loop
      vertex 255.5600076233257 2.8720739046914163 0.9999999999999991
      vertex 255.59536880411784 4.303479070258812 0.9999999999999991
      vertex 255.1976609601822 4.224370061496112 0.9999999999999991
    endloop
  endfacet
  facet normal 0 0 1
    outer loop
      vertex 255.7781054732259 2.9154562643354778 0.9999999999999991
      vertex 256 2.9299999999999997 0.9999999999999991
      vertex 255.59536880411784 4.303479070258812 0.9999999999999991
    endloop
  endfacet
  facet normal 0 0 1
    outer loop
      vertex 256 2.9299999999999997 0.9999999999999991
      vertex 256.22189452677407 2.9154562643354778 0.9999999999999991
      vertex 256 4.33 0.9999999999999991
    endloop
  endfacet
  facet normal 0 0 1
    outer loop
      vertex 256.22189452677407 2.9154562643354778 0.9999999999999991
      vertex 256.4399923766743 2.8720739046914163 0.9999999999999991
      vertex 256.40463119588213 4.303479070258812 0.9999999999999991
    endloop
  endfacet
  facet normal 0 0 1
    outer loop
      vertex 256 2.9299999999999997 0.9999999999999991
      vertex 256 4.33 0.9999999999999991
      vertex 255.59536880411784 4.303479070258812 0.9999999999999991
    endloop
  endfacet
  facet normal 0 0 1
    outer loop
      vertex 256.22189452677407 2.9154562643354778 0.9999999999999991
      vertex 256.40463119588213 4.303479070258812 0.9999999999999991
      vertex 256 4.33 0.9999999999999991
    endloop
  endfacet
  facet normal 0 0 1
    outer loop
      vertex 257.887160429927 -1.2293953549028291 0.9999999999999991
      vertex 258.1920310216783 3.4220310216782974 0.9999999999999991
      vertex 257.887160429927 3.689395354902829 0.9999999999999991
    endloop
  endfacet
  facet normal 0 0 1
    outer loop
      vertex 257.57059520526917 1.8805618350206526 0.9999999999999991
      vertex 257.55 3.91467875173176 0.9999999999999991
      vertex 257.47224318643356 2.08 0.9999999999999991
    endloop
  endfacet
  facet normal 0 0 1
    outer loop
      vertex 257.3487006784951 2.264894429314825 0.9999999999999991
      vertex 257.47224318643356 2.08 0.9999999999999991
      vertex 257.55 3.91467875173176 0.9999999999999991
    endloop
  endfacet
  facet normal 0 0 1
    outer loop
      vertex 257.7 1.23 0.9999999999999991
      vertex 257.887160429927 3.689395354902829 0.9999999999999991
      vertex 257.68545626433547 1.4518945267740877 0.9999999999999991
    endloop
  endfacet
  facet normal 0 0 1
    outer loop
      vertex 257.68545626433547 1.4518945267740877 0.9999999999999991
      vertex 257.887160429927 3.689395354902829 0.9999999999999991
      vertex 257.6420739046914 1.6699923766742852 0.9999999999999991
    endloop
  endfacet
  facet normal 0 0 1
    outer loop
      vertex 257.57059520526917 1.8805618350206526 0.9999999999999991
      vertex 257.6420739046914 1.6699923766742852 0.9999999999999991
      vertex 257.887160429927 3.689395354902829 0.9999999999999991
    endloop
  endfacet
  facet normal 0 0 1
    outer loop
      vertex 256.4399923766743 2.8720739046914163 0.9999999999999991
      vertex 256.65056183502065 2.8005952052691874 0.9999999999999991
      vertex 256.8023390398178 4.224370061496112 0.9999999999999991
    endloop
  endfacet
  facet normal 0 0 1
    outer loop
      vertex 256.85 2.7022431864335457 0.9999999999999991
      vertex 256.8023390398178 4.224370061496112 0.9999999999999991
      vertex 256.65056183502065 2.8005952052691874 0.9999999999999991
    endloop
  endfacet
  facet normal 0 0 1
    outer loop
      vertex 257.0348944293148 2.5787006784950997 0.9999999999999991
      vertex 257.2020815280171 2.4320815280171306 0.9999999999999991
      vertex 257.18631864033176 4.094026550784989 0.9999999999999991
    endloop
  endfacet
  facet normal 0 0 1
    outer loop
      vertex 256.85 2.7022431864335457 0.9999999999999991
      vertex 257.0348944293148 2.5787006784950997 0.9999999999999991
      vertex 257.18631864033176 4.094026550784989 0.9999999999999991
    endloop
  endfacet
  facet normal 0 0 1
    outer loop
      vertex 256.4399923766743 2.8720739046914163 0.9999999999999991
      vertex 256.8023390398178 4.224370061496112 0.9999999999999991
      vertex 256.40463119588213 4.303479070258812 0.9999999999999991
    endloop
  endfacet
  facet normal 0 0 1
    outer loop
      vertex 256.85 2.7022431864335457 0.9999999999999991
      vertex 257.18631864033176 4.094026550784989 0.9999999999999991
      vertex 256.8023390398178 4.224370061496112 0.9999999999999991
    endloop
  endfacet
  facet normal 0 0 1
    outer loop
      vertex 257.2020815280171 2.4320815280171306 0.9999999999999991
      vertex 257.3487006784951 2.264894429314825 0.9999999999999991
      vertex 257.55 3.91467875173176 0.9999999999999991
    endloop
  endfacet
  facet normal 0 0 1
    outer loop
      vertex 257.57059520526917 1.8805618350206526 0.9999999999999991
      vertex 257.887160429927 3.689395354902829 0.9999999999999991
      vertex 257.55 3.91467875173176 0.9999999999999991
    endloop
  endfacet
  facet normal 0 0 1
    outer loop
      vertex 257.2020815280171 2.4320815280171306 0.9999999999999991
      vertex 257.55 3.91467875173176 0.9999999999999991
      vertex 257.18631864033176 4.094026550784989 0.9999999999999991
    endloop
  endfacet
  facet normal 0.8314696123025483 0.5555702330195974 0
    outer loop
      vertex 253.31532124826825 -0.32000000000000006 0.9999999999999991
      vertex 253.31532124826825 -0.32000000000000006 3.1999999999999993
      vertex 253.54060464509718 -0.6571604299270342 0.9999999999999991
    endloop
  endfacet
  facet normal 0.9469301294951015 0.32143946530317397 0
    outer loop
      vertex 253.0056299385039 0.4276609601821857 0.9999999999999991
      vertex 253.0056299385039 0.4276609601821857 3.1999999999999993
      vertex 253.13597344921502 0.04368135966822173 0.9999999999999991
    endloop
  endfacet
  facet normal 0.8968727415326851 0.44228869021900763 0
    outer loop
      vertex 253.31532124826825 -0.32000000000000006 0.9999999999999991
      vertex 253.13597344921502 0.04368135966822173 0.9999999999999991
      vertex 253.13597344921502 0.04368135966822173 3.1999999999999993
    endloop
  endfacet
  facet normal 0.9807852804032375 0.19509032201609267 0
    outer loop
      vertex 253.0056299385039 0.4276609601821857 0.9999999999999991
      vertex 252.9265209297412 0.8253688041178401 0.9999999999999991
      vertex 252.9265209297412 0.8253688041178401 3.1999999999999993
    endloop
  endfacet
  facet normal 0.9978589232386021 0.06540312923016262 0
    outer loop
      vertex 252.9265209297412 0.8253688041178401 0.9999999999999991
      vertex 252.9 1.23 0.9999999999999991
      vertex 252.9 1.23 3.1999999999999993
    endloop
  endfacet
  facet normal 0.5555702330196128 0.8314696123025381 0
    outer loop
      vertex 254.11283957007296 -1.2293953549028291 0.9999999999999991
      vertex 254.11283957007296 -1.2293953549028291 3.1999999999999993
      vertex 254.45 -1.4546787517317599 0.9999999999999991
    endloop
  endfacet
  facet normal 0.6593458151000635 0.7518398074789822 0
    outer loop
      vertex 253.8079689783217 -0.9620310216782975 0.9999999999999991
      vertex 253.8079689783217 -0.9620310216782975 3.1999999999999993
      vertex 254.11283957007296 -1.2293953549028291 0.9999999999999991
    endloop
  endfacet
  facet normal 0.7518398074789909 0.6593458151000534 0
    outer loop
      vertex 253.8079689783217 -0.9620310216782975 0.9999999999999991
      vertex 253.54060464509718 -0.6571604299270342 0.9999999999999991
      vertex 253.54060464509718 -0.6571604299270342 3.1999999999999993
    endloop
  endfacet
  facet normal 0.4422886902189671 0.896872741532705 0
    outer loop
      vertex 254.45 -1.4546787517317599 0.9999999999999991
      vertex 254.54190240013574 -1.5 3.1999999999999993
      vertex 254.54190240013574 -1.5 0.9999999999999991
    endloop
  endfacet
  facet normal 0.8314696123025483 0.5555702330195974 0
    outer loop
      vertex 253.54060464509718 -0.6571604299270342 0.9999999999999991
      vertex 253.31532124826825 -0.32000000000000006 3.1999999999999993
      vertex 253.54060464509718 -0.6571604299270342 3.1999999999999993
    endloop
  endfacet
  facet normal 0.8968727415326851 0.44228869021900763 0
    outer loop
      vertex 253.31532124826825 -0.32000000000000006 0.9999999999999991
      vertex 253.13597344921502 0.04368135966822173 3.1999999999999993
      vertex 253.31532124826825 -0.32000000000000006 3.1999999999999993
    endloop
  endfacet
  facet normal 0.9469301294951015 0.32143946530317397 0
    outer loop
      vertex 253.13597344921502 0.04368135966822173 0.9999999999999991
      vertex 253.0056299385039 0.4276609601821857 3.1999999999999993
      vertex 253.13597344921502 0.04368135966822173 3.1999999999999993
    endloop
  endfacet
  facet normal 0.9807852804032375 0.19509032201609267 0
    outer loop
      vertex 253.0056299385039 0.4276609601821857 0.9999999999999991
      vertex 252.9265209297412 0.8253688041178401 3.1999999999999993
      vertex 253.0056299385039 0.4276609601821857 3.1999999999999993
    endloop
  endfacet
  facet normal 0.9978589232386021 0.06540312923016262 0
    outer loop
      vertex 252.9265209297412 0.8253688041178401 0.9999999999999991
      vertex 252.9 1.23 3.1999999999999993
      vertex 252.9265209297412 0.8253688041178401 3.1999999999999993
    endloop
  endfacet
  facet normal 0.7518398074789909 0.6593458151000534 0
    outer loop
      vertex 253.8079689783217 -0.9620310216782975 0.9999999999999991
      vertex 253.54060464509718 -0.6571604299270342 3.1999999999999993
      vertex 253.8079689783217 -0.9620310216782975 3.1999999999999993
    endloop
  endfacet
  facet normal 0.6593458151000635 0.7518398074789822 0
    outer loop
      vertex 254.11283957007296 -1.2293953549028291 0.9999999999999991
      vertex 253.8079689783217 -0.9620310216782975 3.1999999999999993
      vertex 254.11283957007296 -1.2293953549028291 3.1999999999999993
    endloop
  endfacet
  facet normal 0.5555702330196128 0.8314696123025381 0
    outer loop
      vertex 254.45 -1.4546787517317599 0.9999999999999991
      vertex 254.11283957007296 -1.2293953549028291 3.1999999999999993
      vertex 254.45 -1.4546787517317599 3.1999999999999993
    endloop
  endfacet
  facet normal 0.4422886902189671 0.896872741532705 0
    outer loop
      vertex 254.45 -1.4546787517317599 0.9999999999999991
      vertex 254.45 -1.4546787517317599 3.1999999999999993
      vertex 254.54190240013574 -1.5 3.1999999999999993
    endloop
  endfacet
  facet normal 0.9978589232386021 -0.0654031292301626 0
    outer loop
      vertex 252.9 1.23 0.9999999999999991
      vertex 252.9265209297412 1.63463119588216 0.9999999999999991
      vertex 252.9265209297412 1.63463119588216 3.1999999999999993
    endloop
  endfacet
  facet normal 0.9807852804032375 -0.19509032201609272 0
    outer loop
      vertex 252.9265209297412 1.63463119588216 0.9999999999999991
      vertex 253.0056299385039 2.0323390398178143 0.9999999999999991
      vertex 253.0056299385039 2.0323390398178143 3.1999999999999993
    endloop
  endfacet
  facet normal 0.9469301294951015 -0.32143946530317397 0
    outer loop
      vertex 253.0056299385039 2.0323390398178143 0.9999999999999991
      vertex 253.13597344921502 2.4163186403317782 0.9999999999999991
      vertex 253.13597344921502 2.4163186403317782 3.1999999999999993
    endloop
  endfacet
  facet normal 0.8968727415326854 -0.4422886902190074 0
    outer loop
      vertex 253.13597344921502 2.4163186403317782 0.9999999999999991
      vertex 253.31532124826825 2.7800000000000002 0.9999999999999991
      vertex 253.31532124826825 2.7800000000000002 3.1999999999999993
    endloop
  endfacet
  facet normal 0.8314696123025483 -0.5555702330195977 0
    outer loop
      vertex 253.31532124826825 2.7800000000000002 0.9999999999999991
      vertex 253.54060464509718 3.117160429927034 0.9999999999999991
      vertex 253.54060464509718 3.117160429927034 3.1999999999999993
    endloop
  endfacet
  facet normal 0.7518398074789909 -0.6593458151000534 0
    outer loop
      vertex 253.54060464509718 3.117160429927034 0.9999999999999991
      vertex 253.8079689783217 3.4220310216782974 0.9999999999999991
      vertex 253.8079689783217 3.4220310216782974 3.1999999999999993
    endloop
  endfacet
  facet normal 0.6593458151000635 -0.7518398074789822 0
    outer loop
      vertex 253.8079689783217 3.4220310216782974 0.9999999999999991
      vertex 254.11283957007296 3.689395354902829 0.9999999999999991
      vertex 254.11283957007296 3.689395354902829 3.1999999999999993
    endloop
  endfacet
  facet normal 0.5555702330196128 -0.8314696123025381 0
    outer loop
      vertex 254.11283957007296 3.689395354902829 0.9999999999999991
      vertex 254.45 3.91467875173176 0.9999999999999991
      vertex 254.45 3.91467875173176 3.1999999999999993
    endloop
  endfacet
  facet normal 0.44228869021900213 -0.8968727415326878 0
    outer loop
      vertex 254.45 3.91467875173176 0.9999999999999991
      vertex 254.8136813596682 4.094026550784989 0.9999999999999991
      vertex 254.8136813596682 4.094026550784989 3.1999999999999993
    endloop
  endfacet
  facet normal 0.9978589232386021 -0.0654031292301626 0
    outer loop
      vertex 252.9 1.23 0.9999999999999991
      vertex 252.9265209297412 1.63463119588216 3.1999999999999993
      vertex 252.9 1.23 3.1999999999999993
    endloop
  endfacet
  facet normal 0.9807852804032375 -0.19509032201609272 0
    outer loop
      vertex 252.9265209297412 1.63463119588216 0.9999999999999991
      vertex 253.0056299385039 2.0323390398178143 3.1999999999999993
      vertex 252.9265209297412 1.63463119588216 3.1999999999999993
    endloop
  endfacet
  facet normal 0.9469301294951015 -0.32143946530317397 0
    outer loop
      vertex 253.0056299385039 2.0323390398178143 0.9999999999999991
      vertex 253.13597344921502 2.4163186403317782 3.1999999999999993
      vertex 253.0056299385039 2.0323390398178143 3.1999999999999993
    endloop
  endfacet
  facet normal 0.8968727415326854 -0.4422886902190074 0
    outer loop
      vertex 253.13597344921502 2.4163186403317782 0.9999999999999991
      vertex 253.31532124826825 2.7800000000000002 3.1999999999999993
      vertex 253.13597344921502 2.4163186403317782 3.1999999999999993
    endloop
  endfacet
  facet normal 0.8314696123025483 -0.5555702330195977 0
    outer loop
      vertex 253.31532124826825 2.7800000000000002 0.9999999999999991
      vertex 253.54060464509718 3.117160429927034 3.1999999999999993
      vertex 253.31532124826825 2.7800000000000002 3.1999999999999993
    endloop
  endfacet
  facet normal 0.7518398074789909 -0.6593458151000534 0
    outer loop
      vertex 253.54060464509718 3.117160429927034 0.9999999999999991
      vertex 253.8079689783217 3.4220310216782974 3.1999999999999993
      vertex 253.54060464509718 3.117160429927034 3.1999999999999993
    endloop
  endfacet
  facet normal 0.6593458151000635 -0.7518398074789822 0
    outer loop
      vertex 253.8079689783217 3.4220310216782974 0.9999999999999991
      vertex 254.11283957007296 3.689395354902829 3.1999999999999993
      vertex 253.8079689783217 3.4220310216782974 3.1999999999999993
    endloop
  endfacet
  facet normal 0.5555702330196128 -0.8314696123025381 0
    outer loop
      vertex 254.11283957007296 3.689395354902829 0.9999999999999991
      vertex 254.45 3.91467875173176 3.1999999999999993
      vertex 254.11283957007296 3.689395354902829 3.1999999999999993
    endloop
  endfacet
  facet normal 0.44228869021900213 -0.8968727415326878 0
    outer loop
      vertex 254.45 3.91467875173176 0.9999999999999991
      vertex 254.8136813596682 4.094026550784989 3.1999999999999993
      vertex 254.45 3.91467875173176 3.1999999999999993
    endloop
  endfacet
  facet normal 0.3214394653031489 -0.94693012949511 0
    outer loop
      vertex 254.8136813596682 4.094026550784989 0.9999999999999991
      vertex 255.1976609601822 4.224370061496112 3.1999999999999993
      vertex 254.8136813596682 4.094026550784989 3.1999999999999993
    endloop
  endfacet
  facet normal -0.4422886902190772 0.8968727415326508 0
    outer loop
      vertex 257.4580975998643 -1.5 0.9999999999999991
      vertex 257.55 -1.4546787517317599 3.1999999999999993
      vertex 257.55 -1.4546787517317599 0.9999999999999991
    endloop
  endfacet
  facet normal -0.5555702330196453 0.8314696123025166 0
    outer loop
      vertex 257.55 -1.4546787517317599 0.9999999999999991
      vertex 257.55 -1.4546787517317599 3.1999999999999993
      vertex 257.887160429927 -1.2293953549028291 0.9999999999999991
    endloop
  endfacet
  facet normal -0.6593458151000288 0.7518398074790126 0
    outer loop
      vertex 257.887160429927 -1.2293953549028291 0.9999999999999991
      vertex 257.887160429927 -1.2293953549028291 3.1999999999999993
      vertex 258.1920310216783 -0.9620310216782975 0.9999999999999991
    endloop
  endfacet
  facet normal -0.4422886902190772 0.8968727415326508 0
    outer loop
      vertex 257.4580975998643 -1.5 0.9999999999999991
      vertex 257.4580975998643 -1.5 3.1999999999999993
      vertex 257.55 -1.4546787517317599 3.1999999999999993
    endloop
  endfacet
  facet normal -0.5555702330196453 0.8314696123025166 0
    outer loop
      vertex 257.887160429927 -1.2293953549028291 0.9999999999999991
      vertex 257.55 -1.4546787517317599 3.1999999999999993
      vertex 257.887160429927 -1.2293953549028291 3.1999999999999993
    endloop
  endfacet
  facet normal 0.3214394653031489 -0.94693012949511 0
    outer loop
      vertex 254.8136813596682 4.094026550784989 0.9999999999999991
      vertex 255.1976609601822 4.224370061496112 0.9999999999999991
      vertex 255.1976609601822 4.224370061496112 3.1999999999999993
    endloop
  endfacet
  facet normal -0.32143946530317025 -0.9469301294951028 0
    outer loop
      vertex 257.18631864033176 4.094026550784989 0.9999999999999991
      vertex 257.18631864033176 4.094026550784989 3.1999999999999993
      vertex 256.8023390398178 4.224370061496112 0.9999999999999991
    endloop
  endfacet
  facet normal -0.4422886902189743 -0.8968727415327016 0
    outer loop
      vertex 257.18631864033176 4.094026550784989 0.9999999999999991
      vertex 257.55 3.91467875173176 0.9999999999999991
      vertex 257.55 3.91467875173176 3.1999999999999993
    endloop
  endfacet
  facet normal -0.5555702330196453 -0.8314696123025166 0
    outer loop
      vertex 257.55 3.91467875173176 0.9999999999999991
      vertex 257.887160429927 3.689395354902829 0.9999999999999991
      vertex 257.887160429927 3.689395354902829 3.1999999999999993
    endloop
  endfacet
  facet normal -0.32143946530317025 -0.9469301294951028 0
    outer loop
      vertex 256.8023390398178 4.224370061496112 0.9999999999999991
      vertex 257.18631864033176 4.094026550784989 3.1999999999999993
      vertex 256.8023390398178 4.224370061496112 3.1999999999999993
    endloop
  endfacet
  facet normal -0.4422886902189743 -0.8968727415327016 0
    outer loop
      vertex 257.18631864033176 4.094026550784989 0.9999999999999991
      vertex 257.55 3.91467875173176 3.1999999999999993
      vertex 257.18631864033176 4.094026550784989 3.1999999999999993
    endloop
  endfacet
  facet normal -0.6593458151000288 -0.7518398074790126 0
    outer loop
      vertex 257.887160429927 3.689395354902829 0.9999999999999991
      vertex 258.1920310216783 3.4220310216782974 3.1999999999999993
      vertex 257.887160429927 3.689395354902829 3.1999999999999993
    endloop
  endfacet
  facet normal -0.5555702330196453 -0.8314696123025166 0
    outer loop
      vertex 257.55 3.91467875173176 0.9999999999999991
      vertex 257.887160429927 3.689395354902829 3.1999999999999993
      vertex 257.55 3.91467875173176 3.1999999999999993
    endloop
  endfacet
  facet normal 0.19509032201613102 -0.9807852804032299 0
    outer loop
      vertex 255.1976609601822 4.224370061496112 0.9999999999999991
      vertex 255.59536880411784 4.303479070258812 0.9999999999999991
      vertex 255.59536880411784 4.303479070258812 3.1999999999999993
    endloop
  endfacet
  facet normal 0.06540312923014291 -0.9978589232386036 0
    outer loop
      vertex 255.59536880411784 4.303479070258812 0.9999999999999991
      vertex 256 4.33 0.9999999999999991
      vertex 256 4.33 3.1999999999999993
    endloop
  endfacet
  facet normal -0.06540312923014747 -0.9978589232386033 0
    outer loop
      vertex 256 4.33 0.9999999999999991
      vertex 256.40463119588213 4.303479070258812 0.9999999999999991
      vertex 256.40463119588213 4.303479070258812 3.1999999999999993
    endloop
  endfacet
  facet normal -0.1950903220161176 -0.9807852804032325 0
    outer loop
      vertex 256.40463119588213 4.303479070258812 0.9999999999999991
      vertex 256.8023390398178 4.224370061496112 0.9999999999999991
      vertex 256.8023390398178 4.224370061496112 3.1999999999999993
    endloop
  endfacet
  facet normal 0.19509032201613102 -0.9807852804032299 0
    outer loop
      vertex 255.1976609601822 4.224370061496112 0.9999999999999991
      vertex 255.59536880411784 4.303479070258812 3.1999999999999993
      vertex 255.1976609601822 4.224370061496112 3.1999999999999993
    endloop
  endfacet
  facet normal 0.06540312923014291 -0.9978589232386036 0
    outer loop
      vertex 255.59536880411784 4.303479070258812 0.9999999999999991
      vertex 256 4.33 3.1999999999999993
      vertex 255.59536880411784 4.303479070258812 3.1999999999999993
    endloop
  endfacet
  facet normal -0.06540312923014747 -0.9978589232386033 0
    outer loop
      vertex 256 4.33 0.9999999999999991
      vertex 256.40463119588213 4.303479070258812 3.1999999999999993
      vertex 256 4.33 3.1999999999999993
    endloop
  endfacet
  facet normal -0.1950903220161176 -0.9807852804032325 0
    outer loop
      vertex 256.40463119588213 4.303479070258812 0.9999999999999991
      vertex 256.8023390398178 4.224370061496112 3.1999999999999993
      vertex 256.40463119588213 4.303479070258812 3.1999999999999993
    endloop
  endfacet
  facet normal 0 0 1
    outer loop
      vertex 257.887160429927 -1.2293953549028291 0.9999999999999991
      vertex 258.1920310216783 -0.9620310216782975 0.9999999999999991
      vertex 258.1920310216783 3.4220310216782974 0.9999999999999991
    endloop
  endfacet
  facet normal 0 0 1
    outer loop
      vertex 258.1920310216783 -0.9620310216782975 0.9999999999999991
      vertex 258.4593953549028 -0.6571604299270342 0.9999999999999991
      vertex 258.4593953549028 3.117160429927034 0.9999999999999991
    endloop
  endfacet
  facet normal 0 0 1
    outer loop
      vertex 258.4593953549028 -0.6571604299270342 0.9999999999999991
      vertex 258.6846787517318 -0.32000000000000006 0.9999999999999991
      vertex 258.6846787517318 2.7800000000000002 0.9999999999999991
    endloop
  endfacet
  facet normal 0 0 1
    outer loop
      vertex 258.6846787517318 -0.32000000000000006 0.9999999999999991
      vertex 258.864026550785 0.04368135966822173 0.9999999999999991
      vertex 258.864026550785 2.4163186403317782 0.9999999999999991
    endloop
  endfacet
  facet normal 0 0 1
    outer loop
      vertex 258.864026550785 0.04368135966822173 0.9999999999999991
      vertex 258.9943700614961 0.4276609601821857 0.9999999999999991
      vertex 258.9943700614961 2.0323390398178143 0.9999999999999991
    endloop
  endfacet
  facet normal 0 0 1
    outer loop
      vertex 258.9943700614961 0.4276609601821857 0.9999999999999991
      vertex 259.0734790702588 0.8253688041178401 0.9999999999999991
      vertex 259.0734790702588 1.63463119588216 0.9999999999999991
    endloop
  endfacet
  facet normal 0 0 1
    outer loop
      vertex 259.0734790702588 0.8253688041178401 0.9999999999999991
      vertex 259.1 1.23 0.9999999999999991
      vertex 259.0734790702588 1.63463119588216 0.9999999999999991
    endloop
  endfacet
  facet normal 0 0 1
    outer loop
      vertex 258.1920310216783 -0.9620310216782975 0.9999999999999991
      vertex 258.4593953549028 3.117160429927034 0.9999999999999991
      vertex 258.1920310216783 3.4220310216782974 0.9999999999999991
    endloop
  endfacet
  facet normal 0 0 1
    outer loop
      vertex 258.6846787517318 -0.32000000000000006 0.9999999999999991
      vertex 258.864026550785 2.4163186403317782 0.9999999999999991
      vertex 258.6846787517318 2.7800000000000002 0.9999999999999991
    endloop
  endfacet
  facet normal 0 0 1
    outer loop
      vertex 258.4593953549028 -0.6571604299270342 0.9999999999999991
      vertex 258.6846787517318 2.7800000000000002 0.9999999999999991
      vertex 258.4593953549028 3.117160429927034 0.9999999999999991
    endloop
  endfacet
  facet normal 0 0 1
    outer loop
      vertex 258.864026550785 0.04368135966822173 0.9999999999999991
      vertex 258.9943700614961 2.0323390398178143 0.9999999999999991
      vertex 258.864026550785 2.4163186403317782 0.9999999999999991
    endloop
  endfacet
  facet normal 0 0 1
    outer loop
      vertex 258.9943700614961 0.4276609601821857 0.9999999999999991
      vertex 259.0734790702588 1.63463119588216 0.9999999999999991
      vertex 258.9943700614961 2.0323390398178143 0.9999999999999991
    endloop
  endfacet
  facet normal -0.7518398074789909 0.6593458151000534 0
    outer loop
      vertex 258.1920310216783 -0.9620310216782975 0.9999999999999991
      vertex 258.1920310216783 -0.9620310216782975 3.1999999999999993
      vertex 258.4593953549028 -0.6571604299270342 0.9999999999999991
    endloop
  endfacet
  facet normal -0.8314696123025161 0.5555702330196459 0
    outer loop
      vertex 258.4593953549028 -0.6571604299270342 0.9999999999999991
      vertex 258.4593953549028 -0.6571604299270342 3.1999999999999993
      vertex 258.6846787517318 -0.32000000000000006 0.9999999999999991
    endloop
  endfacet
  facet normal -0.8968727415326851 0.44228869021900763 0
    outer loop
      vertex 258.6846787517318 -0.32000000000000006 0.9999999999999991
      vertex 258.6846787517318 -0.32000000000000006 3.1999999999999993
      vertex 258.864026550785 0.04368135966822173 0.9999999999999991
    endloop
  endfacet
  facet normal -0.9469301294951228 0.3214394653031111 0
    outer loop
      vertex 258.864026550785 0.04368135966822173 0.9999999999999991
      vertex 258.864026550785 0.04368135966822173 3.1999999999999993
      vertex 258.9943700614961 0.4276609601821857 0.9999999999999991
    endloop
  endfacet
  facet normal -0.9807852804032241 0.19509032201616006 0
    outer loop
      vertex 258.9943700614961 0.4276609601821857 0.9999999999999991
      vertex 258.9943700614961 0.4276609601821857 3.1999999999999993
      vertex 259.0734790702588 0.8253688041178401 0.9999999999999991
    endloop
  endfacet
  facet normal -0.9978589232386021 0.06540312923016262 0
    outer loop
      vertex 259.0734790702588 0.8253688041178401 0.9999999999999991
      vertex 259.0734790702588 0.8253688041178401 3.1999999999999993
      vertex 259.1 1.23 0.9999999999999991
    endloop
  endfacet
  facet normal -0.6593458151000288 0.7518398074790126 0
    outer loop
      vertex 258.1920310216783 -0.9620310216782975 0.9999999999999991
      vertex 257.887160429927 -1.2293953549028291 3.1999999999999993
      vertex 258.1920310216783 -0.9620310216782975 3.1999999999999993
    endloop
  endfacet
  facet normal -0.7518398074789909 0.6593458151000534 0
    outer loop
      vertex 258.4593953549028 -0.6571604299270342 0.9999999999999991
      vertex 258.1920310216783 -0.9620310216782975 3.1999999999999993
      vertex 258.4593953549028 -0.6571604299270342 3.1999999999999993
    endloop
  endfacet
  facet normal -0.8314696123025161 0.5555702330196459 0
    outer loop
      vertex 258.6846787517318 -0.32000000000000006 0.9999999999999991
      vertex 258.4593953549028 -0.6571604299270342 3.1999999999999993
      vertex 258.6846787517318 -0.32000000000000006 3.1999999999999993
    endloop
  endfacet
  facet normal -0.8968727415326851 0.44228869021900763 0
    outer loop
      vertex 258.864026550785 0.04368135966822173 0.9999999999999991
      vertex 258.6846787517318 -0.32000000000000006 3.1999999999999993
      vertex 258.864026550785 0.04368135966822173 3.1999999999999993
    endloop
  endfacet
  facet normal -0.9469301294951228 0.3214394653031111 0
    outer loop
      vertex 258.9943700614961 0.4276609601821857 0.9999999999999991
      vertex 258.864026550785 0.04368135966822173 3.1999999999999993
      vertex 258.9943700614961 0.4276609601821857 3.1999999999999993
    endloop
  endfacet
  facet normal -0.9807852804032241 0.19509032201616006 0
    outer loop
      vertex 259.0734790702588 0.8253688041178401 0.9999999999999991
      vertex 258.9943700614961 0.4276609601821857 3.1999999999999993
      vertex 259.0734790702588 0.8253688041178401 3.1999999999999993
    endloop
  endfacet
  facet normal -0.9978589232386021 0.06540312923016262 0
    outer loop
      vertex 259.1 1.23 0.9999999999999991
      vertex 259.0734790702588 0.8253688041178401 3.1999999999999993
      vertex 259.1 1.23 3.1999999999999993
    endloop
  endfacet
  facet normal -0.9978589232386021 -0.0654031292301626 0
    outer loop
      vertex 259.1 1.23 0.9999999999999991
      vertex 259.1 1.23 3.1999999999999993
      vertex 259.0734790702588 1.63463119588216 0.9999999999999991
    endloop
  endfacet
  facet normal -0.9807852804032241 -0.1950903220161601 0
    outer loop
      vertex 259.0734790702588 1.63463119588216 0.9999999999999991
      vertex 259.0734790702588 1.63463119588216 3.1999999999999993
      vertex 258.9943700614961 2.0323390398178143 0.9999999999999991
    endloop
  endfacet
  facet normal -0.9469301294951228 -0.3214394653031111 0
    outer loop
      vertex 258.9943700614961 2.0323390398178143 0.9999999999999991
      vertex 258.9943700614961 2.0323390398178143 3.1999999999999993
      vertex 258.864026550785 2.4163186403317782 0.9999999999999991
    endloop
  endfacet
  facet normal -0.8968727415326854 -0.4422886902190074 0
    outer loop
      vertex 258.864026550785 2.4163186403317782 0.9999999999999991
      vertex 258.864026550785 2.4163186403317782 3.1999999999999993
      vertex 258.6846787517318 2.7800000000000002 0.9999999999999991
    endloop
  endfacet
  facet normal -0.7518398074789909 -0.6593458151000534 0
    outer loop
      vertex 258.1920310216783 3.4220310216782974 0.9999999999999991
      vertex 258.4593953549028 3.117160429927034 0.9999999999999991
      vertex 258.4593953549028 3.117160429927034 3.1999999999999993
    endloop
  endfacet
  facet normal -0.8314696123025159 -0.5555702330196461 0
    outer loop
      vertex 258.6846787517318 2.7800000000000002 0.9999999999999991
      vertex 258.6846787517318 2.7800000000000002 3.1999999999999993
      vertex 258.4593953549028 3.117160429927034 0.9999999999999991
    endloop
  endfacet
  facet normal -0.6593458151000288 -0.7518398074790126 0
    outer loop
      vertex 257.887160429927 3.689395354902829 0.9999999999999991
      vertex 258.1920310216783 3.4220310216782974 0.9999999999999991
      vertex 258.1920310216783 3.4220310216782974 3.1999999999999993
    endloop
  endfacet
  facet normal -0.8968727415326854 -0.4422886902190074 0
    outer loop
      vertex 258.6846787517318 2.7800000000000002 0.9999999999999991
      vertex 258.864026550785 2.4163186403317782 3.1999999999999993
      vertex 258.6846787517318 2.7800000000000002 3.1999999999999993
    endloop
  endfacet
  facet normal -0.9978589232386021 -0.0654031292301626 0
    outer loop
      vertex 259.0734790702588 1.63463119588216 0.9999999999999991
      vertex 259.1 1.23 3.1999999999999993
      vertex 259.0734790702588 1.63463119588216 3.1999999999999993
    endloop
  endfacet
  facet normal -0.9807852804032241 -0.1950903220161601 0
    outer loop
      vertex 258.9943700614961 2.0323390398178143 0.9999999999999991
      vertex 259.0734790702588 1.63463119588216 3.1999999999999993
      vertex 258.9943700614961 2.0323390398178143 3.1999999999999993
    endloop
  endfacet
  facet normal -0.9469301294951228 -0.3214394653031111 0
    outer loop
      vertex 258.864026550785 2.4163186403317782 0.9999999999999991
      vertex 258.9943700614961 2.0323390398178143 3.1999999999999993
      vertex 258.864026550785 2.4163186403317782 3.1999999999999993
    endloop
  endfacet
  facet normal -0.7518398074789909 -0.6593458151000534 0
    outer loop
      vertex 258.1920310216783 3.4220310216782974 0.9999999999999991
      vertex 258.4593953549028 3.117160429927034 3.1999999999999993
      vertex 258.1920310216783 3.4220310216782974 3.1999999999999993
    endloop
  endfacet
  facet normal -0.8314696123025159 -0.5555702330196461 0
    outer loop
      vertex 258.4593953549028 3.117160429927034 0.9999999999999991
      vertex 258.6846787517318 2.7800000000000002 3.1999999999999993
      vertex 258.4593953549028 3.117160429927034 3.1999999999999993
    endloop
  endfacet
  facet normal 0.06540312923013578 0.997858923238604 0
    outer loop
      vertex 255.7781054732259 15.544543735664522 0
      vertex 255.7781054732259 15.544543735664522 0.9999999999999991
      vertex 256 15.530000000000001 0
    endloop
  endfacet
  facet normal -0.06540312923014413 0.9978589232386036 0
    outer loop
      vertex 256 15.530000000000001 0
      vertex 256 15.530000000000001 0.9999999999999991
      vertex 256.22189452677407 15.544543735664522 0
    endloop
  endfacet
  facet normal 0.06540312923013578 0.997858923238604 0
    outer loop
      vertex 256 15.530000000000001 0
      vertex 255.7781054732259 15.544543735664522 0.9999999999999991
      vertex 256 15.530000000000001 0.9999999999999991
    endloop
  endfacet
  facet normal -0.06540312923014413 0.9978589232386036 0
    outer loop
      vertex 256.22189452677407 15.544543735664522 0
      vertex 256 15.530000000000001 0.9999999999999991
      vertex 256.22189452677407 15.544543735664522 0.9999999999999991
    endloop
  endfacet
  facet normal 0.7518398074789362 0.6593458151001158 0
    outer loop
      vertex 254.79791847198288 16.02791847198287 0
      vertex 254.6512993215049 16.195105570685175 0
      vertex 254.6512993215049 16.195105570685175 0.9999999999999991
    endloop
  endfacet
  facet normal 0.6593458151000774 0.7518398074789698 0
    outer loop
      vertex 254.96510557068518 15.881299321504901 0
      vertex 254.79791847198288 16.02791847198287 0
      vertex 254.79791847198288 16.02791847198287 0.9999999999999991
    endloop
  endfacet
  facet normal 0.8314696123025291 0.5555702330196264 0
    outer loop
      vertex 254.6512993215049 16.195105570685175 0
      vertex 254.52775681356644 16.38 0
      vertex 254.52775681356644 16.38 0.9999999999999991
    endloop
  endfacet
  facet normal 0.8968727415326907 0.4422886902189963 0
    outer loop
      vertex 254.4294047947308 16.579438164979347 0
      vertex 254.4294047947308 16.579438164979347 0.9999999999999991
      vertex 254.52775681356644 16.38 0
    endloop
  endfacet
  facet normal 0.9469301294951237 0.3214394653031084 0
    outer loop
      vertex 254.4294047947308 16.579438164979347 0
      vertex 254.35792609530858 16.790007623325714 0
      vertex 254.35792609530858 16.790007623325714 0.9999999999999991
    endloop
  endfacet
  facet normal 0.9807852804032356 0.19509032201610227 0
    outer loop
      vertex 254.35792609530858 16.790007623325714 0
      vertex 254.31454373566453 17.008105473225914 0
      vertex 254.31454373566453 17.008105473225914 0.9999999999999991
    endloop
  endfacet
  facet normal 0.8314696123025291 0.5555702330196264 0
    outer loop
      vertex 254.6512993215049 16.195105570685175 0
      vertex 254.52775681356644 16.38 0.9999999999999991
      vertex 254.6512993215049 16.195105570685175 0.9999999999999991
    endloop
  endfacet
  facet normal 0.7518398074789362 0.6593458151001158 0
    outer loop
      vertex 254.79791847198288 16.02791847198287 0
      vertex 254.6512993215049 16.195105570685175 0.9999999999999991
      vertex 254.79791847198288 16.02791847198287 0.9999999999999991
    endloop
  endfacet
  facet normal 0.6593458151000774 0.7518398074789698 0
    outer loop
      vertex 254.96510557068518 15.881299321504901 0
      vertex 254.79791847198288 16.02791847198287 0.9999999999999991
      vertex 254.96510557068518 15.881299321504901 0.9999999999999991
    endloop
  endfacet
  facet normal 0.8968727415326907 0.4422886902189963 0
    outer loop
      vertex 254.52775681356644 16.38 0
      vertex 254.4294047947308 16.579438164979347 0.9999999999999991
      vertex 254.52775681356644 16.38 0.9999999999999991
    endloop
  endfacet
  facet normal 0.9469301294951237 0.3214394653031084 0
    outer loop
      vertex 254.4294047947308 16.579438164979347 0
      vertex 254.35792609530858 16.790007623325714 0.9999999999999991
      vertex 254.4294047947308 16.579438164979347 0.9999999999999991
    endloop
  endfacet
  facet normal 0.9807852804032356 0.19509032201610227 0
    outer loop
      vertex 254.35792609530858 16.790007623325714 0
      vertex 254.31454373566453 17.008105473225914 0.9999999999999991
      vertex 254.35792609530858 16.790007623325714 0.9999999999999991
    endloop
  endfacet
  facet normal 0.9978589232386048 0.06540312923012195 0
    outer loop
      vertex 254.31454373566453 17.008105473225914 0
      vertex 254.3 17.23 0
      vertex 254.3 17.23 0.9999999999999991
    endloop
  endfacet
  facet normal 0.9978589232386048 -0.06540312923012195 0
    outer loop
      vertex 254.3 17.23 0
      vertex 254.31454373566453 17.451894526774087 0
      vertex 254.31454373566453 17.451894526774087 0.9999999999999991
    endloop
  endfacet
  facet normal 0.9807852804032356 -0.19509032201610227 0
    outer loop
      vertex 254.31454373566453 17.451894526774087 0
      vertex 254.35792609530858 17.669992376674287 0
      vertex 254.35792609530858 17.669992376674287 0.9999999999999991
    endloop
  endfacet
  facet normal 0.9469301294951237 -0.3214394653031084 0
    outer loop
      vertex 254.35792609530858 17.669992376674287 0
      vertex 254.4294047947308 17.880561835020654 0
      vertex 254.4294047947308 17.880561835020654 0.9999999999999991
    endloop
  endfacet
  facet normal 0.8968727415326907 -0.4422886902189963 0
    outer loop
      vertex 254.4294047947308 17.880561835020654 0
      vertex 254.52775681356644 18.080000000000002 0
      vertex 254.52775681356644 18.080000000000002 0.9999999999999991
    endloop
  endfacet
  facet normal 0.8314696123025291 -0.5555702330196264 0
    outer loop
      vertex 254.52775681356644 18.080000000000002 0
      vertex 254.6512993215049 18.264894429314825 0
      vertex 254.6512993215049 18.264894429314825 0.9999999999999991
    endloop
  endfacet
  facet normal 0.7518398074789362 -0.6593458151001158 0
    outer loop
      vertex 254.6512993215049 18.264894429314825 0
      vertex 254.79791847198288 18.432081528017132 0
      vertex 254.79791847198288 18.432081528017132 0.9999999999999991
    endloop
  endfacet
  facet normal 0.9978589232386048 0.06540312923012195 0
    outer loop
      vertex 254.31454373566453 17.008105473225914 0
      vertex 254.3 17.23 0.9999999999999991
      vertex 254.31454373566453 17.008105473225914 0.9999999999999991
    endloop
  endfacet
  facet normal 0.9978589232386048 -0.06540312923012195 0
    outer loop
      vertex 254.3 17.23 0
      vertex 254.31454373566453 17.451894526774087 0.9999999999999991
      vertex 254.3 17.23 0.9999999999999991
    endloop
  endfacet
  facet normal 0.9807852804032356 -0.19509032201610227 0
    outer loop
      vertex 254.31454373566453 17.451894526774087 0
      vertex 254.35792609530858 17.669992376674287 0.9999999999999991
      vertex 254.31454373566453 17.451894526774087 0.9999999999999991
    endloop
  endfacet
  facet normal 0.9469301294951237 -0.3214394653031084 0
    outer loop
      vertex 254.35792609530858 17.669992376674287 0
      vertex 254.4294047947308 17.880561835020654 0.9999999999999991
      vertex 254.35792609530858 17.669992376674287 0.9999999999999991
    endloop
  endfacet
  facet normal 0.8968727415326907 -0.4422886902189963 0
    outer loop
      vertex 254.4294047947308 17.880561835020654 0
      vertex 254.52775681356644 18.080000000000002 0.9999999999999991
      vertex 254.4294047947308 17.880561835020654 0.9999999999999991
    endloop
  endfacet
  facet normal 0.8314696123025291 -0.5555702330196264 0
    outer loop
      vertex 254.52775681356644 18.080000000000002 0
      vertex 254.6512993215049 18.264894429314825 0.9999999999999991
      vertex 254.52775681356644 18.080000000000002 0.9999999999999991
    endloop
  endfacet
  facet normal 0.7518398074789362 -0.6593458151001158 0
    outer loop
      vertex 254.6512993215049 18.264894429314825 0
      vertex 254.79791847198288 18.432081528017132 0.9999999999999991
      vertex 254.6512993215049 18.264894429314825 0.9999999999999991
    endloop
  endfacet
  facet normal 0.6593458151000774 -0.7518398074789698 0
    outer loop
      vertex 254.79791847198288 18.432081528017132 0
      vertex 254.96510557068518 18.5787006784951 0
      vertex 254.96510557068518 18.5787006784951 0.9999999999999991
    endloop
  endfacet
  facet normal 0.6593458151000774 -0.7518398074789698 0
    outer loop
      vertex 254.79791847198288 18.432081528017132 0
      vertex 254.96510557068518 18.5787006784951 0.9999999999999991
      vertex 254.79791847198288 18.432081528017132 0.9999999999999991
    endloop
  endfacet
  facet normal 0.5555702330196043 0.8314696123025439 0
    outer loop
      vertex 254.96510557068518 15.881299321504901 0
      vertex 254.96510557068518 15.881299321504901 0.9999999999999991
      vertex 255.15 15.757756813566456 0
    endloop
  endfacet
  facet normal 0.44228869021901546 0.8968727415326813 0
    outer loop
      vertex 255.15 15.757756813566456 0
      vertex 255.15 15.757756813566456 0.9999999999999991
      vertex 255.34943816497935 15.659404794730813 0
    endloop
  endfacet
  facet normal 0.3214394653031803 0.9469301294950992 0
    outer loop
      vertex 255.34943816497935 15.659404794730813 0
      vertex 255.34943816497935 15.659404794730813 0.9999999999999991
      vertex 255.5600076233257 15.587926095308584 0
    endloop
  endfacet
  facet normal 0.19509032201612225 0.9807852804032317 0
    outer loop
      vertex 255.7781054732259 15.544543735664522 0
      vertex 255.5600076233257 15.587926095308584 0
      vertex 255.5600076233257 15.587926095308584 0.9999999999999991
    endloop
  endfacet
  facet normal -0.19509032201609783 0.9807852804032365 0
    outer loop
      vertex 256.22189452677407 15.544543735664522 0
      vertex 256.22189452677407 15.544543735664522 0.9999999999999991
      vertex 256.4399923766743 15.587926095308584 0
    endloop
  endfacet
  facet normal 0.5555702330196043 0.8314696123025439 0
    outer loop
      vertex 254.96510557068518 15.881299321504901 0.9999999999999991
      vertex 255.15 15.757756813566456 0.9999999999999991
      vertex 255.15 15.757756813566456 0
    endloop
  endfacet
  facet normal 0.44228869021901546 0.8968727415326813 0
    outer loop
      vertex 255.34943816497935 15.659404794730813 0
      vertex 255.15 15.757756813566456 0.9999999999999991
      vertex 255.34943816497935 15.659404794730813 0.9999999999999991
    endloop
  endfacet
  facet normal 0.3214394653031803 0.9469301294950992 0
    outer loop
      vertex 255.5600076233257 15.587926095308584 0
      vertex 255.34943816497935 15.659404794730813 0.9999999999999991
      vertex 255.5600076233257 15.587926095308584 0.9999999999999991
    endloop
  endfacet
  facet normal 0.19509032201612225 0.9807852804032317 0
    outer loop
      vertex 255.7781054732259 15.544543735664522 0
      vertex 255.5600076233257 15.587926095308584 0.9999999999999991
      vertex 255.7781054732259 15.544543735664522 0.9999999999999991
    endloop
  endfacet
  facet normal -0.19509032201609783 0.9807852804032365 0
    outer loop
      vertex 256.22189452677407 15.544543735664522 0.9999999999999991
      vertex 256.4399923766743 15.587926095308584 0.9999999999999991
      vertex 256.4399923766743 15.587926095308584 0
    endloop
  endfacet
  facet normal -0.3214394653031803 0.9469301294950992 0
    outer loop
      vertex 256.4399923766743 15.587926095308584 0
      vertex 256.4399923766743 15.587926095308584 0.9999999999999991
      vertex 256.65056183502065 15.659404794730813 0
    endloop
  endfacet
  facet normal -0.4422886902189648 0.8968727415327064 0
    outer loop
      vertex 256.65056183502065 15.659404794730813 0
      vertex 256.65056183502065 15.659404794730813 0.9999999999999991
      vertex 256.85 15.757756813566456 0
    endloop
  endfacet
  facet normal -0.5555702330196632 0.8314696123025044 0
    outer loop
      vertex 256.85 15.757756813566456 0
      vertex 256.85 15.757756813566456 0.9999999999999991
      vertex 257.0348944293148 15.881299321504901 0
    endloop
  endfacet
  facet normal -0.6593458151000774 0.7518398074789698 0
    outer loop
      vertex 257.0348944293148 15.881299321504901 0
      vertex 257.0348944293148 15.881299321504901 0.9999999999999991
      vertex 257.2020815280171 16.02791847198287 0
    endloop
  endfacet
  facet normal -0.7518398074789362 0.6593458151001158 0
    outer loop
      vertex 257.2020815280171 16.02791847198287 0
      vertex 257.2020815280171 16.02791847198287 0.9999999999999991
      vertex 257.3487006784951 16.195105570685175 0
    endloop
  endfacet
  facet normal -0.8314696123025291 0.5555702330196264 0
    outer loop
      vertex 257.3487006784951 16.195105570685175 0
      vertex 257.3487006784951 16.195105570685175 0.9999999999999991
      vertex 257.47224318643356 16.38 0
    endloop
  endfacet
  facet normal -0.8968727415327414 0.44228869021889355 0
    outer loop
      vertex 257.47224318643356 16.38 0
      vertex 257.47224318643356 16.38 0.9999999999999991
      vertex 257.57059520526917 16.579438164979347 0
    endloop
  endfacet
  facet normal -0.9469301294950848 0.321439465303223 0
    outer loop
      vertex 257.57059520526917 16.579438164979347 0
      vertex 257.57059520526917 16.579438164979347 0.9999999999999991
      vertex 257.6420739046914 16.790007623325714 0
    endloop
  endfacet
  facet normal -0.9807852804032356 0.19509032201610227 0
    outer loop
      vertex 257.6420739046914 16.790007623325714 0
      vertex 257.6420739046914 16.790007623325714 0.9999999999999991
      vertex 257.68545626433547 17.008105473225914 0
    endloop
  endfacet
  facet normal -0.3214394653031803 0.9469301294950992 0
    outer loop
      vertex 256.65056183502065 15.659404794730813 0
      vertex 256.4399923766743 15.587926095308584 0.9999999999999991
      vertex 256.65056183502065 15.659404794730813 0.9999999999999991
    endloop
  endfacet
  facet normal -0.4422886902189648 0.8968727415327064 0
    outer loop
      vertex 256.85 15.757756813566456 0
      vertex 256.65056183502065 15.659404794730813 0.9999999999999991
      vertex 256.85 15.757756813566456 0.9999999999999991
    endloop
  endfacet
  facet normal -0.5555702330196632 0.8314696123025044 0
    outer loop
      vertex 257.0348944293148 15.881299321504901 0
      vertex 256.85 15.757756813566456 0.9999999999999991
      vertex 257.0348944293148 15.881299321504901 0.9999999999999991
    endloop
  endfacet
  facet normal -0.6593458151000774 0.7518398074789698 0
    outer loop
      vertex 257.2020815280171 16.02791847198287 0
      vertex 257.0348944293148 15.881299321504901 0.9999999999999991
      vertex 257.2020815280171 16.02791847198287 0.9999999999999991
    endloop
  endfacet
  facet normal -0.7518398074789362 0.6593458151001158 0
    outer loop
      vertex 257.3487006784951 16.195105570685175 0
      vertex 257.2020815280171 16.02791847198287 0.9999999999999991
      vertex 257.3487006784951 16.195105570685175 0.9999999999999991
    endloop
  endfacet
  facet normal -0.8314696123025291 0.5555702330196264 0
    outer loop
      vertex 257.47224318643356 16.38 0
      vertex 257.3487006784951 16.195105570685175 0.9999999999999991
      vertex 257.47224318643356 16.38 0.9999999999999991
    endloop
  endfacet
  facet normal -0.8968727415327414 0.44228869021889355 0
    outer loop
      vertex 257.57059520526917 16.579438164979347 0
      vertex 257.47224318643356 16.38 0.9999999999999991
      vertex 257.57059520526917 16.579438164979347 0.9999999999999991
    endloop
  endfacet
  facet normal -0.9469301294950848 0.321439465303223 0
    outer loop
      vertex 257.6420739046914 16.790007623325714 0
      vertex 257.57059520526917 16.579438164979347 0.9999999999999991
      vertex 257.6420739046914 16.790007623325714 0.9999999999999991
    endloop
  endfacet
  facet normal -0.9807852804032356 0.19509032201610227 0
    outer loop
      vertex 257.68545626433547 17.008105473225914 0
      vertex 257.6420739046914 16.790007623325714 0.9999999999999991
      vertex 257.68545626433547 17.008105473225914 0.9999999999999991
    endloop
  endfacet
  facet normal -0.9978589232386048 0.06540312923012195 0
    outer loop
      vertex 257.68545626433547 17.008105473225914 0
      vertex 257.68545626433547 17.008105473225914 0.9999999999999991
      vertex 257.7 17.23 0
    endloop
  endfacet
  facet normal -0.9978589232386048 -0.06540312923012195 0
    outer loop
      vertex 257.7 17.23 0
      vertex 257.7 17.23 0.9999999999999991
      vertex 257.68545626433547 17.451894526774087 0
    endloop
  endfacet
  facet normal -0.9807852804032356 -0.19509032201610227 0
    outer loop
      vertex 257.68545626433547 17.451894526774087 0
      vertex 257.68545626433547 17.451894526774087 0.9999999999999991
      vertex 257.6420739046914 17.669992376674287 0
    endloop
  endfacet
  facet normal -0.9469301294950848 -0.321439465303223 0
    outer loop
      vertex 257.6420739046914 17.669992376674287 0
      vertex 257.6420739046914 17.669992376674287 0.9999999999999991
      vertex 257.57059520526917 17.880561835020654 0
    endloop
  endfacet
  facet normal -0.8968727415327414 -0.44228869021889355 0
    outer loop
      vertex 257.57059520526917 17.880561835020654 0
      vertex 257.57059520526917 17.880561835020654 0.9999999999999991
      vertex 257.47224318643356 18.080000000000002 0
    endloop
  endfacet
  facet normal -0.8314696123025291 -0.5555702330196264 0
    outer loop
      vertex 257.3487006784951 18.264894429314825 0
      vertex 257.47224318643356 18.080000000000002 0
      vertex 257.47224318643356 18.080000000000002 0.9999999999999991
    endloop
  endfacet
  facet normal -0.7518398074789362 -0.6593458151001158 0
    outer loop
      vertex 257.3487006784951 18.264894429314825 0
      vertex 257.3487006784951 18.264894429314825 0.9999999999999991
      vertex 257.2020815280171 18.432081528017132 0
    endloop
  endfacet
  facet normal -0.9978589232386048 0.06540312923012195 0
    outer loop
      vertex 257.7 17.23 0
      vertex 257.68545626433547 17.008105473225914 0.9999999999999991
      vertex 257.7 17.23 0.9999999999999991
    endloop
  endfacet
  facet normal -0.9978589232386048 -0.06540312923012195 0
    outer loop
      vertex 257.68545626433547 17.451894526774087 0
      vertex 257.7 17.23 0.9999999999999991
      vertex 257.68545626433547 17.451894526774087 0.9999999999999991
    endloop
  endfacet
  facet normal -0.9807852804032356 -0.19509032201610227 0
    outer loop
      vertex 257.6420739046914 17.669992376674287 0
      vertex 257.68545626433547 17.451894526774087 0.9999999999999991
      vertex 257.6420739046914 17.669992376674287 0.9999999999999991
    endloop
  endfacet
  facet normal -0.9469301294950848 -0.321439465303223 0
    outer loop
      vertex 257.57059520526917 17.880561835020654 0
      vertex 257.6420739046914 17.669992376674287 0.9999999999999991
      vertex 257.57059520526917 17.880561835020654 0.9999999999999991
    endloop
  endfacet
  facet normal -0.8968727415327414 -0.44228869021889355 0
    outer loop
      vertex 257.47224318643356 18.080000000000002 0
      vertex 257.57059520526917 17.880561835020654 0.9999999999999991
      vertex 257.47224318643356 18.080000000000002 0.9999999999999991
    endloop
  endfacet
  facet normal -0.8314696123025291 -0.5555702330196264 0
    outer loop
      vertex 257.3487006784951 18.264894429314825 0
      vertex 257.47224318643356 18.080000000000002 0.9999999999999991
      vertex 257.3487006784951 18.264894429314825 0.9999999999999991
    endloop
  endfacet
  facet normal -0.7518398074789362 -0.6593458151001158 0
    outer loop
      vertex 257.3487006784951 18.264894429314825 0.9999999999999991
      vertex 257.2020815280171 18.432081528017132 0.9999999999999991
      vertex 257.2020815280171 18.432081528017132 0
    endloop
  endfacet
  facet normal 0.5555702330196043 -0.8314696123025439 0
    outer loop
      vertex 254.96510557068518 18.5787006784951 0
      vertex 255.15 18.702243186433545 0
      vertex 255.15 18.702243186433545 0.9999999999999991
    endloop
  endfacet
  facet normal 0.4422886902190219 -0.8968727415326782 0
    outer loop
      vertex 255.15 18.702243186433545 0
      vertex 255.34943816497935 18.80059520526919 0
      vertex 255.34943816497935 18.80059520526919 0.9999999999999991
    endloop
  endfacet
  facet normal 0.32143946530316597 -0.9469301294951042 0
    outer loop
      vertex 255.34943816497935 18.80059520526919 0
      vertex 255.5600076233257 18.872073904691415 0
      vertex 255.5600076233257 18.872073904691415 0.9999999999999991
    endloop
  endfacet
  facet normal 0.19509032201612994 -0.9807852804032301 0
    outer loop
      vertex 255.5600076233257 18.872073904691415 0
      vertex 255.7781054732259 18.91545626433548 0
      vertex 255.7781054732259 18.91545626433548 0.9999999999999991
    endloop
  endfacet
  facet normal 0.06540312923013578 -0.997858923238604 0
    outer loop
      vertex 255.7781054732259 18.91545626433548 0
      vertex 256 18.93 0
      vertex 256 18.93 0.9999999999999991
    endloop
  endfacet
  facet normal -0.06540312923014413 -0.9978589232386036 0
    outer loop
      vertex 256 18.93 0
      vertex 256.22189452677407 18.91545626433548 0
      vertex 256.22189452677407 18.91545626433548 0.9999999999999991
    endloop
  endfacet
  facet normal -0.1950903220161055 -0.980785280403235 0
    outer loop
      vertex 256.22189452677407 18.91545626433548 0
      vertex 256.4399923766743 18.872073904691415 0
      vertex 256.4399923766743 18.872073904691415 0.9999999999999991
    endloop
  endfacet
  facet normal 0.5555702330196043 -0.8314696123025439 0
    outer loop
      vertex 254.96510557068518 18.5787006784951 0
      vertex 255.15 18.702243186433545 0.9999999999999991
      vertex 254.96510557068518 18.5787006784951 0.9999999999999991
    endloop
  endfacet
  facet normal 0.4422886902190219 -0.8968727415326782 0
    outer loop
      vertex 255.15 18.702243186433545 0
      vertex 255.34943816497935 18.80059520526919 0.9999999999999991
      vertex 255.15 18.702243186433545 0.9999999999999991
    endloop
  endfacet
  facet normal 0.32143946530316597 -0.9469301294951042 0
    outer loop
      vertex 255.34943816497935 18.80059520526919 0
      vertex 255.5600076233257 18.872073904691415 0.9999999999999991
      vertex 255.34943816497935 18.80059520526919 0.9999999999999991
    endloop
  endfacet
  facet normal 0.19509032201612994 -0.9807852804032301 0
    outer loop
      vertex 255.5600076233257 18.872073904691415 0
      vertex 255.7781054732259 18.91545626433548 0.9999999999999991
      vertex 255.5600076233257 18.872073904691415 0.9999999999999991
    endloop
  endfacet
  facet normal 0.06540312923013578 -0.997858923238604 0
    outer loop
      vertex 255.7781054732259 18.91545626433548 0
      vertex 256 18.93 0.9999999999999991
      vertex 255.7781054732259 18.91545626433548 0.9999999999999991
    endloop
  endfacet
  facet normal -0.06540312923014413 -0.9978589232386036 0
    outer loop
      vertex 256 18.93 0
      vertex 256.22189452677407 18.91545626433548 0.9999999999999991
      vertex 256 18.93 0.9999999999999991
    endloop
  endfacet
  facet normal -0.1950903220161055 -0.980785280403235 0
    outer loop
      vertex 256.22189452677407 18.91545626433548 0
      vertex 256.4399923766743 18.872073904691415 0.9999999999999991
      vertex 256.22189452677407 18.91545626433548 0.9999999999999991
    endloop
  endfacet
  facet normal -0.4422886902189712 -0.8968727415327032 0
    outer loop
      vertex 256.85 18.702243186433545 0
      vertex 256.85 18.702243186433545 0.9999999999999991
      vertex 256.65056183502065 18.80059520526919 0
    endloop
  endfacet
  facet normal -0.32143946530316597 -0.9469301294951042 0
    outer loop
      vertex 256.4399923766743 18.872073904691415 0
      vertex 256.65056183502065 18.80059520526919 0
      vertex 256.65056183502065 18.80059520526919 0.9999999999999991
    endloop
  endfacet
  facet normal -0.5555702330196632 -0.8314696123025044 0
    outer loop
      vertex 256.85 18.702243186433545 0
      vertex 257.0348944293148 18.5787006784951 0
      vertex 257.0348944293148 18.5787006784951 0.9999999999999991
    endloop
  endfacet
  facet normal -0.6593458151000774 -0.7518398074789698 0
    outer loop
      vertex 257.0348944293148 18.5787006784951 0
      vertex 257.2020815280171 18.432081528017132 0
      vertex 257.2020815280171 18.432081528017132 0.9999999999999991
    endloop
  endfacet
  facet normal -0.32143946530316597 -0.9469301294951042 0
    outer loop
      vertex 256.4399923766743 18.872073904691415 0
      vertex 256.65056183502065 18.80059520526919 0.9999999999999991
      vertex 256.4399923766743 18.872073904691415 0.9999999999999991
    endloop
  endfacet
  facet normal -0.4422886902189712 -0.8968727415327032 0
    outer loop
      vertex 256.65056183502065 18.80059520526919 0
      vertex 256.85 18.702243186433545 0.9999999999999991
      vertex 256.65056183502065 18.80059520526919 0.9999999999999991
    endloop
  endfacet
  facet normal -0.5555702330196632 -0.8314696123025044 0
    outer loop
      vertex 256.85 18.702243186433545 0
      vertex 257.0348944293148 18.5787006784951 0.9999999999999991
      vertex 256.85 18.702243186433545 0.9999999999999991
    endloop
  endfacet
  facet normal -0.6593458151000774 -0.7518398074789698 0
    outer loop
      vertex 257.0348944293148 18.5787006784951 0
      vertex 257.2020815280171 18.432081528017132 0.9999999999999991
      vertex 257.0348944293148 18.5787006784951 0.9999999999999991
    endloop
  endfacet
  facet normal 0 0 1
    outer loop
      vertex 254.11283957007296 14.77060464509717 0.9999999999999991
      vertex 254.45 14.545321248268241 0.9999999999999991
      vertex 254.52775681356644 16.38 0.9999999999999991
    endloop
  endfacet
  facet normal 0 0 1
    outer loop
      vertex 254.45 14.545321248268241 0.9999999999999991
      vertex 254.8136813596682 14.365973449215012 0.9999999999999991
      vertex 254.96510557068518 15.881299321504901 0.9999999999999991
    endloop
  endfacet
  facet normal 0 0 1
    outer loop
      vertex 254.45 14.545321248268241 0.9999999999999991
      vertex 254.96510557068518 15.881299321504901 0.9999999999999991
      vertex 254.79791847198288 16.02791847198287 0.9999999999999991
    endloop
  endfacet
  facet normal 0 0 1
    outer loop
      vertex 254.8136813596682 14.365973449215012 0.9999999999999991
      vertex 255.15 15.757756813566456 0.9999999999999991
      vertex 254.96510557068518 15.881299321504901 0.9999999999999991
    endloop
  endfacet
  facet normal 0 0 1
    outer loop
      vertex 254.8136813596682 14.365973449215012 0.9999999999999991
      vertex 255.1976609601822 14.23562993850389 0.9999999999999991
      vertex 255.34943816497935 15.659404794730813 0.9999999999999991
    endloop
  endfacet
  facet normal 0 0 1
    outer loop
      vertex 255.1976609601822 14.23562993850389 0.9999999999999991
      vertex 255.59536880411784 14.156520929741188 0.9999999999999991
      vertex 255.7781054732259 15.544543735664522 0.9999999999999991
    endloop
  endfacet
  facet normal 0 0 1
    outer loop
      vertex 255.1976609601822 14.23562993850389 0.9999999999999991
      vertex 255.5600076233257 15.587926095308584 0.9999999999999991
      vertex 255.34943816497935 15.659404794730813 0.9999999999999991
    endloop
  endfacet
  facet normal 0 0 1
    outer loop
      vertex 254.8136813596682 14.365973449215012 0.9999999999999991
      vertex 255.34943816497935 15.659404794730813 0.9999999999999991
      vertex 255.15 15.757756813566456 0.9999999999999991
    endloop
  endfacet
  facet normal 0 0 1
    outer loop
      vertex 255.1976609601822 14.23562993850389 0.9999999999999991
      vertex 255.7781054732259 15.544543735664522 0.9999999999999991
      vertex 255.5600076233257 15.587926095308584 0.9999999999999991
    endloop
  endfacet
  facet normal 0 0 1
    outer loop
      vertex 255.59536880411784 14.156520929741188 0.9999999999999991
      vertex 256 14.13 0.9999999999999991
      vertex 255.7781054732259 15.544543735664522 0.9999999999999991
    endloop
  endfacet
  facet normal 0 0 1
    outer loop
      vertex 256 14.13 0.9999999999999991
      vertex 256.40463119588213 14.156520929741188 0.9999999999999991
      vertex 256.22189452677407 15.544543735664522 0.9999999999999991
    endloop
  endfacet
  facet normal 0 0 1
    outer loop
      vertex 256 14.13 0.9999999999999991
      vertex 256 15.530000000000001 0.9999999999999991
      vertex 255.7781054732259 15.544543735664522 0.9999999999999991
    endloop
  endfacet
  facet normal 0 0 1
    outer loop
      vertex 256 14.13 0.9999999999999991
      vertex 256.22189452677407 15.544543735664522 0.9999999999999991
      vertex 256 15.530000000000001 0.9999999999999991
    endloop
  endfacet
  facet normal 0 0 1
    outer loop
      vertex 256.40463119588213 14.156520929741188 0.9999999999999991
      vertex 256.4399923766743 15.587926095308584 0.9999999999999991
      vertex 256.22189452677407 15.544543735664522 0.9999999999999991
    endloop
  endfacet
  facet normal 0 0 1
    outer loop
      vertex 256.40463119588213 14.156520929741188 0.9999999999999991
      vertex 256.65056183502065 15.659404794730813 0.9999999999999991
      vertex 256.4399923766743 15.587926095308584 0.9999999999999991
    endloop
  endfacet
  facet normal 0 0 1
    outer loop
      vertex 256.40463119588213 14.156520929741188 0.9999999999999991
      vertex 256.8023390398178 14.23562993850389 0.9999999999999991
      vertex 256.65056183502065 15.659404794730813 0.9999999999999991
    endloop
  endfacet
  facet normal 0 0 1
    outer loop
      vertex 256.8023390398178 14.23562993850389 0.9999999999999991
      vertex 257.18631864033176 14.365973449215012 0.9999999999999991
      vertex 257.0348944293148 15.881299321504901 0.9999999999999991
    endloop
  endfacet
  facet normal 0 0 1
    outer loop
      vertex 256.8023390398178 14.23562993850389 0.9999999999999991
      vertex 256.85 15.757756813566456 0.9999999999999991
      vertex 256.65056183502065 15.659404794730813 0.9999999999999991
    endloop
  endfacet
  facet normal 0 0 1
    outer loop
      vertex 256.8023390398178 14.23562993850389 0.9999999999999991
      vertex 257.0348944293148 15.881299321504901 0.9999999999999991
      vertex 256.85 15.757756813566456 0.9999999999999991
    endloop
  endfacet
  facet normal 0 0 1
    outer loop
      vertex 257.18631864033176 14.365973449215012 0.9999999999999991
      vertex 257.2020815280171 16.02791847198287 0.9999999999999991
      vertex 257.0348944293148 15.881299321504901 0.9999999999999991
    endloop
  endfacet
  facet normal 0 0 1
    outer loop
      vertex 257.18631864033176 14.365973449215012 0.9999999999999991
      vertex 257.3487006784951 16.195105570685175 0.9999999999999991
      vertex 257.2020815280171 16.02791847198287 0.9999999999999991
    endloop
  endfacet
  facet normal 0 0 1
    outer loop
      vertex 257.18631864033176 14.365973449215012 0.9999999999999991
      vertex 257.55 14.545321248268241 0.9999999999999991
      vertex 257.3487006784951 16.195105570685175 0.9999999999999991
    endloop
  endfacet
  facet normal 0.5555702330196114 0.8314696123025391 0
    outer loop
      vertex 254.11283957007296 14.77060464509717 0.9999999999999991
      vertex 254.11283957007296 14.77060464509717 3.1999999999999993
      vertex 254.45 14.545321248268241 0.9999999999999991
    endloop
  endfacet
  facet normal 0.75183980747899 0.6593458151000545 0
    outer loop
      vertex 253.8079689783217 15.037968978321704 0.9999999999999991
      vertex 253.54060464509718 15.342839570072966 0.9999999999999991
      vertex 253.54060464509718 15.342839570072966 3.1999999999999993
    endloop
  endfacet
  facet normal 0.6593458151000654 0.7518398074789805 0
    outer loop
      vertex 254.11283957007296 14.77060464509717 0.9999999999999991
      vertex 253.8079689783217 15.037968978321704 0.9999999999999991
      vertex 253.8079689783217 15.037968978321704 3.1999999999999993
    endloop
  endfacet
  facet normal 0.44228869021900213 0.8968727415326878 0
    outer loop
      vertex 254.45 14.545321248268241 0.9999999999999991
      vertex 254.45 14.545321248268241 3.1999999999999993
      vertex 254.8136813596682 14.365973449215012 0.9999999999999991
    endloop
  endfacet
  facet normal 0.3214394653031489 0.94693012949511 0
    outer loop
      vertex 254.8136813596682 14.365973449215012 0.9999999999999991
      vertex 254.8136813596682 14.365973449215012 3.1999999999999993
      vertex 255.1976609601822 14.23562993850389 0.9999999999999991
    endloop
  endfacet
  facet normal 0.8314696123025479 0.5555702330195982 0
    outer loop
      vertex 253.54060464509718 15.342839570072966 0.9999999999999991
      vertex 253.31532124826825 15.68 3.1999999999999993
      vertex 253.54060464509718 15.342839570072966 3.1999999999999993
    endloop
  endfacet
  facet normal 0.75183980747899 0.6593458151000545 0
    outer loop
      vertex 253.8079689783217 15.037968978321704 0.9999999999999991
      vertex 253.54060464509718 15.342839570072966 3.1999999999999993
      vertex 253.8079689783217 15.037968978321704 3.1999999999999993
    endloop
  endfacet
  facet normal 0.6593458151000654 0.7518398074789805 0
    outer loop
      vertex 254.11283957007296 14.77060464509717 0.9999999999999991
      vertex 253.8079689783217 15.037968978321704 3.1999999999999993
      vertex 254.11283957007296 14.77060464509717 3.1999999999999993
    endloop
  endfacet
  facet normal 0.5555702330196114 0.8314696123025391 0
    outer loop
      vertex 254.45 14.545321248268241 0.9999999999999991
      vertex 254.11283957007296 14.77060464509717 3.1999999999999993
      vertex 254.45 14.545321248268241 3.1999999999999993
    endloop
  endfacet
  facet normal 0.44228869021900213 0.8968727415326878 0
    outer loop
      vertex 254.8136813596682 14.365973449215012 0.9999999999999991
      vertex 254.45 14.545321248268241 3.1999999999999993
      vertex 254.8136813596682 14.365973449215012 3.1999999999999993
    endloop
  endfacet
  facet normal 0.19509032201613316 0.9807852804032294 0
    outer loop
      vertex 255.1976609601822 14.23562993850389 0.9999999999999991
      vertex 255.1976609601822 14.23562993850389 3.1999999999999993
      vertex 255.59536880411784 14.156520929741188 0.9999999999999991
    endloop
  endfacet
  facet normal 0.06540312923014073 0.9978589232386037 0
    outer loop
      vertex 255.59536880411784 14.156520929741188 0.9999999999999991
      vertex 255.59536880411784 14.156520929741188 3.1999999999999993
      vertex 256 14.13 0.9999999999999991
    endloop
  endfacet
  facet normal -0.0654031292301453 0.9978589232386034 0
    outer loop
      vertex 256 14.13 0.9999999999999991
      vertex 256 14.13 3.1999999999999993
      vertex 256.40463119588213 14.156520929741188 0.9999999999999991
    endloop
  endfacet
  facet normal -0.19509032201611973 0.9807852804032322 0
    outer loop
      vertex 256.40463119588213 14.156520929741188 0.9999999999999991
      vertex 256.40463119588213 14.156520929741188 3.1999999999999993
      vertex 256.8023390398178 14.23562993850389 0.9999999999999991
    endloop
  endfacet
  facet normal -0.32143946530317025 0.9469301294951028 0
    outer loop
      vertex 256.8023390398178 14.23562993850389 0.9999999999999991
      vertex 256.8023390398178 14.23562993850389 3.1999999999999993
      vertex 257.18631864033176 14.365973449215012 0.9999999999999991
    endloop
  endfacet
  facet normal -0.4422886902189743 0.8968727415327016 0
    outer loop
      vertex 257.18631864033176 14.365973449215012 0.9999999999999991
      vertex 257.18631864033176 14.365973449215012 3.1999999999999993
      vertex 257.55 14.545321248268241 0.9999999999999991
    endloop
  endfacet
  facet normal -0.5555702330196437 0.8314696123025175 0
    outer loop
      vertex 257.55 14.545321248268241 0.9999999999999991
      vertex 257.55 14.545321248268241 3.1999999999999993
      vertex 257.887160429927 14.77060464509717 0.9999999999999991
    endloop
  endfacet
  facet normal -0.6593458151000307 0.7518398074790109 0
    outer loop
      vertex 257.887160429927 14.77060464509717 0.9999999999999991
      vertex 257.887160429927 14.77060464509717 3.1999999999999993
      vertex 258.1920310216783 15.037968978321704 0.9999999999999991
    endloop
  endfacet
  facet normal 0.3214394653031489 0.94693012949511 0
    outer loop
      vertex 255.1976609601822 14.23562993850389 0.9999999999999991
      vertex 254.8136813596682 14.365973449215012 3.1999999999999993
      vertex 255.1976609601822 14.23562993850389 3.1999999999999993
    endloop
  endfacet
  facet normal 0.19509032201613316 0.9807852804032294 0
    outer loop
      vertex 255.59536880411784 14.156520929741188 0.9999999999999991
      vertex 255.1976609601822 14.23562993850389 3.1999999999999993
      vertex 255.59536880411784 14.156520929741188 3.1999999999999993
    endloop
  endfacet
  facet normal 0.06540312923014073 0.9978589232386037 0
    outer loop
      vertex 256 14.13 0.9999999999999991
      vertex 255.59536880411784 14.156520929741188 3.1999999999999993
      vertex 256 14.13 3.1999999999999993
    endloop
  endfacet
  facet normal -0.0654031292301453 0.9978589232386034 0
    outer loop
      vertex 256.40463119588213 14.156520929741188 0.9999999999999991
      vertex 256 14.13 3.1999999999999993
      vertex 256.40463119588213 14.156520929741188 3.1999999999999993
    endloop
  endfacet
  facet normal -0.19509032201611973 0.9807852804032322 0
    outer loop
      vertex 256.8023390398178 14.23562993850389 0.9999999999999991
      vertex 256.40463119588213 14.156520929741188 3.1999999999999993
      vertex 256.8023390398178 14.23562993850389 3.1999999999999993
    endloop
  endfacet
  facet normal -0.32143946530317025 0.9469301294951028 0
    outer loop
      vertex 257.18631864033176 14.365973449215012 0.9999999999999991
      vertex 256.8023390398178 14.23562993850389 3.1999999999999993
      vertex 257.18631864033176 14.365973449215012 3.1999999999999993
    endloop
  endfacet
  facet normal -0.4422886902189743 0.8968727415327016 0
    outer loop
      vertex 257.55 14.545321248268241 0.9999999999999991
      vertex 257.18631864033176 14.365973449215012 3.1999999999999993
      vertex 257.55 14.545321248268241 3.1999999999999993
    endloop
  endfacet
  facet normal -0.5555702330196437 0.8314696123025175 0
    outer loop
      vertex 257.887160429927 14.77060464509717 0.9999999999999991
      vertex 257.55 14.545321248268241 3.1999999999999993
      vertex 257.887160429927 14.77060464509717 3.1999999999999993
    endloop
  endfacet
  facet normal 0 0 1
    outer loop
      vertex 253.13597344921502 16.043681359668224 0.9999999999999991
      vertex 253.13597344921502 18.416318640331777 0.9999999999999991
      vertex 253.0056299385039 16.427660960182187 0.9999999999999991
    endloop
  endfacet
  facet normal 0 0 1
    outer loop
      vertex 253.31532124826825 15.68 0.9999999999999991
      vertex 253.31532124826825 18.78 0.9999999999999991
      vertex 253.13597344921502 16.043681359668224 0.9999999999999991
    endloop
  endfacet
  facet normal 0 0 1
    outer loop
      vertex 253.54060464509718 15.342839570072966 0.9999999999999991
      vertex 253.54060464509718 19.117160429927033 0.9999999999999991
      vertex 253.31532124826825 15.68 0.9999999999999991
    endloop
  endfacet
  facet normal 0 0 1
    outer loop
      vertex 252.9265209297412 16.82536880411784 0.9999999999999991
      vertex 252.9265209297412 17.63463119588216 0.9999999999999991
      vertex 252.9 17.23 0.9999999999999991
    endloop
  endfacet
  facet normal 0 0 1
    outer loop
      vertex 253.0056299385039 16.427660960182187 0.9999999999999991
      vertex 253.0056299385039 18.032339039817813 0.9999999999999991
      vertex 252.9265209297412 16.82536880411784 0.9999999999999991
    endloop
  endfacet
  facet normal 0 0 1
    outer loop
      vertex 252.9265209297412 16.82536880411784 0.9999999999999991
      vertex 253.0056299385039 18.032339039817813 0.9999999999999991
      vertex 252.9265209297412 17.63463119588216 0.9999999999999991
    endloop
  endfacet
  facet normal 0 0 1
    outer loop
      vertex 253.0056299385039 16.427660960182187 0.9999999999999991
      vertex 253.13597344921502 18.416318640331777 0.9999999999999991
      vertex 253.0056299385039 18.032339039817813 0.9999999999999991
    endloop
  endfacet
  facet normal 0 0 1
    outer loop
      vertex 253.13597344921502 16.043681359668224 0.9999999999999991
      vertex 253.31532124826825 18.78 0.9999999999999991
      vertex 253.13597344921502 18.416318640331777 0.9999999999999991
    endloop
  endfacet
  facet normal 0 0 1
    outer loop
      vertex 253.31532124826825 15.68 0.9999999999999991
      vertex 253.54060464509718 19.117160429927033 0.9999999999999991
      vertex 253.31532124826825 18.78 0.9999999999999991
    endloop
  endfacet
  facet normal 0 0 1
    outer loop
      vertex 253.8079689783217 15.037968978321704 0.9999999999999991
      vertex 253.8079689783217 19.422031021678297 0.9999999999999991
      vertex 253.54060464509718 15.342839570072966 0.9999999999999991
    endloop
  endfacet
  facet normal 0 0 1
    outer loop
      vertex 254.11283957007296 14.77060464509717 0.9999999999999991
      vertex 254.11283957007296 19.689395354902828 0.9999999999999991
      vertex 253.8079689783217 15.037968978321704 0.9999999999999991
    endloop
  endfacet
  facet normal 0 0 1
    outer loop
      vertex 254.11283957007296 14.77060464509717 0.9999999999999991
      vertex 254.31454373566453 17.008105473225914 0.9999999999999991
      vertex 254.3 17.23 0.9999999999999991
    endloop
  endfacet
  facet normal 0 0 1
    outer loop
      vertex 254.45 14.545321248268241 0.9999999999999991
      vertex 254.6512993215049 16.195105570685175 0.9999999999999991
      vertex 254.52775681356644 16.38 0.9999999999999991
    endloop
  endfacet
  facet normal 0 0 1
    outer loop
      vertex 254.11283957007296 14.77060464509717 0.9999999999999991
      vertex 254.4294047947308 16.579438164979347 0.9999999999999991
      vertex 254.35792609530858 16.790007623325714 0.9999999999999991
    endloop
  endfacet
  facet normal 0 0 1
    outer loop
      vertex 254.11283957007296 14.77060464509717 0.9999999999999991
      vertex 254.52775681356644 16.38 0.9999999999999991
      vertex 254.4294047947308 16.579438164979347 0.9999999999999991
    endloop
  endfacet
  facet normal 0 0 1
    outer loop
      vertex 254.11283957007296 14.77060464509717 0.9999999999999991
      vertex 254.35792609530858 16.790007623325714 0.9999999999999991
      vertex 254.31454373566453 17.008105473225914 0.9999999999999991
    endloop
  endfacet
  facet normal 0 0 1
    outer loop
      vertex 254.45 14.545321248268241 0.9999999999999991
      vertex 254.79791847198288 16.02791847198287 0.9999999999999991
      vertex 254.6512993215049 16.195105570685175 0.9999999999999991
    endloop
  endfacet
  facet normal 0 0 1
    outer loop
      vertex 253.54060464509718 15.342839570072966 0.9999999999999991
      vertex 253.8079689783217 19.422031021678297 0.9999999999999991
      vertex 253.54060464509718 19.117160429927033 0.9999999999999991
    endloop
  endfacet
  facet normal 0 0 1
    outer loop
      vertex 253.8079689783217 15.037968978321704 0.9999999999999991
      vertex 254.11283957007296 19.689395354902828 0.9999999999999991
      vertex 253.8079689783217 19.422031021678297 0.9999999999999991
    endloop
  endfacet
  facet normal 0 0 1
    outer loop
      vertex 254.11283957007296 14.77060464509717 0.9999999999999991
      vertex 254.45 19.91467875173176 0.9999999999999991
      vertex 254.11283957007296 19.689395354902828 0.9999999999999991
    endloop
  endfacet
  facet normal 0 0 1
    outer loop
      vertex 254.11283957007296 14.77060464509717 0.9999999999999991
      vertex 254.3 17.23 0.9999999999999991
      vertex 254.45 19.91467875173176 0.9999999999999991
    endloop
  endfacet
  facet normal 0 0 1
    outer loop
      vertex 254.3 17.23 0.9999999999999991
      vertex 254.31454373566453 17.451894526774087 0.9999999999999991
      vertex 254.45 19.91467875173176 0.9999999999999991
    endloop
  endfacet
  facet normal 0 0 1
    outer loop
      vertex 254.31454373566453 17.451894526774087 0.9999999999999991
      vertex 254.35792609530858 17.669992376674287 0.9999999999999991
      vertex 254.45 19.91467875173176 0.9999999999999991
    endloop
  endfacet
  facet normal 0 0 1
    outer loop
      vertex 254.35792609530858 17.669992376674287 0.9999999999999991
      vertex 254.4294047947308 17.880561835020654 0.9999999999999991
      vertex 254.45 19.91467875173176 0.9999999999999991
    endloop
  endfacet
  facet normal 0 0 1
    outer loop
      vertex 254.4294047947308 17.880561835020654 0.9999999999999991
      vertex 254.52775681356644 18.080000000000002 0.9999999999999991
      vertex 254.45 19.91467875173176 0.9999999999999991
    endloop
  endfacet
  facet normal 0 0 1
    outer loop
      vertex 254.52775681356644 18.080000000000002 0.9999999999999991
      vertex 254.6512993215049 18.264894429314825 0.9999999999999991
      vertex 254.45 19.91467875173176 0.9999999999999991
    endloop
  endfacet
  facet normal 0 0 1
    outer loop
      vertex 254.6512993215049 18.264894429314825 0.9999999999999991
      vertex 254.79791847198288 18.432081528017132 0.9999999999999991
      vertex 254.8136813596682 20.09402655078499 0.9999999999999991
    endloop
  endfacet
  facet normal 0 0 1
    outer loop
      vertex 254.79791847198288 18.432081528017132 0.9999999999999991
      vertex 254.96510557068518 18.5787006784951 0.9999999999999991
      vertex 254.8136813596682 20.09402655078499 0.9999999999999991
    endloop
  endfacet
  facet normal 0 0 1
    outer loop
      vertex 254.6512993215049 18.264894429314825 0.9999999999999991
      vertex 254.8136813596682 20.09402655078499 0.9999999999999991
      vertex 254.45 19.91467875173176 0.9999999999999991
    endloop
  endfacet
  facet normal 0 0 1
    outer loop
      vertex 254.96510557068518 18.5787006784951 0.9999999999999991
      vertex 255.1976609601822 20.224370061496113 0.9999999999999991
      vertex 254.8136813596682 20.09402655078499 0.9999999999999991
    endloop
  endfacet
  facet normal 0 0 1
    outer loop
      vertex 257.55 14.545321248268241 0.9999999999999991
      vertex 257.47224318643356 16.38 0.9999999999999991
      vertex 257.3487006784951 16.195105570685175 0.9999999999999991
    endloop
  endfacet
  facet normal 0 0 1
    outer loop
      vertex 257.55 14.545321248268241 0.9999999999999991
      vertex 257.57059520526917 16.579438164979347 0.9999999999999991
      vertex 257.47224318643356 16.38 0.9999999999999991
    endloop
  endfacet
  facet normal 0 0 1
    outer loop
      vertex 257.55 14.545321248268241 0.9999999999999991
      vertex 257.6420739046914 16.790007623325714 0.9999999999999991
      vertex 257.57059520526917 16.579438164979347 0.9999999999999991
    endloop
  endfacet
  facet normal 0 0 1
    outer loop
      vertex 257.55 14.545321248268241 0.9999999999999991
      vertex 257.68545626433547 17.008105473225914 0.9999999999999991
      vertex 257.6420739046914 16.790007623325714 0.9999999999999991
    endloop
  endfacet
  facet normal 0 0 1
    outer loop
      vertex 257.55 14.545321248268241 0.9999999999999991
      vertex 257.7 17.23 0.9999999999999991
      vertex 257.68545626433547 17.008105473225914 0.9999999999999991
    endloop
  endfacet
  facet normal 0 0 1
    outer loop
      vertex 257.55 14.545321248268241 0.9999999999999991
      vertex 257.887160429927 14.77060464509717 0.9999999999999991
      vertex 257.887160429927 19.689395354902828 0.9999999999999991
    endloop
  endfacet
  facet normal 0 0 1
    outer loop
      vertex 257.55 14.545321248268241 0.9999999999999991
      vertex 257.887160429927 19.689395354902828 0.9999999999999991
      vertex 257.7 17.23 0.9999999999999991
    endloop
  endfacet
  facet normal 0 0 1
    outer loop
      vertex 257.887160429927 14.77060464509717 0.9999999999999991
      vertex 258.1920310216783 19.422031021678297 0.9999999999999991
      vertex 257.887160429927 19.689395354902828 0.9999999999999991
    endloop
  endfacet
  facet normal 0 0 1
    outer loop
      vertex 257.7 17.23 0.9999999999999991
      vertex 257.887160429927 19.689395354902828 0.9999999999999991
      vertex 257.68545626433547 17.451894526774087 0.9999999999999991
    endloop
  endfacet
  facet normal 0 0 1
    outer loop
      vertex 257.68545626433547 17.451894526774087 0.9999999999999991
      vertex 257.887160429927 19.689395354902828 0.9999999999999991
      vertex 257.6420739046914 17.669992376674287 0.9999999999999991
    endloop
  endfacet
  facet normal 0 0 1
    outer loop
      vertex 254.96510557068518 18.5787006784951 0.9999999999999991
      vertex 255.15 18.702243186433545 0.9999999999999991
      vertex 255.1976609601822 20.224370061496113 0.9999999999999991
    endloop
  endfacet
  facet normal 0 0 1
    outer loop
      vertex 255.15 18.702243186433545 0.9999999999999991
      vertex 255.34943816497935 18.80059520526919 0.9999999999999991
      vertex 255.1976609601822 20.224370061496113 0.9999999999999991
    endloop
  endfacet
  facet normal 0 0 1
    outer loop
      vertex 255.34943816497935 18.80059520526919 0.9999999999999991
      vertex 255.5600076233257 18.872073904691415 0.9999999999999991
      vertex 255.59536880411784 20.303479070258813 0.9999999999999991
    endloop
  endfacet
  facet normal 0 0 1
    outer loop
      vertex 255.5600076233257 18.872073904691415 0.9999999999999991
      vertex 255.7781054732259 18.91545626433548 0.9999999999999991
      vertex 255.59536880411784 20.303479070258813 0.9999999999999991
    endloop
  endfacet
  facet normal 0 0 1
    outer loop
      vertex 255.34943816497935 18.80059520526919 0.9999999999999991
      vertex 255.59536880411784 20.303479070258813 0.9999999999999991
      vertex 255.1976609601822 20.224370061496113 0.9999999999999991
    endloop
  endfacet
  facet normal 0 0 1
    outer loop
      vertex 255.7781054732259 18.91545626433548 0.9999999999999991
      vertex 256 18.93 0.9999999999999991
      vertex 256 20.330000000000002 0.9999999999999991
    endloop
  endfacet
  facet normal 0 0 1
    outer loop
      vertex 256 18.93 0.9999999999999991
      vertex 256.22189452677407 18.91545626433548 0.9999999999999991
      vertex 256 20.330000000000002 0.9999999999999991
    endloop
  endfacet
  facet normal 0 0 1
    outer loop
      vertex 256.22189452677407 18.91545626433548 0.9999999999999991
      vertex 256.4399923766743 18.872073904691415 0.9999999999999991
      vertex 256.8023390398178 20.224370061496113 0.9999999999999991
    endloop
  endfacet
  facet normal 0 0 1
    outer loop
      vertex 255.7781054732259 18.91545626433548 0.9999999999999991
      vertex 256 20.330000000000002 0.9999999999999991
      vertex 255.59536880411784 20.303479070258813 0.9999999999999991
    endloop
  endfacet
  facet normal 0 0 1
    outer loop
      vertex 256.22189452677407 18.91545626433548 0.9999999999999991
      vertex 256.40463119588213 20.303479070258813 0.9999999999999991
      vertex 256 20.330000000000002 0.9999999999999991
    endloop
  endfacet
  facet normal 0 0 1
    outer loop
      vertex 256.22189452677407 18.91545626433548 0.9999999999999991
      vertex 256.8023390398178 20.224370061496113 0.9999999999999991
      vertex 256.40463119588213 20.303479070258813 0.9999999999999991
    endloop
  endfacet
  facet normal 0 0 1
    outer loop
      vertex 256.4399923766743 18.872073904691415 0.9999999999999991
      vertex 256.65056183502065 18.80059520526919 0.9999999999999991
      vertex 256.8023390398178 20.224370061496113 0.9999999999999991
    endloop
  endfacet
  facet normal 0 0 1
    outer loop
      vertex 256.85 18.702243186433545 0.9999999999999991
      vertex 257.18631864033176 20.09402655078499 0.9999999999999991
      vertex 256.65056183502065 18.80059520526919 0.9999999999999991
    endloop
  endfacet
  facet normal 0 0 1
    outer loop
      vertex 256.85 18.702243186433545 0.9999999999999991
      vertex 257.0348944293148 18.5787006784951 0.9999999999999991
      vertex 257.18631864033176 20.09402655078499 0.9999999999999991
    endloop
  endfacet
  facet normal 0 0 1
    outer loop
      vertex 256.65056183502065 18.80059520526919 0.9999999999999991
      vertex 257.18631864033176 20.09402655078499 0.9999999999999991
      vertex 256.8023390398178 20.224370061496113 0.9999999999999991
    endloop
  endfacet
  facet normal 0 0 1
    outer loop
      vertex 257.3487006784951 18.264894429314825 0.9999999999999991
      vertex 257.55 19.91467875173176 0.9999999999999991
      vertex 257.2020815280171 18.432081528017132 0.9999999999999991
    endloop
  endfacet
  facet normal 0 0 1
    outer loop
      vertex 257.0348944293148 18.5787006784951 0.9999999999999991
      vertex 257.2020815280171 18.432081528017132 0.9999999999999991
      vertex 257.55 19.91467875173176 0.9999999999999991
    endloop
  endfacet
  facet normal 0 0 1
    outer loop
      vertex 257.3487006784951 18.264894429314825 0.9999999999999991
      vertex 257.47224318643356 18.080000000000002 0.9999999999999991
      vertex 257.55 19.91467875173176 0.9999999999999991
    endloop
  endfacet
  facet normal 0 0 1
    outer loop
      vertex 257.6420739046914 17.669992376674287 0.9999999999999991
      vertex 257.887160429927 19.689395354902828 0.9999999999999991
      vertex 257.57059520526917 17.880561835020654 0.9999999999999991
    endloop
  endfacet
  facet normal 0 0 1
    outer loop
      vertex 257.57059520526917 17.880561835020654 0.9999999999999991
      vertex 257.887160429927 19.689395354902828 0.9999999999999991
      vertex 257.47224318643356 18.080000000000002 0.9999999999999991
    endloop
  endfacet
  facet normal 0 0 1
    outer loop
      vertex 257.0348944293148 18.5787006784951 0.9999999999999991
      vertex 257.55 19.91467875173176 0.9999999999999991
      vertex 257.18631864033176 20.09402655078499 0.9999999999999991
    endloop
  endfacet
  facet normal 0 0 1
    outer loop
      vertex 257.47224318643356 18.080000000000002 0.9999999999999991
      vertex 257.887160429927 19.689395354902828 0.9999999999999991
      vertex 257.55 19.91467875173176 0.9999999999999991
    endloop
  endfacet
  facet normal 0.8314696123025479 0.5555702330195982 0
    outer loop
      vertex 253.54060464509718 15.342839570072966 0.9999999999999991
      vertex 253.31532124826825 15.68 0.9999999999999991
      vertex 253.31532124826825 15.68 3.1999999999999993
    endloop
  endfacet
  facet normal 0.8968727415326861 0.44228869021900563 0
    outer loop
      vertex 253.31532124826825 15.68 0.9999999999999991
      vertex 253.13597344921502 16.043681359668224 0.9999999999999991
      vertex 253.13597344921502 16.043681359668224 3.1999999999999993
    endloop
  endfacet
  facet normal 0.9469301294951015 0.32143946530317397 0
    outer loop
      vertex 253.13597344921502 16.043681359668224 0.9999999999999991
      vertex 253.0056299385039 16.427660960182187 0.9999999999999991
      vertex 253.0056299385039 16.427660960182187 3.1999999999999993
    endloop
  endfacet
  facet normal 0.9807852804032373 0.19509032201609355 0
    outer loop
      vertex 253.0056299385039 16.427660960182187 0.9999999999999991
      vertex 252.9265209297412 16.82536880411784 0.9999999999999991
      vertex 252.9265209297412 16.82536880411784 3.1999999999999993
    endloop
  endfacet
  facet normal 0.9978589232386021 0.06540312923016253 0
    outer loop
      vertex 252.9265209297412 16.82536880411784 0.9999999999999991
      vertex 252.9 17.23 0.9999999999999991
      vertex 252.9 17.23 3.1999999999999993
    endloop
  endfacet
  facet normal 0.9978589232386021 -0.06540312923016253 0
    outer loop
      vertex 252.9 17.23 0.9999999999999991
      vertex 252.9265209297412 17.63463119588216 0.9999999999999991
      vertex 252.9265209297412 17.63463119588216 3.1999999999999993
    endloop
  endfacet
  facet normal 0.9807852804032373 -0.19509032201609355 0
    outer loop
      vertex 252.9265209297412 17.63463119588216 0.9999999999999991
      vertex 253.0056299385039 18.032339039817813 0.9999999999999991
      vertex 253.0056299385039 18.032339039817813 3.1999999999999993
    endloop
  endfacet
  facet normal 0.9469301294951015 -0.32143946530317397 0
    outer loop
      vertex 253.0056299385039 18.032339039817813 0.9999999999999991
      vertex 253.13597344921502 18.416318640331777 0.9999999999999991
      vertex 253.13597344921502 18.416318640331777 3.1999999999999993
    endloop
  endfacet
  facet normal 0.9469301294951015 0.32143946530317397 0
    outer loop
      vertex 253.13597344921502 16.043681359668224 0.9999999999999991
      vertex 253.0056299385039 16.427660960182187 3.1999999999999993
      vertex 253.13597344921502 16.043681359668224 3.1999999999999993
    endloop
  endfacet
  facet normal 0.8968727415326861 0.44228869021900563 0
    outer loop
      vertex 253.31532124826825 15.68 0.9999999999999991
      vertex 253.13597344921502 16.043681359668224 3.1999999999999993
      vertex 253.31532124826825 15.68 3.1999999999999993
    endloop
  endfacet
  facet normal 0.9807852804032373 0.19509032201609355 0
    outer loop
      vertex 253.0056299385039 16.427660960182187 0.9999999999999991
      vertex 252.9265209297412 16.82536880411784 3.1999999999999993
      vertex 253.0056299385039 16.427660960182187 3.1999999999999993
    endloop
  endfacet
  facet normal 0.9978589232386021 0.06540312923016253 0
    outer loop
      vertex 252.9265209297412 16.82536880411784 0.9999999999999991
      vertex 252.9 17.23 3.1999999999999993
      vertex 252.9265209297412 16.82536880411784 3.1999999999999993
    endloop
  endfacet
  facet normal 0.9978589232386021 -0.06540312923016253 0
    outer loop
      vertex 252.9 17.23 0.9999999999999991
      vertex 252.9265209297412 17.63463119588216 3.1999999999999993
      vertex 252.9 17.23 3.1999999999999993
    endloop
  endfacet
  facet normal 0.9807852804032373 -0.19509032201609355 0
    outer loop
      vertex 252.9265209297412 17.63463119588216 0.9999999999999991
      vertex 253.0056299385039 18.032339039817813 3.1999999999999993
      vertex 252.9265209297412 17.63463119588216 3.1999999999999993
    endloop
  endfacet
  facet normal 0.9469301294951015 -0.32143946530317397 0
    outer loop
      vertex 253.0056299385039 18.032339039817813 0.9999999999999991
      vertex 253.13597344921502 18.416318640331777 3.1999999999999993
      vertex 253.0056299385039 18.032339039817813 3.1999999999999993
    endloop
  endfacet
  facet normal 0.8968727415326861 -0.44228869021900563 0
    outer loop
      vertex 253.13597344921502 18.416318640331777 0.9999999999999991
      vertex 253.31532124826825 18.78 0.9999999999999991
      vertex 253.31532124826825 18.78 3.1999999999999993
    endloop
  endfacet
  facet normal 0.8314696123025466 -0.5555702330196002 0
    outer loop
      vertex 253.31532124826825 18.78 0.9999999999999991
      vertex 253.54060464509718 19.117160429927033 0.9999999999999991
      vertex 253.54060464509718 19.117160429927033 3.1999999999999993
    endloop
  endfacet
  facet normal 0.7518398074789919 -0.6593458151000524 0
    outer loop
      vertex 253.54060464509718 19.117160429927033 0.9999999999999991
      vertex 253.8079689783217 19.422031021678297 0.9999999999999991
      vertex 253.8079689783217 19.422031021678297 3.1999999999999993
    endloop
  endfacet
  facet normal 0.6593458151000628 -0.7518398074789827 0
    outer loop
      vertex 253.8079689783217 19.422031021678297 0.9999999999999991
      vertex 254.11283957007296 19.689395354902828 0.9999999999999991
      vertex 254.11283957007296 19.689395354902828 3.1999999999999993
    endloop
  endfacet
  facet normal 0.5555702330196144 -0.8314696123025371 0
    outer loop
      vertex 254.11283957007296 19.689395354902828 0.9999999999999991
      vertex 254.45 19.91467875173176 0.9999999999999991
      vertex 254.45 19.91467875173176 3.1999999999999993
    endloop
  endfacet
  facet normal 0.44228869021900213 -0.8968727415326878 0
    outer loop
      vertex 254.45 19.91467875173176 0.9999999999999991
      vertex 254.8136813596682 20.09402655078499 0.9999999999999991
      vertex 254.8136813596682 20.09402655078499 3.1999999999999993
    endloop
  endfacet
  facet normal 0.8968727415326861 -0.44228869021900563 0
    outer loop
      vertex 253.13597344921502 18.416318640331777 0.9999999999999991
      vertex 253.31532124826825 18.78 3.1999999999999993
      vertex 253.13597344921502 18.416318640331777 3.1999999999999993
    endloop
  endfacet
  facet normal 0.8314696123025466 -0.5555702330196002 0
    outer loop
      vertex 253.31532124826825 18.78 0.9999999999999991
      vertex 253.54060464509718 19.117160429927033 3.1999999999999993
      vertex 253.31532124826825 18.78 3.1999999999999993
    endloop
  endfacet
  facet normal 0.7518398074789919 -0.6593458151000524 0
    outer loop
      vertex 253.54060464509718 19.117160429927033 0.9999999999999991
      vertex 253.8079689783217 19.422031021678297 3.1999999999999993
      vertex 253.54060464509718 19.117160429927033 3.1999999999999993
    endloop
  endfacet
  facet normal 0.6593458151000628 -0.7518398074789827 0
    outer loop
      vertex 253.8079689783217 19.422031021678297 0.9999999999999991
      vertex 254.11283957007296 19.689395354902828 3.1999999999999993
      vertex 253.8079689783217 19.422031021678297 3.1999999999999993
    endloop
  endfacet
  facet normal 0.5555702330196144 -0.8314696123025371 0
    outer loop
      vertex 254.11283957007296 19.689395354902828 0.9999999999999991
      vertex 254.45 19.91467875173176 3.1999999999999993
      vertex 254.11283957007296 19.689395354902828 3.1999999999999993
    endloop
  endfacet
  facet normal 0.44228869021900213 -0.8968727415326878 0
    outer loop
      vertex 254.45 19.91467875173176 0.9999999999999991
      vertex 254.8136813596682 20.09402655078499 3.1999999999999993
      vertex 254.45 19.91467875173176 3.1999999999999993
    endloop
  endfacet
  facet normal 0.32143946530315287 -0.9469301294951087 0
    outer loop
      vertex 254.8136813596682 20.09402655078499 0.9999999999999991
      vertex 255.1976609601822 20.224370061496113 3.1999999999999993
      vertex 254.8136813596682 20.09402655078499 3.1999999999999993
    endloop
  endfacet
  facet normal 0.32143946530315287 -0.9469301294951087 0
    outer loop
      vertex 254.8136813596682 20.09402655078499 0.9999999999999991
      vertex 255.1976609601822 20.224370061496113 0.9999999999999991
      vertex 255.1976609601822 20.224370061496113 3.1999999999999993
    endloop
  endfacet
  facet normal 0.19509032201612894 -0.9807852804032303 0
    outer loop
      vertex 255.1976609601822 20.224370061496113 0.9999999999999991
      vertex 255.59536880411784 20.303479070258813 0.9999999999999991
      vertex 255.59536880411784 20.303479070258813 3.1999999999999993
    endloop
  endfacet
  facet normal 0.06540312923014509 -0.9978589232386035 0
    outer loop
      vertex 255.59536880411784 20.303479070258813 0.9999999999999991
      vertex 256 20.330000000000002 0.9999999999999991
      vertex 256 20.330000000000002 3.1999999999999993
    endloop
  endfacet
  facet normal -0.06540312923014967 -0.9978589232386031 0
    outer loop
      vertex 256 20.330000000000002 0.9999999999999991
      vertex 256.40463119588213 20.303479070258813 0.9999999999999991
      vertex 256.40463119588213 20.303479070258813 3.1999999999999993
    endloop
  endfacet
  facet normal -0.5555702330196468 -0.8314696123025156 0
    outer loop
      vertex 257.887160429927 19.689395354902828 0.9999999999999991
      vertex 257.887160429927 19.689395354902828 3.1999999999999993
      vertex 257.55 19.91467875173176 0.9999999999999991
    endloop
  endfacet
  facet normal -0.19509032201611548 -0.9807852804032329 0
    outer loop
      vertex 256.40463119588213 20.303479070258813 0.9999999999999991
      vertex 256.8023390398178 20.224370061496113 0.9999999999999991
      vertex 256.8023390398178 20.224370061496113 3.1999999999999993
    endloop
  endfacet
  facet normal -0.3214394653031742 -0.9469301294951014 0
    outer loop
      vertex 256.8023390398178 20.224370061496113 0.9999999999999991
      vertex 257.18631864033176 20.09402655078499 0.9999999999999991
      vertex 257.18631864033176 20.09402655078499 3.1999999999999993
    endloop
  endfacet
  facet normal -0.4422886902189743 -0.8968727415327016 0
    outer loop
      vertex 257.18631864033176 20.09402655078499 0.9999999999999991
      vertex 257.55 19.91467875173176 0.9999999999999991
      vertex 257.55 19.91467875173176 3.1999999999999993
    endloop
  endfacet
  facet normal 0.19509032201612894 -0.9807852804032303 0
    outer loop
      vertex 255.1976609601822 20.224370061496113 0.9999999999999991
      vertex 255.59536880411784 20.303479070258813 3.1999999999999993
      vertex 255.1976609601822 20.224370061496113 3.1999999999999993
    endloop
  endfacet
  facet normal 0.06540312923014509 -0.9978589232386035 0
    outer loop
      vertex 255.59536880411784 20.303479070258813 0.9999999999999991
      vertex 256 20.330000000000002 3.1999999999999993
      vertex 255.59536880411784 20.303479070258813 3.1999999999999993
    endloop
  endfacet
  facet normal -0.06540312923014967 -0.9978589232386031 0
    outer loop
      vertex 256 20.330000000000002 0.9999999999999991
      vertex 256.40463119588213 20.303479070258813 3.1999999999999993
      vertex 256 20.330000000000002 3.1999999999999993
    endloop
  endfacet
  facet normal -0.6593458151000281 -0.7518398074790131 0
    outer loop
      vertex 257.887160429927 19.689395354902828 0.9999999999999991
      vertex 258.1920310216783 19.422031021678297 3.1999999999999993
      vertex 257.887160429927 19.689395354902828 3.1999999999999993
    endloop
  endfacet
  facet normal -0.19509032201611548 -0.9807852804032329 0
    outer loop
      vertex 256.40463119588213 20.303479070258813 0.9999999999999991
      vertex 256.8023390398178 20.224370061496113 3.1999999999999993
      vertex 256.40463119588213 20.303479070258813 3.1999999999999993
    endloop
  endfacet
  facet normal -0.3214394653031742 -0.9469301294951014 0
    outer loop
      vertex 256.8023390398178 20.224370061496113 0.9999999999999991
      vertex 257.18631864033176 20.09402655078499 3.1999999999999993
      vertex 256.8023390398178 20.224370061496113 3.1999999999999993
    endloop
  endfacet
  facet normal -0.4422886902189743 -0.8968727415327016 0
    outer loop
      vertex 257.18631864033176 20.09402655078499 0.9999999999999991
      vertex 257.55 19.91467875173176 3.1999999999999993
      vertex 257.18631864033176 20.09402655078499 3.1999999999999993
    endloop
  endfacet
  facet normal -0.5555702330196468 -0.8314696123025156 0
    outer loop
      vertex 257.55 19.91467875173176 0.9999999999999991
      vertex 257.887160429927 19.689395354902828 3.1999999999999993
      vertex 257.55 19.91467875173176 3.1999999999999993
    endloop
  endfacet
  facet normal -0.75183980747899 0.6593458151000545 0
    outer loop
      vertex 258.1920310216783 15.037968978321704 0.9999999999999991
      vertex 258.1920310216783 15.037968978321704 3.1999999999999993
      vertex 258.4593953549028 15.342839570072966 0.9999999999999991
    endloop
  endfacet
  facet normal -0.8314696123025155 0.5555702330196466 0
    outer loop
      vertex 258.4593953549028 15.342839570072966 0.9999999999999991
      vertex 258.4593953549028 15.342839570072966 3.1999999999999993
      vertex 258.6846787517318 15.68 0.9999999999999991
    endloop
  endfacet
  facet normal -0.6593458151000307 0.7518398074790109 0
    outer loop
      vertex 258.1920310216783 15.037968978321704 0.9999999999999991
      vertex 257.887160429927 14.77060464509717 3.1999999999999993
      vertex 258.1920310216783 15.037968978321704 3.1999999999999993
    endloop
  endfacet
  facet normal -0.75183980747899 0.6593458151000545 0
    outer loop
      vertex 258.4593953549028 15.342839570072966 0.9999999999999991
      vertex 258.1920310216783 15.037968978321704 3.1999999999999993
      vertex 258.4593953549028 15.342839570072966 3.1999999999999993
    endloop
  endfacet
  facet normal 0 0 1
    outer loop
      vertex 257.887160429927 14.77060464509717 0.9999999999999991
      vertex 258.1920310216783 15.037968978321704 0.9999999999999991
      vertex 258.1920310216783 19.422031021678297 0.9999999999999991
    endloop
  endfacet
  facet normal 0 0 1
    outer loop
      vertex 258.1920310216783 15.037968978321704 0.9999999999999991
      vertex 258.4593953549028 15.342839570072966 0.9999999999999991
      vertex 258.4593953549028 19.117160429927033 0.9999999999999991
    endloop
  endfacet
  facet normal 0 0 1
    outer loop
      vertex 258.4593953549028 15.342839570072966 0.9999999999999991
      vertex 258.6846787517318 15.68 0.9999999999999991
      vertex 258.6846787517318 18.78 0.9999999999999991
    endloop
  endfacet
  facet normal 0 0 1
    outer loop
      vertex 258.6846787517318 15.68 0.9999999999999991
      vertex 258.864026550785 16.043681359668224 0.9999999999999991
      vertex 258.864026550785 18.416318640331777 0.9999999999999991
    endloop
  endfacet
  facet normal 0 0 1
    outer loop
      vertex 258.864026550785 16.043681359668224 0.9999999999999991
      vertex 258.9943700614961 16.427660960182187 0.9999999999999991
      vertex 258.9943700614961 18.032339039817813 0.9999999999999991
    endloop
  endfacet
  facet normal 0 0 1
    outer loop
      vertex 258.9943700614961 16.427660960182187 0.9999999999999991
      vertex 259.0734790702588 16.82536880411784 0.9999999999999991
      vertex 259.0734790702588 17.63463119588216 0.9999999999999991
    endloop
  endfacet
  facet normal 0 0 1
    outer loop
      vertex 258.6846787517318 15.68 0.9999999999999991
      vertex 258.864026550785 18.416318640331777 0.9999999999999991
      vertex 258.6846787517318 18.78 0.9999999999999991
    endloop
  endfacet
  facet normal 0 0 1
    outer loop
      vertex 258.1920310216783 15.037968978321704 0.9999999999999991
      vertex 258.4593953549028 19.117160429927033 0.9999999999999991
      vertex 258.1920310216783 19.422031021678297 0.9999999999999991
    endloop
  endfacet
  facet normal 0 0 1
    outer loop
      vertex 258.4593953549028 15.342839570072966 0.9999999999999991
      vertex 258.6846787517318 18.78 0.9999999999999991
      vertex 258.4593953549028 19.117160429927033 0.9999999999999991
    endloop
  endfacet
  facet normal 0 0 1
    outer loop
      vertex 259.0734790702588 16.82536880411784 0.9999999999999991
      vertex 259.1 17.23 0.9999999999999991
      vertex 259.0734790702588 17.63463119588216 0.9999999999999991
    endloop
  endfacet
  facet normal 0 0 1
    outer loop
      vertex 258.864026550785 16.043681359668224 0.9999999999999991
      vertex 258.9943700614961 18.032339039817813 0.9999999999999991
      vertex 258.864026550785 18.416318640331777 0.9999999999999991
    endloop
  endfacet
  facet normal 0 0 1
    outer loop
      vertex 258.9943700614961 16.427660960182187 0.9999999999999991
      vertex 259.0734790702588 17.63463119588216 0.9999999999999991
      vertex 258.9943700614961 18.032339039817813 0.9999999999999991
    endloop
  endfacet
  facet normal -0.8968727415326861 0.44228869021900563 0
    outer loop
      vertex 258.6846787517318 15.68 0.9999999999999991
      vertex 258.6846787517318 15.68 3.1999999999999993
      vertex 258.864026550785 16.043681359668224 0.9999999999999991
    endloop
  endfacet
  facet normal -0.9469301294951228 0.3214394653031111 0
    outer loop
      vertex 258.864026550785 16.043681359668224 0.9999999999999991
      vertex 258.864026550785 16.043681359668224 3.1999999999999993
      vertex 258.9943700614961 16.427660960182187 0.9999999999999991
    endloop
  endfacet
  facet normal -0.980785280403224 0.19509032201616097 0
    outer loop
      vertex 258.9943700614961 16.427660960182187 0.9999999999999991
      vertex 258.9943700614961 16.427660960182187 3.1999999999999993
      vertex 259.0734790702588 16.82536880411784 0.9999999999999991
    endloop
  endfacet
  facet normal -0.9978589232386021 0.06540312923016253 0
    outer loop
      vertex 259.0734790702588 16.82536880411784 0.9999999999999991
      vertex 259.0734790702588 16.82536880411784 3.1999999999999993
      vertex 259.1 17.23 0.9999999999999991
    endloop
  endfacet
  facet normal -0.9978589232386021 -0.06540312923016253 0
    outer loop
      vertex 259.1 17.23 0.9999999999999991
      vertex 259.1 17.23 3.1999999999999993
      vertex 259.0734790702588 17.63463119588216 0.9999999999999991
    endloop
  endfacet
  facet normal -0.980785280403224 -0.19509032201616097 0
    outer loop
      vertex 259.0734790702588 17.63463119588216 0.9999999999999991
      vertex 259.0734790702588 17.63463119588216 3.1999999999999993
      vertex 258.9943700614961 18.032339039817813 0.9999999999999991
    endloop
  endfacet
  facet normal -0.9469301294951228 -0.3214394653031111 0
    outer loop
      vertex 258.9943700614961 18.032339039817813 0.9999999999999991
      vertex 258.9943700614961 18.032339039817813 3.1999999999999993
      vertex 258.864026550785 18.416318640331777 0.9999999999999991
    endloop
  endfacet
  facet normal -0.8314696123025155 0.5555702330196466 0
    outer loop
      vertex 258.6846787517318 15.68 0.9999999999999991
      vertex 258.4593953549028 15.342839570072966 3.1999999999999993
      vertex 258.6846787517318 15.68 3.1999999999999993
    endloop
  endfacet
  facet normal -0.8968727415326861 0.44228869021900563 0
    outer loop
      vertex 258.864026550785 16.043681359668224 0.9999999999999991
      vertex 258.6846787517318 15.68 3.1999999999999993
      vertex 258.864026550785 16.043681359668224 3.1999999999999993
    endloop
  endfacet
  facet normal -0.9469301294951228 0.3214394653031111 0
    outer loop
      vertex 258.9943700614961 16.427660960182187 0.9999999999999991
      vertex 258.864026550785 16.043681359668224 3.1999999999999993
      vertex 258.9943700614961 16.427660960182187 3.1999999999999993
    endloop
  endfacet
  facet normal -0.980785280403224 0.19509032201616097 0
    outer loop
      vertex 259.0734790702588 16.82536880411784 0.9999999999999991
      vertex 258.9943700614961 16.427660960182187 3.1999999999999993
      vertex 259.0734790702588 16.82536880411784 3.1999999999999993
    endloop
  endfacet
  facet normal -0.9978589232386021 0.06540312923016253 0
    outer loop
      vertex 259.1 17.23 0.9999999999999991
      vertex 259.0734790702588 16.82536880411784 3.1999999999999993
      vertex 259.1 17.23 3.1999999999999993
    endloop
  endfacet
  facet normal -0.9978589232386021 -0.06540312923016253 0
    outer loop
      vertex 259.0734790702588 17.63463119588216 0.9999999999999991
      vertex 259.1 17.23 3.1999999999999993
      vertex 259.0734790702588 17.63463119588216 3.1999999999999993
    endloop
  endfacet
  facet normal -0.980785280403224 -0.19509032201616097 0
    outer loop
      vertex 258.9943700614961 18.032339039817813 0.9999999999999991
      vertex 259.0734790702588 17.63463119588216 3.1999999999999993
      vertex 258.9943700614961 18.032339039817813 3.1999999999999993
    endloop
  endfacet
  facet normal -0.9469301294951228 -0.3214394653031111 0
    outer loop
      vertex 258.864026550785 18.416318640331777 0.9999999999999991
      vertex 258.9943700614961 18.032339039817813 3.1999999999999993
      vertex 258.864026550785 18.416318640331777 3.1999999999999993
    endloop
  endfacet
  facet normal -0.8314696123025141 -0.5555702330196486 0
    outer loop
      vertex 258.6846787517318 18.78 0.9999999999999991
      vertex 258.6846787517318 18.78 3.1999999999999993
      vertex 258.4593953549028 19.117160429927033 0.9999999999999991
    endloop
  endfacet
  facet normal -0.7518398074789919 -0.6593458151000524 0
    outer loop
      vertex 258.1920310216783 19.422031021678297 0.9999999999999991
      vertex 258.4593953549028 19.117160429927033 0.9999999999999991
      vertex 258.4593953549028 19.117160429927033 3.1999999999999993
    endloop
  endfacet
  facet normal -0.6593458151000281 -0.7518398074790131 0
    outer loop
      vertex 257.887160429927 19.689395354902828 0.9999999999999991
      vertex 258.1920310216783 19.422031021678297 0.9999999999999991
      vertex 258.1920310216783 19.422031021678297 3.1999999999999993
    endloop
  endfacet
  facet normal -0.8968727415326861 -0.44228869021900563 0
    outer loop
      vertex 258.6846787517318 18.78 0.9999999999999991
      vertex 258.864026550785 18.416318640331777 0.9999999999999991
      vertex 258.864026550785 18.416318640331777 3.1999999999999993
    endloop
  endfacet
  facet normal -0.8968727415326861 -0.44228869021900563 0
    outer loop
      vertex 258.6846787517318 18.78 0.9999999999999991
      vertex 258.864026550785 18.416318640331777 3.1999999999999993
      vertex 258.6846787517318 18.78 3.1999999999999993
    endloop
  endfacet
  facet normal -0.8314696123025141 -0.5555702330196486 0
    outer loop
      vertex 258.4593953549028 19.117160429927033 0.9999999999999991
      vertex 258.6846787517318 18.78 3.1999999999999993
      vertex 258.4593953549028 19.117160429927033 3.1999999999999993
    endloop
  endfacet
  facet normal -0.7518398074789919 -0.6593458151000524 0
    outer loop
      vertex 258.1920310216783 19.422031021678297 0.9999999999999991
      vertex 258.4593953549028 19.117160429927033 3.1999999999999993
      vertex 258.1920310216783 19.422031021678297 3.1999999999999993
    endloop
  endfacet
  facet normal 0.5555702330196647 0.8314696123025035 0
    outer loop
      vertex 270.9651055706852 -0.11870067849509969 0
      vertex 270.9651055706852 -0.11870067849509969 0.9999999999999991
      vertex 271.15 -0.2422431864335457 0
    endloop
  endfacet
  facet normal 0.44228869021896156 0.8968727415327079 0
    outer loop
      vertex 271.15 -0.2422431864335457 0
      vertex 271.15 -0.2422431864335457 0.9999999999999991
      vertex 271.34943816497935 -0.3405952052691874 0
    endloop
  endfacet
  facet normal 0.3214394653031776 0.9469301294951002 0
    outer loop
      vertex 271.34943816497935 -0.3405952052691874 0
      vertex 271.34943816497935 -0.3405952052691874 0.9999999999999991
      vertex 271.5600076233257 -0.41207390469141614 0
    endloop
  endfacet
  facet normal 0.5555702330196647 0.8314696123025035 0
    outer loop
      vertex 271.15 -0.2422431864335457 0
      vertex 270.9651055706852 -0.11870067849509969 0.9999999999999991
      vertex 271.15 -0.2422431864335457 0.9999999999999991
    endloop
  endfacet
  facet normal 0.44228869021896156 0.8968727415327079 0
    outer loop
      vertex 271.34943816497935 -0.3405952052691874 0
      vertex 271.15 -0.2422431864335457 0.9999999999999991
      vertex 271.34943816497935 -0.3405952052691874 0.9999999999999991
    endloop
  endfacet
  facet normal 0.3214394653031776 0.9469301294951002 0
    outer loop
      vertex 271.5600076233257 -0.41207390469141614 0
      vertex 271.34943816497935 -0.3405952052691874 0.9999999999999991
      vertex 271.5600076233257 -0.41207390469141614 0.9999999999999991
    endloop
  endfacet
  facet normal 0.7518398074789341 0.6593458151001182 0
    outer loop
      vertex 270.6512993215049 0.19510557068517498 0
      vertex 270.6512993215049 0.19510557068517498 0.9999999999999991
      vertex 270.7979184719829 0.02791847198286912 0
    endloop
  endfacet
  facet normal 0.8968727415327408 0.44228869021889494 0
    outer loop
      vertex 270.52775681356644 0.38 0
      vertex 270.42940479473083 0.5794381649793474 0
      vertex 270.42940479473083 0.5794381649793474 0.9999999999999991
    endloop
  endfacet
  facet normal 0.8314696123025312 0.5555702330196234 0
    outer loop
      vertex 270.6512993215049 0.19510557068517498 0
      vertex 270.52775681356644 0.38 0
      vertex 270.52775681356644 0.38 0.9999999999999991
    endloop
  endfacet
  facet normal 0.9807852804032352 0.19509032201610454 0
    outer loop
      vertex 270.3579260953086 0.7900076233257147 0
      vertex 270.31454373566453 1.0081054732259123 0
      vertex 270.31454373566453 1.0081054732259123 0.9999999999999991
    endloop
  endfacet
  facet normal 0.9978589232386049 0.06540312923012156 0
    outer loop
      vertex 270.31454373566453 1.0081054732259123 0
      vertex 270.3 1.23 0
      vertex 270.3 1.23 0.9999999999999991
    endloop
  endfacet
  facet normal 0.946930129495085 0.3214394653032221 0
    outer loop
      vertex 270.42940479473083 0.5794381649793474 0
      vertex 270.3579260953086 0.7900076233257147 0
      vertex 270.3579260953086 0.7900076233257147 0.9999999999999991
    endloop
  endfacet
  facet normal 0.6593458151000814 0.7518398074789664 0
    outer loop
      vertex 270.9651055706852 -0.11870067849509969 0
      vertex 270.7979184719829 0.02791847198286912 0
      vertex 270.7979184719829 0.02791847198286912 0.9999999999999991
    endloop
  endfacet
  facet normal 0.7518398074789341 0.6593458151001182 0
    outer loop
      vertex 270.7979184719829 0.02791847198286912 0
      vertex 270.6512993215049 0.19510557068517498 0.9999999999999991
      vertex 270.7979184719829 0.02791847198286912 0.9999999999999991
    endloop
  endfacet
  facet normal 0.8314696123025312 0.5555702330196234 0
    outer loop
      vertex 270.6512993215049 0.19510557068517498 0
      vertex 270.52775681356644 0.38 0.9999999999999991
      vertex 270.6512993215049 0.19510557068517498 0.9999999999999991
    endloop
  endfacet
  facet normal 0.8968727415327408 0.44228869021889494 0
    outer loop
      vertex 270.52775681356644 0.38 0
      vertex 270.42940479473083 0.5794381649793474 0.9999999999999991
      vertex 270.52775681356644 0.38 0.9999999999999991
    endloop
  endfacet
  facet normal 0.9807852804032352 0.19509032201610454 0
    outer loop
      vertex 270.3579260953086 0.7900076233257147 0
      vertex 270.31454373566453 1.0081054732259123 0.9999999999999991
      vertex 270.3579260953086 0.7900076233257147 0.9999999999999991
    endloop
  endfacet
  facet normal 0.9978589232386049 0.06540312923012156 0
    outer loop
      vertex 270.31454373566453 1.0081054732259123 0
      vertex 270.3 1.23 0.9999999999999991
      vertex 270.31454373566453 1.0081054732259123 0.9999999999999991
    endloop
  endfacet
  facet normal 0.9978589232386049 -0.06540312923012156 0
    outer loop
      vertex 270.3 1.23 0
      vertex 270.31454373566453 1.4518945267740877 0.9999999999999991
      vertex 270.3 1.23 0.9999999999999991
    endloop
  endfacet
  facet normal 0.946930129495085 0.3214394653032221 0
    outer loop
      vertex 270.42940479473083 0.5794381649793474 0
      vertex 270.3579260953086 0.7900076233257147 0.9999999999999991
      vertex 270.42940479473083 0.5794381649793474 0.9999999999999991
    endloop
  endfacet
  facet normal 0.6593458151000814 0.7518398074789664 0
    outer loop
      vertex 270.9651055706852 -0.11870067849509969 0
      vertex 270.7979184719829 0.02791847198286912 0.9999999999999991
      vertex 270.9651055706852 -0.11870067849509969 0.9999999999999991
    endloop
  endfacet
  facet normal 0.06540312923015008 0.997858923238603 0
    outer loop
      vertex 271.77810547322593 -0.4554562643354776 0
      vertex 271.77810547322593 -0.4554562643354776 0.9999999999999991
      vertex 272 -0.47 0
    endloop
  endfacet
  facet normal 0.19509032201609783 0.9807852804032365 0
    outer loop
      vertex 271.77810547322593 -0.4554562643354776 0
      vertex 271.5600076233257 -0.41207390469141614 0
      vertex 271.5600076233257 -0.41207390469141614 0.9999999999999991
    endloop
  endfacet
  facet normal -0.06540312923015008 0.997858923238603 0
    outer loop
      vertex 272 -0.47 0
      vertex 272 -0.47 0.9999999999999991
      vertex 272.22189452677407 -0.4554562643354776 0
    endloop
  endfacet
  facet normal -0.19509032201609783 0.9807852804032365 0
    outer loop
      vertex 272.22189452677407 -0.4554562643354776 0
      vertex 272.22189452677407 -0.4554562643354776 0.9999999999999991
      vertex 272.4399923766743 -0.41207390469141614 0
    endloop
  endfacet
  facet normal -0.3214394653031776 0.9469301294951002 0
    outer loop
      vertex 272.4399923766743 -0.41207390469141614 0
      vertex 272.4399923766743 -0.41207390469141614 0.9999999999999991
      vertex 272.65056183502065 -0.3405952052691874 0
    endloop
  endfacet
  facet normal -0.44228869021896156 0.8968727415327079 0
    outer loop
      vertex 272.65056183502065 -0.3405952052691874 0
      vertex 272.65056183502065 -0.3405952052691874 0.9999999999999991
      vertex 272.85 -0.2422431864335457 0
    endloop
  endfacet
  facet normal -0.5555702330196647 0.8314696123025035 0
    outer loop
      vertex 272.85 -0.2422431864335457 0
      vertex 272.85 -0.2422431864335457 0.9999999999999991
      vertex 273.0348944293148 -0.11870067849509969 0
    endloop
  endfacet
  facet normal 0.19509032201609783 0.9807852804032365 0
    outer loop
      vertex 271.77810547322593 -0.4554562643354776 0
      vertex 271.5600076233257 -0.41207390469141614 0.9999999999999991
      vertex 271.77810547322593 -0.4554562643354776 0.9999999999999991
    endloop
  endfacet
  facet normal 0.06540312923015008 0.997858923238603 0
    outer loop
      vertex 272 -0.47 0
      vertex 271.77810547322593 -0.4554562643354776 0.9999999999999991
      vertex 272 -0.47 0.9999999999999991
    endloop
  endfacet
  facet normal -0.06540312923015008 0.997858923238603 0
    outer loop
      vertex 272.22189452677407 -0.4554562643354776 0
      vertex 272 -0.47 0.9999999999999991
      vertex 272.22189452677407 -0.4554562643354776 0.9999999999999991
    endloop
  endfacet
  facet normal -0.19509032201609783 0.9807852804032365 0
    outer loop
      vertex 272.4399923766743 -0.41207390469141614 0
      vertex 272.22189452677407 -0.4554562643354776 0.9999999999999991
      vertex 272.4399923766743 -0.41207390469141614 0.9999999999999991
    endloop
  endfacet
  facet normal -0.3214394653031776 0.9469301294951002 0
    outer loop
      vertex 272.65056183502065 -0.3405952052691874 0
      vertex 272.4399923766743 -0.41207390469141614 0.9999999999999991
      vertex 272.65056183502065 -0.3405952052691874 0.9999999999999991
    endloop
  endfacet
  facet normal -0.44228869021896156 0.8968727415327079 0
    outer loop
      vertex 272.85 -0.2422431864335457 0
      vertex 272.65056183502065 -0.3405952052691874 0.9999999999999991
      vertex 272.85 -0.2422431864335457 0.9999999999999991
    endloop
  endfacet
  facet normal -0.5555702330196647 0.8314696123025035 0
    outer loop
      vertex 272.85 -0.2422431864335457 0.9999999999999991
      vertex 273.0348944293148 -0.11870067849509969 0.9999999999999991
      vertex 273.0348944293148 -0.11870067849509969 0
    endloop
  endfacet
  facet normal 0.9978589232386049 -0.06540312923012156 0
    outer loop
      vertex 270.3 1.23 0
      vertex 270.31454373566453 1.4518945267740877 0
      vertex 270.31454373566453 1.4518945267740877 0.9999999999999991
    endloop
  endfacet
  facet normal 0.9807852804032352 -0.19509032201610454 0
    outer loop
      vertex 270.31454373566453 1.4518945267740877 0
      vertex 270.3579260953086 1.6699923766742852 0
      vertex 270.3579260953086 1.6699923766742852 0.9999999999999991
    endloop
  endfacet
  facet normal 0.946930129495085 -0.3214394653032221 0
    outer loop
      vertex 270.3579260953086 1.6699923766742852 0
      vertex 270.42940479473083 1.8805618350206526 0
      vertex 270.42940479473083 1.8805618350206526 0.9999999999999991
    endloop
  endfacet
  facet normal 0.8968727415327409 -0.4422886902188947 0
    outer loop
      vertex 270.42940479473083 1.8805618350206526 0
      vertex 270.52775681356644 2.08 0
      vertex 270.52775681356644 2.08 0.9999999999999991
    endloop
  endfacet
  facet normal 0.831469612302531 -0.5555702330196236 0
    outer loop
      vertex 270.52775681356644 2.08 0
      vertex 270.6512993215049 2.264894429314825 0
      vertex 270.6512993215049 2.264894429314825 0.9999999999999991
    endloop
  endfacet
  facet normal 0.7518398074789336 -0.6593458151001187 0
    outer loop
      vertex 270.6512993215049 2.264894429314825 0
      vertex 270.7979184719829 2.4320815280171306 0
      vertex 270.7979184719829 2.4320815280171306 0.9999999999999991
    endloop
  endfacet
  facet normal 0.659345815100082 -0.751839807478966 0
    outer loop
      vertex 270.7979184719829 2.4320815280171306 0
      vertex 270.9651055706852 2.5787006784950997 0
      vertex 270.9651055706852 2.5787006784950997 0.9999999999999991
    endloop
  endfacet
  facet normal 0.5555702330196647 -0.8314696123025035 0
    outer loop
      vertex 270.9651055706852 2.5787006784950997 0
      vertex 271.15 2.7022431864335457 0
      vertex 271.15 2.7022431864335457 0.9999999999999991
    endloop
  endfacet
  facet normal 0.9807852804032352 -0.19509032201610454 0
    outer loop
      vertex 270.31454373566453 1.4518945267740877 0
      vertex 270.3579260953086 1.6699923766742852 0.9999999999999991
      vertex 270.31454373566453 1.4518945267740877 0.9999999999999991
    endloop
  endfacet
  facet normal 0.946930129495085 -0.3214394653032221 0
    outer loop
      vertex 270.3579260953086 1.6699923766742852 0
      vertex 270.42940479473083 1.8805618350206526 0.9999999999999991
      vertex 270.3579260953086 1.6699923766742852 0.9999999999999991
    endloop
  endfacet
  facet normal 0.8968727415327409 -0.4422886902188947 0
    outer loop
      vertex 270.42940479473083 1.8805618350206526 0
      vertex 270.52775681356644 2.08 0.9999999999999991
      vertex 270.42940479473083 1.8805618350206526 0.9999999999999991
    endloop
  endfacet
  facet normal 0.831469612302531 -0.5555702330196236 0
    outer loop
      vertex 270.52775681356644 2.08 0
      vertex 270.6512993215049 2.264894429314825 0.9999999999999991
      vertex 270.52775681356644 2.08 0.9999999999999991
    endloop
  endfacet
  facet normal 0.7518398074789336 -0.6593458151001187 0
    outer loop
      vertex 270.6512993215049 2.264894429314825 0
      vertex 270.7979184719829 2.4320815280171306 0.9999999999999991
      vertex 270.6512993215049 2.264894429314825 0.9999999999999991
    endloop
  endfacet
  facet normal 0.659345815100082 -0.751839807478966 0
    outer loop
      vertex 270.7979184719829 2.4320815280171306 0
      vertex 270.9651055706852 2.5787006784950997 0.9999999999999991
      vertex 270.7979184719829 2.4320815280171306 0.9999999999999991
    endloop
  endfacet
  facet normal 0.5555702330196647 -0.8314696123025035 0
    outer loop
      vertex 270.9651055706852 2.5787006784950997 0
      vertex 271.15 2.7022431864335457 0.9999999999999991
      vertex 270.9651055706852 2.5787006784950997 0.9999999999999991
    endloop
  endfacet
  facet normal 0.44228869021896156 -0.8968727415327079 0
    outer loop
      vertex 271.15 2.7022431864335457 0
      vertex 271.34943816497935 2.8005952052691874 0.9999999999999991
      vertex 271.15 2.7022431864335457 0.9999999999999991
    endloop
  endfacet
  facet normal 0.44228869021896156 -0.8968727415327079 0
    outer loop
      vertex 271.15 2.7022431864335457 0
      vertex 271.34943816497935 2.8005952052691874 0
      vertex 271.34943816497935 2.8005952052691874 0.9999999999999991
    endloop
  endfacet
  facet normal 0.3214394653031785 -0.9469301294951 0
    outer loop
      vertex 271.34943816497935 2.8005952052691874 0
      vertex 271.5600076233257 2.8720739046914163 0
      vertex 271.5600076233257 2.8720739046914163 0.9999999999999991
    endloop
  endfacet
  facet normal 0.3214394653031785 -0.9469301294951 0
    outer loop
      vertex 271.34943816497935 2.8005952052691874 0
      vertex 271.5600076233257 2.8720739046914163 0.9999999999999991
      vertex 271.34943816497935 2.8005952052691874 0.9999999999999991
    endloop
  endfacet
  facet normal -0.44228869021896156 -0.8968727415327079 0
    outer loop
      vertex 272.85 2.7022431864335457 0
      vertex 272.85 2.7022431864335457 0.9999999999999991
      vertex 272.65056183502065 2.8005952052691874 0
    endloop
  endfacet
  facet normal -0.5555702330196647 -0.8314696123025035 0
    outer loop
      vertex 272.85 2.7022431864335457 0
      vertex 273.0348944293148 2.5787006784950997 0
      vertex 273.0348944293148 2.5787006784950997 0.9999999999999991
    endloop
  endfacet
  facet normal -0.5555702330196647 -0.8314696123025035 0
    outer loop
      vertex 272.85 2.7022431864335457 0
      vertex 273.0348944293148 2.5787006784950997 0.9999999999999991
      vertex 272.85 2.7022431864335457 0.9999999999999991
    endloop
  endfacet
  facet normal 0.19509032201609783 -0.9807852804032365 0
    outer loop
      vertex 271.5600076233257 2.8720739046914163 0
      vertex 271.77810547322593 2.9154562643354778 0
      vertex 271.77810547322593 2.9154562643354778 0.9999999999999991
    endloop
  endfacet
  facet normal 0.0654031292301481 -0.9978589232386031 0
    outer loop
      vertex 271.77810547322593 2.9154562643354778 0
      vertex 272 2.9299999999999997 0
      vertex 272 2.9299999999999997 0.9999999999999991
    endloop
  endfacet
  facet normal -0.0654031292301481 -0.9978589232386031 0
    outer loop
      vertex 272 2.9299999999999997 0
      vertex 272.22189452677407 2.9154562643354778 0
      vertex 272.22189452677407 2.9154562643354778 0.9999999999999991
    endloop
  endfacet
  facet normal -0.19509032201609783 -0.9807852804032365 0
    outer loop
      vertex 272.22189452677407 2.9154562643354778 0
      vertex 272.4399923766743 2.8720739046914163 0
      vertex 272.4399923766743 2.8720739046914163 0.9999999999999991
    endloop
  endfacet
  facet normal -0.3214394653031785 -0.9469301294951 0
    outer loop
      vertex 272.4399923766743 2.8720739046914163 0
      vertex 272.65056183502065 2.8005952052691874 0
      vertex 272.65056183502065 2.8005952052691874 0.9999999999999991
    endloop
  endfacet
  facet normal 0.19509032201609783 -0.9807852804032365 0
    outer loop
      vertex 271.5600076233257 2.8720739046914163 0
      vertex 271.77810547322593 2.9154562643354778 0.9999999999999991
      vertex 271.5600076233257 2.8720739046914163 0.9999999999999991
    endloop
  endfacet
  facet normal 0.0654031292301481 -0.9978589232386031 0
    outer loop
      vertex 271.77810547322593 2.9154562643354778 0
      vertex 272 2.9299999999999997 0.9999999999999991
      vertex 271.77810547322593 2.9154562643354778 0.9999999999999991
    endloop
  endfacet
  facet normal -0.0654031292301481 -0.9978589232386031 0
    outer loop
      vertex 272 2.9299999999999997 0
      vertex 272.22189452677407 2.9154562643354778 0.9999999999999991
      vertex 272 2.9299999999999997 0.9999999999999991
    endloop
  endfacet
  facet normal -0.19509032201609783 -0.9807852804032365 0
    outer loop
      vertex 272.22189452677407 2.9154562643354778 0
      vertex 272.4399923766743 2.8720739046914163 0.9999999999999991
      vertex 272.22189452677407 2.9154562643354778 0.9999999999999991
    endloop
  endfacet
  facet normal -0.3214394653031785 -0.9469301294951 0
    outer loop
      vertex 272.4399923766743 2.8720739046914163 0
      vertex 272.65056183502065 2.8005952052691874 0.9999999999999991
      vertex 272.4399923766743 2.8720739046914163 0.9999999999999991
    endloop
  endfacet
  facet normal -0.44228869021896156 -0.8968727415327079 0
    outer loop
      vertex 272.65056183502065 2.8005952052691874 0
      vertex 272.85 2.7022431864335457 0.9999999999999991
      vertex 272.65056183502065 2.8005952052691874 0.9999999999999991
    endloop
  endfacet
  facet normal -0.6593458151000814 0.7518398074789664 0
    outer loop
      vertex 273.0348944293148 -0.11870067849509969 0
      vertex 273.0348944293148 -0.11870067849509969 0.9999999999999991
      vertex 273.2020815280171 0.02791847198286912 0
    endloop
  endfacet
  facet normal -0.7518398074789341 0.6593458151001182 0
    outer loop
      vertex 273.2020815280171 0.02791847198286912 0
      vertex 273.2020815280171 0.02791847198286912 0.9999999999999991
      vertex 273.3487006784951 0.19510557068517498 0
    endloop
  endfacet
  facet normal -0.8314696123025312 0.5555702330196234 0
    outer loop
      vertex 273.3487006784951 0.19510557068517498 0
      vertex 273.3487006784951 0.19510557068517498 0.9999999999999991
      vertex 273.47224318643356 0.38 0
    endloop
  endfacet
  facet normal -0.8968727415327408 0.44228869021889494 0
    outer loop
      vertex 273.47224318643356 0.38 0
      vertex 273.47224318643356 0.38 0.9999999999999991
      vertex 273.57059520526917 0.5794381649793474 0
    endloop
  endfacet
  facet normal -0.946930129495085 0.3214394653032221 0
    outer loop
      vertex 273.57059520526917 0.5794381649793474 0
      vertex 273.57059520526917 0.5794381649793474 0.9999999999999991
      vertex 273.6420739046914 0.7900076233257147 0
    endloop
  endfacet
  facet normal -0.9807852804032352 0.19509032201610454 0
    outer loop
      vertex 273.6420739046914 0.7900076233257147 0
      vertex 273.6420739046914 0.7900076233257147 0.9999999999999991
      vertex 273.68545626433547 1.0081054732259123 0
    endloop
  endfacet
  facet normal -0.9978589232386049 0.06540312923012156 0
    outer loop
      vertex 273.68545626433547 1.0081054732259123 0
      vertex 273.68545626433547 1.0081054732259123 0.9999999999999991
      vertex 273.7 1.23 0
    endloop
  endfacet
  facet normal -0.9978589232386049 -0.06540312923012156 0
    outer loop
      vertex 273.7 1.23 0
      vertex 273.7 1.23 0.9999999999999991
      vertex 273.68545626433547 1.4518945267740877 0
    endloop
  endfacet
  facet normal -0.6593458151000814 0.7518398074789664 0
    outer loop
      vertex 273.2020815280171 0.02791847198286912 0
      vertex 273.0348944293148 -0.11870067849509969 0.9999999999999991
      vertex 273.2020815280171 0.02791847198286912 0.9999999999999991
    endloop
  endfacet
  facet normal -0.7518398074789341 0.6593458151001182 0
    outer loop
      vertex 273.3487006784951 0.19510557068517498 0
      vertex 273.2020815280171 0.02791847198286912 0.9999999999999991
      vertex 273.3487006784951 0.19510557068517498 0.9999999999999991
    endloop
  endfacet
  facet normal -0.8314696123025312 0.5555702330196234 0
    outer loop
      vertex 273.47224318643356 0.38 0
      vertex 273.3487006784951 0.19510557068517498 0.9999999999999991
      vertex 273.47224318643356 0.38 0.9999999999999991
    endloop
  endfacet
  facet normal -0.8968727415327408 0.44228869021889494 0
    outer loop
      vertex 273.57059520526917 0.5794381649793474 0
      vertex 273.47224318643356 0.38 0.9999999999999991
      vertex 273.57059520526917 0.5794381649793474 0.9999999999999991
    endloop
  endfacet
  facet normal -0.946930129495085 0.3214394653032221 0
    outer loop
      vertex 273.6420739046914 0.7900076233257147 0
      vertex 273.57059520526917 0.5794381649793474 0.9999999999999991
      vertex 273.6420739046914 0.7900076233257147 0.9999999999999991
    endloop
  endfacet
  facet normal -0.9807852804032352 0.19509032201610454 0
    outer loop
      vertex 273.68545626433547 1.0081054732259123 0
      vertex 273.6420739046914 0.7900076233257147 0.9999999999999991
      vertex 273.68545626433547 1.0081054732259123 0.9999999999999991
    endloop
  endfacet
  facet normal -0.9978589232386049 0.06540312923012156 0
    outer loop
      vertex 273.7 1.23 0
      vertex 273.68545626433547 1.0081054732259123 0.9999999999999991
      vertex 273.7 1.23 0.9999999999999991
    endloop
  endfacet
  facet normal -0.9807852804032352 -0.19509032201610454 0
    outer loop
      vertex 273.68545626433547 1.4518945267740877 0
      vertex 273.68545626433547 1.4518945267740877 0.9999999999999991
      vertex 273.6420739046914 1.6699923766742852 0
    endloop
  endfacet
  facet normal -0.8968727415327409 -0.4422886902188947 0
    outer loop
      vertex 273.57059520526917 1.8805618350206526 0
      vertex 273.57059520526917 1.8805618350206526 0.9999999999999991
      vertex 273.47224318643356 2.08 0
    endloop
  endfacet
  facet normal -0.946930129495085 -0.3214394653032221 0
    outer loop
      vertex 273.6420739046914 1.6699923766742852 0
      vertex 273.6420739046914 1.6699923766742852 0.9999999999999991
      vertex 273.57059520526917 1.8805618350206526 0
    endloop
  endfacet
  facet normal -0.7518398074789336 -0.6593458151001187 0
    outer loop
      vertex 273.3487006784951 2.264894429314825 0
      vertex 273.3487006784951 2.264894429314825 0.9999999999999991
      vertex 273.2020815280171 2.4320815280171306 0
    endloop
  endfacet
  facet normal -0.659345815100082 -0.751839807478966 0
    outer loop
      vertex 273.0348944293148 2.5787006784950997 0
      vertex 273.2020815280171 2.4320815280171306 0
      vertex 273.2020815280171 2.4320815280171306 0.9999999999999991
    endloop
  endfacet
  facet normal -0.831469612302531 -0.5555702330196236 0
    outer loop
      vertex 273.3487006784951 2.264894429314825 0
      vertex 273.47224318643356 2.08 0
      vertex 273.47224318643356 2.08 0.9999999999999991
    endloop
  endfacet
  facet normal -0.9978589232386049 -0.06540312923012156 0
    outer loop
      vertex 273.7 1.23 0.9999999999999991
      vertex 273.68545626433547 1.4518945267740877 0.9999999999999991
      vertex 273.68545626433547 1.4518945267740877 0
    endloop
  endfacet
  facet normal -0.9807852804032352 -0.19509032201610454 0
    outer loop
      vertex 273.6420739046914 1.6699923766742852 0
      vertex 273.68545626433547 1.4518945267740877 0.9999999999999991
      vertex 273.6420739046914 1.6699923766742852 0.9999999999999991
    endloop
  endfacet
  facet normal -0.8968727415327409 -0.4422886902188947 0
    outer loop
      vertex 273.47224318643356 2.08 0
      vertex 273.57059520526917 1.8805618350206526 0.9999999999999991
      vertex 273.47224318643356 2.08 0.9999999999999991
    endloop
  endfacet
  facet normal -0.946930129495085 -0.3214394653032221 0
    outer loop
      vertex 273.57059520526917 1.8805618350206526 0
      vertex 273.6420739046914 1.6699923766742852 0.9999999999999991
      vertex 273.57059520526917 1.8805618350206526 0.9999999999999991
    endloop
  endfacet
  facet normal -0.7518398074789336 -0.6593458151001187 0
    outer loop
      vertex 273.2020815280171 2.4320815280171306 0
      vertex 273.3487006784951 2.264894429314825 0.9999999999999991
      vertex 273.2020815280171 2.4320815280171306 0.9999999999999991
    endloop
  endfacet
  facet normal -0.659345815100082 -0.751839807478966 0
    outer loop
      vertex 273.0348944293148 2.5787006784950997 0
      vertex 273.2020815280171 2.4320815280171306 0.9999999999999991
      vertex 273.0348944293148 2.5787006784950997 0.9999999999999991
    endloop
  endfacet
  facet normal -0.831469612302531 -0.5555702330196236 0
    outer loop
      vertex 273.3487006784951 2.264894429314825 0
      vertex 273.47224318643356 2.08 0.9999999999999991
      vertex 273.3487006784951 2.264894429314825 0.9999999999999991
    endloop
  endfacet
  facet normal 0 0 1
    outer loop
      vertex 269.135973449215 0.04368135966822173 0.9999999999999991
      vertex 269.135973449215 2.4163186403317782 0.9999999999999991
      vertex 269.0056299385039 0.4276609601821857 0.9999999999999991
    endloop
  endfacet
  facet normal 0 0 1
    outer loop
      vertex 269.0056299385039 0.4276609601821857 0.9999999999999991
      vertex 269.0056299385039 2.0323390398178143 0.9999999999999991
      vertex 268.9265209297412 0.8253688041178401 0.9999999999999991
    endloop
  endfacet
  facet normal 0 0 1
    outer loop
      vertex 268.9265209297412 0.8253688041178401 0.9999999999999991
      vertex 268.9265209297412 1.63463119588216 0.9999999999999991
      vertex 268.9 1.23 0.9999999999999991
    endloop
  endfacet
  facet normal 0 0 1
    outer loop
      vertex 269.8079689783217 -0.9620310216782975 0.9999999999999991
      vertex 269.8079689783217 3.4220310216782974 0.9999999999999991
      vertex 269.5406046450972 -0.6571604299270342 0.9999999999999991
    endloop
  endfacet
  facet normal 0 0 1
    outer loop
      vertex 269.3153212482682 -0.32000000000000006 0.9999999999999991
      vertex 269.3153212482682 2.7800000000000002 0.9999999999999991
      vertex 269.135973449215 0.04368135966822173 0.9999999999999991
    endloop
  endfacet
  facet normal 0 0 1
    outer loop
      vertex 269.5406046450972 -0.6571604299270342 0.9999999999999991
      vertex 269.5406046450972 3.117160429927034 0.9999999999999991
      vertex 269.3153212482682 -0.32000000000000006 0.9999999999999991
    endloop
  endfacet
  facet normal 0 0 1
    outer loop
      vertex 268.9265209297412 0.8253688041178401 0.9999999999999991
      vertex 269.0056299385039 2.0323390398178143 0.9999999999999991
      vertex 268.9265209297412 1.63463119588216 0.9999999999999991
    endloop
  endfacet
  facet normal 0 0 1
    outer loop
      vertex 269.0056299385039 0.4276609601821857 0.9999999999999991
      vertex 269.135973449215 2.4163186403317782 0.9999999999999991
      vertex 269.0056299385039 2.0323390398178143 0.9999999999999991
    endloop
  endfacet
  facet normal 0 0 1
    outer loop
      vertex 269.135973449215 0.04368135966822173 0.9999999999999991
      vertex 269.3153212482682 2.7800000000000002 0.9999999999999991
      vertex 269.135973449215 2.4163186403317782 0.9999999999999991
    endloop
  endfacet
  facet normal 0 0 1
    outer loop
      vertex 269.3153212482682 -0.32000000000000006 0.9999999999999991
      vertex 269.5406046450972 3.117160429927034 0.9999999999999991
      vertex 269.3153212482682 2.7800000000000002 0.9999999999999991
    endloop
  endfacet
  facet normal 0 0 1
    outer loop
      vertex 269.5406046450972 -0.6571604299270342 0.9999999999999991
      vertex 269.8079689783217 3.4220310216782974 0.9999999999999991
      vertex 269.5406046450972 3.117160429927034 0.9999999999999991
    endloop
  endfacet
  facet normal 0 0 1
    outer loop
      vertex 269.8079689783217 -0.9620310216782975 0.9999999999999991
      vertex 270.112839570073 3.689395354902829 0.9999999999999991
      vertex 269.8079689783217 3.4220310216782974 0.9999999999999991
    endloop
  endfacet
  facet normal 0.6593458151000288 0.7518398074790126 0
    outer loop
      vertex 269.8079689783217 -0.9620310216782975 0.9999999999999991
      vertex 269.8079689783217 -0.9620310216782975 3.1999999999999993
      vertex 270.112839570073 -1.2293953549028291 0.9999999999999991
    endloop
  endfacet
  facet normal 0.8314696123025161 0.5555702330196459 0
    outer loop
      vertex 269.5406046450972 -0.6571604299270342 0.9999999999999991
      vertex 269.3153212482682 -0.32000000000000006 0.9999999999999991
      vertex 269.3153212482682 -0.32000000000000006 3.1999999999999993
    endloop
  endfacet
  facet normal 0.7518398074789909 0.6593458151000534 0
    outer loop
      vertex 269.8079689783217 -0.9620310216782975 0.9999999999999991
      vertex 269.5406046450972 -0.6571604299270342 0.9999999999999991
      vertex 269.5406046450972 -0.6571604299270342 3.1999999999999993
    endloop
  endfacet
  facet normal 0.8968727415326851 0.44228869021900763 0
    outer loop
      vertex 269.3153212482682 -0.32000000000000006 0.9999999999999991
      vertex 269.135973449215 0.04368135966822173 0.9999999999999991
      vertex 269.135973449215 0.04368135966822173 3.1999999999999993
    endloop
  endfacet
  facet normal 0.9469301294951228 0.3214394653031111 0
    outer loop
      vertex 269.135973449215 0.04368135966822173 0.9999999999999991
      vertex 269.0056299385039 0.4276609601821857 0.9999999999999991
      vertex 269.0056299385039 0.4276609601821857 3.1999999999999993
    endloop
  endfacet
  facet normal 0.9807852804032241 0.19509032201616006 0
    outer loop
      vertex 269.0056299385039 0.4276609601821857 0.9999999999999991
      vertex 268.9265209297412 0.8253688041178401 0.9999999999999991
      vertex 268.9265209297412 0.8253688041178401 3.1999999999999993
    endloop
  endfacet
  facet normal 0.9978589232386021 0.06540312923016262 0
    outer loop
      vertex 268.9265209297412 0.8253688041178401 0.9999999999999991
      vertex 268.9 1.23 0.9999999999999991
      vertex 268.9 1.23 3.1999999999999993
    endloop
  endfacet
  facet normal 0.7518398074789909 0.6593458151000534 0
    outer loop
      vertex 269.8079689783217 -0.9620310216782975 0.9999999999999991
      vertex 269.5406046450972 -0.6571604299270342 3.1999999999999993
      vertex 269.8079689783217 -0.9620310216782975 3.1999999999999993
    endloop
  endfacet
  facet normal 0.8314696123025161 0.5555702330196459 0
    outer loop
      vertex 269.5406046450972 -0.6571604299270342 0.9999999999999991
      vertex 269.3153212482682 -0.32000000000000006 3.1999999999999993
      vertex 269.5406046450972 -0.6571604299270342 3.1999999999999993
    endloop
  endfacet
  facet normal 0.8968727415326851 0.44228869021900763 0
    outer loop
      vertex 269.3153212482682 -0.32000000000000006 0.9999999999999991
      vertex 269.135973449215 0.04368135966822173 3.1999999999999993
      vertex 269.3153212482682 -0.32000000000000006 3.1999999999999993
    endloop
  endfacet
  facet normal 0.9469301294951228 0.3214394653031111 0
    outer loop
      vertex 269.135973449215 0.04368135966822173 0.9999999999999991
      vertex 269.0056299385039 0.4276609601821857 3.1999999999999993
      vertex 269.135973449215 0.04368135966822173 3.1999999999999993
    endloop
  endfacet
  facet normal 0.9807852804032241 0.19509032201616006 0
    outer loop
      vertex 269.0056299385039 0.4276609601821857 0.9999999999999991
      vertex 268.9265209297412 0.8253688041178401 3.1999999999999993
      vertex 269.0056299385039 0.4276609601821857 3.1999999999999993
    endloop
  endfacet
  facet normal 0.9978589232386021 0.06540312923016262 0
    outer loop
      vertex 268.9265209297412 0.8253688041178401 0.9999999999999991
      vertex 268.9 1.23 3.1999999999999993
      vertex 268.9265209297412 0.8253688041178401 3.1999999999999993
    endloop
  endfacet
  facet normal 0.9978589232386021 -0.0654031292301626 0
    outer loop
      vertex 268.9 1.23 0.9999999999999991
      vertex 268.9265209297412 1.63463119588216 0.9999999999999991
      vertex 268.9265209297412 1.63463119588216 3.1999999999999993
    endloop
  endfacet
  facet normal 0.9807852804032241 -0.1950903220161601 0
    outer loop
      vertex 268.9265209297412 1.63463119588216 0.9999999999999991
      vertex 269.0056299385039 2.0323390398178143 0.9999999999999991
      vertex 269.0056299385039 2.0323390398178143 3.1999999999999993
    endloop
  endfacet
  facet normal 0.9469301294951228 -0.3214394653031111 0
    outer loop
      vertex 269.0056299385039 2.0323390398178143 0.9999999999999991
      vertex 269.135973449215 2.4163186403317782 0.9999999999999991
      vertex 269.135973449215 2.4163186403317782 3.1999999999999993
    endloop
  endfacet
  facet normal 0.8968727415326854 -0.4422886902190074 0
    outer loop
      vertex 269.135973449215 2.4163186403317782 0.9999999999999991
      vertex 269.3153212482682 2.7800000000000002 0.9999999999999991
      vertex 269.3153212482682 2.7800000000000002 3.1999999999999993
    endloop
  endfacet
  facet normal 0.8314696123025159 -0.5555702330196461 0
    outer loop
      vertex 269.3153212482682 2.7800000000000002 0.9999999999999991
      vertex 269.5406046450972 3.117160429927034 0.9999999999999991
      vertex 269.5406046450972 3.117160429927034 3.1999999999999993
    endloop
  endfacet
  facet normal 0.7518398074789909 -0.6593458151000534 0
    outer loop
      vertex 269.5406046450972 3.117160429927034 0.9999999999999991
      vertex 269.8079689783217 3.4220310216782974 0.9999999999999991
      vertex 269.8079689783217 3.4220310216782974 3.1999999999999993
    endloop
  endfacet
  facet normal 0.9978589232386021 -0.0654031292301626 0
    outer loop
      vertex 268.9 1.23 0.9999999999999991
      vertex 268.9265209297412 1.63463119588216 3.1999999999999993
      vertex 268.9 1.23 3.1999999999999993
    endloop
  endfacet
  facet normal 0.9807852804032241 -0.1950903220161601 0
    outer loop
      vertex 268.9265209297412 1.63463119588216 0.9999999999999991
      vertex 269.0056299385039 2.0323390398178143 3.1999999999999993
      vertex 268.9265209297412 1.63463119588216 3.1999999999999993
    endloop
  endfacet
  facet normal 0.9469301294951228 -0.3214394653031111 0
    outer loop
      vertex 269.0056299385039 2.0323390398178143 0.9999999999999991
      vertex 269.135973449215 2.4163186403317782 3.1999999999999993
      vertex 269.0056299385039 2.0323390398178143 3.1999999999999993
    endloop
  endfacet
  facet normal 0.8968727415326854 -0.4422886902190074 0
    outer loop
      vertex 269.135973449215 2.4163186403317782 0.9999999999999991
      vertex 269.3153212482682 2.7800000000000002 3.1999999999999993
      vertex 269.135973449215 2.4163186403317782 3.1999999999999993
    endloop
  endfacet
  facet normal 0.8314696123025159 -0.5555702330196461 0
    outer loop
      vertex 269.3153212482682 2.7800000000000002 0.9999999999999991
      vertex 269.5406046450972 3.117160429927034 3.1999999999999993
      vertex 269.3153212482682 2.7800000000000002 3.1999999999999993
    endloop
  endfacet
  facet normal 0.7518398074789909 -0.6593458151000534 0
    outer loop
      vertex 269.5406046450972 3.117160429927034 0.9999999999999991
      vertex 269.8079689783217 3.4220310216782974 3.1999999999999993
      vertex 269.5406046450972 3.117160429927034 3.1999999999999993
    endloop
  endfacet
  facet normal 0.6593458151000288 -0.7518398074790126 0
    outer loop
      vertex 269.8079689783217 3.4220310216782974 0.9999999999999991
      vertex 270.112839570073 3.689395354902829 3.1999999999999993
      vertex 269.8079689783217 3.4220310216782974 3.1999999999999993
    endloop
  endfacet
  facet normal 0 0 1
    outer loop
      vertex 270.45 -1.4546787517317599 0.9999999999999991
      vertex 270.5419024001357 -1.5 0.9999999999999991
      vertex 270.9651055706852 -0.11870067849509969 0.9999999999999991
    endloop
  endfacet
  facet normal 0 0 1
    outer loop
      vertex 270.112839570073 -1.2293953549028291 0.9999999999999991
      vertex 270.45 -1.4546787517317599 0.9999999999999991
      vertex 270.52775681356644 0.38 0.9999999999999991
    endloop
  endfacet
  facet normal 0 0 1
    outer loop
      vertex 270.112839570073 -1.2293953549028291 0.9999999999999991
      vertex 270.52775681356644 0.38 0.9999999999999991
      vertex 270.42940479473083 0.5794381649793474 0.9999999999999991
    endloop
  endfacet
  facet normal 0 0 1
    outer loop
      vertex 270.45 -1.4546787517317599 0.9999999999999991
      vertex 270.9651055706852 -0.11870067849509969 0.9999999999999991
      vertex 270.7979184719829 0.02791847198286912 0.9999999999999991
    endloop
  endfacet
  facet normal 0 0 1
    outer loop
      vertex 270.45 -1.4546787517317599 0.9999999999999991
      vertex 270.6512993215049 0.19510557068517498 0.9999999999999991
      vertex 270.52775681356644 0.38 0.9999999999999991
    endloop
  endfacet
  facet normal 0 0 1
    outer loop
      vertex 270.45 -1.4546787517317599 0.9999999999999991
      vertex 270.7979184719829 0.02791847198286912 0.9999999999999991
      vertex 270.6512993215049 0.19510557068517498 0.9999999999999991
    endloop
  endfacet
  facet normal 0 0 1
    outer loop
      vertex 270.5419024001357 -1.5 0.9999999999999991
      vertex 271.15 -0.2422431864335457 0.9999999999999991
      vertex 270.9651055706852 -0.11870067849509969 0.9999999999999991
    endloop
  endfacet
  facet normal 0 0 1
    outer loop
      vertex 270.5419024001357 -1.5 0.9999999999999991
      vertex 271.34943816497935 -0.3405952052691874 0.9999999999999991
      vertex 271.15 -0.2422431864335457 0.9999999999999991
    endloop
  endfacet
  facet normal 0 0 1
    outer loop
      vertex 270.5419024001357 -1.5 0.9999999999999991
      vertex 271.5600076233257 -0.41207390469141614 0.9999999999999991
      vertex 271.34943816497935 -0.3405952052691874 0.9999999999999991
    endloop
  endfacet
  facet normal 0 0 1
    outer loop
      vertex 270.5419024001357 -1.5 0.9999999999999991
      vertex 271.77810547322593 -0.4554562643354776 0.9999999999999991
      vertex 271.5600076233257 -0.41207390469141614 0.9999999999999991
    endloop
  endfacet
  facet normal 0 0 1
    outer loop
      vertex 270.112839570073 -1.2293953549028291 0.9999999999999991
      vertex 270.42940479473083 0.5794381649793474 0.9999999999999991
      vertex 270.3579260953086 0.7900076233257147 0.9999999999999991
    endloop
  endfacet
  facet normal 0 0 1
    outer loop
      vertex 270.112839570073 -1.2293953549028291 0.9999999999999991
      vertex 270.3579260953086 0.7900076233257147 0.9999999999999991
      vertex 270.31454373566453 1.0081054732259123 0.9999999999999991
    endloop
  endfacet
  facet normal 0 0 1
    outer loop
      vertex 269.8079689783217 -0.9620310216782975 0.9999999999999991
      vertex 270.112839570073 -1.2293953549028291 0.9999999999999991
      vertex 270.112839570073 3.689395354902829 0.9999999999999991
    endloop
  endfacet
  facet normal 0 0 1
    outer loop
      vertex 270.112839570073 -1.2293953549028291 0.9999999999999991
      vertex 270.31454373566453 1.0081054732259123 0.9999999999999991
      vertex 270.3 1.23 0.9999999999999991
    endloop
  endfacet
  facet normal 0 0 1
    outer loop
      vertex 270.112839570073 -1.2293953549028291 0.9999999999999991
      vertex 270.3 1.23 0.9999999999999991
      vertex 270.45 3.91467875173176 0.9999999999999991
    endloop
  endfacet
  facet normal 0 0 1
    outer loop
      vertex 270.5419024001357 -1.5 0.9999999999999991
      vertex 273.4580975998643 -1.5 0.9999999999999991
      vertex 271.77810547322593 -0.4554562643354776 0.9999999999999991
    endloop
  endfacet
  facet normal 0 0 1
    outer loop
      vertex 271.77810547322593 -0.4554562643354776 0.9999999999999991
      vertex 273.4580975998643 -1.5 0.9999999999999991
      vertex 272 -0.47 0.9999999999999991
    endloop
  endfacet
  facet normal 0 0 1
    outer loop
      vertex 272 -0.47 0.9999999999999991
      vertex 273.4580975998643 -1.5 0.9999999999999991
      vertex 272.22189452677407 -0.4554562643354776 0.9999999999999991
    endloop
  endfacet
  facet normal 0 0 1
    outer loop
      vertex 272.22189452677407 -0.4554562643354776 0.9999999999999991
      vertex 273.4580975998643 -1.5 0.9999999999999991
      vertex 272.4399923766743 -0.41207390469141614 0.9999999999999991
    endloop
  endfacet
  facet normal 0 0 1
    outer loop
      vertex 272.4399923766743 -0.41207390469141614 0.9999999999999991
      vertex 273.4580975998643 -1.5 0.9999999999999991
      vertex 272.65056183502065 -0.3405952052691874 0.9999999999999991
    endloop
  endfacet
  facet normal 0 0 1
    outer loop
      vertex 272.65056183502065 -0.3405952052691874 0.9999999999999991
      vertex 273.4580975998643 -1.5 0.9999999999999991
      vertex 272.85 -0.2422431864335457 0.9999999999999991
    endloop
  endfacet
  facet normal 0 0 1
    outer loop
      vertex 270.112839570073 -1.2293953549028291 0.9999999999999991
      vertex 270.45 3.91467875173176 0.9999999999999991
      vertex 270.112839570073 3.689395354902829 0.9999999999999991
    endloop
  endfacet
  facet normal 0 0 1
    outer loop
      vertex 270.3 1.23 0.9999999999999991
      vertex 270.31454373566453 1.4518945267740877 0.9999999999999991
      vertex 270.45 3.91467875173176 0.9999999999999991
    endloop
  endfacet
  facet normal 0 0 1
    outer loop
      vertex 270.31454373566453 1.4518945267740877 0.9999999999999991
      vertex 270.3579260953086 1.6699923766742852 0.9999999999999991
      vertex 270.45 3.91467875173176 0.9999999999999991
    endloop
  endfacet
  facet normal 0 0 1
    outer loop
      vertex 270.3579260953086 1.6699923766742852 0.9999999999999991
      vertex 270.42940479473083 1.8805618350206526 0.9999999999999991
      vertex 270.45 3.91467875173176 0.9999999999999991
    endloop
  endfacet
  facet normal 0 0 1
    outer loop
      vertex 270.42940479473083 1.8805618350206526 0.9999999999999991
      vertex 270.52775681356644 2.08 0.9999999999999991
      vertex 270.45 3.91467875173176 0.9999999999999991
    endloop
  endfacet
  facet normal 0 0 1
    outer loop
      vertex 270.52775681356644 2.08 0.9999999999999991
      vertex 270.6512993215049 2.264894429314825 0.9999999999999991
      vertex 270.45 3.91467875173176 0.9999999999999991
    endloop
  endfacet
  facet normal 0 0 1
    outer loop
      vertex 270.6512993215049 2.264894429314825 0.9999999999999991
      vertex 270.81368135966824 4.094026550784989 0.9999999999999991
      vertex 270.45 3.91467875173176 0.9999999999999991
    endloop
  endfacet
  facet normal 0 0 1
    outer loop
      vertex 270.6512993215049 2.264894429314825 0.9999999999999991
      vertex 270.7979184719829 2.4320815280171306 0.9999999999999991
      vertex 270.81368135966824 4.094026550784989 0.9999999999999991
    endloop
  endfacet
  facet normal 0 0 1
    outer loop
      vertex 270.7979184719829 2.4320815280171306 0.9999999999999991
      vertex 270.9651055706852 2.5787006784950997 0.9999999999999991
      vertex 270.81368135966824 4.094026550784989 0.9999999999999991
    endloop
  endfacet
  facet normal 0 0 1
    outer loop
      vertex 270.9651055706852 2.5787006784950997 0.9999999999999991
      vertex 271.15 2.7022431864335457 0.9999999999999991
      vertex 271.1976609601822 4.224370061496112 0.9999999999999991
    endloop
  endfacet
  facet normal 0 0 1
    outer loop
      vertex 271.15 2.7022431864335457 0.9999999999999991
      vertex 271.34943816497935 2.8005952052691874 0.9999999999999991
      vertex 271.1976609601822 4.224370061496112 0.9999999999999991
    endloop
  endfacet
  facet normal 0 0 1
    outer loop
      vertex 270.9651055706852 2.5787006784950997 0.9999999999999991
      vertex 271.1976609601822 4.224370061496112 0.9999999999999991
      vertex 270.81368135966824 4.094026550784989 0.9999999999999991
    endloop
  endfacet
  facet normal 0 0 1
    outer loop
      vertex 271.34943816497935 2.8005952052691874 0.9999999999999991
      vertex 271.59536880411787 4.303479070258812 0.9999999999999991
      vertex 271.1976609601822 4.224370061496112 0.9999999999999991
    endloop
  endfacet
  facet normal 0 0 1
    outer loop
      vertex 271.34943816497935 2.8005952052691874 0.9999999999999991
      vertex 271.5600076233257 2.8720739046914163 0.9999999999999991
      vertex 271.59536880411787 4.303479070258812 0.9999999999999991
    endloop
  endfacet
  facet normal 0 0 1
    outer loop
      vertex 271.5600076233257 2.8720739046914163 0.9999999999999991
      vertex 271.77810547322593 2.9154562643354778 0.9999999999999991
      vertex 271.59536880411787 4.303479070258812 0.9999999999999991
    endloop
  endfacet
  facet normal 0 0 1
    outer loop
      vertex 271.77810547322593 2.9154562643354778 0.9999999999999991
      vertex 272 2.9299999999999997 0.9999999999999991
      vertex 272 4.33 0.9999999999999991
    endloop
  endfacet
  facet normal 0 0 1
    outer loop
      vertex 272 2.9299999999999997 0.9999999999999991
      vertex 272.22189452677407 2.9154562643354778 0.9999999999999991
      vertex 272 4.33 0.9999999999999991
    endloop
  endfacet
  facet normal 0 0 1
    outer loop
      vertex 271.77810547322593 2.9154562643354778 0.9999999999999991
      vertex 272 4.33 0.9999999999999991
      vertex 271.59536880411787 4.303479070258812 0.9999999999999991
    endloop
  endfacet
  facet normal 0 0 1
    outer loop
      vertex 272.22189452677407 2.9154562643354778 0.9999999999999991
      vertex 272.40463119588213 4.303479070258812 0.9999999999999991
      vertex 272 4.33 0.9999999999999991
    endloop
  endfacet
  facet normal 0 0 1
    outer loop
      vertex 272.22189452677407 2.9154562643354778 0.9999999999999991
      vertex 272.4399923766743 2.8720739046914163 0.9999999999999991
      vertex 272.8023390398178 4.224370061496112 0.9999999999999991
    endloop
  endfacet
  facet normal 0 0 1
    outer loop
      vertex 272.4399923766743 2.8720739046914163 0.9999999999999991
      vertex 272.65056183502065 2.8005952052691874 0.9999999999999991
      vertex 272.8023390398178 4.224370061496112 0.9999999999999991
    endloop
  endfacet
  facet normal 0 0 1
    outer loop
      vertex 272.85 2.7022431864335457 0.9999999999999991
      vertex 273.18631864033176 4.094026550784989 0.9999999999999991
      vertex 272.65056183502065 2.8005952052691874 0.9999999999999991
    endloop
  endfacet
  facet normal 0 0 1
    outer loop
      vertex 272.22189452677407 2.9154562643354778 0.9999999999999991
      vertex 272.8023390398178 4.224370061496112 0.9999999999999991
      vertex 272.40463119588213 4.303479070258812 0.9999999999999991
    endloop
  endfacet
  facet normal 0 0 1
    outer loop
      vertex 272.65056183502065 2.8005952052691874 0.9999999999999991
      vertex 273.18631864033176 4.094026550784989 0.9999999999999991
      vertex 272.8023390398178 4.224370061496112 0.9999999999999991
    endloop
  endfacet
  facet normal 0 0 1
    outer loop
      vertex 273.4580975998643 -1.5 0.9999999999999991
      vertex 273.55 -1.4546787517317599 0.9999999999999991
      vertex 273.3487006784951 0.19510557068517498 0.9999999999999991
    endloop
  endfacet
  facet normal 0 0 1
    outer loop
      vertex 272.85 -0.2422431864335457 0.9999999999999991
      vertex 273.4580975998643 -1.5 0.9999999999999991
      vertex 273.0348944293148 -0.11870067849509969 0.9999999999999991
    endloop
  endfacet
  facet normal 0 0 1
    outer loop
      vertex 273.4580975998643 -1.5 0.9999999999999991
      vertex 273.2020815280171 0.02791847198286912 0.9999999999999991
      vertex 273.0348944293148 -0.11870067849509969 0.9999999999999991
    endloop
  endfacet
  facet normal 0 0 1
    outer loop
      vertex 273.4580975998643 -1.5 0.9999999999999991
      vertex 273.3487006784951 0.19510557068517498 0.9999999999999991
      vertex 273.2020815280171 0.02791847198286912 0.9999999999999991
    endloop
  endfacet
  facet normal 0 0 1
    outer loop
      vertex 273.55 -1.4546787517317599 0.9999999999999991
      vertex 273.47224318643356 0.38 0.9999999999999991
      vertex 273.3487006784951 0.19510557068517498 0.9999999999999991
    endloop
  endfacet
  facet normal 0 0 1
    outer loop
      vertex 273.55 -1.4546787517317599 0.9999999999999991
      vertex 273.57059520526917 0.5794381649793474 0.9999999999999991
      vertex 273.47224318643356 0.38 0.9999999999999991
    endloop
  endfacet
  facet normal 0 0 1
    outer loop
      vertex 273.55 -1.4546787517317599 0.9999999999999991
      vertex 273.6420739046914 0.7900076233257147 0.9999999999999991
      vertex 273.57059520526917 0.5794381649793474 0.9999999999999991
    endloop
  endfacet
  facet normal 0 0 1
    outer loop
      vertex 273.55 -1.4546787517317599 0.9999999999999991
      vertex 273.68545626433547 1.0081054732259123 0.9999999999999991
      vertex 273.6420739046914 0.7900076233257147 0.9999999999999991
    endloop
  endfacet
  facet normal 0 0 1
    outer loop
      vertex 273.55 -1.4546787517317599 0.9999999999999991
      vertex 273.7 1.23 0.9999999999999991
      vertex 273.68545626433547 1.0081054732259123 0.9999999999999991
    endloop
  endfacet
  facet normal 0 0 1
    outer loop
      vertex 273.55 -1.4546787517317599 0.9999999999999991
      vertex 273.887160429927 3.689395354902829 0.9999999999999991
      vertex 273.7 1.23 0.9999999999999991
    endloop
  endfacet
  facet normal 0 0 1
    outer loop
      vertex 273.55 -1.4546787517317599 0.9999999999999991
      vertex 273.887160429927 -1.2293953549028291 0.9999999999999991
      vertex 273.887160429927 3.689395354902829 0.9999999999999991
    endloop
  endfacet
  facet normal 0 0 1
    outer loop
      vertex 273.887160429927 -1.2293953549028291 0.9999999999999991
      vertex 274.1920310216783 -0.9620310216782975 0.9999999999999991
      vertex 274.1920310216783 3.4220310216782974 0.9999999999999991
    endloop
  endfacet
  facet normal 0 0 1
    outer loop
      vertex 274.1920310216783 -0.9620310216782975 0.9999999999999991
      vertex 274.4593953549028 -0.6571604299270342 0.9999999999999991
      vertex 274.4593953549028 3.117160429927034 0.9999999999999991
    endloop
  endfacet
  facet normal 0 0 1
    outer loop
      vertex 274.4593953549028 -0.6571604299270342 0.9999999999999991
      vertex 274.6846787517318 -0.32000000000000006 0.9999999999999991
      vertex 274.6846787517318 2.7800000000000002 0.9999999999999991
    endloop
  endfacet
  facet normal 0 0 1
    outer loop
      vertex 274.6846787517318 -0.32000000000000006 0.9999999999999991
      vertex 274.864026550785 0.04368135966822173 0.9999999999999991
      vertex 274.864026550785 2.4163186403317782 0.9999999999999991
    endloop
  endfacet
  facet normal 0 0 1
    outer loop
      vertex 274.864026550785 0.04368135966822173 0.9999999999999991
      vertex 274.9943700614961 0.4276609601821857 0.9999999999999991
      vertex 274.9943700614961 2.0323390398178143 0.9999999999999991
    endloop
  endfacet
  facet normal 0 0 1
    outer loop
      vertex 274.9943700614961 0.4276609601821857 0.9999999999999991
      vertex 275.0734790702588 0.8253688041178401 0.9999999999999991
      vertex 275.0734790702588 1.63463119588216 0.9999999999999991
    endloop
  endfacet
  facet normal 0 0 1
    outer loop
      vertex 275.0734790702588 0.8253688041178401 0.9999999999999991
      vertex 275.1 1.23 0.9999999999999991
      vertex 275.0734790702588 1.63463119588216 0.9999999999999991
    endloop
  endfacet
  facet normal 0 0 1
    outer loop
      vertex 273.68545626433547 1.4518945267740877 0.9999999999999991
      vertex 273.887160429927 3.689395354902829 0.9999999999999991
      vertex 273.6420739046914 1.6699923766742852 0.9999999999999991
    endloop
  endfacet
  facet normal 0 0 1
    outer loop
      vertex 273.3487006784951 2.264894429314825 0.9999999999999991
      vertex 273.47224318643356 2.08 0.9999999999999991
      vertex 273.55 3.91467875173176 0.9999999999999991
    endloop
  endfacet
  facet normal 0 0 1
    outer loop
      vertex 273.57059520526917 1.8805618350206526 0.9999999999999991
      vertex 273.887160429927 3.689395354902829 0.9999999999999991
      vertex 273.47224318643356 2.08 0.9999999999999991
    endloop
  endfacet
  facet normal 0 0 1
    outer loop
      vertex 273.6420739046914 1.6699923766742852 0.9999999999999991
      vertex 273.887160429927 3.689395354902829 0.9999999999999991
      vertex 273.57059520526917 1.8805618350206526 0.9999999999999991
    endloop
  endfacet
  facet normal 0 0 1
    outer loop
      vertex 273.887160429927 -1.2293953549028291 0.9999999999999991
      vertex 274.1920310216783 3.4220310216782974 0.9999999999999991
      vertex 273.887160429927 3.689395354902829 0.9999999999999991
    endloop
  endfacet
  facet normal 0 0 1
    outer loop
      vertex 274.1920310216783 -0.9620310216782975 0.9999999999999991
      vertex 274.4593953549028 3.117160429927034 0.9999999999999991
      vertex 274.1920310216783 3.4220310216782974 0.9999999999999991
    endloop
  endfacet
  facet normal 0 0 1
    outer loop
      vertex 273.7 1.23 0.9999999999999991
      vertex 273.887160429927 3.689395354902829 0.9999999999999991
      vertex 273.68545626433547 1.4518945267740877 0.9999999999999991
    endloop
  endfacet
  facet normal 0 0 1
    outer loop
      vertex 273.3487006784951 2.264894429314825 0.9999999999999991
      vertex 273.55 3.91467875173176 0.9999999999999991
      vertex 273.2020815280171 2.4320815280171306 0.9999999999999991
    endloop
  endfacet
  facet normal 0 0 1
    outer loop
      vertex 273.0348944293148 2.5787006784950997 0.9999999999999991
      vertex 273.2020815280171 2.4320815280171306 0.9999999999999991
      vertex 273.55 3.91467875173176 0.9999999999999991
    endloop
  endfacet
  facet normal 0 0 1
    outer loop
      vertex 272.85 2.7022431864335457 0.9999999999999991
      vertex 273.0348944293148 2.5787006784950997 0.9999999999999991
      vertex 273.18631864033176 4.094026550784989 0.9999999999999991
    endloop
  endfacet
  facet normal 0 0 1
    outer loop
      vertex 273.47224318643356 2.08 0.9999999999999991
      vertex 273.887160429927 3.689395354902829 0.9999999999999991
      vertex 273.55 3.91467875173176 0.9999999999999991
    endloop
  endfacet
  facet normal 0 0 1
    outer loop
      vertex 273.0348944293148 2.5787006784950997 0.9999999999999991
      vertex 273.55 3.91467875173176 0.9999999999999991
      vertex 273.18631864033176 4.094026550784989 0.9999999999999991
    endloop
  endfacet
  facet normal 0 0 1
    outer loop
      vertex 274.6846787517318 -0.32000000000000006 0.9999999999999991
      vertex 274.864026550785 2.4163186403317782 0.9999999999999991
      vertex 274.6846787517318 2.7800000000000002 0.9999999999999991
    endloop
  endfacet
  facet normal 0 0 1
    outer loop
      vertex 274.4593953549028 -0.6571604299270342 0.9999999999999991
      vertex 274.6846787517318 2.7800000000000002 0.9999999999999991
      vertex 274.4593953549028 3.117160429927034 0.9999999999999991
    endloop
  endfacet
  facet normal 0 0 1
    outer loop
      vertex 274.864026550785 0.04368135966822173 0.9999999999999991
      vertex 274.9943700614961 2.0323390398178143 0.9999999999999991
      vertex 274.864026550785 2.4163186403317782 0.9999999999999991
    endloop
  endfacet
  facet normal 0 0 1
    outer loop
      vertex 274.9943700614961 0.4276609601821857 0.9999999999999991
      vertex 275.0734790702588 1.63463119588216 0.9999999999999991
      vertex 274.9943700614961 2.0323390398178143 0.9999999999999991
    endloop
  endfacet
  facet normal 0.5555702330196453 0.8314696123025166 0
    outer loop
      vertex 270.112839570073 -1.2293953549028291 0.9999999999999991
      vertex 270.112839570073 -1.2293953549028291 3.1999999999999993
      vertex 270.45 -1.4546787517317599 0.9999999999999991
    endloop
  endfacet
  facet normal 0.4422886902190772 0.8968727415326508 0
    outer loop
      vertex 270.45 -1.4546787517317599 0.9999999999999991
      vertex 270.45 -1.4546787517317599 3.1999999999999993
      vertex 270.5419024001357 -1.5 0.9999999999999991
    endloop
  endfacet
  facet normal 0.5555702330196453 0.8314696123025166 0
    outer loop
      vertex 270.45 -1.4546787517317599 0.9999999999999991
      vertex 270.112839570073 -1.2293953549028291 3.1999999999999993
      vertex 270.45 -1.4546787517317599 3.1999999999999993
    endloop
  endfacet
  facet normal 0.6593458151000288 0.7518398074790126 0
    outer loop
      vertex 270.112839570073 -1.2293953549028291 0.9999999999999991
      vertex 269.8079689783217 -0.9620310216782975 3.1999999999999993
      vertex 270.112839570073 -1.2293953549028291 3.1999999999999993
    endloop
  endfacet
  facet normal 0.4422886902190772 0.8968727415326508 0
    outer loop
      vertex 270.5419024001357 -1.5 0.9999999999999991
      vertex 270.45 -1.4546787517317599 3.1999999999999993
      vertex 270.5419024001357 -1.5 3.1999999999999993
    endloop
  endfacet
  facet normal 0.6593458151000288 -0.7518398074790126 0
    outer loop
      vertex 269.8079689783217 3.4220310216782974 0.9999999999999991
      vertex 270.112839570073 3.689395354902829 0.9999999999999991
      vertex 270.112839570073 3.689395354902829 3.1999999999999993
    endloop
  endfacet
  facet normal 0.5555702330196453 -0.8314696123025166 0
    outer loop
      vertex 270.112839570073 3.689395354902829 0.9999999999999991
      vertex 270.45 3.91467875173176 0.9999999999999991
      vertex 270.45 3.91467875173176 3.1999999999999993
    endloop
  endfacet
  facet normal 0.4422886902189743 -0.8968727415327016 0
    outer loop
      vertex 270.45 3.91467875173176 0.9999999999999991
      vertex 270.81368135966824 4.094026550784989 0.9999999999999991
      vertex 270.81368135966824 4.094026550784989 3.1999999999999993
    endloop
  endfacet
  facet normal 0.32143946530317025 -0.9469301294951028 0
    outer loop
      vertex 270.81368135966824 4.094026550784989 0.9999999999999991
      vertex 271.1976609601822 4.224370061496112 0.9999999999999991
      vertex 271.1976609601822 4.224370061496112 3.1999999999999993
    endloop
  endfacet
  facet normal 0.5555702330196453 -0.8314696123025166 0
    outer loop
      vertex 270.112839570073 3.689395354902829 0.9999999999999991
      vertex 270.45 3.91467875173176 3.1999999999999993
      vertex 270.112839570073 3.689395354902829 3.1999999999999993
    endloop
  endfacet
  facet normal 0.4422886902189743 -0.8968727415327016 0
    outer loop
      vertex 270.45 3.91467875173176 0.9999999999999991
      vertex 270.81368135966824 4.094026550784989 3.1999999999999993
      vertex 270.45 3.91467875173176 3.1999999999999993
    endloop
  endfacet
  facet normal 0.32143946530317025 -0.9469301294951028 0
    outer loop
      vertex 270.81368135966824 4.094026550784989 0.9999999999999991
      vertex 271.1976609601822 4.224370061496112 3.1999999999999993
      vertex 270.81368135966824 4.094026550784989 3.1999999999999993
    endloop
  endfacet
  facet normal -0.32143946530317025 -0.9469301294951028 0
    outer loop
      vertex 272.8023390398178 4.224370061496112 0.9999999999999991
      vertex 273.18631864033176 4.094026550784989 3.1999999999999993
      vertex 272.8023390398178 4.224370061496112 3.1999999999999993
    endloop
  endfacet
  facet normal -0.4422886902190772 0.8968727415326508 0
    outer loop
      vertex 273.4580975998643 -1.5 0.9999999999999991
      vertex 273.4580975998643 -1.5 3.1999999999999993
      vertex 273.55 -1.4546787517317599 0.9999999999999991
    endloop
  endfacet
  facet normal -0.5555702330196453 0.8314696123025166 0
    outer loop
      vertex 273.55 -1.4546787517317599 0.9999999999999991
      vertex 273.55 -1.4546787517317599 3.1999999999999993
      vertex 273.887160429927 -1.2293953549028291 0.9999999999999991
    endloop
  endfacet
  facet normal -0.6593458151000288 0.7518398074790126 0
    outer loop
      vertex 273.887160429927 -1.2293953549028291 0.9999999999999991
      vertex 273.887160429927 -1.2293953549028291 3.1999999999999993
      vertex 274.1920310216783 -0.9620310216782975 0.9999999999999991
    endloop
  endfacet
  facet normal -0.7518398074789909 0.6593458151000534 0
    outer loop
      vertex 274.1920310216783 -0.9620310216782975 0.9999999999999991
      vertex 274.1920310216783 -0.9620310216782975 3.1999999999999993
      vertex 274.4593953549028 -0.6571604299270342 0.9999999999999991
    endloop
  endfacet
  facet normal -0.8314696123025161 0.5555702330196459 0
    outer loop
      vertex 274.4593953549028 -0.6571604299270342 0.9999999999999991
      vertex 274.4593953549028 -0.6571604299270342 3.1999999999999993
      vertex 274.6846787517318 -0.32000000000000006 0.9999999999999991
    endloop
  endfacet
  facet normal -0.8968727415326851 0.44228869021900763 0
    outer loop
      vertex 274.6846787517318 -0.32000000000000006 0.9999999999999991
      vertex 274.6846787517318 -0.32000000000000006 3.1999999999999993
      vertex 274.864026550785 0.04368135966822173 0.9999999999999991
    endloop
  endfacet
  facet normal -0.9469301294951228 0.3214394653031111 0
    outer loop
      vertex 274.864026550785 0.04368135966822173 0.9999999999999991
      vertex 274.864026550785 0.04368135966822173 3.1999999999999993
      vertex 274.9943700614961 0.4276609601821857 0.9999999999999991
    endloop
  endfacet
  facet normal -0.9807852804032241 0.19509032201616006 0
    outer loop
      vertex 274.9943700614961 0.4276609601821857 0.9999999999999991
      vertex 274.9943700614961 0.4276609601821857 3.1999999999999993
      vertex 275.0734790702588 0.8253688041178401 0.9999999999999991
    endloop
  endfacet
  facet normal -0.9978589232386021 0.06540312923016262 0
    outer loop
      vertex 275.0734790702588 0.8253688041178401 0.9999999999999991
      vertex 275.0734790702588 0.8253688041178401 3.1999999999999993
      vertex 275.1 1.23 0.9999999999999991
    endloop
  endfacet
  facet normal -0.4422886902190772 0.8968727415326508 0
    outer loop
      vertex 273.55 -1.4546787517317599 0.9999999999999991
      vertex 273.4580975998643 -1.5 3.1999999999999993
      vertex 273.55 -1.4546787517317599 3.1999999999999993
    endloop
  endfacet
  facet normal -0.5555702330196453 0.8314696123025166 0
    outer loop
      vertex 273.887160429927 -1.2293953549028291 0.9999999999999991
      vertex 273.55 -1.4546787517317599 3.1999999999999993
      vertex 273.887160429927 -1.2293953549028291 3.1999999999999993
    endloop
  endfacet
  facet normal -0.6593458151000288 0.7518398074790126 0
    outer loop
      vertex 274.1920310216783 -0.9620310216782975 0.9999999999999991
      vertex 273.887160429927 -1.2293953549028291 3.1999999999999993
      vertex 274.1920310216783 -0.9620310216782975 3.1999999999999993
    endloop
  endfacet
  facet normal -0.7518398074789909 0.6593458151000534 0
    outer loop
      vertex 274.4593953549028 -0.6571604299270342 0.9999999999999991
      vertex 274.1920310216783 -0.9620310216782975 3.1999999999999993
      vertex 274.4593953549028 -0.6571604299270342 3.1999999999999993
    endloop
  endfacet
  facet normal -0.8314696123025161 0.5555702330196459 0
    outer loop
      vertex 274.6846787517318 -0.32000000000000006 0.9999999999999991
      vertex 274.4593953549028 -0.6571604299270342 3.1999999999999993
      vertex 274.6846787517318 -0.32000000000000006 3.1999999999999993
    endloop
  endfacet
  facet normal -0.8968727415326851 0.44228869021900763 0
    outer loop
      vertex 274.864026550785 0.04368135966822173 0.9999999999999991
      vertex 274.6846787517318 -0.32000000000000006 3.1999999999999993
      vertex 274.864026550785 0.04368135966822173 3.1999999999999993
    endloop
  endfacet
  facet normal -0.9469301294951228 0.3214394653031111 0
    outer loop
      vertex 274.9943700614961 0.4276609601821857 0.9999999999999991
      vertex 274.864026550785 0.04368135966822173 3.1999999999999993
      vertex 274.9943700614961 0.4276609601821857 3.1999999999999993
    endloop
  endfacet
  facet normal -0.9807852804032241 0.19509032201616006 0
    outer loop
      vertex 275.0734790702588 0.8253688041178401 0.9999999999999991
      vertex 274.9943700614961 0.4276609601821857 3.1999999999999993
      vertex 275.0734790702588 0.8253688041178401 3.1999999999999993
    endloop
  endfacet
  facet normal -0.9978589232386021 0.06540312923016262 0
    outer loop
      vertex 275.1 1.23 0.9999999999999991
      vertex 275.0734790702588 0.8253688041178401 3.1999999999999993
      vertex 275.1 1.23 3.1999999999999993
    endloop
  endfacet
  facet normal -0.32143946530317025 -0.9469301294951028 0
    outer loop
      vertex 273.18631864033176 4.094026550784989 0.9999999999999991
      vertex 273.18631864033176 4.094026550784989 3.1999999999999993
      vertex 272.8023390398178 4.224370061496112 0.9999999999999991
    endloop
  endfacet
  facet normal -0.4422886902189743 -0.8968727415327016 0
    outer loop
      vertex 273.18631864033176 4.094026550784989 0.9999999999999991
      vertex 273.55 3.91467875173176 0.9999999999999991
      vertex 273.55 3.91467875173176 3.1999999999999993
    endloop
  endfacet
  facet normal -0.7518398074789909 -0.6593458151000534 0
    outer loop
      vertex 274.1920310216783 3.4220310216782974 0.9999999999999991
      vertex 274.4593953549028 3.117160429927034 0.9999999999999991
      vertex 274.4593953549028 3.117160429927034 3.1999999999999993
    endloop
  endfacet
  facet normal -0.5555702330196453 -0.8314696123025166 0
    outer loop
      vertex 273.55 3.91467875173176 0.9999999999999991
      vertex 273.887160429927 3.689395354902829 0.9999999999999991
      vertex 273.887160429927 3.689395354902829 3.1999999999999993
    endloop
  endfacet
  facet normal -0.6593458151000288 -0.7518398074790126 0
    outer loop
      vertex 274.1920310216783 3.4220310216782974 0.9999999999999991
      vertex 274.1920310216783 3.4220310216782974 3.1999999999999993
      vertex 273.887160429927 3.689395354902829 0.9999999999999991
    endloop
  endfacet
  facet normal -0.9978589232386021 -0.0654031292301626 0
    outer loop
      vertex 275.1 1.23 0.9999999999999991
      vertex 275.1 1.23 3.1999999999999993
      vertex 275.0734790702588 1.63463119588216 0.9999999999999991
    endloop
  endfacet
  facet normal -0.9807852804032241 -0.1950903220161601 0
    outer loop
      vertex 275.0734790702588 1.63463119588216 0.9999999999999991
      vertex 275.0734790702588 1.63463119588216 3.1999999999999993
      vertex 274.9943700614961 2.0323390398178143 0.9999999999999991
    endloop
  endfacet
  facet normal -0.8968727415326854 -0.4422886902190074 0
    outer loop
      vertex 274.864026550785 2.4163186403317782 0.9999999999999991
      vertex 274.864026550785 2.4163186403317782 3.1999999999999993
      vertex 274.6846787517318 2.7800000000000002 0.9999999999999991
    endloop
  endfacet
  facet normal -0.9469301294951228 -0.3214394653031111 0
    outer loop
      vertex 274.9943700614961 2.0323390398178143 0.9999999999999991
      vertex 274.9943700614961 2.0323390398178143 3.1999999999999993
      vertex 274.864026550785 2.4163186403317782 0.9999999999999991
    endloop
  endfacet
  facet normal -0.8314696123025159 -0.5555702330196461 0
    outer loop
      vertex 274.4593953549028 3.117160429927034 0.9999999999999991
      vertex 274.6846787517318 2.7800000000000002 0.9999999999999991
      vertex 274.6846787517318 2.7800000000000002 3.1999999999999993
    endloop
  endfacet
  facet normal -0.4422886902189743 -0.8968727415327016 0
    outer loop
      vertex 273.18631864033176 4.094026550784989 0.9999999999999991
      vertex 273.55 3.91467875173176 3.1999999999999993
      vertex 273.18631864033176 4.094026550784989 3.1999999999999993
    endloop
  endfacet
  facet normal -0.5555702330196453 -0.8314696123025166 0
    outer loop
      vertex 273.55 3.91467875173176 0.9999999999999991
      vertex 273.887160429927 3.689395354902829 3.1999999999999993
      vertex 273.55 3.91467875173176 3.1999999999999993
    endloop
  endfacet
  facet normal -0.7518398074789909 -0.6593458151000534 0
    outer loop
      vertex 274.1920310216783 3.4220310216782974 0.9999999999999991
      vertex 274.4593953549028 3.117160429927034 3.1999999999999993
      vertex 274.1920310216783 3.4220310216782974 3.1999999999999993
    endloop
  endfacet
  facet normal -0.6593458151000288 -0.7518398074790126 0
    outer loop
      vertex 273.887160429927 3.689395354902829 0.9999999999999991
      vertex 274.1920310216783 3.4220310216782974 3.1999999999999993
      vertex 273.887160429927 3.689395354902829 3.1999999999999993
    endloop
  endfacet
  facet normal -0.9978589232386021 -0.0654031292301626 0
    outer loop
      vertex 275.0734790702588 1.63463119588216 0.9999999999999991
      vertex 275.1 1.23 3.1999999999999993
      vertex 275.0734790702588 1.63463119588216 3.1999999999999993
    endloop
  endfacet
  facet normal -0.9807852804032241 -0.1950903220161601 0
    outer loop
      vertex 274.9943700614961 2.0323390398178143 0.9999999999999991
      vertex 275.0734790702588 1.63463119588216 3.1999999999999993
      vertex 274.9943700614961 2.0323390398178143 3.1999999999999993
    endloop
  endfacet
  facet normal -0.8968727415326854 -0.4422886902190074 0
    outer loop
      vertex 274.6846787517318 2.7800000000000002 0.9999999999999991
      vertex 274.864026550785 2.4163186403317782 3.1999999999999993
      vertex 274.6846787517318 2.7800000000000002 3.1999999999999993
    endloop
  endfacet
  facet normal -0.9469301294951228 -0.3214394653031111 0
    outer loop
      vertex 274.864026550785 2.4163186403317782 0.9999999999999991
      vertex 274.9943700614961 2.0323390398178143 3.1999999999999993
      vertex 274.864026550785 2.4163186403317782 3.1999999999999993
    endloop
  endfacet
  facet normal -0.8314696123025159 -0.5555702330196461 0
    outer loop
      vertex 274.4593953549028 3.117160429927034 0.9999999999999991
      vertex 274.6846787517318 2.7800000000000002 3.1999999999999993
      vertex 274.4593953549028 3.117160429927034 3.1999999999999993
    endloop
  endfacet
  facet normal 0.1950903220161176 -0.9807852804032325 0
    outer loop
      vertex 271.1976609601822 4.224370061496112 0.9999999999999991
      vertex 271.59536880411787 4.303479070258812 0.9999999999999991
      vertex 271.59536880411787 4.303479070258812 3.1999999999999993
    endloop
  endfacet
  facet normal 0.06540312923014747 -0.9978589232386033 0
    outer loop
      vertex 271.59536880411787 4.303479070258812 0.9999999999999991
      vertex 272 4.33 0.9999999999999991
      vertex 272 4.33 3.1999999999999993
    endloop
  endfacet
  facet normal -0.06540312923014747 -0.9978589232386033 0
    outer loop
      vertex 272 4.33 0.9999999999999991
      vertex 272.40463119588213 4.303479070258812 0.9999999999999991
      vertex 272.40463119588213 4.303479070258812 3.1999999999999993
    endloop
  endfacet
  facet normal -0.1950903220161176 -0.9807852804032325 0
    outer loop
      vertex 272.40463119588213 4.303479070258812 0.9999999999999991
      vertex 272.8023390398178 4.224370061496112 0.9999999999999991
      vertex 272.8023390398178 4.224370061496112 3.1999999999999993
    endloop
  endfacet
  facet normal 0.1950903220161176 -0.9807852804032325 0
    outer loop
      vertex 271.1976609601822 4.224370061496112 0.9999999999999991
      vertex 271.59536880411787 4.303479070258812 3.1999999999999993
      vertex 271.1976609601822 4.224370061496112 3.1999999999999993
    endloop
  endfacet
  facet normal 0.06540312923014747 -0.9978589232386033 0
    outer loop
      vertex 271.59536880411787 4.303479070258812 0.9999999999999991
      vertex 272 4.33 3.1999999999999993
      vertex 271.59536880411787 4.303479070258812 3.1999999999999993
    endloop
  endfacet
  facet normal -0.06540312923014747 -0.9978589232386033 0
    outer loop
      vertex 272 4.33 0.9999999999999991
      vertex 272.40463119588213 4.303479070258812 3.1999999999999993
      vertex 272 4.33 3.1999999999999993
    endloop
  endfacet
  facet normal -0.1950903220161176 -0.9807852804032325 0
    outer loop
      vertex 272.40463119588213 4.303479070258812 0.9999999999999991
      vertex 272.8023390398178 4.224370061496112 3.1999999999999993
      vertex 272.40463119588213 4.303479070258812 3.1999999999999993
    endloop
  endfacet
  facet normal 0.06540312923014413 0.9978589232386036 0
    outer loop
      vertex 271.77810547322593 15.544543735664522 0
      vertex 271.77810547322593 15.544543735664522 0.9999999999999991
      vertex 272 15.530000000000001 0
    endloop
  endfacet
  facet normal -0.06540312923014413 0.9978589232386036 0
    outer loop
      vertex 272 15.530000000000001 0
      vertex 272 15.530000000000001 0.9999999999999991
      vertex 272.22189452677407 15.544543735664522 0
    endloop
  endfacet
  facet normal 0.06540312923014413 0.9978589232386036 0
    outer loop
      vertex 272 15.530000000000001 0
      vertex 271.77810547322593 15.544543735664522 0.9999999999999991
      vertex 272 15.530000000000001 0.9999999999999991
    endloop
  endfacet
  facet normal -0.06540312923014413 0.9978589232386036 0
    outer loop
      vertex 272.22189452677407 15.544543735664522 0
      vertex 272 15.530000000000001 0.9999999999999991
      vertex 272.22189452677407 15.544543735664522 0.9999999999999991
    endloop
  endfacet
  facet normal 0.7518398074789362 0.6593458151001158 0
    outer loop
      vertex 270.6512993215049 16.195105570685175 0
      vertex 270.6512993215049 16.195105570685175 0.9999999999999991
      vertex 270.7979184719829 16.02791847198287 0
    endloop
  endfacet
  facet normal 0.9807852804032356 0.19509032201610227 0
    outer loop
      vertex 270.3579260953086 16.790007623325714 0
      vertex 270.31454373566453 17.008105473225914 0
      vertex 270.31454373566453 17.008105473225914 0.9999999999999991
    endloop
  endfacet
  facet normal 0.8968727415327414 0.44228869021889355 0
    outer loop
      vertex 270.52775681356644 16.38 0
      vertex 270.42940479473083 16.579438164979347 0
      vertex 270.42940479473083 16.579438164979347 0.9999999999999991
    endloop
  endfacet
  facet normal 0.8314696123025291 0.5555702330196264 0
    outer loop
      vertex 270.6512993215049 16.195105570685175 0
      vertex 270.52775681356644 16.38 0
      vertex 270.52775681356644 16.38 0.9999999999999991
    endloop
  endfacet
  facet normal 0.9469301294950848 0.321439465303223 0
    outer loop
      vertex 270.3579260953086 16.790007623325714 0
      vertex 270.3579260953086 16.790007623325714 0.9999999999999991
      vertex 270.42940479473083 16.579438164979347 0
    endloop
  endfacet
  facet normal 0.5555702330196632 0.8314696123025044 0
    outer loop
      vertex 270.9651055706852 15.881299321504901 0
      vertex 270.9651055706852 15.881299321504901 0.9999999999999991
      vertex 271.15 15.757756813566456 0
    endloop
  endfacet
  facet normal 0.6593458151000774 0.7518398074789698 0
    outer loop
      vertex 270.9651055706852 15.881299321504901 0
      vertex 270.7979184719829 16.02791847198287 0
      vertex 270.7979184719829 16.02791847198287 0.9999999999999991
    endloop
  endfacet
  facet normal 0.4422886902189648 0.8968727415327064 0
    outer loop
      vertex 271.15 15.757756813566456 0
      vertex 271.15 15.757756813566456 0.9999999999999991
      vertex 271.34943816497935 15.659404794730813 0
    endloop
  endfacet
  facet normal 0.3214394653031803 0.9469301294950992 0
    outer loop
      vertex 271.34943816497935 15.659404794730813 0
      vertex 271.34943816497935 15.659404794730813 0.9999999999999991
      vertex 271.5600076233257 15.587926095308584 0
    endloop
  endfacet
  facet normal 0.8314696123025291 0.5555702330196264 0
    outer loop
      vertex 270.6512993215049 16.195105570685175 0
      vertex 270.52775681356644 16.38 0.9999999999999991
      vertex 270.6512993215049 16.195105570685175 0.9999999999999991
    endloop
  endfacet
  facet normal 0.7518398074789362 0.6593458151001158 0
    outer loop
      vertex 270.7979184719829 16.02791847198287 0
      vertex 270.6512993215049 16.195105570685175 0.9999999999999991
      vertex 270.7979184719829 16.02791847198287 0.9999999999999991
    endloop
  endfacet
  facet normal 0.9807852804032356 0.19509032201610227 0
    outer loop
      vertex 270.3579260953086 16.790007623325714 0
      vertex 270.31454373566453 17.008105473225914 0.9999999999999991
      vertex 270.3579260953086 16.790007623325714 0.9999999999999991
    endloop
  endfacet
  facet normal 0.8968727415327414 0.44228869021889355 0
    outer loop
      vertex 270.52775681356644 16.38 0
      vertex 270.42940479473083 16.579438164979347 0.9999999999999991
      vertex 270.52775681356644 16.38 0.9999999999999991
    endloop
  endfacet
  facet normal 0.9469301294950848 0.321439465303223 0
    outer loop
      vertex 270.42940479473083 16.579438164979347 0
      vertex 270.3579260953086 16.790007623325714 0.9999999999999991
      vertex 270.42940479473083 16.579438164979347 0.9999999999999991
    endloop
  endfacet
  facet normal 0.5555702330196632 0.8314696123025044 0
    outer loop
      vertex 271.15 15.757756813566456 0
      vertex 270.9651055706852 15.881299321504901 0.9999999999999991
      vertex 271.15 15.757756813566456 0.9999999999999991
    endloop
  endfacet
  facet normal 0.6593458151000774 0.7518398074789698 0
    outer loop
      vertex 270.9651055706852 15.881299321504901 0
      vertex 270.7979184719829 16.02791847198287 0.9999999999999991
      vertex 270.9651055706852 15.881299321504901 0.9999999999999991
    endloop
  endfacet
  facet normal 0.4422886902189648 0.8968727415327064 0
    outer loop
      vertex 271.34943816497935 15.659404794730813 0
      vertex 271.15 15.757756813566456 0.9999999999999991
      vertex 271.34943816497935 15.659404794730813 0.9999999999999991
    endloop
  endfacet
  facet normal 0.3214394653031803 0.9469301294950992 0
    outer loop
      vertex 271.5600076233257 15.587926095308584 0
      vertex 271.34943816497935 15.659404794730813 0.9999999999999991
      vertex 271.5600076233257 15.587926095308584 0.9999999999999991
    endloop
  endfacet
  facet normal 0.9978589232386048 0.06540312923012195 0
    outer loop
      vertex 270.31454373566453 17.008105473225914 0
      vertex 270.3 17.23 0
      vertex 270.3 17.23 0.9999999999999991
    endloop
  endfacet
  facet normal 0.9978589232386048 -0.06540312923012195 0
    outer loop
      vertex 270.3 17.23 0
      vertex 270.31454373566453 17.451894526774087 0
      vertex 270.31454373566453 17.451894526774087 0.9999999999999991
    endloop
  endfacet
  facet normal 0.9807852804032356 -0.19509032201610227 0
    outer loop
      vertex 270.31454373566453 17.451894526774087 0
      vertex 270.3579260953086 17.669992376674287 0
      vertex 270.3579260953086 17.669992376674287 0.9999999999999991
    endloop
  endfacet
  facet normal 0.9469301294950848 -0.321439465303223 0
    outer loop
      vertex 270.3579260953086 17.669992376674287 0
      vertex 270.42940479473083 17.880561835020654 0
      vertex 270.42940479473083 17.880561835020654 0.9999999999999991
    endloop
  endfacet
  facet normal 0.8968727415327414 -0.44228869021889355 0
    outer loop
      vertex 270.42940479473083 17.880561835020654 0
      vertex 270.52775681356644 18.080000000000002 0
      vertex 270.52775681356644 18.080000000000002 0.9999999999999991
    endloop
  endfacet
  facet normal 0.8314696123025291 -0.5555702330196264 0
    outer loop
      vertex 270.52775681356644 18.080000000000002 0
      vertex 270.6512993215049 18.264894429314825 0
      vertex 270.6512993215049 18.264894429314825 0.9999999999999991
    endloop
  endfacet
  facet normal 0.7518398074789362 -0.6593458151001158 0
    outer loop
      vertex 270.6512993215049 18.264894429314825 0
      vertex 270.7979184719829 18.432081528017132 0
      vertex 270.7979184719829 18.432081528017132 0.9999999999999991
    endloop
  endfacet
  facet normal 0.9978589232386048 0.06540312923012195 0
    outer loop
      vertex 270.31454373566453 17.008105473225914 0
      vertex 270.3 17.23 0.9999999999999991
      vertex 270.31454373566453 17.008105473225914 0.9999999999999991
    endloop
  endfacet
  facet normal 0.9978589232386048 -0.06540312923012195 0
    outer loop
      vertex 270.3 17.23 0
      vertex 270.31454373566453 17.451894526774087 0.9999999999999991
      vertex 270.3 17.23 0.9999999999999991
    endloop
  endfacet
  facet normal 0.9807852804032356 -0.19509032201610227 0
    outer loop
      vertex 270.31454373566453 17.451894526774087 0
      vertex 270.3579260953086 17.669992376674287 0.9999999999999991
      vertex 270.31454373566453 17.451894526774087 0.9999999999999991
    endloop
  endfacet
  facet normal 0.9469301294950848 -0.321439465303223 0
    outer loop
      vertex 270.3579260953086 17.669992376674287 0
      vertex 270.42940479473083 17.880561835020654 0.9999999999999991
      vertex 270.3579260953086 17.669992376674287 0.9999999999999991
    endloop
  endfacet
  facet normal 0.8968727415327414 -0.44228869021889355 0
    outer loop
      vertex 270.42940479473083 17.880561835020654 0
      vertex 270.52775681356644 18.080000000000002 0.9999999999999991
      vertex 270.42940479473083 17.880561835020654 0.9999999999999991
    endloop
  endfacet
  facet normal 0.8314696123025291 -0.5555702330196264 0
    outer loop
      vertex 270.52775681356644 18.080000000000002 0
      vertex 270.6512993215049 18.264894429314825 0.9999999999999991
      vertex 270.52775681356644 18.080000000000002 0.9999999999999991
    endloop
  endfacet
  facet normal 0.7518398074789362 -0.6593458151001158 0
    outer loop
      vertex 270.6512993215049 18.264894429314825 0
      vertex 270.7979184719829 18.432081528017132 0.9999999999999991
      vertex 270.6512993215049 18.264894429314825 0.9999999999999991
    endloop
  endfacet
  facet normal 0.19509032201609783 0.9807852804032365 0
    outer loop
      vertex 271.77810547322593 15.544543735664522 0
      vertex 271.5600076233257 15.587926095308584 0
      vertex 271.5600076233257 15.587926095308584 0.9999999999999991
    endloop
  endfacet
  facet normal -0.19509032201609783 0.9807852804032365 0
    outer loop
      vertex 272.22189452677407 15.544543735664522 0
      vertex 272.22189452677407 15.544543735664522 0.9999999999999991
      vertex 272.4399923766743 15.587926095308584 0
    endloop
  endfacet
  facet normal -0.3214394653031803 0.9469301294950992 0
    outer loop
      vertex 272.4399923766743 15.587926095308584 0
      vertex 272.4399923766743 15.587926095308584 0.9999999999999991
      vertex 272.65056183502065 15.659404794730813 0
    endloop
  endfacet
  facet normal -0.4422886902189648 0.8968727415327064 0
    outer loop
      vertex 272.65056183502065 15.659404794730813 0
      vertex 272.65056183502065 15.659404794730813 0.9999999999999991
      vertex 272.85 15.757756813566456 0
    endloop
  endfacet
  facet normal -0.5555702330196632 0.8314696123025044 0
    outer loop
      vertex 272.85 15.757756813566456 0
      vertex 272.85 15.757756813566456 0.9999999999999991
      vertex 273.0348944293148 15.881299321504901 0
    endloop
  endfacet
  facet normal 0.19509032201609783 0.9807852804032365 0
    outer loop
      vertex 271.77810547322593 15.544543735664522 0
      vertex 271.5600076233257 15.587926095308584 0.9999999999999991
      vertex 271.77810547322593 15.544543735664522 0.9999999999999991
    endloop
  endfacet
  facet normal -0.19509032201609783 0.9807852804032365 0
    outer loop
      vertex 272.22189452677407 15.544543735664522 0.9999999999999991
      vertex 272.4399923766743 15.587926095308584 0.9999999999999991
      vertex 272.4399923766743 15.587926095308584 0
    endloop
  endfacet
  facet normal -0.3214394653031803 0.9469301294950992 0
    outer loop
      vertex 272.65056183502065 15.659404794730813 0
      vertex 272.4399923766743 15.587926095308584 0.9999999999999991
      vertex 272.65056183502065 15.659404794730813 0.9999999999999991
    endloop
  endfacet
  facet normal -0.4422886902189648 0.8968727415327064 0
    outer loop
      vertex 272.85 15.757756813566456 0
      vertex 272.65056183502065 15.659404794730813 0.9999999999999991
      vertex 272.85 15.757756813566456 0.9999999999999991
    endloop
  endfacet
  facet normal -0.5555702330196632 0.8314696123025044 0
    outer loop
      vertex 272.85 15.757756813566456 0.9999999999999991
      vertex 273.0348944293148 15.881299321504901 0.9999999999999991
      vertex 273.0348944293148 15.881299321504901 0
    endloop
  endfacet
  facet normal 0.6593458151000774 -0.7518398074789698 0
    outer loop
      vertex 270.7979184719829 18.432081528017132 0
      vertex 270.9651055706852 18.5787006784951 0
      vertex 270.9651055706852 18.5787006784951 0.9999999999999991
    endloop
  endfacet
  facet normal 0.5555702330196632 -0.8314696123025044 0
    outer loop
      vertex 270.9651055706852 18.5787006784951 0
      vertex 271.15 18.702243186433545 0
      vertex 271.15 18.702243186433545 0.9999999999999991
    endloop
  endfacet
  facet normal 0.4422886902189712 -0.8968727415327032 0
    outer loop
      vertex 271.15 18.702243186433545 0
      vertex 271.34943816497935 18.80059520526919 0
      vertex 271.34943816497935 18.80059520526919 0.9999999999999991
    endloop
  endfacet
  facet normal 0.32143946530316597 -0.9469301294951042 0
    outer loop
      vertex 271.34943816497935 18.80059520526919 0
      vertex 271.5600076233257 18.872073904691415 0
      vertex 271.5600076233257 18.872073904691415 0.9999999999999991
    endloop
  endfacet
  facet normal 0.6593458151000774 -0.7518398074789698 0
    outer loop
      vertex 270.7979184719829 18.432081528017132 0
      vertex 270.9651055706852 18.5787006784951 0.9999999999999991
      vertex 270.7979184719829 18.432081528017132 0.9999999999999991
    endloop
  endfacet
  facet normal 0.5555702330196632 -0.8314696123025044 0
    outer loop
      vertex 270.9651055706852 18.5787006784951 0
      vertex 271.15 18.702243186433545 0.9999999999999991
      vertex 270.9651055706852 18.5787006784951 0.9999999999999991
    endloop
  endfacet
  facet normal 0.4422886902189712 -0.8968727415327032 0
    outer loop
      vertex 271.15 18.702243186433545 0
      vertex 271.34943816497935 18.80059520526919 0.9999999999999991
      vertex 271.15 18.702243186433545 0.9999999999999991
    endloop
  endfacet
  facet normal 0.32143946530316597 -0.9469301294951042 0
    outer loop
      vertex 271.34943816497935 18.80059520526919 0
      vertex 271.5600076233257 18.872073904691415 0.9999999999999991
      vertex 271.34943816497935 18.80059520526919 0.9999999999999991
    endloop
  endfacet
  facet normal 0.1950903220161055 -0.980785280403235 0
    outer loop
      vertex 271.5600076233257 18.872073904691415 0
      vertex 271.77810547322593 18.91545626433548 0
      vertex 271.77810547322593 18.91545626433548 0.9999999999999991
    endloop
  endfacet
  facet normal 0.06540312923014413 -0.9978589232386036 0
    outer loop
      vertex 271.77810547322593 18.91545626433548 0
      vertex 272 18.93 0
      vertex 272 18.93 0.9999999999999991
    endloop
  endfacet
  facet normal -0.06540312923014413 -0.9978589232386036 0
    outer loop
      vertex 272 18.93 0
      vertex 272.22189452677407 18.91545626433548 0
      vertex 272.22189452677407 18.91545626433548 0.9999999999999991
    endloop
  endfacet
  facet normal -0.1950903220161055 -0.980785280403235 0
    outer loop
      vertex 272.22189452677407 18.91545626433548 0
      vertex 272.4399923766743 18.872073904691415 0
      vertex 272.4399923766743 18.872073904691415 0.9999999999999991
    endloop
  endfacet
  facet normal -0.32143946530316597 -0.9469301294951042 0
    outer loop
      vertex 272.4399923766743 18.872073904691415 0
      vertex 272.65056183502065 18.80059520526919 0
      vertex 272.65056183502065 18.80059520526919 0.9999999999999991
    endloop
  endfacet
  facet normal -0.4422886902189712 -0.8968727415327032 0
    outer loop
      vertex 272.85 18.702243186433545 0
      vertex 272.85 18.702243186433545 0.9999999999999991
      vertex 272.65056183502065 18.80059520526919 0
    endloop
  endfacet
  facet normal -0.5555702330196632 -0.8314696123025044 0
    outer loop
      vertex 272.85 18.702243186433545 0
      vertex 273.0348944293148 18.5787006784951 0
      vertex 273.0348944293148 18.5787006784951 0.9999999999999991
    endloop
  endfacet
  facet normal 0.1950903220161055 -0.980785280403235 0
    outer loop
      vertex 271.5600076233257 18.872073904691415 0
      vertex 271.77810547322593 18.91545626433548 0.9999999999999991
      vertex 271.5600076233257 18.872073904691415 0.9999999999999991
    endloop
  endfacet
  facet normal 0.06540312923014413 -0.9978589232386036 0
    outer loop
      vertex 271.77810547322593 18.91545626433548 0
      vertex 272 18.93 0.9999999999999991
      vertex 271.77810547322593 18.91545626433548 0.9999999999999991
    endloop
  endfacet
  facet normal -0.06540312923014413 -0.9978589232386036 0
    outer loop
      vertex 272 18.93 0
      vertex 272.22189452677407 18.91545626433548 0.9999999999999991
      vertex 272 18.93 0.9999999999999991
    endloop
  endfacet
  facet normal -0.1950903220161055 -0.980785280403235 0
    outer loop
      vertex 272.22189452677407 18.91545626433548 0
      vertex 272.4399923766743 18.872073904691415 0.9999999999999991
      vertex 272.22189452677407 18.91545626433548 0.9999999999999991
    endloop
  endfacet
  facet normal -0.32143946530316597 -0.9469301294951042 0
    outer loop
      vertex 272.4399923766743 18.872073904691415 0
      vertex 272.65056183502065 18.80059520526919 0.9999999999999991
      vertex 272.4399923766743 18.872073904691415 0.9999999999999991
    endloop
  endfacet
  facet normal -0.5555702330196632 -0.8314696123025044 0
    outer loop
      vertex 272.85 18.702243186433545 0
      vertex 273.0348944293148 18.5787006784951 0.9999999999999991
      vertex 272.85 18.702243186433545 0.9999999999999991
    endloop
  endfacet
  facet normal -0.4422886902189712 -0.8968727415327032 0
    outer loop
      vertex 272.65056183502065 18.80059520526919 0
      vertex 272.85 18.702243186433545 0.9999999999999991
      vertex 272.65056183502065 18.80059520526919 0.9999999999999991
    endloop
  endfacet
  facet normal -0.6593458151000774 0.7518398074789698 0
    outer loop
      vertex 273.0348944293148 15.881299321504901 0
      vertex 273.0348944293148 15.881299321504901 0.9999999999999991
      vertex 273.2020815280171 16.02791847198287 0
    endloop
  endfacet
  facet normal -0.7518398074789362 0.6593458151001158 0
    outer loop
      vertex 273.2020815280171 16.02791847198287 0
      vertex 273.2020815280171 16.02791847198287 0.9999999999999991
      vertex 273.3487006784951 16.195105570685175 0
    endloop
  endfacet
  facet normal -0.8314696123025291 0.5555702330196264 0
    outer loop
      vertex 273.3487006784951 16.195105570685175 0
      vertex 273.3487006784951 16.195105570685175 0.9999999999999991
      vertex 273.47224318643356 16.38 0
    endloop
  endfacet
  facet normal -0.8968727415327414 0.44228869021889355 0
    outer loop
      vertex 273.47224318643356 16.38 0
      vertex 273.47224318643356 16.38 0.9999999999999991
      vertex 273.57059520526917 16.579438164979347 0
    endloop
  endfacet
  facet normal -0.9469301294950848 0.321439465303223 0
    outer loop
      vertex 273.57059520526917 16.579438164979347 0
      vertex 273.57059520526917 16.579438164979347 0.9999999999999991
      vertex 273.6420739046914 16.790007623325714 0
    endloop
  endfacet
  facet normal -0.9807852804032356 0.19509032201610227 0
    outer loop
      vertex 273.6420739046914 16.790007623325714 0
      vertex 273.6420739046914 16.790007623325714 0.9999999999999991
      vertex 273.68545626433547 17.008105473225914 0
    endloop
  endfacet
  facet normal -0.6593458151000774 0.7518398074789698 0
    outer loop
      vertex 273.2020815280171 16.02791847198287 0
      vertex 273.0348944293148 15.881299321504901 0.9999999999999991
      vertex 273.2020815280171 16.02791847198287 0.9999999999999991
    endloop
  endfacet
  facet normal -0.7518398074789362 0.6593458151001158 0
    outer loop
      vertex 273.3487006784951 16.195105570685175 0
      vertex 273.2020815280171 16.02791847198287 0.9999999999999991
      vertex 273.3487006784951 16.195105570685175 0.9999999999999991
    endloop
  endfacet
  facet normal -0.8314696123025291 0.5555702330196264 0
    outer loop
      vertex 273.47224318643356 16.38 0
      vertex 273.3487006784951 16.195105570685175 0.9999999999999991
      vertex 273.47224318643356 16.38 0.9999999999999991
    endloop
  endfacet
  facet normal -0.8968727415327414 0.44228869021889355 0
    outer loop
      vertex 273.57059520526917 16.579438164979347 0
      vertex 273.47224318643356 16.38 0.9999999999999991
      vertex 273.57059520526917 16.579438164979347 0.9999999999999991
    endloop
  endfacet
  facet normal -0.9469301294950848 0.321439465303223 0
    outer loop
      vertex 273.6420739046914 16.790007623325714 0
      vertex 273.57059520526917 16.579438164979347 0.9999999999999991
      vertex 273.6420739046914 16.790007623325714 0.9999999999999991
    endloop
  endfacet
  facet normal -0.9807852804032356 0.19509032201610227 0
    outer loop
      vertex 273.68545626433547 17.008105473225914 0
      vertex 273.6420739046914 16.790007623325714 0.9999999999999991
      vertex 273.68545626433547 17.008105473225914 0.9999999999999991
    endloop
  endfacet
  facet normal -0.9978589232386048 0.06540312923012195 0
    outer loop
      vertex 273.68545626433547 17.008105473225914 0
      vertex 273.68545626433547 17.008105473225914 0.9999999999999991
      vertex 273.7 17.23 0
    endloop
  endfacet
  facet normal -0.9978589232386048 -0.06540312923012195 0
    outer loop
      vertex 273.7 17.23 0
      vertex 273.7 17.23 0.9999999999999991
      vertex 273.68545626433547 17.451894526774087 0
    endloop
  endfacet
  facet normal -0.9807852804032356 -0.19509032201610227 0
    outer loop
      vertex 273.68545626433547 17.451894526774087 0
      vertex 273.68545626433547 17.451894526774087 0.9999999999999991
      vertex 273.6420739046914 17.669992376674287 0
    endloop
  endfacet
  facet normal -0.7518398074789362 -0.6593458151001158 0
    outer loop
      vertex 273.3487006784951 18.264894429314825 0
      vertex 273.3487006784951 18.264894429314825 0.9999999999999991
      vertex 273.2020815280171 18.432081528017132 0
    endloop
  endfacet
  facet normal -0.8968727415327414 -0.44228869021889355 0
    outer loop
      vertex 273.57059520526917 17.880561835020654 0
      vertex 273.57059520526917 17.880561835020654 0.9999999999999991
      vertex 273.47224318643356 18.080000000000002 0
    endloop
  endfacet
  facet normal -0.9469301294950848 -0.321439465303223 0
    outer loop
      vertex 273.6420739046914 17.669992376674287 0
      vertex 273.6420739046914 17.669992376674287 0.9999999999999991
      vertex 273.57059520526917 17.880561835020654 0
    endloop
  endfacet
  facet normal -0.8314696123025291 -0.5555702330196264 0
    outer loop
      vertex 273.3487006784951 18.264894429314825 0
      vertex 273.47224318643356 18.080000000000002 0
      vertex 273.47224318643356 18.080000000000002 0.9999999999999991
    endloop
  endfacet
  facet normal -0.9978589232386048 0.06540312923012195 0
    outer loop
      vertex 273.7 17.23 0
      vertex 273.68545626433547 17.008105473225914 0.9999999999999991
      vertex 273.7 17.23 0.9999999999999991
    endloop
  endfacet
  facet normal -0.9978589232386048 -0.06540312923012195 0
    outer loop
      vertex 273.68545626433547 17.451894526774087 0
      vertex 273.7 17.23 0.9999999999999991
      vertex 273.68545626433547 17.451894526774087 0.9999999999999991
    endloop
  endfacet
  facet normal -0.9807852804032356 -0.19509032201610227 0
    outer loop
      vertex 273.6420739046914 17.669992376674287 0
      vertex 273.68545626433547 17.451894526774087 0.9999999999999991
      vertex 273.6420739046914 17.669992376674287 0.9999999999999991
    endloop
  endfacet
  facet normal -0.7518398074789362 -0.6593458151001158 0
    outer loop
      vertex 273.3487006784951 18.264894429314825 0.9999999999999991
      vertex 273.2020815280171 18.432081528017132 0.9999999999999991
      vertex 273.2020815280171 18.432081528017132 0
    endloop
  endfacet
  facet normal -0.8968727415327414 -0.44228869021889355 0
    outer loop
      vertex 273.47224318643356 18.080000000000002 0
      vertex 273.57059520526917 17.880561835020654 0.9999999999999991
      vertex 273.47224318643356 18.080000000000002 0.9999999999999991
    endloop
  endfacet
  facet normal -0.9469301294950848 -0.321439465303223 0
    outer loop
      vertex 273.57059520526917 17.880561835020654 0
      vertex 273.6420739046914 17.669992376674287 0.9999999999999991
      vertex 273.57059520526917 17.880561835020654 0.9999999999999991
    endloop
  endfacet
  facet normal -0.8314696123025291 -0.5555702330196264 0
    outer loop
      vertex 273.3487006784951 18.264894429314825 0
      vertex 273.47224318643356 18.080000000000002 0.9999999999999991
      vertex 273.3487006784951 18.264894429314825 0.9999999999999991
    endloop
  endfacet
  facet normal -0.6593458151000774 -0.7518398074789698 0
    outer loop
      vertex 273.0348944293148 18.5787006784951 0
      vertex 273.2020815280171 18.432081528017132 0
      vertex 273.2020815280171 18.432081528017132 0.9999999999999991
    endloop
  endfacet
  facet normal -0.6593458151000774 -0.7518398074789698 0
    outer loop
      vertex 273.0348944293148 18.5787006784951 0
      vertex 273.2020815280171 18.432081528017132 0.9999999999999991
      vertex 273.0348944293148 18.5787006784951 0.9999999999999991
    endloop
  endfacet
  facet normal 0.6593458151000307 0.7518398074790109 0
    outer loop
      vertex 269.8079689783217 15.037968978321704 0.9999999999999991
      vertex 269.8079689783217 15.037968978321704 3.1999999999999993
      vertex 270.112839570073 14.77060464509717 0.9999999999999991
    endloop
  endfacet
  facet normal 0.75183980747899 0.6593458151000545 0
    outer loop
      vertex 269.5406046450972 15.342839570072966 0.9999999999999991
      vertex 269.5406046450972 15.342839570072966 3.1999999999999993
      vertex 269.8079689783217 15.037968978321704 0.9999999999999991
    endloop
  endfacet
  facet normal 0.8314696123025155 0.5555702330196466 0
    outer loop
      vertex 269.5406046450972 15.342839570072966 0.9999999999999991
      vertex 269.3153212482682 15.68 3.1999999999999993
      vertex 269.5406046450972 15.342839570072966 3.1999999999999993
    endloop
  endfacet
  facet normal 0.75183980747899 0.6593458151000545 0
    outer loop
      vertex 269.8079689783217 15.037968978321704 0.9999999999999991
      vertex 269.5406046450972 15.342839570072966 3.1999999999999993
      vertex 269.8079689783217 15.037968978321704 3.1999999999999993
    endloop
  endfacet
  facet normal 0 0 1
    outer loop
      vertex 269.135973449215 16.043681359668224 0.9999999999999991
      vertex 269.135973449215 18.416318640331777 0.9999999999999991
      vertex 269.0056299385039 16.427660960182187 0.9999999999999991
    endloop
  endfacet
  facet normal 0 0 1
    outer loop
      vertex 269.135973449215 16.043681359668224 0.9999999999999991
      vertex 269.3153212482682 15.68 0.9999999999999991
      vertex 269.3153212482682 18.78 0.9999999999999991
    endloop
  endfacet
  facet normal 0 0 1
    outer loop
      vertex 269.5406046450972 15.342839570072966 0.9999999999999991
      vertex 269.5406046450972 19.117160429927033 0.9999999999999991
      vertex 269.3153212482682 15.68 0.9999999999999991
    endloop
  endfacet
  facet normal 0 0 1
    outer loop
      vertex 269.5406046450972 15.342839570072966 0.9999999999999991
      vertex 269.8079689783217 15.037968978321704 0.9999999999999991
      vertex 269.8079689783217 19.422031021678297 0.9999999999999991
    endloop
  endfacet
  facet normal 0 0 1
    outer loop
      vertex 269.0056299385039 16.427660960182187 0.9999999999999991
      vertex 269.0056299385039 18.032339039817813 0.9999999999999991
      vertex 268.9265209297412 16.82536880411784 0.9999999999999991
    endloop
  endfacet
  facet normal 0 0 1
    outer loop
      vertex 268.9265209297412 16.82536880411784 0.9999999999999991
      vertex 268.9265209297412 17.63463119588216 0.9999999999999991
      vertex 268.9 17.23 0.9999999999999991
    endloop
  endfacet
  facet normal 0 0 1
    outer loop
      vertex 268.9265209297412 16.82536880411784 0.9999999999999991
      vertex 269.0056299385039 18.032339039817813 0.9999999999999991
      vertex 268.9265209297412 17.63463119588216 0.9999999999999991
    endloop
  endfacet
  facet normal 0 0 1
    outer loop
      vertex 269.0056299385039 16.427660960182187 0.9999999999999991
      vertex 269.135973449215 18.416318640331777 0.9999999999999991
      vertex 269.0056299385039 18.032339039817813 0.9999999999999991
    endloop
  endfacet
  facet normal 0 0 1
    outer loop
      vertex 269.135973449215 16.043681359668224 0.9999999999999991
      vertex 269.3153212482682 18.78 0.9999999999999991
      vertex 269.135973449215 18.416318640331777 0.9999999999999991
    endloop
  endfacet
  facet normal 0 0 1
    outer loop
      vertex 269.3153212482682 15.68 0.9999999999999991
      vertex 269.5406046450972 19.117160429927033 0.9999999999999991
      vertex 269.3153212482682 18.78 0.9999999999999991
    endloop
  endfacet
  facet normal 0 0 1
    outer loop
      vertex 269.5406046450972 15.342839570072966 0.9999999999999991
      vertex 269.8079689783217 19.422031021678297 0.9999999999999991
      vertex 269.5406046450972 19.117160429927033 0.9999999999999991
    endloop
  endfacet
  facet normal 0 0 1
    outer loop
      vertex 269.8079689783217 15.037968978321704 0.9999999999999991
      vertex 270.112839570073 19.689395354902828 0.9999999999999991
      vertex 269.8079689783217 19.422031021678297 0.9999999999999991
    endloop
  endfacet
  facet normal 0.8968727415326861 0.44228869021900563 0
    outer loop
      vertex 269.135973449215 16.043681359668224 0.9999999999999991
      vertex 269.135973449215 16.043681359668224 3.1999999999999993
      vertex 269.3153212482682 15.68 0.9999999999999991
    endloop
  endfacet
  facet normal 0.9469301294951228 0.3214394653031111 0
    outer loop
      vertex 269.135973449215 16.043681359668224 0.9999999999999991
      vertex 269.0056299385039 16.427660960182187 0.9999999999999991
      vertex 269.0056299385039 16.427660960182187 3.1999999999999993
    endloop
  endfacet
  facet normal 0.980785280403224 0.19509032201616097 0
    outer loop
      vertex 269.0056299385039 16.427660960182187 0.9999999999999991
      vertex 268.9265209297412 16.82536880411784 0.9999999999999991
      vertex 268.9265209297412 16.82536880411784 3.1999999999999993
    endloop
  endfacet
  facet normal 0.8314696123025155 0.5555702330196466 0
    outer loop
      vertex 269.5406046450972 15.342839570072966 0.9999999999999991
      vertex 269.3153212482682 15.68 0.9999999999999991
      vertex 269.3153212482682 15.68 3.1999999999999993
    endloop
  endfacet
  facet normal 0.9978589232386021 0.06540312923016253 0
    outer loop
      vertex 268.9265209297412 16.82536880411784 0.9999999999999991
      vertex 268.9 17.23 0.9999999999999991
      vertex 268.9 17.23 3.1999999999999993
    endloop
  endfacet
  facet normal 0.9978589232386021 -0.06540312923016253 0
    outer loop
      vertex 268.9 17.23 0.9999999999999991
      vertex 268.9265209297412 17.63463119588216 0.9999999999999991
      vertex 268.9265209297412 17.63463119588216 3.1999999999999993
    endloop
  endfacet
  facet normal 0.980785280403224 -0.19509032201616097 0
    outer loop
      vertex 268.9265209297412 17.63463119588216 0.9999999999999991
      vertex 269.0056299385039 18.032339039817813 0.9999999999999991
      vertex 269.0056299385039 18.032339039817813 3.1999999999999993
    endloop
  endfacet
  facet normal 0.9469301294951228 -0.3214394653031111 0
    outer loop
      vertex 269.0056299385039 18.032339039817813 0.9999999999999991
      vertex 269.135973449215 18.416318640331777 0.9999999999999991
      vertex 269.135973449215 18.416318640331777 3.1999999999999993
    endloop
  endfacet
  facet normal 0.9469301294951228 0.3214394653031111 0
    outer loop
      vertex 269.135973449215 16.043681359668224 0.9999999999999991
      vertex 269.0056299385039 16.427660960182187 3.1999999999999993
      vertex 269.135973449215 16.043681359668224 3.1999999999999993
    endloop
  endfacet
  facet normal 0.980785280403224 0.19509032201616097 0
    outer loop
      vertex 269.0056299385039 16.427660960182187 0.9999999999999991
      vertex 268.9265209297412 16.82536880411784 3.1999999999999993
      vertex 269.0056299385039 16.427660960182187 3.1999999999999993
    endloop
  endfacet
  facet normal 0.9978589232386021 0.06540312923016253 0
    outer loop
      vertex 268.9265209297412 16.82536880411784 0.9999999999999991
      vertex 268.9 17.23 3.1999999999999993
      vertex 268.9265209297412 16.82536880411784 3.1999999999999993
    endloop
  endfacet
  facet normal 0.8968727415326861 0.44228869021900563 0
    outer loop
      vertex 269.3153212482682 15.68 0.9999999999999991
      vertex 269.135973449215 16.043681359668224 3.1999999999999993
      vertex 269.3153212482682 15.68 3.1999999999999993
    endloop
  endfacet
  facet normal 0.9978589232386021 -0.06540312923016253 0
    outer loop
      vertex 268.9 17.23 0.9999999999999991
      vertex 268.9265209297412 17.63463119588216 3.1999999999999993
      vertex 268.9 17.23 3.1999999999999993
    endloop
  endfacet
  facet normal 0.980785280403224 -0.19509032201616097 0
    outer loop
      vertex 268.9265209297412 17.63463119588216 0.9999999999999991
      vertex 269.0056299385039 18.032339039817813 3.1999999999999993
      vertex 268.9265209297412 17.63463119588216 3.1999999999999993
    endloop
  endfacet
  facet normal 0.9469301294951228 -0.3214394653031111 0
    outer loop
      vertex 269.0056299385039 18.032339039817813 0.9999999999999991
      vertex 269.135973449215 18.416318640331777 3.1999999999999993
      vertex 269.0056299385039 18.032339039817813 3.1999999999999993
    endloop
  endfacet
  facet normal 0.8968727415326861 -0.44228869021900563 0
    outer loop
      vertex 269.135973449215 18.416318640331777 0.9999999999999991
      vertex 269.3153212482682 18.78 0.9999999999999991
      vertex 269.3153212482682 18.78 3.1999999999999993
    endloop
  endfacet
  facet normal 0.8314696123025141 -0.5555702330196486 0
    outer loop
      vertex 269.3153212482682 18.78 0.9999999999999991
      vertex 269.5406046450972 19.117160429927033 0.9999999999999991
      vertex 269.5406046450972 19.117160429927033 3.1999999999999993
    endloop
  endfacet
  facet normal 0.7518398074789919 -0.6593458151000524 0
    outer loop
      vertex 269.5406046450972 19.117160429927033 0.9999999999999991
      vertex 269.8079689783217 19.422031021678297 0.9999999999999991
      vertex 269.8079689783217 19.422031021678297 3.1999999999999993
    endloop
  endfacet
  facet normal 0.8968727415326861 -0.44228869021900563 0
    outer loop
      vertex 269.135973449215 18.416318640331777 0.9999999999999991
      vertex 269.3153212482682 18.78 3.1999999999999993
      vertex 269.135973449215 18.416318640331777 3.1999999999999993
    endloop
  endfacet
  facet normal 0.8314696123025141 -0.5555702330196486 0
    outer loop
      vertex 269.3153212482682 18.78 0.9999999999999991
      vertex 269.5406046450972 19.117160429927033 3.1999999999999993
      vertex 269.3153212482682 18.78 3.1999999999999993
    endloop
  endfacet
  facet normal 0.7518398074789919 -0.6593458151000524 0
    outer loop
      vertex 269.5406046450972 19.117160429927033 0.9999999999999991
      vertex 269.8079689783217 19.422031021678297 3.1999999999999993
      vertex 269.5406046450972 19.117160429927033 3.1999999999999993
    endloop
  endfacet
  facet normal 0.6593458151000281 -0.7518398074790131 0
    outer loop
      vertex 269.8079689783217 19.422031021678297 0.9999999999999991
      vertex 270.112839570073 19.689395354902828 3.1999999999999993
      vertex 269.8079689783217 19.422031021678297 3.1999999999999993
    endloop
  endfacet
  facet normal 0 0 1
    outer loop
      vertex 270.112839570073 14.77060464509717 0.9999999999999991
      vertex 270.45 14.545321248268241 0.9999999999999991
      vertex 270.52775681356644 16.38 0.9999999999999991
    endloop
  endfacet
  facet normal 0 0 1
    outer loop
      vertex 270.45 14.545321248268241 0.9999999999999991
      vertex 270.81368135966824 14.365973449215012 0.9999999999999991
      vertex 270.9651055706852 15.881299321504901 0.9999999999999991
    endloop
  endfacet
  facet normal 0 0 1
    outer loop
      vertex 270.45 14.545321248268241 0.9999999999999991
      vertex 270.9651055706852 15.881299321504901 0.9999999999999991
      vertex 270.7979184719829 16.02791847198287 0.9999999999999991
    endloop
  endfacet
  facet normal 0 0 1
    outer loop
      vertex 270.81368135966824 14.365973449215012 0.9999999999999991
      vertex 271.1976609601822 14.23562993850389 0.9999999999999991
      vertex 271.34943816497935 15.659404794730813 0.9999999999999991
    endloop
  endfacet
  facet normal 0 0 1
    outer loop
      vertex 270.81368135966824 14.365973449215012 0.9999999999999991
      vertex 271.15 15.757756813566456 0.9999999999999991
      vertex 270.9651055706852 15.881299321504901 0.9999999999999991
    endloop
  endfacet
  facet normal 0 0 1
    outer loop
      vertex 270.81368135966824 14.365973449215012 0.9999999999999991
      vertex 271.34943816497935 15.659404794730813 0.9999999999999991
      vertex 271.15 15.757756813566456 0.9999999999999991
    endloop
  endfacet
  facet normal 0 0 1
    outer loop
      vertex 271.1976609601822 14.23562993850389 0.9999999999999991
      vertex 271.5600076233257 15.587926095308584 0.9999999999999991
      vertex 271.34943816497935 15.659404794730813 0.9999999999999991
    endloop
  endfacet
  facet normal 0 0 1
    outer loop
      vertex 271.1976609601822 14.23562993850389 0.9999999999999991
      vertex 271.59536880411787 14.156520929741188 0.9999999999999991
      vertex 271.77810547322593 15.544543735664522 0.9999999999999991
    endloop
  endfacet
  facet normal 0 0 1
    outer loop
      vertex 271.59536880411787 14.156520929741188 0.9999999999999991
      vertex 272 14.13 0.9999999999999991
      vertex 271.77810547322593 15.544543735664522 0.9999999999999991
    endloop
  endfacet
  facet normal 0 0 1
    outer loop
      vertex 272 14.13 0.9999999999999991
      vertex 272.40463119588213 14.156520929741188 0.9999999999999991
      vertex 272.22189452677407 15.544543735664522 0.9999999999999991
    endloop
  endfacet
  facet normal 0 0 1
    outer loop
      vertex 271.1976609601822 14.23562993850389 0.9999999999999991
      vertex 271.77810547322593 15.544543735664522 0.9999999999999991
      vertex 271.5600076233257 15.587926095308584 0.9999999999999991
    endloop
  endfacet
  facet normal 0 0 1
    outer loop
      vertex 272 14.13 0.9999999999999991
      vertex 272 15.530000000000001 0.9999999999999991
      vertex 271.77810547322593 15.544543735664522 0.9999999999999991
    endloop
  endfacet
  facet normal 0 0 1
    outer loop
      vertex 272 14.13 0.9999999999999991
      vertex 272.22189452677407 15.544543735664522 0.9999999999999991
      vertex 272 15.530000000000001 0.9999999999999991
    endloop
  endfacet
  facet normal 0 0 1
    outer loop
      vertex 272.40463119588213 14.156520929741188 0.9999999999999991
      vertex 272.8023390398178 14.23562993850389 0.9999999999999991
      vertex 272.65056183502065 15.659404794730813 0.9999999999999991
    endloop
  endfacet
  facet normal 0 0 1
    outer loop
      vertex 272.22189452677407 15.544543735664522 0.9999999999999991
      vertex 272.40463119588213 14.156520929741188 0.9999999999999991
      vertex 272.4399923766743 15.587926095308584 0.9999999999999991
    endloop
  endfacet
  facet normal 0 0 1
    outer loop
      vertex 272.40463119588213 14.156520929741188 0.9999999999999991
      vertex 272.65056183502065 15.659404794730813 0.9999999999999991
      vertex 272.4399923766743 15.587926095308584 0.9999999999999991
    endloop
  endfacet
  facet normal 0 0 1
    outer loop
      vertex 272.8023390398178 14.23562993850389 0.9999999999999991
      vertex 272.85 15.757756813566456 0.9999999999999991
      vertex 272.65056183502065 15.659404794730813 0.9999999999999991
    endloop
  endfacet
  facet normal 0 0 1
    outer loop
      vertex 272.8023390398178 14.23562993850389 0.9999999999999991
      vertex 273.0348944293148 15.881299321504901 0.9999999999999991
      vertex 272.85 15.757756813566456 0.9999999999999991
    endloop
  endfacet
  facet normal 0 0 1
    outer loop
      vertex 272.8023390398178 14.23562993850389 0.9999999999999991
      vertex 273.18631864033176 14.365973449215012 0.9999999999999991
      vertex 273.0348944293148 15.881299321504901 0.9999999999999991
    endloop
  endfacet
  facet normal 0 0 1
    outer loop
      vertex 273.18631864033176 14.365973449215012 0.9999999999999991
      vertex 273.55 14.545321248268241 0.9999999999999991
      vertex 273.3487006784951 16.195105570685175 0.9999999999999991
    endloop
  endfacet
  facet normal 0 0 1
    outer loop
      vertex 273.18631864033176 14.365973449215012 0.9999999999999991
      vertex 273.2020815280171 16.02791847198287 0.9999999999999991
      vertex 273.0348944293148 15.881299321504901 0.9999999999999991
    endloop
  endfacet
  facet normal 0 0 1
    outer loop
      vertex 273.18631864033176 14.365973449215012 0.9999999999999991
      vertex 273.3487006784951 16.195105570685175 0.9999999999999991
      vertex 273.2020815280171 16.02791847198287 0.9999999999999991
    endloop
  endfacet
  facet normal 0.5555702330196437 0.8314696123025175 0
    outer loop
      vertex 270.112839570073 14.77060464509717 0.9999999999999991
      vertex 270.112839570073 14.77060464509717 3.1999999999999993
      vertex 270.45 14.545321248268241 0.9999999999999991
    endloop
  endfacet
  facet normal 0.4422886902189743 0.8968727415327016 0
    outer loop
      vertex 270.45 14.545321248268241 0.9999999999999991
      vertex 270.45 14.545321248268241 3.1999999999999993
      vertex 270.81368135966824 14.365973449215012 0.9999999999999991
    endloop
  endfacet
  facet normal 0.32143946530317025 0.9469301294951028 0
    outer loop
      vertex 270.81368135966824 14.365973449215012 0.9999999999999991
      vertex 270.81368135966824 14.365973449215012 3.1999999999999993
      vertex 271.1976609601822 14.23562993850389 0.9999999999999991
    endloop
  endfacet
  facet normal 0.19509032201611973 0.9807852804032322 0
    outer loop
      vertex 271.1976609601822 14.23562993850389 0.9999999999999991
      vertex 271.1976609601822 14.23562993850389 3.1999999999999993
      vertex 271.59536880411787 14.156520929741188 0.9999999999999991
    endloop
  endfacet
  facet normal 0.0654031292301453 0.9978589232386034 0
    outer loop
      vertex 271.59536880411787 14.156520929741188 0.9999999999999991
      vertex 271.59536880411787 14.156520929741188 3.1999999999999993
      vertex 272 14.13 0.9999999999999991
    endloop
  endfacet
  facet normal -0.0654031292301453 0.9978589232386034 0
    outer loop
      vertex 272 14.13 0.9999999999999991
      vertex 272 14.13 3.1999999999999993
      vertex 272.40463119588213 14.156520929741188 0.9999999999999991
    endloop
  endfacet
  facet normal -0.19509032201611973 0.9807852804032322 0
    outer loop
      vertex 272.40463119588213 14.156520929741188 0.9999999999999991
      vertex 272.40463119588213 14.156520929741188 3.1999999999999993
      vertex 272.8023390398178 14.23562993850389 0.9999999999999991
    endloop
  endfacet
  facet normal -0.32143946530317025 0.9469301294951028 0
    outer loop
      vertex 272.8023390398178 14.23562993850389 0.9999999999999991
      vertex 272.8023390398178 14.23562993850389 3.1999999999999993
      vertex 273.18631864033176 14.365973449215012 0.9999999999999991
    endloop
  endfacet
  facet normal 0.5555702330196437 0.8314696123025175 0
    outer loop
      vertex 270.45 14.545321248268241 0.9999999999999991
      vertex 270.112839570073 14.77060464509717 3.1999999999999993
      vertex 270.45 14.545321248268241 3.1999999999999993
    endloop
  endfacet
  facet normal 0.4422886902189743 0.8968727415327016 0
    outer loop
      vertex 270.81368135966824 14.365973449215012 0.9999999999999991
      vertex 270.45 14.545321248268241 3.1999999999999993
      vertex 270.81368135966824 14.365973449215012 3.1999999999999993
    endloop
  endfacet
  facet normal 0.6593458151000307 0.7518398074790109 0
    outer loop
      vertex 270.112839570073 14.77060464509717 0.9999999999999991
      vertex 269.8079689783217 15.037968978321704 3.1999999999999993
      vertex 270.112839570073 14.77060464509717 3.1999999999999993
    endloop
  endfacet
  facet normal 0.32143946530317025 0.9469301294951028 0
    outer loop
      vertex 271.1976609601822 14.23562993850389 0.9999999999999991
      vertex 270.81368135966824 14.365973449215012 3.1999999999999993
      vertex 271.1976609601822 14.23562993850389 3.1999999999999993
    endloop
  endfacet
  facet normal 0.19509032201611973 0.9807852804032322 0
    outer loop
      vertex 271.59536880411787 14.156520929741188 0.9999999999999991
      vertex 271.1976609601822 14.23562993850389 3.1999999999999993
      vertex 271.59536880411787 14.156520929741188 3.1999999999999993
    endloop
  endfacet
  facet normal 0.0654031292301453 0.9978589232386034 0
    outer loop
      vertex 272 14.13 0.9999999999999991
      vertex 271.59536880411787 14.156520929741188 3.1999999999999993
      vertex 272 14.13 3.1999999999999993
    endloop
  endfacet
  facet normal -0.0654031292301453 0.9978589232386034 0
    outer loop
      vertex 272.40463119588213 14.156520929741188 0.9999999999999991
      vertex 272 14.13 3.1999999999999993
      vertex 272.40463119588213 14.156520929741188 3.1999999999999993
    endloop
  endfacet
  facet normal -0.19509032201611973 0.9807852804032322 0
    outer loop
      vertex 272.8023390398178 14.23562993850389 0.9999999999999991
      vertex 272.40463119588213 14.156520929741188 3.1999999999999993
      vertex 272.8023390398178 14.23562993850389 3.1999999999999993
    endloop
  endfacet
  facet normal -0.4422886902189743 0.8968727415327016 0
    outer loop
      vertex 273.18631864033176 14.365973449215012 0.9999999999999991
      vertex 273.18631864033176 14.365973449215012 3.1999999999999993
      vertex 273.55 14.545321248268241 0.9999999999999991
    endloop
  endfacet
  facet normal -0.5555702330196437 0.8314696123025175 0
    outer loop
      vertex 273.55 14.545321248268241 0.9999999999999991
      vertex 273.55 14.545321248268241 3.1999999999999993
      vertex 273.887160429927 14.77060464509717 0.9999999999999991
    endloop
  endfacet
  facet normal -0.6593458151000307 0.7518398074790109 0
    outer loop
      vertex 273.887160429927 14.77060464509717 0.9999999999999991
      vertex 273.887160429927 14.77060464509717 3.1999999999999993
      vertex 274.1920310216783 15.037968978321704 0.9999999999999991
    endloop
  endfacet
  facet normal -0.75183980747899 0.6593458151000545 0
    outer loop
      vertex 274.1920310216783 15.037968978321704 0.9999999999999991
      vertex 274.1920310216783 15.037968978321704 3.1999999999999993
      vertex 274.4593953549028 15.342839570072966 0.9999999999999991
    endloop
  endfacet
  facet normal -0.8314696123025155 0.5555702330196466 0
    outer loop
      vertex 274.4593953549028 15.342839570072966 0.9999999999999991
      vertex 274.4593953549028 15.342839570072966 3.1999999999999993
      vertex 274.6846787517318 15.68 0.9999999999999991
    endloop
  endfacet
  facet normal -0.32143946530317025 0.9469301294951028 0
    outer loop
      vertex 273.18631864033176 14.365973449215012 0.9999999999999991
      vertex 272.8023390398178 14.23562993850389 3.1999999999999993
      vertex 273.18631864033176 14.365973449215012 3.1999999999999993
    endloop
  endfacet
  facet normal -0.4422886902189743 0.8968727415327016 0
    outer loop
      vertex 273.55 14.545321248268241 0.9999999999999991
      vertex 273.18631864033176 14.365973449215012 3.1999999999999993
      vertex 273.55 14.545321248268241 3.1999999999999993
    endloop
  endfacet
  facet normal -0.5555702330196437 0.8314696123025175 0
    outer loop
      vertex 273.887160429927 14.77060464509717 0.9999999999999991
      vertex 273.55 14.545321248268241 3.1999999999999993
      vertex 273.887160429927 14.77060464509717 3.1999999999999993
    endloop
  endfacet
  facet normal -0.6593458151000307 0.7518398074790109 0
    outer loop
      vertex 274.1920310216783 15.037968978321704 0.9999999999999991
      vertex 273.887160429927 14.77060464509717 3.1999999999999993
      vertex 274.1920310216783 15.037968978321704 3.1999999999999993
    endloop
  endfacet
  facet normal -0.75183980747899 0.6593458151000545 0
    outer loop
      vertex 274.4593953549028 15.342839570072966 0.9999999999999991
      vertex 274.1920310216783 15.037968978321704 3.1999999999999993
      vertex 274.4593953549028 15.342839570072966 3.1999999999999993
    endloop
  endfacet
  facet normal 0 0 1
    outer loop
      vertex 270.112839570073 14.77060464509717 0.9999999999999991
      vertex 270.52775681356644 16.38 0.9999999999999991
      vertex 270.42940479473083 16.579438164979347 0.9999999999999991
    endloop
  endfacet
  facet normal 0 0 1
    outer loop
      vertex 270.112839570073 14.77060464509717 0.9999999999999991
      vertex 270.42940479473083 16.579438164979347 0.9999999999999991
      vertex 270.3579260953086 16.790007623325714 0.9999999999999991
    endloop
  endfacet
  facet normal 0 0 1
    outer loop
      vertex 270.112839570073 14.77060464509717 0.9999999999999991
      vertex 270.3579260953086 16.790007623325714 0.9999999999999991
      vertex 270.31454373566453 17.008105473225914 0.9999999999999991
    endloop
  endfacet
  facet normal 0 0 1
    outer loop
      vertex 270.45 14.545321248268241 0.9999999999999991
      vertex 270.6512993215049 16.195105570685175 0.9999999999999991
      vertex 270.52775681356644 16.38 0.9999999999999991
    endloop
  endfacet
  facet normal 0 0 1
    outer loop
      vertex 270.45 14.545321248268241 0.9999999999999991
      vertex 270.7979184719829 16.02791847198287 0.9999999999999991
      vertex 270.6512993215049 16.195105570685175 0.9999999999999991
    endloop
  endfacet
  facet normal 0 0 1
    outer loop
      vertex 269.8079689783217 15.037968978321704 0.9999999999999991
      vertex 270.112839570073 14.77060464509717 0.9999999999999991
      vertex 270.112839570073 19.689395354902828 0.9999999999999991
    endloop
  endfacet
  facet normal 0 0 1
    outer loop
      vertex 270.112839570073 14.77060464509717 0.9999999999999991
      vertex 270.31454373566453 17.008105473225914 0.9999999999999991
      vertex 270.3 17.23 0.9999999999999991
    endloop
  endfacet
  facet normal 0 0 1
    outer loop
      vertex 270.112839570073 14.77060464509717 0.9999999999999991
      vertex 270.3 17.23 0.9999999999999991
      vertex 270.45 19.91467875173176 0.9999999999999991
    endloop
  endfacet
  facet normal 0 0 1
    outer loop
      vertex 270.112839570073 14.77060464509717 0.9999999999999991
      vertex 270.45 19.91467875173176 0.9999999999999991
      vertex 270.112839570073 19.689395354902828 0.9999999999999991
    endloop
  endfacet
  facet normal 0 0 1
    outer loop
      vertex 270.3 17.23 0.9999999999999991
      vertex 270.31454373566453 17.451894526774087 0.9999999999999991
      vertex 270.45 19.91467875173176 0.9999999999999991
    endloop
  endfacet
  facet normal 0 0 1
    outer loop
      vertex 270.31454373566453 17.451894526774087 0.9999999999999991
      vertex 270.3579260953086 17.669992376674287 0.9999999999999991
      vertex 270.45 19.91467875173176 0.9999999999999991
    endloop
  endfacet
  facet normal 0 0 1
    outer loop
      vertex 270.3579260953086 17.669992376674287 0.9999999999999991
      vertex 270.42940479473083 17.880561835020654 0.9999999999999991
      vertex 270.45 19.91467875173176 0.9999999999999991
    endloop
  endfacet
  facet normal 0 0 1
    outer loop
      vertex 270.42940479473083 17.880561835020654 0.9999999999999991
      vertex 270.52775681356644 18.080000000000002 0.9999999999999991
      vertex 270.45 19.91467875173176 0.9999999999999991
    endloop
  endfacet
  facet normal 0 0 1
    outer loop
      vertex 270.52775681356644 18.080000000000002 0.9999999999999991
      vertex 270.6512993215049 18.264894429314825 0.9999999999999991
      vertex 270.45 19.91467875173176 0.9999999999999991
    endloop
  endfacet
  facet normal 0 0 1
    outer loop
      vertex 270.6512993215049 18.264894429314825 0.9999999999999991
      vertex 270.81368135966824 20.09402655078499 0.9999999999999991
      vertex 270.45 19.91467875173176 0.9999999999999991
    endloop
  endfacet
  facet normal 0 0 1
    outer loop
      vertex 270.6512993215049 18.264894429314825 0.9999999999999991
      vertex 270.7979184719829 18.432081528017132 0.9999999999999991
      vertex 270.81368135966824 20.09402655078499 0.9999999999999991
    endloop
  endfacet
  facet normal 0 0 1
    outer loop
      vertex 270.7979184719829 18.432081528017132 0.9999999999999991
      vertex 270.9651055706852 18.5787006784951 0.9999999999999991
      vertex 270.81368135966824 20.09402655078499 0.9999999999999991
    endloop
  endfacet
  facet normal 0 0 1
    outer loop
      vertex 270.9651055706852 18.5787006784951 0.9999999999999991
      vertex 271.15 18.702243186433545 0.9999999999999991
      vertex 271.1976609601822 20.224370061496113 0.9999999999999991
    endloop
  endfacet
  facet normal 0 0 1
    outer loop
      vertex 270.9651055706852 18.5787006784951 0.9999999999999991
      vertex 271.1976609601822 20.224370061496113 0.9999999999999991
      vertex 270.81368135966824 20.09402655078499 0.9999999999999991
    endloop
  endfacet
  facet normal 0 0 1
    outer loop
      vertex 271.15 18.702243186433545 0.9999999999999991
      vertex 271.34943816497935 18.80059520526919 0.9999999999999991
      vertex 271.1976609601822 20.224370061496113 0.9999999999999991
    endloop
  endfacet
  facet normal 0 0 1
    outer loop
      vertex 271.34943816497935 18.80059520526919 0.9999999999999991
      vertex 271.59536880411787 20.303479070258813 0.9999999999999991
      vertex 271.1976609601822 20.224370061496113 0.9999999999999991
    endloop
  endfacet
  facet normal 0 0 1
    outer loop
      vertex 271.34943816497935 18.80059520526919 0.9999999999999991
      vertex 271.5600076233257 18.872073904691415 0.9999999999999991
      vertex 271.59536880411787 20.303479070258813 0.9999999999999991
    endloop
  endfacet
  facet normal 0 0 1
    outer loop
      vertex 271.5600076233257 18.872073904691415 0.9999999999999991
      vertex 271.77810547322593 18.91545626433548 0.9999999999999991
      vertex 271.59536880411787 20.303479070258813 0.9999999999999991
    endloop
  endfacet
  facet normal 0 0 1
    outer loop
      vertex 271.77810547322593 18.91545626433548 0.9999999999999991
      vertex 272 18.93 0.9999999999999991
      vertex 272 20.330000000000002 0.9999999999999991
    endloop
  endfacet
  facet normal 0 0 1
    outer loop
      vertex 272 18.93 0.9999999999999991
      vertex 272.22189452677407 18.91545626433548 0.9999999999999991
      vertex 272 20.330000000000002 0.9999999999999991
    endloop
  endfacet
  facet normal 0 0 1
    outer loop
      vertex 272.22189452677407 18.91545626433548 0.9999999999999991
      vertex 272.4399923766743 18.872073904691415 0.9999999999999991
      vertex 272.8023390398178 20.224370061496113 0.9999999999999991
    endloop
  endfacet
  facet normal 0 0 1
    outer loop
      vertex 272.4399923766743 18.872073904691415 0.9999999999999991
      vertex 272.65056183502065 18.80059520526919 0.9999999999999991
      vertex 272.8023390398178 20.224370061496113 0.9999999999999991
    endloop
  endfacet
  facet normal 0 0 1
    outer loop
      vertex 272.85 18.702243186433545 0.9999999999999991
      vertex 273.18631864033176 20.09402655078499 0.9999999999999991
      vertex 272.65056183502065 18.80059520526919 0.9999999999999991
    endloop
  endfacet
  facet normal 0 0 1
    outer loop
      vertex 272.65056183502065 18.80059520526919 0.9999999999999991
      vertex 273.18631864033176 20.09402655078499 0.9999999999999991
      vertex 272.8023390398178 20.224370061496113 0.9999999999999991
    endloop
  endfacet
  facet normal 0 0 1
    outer loop
      vertex 271.77810547322593 18.91545626433548 0.9999999999999991
      vertex 272 20.330000000000002 0.9999999999999991
      vertex 271.59536880411787 20.303479070258813 0.9999999999999991
    endloop
  endfacet
  facet normal 0 0 1
    outer loop
      vertex 272.22189452677407 18.91545626433548 0.9999999999999991
      vertex 272.40463119588213 20.303479070258813 0.9999999999999991
      vertex 272 20.330000000000002 0.9999999999999991
    endloop
  endfacet
  facet normal 0 0 1
    outer loop
      vertex 272.22189452677407 18.91545626433548 0.9999999999999991
      vertex 272.8023390398178 20.224370061496113 0.9999999999999991
      vertex 272.40463119588213 20.303479070258813 0.9999999999999991
    endloop
  endfacet
  facet normal 0 0 1
    outer loop
      vertex 273.55 14.545321248268241 0.9999999999999991
      vertex 273.47224318643356 16.38 0.9999999999999991
      vertex 273.3487006784951 16.195105570685175 0.9999999999999991
    endloop
  endfacet
  facet normal 0 0 1
    outer loop
      vertex 273.55 14.545321248268241 0.9999999999999991
      vertex 273.57059520526917 16.579438164979347 0.9999999999999991
      vertex 273.47224318643356 16.38 0.9999999999999991
    endloop
  endfacet
  facet normal 0 0 1
    outer loop
      vertex 273.55 14.545321248268241 0.9999999999999991
      vertex 273.6420739046914 16.790007623325714 0.9999999999999991
      vertex 273.57059520526917 16.579438164979347 0.9999999999999991
    endloop
  endfacet
  facet normal 0 0 1
    outer loop
      vertex 273.55 14.545321248268241 0.9999999999999991
      vertex 273.68545626433547 17.008105473225914 0.9999999999999991
      vertex 273.6420739046914 16.790007623325714 0.9999999999999991
    endloop
  endfacet
  facet normal 0 0 1
    outer loop
      vertex 273.55 14.545321248268241 0.9999999999999991
      vertex 273.7 17.23 0.9999999999999991
      vertex 273.68545626433547 17.008105473225914 0.9999999999999991
    endloop
  endfacet
  facet normal 0 0 1
    outer loop
      vertex 273.55 14.545321248268241 0.9999999999999991
      vertex 273.887160429927 14.77060464509717 0.9999999999999991
      vertex 273.887160429927 19.689395354902828 0.9999999999999991
    endloop
  endfacet
  facet normal 0 0 1
    outer loop
      vertex 273.887160429927 14.77060464509717 0.9999999999999991
      vertex 274.1920310216783 15.037968978321704 0.9999999999999991
      vertex 274.1920310216783 19.422031021678297 0.9999999999999991
    endloop
  endfacet
  facet normal 0 0 1
    outer loop
      vertex 274.1920310216783 15.037968978321704 0.9999999999999991
      vertex 274.4593953549028 15.342839570072966 0.9999999999999991
      vertex 274.4593953549028 19.117160429927033 0.9999999999999991
    endloop
  endfacet
  facet normal 0 0 1
    outer loop
      vertex 273.55 14.545321248268241 0.9999999999999991
      vertex 273.887160429927 19.689395354902828 0.9999999999999991
      vertex 273.7 17.23 0.9999999999999991
    endloop
  endfacet
  facet normal 0 0 1
    outer loop
      vertex 273.68545626433547 17.451894526774087 0.9999999999999991
      vertex 273.887160429927 19.689395354902828 0.9999999999999991
      vertex 273.6420739046914 17.669992376674287 0.9999999999999991
    endloop
  endfacet
  facet normal 0 0 1
    outer loop
      vertex 273.887160429927 14.77060464509717 0.9999999999999991
      vertex 274.1920310216783 19.422031021678297 0.9999999999999991
      vertex 273.887160429927 19.689395354902828 0.9999999999999991
    endloop
  endfacet
  facet normal 0 0 1
    outer loop
      vertex 273.7 17.23 0.9999999999999991
      vertex 273.887160429927 19.689395354902828 0.9999999999999991
      vertex 273.68545626433547 17.451894526774087 0.9999999999999991
    endloop
  endfacet
  facet normal 0 0 1
    outer loop
      vertex 274.1920310216783 15.037968978321704 0.9999999999999991
      vertex 274.4593953549028 19.117160429927033 0.9999999999999991
      vertex 274.1920310216783 19.422031021678297 0.9999999999999991
    endloop
  endfacet
  facet normal 0 0 1
    outer loop
      vertex 274.4593953549028 15.342839570072966 0.9999999999999991
      vertex 274.6846787517318 15.68 0.9999999999999991
      vertex 274.6846787517318 18.78 0.9999999999999991
    endloop
  endfacet
  facet normal 0 0 1
    outer loop
      vertex 274.6846787517318 15.68 0.9999999999999991
      vertex 274.864026550785 16.043681359668224 0.9999999999999991
      vertex 274.864026550785 18.416318640331777 0.9999999999999991
    endloop
  endfacet
  facet normal 0 0 1
    outer loop
      vertex 274.864026550785 16.043681359668224 0.9999999999999991
      vertex 274.9943700614961 16.427660960182187 0.9999999999999991
      vertex 274.9943700614961 18.032339039817813 0.9999999999999991
    endloop
  endfacet
  facet normal 0 0 1
    outer loop
      vertex 274.9943700614961 16.427660960182187 0.9999999999999991
      vertex 275.0734790702588 16.82536880411784 0.9999999999999991
      vertex 275.0734790702588 17.63463119588216 0.9999999999999991
    endloop
  endfacet
  facet normal 0 0 1
    outer loop
      vertex 274.6846787517318 15.68 0.9999999999999991
      vertex 274.864026550785 18.416318640331777 0.9999999999999991
      vertex 274.6846787517318 18.78 0.9999999999999991
    endloop
  endfacet
  facet normal 0 0 1
    outer loop
      vertex 275.0734790702588 16.82536880411784 0.9999999999999991
      vertex 275.1 17.23 0.9999999999999991
      vertex 275.0734790702588 17.63463119588216 0.9999999999999991
    endloop
  endfacet
  facet normal 0 0 1
    outer loop
      vertex 274.864026550785 16.043681359668224 0.9999999999999991
      vertex 274.9943700614961 18.032339039817813 0.9999999999999991
      vertex 274.864026550785 18.416318640331777 0.9999999999999991
    endloop
  endfacet
  facet normal 0 0 1
    outer loop
      vertex 274.9943700614961 16.427660960182187 0.9999999999999991
      vertex 275.0734790702588 17.63463119588216 0.9999999999999991
      vertex 274.9943700614961 18.032339039817813 0.9999999999999991
    endloop
  endfacet
  facet normal 0 0 1
    outer loop
      vertex 274.4593953549028 15.342839570072966 0.9999999999999991
      vertex 274.6846787517318 18.78 0.9999999999999991
      vertex 274.4593953549028 19.117160429927033 0.9999999999999991
    endloop
  endfacet
  facet normal 0 0 1
    outer loop
      vertex 273.3487006784951 18.264894429314825 0.9999999999999991
      vertex 273.55 19.91467875173176 0.9999999999999991
      vertex 273.2020815280171 18.432081528017132 0.9999999999999991
    endloop
  endfacet
  facet normal 0 0 1
    outer loop
      vertex 273.0348944293148 18.5787006784951 0.9999999999999991
      vertex 273.2020815280171 18.432081528017132 0.9999999999999991
      vertex 273.55 19.91467875173176 0.9999999999999991
    endloop
  endfacet
  facet normal 0 0 1
    outer loop
      vertex 273.57059520526917 17.880561835020654 0.9999999999999991
      vertex 273.887160429927 19.689395354902828 0.9999999999999991
      vertex 273.47224318643356 18.080000000000002 0.9999999999999991
    endloop
  endfacet
  facet normal 0 0 1
    outer loop
      vertex 273.6420739046914 17.669992376674287 0.9999999999999991
      vertex 273.887160429927 19.689395354902828 0.9999999999999991
      vertex 273.57059520526917 17.880561835020654 0.9999999999999991
    endloop
  endfacet
  facet normal 0 0 1
    outer loop
      vertex 273.3487006784951 18.264894429314825 0.9999999999999991
      vertex 273.47224318643356 18.080000000000002 0.9999999999999991
      vertex 273.55 19.91467875173176 0.9999999999999991
    endloop
  endfacet
  facet normal 0 0 1
    outer loop
      vertex 272.85 18.702243186433545 0.9999999999999991
      vertex 273.0348944293148 18.5787006784951 0.9999999999999991
      vertex 273.18631864033176 20.09402655078499 0.9999999999999991
    endloop
  endfacet
  facet normal 0 0 1
    outer loop
      vertex 273.0348944293148 18.5787006784951 0.9999999999999991
      vertex 273.55 19.91467875173176 0.9999999999999991
      vertex 273.18631864033176 20.09402655078499 0.9999999999999991
    endloop
  endfacet
  facet normal 0 0 1
    outer loop
      vertex 273.47224318643356 18.080000000000002 0.9999999999999991
      vertex 273.887160429927 19.689395354902828 0.9999999999999991
      vertex 273.55 19.91467875173176 0.9999999999999991
    endloop
  endfacet
  facet normal 0.6593458151000281 -0.7518398074790131 0
    outer loop
      vertex 269.8079689783217 19.422031021678297 0.9999999999999991
      vertex 270.112839570073 19.689395354902828 0.9999999999999991
      vertex 270.112839570073 19.689395354902828 3.1999999999999993
    endloop
  endfacet
  facet normal 0.5555702330196468 -0.8314696123025156 0
    outer loop
      vertex 270.112839570073 19.689395354902828 0.9999999999999991
      vertex 270.45 19.91467875173176 0.9999999999999991
      vertex 270.45 19.91467875173176 3.1999999999999993
    endloop
  endfacet
  facet normal 0.4422886902189743 -0.8968727415327016 0
    outer loop
      vertex 270.45 19.91467875173176 0.9999999999999991
      vertex 270.81368135966824 20.09402655078499 0.9999999999999991
      vertex 270.81368135966824 20.09402655078499 3.1999999999999993
    endloop
  endfacet
  facet normal 0.3214394653031742 -0.9469301294951014 0
    outer loop
      vertex 270.81368135966824 20.09402655078499 0.9999999999999991
      vertex 271.1976609601822 20.224370061496113 0.9999999999999991
      vertex 271.1976609601822 20.224370061496113 3.1999999999999993
    endloop
  endfacet
  facet normal 0.19509032201611548 -0.9807852804032329 0
    outer loop
      vertex 271.1976609601822 20.224370061496113 0.9999999999999991
      vertex 271.59536880411787 20.303479070258813 0.9999999999999991
      vertex 271.59536880411787 20.303479070258813 3.1999999999999993
    endloop
  endfacet
  facet normal 0.06540312923014967 -0.9978589232386031 0
    outer loop
      vertex 271.59536880411787 20.303479070258813 0.9999999999999991
      vertex 272 20.330000000000002 0.9999999999999991
      vertex 272 20.330000000000002 3.1999999999999993
    endloop
  endfacet
  facet normal -0.06540312923014967 -0.9978589232386031 0
    outer loop
      vertex 272 20.330000000000002 0.9999999999999991
      vertex 272.40463119588213 20.303479070258813 0.9999999999999991
      vertex 272.40463119588213 20.303479070258813 3.1999999999999993
    endloop
  endfacet
  facet normal -0.19509032201611548 -0.9807852804032329 0
    outer loop
      vertex 272.40463119588213 20.303479070258813 0.9999999999999991
      vertex 272.8023390398178 20.224370061496113 0.9999999999999991
      vertex 272.8023390398178 20.224370061496113 3.1999999999999993
    endloop
  endfacet
  facet normal 0.5555702330196468 -0.8314696123025156 0
    outer loop
      vertex 270.112839570073 19.689395354902828 0.9999999999999991
      vertex 270.45 19.91467875173176 3.1999999999999993
      vertex 270.112839570073 19.689395354902828 3.1999999999999993
    endloop
  endfacet
  facet normal 0.4422886902189743 -0.8968727415327016 0
    outer loop
      vertex 270.45 19.91467875173176 0.9999999999999991
      vertex 270.81368135966824 20.09402655078499 3.1999999999999993
      vertex 270.45 19.91467875173176 3.1999999999999993
    endloop
  endfacet
  facet normal 0.3214394653031742 -0.9469301294951014 0
    outer loop
      vertex 270.81368135966824 20.09402655078499 0.9999999999999991
      vertex 271.1976609601822 20.224370061496113 3.1999999999999993
      vertex 270.81368135966824 20.09402655078499 3.1999999999999993
    endloop
  endfacet
  facet normal 0.19509032201611548 -0.9807852804032329 0
    outer loop
      vertex 271.1976609601822 20.224370061496113 0.9999999999999991
      vertex 271.59536880411787 20.303479070258813 3.1999999999999993
      vertex 271.1976609601822 20.224370061496113 3.1999999999999993
    endloop
  endfacet
  facet normal 0.06540312923014967 -0.9978589232386031 0
    outer loop
      vertex 271.59536880411787 20.303479070258813 0.9999999999999991
      vertex 272 20.330000000000002 3.1999999999999993
      vertex 271.59536880411787 20.303479070258813 3.1999999999999993
    endloop
  endfacet
  facet normal -0.06540312923014967 -0.9978589232386031 0
    outer loop
      vertex 272 20.330000000000002 0.9999999999999991
      vertex 272.40463119588213 20.303479070258813 3.1999999999999993
      vertex 272 20.330000000000002 3.1999999999999993
    endloop
  endfacet
  facet normal -0.19509032201611548 -0.9807852804032329 0
    outer loop
      vertex 272.40463119588213 20.303479070258813 0.9999999999999991
      vertex 272.8023390398178 20.224370061496113 3.1999999999999993
      vertex 272.40463119588213 20.303479070258813 3.1999999999999993
    endloop
  endfacet
  facet normal -0.3214394653031742 -0.9469301294951014 0
    outer loop
      vertex 272.8023390398178 20.224370061496113 0.9999999999999991
      vertex 273.18631864033176 20.09402655078499 3.1999999999999993
      vertex 272.8023390398178 20.224370061496113 3.1999999999999993
    endloop
  endfacet
  facet normal -0.8968727415326861 0.44228869021900563 0
    outer loop
      vertex 274.6846787517318 15.68 0.9999999999999991
      vertex 274.6846787517318 15.68 3.1999999999999993
      vertex 274.864026550785 16.043681359668224 0.9999999999999991
    endloop
  endfacet
  facet normal -0.9469301294951228 0.3214394653031111 0
    outer loop
      vertex 274.864026550785 16.043681359668224 0.9999999999999991
      vertex 274.864026550785 16.043681359668224 3.1999999999999993
      vertex 274.9943700614961 16.427660960182187 0.9999999999999991
    endloop
  endfacet
  facet normal -0.980785280403224 0.19509032201616097 0
    outer loop
      vertex 274.9943700614961 16.427660960182187 0.9999999999999991
      vertex 274.9943700614961 16.427660960182187 3.1999999999999993
      vertex 275.0734790702588 16.82536880411784 0.9999999999999991
    endloop
  endfacet
  facet normal -0.9978589232386021 0.06540312923016253 0
    outer loop
      vertex 275.0734790702588 16.82536880411784 0.9999999999999991
      vertex 275.0734790702588 16.82536880411784 3.1999999999999993
      vertex 275.1 17.23 0.9999999999999991
    endloop
  endfacet
  facet normal -0.9978589232386021 -0.06540312923016253 0
    outer loop
      vertex 275.1 17.23 0.9999999999999991
      vertex 275.1 17.23 3.1999999999999993
      vertex 275.0734790702588 17.63463119588216 0.9999999999999991
    endloop
  endfacet
  facet normal -0.980785280403224 -0.19509032201616097 0
    outer loop
      vertex 275.0734790702588 17.63463119588216 0.9999999999999991
      vertex 275.0734790702588 17.63463119588216 3.1999999999999993
      vertex 274.9943700614961 18.032339039817813 0.9999999999999991
    endloop
  endfacet
  facet normal -0.9469301294951228 -0.3214394653031111 0
    outer loop
      vertex 274.9943700614961 18.032339039817813 0.9999999999999991
      vertex 274.9943700614961 18.032339039817813 3.1999999999999993
      vertex 274.864026550785 18.416318640331777 0.9999999999999991
    endloop
  endfacet
  facet normal -0.8314696123025155 0.5555702330196466 0
    outer loop
      vertex 274.6846787517318 15.68 0.9999999999999991
      vertex 274.4593953549028 15.342839570072966 3.1999999999999993
      vertex 274.6846787517318 15.68 3.1999999999999993
    endloop
  endfacet
  facet normal -0.8968727415326861 0.44228869021900563 0
    outer loop
      vertex 274.864026550785 16.043681359668224 0.9999999999999991
      vertex 274.6846787517318 15.68 3.1999999999999993
      vertex 274.864026550785 16.043681359668224 3.1999999999999993
    endloop
  endfacet
  facet normal -0.9469301294951228 0.3214394653031111 0
    outer loop
      vertex 274.9943700614961 16.427660960182187 0.9999999999999991
      vertex 274.864026550785 16.043681359668224 3.1999999999999993
      vertex 274.9943700614961 16.427660960182187 3.1999999999999993
    endloop
  endfacet
  facet normal -0.980785280403224 0.19509032201616097 0
    outer loop
      vertex 275.0734790702588 16.82536880411784 0.9999999999999991
      vertex 274.9943700614961 16.427660960182187 3.1999999999999993
      vertex 275.0734790702588 16.82536880411784 3.1999999999999993
    endloop
  endfacet
  facet normal -0.9978589232386021 0.06540312923016253 0
    outer loop
      vertex 275.1 17.23 0.9999999999999991
      vertex 275.0734790702588 16.82536880411784 3.1999999999999993
      vertex 275.1 17.23 3.1999999999999993
    endloop
  endfacet
  facet normal -0.9978589232386021 -0.06540312923016253 0
    outer loop
      vertex 275.0734790702588 17.63463119588216 0.9999999999999991
      vertex 275.1 17.23 3.1999999999999993
      vertex 275.0734790702588 17.63463119588216 3.1999999999999993
    endloop
  endfacet
  facet normal -0.980785280403224 -0.19509032201616097 0
    outer loop
      vertex 274.9943700614961 18.032339039817813 0.9999999999999991
      vertex 275.0734790702588 17.63463119588216 3.1999999999999993
      vertex 274.9943700614961 18.032339039817813 3.1999999999999993
    endloop
  endfacet
  facet normal -0.9469301294951228 -0.3214394653031111 0
    outer loop
      vertex 274.864026550785 18.416318640331777 0.9999999999999991
      vertex 274.9943700614961 18.032339039817813 3.1999999999999993
      vertex 274.864026550785 18.416318640331777 3.1999999999999993
    endloop
  endfacet
  facet normal -0.5555702330196468 -0.8314696123025156 0
    outer loop
      vertex 273.887160429927 19.689395354902828 0.9999999999999991
      vertex 273.887160429927 19.689395354902828 3.1999999999999993
      vertex 273.55 19.91467875173176 0.9999999999999991
    endloop
  endfacet
  facet normal -0.6593458151000281 -0.7518398074790131 0
    outer loop
      vertex 273.887160429927 19.689395354902828 0.9999999999999991
      vertex 274.1920310216783 19.422031021678297 0.9999999999999991
      vertex 274.1920310216783 19.422031021678297 3.1999999999999993
    endloop
  endfacet
  facet normal -0.7518398074789919 -0.6593458151000524 0
    outer loop
      vertex 274.1920310216783 19.422031021678297 0.9999999999999991
      vertex 274.4593953549028 19.117160429927033 0.9999999999999991
      vertex 274.4593953549028 19.117160429927033 3.1999999999999993
    endloop
  endfacet
  facet normal -0.3214394653031742 -0.9469301294951014 0
    outer loop
      vertex 272.8023390398178 20.224370061496113 0.9999999999999991
      vertex 273.18631864033176 20.09402655078499 0.9999999999999991
      vertex 273.18631864033176 20.09402655078499 3.1999999999999993
    endloop
  endfacet
  facet normal -0.4422886902189743 -0.8968727415327016 0
    outer loop
      vertex 273.18631864033176 20.09402655078499 0.9999999999999991
      vertex 273.55 19.91467875173176 0.9999999999999991
      vertex 273.55 19.91467875173176 3.1999999999999993
    endloop
  endfacet
  facet normal -0.8968727415326861 -0.44228869021900563 0
    outer loop
      vertex 274.864026550785 18.416318640331777 0.9999999999999991
      vertex 274.864026550785 18.416318640331777 3.1999999999999993
      vertex 274.6846787517318 18.78 0.9999999999999991
    endloop
  endfacet
  facet normal -0.8314696123025141 -0.5555702330196486 0
    outer loop
      vertex 274.4593953549028 19.117160429927033 0.9999999999999991
      vertex 274.6846787517318 18.78 0.9999999999999991
      vertex 274.6846787517318 18.78 3.1999999999999993
    endloop
  endfacet
  facet normal -0.6593458151000281 -0.7518398074790131 0
    outer loop
      vertex 273.887160429927 19.689395354902828 0.9999999999999991
      vertex 274.1920310216783 19.422031021678297 3.1999999999999993
      vertex 273.887160429927 19.689395354902828 3.1999999999999993
    endloop
  endfacet
  facet normal -0.7518398074789919 -0.6593458151000524 0
    outer loop
      vertex 274.1920310216783 19.422031021678297 0.9999999999999991
      vertex 274.4593953549028 19.117160429927033 3.1999999999999993
      vertex 274.1920310216783 19.422031021678297 3.1999999999999993
    endloop
  endfacet
  facet normal -0.4422886902189743 -0.8968727415327016 0
    outer loop
      vertex 273.18631864033176 20.09402655078499 0.9999999999999991
      vertex 273.55 19.91467875173176 3.1999999999999993
      vertex 273.18631864033176 20.09402655078499 3.1999999999999993
    endloop
  endfacet
  facet normal -0.5555702330196468 -0.8314696123025156 0
    outer loop
      vertex 273.55 19.91467875173176 0.9999999999999991
      vertex 273.887160429927 19.689395354902828 3.1999999999999993
      vertex 273.55 19.91467875173176 3.1999999999999993
    endloop
  endfacet
  facet normal -0.8968727415326861 -0.44228869021900563 0
    outer loop
      vertex 274.6846787517318 18.78 0.9999999999999991
      vertex 274.864026550785 18.416318640331777 3.1999999999999993
      vertex 274.6846787517318 18.78 3.1999999999999993
    endloop
  endfacet
  facet normal -0.8314696123025141 -0.5555702330196486 0
    outer loop
      vertex 274.4593953549028 19.117160429927033 0.9999999999999991
      vertex 274.6846787517318 18.78 3.1999999999999993
      vertex 274.4593953549028 19.117160429927033 3.1999999999999993
    endloop
  endfacet
  facet normal 0 1 0
    outer loop
      vertex 257.15000000000003 6.93 0
      vertex 257.15000000000003 6.93 3.1999999999999993
      vertex 257.55 6.93 0
    endloop
  endfacet
  facet normal 0 1 0
    outer loop
      vertex 257.15000000000003 6.93 3.1999999999999993
      vertex 257.55 6.93 3.1999999999999993
      vertex 257.55 6.93 0
    endloop
  endfacet
  facet normal 1 0 0
    outer loop
      vertex 257.15000000000003 6.93 0
      vertex 257.15000000000003 13.930000000000001 3.1999999999999993
      vertex 257.15000000000003 6.93 3.1999999999999993
    endloop
  endfacet
  facet normal 0 1 0
    outer loop
      vertex 258.95000000000005 6.93 0
      vertex 258.55 6.93 0
      vertex 258.55 6.93 3.1999999999999993
    endloop
  endfacet
  facet normal -1 0 0
    outer loop
      vertex 258.95000000000005 6.93 0
      vertex 258.95000000000005 6.93 3.1999999999999993
      vertex 258.95000000000005 13.930000000000001 0
    endloop
  endfacet
  facet normal 0 1 0
    outer loop
      vertex 258.95000000000005 6.93 0
      vertex 258.55 6.93 3.1999999999999993
      vertex 258.95000000000005 6.93 3.1999999999999993
    endloop
  endfacet
  facet normal 1 0 0
    outer loop
      vertex 257.15000000000003 6.93 0
      vertex 257.15000000000003 13.930000000000001 0
      vertex 257.15000000000003 13.930000000000001 3.1999999999999993
    endloop
  endfacet
  facet normal 0 -1 0
    outer loop
      vertex 257.15000000000003 13.930000000000001 0
      vertex 258.95000000000005 13.930000000000001 3.1999999999999993
      vertex 257.15000000000003 13.930000000000001 3.1999999999999993
    endloop
  endfacet
  facet normal 0 -1 0
    outer loop
      vertex 257.15000000000003 13.930000000000001 0
      vertex 258.95000000000005 13.930000000000001 0
      vertex 258.95000000000005 13.930000000000001 3.1999999999999993
    endloop
  endfacet
  facet normal -1 0 0
    outer loop
      vertex 258.95000000000005 6.93 3.1999999999999993
      vertex 258.95000000000005 13.930000000000001 3.1999999999999993
      vertex 258.95000000000005 13.930000000000001 0
    endloop
  endfacet
  facet normal 0 1 0
    outer loop
      vertex 269.05 6.93 0
      vertex 269.05 6.93 3.1999999999999993
      vertex 269.45 6.93 0
    endloop
  endfacet
  facet normal 0 1 0
    outer loop
      vertex 269.05 6.93 3.1999999999999993
      vertex 269.45 6.93 3.1999999999999993
      vertex 269.45 6.93 0
    endloop
  endfacet
  facet normal 1 0 0
    outer loop
      vertex 269.05 6.93 0
      vertex 269.05 13.930000000000001 3.1999999999999993
      vertex 269.05 6.93 3.1999999999999993
    endloop
  endfacet
  facet normal 0 1 0
    outer loop
      vertex 270.85 6.93 0
      vertex 270.45 6.93 0
      vertex 270.45 6.93 3.1999999999999993
    endloop
  endfacet
  facet normal -1 0 0
    outer loop
      vertex 270.85 6.93 0
      vertex 270.85 6.93 3.1999999999999993
      vertex 270.85 13.930000000000001 0
    endloop
  endfacet
  facet normal 0 1 0
    outer loop
      vertex 270.85 6.93 0
      vertex 270.45 6.93 3.1999999999999993
      vertex 270.85 6.93 3.1999999999999993
    endloop
  endfacet
  facet normal 1 0 0
    outer loop
      vertex 269.05 6.93 0
      vertex 269.05 13.930000000000001 0
      vertex 269.05 13.930000000000001 3.1999999999999993
    endloop
  endfacet
  facet normal 0 -1 0
    outer loop
      vertex 269.05 13.930000000000001 0
      vertex 270.85 13.930000000000001 3.1999999999999993
      vertex 269.05 13.930000000000001 3.1999999999999993
    endloop
  endfacet
  facet normal 0 -1 0
    outer loop
      vertex 269.05 13.930000000000001 0
      vertex 270.85 13.930000000000001 0
      vertex 270.85 13.930000000000001 3.1999999999999993
    endloop
  endfacet
  facet normal -1 0 0
    outer loop
      vertex 270.85 6.93 3.1999999999999993
      vertex 270.85 13.930000000000001 3.1999999999999993
      vertex 270.85 13.930000000000001 0
    endloop
  endfacet
  facet normal 1 0 0
    outer loop
      vertex 259.2 13 1.6999999999999993
      vertex 259.2 16 1.6999999999999993
      vertex 259.2 16 3.1999999999999993
    endloop
  endfacet
  facet normal 1 0 0
    outer loop
      vertex 259.2 13 1.6999999999999993
      vertex 259.2 16 3.1999999999999993
      vertex 259.2 13 3.1999999999999993
    endloop
  endfacet
  facet normal 0 0 1
    outer loop
      vertex 259.2 13 1.6999999999999993
      vertex 268.8 16 1.6999999999999993
      vertex 259.2 16 1.6999999999999993
    endloop
  endfacet
  facet normal 0 1 0
    outer loop
      vertex 259.2 13 1.6999999999999993
      vertex 259.2 13 3.1999999999999993
      vertex 268.8 13 3.1999999999999993
    endloop
  endfacet
  facet normal 0 -1 0
    outer loop
      vertex 259.2 16 1.6999999999999993
      vertex 260 16 3.1999999999999993
      vertex 259.2 16 3.1999999999999993
    endloop
  endfacet
  facet normal 0 -1 0
    outer loop
      vertex 259.2 16 1.6999999999999993
      vertex 268.8 16 1.6999999999999993
      vertex 260 16 3.1999999999999993
    endloop
  endfacet
  facet normal 0 -1 0
    outer loop
      vertex 260 16 3.1999999999999993
      vertex 268.8 16 1.6999999999999993
      vertex 260 16 3.6999999999999993
    endloop
  endfacet
  facet normal 0 0 -1
    outer loop
      vertex 260 15.65 3.6999999999999993
      vertex 260 16 3.6999999999999993
      vertex 268 15.65 3.6999999999999993
    endloop
  endfacet
  facet normal 0 0 1
    outer loop
      vertex 259.2 13 1.6999999999999993
      vertex 268.8 13 1.6999999999999993
      vertex 268.8 16 1.6999999999999993
    endloop
  endfacet
  facet normal 0 1 0
    outer loop
      vertex 259.2 13 1.6999999999999993
      vertex 268.8 13 3.1999999999999993
      vertex 268.8 13 1.6999999999999993
    endloop
  endfacet
  facet normal -1 0 0
    outer loop
      vertex 268.8 13 1.6999999999999993
      vertex 268.8 16 3.1999999999999993
      vertex 268.8 16 1.6999999999999993
    endloop
  endfacet
  facet normal -1 0 0
    outer loop
      vertex 268.8 13 1.6999999999999993
      vertex 268.8 13 3.1999999999999993
      vertex 268.8 16 3.1999999999999993
    endloop
  endfacet
  facet normal 0 -1 0
    outer loop
      vertex 260 16 3.6999999999999993
      vertex 268.8 16 1.6999999999999993
      vertex 268 16 3.1999999999999993
    endloop
  endfacet
  facet normal 0 -1 0
    outer loop
      vertex 268.8 16 1.6999999999999993
      vertex 268.8 16 3.1999999999999993
      vertex 268 16 3.1999999999999993
    endloop
  endfacet
  facet normal 0 -1 0
    outer loop
      vertex 260 16 3.6999999999999993
      vertex 268 16 3.1999999999999993
      vertex 268 16 3.6999999999999993
    endloop
  endfacet
  facet normal 0 0 -1
    outer loop
      vertex 260 16 3.6999999999999993
      vertex 268 16 3.6999999999999993
      vertex 268 15.65 3.6999999999999993
    endloop
  endfacet
  facet normal 0 -1 0
    outer loop
      vertex 258.55 9.530000000000001 4.899999999999999
      vertex 259.1 9.530000000000001 4.899999999999999
      vertex 258.55 9.530000000000001 6.099999999999998
    endloop
  endfacet
  facet normal 0 -1 0
    outer loop
      vertex 259.1 9.530000000000001 4.899999999999999
      vertex 259.1 9.530000000000001 4.909999999999998
      vertex 258.56 9.530000000000001 6.099999999999998
    endloop
  endfacet
  facet normal 0 -1 0
    outer loop
      vertex 259.1 9.530000000000001 4.899999999999999
      vertex 258.56 9.530000000000001 6.099999999999998
      vertex 258.55 9.530000000000001 6.099999999999998
    endloop
  endfacet
  facet normal 0 0 -1
    outer loop
      vertex 258.55 9.530000000000001 4.899999999999999
      vertex 259.1 13.530000000000001 4.899999999999999
      vertex 259.1 9.530000000000001 4.899999999999999
    endloop
  endfacet
  facet normal 1 0 0
    outer loop
      vertex 259.1 9.530000000000001 4.899999999999999
      vertex 259.1 13.530000000000001 4.909999999999998
      vertex 259.1 9.530000000000001 4.909999999999998
    endloop
  endfacet
  facet normal 0.9106283613057238 0 0.41322631521437786
    outer loop
      vertex 259.1 9.530000000000001 4.909999999999998
      vertex 259.1 13.530000000000001 4.909999999999998
      vertex 258.56 9.530000000000001 6.099999999999998
    endloop
  endfacet
  facet normal 0 0 -1
    outer loop
      vertex 258.55 9.530000000000001 4.899999999999999
      vertex 258.55 13.530000000000001 4.899999999999999
      vertex 259.1 13.530000000000001 4.899999999999999
    endloop
  endfacet
  facet normal 1 0 0
    outer loop
      vertex 259.1 9.530000000000001 4.899999999999999
      vertex 259.1 13.530000000000001 4.899999999999999
      vertex 259.1 13.530000000000001 4.909999999999998
    endloop
  endfacet
  facet normal 0 0 1
    outer loop
      vertex 258.55 9.530000000000001 6.099999999999998
      vertex 258.56 9.530000000000001 6.099999999999998
      vertex 258.55 11.530000000000001 6.099999999999998
    endloop
  endfacet
  facet normal 0.9106283613057238 0 0.41322631521437786
    outer loop
      vertex 258.56 9.530000000000001 6.099999999999998
      vertex 259.1 13.530000000000001 4.909999999999998
      vertex 258.56 13.530000000000001 6.099999999999998
    endloop
  endfacet
  facet normal 0 0 1
    outer loop
      vertex 258.56 9.530000000000001 6.099999999999998
      vertex 258.56 13.530000000000001 6.099999999999998
      vertex 258.55 11.530000000000001 6.099999999999998
    endloop
  endfacet
  facet normal 0 1 0
    outer loop
      vertex 258.54 13.530000000000001 4.899999999999999
      vertex 259.1 13.530000000000001 4.909999999999998
      vertex 258.55 13.530000000000001 4.899999999999999
    endloop
  endfacet
  facet normal 0 1 0
    outer loop
      vertex 258.55 13.530000000000001 4.899999999999999
      vertex 259.1 13.530000000000001 4.909999999999998
      vertex 259.1 13.530000000000001 4.899999999999999
    endloop
  endfacet
  facet normal 0 1 0
    outer loop
      vertex 258.54 13.530000000000001 4.899999999999999
      vertex 258.54 13.530000000000001 6.099999999999998
      vertex 259.1 13.530000000000001 4.909999999999998
    endloop
  endfacet
  facet normal 0 1 0
    outer loop
      vertex 259.1 13.530000000000001 4.909999999999998
      vertex 258.54 13.530000000000001 6.099999999999998
      vertex 258.56 13.530000000000001 6.099999999999998
    endloop
  endfacet
  facet normal 0 0 1
    outer loop
      vertex 258.55 11.530000000000001 6.099999999999998
      vertex 258.56 13.530000000000001 6.099999999999998
      vertex 258.54 13.530000000000001 6.099999999999998
    endloop
  endfacet
  facet normal 0 -1 0
    outer loop
      vertex 268.9 9.530000000000001 4.899999999999999
      vertex 269.44 9.530000000000001 6.099999999999998
      vertex 268.9 9.530000000000001 4.909999999999998
    endloop
  endfacet
  facet normal 0 -1 0
    outer loop
      vertex 268.9 9.530000000000001 4.899999999999999
      vertex 269.45 9.530000000000001 4.899999999999999
      vertex 269.45 9.530000000000001 6.099999999999998
    endloop
  endfacet
  facet normal 0 -1 0
    outer loop
      vertex 268.9 9.530000000000001 4.899999999999999
      vertex 269.45 9.530000000000001 6.099999999999998
      vertex 269.44 9.530000000000001 6.099999999999998
    endloop
  endfacet
  facet normal -1 0 0
    outer loop
      vertex 268.9 9.530000000000001 4.899999999999999
      vertex 268.9 9.530000000000001 4.909999999999998
      vertex 268.9 13.530000000000001 4.909999999999998
    endloop
  endfacet
  facet normal 0 0 -1
    outer loop
      vertex 268.9 9.530000000000001 4.899999999999999
      vertex 268.9 13.530000000000001 4.899999999999999
      vertex 269.45 9.530000000000001 4.899999999999999
    endloop
  endfacet
  facet normal -0.9106283613057238 0 0.41322631521437786
    outer loop
      vertex 268.9 9.530000000000001 4.909999999999998
      vertex 269.44 9.530000000000001 6.099999999999998
      vertex 268.9 13.530000000000001 4.909999999999998
    endloop
  endfacet
  facet normal -1 0 0
    outer loop
      vertex 268.9 9.530000000000001 4.899999999999999
      vertex 268.9 13.530000000000001 4.909999999999998
      vertex 268.9 13.530000000000001 4.899999999999999
    endloop
  endfacet
  facet normal 0 0 -1
    outer loop
      vertex 269.45 9.530000000000001 4.899999999999999
      vertex 268.9 13.530000000000001 4.899999999999999
      vertex 269.45 13.530000000000001 4.899999999999999
    endloop
  endfacet
  facet normal 0 0 1
    outer loop
      vertex 269.44 9.530000000000001 6.099999999999998
      vertex 269.45 9.530000000000001 6.099999999999998
      vertex 269.46 13.444000000000079 6.099999999999998
    endloop
  endfacet
  facet normal -0.9106283613057238 0 0.41322631521437786
    outer loop
      vertex 269.44 9.530000000000001 6.099999999999998
      vertex 269.44 13.530000000000001 6.099999999999998
      vertex 268.9 13.530000000000001 4.909999999999998
    endloop
  endfacet
  facet normal 0 0 1
    outer loop
      vertex 269.44 9.530000000000001 6.099999999999998
      vertex 269.46 13.444000000000079 6.099999999999998
      vertex 269.45 13.530000000000001 6.099999999999998
    endloop
  endfacet
  facet normal 0 0 1
    outer loop
      vertex 269.44 9.530000000000001 6.099999999999998
      vertex 269.45 13.530000000000001 6.099999999999998
      vertex 269.44 13.530000000000001 6.099999999999998
    endloop
  endfacet
  facet normal 0 1 0
    outer loop
      vertex 268.9 13.530000000000001 4.899999999999999
      vertex 268.9 13.530000000000001 4.909999999999998
      vertex 269.44 13.530000000000001 6.099999999999998
    endloop
  endfacet
  facet normal 0 1 0
    outer loop
      vertex 268.9 13.530000000000001 4.899999999999999
      vertex 269.44 13.530000000000001 6.099999999999998
      vertex 269.45 13.530000000000001 4.899999999999999
    endloop
  endfacet
  facet normal 0 1 0
    outer loop
      vertex 269.45 13.530000000000001 4.899999999999999
      vertex 269.44 13.530000000000001 6.099999999999998
      vertex 269.45 13.530000000000001 6.099999999999998
    endloop
  endfacet
  facet normal 0 0 -1
    outer loop
      vertex 257.6090863943483 5.438142991395239 0
      vertex 257.55 5.372405384475495 0
      vertex 257.55 6.93 0
    endloop
  endfacet
  facet normal 0 0 -1
    outer loop
      vertex 258.55 6.93 0
      vertex 257.5547468571901 4.970822971834544 0
      vertex 257.6090863943483 5.438142991395239 0
    endloop
  endfacet
  facet normal 0 0 -1
    outer loop
      vertex 257.55 13.530000000000001 0
      vertex 257.6090863943483 5.438142991395239 0
      vertex 257.55 6.93 0
    endloop
  endfacet
  facet normal 0 0 -1
    outer loop
      vertex 258.55 5.909720616875517 0
      vertex 257.5547468571901 4.970822971834544 0
      vertex 258.55 6.484972966992971 0
    endloop
  endfacet
  facet normal 0 0 -1
    outer loop
      vertex 258.55 6.93 0
      vertex 258.55 6.484972966992971 0
      vertex 257.5547468571901 4.970822971834544 0
    endloop
  endfacet
  facet normal 0 0 -1
    outer loop
      vertex 258.55 13.530000000000001 0
      vertex 258.55 6.93 0
      vertex 257.6090863943483 5.438142991395239 0
    endloop
  endfacet
  facet normal 1 0 0
    outer loop
      vertex 258.55 13.530000000000001 0
      vertex 258.55 6.93 3.1999999999999993
      vertex 258.55 6.93 0
    endloop
  endfacet
  facet normal -1 0 0
    outer loop
      vertex 257.55 4.93 6.099999999999998
      vertex 257.55 6.93 3.1999999999999993
      vertex 257.55 4.93 3.1999999999999993
    endloop
  endfacet
  facet normal -1 0 0
    outer loop
      vertex 257.55 13.530000000000001 6.099999999999998
      vertex 257.55 6.93 0
      vertex 257.55 6.93 3.1999999999999993
    endloop
  endfacet
  facet normal 0 -1 0
    outer loop
      vertex 257.55 4.93 6.099999999999998
      vertex 257.55 4.93 3.1999999999999993
      vertex 258.55 4.93 6.099999999999998
    endloop
  endfacet
  facet normal -1 0 0
    outer loop
      vertex 257.55 4.93 6.099999999999998
      vertex 257.55 13.530000000000001 6.099999999999998
      vertex 257.55 6.93 3.1999999999999993
    endloop
  endfacet
  facet normal 0 0 1
    outer loop
      vertex 257.55 4.93 6.099999999999998
      vertex 258.55 4.93 6.099999999999998
      vertex 257.55 13.530000000000001 6.099999999999998
    endloop
  endfacet
  facet normal 0 -1 0
    outer loop
      vertex 258.55 4.93 6.099999999999998
      vertex 257.55 4.93 3.1999999999999993
      vertex 258.55 4.93 3.1999999999999993
    endloop
  endfacet
  facet normal 1 0 0
    outer loop
      vertex 258.55 4.93 6.099999999999998
      vertex 258.55 4.93 3.1999999999999993
      vertex 258.55 6.93 3.1999999999999993
    endloop
  endfacet
  facet normal 1 0 0
    outer loop
      vertex 258.55 4.93 6.099999999999998
      vertex 258.55 6.93 3.1999999999999993
      vertex 258.55 13.530000000000001 0
    endloop
  endfacet
  facet normal 1 0 0
    outer loop
      vertex 258.55 4.93 6.099999999999998
      vertex 258.55 13.530000000000001 0
      vertex 258.55 9.530000000000001 4.899999999999999
    endloop
  endfacet
  facet normal 1 0 0
    outer loop
      vertex 258.55 4.93 6.099999999999998
      vertex 258.55 9.530000000000001 4.899999999999999
      vertex 258.55 9.530000000000001 6.099999999999998
    endloop
  endfacet
  facet normal 0 0 1
    outer loop
      vertex 258.55 4.93 6.099999999999998
      vertex 258.55 9.530000000000001 6.099999999999998
      vertex 257.55 13.530000000000001 6.099999999999998
    endloop
  endfacet
  facet normal 0 0 -1
    outer loop
      vertex 257.55 13.530000000000001 0
      vertex 258.55 13.530000000000001 0
      vertex 257.6090863943483 5.438142991395239 0
    endloop
  endfacet
  facet normal -1 0 0
    outer loop
      vertex 257.55 13.530000000000001 0
      vertex 257.55 6.93 0
      vertex 257.55 13.530000000000001 6.099999999999998
    endloop
  endfacet
  facet normal 0 1 0
    outer loop
      vertex 257.55 13.530000000000001 0
      vertex 257.55 13.530000000000001 6.099999999999998
      vertex 258.55 13.530000000000001 0
    endloop
  endfacet
  facet normal 1 0 0
    outer loop
      vertex 258.55 13.530000000000001 0
      vertex 258.55 13.530000000000001 4.899999999999999
      vertex 258.55 9.530000000000001 4.899999999999999
    endloop
  endfacet
  facet normal 0 1 0
    outer loop
      vertex 258.55 13.530000000000001 0
      vertex 258.54 13.530000000000001 4.899999999999999
      vertex 258.55 13.530000000000001 4.899999999999999
    endloop
  endfacet
  facet normal 0 1 0
    outer loop
      vertex 258.55 13.530000000000001 0
      vertex 257.55 13.530000000000001 6.099999999999998
      vertex 258.54 13.530000000000001 4.899999999999999
    endloop
  endfacet
  facet normal 0 0 1
    outer loop
      vertex 258.55 9.530000000000001 6.099999999999998
      vertex 258.55 11.530000000000001 6.099999999999998
      vertex 257.55 13.530000000000001 6.099999999999998
    endloop
  endfacet
  facet normal 0 1 0
    outer loop
      vertex 258.54 13.530000000000001 4.899999999999999
      vertex 257.55 13.530000000000001 6.099999999999998
      vertex 258.54 13.530000000000001 6.099999999999998
    endloop
  endfacet
  facet normal 0 0 1
    outer loop
      vertex 258.55 11.530000000000001 6.099999999999998
      vertex 258.54 13.530000000000001 6.099999999999998
      vertex 257.55 13.530000000000001 6.099999999999998
    endloop
  endfacet
  facet normal 0 0 -1
    outer loop
      vertex 269.5963597135609 4.93 0
      vertex 269.4936979876033 5.305802693388596 0
      vertex 269.82721216285734 4.93 0
    endloop
  endfacet
  facet normal 0 0 -1
    outer loop
      vertex 269.82721216285734 4.93 0
      vertex 269.4936979876033 5.305802693388596 0
      vertex 270.45 6.93 0
    endloop
  endfacet
  facet normal 0 0 -1
    outer loop
      vertex 270.45 6.93 0
      vertex 269.4936979876033 5.305802693388596 0
      vertex 269.53687496413414 5.677124691553537 0
    endloop
  endfacet
  facet normal 0 0 -1
    outer loop
      vertex 270.45 13.530000000000001 0
      vertex 269.53687496413414 5.677124691553537 0
      vertex 269.45 6.93 0
    endloop
  endfacet
  facet normal -1 0 0
    outer loop
      vertex 269.45 9.530000000000001 4.899999999999999
      vertex 269.45 6.93 0
      vertex 269.45 6.93 3.1999999999999993
    endloop
  endfacet
  facet normal 0 0 -1
    outer loop
      vertex 270.45 13.530000000000001 0
      vertex 270.45 6.93 0
      vertex 269.53687496413414 5.677124691553537 0
    endloop
  endfacet
  facet normal 1 0 0
    outer loop
      vertex 270.45 13.530000000000001 0
      vertex 270.45 6.93 3.1999999999999993
      vertex 270.45 6.93 0
    endloop
  endfacet
  facet normal -1 0 0
    outer loop
      vertex 269.45 4.93 6.099999999999998
      vertex 269.45 6.93 3.1999999999999993
      vertex 269.45 4.93 3.1999999999999993
    endloop
  endfacet
  facet normal 0 -1 0
    outer loop
      vertex 269.45 4.93 6.099999999999998
      vertex 269.45 4.93 3.1999999999999993
      vertex 270.45 4.93 6.099999999999998
    endloop
  endfacet
  facet normal 0 0 1
    outer loop
      vertex 269.45 4.93 6.099999999999998
      vertex 270.45 4.93 6.099999999999998
      vertex 269.45 9.530000000000001 6.099999999999998
    endloop
  endfacet
  facet normal -1 0 0
    outer loop
      vertex 269.45 4.93 6.099999999999998
      vertex 269.45 9.530000000000001 4.899999999999999
      vertex 269.45 6.93 3.1999999999999993
    endloop
  endfacet
  facet normal -1 0 0
    outer loop
      vertex 269.45 4.93 6.099999999999998
      vertex 269.45 9.530000000000001 6.099999999999998
      vertex 269.45 9.530000000000001 4.899999999999999
    endloop
  endfacet
  facet normal 0 0 1
    outer loop
      vertex 270.45 4.93 6.099999999999998
      vertex 269.46 13.444000000000079 6.099999999999998
      vertex 269.45 9.530000000000001 6.099999999999998
    endloop
  endfacet
  facet normal 0 -1 0
    outer loop
      vertex 270.45 4.93 6.099999999999998
      vertex 269.45 4.93 3.1999999999999993
      vertex 270.45 4.93 3.1999999999999993
    endloop
  endfacet
  facet normal 1 0 0
    outer loop
      vertex 270.45 4.93 6.099999999999998
      vertex 270.45 4.93 3.1999999999999993
      vertex 270.45 6.93 3.1999999999999993
    endloop
  endfacet
  facet normal 1 0 0
    outer loop
      vertex 270.45 4.93 6.099999999999998
      vertex 270.45 6.93 3.1999999999999993
      vertex 270.45 13.530000000000001 0
    endloop
  endfacet
  facet normal 0 0 -1
    outer loop
      vertex 269.45 13.530000000000001 0
      vertex 270.45 13.530000000000001 0
      vertex 269.45 6.93 0
    endloop
  endfacet
  facet normal -1 0 0
    outer loop
      vertex 269.45 13.530000000000001 0
      vertex 269.45 6.93 0
      vertex 269.45 9.530000000000001 4.899999999999999
    endloop
  endfacet
  facet normal 0 1 0
    outer loop
      vertex 269.45 13.530000000000001 0
      vertex 269.45 13.530000000000001 4.899999999999999
      vertex 270.45 13.530000000000001 0
    endloop
  endfacet
  facet normal -1 0 0
    outer loop
      vertex 269.45 13.530000000000001 0
      vertex 269.45 9.530000000000001 4.899999999999999
      vertex 269.45 13.530000000000001 4.899999999999999
    endloop
  endfacet
  facet normal 0 1 0
    outer loop
      vertex 270.45 13.530000000000001 0
      vertex 269.45 13.530000000000001 4.899999999999999
      vertex 269.45 13.530000000000001 6.099999999999998
    endloop
  endfacet
  facet normal 0 0 1
    outer loop
      vertex 269.46 13.444000000000079 6.099999999999998
      vertex 270.45 13.530000000000001 6.099999999999998
      vertex 269.45 13.530000000000001 6.099999999999998
    endloop
  endfacet
  facet normal 1 0 0
    outer loop
      vertex 270.45 4.93 6.099999999999998
      vertex 270.45 13.530000000000001 0
      vertex 270.45 13.530000000000001 6.099999999999998
    endloop
  endfacet
  facet normal 0 1 0
    outer loop
      vertex 270.45 13.530000000000001 0
      vertex 269.45 13.530000000000001 6.099999999999998
      vertex 270.45 13.530000000000001 6.099999999999998
    endloop
  endfacet
  facet normal 0 0 1
    outer loop
      vertex 270.45 4.93 6.099999999999998
      vertex 270.45 13.530000000000001 6.099999999999998
      vertex 269.46 13.444000000000079 6.099999999999998
    endloop
  endfacet
endsolid OpenSCAD_Model
